"符号","文件路径","行号","类别","快照日期"
"hd_dc_abduct_base_probability_value","common/script_values/hd_dc_scheme_initiation_values.txt","4","文本匹配的顶层定义","2026-09-13"
"hd_dc_abduct_initiation_probability_value","common/script_values/hd_dc_scheme_initiation_values.txt","92","文本匹配的顶层定义","2026-09-13"
"hd_dc_abort_unstarted_instance_effect","common/scripted_effects/hd_dc_record_effects.txt","187","文本匹配的顶层定义","2026-09-13"
"hd_dc_accept_claimant_demand_effect","common/scripted_effects/hd_dc_royal_pause_effects.txt","174","文本匹配的顶层定义","2026-09-13"
"hd_dc_accept_proposal_effect","common/scripted_effects/hd_dc_proposal_effects.txt","70","文本匹配的顶层定义","2026-09-13"
"hd_dc_accept_royal_support_offer_effect","common/scripted_effects/hd_dc_royal_offer_effects.txt","45","文本匹配的顶层定义","2026-09-13"
"hd_dc_add_unity_effect","common/scripted_effects/hd_dc_unity_effects.txt","6","文本匹配的顶层定义","2026-09-13"
"hd_dc_all_core_wars_resolved_trigger","common/scripted_triggers/hd_dc_war_triggers.txt","4","文本匹配的顶层定义","2026-09-13"
"hd_dc_answer_party_policy_inquiry_effect","common/scripted_effects/hd_dc_party_case_effects.txt","69","文本匹配的顶层定义","2026-09-13"
"hd_dc_answer_royal_invitation_effect","common/scripted_effects/hd_dc_royal_event_effects.txt","327","文本匹配的顶层定义","2026-09-13"
"hd_dc_answer_royal_protection_effect","common/scripted_effects/hd_dc_royal_protection_effects.txt","17","文本匹配的顶层定义","2026-09-13"
"hd_dc_apply_character_pressure_effect","common/scripted_effects/hd_dc_pressure_effects.txt","41","文本匹配的顶层定义","2026-09-13"
"hd_dc_apply_county_pressure_effect","common/scripted_effects/hd_dc_pressure_effects.txt","74","文本匹配的顶层定义","2026-09-13"
"hd_dc_apply_par01_command_response_effect","common/scripted_effects/hd_dc_party_event_effects.txt","20","文本匹配的顶层定义","2026-09-13"
"hd_dc_apply_pressure_sources_effect","common/scripted_effects/hd_dc_pressure_effects.txt","147","文本匹配的顶层定义","2026-09-13"
"hd_dc_archive_point_change_effect","common/scripted_effects/hd_dc_point_effects.txt","55","文本匹配的顶层定义","2026-09-13"
"hd_dc_audit_royal_governance_effect","common/scripted_effects/hd_dc_royal_resolution_effects.txt","78","文本匹配的顶层定义","2026-09-13"
"hd_dc_automatic_escalation_allowed_trigger","common/scripted_triggers/hd_dc_war_triggers.txt","21","文本匹配的顶层定义","2026-09-13"
"hd_dc_begin_par01_trial_effect","common/scripted_effects/hd_dc_policy_effects.txt","35","文本匹配的顶层定义","2026-09-13"
"hd_dc_begin_protection_positive_execution_effect","common/scripted_effects/hd_dc_royal_protection_effects.txt","114","文本匹配的顶层定义","2026-09-13"
"hd_dc_begin_protection_positive_imprisonment_effect","common/scripted_effects/hd_dc_royal_protection_effects.txt","89","文本匹配的顶层定义","2026-09-13"
"hd_dc_begin_protection_reason_effect","common/scripted_effects/hd_dc_royal_protection_effects.txt","82","文本匹配的顶层定义","2026-09-13"
"hd_dc_begin_theft_phase_effect","common/scripted_effects/hd_dc_theft_effects.txt","4","文本匹配的顶层定义","2026-09-13"
"hd_dc_bind_core_war_effect","common/scripted_effects/hd_dc_war_effects.txt","6","文本匹配的顶层定义","2026-09-13"
"hd_dc_bind_party_leader_effect","common/scripted_effects/hd_dc_party_effects.txt","55","文本匹配的顶层定义","2026-09-13"
"hd_dc_blackmail_base_probability_value","common/script_values/hd_dc_scheme_initiation_values.txt","57","文本匹配的顶层定义","2026-09-13"
"hd_dc_blackmail_unity_add_value","common/script_values/hd_dc_scheme_initiation_values.txt","23","文本匹配的顶层定义","2026-09-13"
"hd_dc_boot_party_effect","common/scripted_effects/hd_dc_party_effects.txt","3","文本匹配的顶层定义","2026-09-13"
"hd_dc_boot_party_policy_case_effect","common/scripted_effects/hd_dc_party_case_effects.txt","135","文本匹配的顶层定义","2026-09-13"
"hd_dc_boot_royal_actor_effect","common/scripted_effects/hd_dc_royal_effects.txt","46","文本匹配的顶层定义","2026-09-13"
"hd_dc_boot_royal_effect","common/scripted_effects/hd_dc_royal_effects.txt","3","文本匹配的顶层定义","2026-09-13"
"hd_dc_can_enter_chaos_trigger","common/scripted_triggers/hd_dc_era_triggers.txt","47","文本匹配的顶层定义","2026-09-13"
"hd_dc_can_leave_chaos_trigger","common/scripted_triggers/hd_dc_era_triggers.txt","64","文本匹配的顶层定义","2026-09-13"
"hd_dc_can_pause_royal_support_trigger","common/scripted_triggers/hd_dc_royal_pause_triggers.txt","12","文本匹配的顶层定义","2026-09-13"
"hd_dc_can_raid_in_chaos_trigger","common/scripted_triggers/hd_dc_mechanism_triggers.txt","10","文本匹配的顶层定义","2026-09-13"
"hd_dc_can_receive_mandate_reward_trigger","common/scripted_triggers/hd_dc_era_triggers.txt","75","文本匹配的顶层定义","2026-09-13"
"hd_dc_cancel_ordinary_delivery_effect","common/scripted_effects/hd_dc_ordinary_effects.txt","217","文本匹配的顶层定义","2026-09-13"
"hd_dc_cancel_royal_invitation_delivery_effect","common/scripted_effects/hd_dc_royal_event_effects.txt","256","文本匹配的顶层定义","2026-09-13"
"hd_dc_capture_protection_capital_revocation_effect","common/scripted_effects/hd_dc_royal_protection_effects.txt","194","文本匹配的顶层定义","2026-09-13"
"hd_dc_capture_protection_direct_title_revocation_effect","common/scripted_effects/hd_dc_royal_protection_effects.txt","198","文本匹配的顶层定义","2026-09-13"
"hd_dc_capture_protection_purge_reason_effect","common/scripted_effects/hd_dc_royal_protection_effects.txt","155","文本匹配的顶层定义","2026-09-13"
"hd_dc_capture_protection_reason_effect","common/scripted_effects/hd_dc_royal_protection_effects.txt","124","文本匹配的顶层定义","2026-09-13"
"hd_dc_capture_protection_revocation_effect","common/scripted_effects/hd_dc_royal_protection_effects.txt","169","文本匹配的顶层定义","2026-09-13"
"hd_dc_capture_royal_final_war_roster_effect","common/scripted_effects/hd_dc_war_effects.txt","174","文本匹配的顶层定义","2026-09-13"
"hd_dc_catalyst_effect","common/scripted_effects/hd_dc_catalyst_effects.txt","3","文本匹配的顶层定义","2026-09-13"
"hd_dc_catalyst_row_effect","common/scripted_effects/hd_dc_catalyst_effects.txt","15","文本匹配的顶层定义","2026-09-13"
"hd_dc_catalyst_with_actor_effect","common/scripted_effects/hd_dc_catalyst_effects.txt","7","文本匹配的顶层定义","2026-09-13"
"hd_dc_ceremonial_claimant_demand_base_value","common/script_values/hd_dc_faction_values.txt","67","文本匹配的顶层定义","2026-09-13"
"hd_dc_ceremonial_liberty_demand_base_value","common/script_values/hd_dc_faction_values.txt","30","文本匹配的顶层定义","2026-09-13"
"hd_dc_change_points_effect","common/scripted_effects/hd_dc_point_effects.txt","4","文本匹配的顶层定义","2026-09-13"
"hd_dc_check_extra_faction_year_effect","common/scripted_effects/hd_dc_faction_pulse_effects.txt","3","文本匹配的顶层定义","2026-09-13"
"hd_dc_claimant_demand_base_value","common/script_values/hd_dc_faction_values.txt","48","文本匹配的顶层定义","2026-09-13"
"hd_dc_claimant_mobilization_paused_trigger","common/scripted_triggers/hd_dc_royal_pause_triggers.txt","2","文本匹配的顶层定义","2026-09-13"
"hd_dc_clear_era_timers_effect","common/scripted_effects/hd_dc_era_effects.txt","46","文本匹配的顶层定义","2026-09-13"
"hd_dc_clear_protection_reason_effect","common/scripted_effects/hd_dc_royal_protection_effects.txt","73","文本匹配的顶层定义","2026-09-13"
"hd_dc_clear_title_protection_reason_effect","common/scripted_effects/hd_dc_royal_protection_effects.txt","234","文本匹配的顶层定义","2026-09-13"
"hd_dc_close_ordinary_effect","common/scripted_effects/hd_dc_ordinary_effects.txt","202","文本匹配的顶层定义","2026-09-13"
"hd_dc_close_royal_invitation_effect","common/scripted_effects/hd_dc_royal_event_effects.txt","338","文本匹配的顶层定义","2026-09-13"
"hd_dc_com.0004","events/hd_dc_common_events.txt","4","文本匹配的顶层定义","2026-09-13"
"hd_dc_com.0004.a","localization/simp_chinese/hd_dc_common_l_simp_chinese.yml","4","中文键","2026-09-13"
"hd_dc_com.0004.a.tt","localization/simp_chinese/hd_dc_common_l_simp_chinese.yml","5","中文键","2026-09-13"
"hd_dc_com.0004.b","localization/simp_chinese/hd_dc_common_l_simp_chinese.yml","6","中文键","2026-09-13"
"hd_dc_com.0004.b.tt","localization/simp_chinese/hd_dc_common_l_simp_chinese.yml","7","中文键","2026-09-13"
"hd_dc_com.0004.c","localization/simp_chinese/hd_dc_common_l_simp_chinese.yml","8","中文键","2026-09-13"
"hd_dc_com.0004.desc","localization/simp_chinese/hd_dc_common_l_simp_chinese.yml","3","中文键","2026-09-13"
"hd_dc_com.0004.t","localization/simp_chinese/hd_dc_common_l_simp_chinese.yml","2","中文键","2026-09-13"
"hd_dc_commit_governance_effect","common/scripted_effects/hd_dc_governance_effects.txt","65","文本匹配的顶层定义","2026-09-13"
"hd_dc_commit_instance_boot_effect","common/scripted_effects/hd_dc_record_effects.txt","156","文本匹配的顶层定义","2026-09-13"
"hd_dc_commit_point_receipt_effect","common/scripted_effects/hd_dc_point_effects.txt","89","文本匹配的顶层定义","2026-09-13"
"hd_dc_commit_theft_withdrawal_effect","common/scripted_effects/hd_dc_theft_effects.txt","81","文本匹配的顶层定义","2026-09-13"
"hd_dc_consume_ord09_proposal_effect","common/scripted_effects/hd_dc_ransom_effects.txt","79","文本匹配的顶层定义","2026-09-13"
"hd_dc_consume_par01_policy_offer_effect","common/scripted_effects/hd_dc_policy_offer_effects.txt","34","文本匹配的顶层定义","2026-09-13"
"hd_dc_consume_protection_harm_effect","common/scripted_effects/hd_dc_royal_protection_effects.txt","332","文本匹配的顶层定义","2026-09-13"
"hd_dc_consume_roy01_mediation_effect","common/scripted_effects/hd_dc_royal_mediation_effects.txt","37","文本匹配的顶层定义","2026-09-13"
"hd_dc_consume_roy01_proposal_effect","common/scripted_effects/hd_dc_royal_event_effects.txt","127","文本匹配的顶层定义","2026-09-13"
"hd_dc_control_loss_due_value","common/script_values/hd_dc_pressure_values.txt","25","文本匹配的顶层定义","2026-09-13"
"hd_dc_control_loss_target_value","common/script_values/hd_dc_pressure_values.txt","12","文本匹配的顶层定义","2026-09-13"
"hd_dc_control_numerator_value","common/script_values/hd_dc_parameters.txt","18","文本匹配的顶层定义","2026-09-13"
"hd_dc_control_percent_value","common/script_values/hd_dc_parameters.txt","30","文本匹配的顶层定义","2026-09-13"
"hd_dc_count_governor_trait_candidate_effect","common/scripted_effects/hd_dc_governor_trait_effects.txt","3","文本匹配的顶层定义","2026-09-13"
"hd_dc_counter_proposal_effect","common/scripted_effects/hd_dc_proposal_effects.txt","98","文本匹配的顶层定义","2026-09-13"
"hd_dc_counter_terms_opinion","common/opinion_modifiers/hd_dc_opinions.txt","2","文本匹配的顶层定义","2026-09-13"
"hd_dc_counter_terms_opinion","localization/simp_chinese/hd_dc_common_l_simp_chinese.yml","10","中文键","2026-09-13"
"hd_dc_create_actor_record_effect","common/scripted_effects/hd_dc_record_effects.txt","210","文本匹配的顶层定义","2026-09-13"
"hd_dc_create_extra_character_faction_effect","common/scripted_effects/hd_dc_faction_pulse_effects.txt","53","文本匹配的顶层定义","2026-09-13"
"hd_dc_create_extra_claimant_effect","common/scripted_effects/hd_dc_faction_pulse_claimant_effects.txt","65","文本匹配的顶层定义","2026-09-13"
"hd_dc_create_extra_county_faction_effect","common/scripted_effects/hd_dc_faction_pulse_effects.txt","68","文本匹配的顶层定义","2026-09-13"
"hd_dc_create_par01_local_offer_effect","common/scripted_effects/hd_dc_policy_offer_effects.txt","65","文本匹配的顶层定义","2026-09-13"
"hd_dc_create_proposal_effect","common/scripted_effects/hd_dc_proposal_effects.txt","5","文本匹配的顶层定义","2026-09-13"
"hd_dc_create_record_effect","common/scripted_effects/hd_dc_record_effects.txt","77","文本匹配的顶层定义","2026-09-13"
"hd_dc_credit_payment_governance_effect","common/scripted_effects/hd_dc_payment_effects.txt","73","文本匹配的顶层定义","2026-09-13"
"hd_dc_debug_adultery_unfaithful_trigger","common/scripted_triggers/hd_dc_debug_native_relation_triggers.txt","3","文本匹配的顶层定义","2026-09-13"
"hd_dc_debug_adultery_valid_partner_trigger","common/scripted_triggers/hd_dc_debug_native_relation_triggers.txt","34","文本匹配的顶层定义","2026-09-13"
"hd_dc_debug_change_points_effect","common/scripted_effects/hd_dc_debug_effects.txt","2","文本匹配的顶层定义","2026-09-13"
"hd_dc_debug_crisis_slot_trigger","common/scripted_triggers/hd_dc_debug_triggers.txt","33","文本匹配的顶层定义","2026-09-13"
"hd_dc_debug_decision","common/decisions/hd_dc_debug_decisions.txt","1","文本匹配的顶层定义","2026-09-13"
"hd_dc_debug_decision","localization/simp_chinese/hd_dc_debug_l_simp_chinese.yml","2","中文键","2026-09-13"
"hd_dc_debug_decision_confirm","localization/simp_chinese/hd_dc_debug_l_simp_chinese.yml","5","中文键","2026-09-13"
"hd_dc_debug_decision_desc","localization/simp_chinese/hd_dc_debug_l_simp_chinese.yml","3","中文键","2026-09-13"
"hd_dc_debug_decision_tooltip","localization/simp_chinese/hd_dc_debug_l_simp_chinese.yml","4","中文键","2026-09-13"
"hd_dc_debug_epidemic_apocalyptic","localization/simp_chinese/hd_dc_debug_inspection_l_simp_chinese.yml","33","中文键","2026-09-13"
"hd_dc_debug_epidemic_bubonic_plague","localization/simp_chinese/hd_dc_debug_inspection_l_simp_chinese.yml","25","中文键","2026-09-13"
"hd_dc_debug_epidemic_consumption","localization/simp_chinese/hd_dc_debug_inspection_l_simp_chinese.yml","27","中文键","2026-09-13"
"hd_dc_debug_epidemic_county_trigger","common/scripted_triggers/hd_dc_debug_triggers.txt","72","文本匹配的顶层定义","2026-09-13"
"hd_dc_debug_epidemic_dysentery","localization/simp_chinese/hd_dc_debug_inspection_l_simp_chinese.yml","29","中文键","2026-09-13"
"hd_dc_debug_epidemic_ergotism","localization/simp_chinese/hd_dc_debug_inspection_l_simp_chinese.yml","30","中文键","2026-09-13"
"hd_dc_debug_epidemic_intensity_trigger","common/scripted_triggers/hd_dc_debug_triggers.txt","84","文本匹配的顶层定义","2026-09-13"
"hd_dc_debug_epidemic_major","localization/simp_chinese/hd_dc_debug_inspection_l_simp_chinese.yml","32","中文键","2026-09-13"
"hd_dc_debug_epidemic_measles","localization/simp_chinese/hd_dc_debug_inspection_l_simp_chinese.yml","28","中文键","2026-09-13"
"hd_dc_debug_epidemic_minor","localization/simp_chinese/hd_dc_debug_inspection_l_simp_chinese.yml","31","中文键","2026-09-13"
"hd_dc_debug_epidemic_smallpox","localization/simp_chinese/hd_dc_debug_inspection_l_simp_chinese.yml","24","中文键","2026-09-13"
"hd_dc_debug_epidemic_typhus","localization/simp_chinese/hd_dc_debug_inspection_l_simp_chinese.yml","26","中文键","2026-09-13"
"hd_dc_debug_family_scene_trigger","common/scripted_triggers/hd_dc_debug_triggers.txt","9","文本匹配的顶层定义","2026-09-13"
"hd_dc_debug_friend_reason","localization/simp_chinese/hd_dc_debug_inspection_l_simp_chinese.yml","168","中文键","2026-09-13"
"hd_dc_debug_manual_entry_trigger","common/scripted_triggers/hd_dc_debug_triggers.txt","3","文本匹配的顶层定义","2026-09-13"
"hd_dc_debug_neg01_desc","localization/simp_chinese/hd_dc_debug_inspection_l_simp_chinese.yml","4","中文键","2026-09-13"
"hd_dc_debug_neg02_desc","localization/simp_chinese/hd_dc_debug_inspection_l_simp_chinese.yml","5","中文键","2026-09-13"
"hd_dc_debug_neg03_desc","localization/simp_chinese/hd_dc_debug_inspection_l_simp_chinese.yml","6","中文键","2026-09-13"
"hd_dc_debug_neg04_desc","localization/simp_chinese/hd_dc_debug_inspection_l_simp_chinese.yml","7","中文键","2026-09-13"
"hd_dc_debug_neg05_desc","localization/simp_chinese/hd_dc_debug_inspection_l_simp_chinese.yml","8","中文键","2026-09-13"
"hd_dc_debug_neg06_desc","localization/simp_chinese/hd_dc_debug_inspection_l_simp_chinese.yml","9","中文键","2026-09-13"
"hd_dc_debug_neg07_desc","localization/simp_chinese/hd_dc_debug_inspection_l_simp_chinese.yml","10","中文键","2026-09-13"
"hd_dc_debug_neg08_desc","localization/simp_chinese/hd_dc_debug_inspection_l_simp_chinese.yml","11","中文键","2026-09-13"
"hd_dc_debug_neg09_desc","localization/simp_chinese/hd_dc_debug_inspection_l_simp_chinese.yml","12","中文键","2026-09-13"
"hd_dc_debug_neg10_desc","localization/simp_chinese/hd_dc_debug_inspection_l_simp_chinese.yml","13","中文键","2026-09-13"
"hd_dc_debug_neg11_desc","localization/simp_chinese/hd_dc_debug_inspection_l_simp_chinese.yml","14","中文键","2026-09-13"
"hd_dc_debug_neg12_desc","localization/simp_chinese/hd_dc_debug_inspection_l_simp_chinese.yml","15","中文键","2026-09-13"
"hd_dc_debug_neg13_desc","localization/simp_chinese/hd_dc_debug_inspection_l_simp_chinese.yml","16","中文键","2026-09-13"
"hd_dc_debug_neg14_desc","localization/simp_chinese/hd_dc_debug_inspection_l_simp_chinese.yml","17","中文键","2026-09-13"
"hd_dc_debug_neg15_desc","localization/simp_chinese/hd_dc_debug_inspection_l_simp_chinese.yml","18","中文键","2026-09-13"
"hd_dc_debug_neg16_desc","localization/simp_chinese/hd_dc_debug_inspection_l_simp_chinese.yml","19","中文键","2026-09-13"
"hd_dc_debug_neg17_desc","localization/simp_chinese/hd_dc_debug_inspection_l_simp_chinese.yml","20","中文键","2026-09-13"
"hd_dc_debug_neg18_desc","localization/simp_chinese/hd_dc_debug_inspection_l_simp_chinese.yml","21","中文键","2026-09-13"
"hd_dc_debug_neg19_desc","localization/simp_chinese/hd_dc_debug_inspection_l_simp_chinese.yml","22","中文键","2026-09-13"
"hd_dc_debug_neg20_desc","localization/simp_chinese/hd_dc_debug_inspection_l_simp_chinese.yml","23","中文键","2026-09-13"
"hd_dc_debug_par_entry_trigger","common/scripted_triggers/hd_dc_debug_triggers.txt","49","文本匹配的顶层定义","2026-09-13"
"hd_dc_debug_par_scene_trigger","common/scripted_triggers/hd_dc_debug_triggers.txt","60","文本匹配的顶层定义","2026-09-13"
"hd_dc_debug_party_grievance_opinion","common/opinion_modifiers/hd_dc_debug_opinions.txt","3","文本匹配的顶层定义","2026-09-13"
"hd_dc_debug_party_grievance_opinion","localization/simp_chinese/hd_dc_debug_inspection_l_simp_chinese.yml","165","中文键","2026-09-13"
"hd_dc_debug_policy_training","common/modifiers/hd_dc_debug_modifiers.txt","1","文本匹配的顶层定义","2026-09-13"
"hd_dc_debug_policy_training","localization/simp_chinese/hd_dc_debug_inspection_l_simp_chinese.yml","166","中文键","2026-09-13"
"hd_dc_debug_prepare_ord09_effect","common/scripted_effects/hd_dc_debug_scene_effects.txt","21","文本匹配的顶层定义","2026-09-13"
"hd_dc_debug_prepare_ord13_effect","common/scripted_effects/hd_dc_debug_scene_effects.txt","52","文本匹配的顶层定义","2026-09-13"
"hd_dc_debug_prepare_ord19_effect","common/scripted_effects/hd_dc_debug_effects.txt","20","文本匹配的顶层定义","2026-09-13"
"hd_dc_debug_prepare_par_effect","common/scripted_effects/hd_dc_debug_scene_effects.txt","80","文本匹配的顶层定义","2026-09-13"
"hd_dc_debug_prepare_roy_effect","common/scripted_effects/hd_dc_debug_scene_effects.txt","115","文本匹配的顶层定义","2026-09-13"
"hd_dc_debug_prepare_support_effect","common/scripted_effects/hd_dc_debug_scene_effects.txt","136","文本匹配的顶层定义","2026-09-13"
"hd_dc_debug_request_support_effect","common/scripted_effects/hd_dc_debug_effects.txt","90","文本匹配的顶层定义","2026-09-13"
"hd_dc_debug_rival_reason","localization/simp_chinese/hd_dc_debug_l_simp_chinese.yml","17","中文键","2026-09-13"
"hd_dc_debug_rival_scene_trigger","common/scripted_triggers/hd_dc_debug_triggers.txt","22","文本匹配的顶层定义","2026-09-13"
"hd_dc_debug_roy_entry_trigger","common/scripted_triggers/hd_dc_debug_triggers.txt","40","文本匹配的顶层定义","2026-09-13"
"hd_dc_debug_roy_grievance_opinion","common/opinion_modifiers/hd_dc_debug_opinions.txt","2","文本匹配的顶层定义","2026-09-13"
"hd_dc_debug_roy_grievance_opinion","localization/simp_chinese/hd_dc_debug_inspection_l_simp_chinese.yml","169","中文键","2026-09-13"
"hd_dc_debug_roy_potential_trigger","common/scripted_triggers/hd_dc_debug_triggers.txt","137","文本匹配的顶层定义","2026-09-13"
"hd_dc_debug_select_epidemic_effect","common/scripted_effects/hd_dc_debug_scene_effects.txt","4","文本匹配的顶层定义","2026-09-13"
"hd_dc_debug_selected_epidemic_county_trigger","common/scripted_triggers/hd_dc_debug_triggers.txt","126","文本匹配的顶层定义","2026-09-13"
"hd_dc_debug_set_points_effect","common/scripted_effects/hd_dc_debug_effects.txt","106","文本匹配的顶层定义","2026-09-13"
"hd_dc_debug_spawn_selected_epidemic_effect","common/scripted_effects/hd_dc_debug_scene_effects.txt","10","文本匹配的顶层定义","2026-09-13"
"hd_dc_debug_start_par_effect","common/scripted_effects/hd_dc_debug_effects.txt","77","文本匹配的顶层定义","2026-09-13"
"hd_dc_debug_start_roy_effect","common/scripted_effects/hd_dc_debug_effects.txt","64","文本匹配的顶层定义","2026-09-13"
"hd_dc_debug_support_sender_trigger","common/scripted_triggers/hd_dc_debug_triggers.txt","146","文本匹配的顶层定义","2026-09-13"
"hd_dc_debug_trust_opinion","common/opinion_modifiers/hd_dc_debug_opinions.txt","1","文本匹配的顶层定义","2026-09-13"
"hd_dc_debug_trust_opinion","localization/simp_chinese/hd_dc_debug_l_simp_chinese.yml","16","中文键","2026-09-13"
"hd_dc_debug_yearly_1010_abductee_trigger","common/scripted_triggers/hd_dc_debug_native_relation_triggers.txt","39","文本匹配的顶层定义","2026-09-13"
"hd_dc_debug_yearly_1010_abductor_trigger","common/scripted_triggers/hd_dc_debug_native_relation_triggers.txt","54","文本匹配的顶层定义","2026-09-13"
"hd_dc_debug.0001","events/hd_dc_debug_events.txt","3","文本匹配的顶层定义","2026-09-13"
"hd_dc_debug.0001.desc","localization/simp_chinese/hd_dc_debug_l_simp_chinese.yml","7","中文键","2026-09-13"
"hd_dc_debug.0001.t","localization/simp_chinese/hd_dc_debug_l_simp_chinese.yml","6","中文键","2026-09-13"
"hd_dc_debug.0002","events/hd_dc_debug_events.txt","95","文本匹配的顶层定义","2026-09-13"
"hd_dc_debug.0002.ready","localization/simp_chinese/hd_dc_debug_l_simp_chinese.yml","23","中文键","2026-09-13"
"hd_dc_debug.0002.t","localization/simp_chinese/hd_dc_debug_l_simp_chinese.yml","22","中文键","2026-09-13"
"hd_dc_debug.0002.waiting","localization/simp_chinese/hd_dc_debug_l_simp_chinese.yml","24","中文键","2026-09-13"
"hd_dc_debug.0003","events/hd_dc_debug_inspection_events.txt","3","文本匹配的顶层定义","2026-09-13"
"hd_dc_debug.0010","events/hd_dc_debug_events.txt","122","文本匹配的顶层定义","2026-09-13"
"hd_dc_debug.0011","events/hd_dc_debug_events.txt","141","文本匹配的顶层定义","2026-09-13"
"hd_dc_debug.0020","events/hd_dc_debug_events.txt","160","文本匹配的顶层定义","2026-09-13"
"hd_dc_debug.0020.desc","localization/simp_chinese/hd_dc_debug_l_simp_chinese.yml","36","中文键","2026-09-13"
"hd_dc_debug.0030","events/hd_dc_debug_events.txt","19","文本匹配的顶层定义","2026-09-13"
"hd_dc_debug.0030.desc","localization/simp_chinese/hd_dc_debug_l_simp_chinese.yml","13","中文键","2026-09-13"
"hd_dc_debug.0040","events/hd_dc_debug_impact_events.txt","3","文本匹配的顶层定义","2026-09-13"
"hd_dc_debug.0041","events/hd_dc_debug_impact_events.txt","14","文本匹配的顶层定义","2026-09-13"
"hd_dc_debug.0042","events/hd_dc_debug_impact_events.txt","25","文本匹配的顶层定义","2026-09-13"
"hd_dc_debug.0043","events/hd_dc_debug_impact_events.txt","36","文本匹配的顶层定义","2026-09-13"
"hd_dc_debug.0049","events/hd_dc_debug_impact_events.txt","48","文本匹配的顶层定义","2026-09-13"
"hd_dc_debug.0050","events/hd_dc_debug_inspection_events.txt","29","文本匹配的顶层定义","2026-09-13"
"hd_dc_debug.0051","events/hd_dc_debug_inspection_events.txt","76","文本匹配的顶层定义","2026-09-13"
"hd_dc_debug.0060","events/hd_dc_debug_impact_events.txt","443","文本匹配的顶层定义","2026-09-13"
"hd_dc_debug.0070","events/hd_dc_debug_impact_events.txt","107","文本匹配的顶层定义","2026-09-13"
"hd_dc_debug.0071","events/hd_dc_debug_impact_events.txt","170","文本匹配的顶层定义","2026-09-13"
"hd_dc_debug.0072","events/hd_dc_debug_impact_events.txt","176","文本匹配的顶层定义","2026-09-13"
"hd_dc_debug.0073","events/hd_dc_debug_impact_events.txt","189","文本匹配的顶层定义","2026-09-13"
"hd_dc_debug.0074","events/hd_dc_debug_impact_events.txt","261","文本匹配的顶层定义","2026-09-13"
"hd_dc_debug.0075","events/hd_dc_debug_impact_events.txt","298","文本匹配的顶层定义","2026-09-13"
"hd_dc_debug.0076","events/hd_dc_debug_impact_events.txt","311","文本匹配的顶层定义","2026-09-13"
"hd_dc_debug.0077","events/hd_dc_debug_impact_events.txt","350","文本匹配的顶层定义","2026-09-13"
"hd_dc_debug.0078","events/hd_dc_debug_impact_events.txt","375","文本匹配的顶层定义","2026-09-13"
"hd_dc_debug.0080","events/hd_dc_debug_impact_events.txt","203","文本匹配的顶层定义","2026-09-13"
"hd_dc_debug.0081","events/hd_dc_debug_impact_events.txt","216","文本匹配的顶层定义","2026-09-13"
"hd_dc_debug.0082","events/hd_dc_debug_impact_events.txt","225","文本匹配的顶层定义","2026-09-13"
"hd_dc_debug.back","localization/simp_chinese/hd_dc_debug_l_simp_chinese.yml","19","中文键","2026-09-13"
"hd_dc_debug.close","localization/simp_chinese/hd_dc_debug_l_simp_chinese.yml","18","中文键","2026-09-13"
"hd_dc_debug.counties","localization/simp_chinese/hd_dc_debug_inspection_l_simp_chinese.yml","277","中文键","2026-09-13"
"hd_dc_debug.counties.desc","localization/simp_chinese/hd_dc_debug_inspection_l_simp_chinese.yml","278","中文键","2026-09-13"
"hd_dc_debug.counties.loss","localization/simp_chinese/hd_dc_debug_inspection_l_simp_chinese.yml","279","中文键","2026-09-13"
"hd_dc_debug.counties.policy","localization/simp_chinese/hd_dc_debug_inspection_l_simp_chinese.yml","281","中文键","2026-09-13"
"hd_dc_debug.counties.recovery","localization/simp_chinese/hd_dc_debug_inspection_l_simp_chinese.yml","280","中文键","2026-09-13"
"hd_dc_debug.details","localization/simp_chinese/hd_dc_debug_inspection_l_simp_chinese.yml","182","中文键","2026-09-13"
"hd_dc_debug.details.desc","localization/simp_chinese/hd_dc_debug_inspection_l_simp_chinese.yml","213","中文键","2026-09-13"
"hd_dc_debug.disaster_scene","localization/simp_chinese/hd_dc_debug_inspection_l_simp_chinese.yml","97","中文键","2026-09-13"
"hd_dc_debug.disaster_scene.created","localization/simp_chinese/hd_dc_debug_inspection_l_simp_chinese.yml","105","中文键","2026-09-13"
"hd_dc_debug.disaster_scene.desc","localization/simp_chinese/hd_dc_debug_inspection_l_simp_chinese.yml","98","中文键","2026-09-13"
"hd_dc_debug.disaster_scene.earthquake","localization/simp_chinese/hd_dc_debug_inspection_l_simp_chinese.yml","103","中文键","2026-09-13"
"hd_dc_debug.disaster_scene.earthquake_target","localization/simp_chinese/hd_dc_debug_inspection_l_simp_chinese.yml","99","中文键","2026-09-13"
"hd_dc_debug.disaster_scene.flood","localization/simp_chinese/hd_dc_debug_inspection_l_simp_chinese.yml","104","中文键","2026-09-13"
"hd_dc_debug.disaster_scene.flood_target","localization/simp_chinese/hd_dc_debug_inspection_l_simp_chinese.yml","100","中文键","2026-09-13"
"hd_dc_debug.disaster_scene.no_earthquake","localization/simp_chinese/hd_dc_debug_inspection_l_simp_chinese.yml","101","中文键","2026-09-13"
"hd_dc_debug.disaster_scene.no_flood","localization/simp_chinese/hd_dc_debug_inspection_l_simp_chinese.yml","102","中文键","2026-09-13"
"hd_dc_debug.disaster_scene.unconfirmed","localization/simp_chinese/hd_dc_debug_inspection_l_simp_chinese.yml","106","中文键","2026-09-13"
"hd_dc_debug.epidemic.active_block","localization/simp_chinese/hd_dc_debug_inspection_l_simp_chinese.yml","53","中文键","2026-09-13"
"hd_dc_debug.epidemic.apocalyptic","localization/simp_chinese/hd_dc_debug_inspection_l_simp_chinese.yml","45","中文键","2026-09-13"
"hd_dc_debug.epidemic.bubonic_plague","localization/simp_chinese/hd_dc_debug_inspection_l_simp_chinese.yml","37","中文键","2026-09-13"
"hd_dc_debug.epidemic.confirm","localization/simp_chinese/hd_dc_debug_inspection_l_simp_chinese.yml","48","中文键","2026-09-13"
"hd_dc_debug.epidemic.confirm.desc","localization/simp_chinese/hd_dc_debug_inspection_l_simp_chinese.yml","49","中文键","2026-09-13"
"hd_dc_debug.epidemic.consumption","localization/simp_chinese/hd_dc_debug_inspection_l_simp_chinese.yml","39","中文键","2026-09-13"
"hd_dc_debug.epidemic.create","localization/simp_chinese/hd_dc_debug_inspection_l_simp_chinese.yml","50","中文键","2026-09-13"
"hd_dc_debug.epidemic.dlc_block","localization/simp_chinese/hd_dc_debug_inspection_l_simp_chinese.yml","52","中文键","2026-09-13"
"hd_dc_debug.epidemic.dysentery","localization/simp_chinese/hd_dc_debug_inspection_l_simp_chinese.yml","41","中文键","2026-09-13"
"hd_dc_debug.epidemic.ergotism","localization/simp_chinese/hd_dc_debug_inspection_l_simp_chinese.yml","42","中文键","2026-09-13"
"hd_dc_debug.epidemic.historical_block","localization/simp_chinese/hd_dc_debug_inspection_l_simp_chinese.yml","51","中文键","2026-09-13"
"hd_dc_debug.epidemic.intensity","localization/simp_chinese/hd_dc_debug_inspection_l_simp_chinese.yml","46","中文键","2026-09-13"
"hd_dc_debug.epidemic.intensity.desc","localization/simp_chinese/hd_dc_debug_inspection_l_simp_chinese.yml","47","中文键","2026-09-13"
"hd_dc_debug.epidemic.major","localization/simp_chinese/hd_dc_debug_inspection_l_simp_chinese.yml","44","中文键","2026-09-13"
"hd_dc_debug.epidemic.measles","localization/simp_chinese/hd_dc_debug_inspection_l_simp_chinese.yml","40","中文键","2026-09-13"
"hd_dc_debug.epidemic.menu","localization/simp_chinese/hd_dc_debug_inspection_l_simp_chinese.yml","34","中文键","2026-09-13"
"hd_dc_debug.epidemic.menu.desc","localization/simp_chinese/hd_dc_debug_inspection_l_simp_chinese.yml","35","中文键","2026-09-13"
"hd_dc_debug.epidemic.minor","localization/simp_chinese/hd_dc_debug_inspection_l_simp_chinese.yml","43","中文键","2026-09-13"
"hd_dc_debug.epidemic.never_block","localization/simp_chinese/hd_dc_debug_inspection_l_simp_chinese.yml","54","中文键","2026-09-13"
"hd_dc_debug.epidemic.once_block","localization/simp_chinese/hd_dc_debug_inspection_l_simp_chinese.yml","55","中文键","2026-09-13"
"hd_dc_debug.epidemic.smallpox","localization/simp_chinese/hd_dc_debug_inspection_l_simp_chinese.yml","36","中文键","2026-09-13"
"hd_dc_debug.epidemic.typhus","localization/simp_chinese/hd_dc_debug_inspection_l_simp_chinese.yml","38","中文键","2026-09-13"
"hd_dc_debug.events","localization/simp_chinese/hd_dc_debug_l_simp_chinese.yml","11","中文键","2026-09-13"
"hd_dc_debug.faction_scene","localization/simp_chinese/hd_dc_debug_inspection_l_simp_chinese.yml","72","中文键","2026-09-13"
"hd_dc_debug.faction_scene.demand","localization/simp_chinese/hd_dc_debug_inspection_l_simp_chinese.yml","81","中文键","2026-09-13"
"hd_dc_debug.faction_scene.demand_target","localization/simp_chinese/hd_dc_debug_inspection_l_simp_chinese.yml","75","中文键","2026-09-13"
"hd_dc_debug.faction_scene.demand.tt","localization/simp_chinese/hd_dc_debug_inspection_l_simp_chinese.yml","82","中文键","2026-09-13"
"hd_dc_debug.faction_scene.desc","localization/simp_chinese/hd_dc_debug_inspection_l_simp_chinese.yml","73","中文键","2026-09-13"
"hd_dc_debug.faction_scene.independence","localization/simp_chinese/hd_dc_debug_inspection_l_simp_chinese.yml","79","中文键","2026-09-13"
"hd_dc_debug.faction_scene.liberty","localization/simp_chinese/hd_dc_debug_inspection_l_simp_chinese.yml","80","中文键","2026-09-13"
"hd_dc_debug.faction_scene.liege","localization/simp_chinese/hd_dc_debug_inspection_l_simp_chinese.yml","74","中文键","2026-09-13"
"hd_dc_debug.faction_scene.no_demand","localization/simp_chinese/hd_dc_debug_inspection_l_simp_chinese.yml","76","中文键","2026-09-13"
"hd_dc_debug.faction_scene.no_peasant","localization/simp_chinese/hd_dc_debug_inspection_l_simp_chinese.yml","59","中文键","2026-09-13"
"hd_dc_debug.faction_scene.no_populist","localization/simp_chinese/hd_dc_debug_inspection_l_simp_chinese.yml","58","中文键","2026-09-13"
"hd_dc_debug.faction_scene.not_ready","localization/simp_chinese/hd_dc_debug_inspection_l_simp_chinese.yml","78","中文键","2026-09-13"
"hd_dc_debug.faction_scene.peasant","localization/simp_chinese/hd_dc_debug_inspection_l_simp_chinese.yml","61","中文键","2026-09-13"
"hd_dc_debug.faction_scene.peasant_county","localization/simp_chinese/hd_dc_debug_inspection_l_simp_chinese.yml","57","中文键","2026-09-13"
"hd_dc_debug.faction_scene.populist","localization/simp_chinese/hd_dc_debug_inspection_l_simp_chinese.yml","60","中文键","2026-09-13"
"hd_dc_debug.faction_scene.populist_county","localization/simp_chinese/hd_dc_debug_inspection_l_simp_chinese.yml","56","中文键","2026-09-13"
"hd_dc_debug.faction_scene.ready","localization/simp_chinese/hd_dc_debug_inspection_l_simp_chinese.yml","77","中文键","2026-09-13"
"hd_dc_debug.fields.actor","localization/simp_chinese/hd_dc_debug_inspection_l_simp_chinese.yml","108","中文键","2026-09-13"
"hd_dc_debug.fields.audit_first","localization/simp_chinese/hd_dc_debug_inspection_l_simp_chinese.yml","113","中文键","2026-09-13"
"hd_dc_debug.fields.audit_second","localization/simp_chinese/hd_dc_debug_inspection_l_simp_chinese.yml","114","中文键","2026-09-13"
"hd_dc_debug.fields.cooperation","localization/simp_chinese/hd_dc_debug_inspection_l_simp_chinese.yml","122","中文键","2026-09-13"
"hd_dc_debug.fields.disaster","localization/simp_chinese/hd_dc_debug_inspection_l_simp_chinese.yml","62","中文键","2026-09-13"
"hd_dc_debug.fields.disaster_county","localization/simp_chinese/hd_dc_debug_inspection_l_simp_chinese.yml","63","中文键","2026-09-13"
"hd_dc_debug.fields.exchange","localization/simp_chinese/hd_dc_debug_inspection_l_simp_chinese.yml","118","中文键","2026-09-13"
"hd_dc_debug.fields.from_signature","localization/simp_chinese/hd_dc_debug_inspection_l_simp_chinese.yml","125","中文键","2026-09-13"
"hd_dc_debug.fields.help","localization/simp_chinese/hd_dc_debug_inspection_l_simp_chinese.yml","120","中文键","2026-09-13"
"hd_dc_debug.fields.help_stress","localization/simp_chinese/hd_dc_debug_inspection_l_simp_chinese.yml","121","中文键","2026-09-13"
"hd_dc_debug.fields.node","localization/simp_chinese/hd_dc_debug_inspection_l_simp_chinese.yml","107","中文键","2026-09-13"
"hd_dc_debug.fields.par_choice","localization/simp_chinese/hd_dc_debug_inspection_l_simp_chinese.yml","112","中文键","2026-09-13"
"hd_dc_debug.fields.pay_parties","localization/simp_chinese/hd_dc_debug_inspection_l_simp_chinese.yml","123","中文键","2026-09-13"
"hd_dc_debug.fields.petitioner","localization/simp_chinese/hd_dc_debug_inspection_l_simp_chinese.yml","119","中文键","2026-09-13"
"hd_dc_debug.fields.proposal","localization/simp_chinese/hd_dc_debug_inspection_l_simp_chinese.yml","124","中文键","2026-09-13"
"hd_dc_debug.fields.protection_signature","localization/simp_chinese/hd_dc_debug_inspection_l_simp_chinese.yml","111","中文键","2026-09-13"
"hd_dc_debug.fields.ransom","localization/simp_chinese/hd_dc_debug_inspection_l_simp_chinese.yml","117","中文键","2026-09-13"
"hd_dc_debug.fields.roy_choice","localization/simp_chinese/hd_dc_debug_inspection_l_simp_chinese.yml","109","中文键","2026-09-13"
"hd_dc_debug.fields.support","localization/simp_chinese/hd_dc_debug_inspection_l_simp_chinese.yml","110","中文键","2026-09-13"
"hd_dc_debug.fields.to_signature","localization/simp_chinese/hd_dc_debug_inspection_l_simp_chinese.yml","126","中文键","2026-09-13"
"hd_dc_debug.fields.trait","localization/simp_chinese/hd_dc_debug_inspection_l_simp_chinese.yml","127","中文键","2026-09-13"
"hd_dc_debug.fields.trial_first","localization/simp_chinese/hd_dc_debug_inspection_l_simp_chinese.yml","115","中文键","2026-09-13"
"hd_dc_debug.fields.trial_second","localization/simp_chinese/hd_dc_debug_inspection_l_simp_chinese.yml","116","中文键","2026-09-13"
"hd_dc_debug.h","localization/simp_chinese/hd_dc_debug_l_simp_chinese.yml","10","中文键","2026-09-13"
"hd_dc_debug.history_unavailable","localization/simp_chinese/hd_dc_debug_inspection_l_simp_chinese.yml","149","中文键","2026-09-13"
"hd_dc_debug.impact_detail","localization/simp_chinese/hd_dc_debug_inspection_l_simp_chinese.yml","227","中文键","2026-09-13"
"hd_dc_debug.impacts","localization/simp_chinese/hd_dc_debug_inspection_l_simp_chinese.yml","170","中文键","2026-09-13"
"hd_dc_debug.impacts.desc","localization/simp_chinese/hd_dc_debug_inspection_l_simp_chinese.yml","226","中文键","2026-09-13"
"hd_dc_debug.latest","localization/simp_chinese/hd_dc_debug_inspection_l_simp_chinese.yml","184","中文键","2026-09-13"
"hd_dc_debug.minus_1","localization/simp_chinese/hd_dc_debug_l_simp_chinese.yml","27","中文键","2026-09-13"
"hd_dc_debug.minus_10","localization/simp_chinese/hd_dc_debug_l_simp_chinese.yml","26","中文键","2026-09-13"
"hd_dc_debug.native_delta","localization/simp_chinese/hd_dc_debug_inspection_l_simp_chinese.yml","141","中文键","2026-09-13"
"hd_dc_debug.native_delta.desc","localization/simp_chinese/hd_dc_debug_inspection_l_simp_chinese.yml","142","中文键","2026-09-13"
"hd_dc_debug.native_scene","localization/simp_chinese/hd_dc_debug_inspection_l_simp_chinese.yml","2","中文键","2026-09-13"
"hd_dc_debug.native_scene.desc","localization/simp_chinese/hd_dc_debug_inspection_l_simp_chinese.yml","128","中文键","2026-09-13"
"hd_dc_debug.native_scene.drunkard","localization/simp_chinese/hd_dc_debug_inspection_l_simp_chinese.yml","139","中文键","2026-09-13"
"hd_dc_debug.native_scene.drunkard.tt","localization/simp_chinese/hd_dc_debug_inspection_l_simp_chinese.yml","140","中文键","2026-09-13"
"hd_dc_debug.native_scene.legitimacy_gain","localization/simp_chinese/hd_dc_debug_inspection_l_simp_chinese.yml","137","中文键","2026-09-13"
"hd_dc_debug.native_scene.legitimacy_loss","localization/simp_chinese/hd_dc_debug_inspection_l_simp_chinese.yml","138","中文键","2026-09-13"
"hd_dc_debug.native_scene.no_drunkard","localization/simp_chinese/hd_dc_debug_inspection_l_simp_chinese.yml","132","中文键","2026-09-13"
"hd_dc_debug.native_scene.no_legitimacy","localization/simp_chinese/hd_dc_debug_inspection_l_simp_chinese.yml","131","中文键","2026-09-13"
"hd_dc_debug.native_scene.no_outbreak_county","localization/simp_chinese/hd_dc_debug_inspection_l_simp_chinese.yml","144","中文键","2026-09-13"
"hd_dc_debug.native_scene.no_secret_target","localization/simp_chinese/hd_dc_debug_inspection_l_simp_chinese.yml","130","中文键","2026-09-13"
"hd_dc_debug.native_scene.outbreak","localization/simp_chinese/hd_dc_debug_inspection_l_simp_chinese.yml","145","中文键","2026-09-13"
"hd_dc_debug.native_scene.outbreak_county","localization/simp_chinese/hd_dc_debug_inspection_l_simp_chinese.yml","143","中文键","2026-09-13"
"hd_dc_debug.native_scene.outbreak_created","localization/simp_chinese/hd_dc_debug_inspection_l_simp_chinese.yml","147","中文键","2026-09-13"
"hd_dc_debug.native_scene.outbreak_unconfirmed","localization/simp_chinese/hd_dc_debug_inspection_l_simp_chinese.yml","148","中文键","2026-09-13"
"hd_dc_debug.native_scene.outbreak.tt","localization/simp_chinese/hd_dc_debug_inspection_l_simp_chinese.yml","146","中文键","2026-09-13"
"hd_dc_debug.native_scene.secret","localization/simp_chinese/hd_dc_debug_inspection_l_simp_chinese.yml","133","中文键","2026-09-13"
"hd_dc_debug.native_scene.secret_created","localization/simp_chinese/hd_dc_debug_inspection_l_simp_chinese.yml","135","中文键","2026-09-13"
"hd_dc_debug.native_scene.secret_failed","localization/simp_chinese/hd_dc_debug_inspection_l_simp_chinese.yml","136","中文键","2026-09-13"
"hd_dc_debug.native_scene.secret_target","localization/simp_chinese/hd_dc_debug_inspection_l_simp_chinese.yml","129","中文键","2026-09-13"
"hd_dc_debug.native_scene.secret.tt","localization/simp_chinese/hd_dc_debug_inspection_l_simp_chinese.yml","134","中文键","2026-09-13"
"hd_dc_debug.neg01","localization/simp_chinese/hd_dc_debug_inspection_l_simp_chinese.yml","228","中文键","2026-09-13"
"hd_dc_debug.neg01.desc","localization/simp_chinese/hd_dc_debug_inspection_l_simp_chinese.yml","248","中文键","2026-09-13"
"hd_dc_debug.neg02","localization/simp_chinese/hd_dc_debug_inspection_l_simp_chinese.yml","229","中文键","2026-09-13"
"hd_dc_debug.neg02.desc","localization/simp_chinese/hd_dc_debug_inspection_l_simp_chinese.yml","249","中文键","2026-09-13"
"hd_dc_debug.neg03","localization/simp_chinese/hd_dc_debug_inspection_l_simp_chinese.yml","230","中文键","2026-09-13"
"hd_dc_debug.neg03.desc","localization/simp_chinese/hd_dc_debug_inspection_l_simp_chinese.yml","250","中文键","2026-09-13"
"hd_dc_debug.neg04","localization/simp_chinese/hd_dc_debug_inspection_l_simp_chinese.yml","231","中文键","2026-09-13"
"hd_dc_debug.neg04.desc","localization/simp_chinese/hd_dc_debug_inspection_l_simp_chinese.yml","251","中文键","2026-09-13"
"hd_dc_debug.neg05","localization/simp_chinese/hd_dc_debug_inspection_l_simp_chinese.yml","232","中文键","2026-09-13"
"hd_dc_debug.neg05.desc","localization/simp_chinese/hd_dc_debug_inspection_l_simp_chinese.yml","252","中文键","2026-09-13"
"hd_dc_debug.neg06","localization/simp_chinese/hd_dc_debug_inspection_l_simp_chinese.yml","233","中文键","2026-09-13"
"hd_dc_debug.neg06.desc","localization/simp_chinese/hd_dc_debug_inspection_l_simp_chinese.yml","253","中文键","2026-09-13"
"hd_dc_debug.neg07","localization/simp_chinese/hd_dc_debug_inspection_l_simp_chinese.yml","234","中文键","2026-09-13"
"hd_dc_debug.neg07.desc","localization/simp_chinese/hd_dc_debug_inspection_l_simp_chinese.yml","254","中文键","2026-09-13"
"hd_dc_debug.neg08","localization/simp_chinese/hd_dc_debug_inspection_l_simp_chinese.yml","235","中文键","2026-09-13"
"hd_dc_debug.neg08.desc","localization/simp_chinese/hd_dc_debug_inspection_l_simp_chinese.yml","255","中文键","2026-09-13"
"hd_dc_debug.neg09","localization/simp_chinese/hd_dc_debug_inspection_l_simp_chinese.yml","236","中文键","2026-09-13"
"hd_dc_debug.neg09.desc","localization/simp_chinese/hd_dc_debug_inspection_l_simp_chinese.yml","256","中文键","2026-09-13"
"hd_dc_debug.neg10","localization/simp_chinese/hd_dc_debug_inspection_l_simp_chinese.yml","237","中文键","2026-09-13"
"hd_dc_debug.neg10.desc","localization/simp_chinese/hd_dc_debug_inspection_l_simp_chinese.yml","257","中文键","2026-09-13"
"hd_dc_debug.neg11","localization/simp_chinese/hd_dc_debug_inspection_l_simp_chinese.yml","238","中文键","2026-09-13"
"hd_dc_debug.neg11.desc","localization/simp_chinese/hd_dc_debug_inspection_l_simp_chinese.yml","258","中文键","2026-09-13"
"hd_dc_debug.neg12","localization/simp_chinese/hd_dc_debug_inspection_l_simp_chinese.yml","239","中文键","2026-09-13"
"hd_dc_debug.neg12.desc","localization/simp_chinese/hd_dc_debug_inspection_l_simp_chinese.yml","259","中文键","2026-09-13"
"hd_dc_debug.neg13","localization/simp_chinese/hd_dc_debug_inspection_l_simp_chinese.yml","240","中文键","2026-09-13"
"hd_dc_debug.neg13.desc","localization/simp_chinese/hd_dc_debug_inspection_l_simp_chinese.yml","260","中文键","2026-09-13"
"hd_dc_debug.neg14","localization/simp_chinese/hd_dc_debug_inspection_l_simp_chinese.yml","241","中文键","2026-09-13"
"hd_dc_debug.neg14.desc","localization/simp_chinese/hd_dc_debug_inspection_l_simp_chinese.yml","261","中文键","2026-09-13"
"hd_dc_debug.neg15","localization/simp_chinese/hd_dc_debug_inspection_l_simp_chinese.yml","242","中文键","2026-09-13"
"hd_dc_debug.neg15.desc","localization/simp_chinese/hd_dc_debug_inspection_l_simp_chinese.yml","262","中文键","2026-09-13"
"hd_dc_debug.neg16","localization/simp_chinese/hd_dc_debug_inspection_l_simp_chinese.yml","243","中文键","2026-09-13"
"hd_dc_debug.neg16.desc","localization/simp_chinese/hd_dc_debug_inspection_l_simp_chinese.yml","263","中文键","2026-09-13"
"hd_dc_debug.neg17","localization/simp_chinese/hd_dc_debug_inspection_l_simp_chinese.yml","244","中文键","2026-09-13"
"hd_dc_debug.neg17.desc","localization/simp_chinese/hd_dc_debug_inspection_l_simp_chinese.yml","264","中文键","2026-09-13"
"hd_dc_debug.neg18","localization/simp_chinese/hd_dc_debug_inspection_l_simp_chinese.yml","245","中文键","2026-09-13"
"hd_dc_debug.neg18.desc","localization/simp_chinese/hd_dc_debug_inspection_l_simp_chinese.yml","265","中文键","2026-09-13"
"hd_dc_debug.neg19","localization/simp_chinese/hd_dc_debug_inspection_l_simp_chinese.yml","246","中文键","2026-09-13"
"hd_dc_debug.neg19.desc","localization/simp_chinese/hd_dc_debug_inspection_l_simp_chinese.yml","266","中文键","2026-09-13"
"hd_dc_debug.neg20","localization/simp_chinese/hd_dc_debug_inspection_l_simp_chinese.yml","247","中文键","2026-09-13"
"hd_dc_debug.neg20.desc","localization/simp_chinese/hd_dc_debug_inspection_l_simp_chinese.yml","270","中文键","2026-09-13"
"hd_dc_debug.next","localization/simp_chinese/hd_dc_debug_inspection_l_simp_chinese.yml","225","中文键","2026-09-13"
"hd_dc_debug.older","localization/simp_chinese/hd_dc_debug_inspection_l_simp_chinese.yml","183","中文键","2026-09-13"
"hd_dc_debug.ord09","localization/simp_chinese/hd_dc_debug_l_simp_chinese.yml","37","中文键","2026-09-13"
"hd_dc_debug.ord09.tt","localization/simp_chinese/hd_dc_debug_l_simp_chinese.yml","38","中文键","2026-09-13"
"hd_dc_debug.ord13","localization/simp_chinese/hd_dc_debug_l_simp_chinese.yml","39","中文键","2026-09-13"
"hd_dc_debug.ord13.tt","localization/simp_chinese/hd_dc_debug_l_simp_chinese.yml","40","中文键","2026-09-13"
"hd_dc_debug.ord19","localization/simp_chinese/hd_dc_debug_l_simp_chinese.yml","41","中文键","2026-09-13"
"hd_dc_debug.ord19.tt","localization/simp_chinese/hd_dc_debug_l_simp_chinese.yml","42","中文键","2026-09-13"
"hd_dc_debug.par01","localization/simp_chinese/hd_dc_debug_inspection_l_simp_chinese.yml","154","中文键","2026-09-13"
"hd_dc_debug.par01.tt","localization/simp_chinese/hd_dc_debug_inspection_l_simp_chinese.yml","155","中文键","2026-09-13"
"hd_dc_debug.plus_1","localization/simp_chinese/hd_dc_debug_l_simp_chinese.yml","28","中文键","2026-09-13"
"hd_dc_debug.plus_10","localization/simp_chinese/hd_dc_debug_l_simp_chinese.yml","29","中文键","2026-09-13"
"hd_dc_debug.points.desc","localization/simp_chinese/hd_dc_debug_l_simp_chinese.yml","25","中文键","2026-09-13"
"hd_dc_debug.prepare","localization/simp_chinese/hd_dc_debug_l_simp_chinese.yml","12","中文键","2026-09-13"
"hd_dc_debug.prepare_ord09","localization/simp_chinese/hd_dc_debug_inspection_l_simp_chinese.yml","160","中文键","2026-09-13"
"hd_dc_debug.prepare_ord09.tt","localization/simp_chinese/hd_dc_debug_inspection_l_simp_chinese.yml","161","中文键","2026-09-13"
"hd_dc_debug.prepare_ord13","localization/simp_chinese/hd_dc_debug_inspection_l_simp_chinese.yml","162","中文键","2026-09-13"
"hd_dc_debug.prepare_ord13.tt","localization/simp_chinese/hd_dc_debug_inspection_l_simp_chinese.yml","167","中文键","2026-09-13"
"hd_dc_debug.prepare_ord19","localization/simp_chinese/hd_dc_debug_l_simp_chinese.yml","14","中文键","2026-09-13"
"hd_dc_debug.prepare_ord19.tt","localization/simp_chinese/hd_dc_debug_l_simp_chinese.yml","15","中文键","2026-09-13"
"hd_dc_debug.prepare_par","localization/simp_chinese/hd_dc_debug_inspection_l_simp_chinese.yml","163","中文键","2026-09-13"
"hd_dc_debug.prepare_par.tt","localization/simp_chinese/hd_dc_debug_inspection_l_simp_chinese.yml","164","中文键","2026-09-13"
"hd_dc_debug.prepare_roy","localization/simp_chinese/hd_dc_debug_inspection_l_simp_chinese.yml","156","中文键","2026-09-13"
"hd_dc_debug.prepare_roy.tt","localization/simp_chinese/hd_dc_debug_inspection_l_simp_chinese.yml","157","中文键","2026-09-13"
"hd_dc_debug.prepare_support","localization/simp_chinese/hd_dc_debug_inspection_l_simp_chinese.yml","158","中文键","2026-09-13"
"hd_dc_debug.prepare_support.tt","localization/simp_chinese/hd_dc_debug_inspection_l_simp_chinese.yml","159","中文键","2026-09-13"
"hd_dc_debug.protection.actor","localization/simp_chinese/hd_dc_debug_inspection_l_simp_chinese.yml","193","中文键","2026-09-13"
"hd_dc_debug.protection.execute","localization/simp_chinese/hd_dc_debug_inspection_l_simp_chinese.yml","196","中文键","2026-09-13"
"hd_dc_debug.protection.illegal","localization/simp_chinese/hd_dc_debug_inspection_l_simp_chinese.yml","199","中文键","2026-09-13"
"hd_dc_debug.protection.imprison","localization/simp_chinese/hd_dc_debug_inspection_l_simp_chinese.yml","195","中文键","2026-09-13"
"hd_dc_debug.protection.legal","localization/simp_chinese/hd_dc_debug_inspection_l_simp_chinese.yml","198","中文键","2026-09-13"
"hd_dc_debug.protection.revoke","localization/simp_chinese/hd_dc_debug_inspection_l_simp_chinese.yml","197","中文键","2026-09-13"
"hd_dc_debug.protection.title","localization/simp_chinese/hd_dc_debug_inspection_l_simp_chinese.yml","194","中文键","2026-09-13"
"hd_dc_debug.protection.unknown","localization/simp_chinese/hd_dc_debug_inspection_l_simp_chinese.yml","200","中文键","2026-09-13"
"hd_dc_debug.protection.unknown_actor","localization/simp_chinese/hd_dc_debug_inspection_l_simp_chinese.yml","201","中文键","2026-09-13"
"hd_dc_debug.receipt.audit_pending","localization/simp_chinese/hd_dc_debug_inspection_l_simp_chinese.yml","192","中文键","2026-09-13"
"hd_dc_debug.receipt.closed","localization/simp_chinese/hd_dc_debug_inspection_l_simp_chinese.yml","205","中文键","2026-09-13"
"hd_dc_debug.receipt.desc","localization/simp_chinese/hd_dc_debug_inspection_l_simp_chinese.yml","185","中文键","2026-09-13"
"hd_dc_debug.receipt.empty","localization/simp_chinese/hd_dc_debug_inspection_l_simp_chinese.yml","186","中文键","2026-09-13"
"hd_dc_debug.receipt.instance","localization/simp_chinese/hd_dc_debug_inspection_l_simp_chinese.yml","187","中文键","2026-09-13"
"hd_dc_debug.receipt.letters","localization/simp_chinese/hd_dc_debug_inspection_l_simp_chinese.yml","204","中文键","2026-09-13"
"hd_dc_debug.receipt.pause","localization/simp_chinese/hd_dc_debug_inspection_l_simp_chinese.yml","202","中文键","2026-09-13"
"hd_dc_debug.receipt.payment","localization/simp_chinese/hd_dc_debug_inspection_l_simp_chinese.yml","188","中文键","2026-09-13"
"hd_dc_debug.receipt.points","localization/simp_chinese/hd_dc_debug_inspection_l_simp_chinese.yml","207","中文键","2026-09-13"
"hd_dc_debug.receipt.protection","localization/simp_chinese/hd_dc_debug_inspection_l_simp_chinese.yml","190","中文键","2026-09-13"
"hd_dc_debug.receipt.protection_wait","localization/simp_chinese/hd_dc_debug_inspection_l_simp_chinese.yml","191","中文键","2026-09-13"
"hd_dc_debug.receipt.refund","localization/simp_chinese/hd_dc_debug_inspection_l_simp_chinese.yml","189","中文键","2026-09-13"
"hd_dc_debug.receipt.subject","localization/simp_chinese/hd_dc_debug_inspection_l_simp_chinese.yml","206","中文键","2026-09-13"
"hd_dc_debug.receipt.trial","localization/simp_chinese/hd_dc_debug_inspection_l_simp_chinese.yml","203","中文键","2026-09-13"
"hd_dc_debug.refresh","localization/simp_chinese/hd_dc_debug_l_simp_chinese.yml","20","中文键","2026-09-13"
"hd_dc_debug.refresh_stocks","localization/simp_chinese/hd_dc_debug_inspection_l_simp_chinese.yml","271","中文键","2026-09-13"
"hd_dc_debug.refresh_stocks.tt","localization/simp_chinese/hd_dc_debug_inspection_l_simp_chinese.yml","272","中文键","2026-09-13"
"hd_dc_debug.refresh.tt","localization/simp_chinese/hd_dc_debug_l_simp_chinese.yml","21","中文键","2026-09-13"
"hd_dc_debug.region","localization/simp_chinese/hd_dc_debug_inspection_l_simp_chinese.yml","172","中文键","2026-09-13"
"hd_dc_debug.region.chaos","localization/simp_chinese/hd_dc_debug_inspection_l_simp_chinese.yml","174","中文键","2026-09-13"
"hd_dc_debug.region.desc","localization/simp_chinese/hd_dc_debug_inspection_l_simp_chinese.yml","173","中文键","2026-09-13"
"hd_dc_debug.region.invalid","localization/simp_chinese/hd_dc_debug_inspection_l_simp_chinese.yml","181","中文键","2026-09-13"
"hd_dc_debug.region.locked","localization/simp_chinese/hd_dc_debug_inspection_l_simp_chinese.yml","175","中文键","2026-09-13"
"hd_dc_debug.region.no_affected_county","localization/simp_chinese/hd_dc_debug_inspection_l_simp_chinese.yml","86","中文键","2026-09-13"
"hd_dc_debug.region.no_parties","localization/simp_chinese/hd_dc_debug_inspection_l_simp_chinese.yml","85","中文键","2026-09-13"
"hd_dc_debug.region.no_roy_instance","localization/simp_chinese/hd_dc_debug_inspection_l_simp_chinese.yml","87","中文键","2026-09-13"
"hd_dc_debug.region.no_royals","localization/simp_chinese/hd_dc_debug_inspection_l_simp_chinese.yml","84","中文键","2026-09-13"
"hd_dc_debug.region.not_emperor","localization/simp_chinese/hd_dc_debug_inspection_l_simp_chinese.yml","83","中文键","2026-09-13"
"hd_dc_debug.region.ordinary_wait","localization/simp_chinese/hd_dc_debug_inspection_l_simp_chinese.yml","180","中文键","2026-09-13"
"hd_dc_debug.region.outside","localization/simp_chinese/hd_dc_debug_inspection_l_simp_chinese.yml","88","中文键","2026-09-13"
"hd_dc_debug.region.par_cooldown","localization/simp_chinese/hd_dc_debug_inspection_l_simp_chinese.yml","179","中文键","2026-09-13"
"hd_dc_debug.region.party_wait","localization/simp_chinese/hd_dc_debug_inspection_l_simp_chinese.yml","177","中文键","2026-09-13"
"hd_dc_debug.region.prepared","localization/simp_chinese/hd_dc_debug_inspection_l_simp_chinese.yml","176","中文键","2026-09-13"
"hd_dc_debug.region.roy_cooldown","localization/simp_chinese/hd_dc_debug_inspection_l_simp_chinese.yml","178","中文键","2026-09-13"
"hd_dc_debug.relation_scene","localization/simp_chinese/hd_dc_debug_inspection_l_simp_chinese.yml","64","中文键","2026-09-13"
"hd_dc_debug.relation_scene.desc","localization/simp_chinese/hd_dc_debug_inspection_l_simp_chinese.yml","65","中文键","2026-09-13"
"hd_dc_debug.relation_scene.family","localization/simp_chinese/hd_dc_debug_inspection_l_simp_chinese.yml","66","中文键","2026-09-13"
"hd_dc_debug.relation_scene.family.tt","localization/simp_chinese/hd_dc_debug_inspection_l_simp_chinese.yml","67","中文键","2026-09-13"
"hd_dc_debug.relation_scene.no_family","localization/simp_chinese/hd_dc_debug_inspection_l_simp_chinese.yml","68","中文键","2026-09-13"
"hd_dc_debug.relation_scene.no_rival","localization/simp_chinese/hd_dc_debug_inspection_l_simp_chinese.yml","71","中文键","2026-09-13"
"hd_dc_debug.relation_scene.rival","localization/simp_chinese/hd_dc_debug_inspection_l_simp_chinese.yml","69","中文键","2026-09-13"
"hd_dc_debug.relation_scene.rival.tt","localization/simp_chinese/hd_dc_debug_inspection_l_simp_chinese.yml","70","中文键","2026-09-13"
"hd_dc_debug.result.breached","localization/simp_chinese/hd_dc_debug_inspection_l_simp_chinese.yml","215","中文键","2026-09-13"
"hd_dc_debug.result.expired","localization/simp_chinese/hd_dc_debug_inspection_l_simp_chinese.yml","217","中文键","2026-09-13"
"hd_dc_debug.result.fulfilled","localization/simp_chinese/hd_dc_debug_inspection_l_simp_chinese.yml","214","中文键","2026-09-13"
"hd_dc_debug.result.guarantor_letter","localization/simp_chinese/hd_dc_debug_inspection_l_simp_chinese.yml","224","中文键","2026-09-13"
"hd_dc_debug.result.invalidated","localization/simp_chinese/hd_dc_debug_inspection_l_simp_chinese.yml","216","中文键","2026-09-13"
"hd_dc_debug.result.ordinary_code","localization/simp_chinese/hd_dc_debug_inspection_l_simp_chinese.yml","210","中文键","2026-09-13"
"hd_dc_debug.result.par_code","localization/simp_chinese/hd_dc_debug_inspection_l_simp_chinese.yml","209","中文键","2026-09-13"
"hd_dc_debug.result.partial","localization/simp_chinese/hd_dc_debug_inspection_l_simp_chinese.yml","218","中文键","2026-09-13"
"hd_dc_debug.result.pause_code","localization/simp_chinese/hd_dc_debug_inspection_l_simp_chinese.yml","212","中文键","2026-09-13"
"hd_dc_debug.result.protection_code","localization/simp_chinese/hd_dc_debug_inspection_l_simp_chinese.yml","211","中文键","2026-09-13"
"hd_dc_debug.result.rejected","localization/simp_chinese/hd_dc_debug_inspection_l_simp_chinese.yml","220","中文键","2026-09-13"
"hd_dc_debug.result.released","localization/simp_chinese/hd_dc_debug_inspection_l_simp_chinese.yml","221","中文键","2026-09-13"
"hd_dc_debug.result.roy_code","localization/simp_chinese/hd_dc_debug_inspection_l_simp_chinese.yml","208","中文键","2026-09-13"
"hd_dc_debug.result.verified","localization/simp_chinese/hd_dc_debug_inspection_l_simp_chinese.yml","219","中文键","2026-09-13"
"hd_dc_debug.result.writing","localization/simp_chinese/hd_dc_debug_inspection_l_simp_chinese.yml","222","中文键","2026-09-13"
"hd_dc_debug.result.youth_letter","localization/simp_chinese/hd_dc_debug_inspection_l_simp_chinese.yml","223","中文键","2026-09-13"
"hd_dc_debug.results","localization/simp_chinese/hd_dc_debug_inspection_l_simp_chinese.yml","171","中文键","2026-09-13"
"hd_dc_debug.roy01","localization/simp_chinese/hd_dc_debug_inspection_l_simp_chinese.yml","150","中文键","2026-09-13"
"hd_dc_debug.roy01.tt","localization/simp_chinese/hd_dc_debug_inspection_l_simp_chinese.yml","151","中文键","2026-09-13"
"hd_dc_debug.roy08","localization/simp_chinese/hd_dc_debug_inspection_l_simp_chinese.yml","152","中文键","2026-09-13"
"hd_dc_debug.roy08.tt","localization/simp_chinese/hd_dc_debug_inspection_l_simp_chinese.yml","153","中文键","2026-09-13"
"hd_dc_debug.scheme_scene","localization/simp_chinese/hd_dc_debug_inspection_l_simp_chinese.yml","89","中文键","2026-09-13"
"hd_dc_debug.scheme_scene.abduct","localization/simp_chinese/hd_dc_debug_inspection_l_simp_chinese.yml","96","中文键","2026-09-13"
"hd_dc_debug.scheme_scene.abduct_target","localization/simp_chinese/hd_dc_debug_inspection_l_simp_chinese.yml","92","中文键","2026-09-13"
"hd_dc_debug.scheme_scene.desc","localization/simp_chinese/hd_dc_debug_inspection_l_simp_chinese.yml","90","中文键","2026-09-13"
"hd_dc_debug.scheme_scene.murder","localization/simp_chinese/hd_dc_debug_inspection_l_simp_chinese.yml","95","中文键","2026-09-13"
"hd_dc_debug.scheme_scene.murder_target","localization/simp_chinese/hd_dc_debug_inspection_l_simp_chinese.yml","91","中文键","2026-09-13"
"hd_dc_debug.scheme_scene.no_abduct","localization/simp_chinese/hd_dc_debug_inspection_l_simp_chinese.yml","94","中文键","2026-09-13"
"hd_dc_debug.scheme_scene.no_murder","localization/simp_chinese/hd_dc_debug_inspection_l_simp_chinese.yml","93","中文键","2026-09-13"
"hd_dc_debug.set_0","localization/simp_chinese/hd_dc_debug_l_simp_chinese.yml","30","中文键","2026-09-13"
"hd_dc_debug.set_100","localization/simp_chinese/hd_dc_debug_l_simp_chinese.yml","35","中文键","2026-09-13"
"hd_dc_debug.set_20","localization/simp_chinese/hd_dc_debug_l_simp_chinese.yml","31","中文键","2026-09-13"
"hd_dc_debug.set_40","localization/simp_chinese/hd_dc_debug_l_simp_chinese.yml","32","中文键","2026-09-13"
"hd_dc_debug.set_60","localization/simp_chinese/hd_dc_debug_l_simp_chinese.yml","33","中文键","2026-09-13"
"hd_dc_debug.set_80","localization/simp_chinese/hd_dc_debug_l_simp_chinese.yml","34","中文键","2026-09-13"
"hd_dc_debug.status","localization/simp_chinese/hd_dc_debug_l_simp_chinese.yml","8","中文键","2026-09-13"
"hd_dc_debug.test_native_breakdown","localization/simp_chinese/hd_dc_debug_inspection_l_simp_chinese.yml","275","中文键","2026-09-13"
"hd_dc_debug.test_native_breakdown.tt","localization/simp_chinese/hd_dc_debug_inspection_l_simp_chinese.yml","276","中文键","2026-09-13"
"hd_dc_debug.test_stress","localization/simp_chinese/hd_dc_debug_inspection_l_simp_chinese.yml","273","中文键","2026-09-13"
"hd_dc_debug.test_stress.tt","localization/simp_chinese/hd_dc_debug_inspection_l_simp_chinese.yml","274","中文键","2026-09-13"
"hd_dc_debug.test_unity","localization/simp_chinese/hd_dc_debug_inspection_l_simp_chinese.yml","267","中文键","2026-09-13"
"hd_dc_debug.test_unity.tt","localization/simp_chinese/hd_dc_debug_inspection_l_simp_chinese.yml","268","中文键","2026-09-13"
"hd_dc_debug.unity_change","localization/simp_chinese/hd_dc_debug_inspection_l_simp_chinese.yml","269","中文键","2026-09-13"
"hd_dc_debug.w","localization/simp_chinese/hd_dc_debug_l_simp_chinese.yml","9","中文键","2026-09-13"
"hd_dc_declare_claimant_faction_war_effect","common/scripted_effects/hd_dc_royal_pause_effects.txt","54","文本匹配的顶层定义","2026-09-13"
"hd_dc_deliver_party_policy_inquiry_effect","common/scripted_effects/hd_dc_party_case_effects.txt","59","文本匹配的顶层定义","2026-09-13"
"hd_dc_deliver_policy_leader_notice_effect","common/scripted_effects/hd_dc_policy_effects.txt","165","文本匹配的顶层定义","2026-09-13"
"hd_dc_deliver_policy_trial_notice_effect","common/scripted_effects/hd_dc_policy_effects.txt","144","文本匹配的顶层定义","2026-09-13"
"hd_dc_deliver_proposal_effect","common/scripted_effects/hd_dc_proposal_effects.txt","52","文本匹配的顶层定义","2026-09-13"
"hd_dc_development_loss_due_value","common/script_values/hd_dc_pressure_values.txt","31","文本匹配的顶层定义","2026-09-13"
"hd_dc_development_loss_target_value","common/script_values/hd_dc_pressure_values.txt","18","文本匹配的顶层定义","2026-09-13"
"hd_dc_disaster_catalyst_once_effect","common/scripted_effects/10_dlc_tgp_natural_disaster_scripted_effects.txt","6","文本匹配的顶层定义","2026-09-13"
"hd_dc_dispatch_claimant_demand_effect","common/scripted_effects/hd_dc_royal_pause_effects.txt","31","文本匹配的顶层定义","2026-09-13"
"hd_dc_dispatch_par01_effect","common/scripted_effects/hd_dc_party_event_effects.txt","48","文本匹配的顶层定义","2026-09-13"
"hd_dc_dispatch_roy01_effect","common/scripted_effects/hd_dc_royal_event_effects.txt","3","文本匹配的顶层定义","2026-09-13"
"hd_dc_earthquake_county_eligible_trigger","common/scripted_triggers/hd_dc_natural_disaster_triggers.txt","2","文本匹配的顶层定义","2026-09-13"
"hd_dc_enter_denominator_value","common/script_values/hd_dc_parameters.txt","22","文本匹配的顶层定义","2026-09-13"
"hd_dc_enthronement_support_opinion","common/opinion_modifiers/hd_dc_opinions.txt","11","文本匹配的顶层定义","2026-09-13"
"hd_dc_enthronement_support_opinion","localization/simp_chinese/hd_dc_royal_resolution_l_simp_chinese.yml","3","中文键","2026-09-13"
"hd_dc_epidemic_hazard_multiplier_value","common/script_values/hd_dc_epidemic_values.txt","3","文本匹配的顶层定义","2026-09-13"
"hd_dc_era_control_status","localization/simp_chinese/hd_dc_era_l_simp_chinese.yml","9","中文键","2026-09-13"
"hd_dc_era_invalid_status","localization/simp_chinese/hd_dc_era_l_simp_chinese.yml","11","中文键","2026-09-13"
"hd_dc_era_no_holder_status","localization/simp_chinese/hd_dc_era_l_simp_chinese.yml","10","中文键","2026-09-13"
"hd_dc_era_no_sovereignty_change_tt","localization/simp_chinese/hd_dc_era_l_simp_chinese.yml","5","中文键","2026-09-13"
"hd_dc_era_rules_tt","localization/simp_chinese/hd_dc_era_l_simp_chinese.yml","6","中文键","2026-09-13"
"hd_dc_era.0001","events/hd_dc_era_events.txt","3","文本匹配的顶层定义","2026-09-13"
"hd_dc_era.0001.a","localization/simp_chinese/hd_dc_era_l_simp_chinese.yml","4","中文键","2026-09-13"
"hd_dc_era.0001.desc","localization/simp_chinese/hd_dc_era_l_simp_chinese.yml","3","中文键","2026-09-13"
"hd_dc_era.0001.t","localization/simp_chinese/hd_dc_era_l_simp_chinese.yml","2","中文键","2026-09-13"
"hd_dc_evaluate_era_effect","common/scripted_effects/hd_dc_era_effects.txt","182","文本匹配的顶层定义","2026-09-13"
"hd_dc_execute_ord09_ransom_effect","common/scripted_effects/hd_dc_ransom_effects.txt","134","文本匹配的顶层定义","2026-09-13"
"hd_dc_execute_payment_effect","common/scripted_effects/hd_dc_payment_effects.txt","5","文本匹配的顶层定义","2026-09-13"
"hd_dc_execute_royal_support_effect","common/scripted_effects/hd_dc_royal_support_effects.txt","4","文本匹配的顶层定义","2026-09-13"
"hd_dc_existing_depressed_candidate_trigger","common/scripted_triggers/hd_dc_existing_trait_pool_triggers.txt","16","文本匹配的顶层定义","2026-09-13"
"hd_dc_existing_pool_drunkard_trigger","common/scripted_triggers/hd_dc_existing_trait_pool_triggers.txt","1","文本匹配的顶层定义","2026-09-13"
"hd_dc_existing_pool_rakish_trigger","common/scripted_triggers/hd_dc_existing_trait_pool_triggers.txt","5","文本匹配的顶层定义","2026-09-13"
"hd_dc_existing_profligate_candidate_trigger","common/scripted_triggers/hd_dc_existing_trait_pool_triggers.txt","9","文本匹配的顶层定义","2026-09-13"
"hd_dc_extra_character_faction_available_trigger","common/scripted_triggers/hd_dc_faction_pulse_triggers.txt","23","文本匹配的顶层定义","2026-09-13"
"hd_dc_extra_claimant_available_trigger","common/scripted_triggers/hd_dc_faction_pulse_claimant_triggers.txt","84","文本匹配的顶层定义","2026-09-13"
"hd_dc_extra_claimant_creator_trigger","common/scripted_triggers/hd_dc_faction_pulse_claimant_triggers.txt","3","文本匹配的顶层定义","2026-09-13"
"hd_dc_extra_claimant_person_trigger","common/scripted_triggers/hd_dc_faction_pulse_claimant_triggers.txt","23","文本匹配的顶层定义","2026-09-13"
"hd_dc_extra_county_faction_available_trigger","common/scripted_triggers/hd_dc_faction_pulse_triggers.txt","29","文本匹配的顶层定义","2026-09-13"
"hd_dc_extra_faction_county_trigger","common/scripted_triggers/hd_dc_faction_pulse_triggers.txt","19","文本匹配的顶层定义","2026-09-13"
"hd_dc_extra_faction_created","localization/simp_chinese/hd_dc_faction_pulse_debug_l_simp_chinese.yml","20","中文键","2026-09-13"
"hd_dc_extra_faction_creation_failed","localization/simp_chinese/hd_dc_faction_pulse_debug_l_simp_chinese.yml","19","中文键","2026-09-13"
"hd_dc_extra_faction_creator_trigger","common/scripted_triggers/hd_dc_faction_pulse_triggers.txt","14","文本匹配的顶层定义","2026-09-13"
"hd_dc_extra_faction_low_w","localization/simp_chinese/hd_dc_faction_pulse_debug_l_simp_chinese.yml","16","中文键","2026-09-13"
"hd_dc_extra_faction_missed","localization/simp_chinese/hd_dc_faction_pulse_debug_l_simp_chinese.yml","17","中文键","2026-09-13"
"hd_dc_extra_faction_no_type","localization/simp_chinese/hd_dc_faction_pulse_debug_l_simp_chinese.yml","18","中文键","2026-09-13"
"hd_dc_extra_faction_vassal_trigger","common/scripted_triggers/hd_dc_faction_pulse_triggers.txt","3","文本匹配的顶层定义","2026-09-13"
"hd_dc_extra_faction_yearly","common/on_action/hd_dc_faction_pulse_on_actions.txt","5","文本匹配的顶层定义","2026-09-13"
"hd_dc_faction_demand_hazard_modifier","common/scripted_modifiers/hd_dc_faction_modifiers.txt","3","文本匹配的顶层定义","2026-09-13"
"hd_dc_faction_hazard_multiplier_value","common/script_values/hd_dc_faction_values.txt","3","文本匹配的顶层定义","2026-09-13"
"hd_dc_faction_pulse_debug.0001","events/hd_dc_faction_pulse_debug_events.txt","5","文本匹配的顶层定义","2026-09-13"
"hd_dc_faction_pulse_debug.actor","localization/simp_chinese/hd_dc_faction_pulse_debug_l_simp_chinese.yml","9","中文键","2026-09-13"
"hd_dc_faction_pulse_debug.check","localization/simp_chinese/hd_dc_faction_pulse_debug_l_simp_chinese.yml","14","中文键","2026-09-13"
"hd_dc_faction_pulse_debug.check.tt","localization/simp_chinese/hd_dc_faction_pulse_debug_l_simp_chinese.yml","15","中文键","2026-09-13"
"hd_dc_faction_pulse_debug.claimant","localization/simp_chinese/hd_dc_faction_pulse_debug_l_simp_chinese.yml","12","中文键","2026-09-13"
"hd_dc_faction_pulse_debug.county","localization/simp_chinese/hd_dc_faction_pulse_debug_l_simp_chinese.yml","10","中文键","2026-09-13"
"hd_dc_faction_pulse_debug.desc","localization/simp_chinese/hd_dc_faction_pulse_debug_l_simp_chinese.yml","3","中文键","2026-09-13"
"hd_dc_faction_pulse_debug.low_w","localization/simp_chinese/hd_dc_faction_pulse_debug_l_simp_chinese.yml","6","中文键","2026-09-13"
"hd_dc_faction_pulse_debug.no_record","localization/simp_chinese/hd_dc_faction_pulse_debug_l_simp_chinese.yml","7","中文键","2026-09-13"
"hd_dc_faction_pulse_debug.no_title","localization/simp_chinese/hd_dc_faction_pulse_debug_l_simp_chinese.yml","5","中文键","2026-09-13"
"hd_dc_faction_pulse_debug.outside","localization/simp_chinese/hd_dc_faction_pulse_debug_l_simp_chinese.yml","4","中文键","2026-09-13"
"hd_dc_faction_pulse_debug.record","localization/simp_chinese/hd_dc_faction_pulse_debug_l_simp_chinese.yml","8","中文键","2026-09-13"
"hd_dc_faction_pulse_debug.title","localization/simp_chinese/hd_dc_faction_pulse_debug_l_simp_chinese.yml","2","中文键","2026-09-13"
"hd_dc_faction_pulse_debug.type","localization/simp_chinese/hd_dc_faction_pulse_debug_l_simp_chinese.yml","11","中文键","2026-09-13"
"hd_dc_faction_pulse_debug.used","localization/simp_chinese/hd_dc_faction_pulse_debug_l_simp_chinese.yml","13","中文键","2026-09-13"
"hd_dc_faithful_royal_opinion","common/opinion_modifiers/hd_dc_opinions.txt","12","文本匹配的顶层定义","2026-09-13"
"hd_dc_faithful_royal_opinion","localization/simp_chinese/hd_dc_royal_resolution_l_simp_chinese.yml","4","中文键","2026-09-13"
"hd_dc_finish_authored_party_node_effect","common/scripted_effects/hd_dc_party_event_effects.txt","38","文本匹配的顶层定义","2026-09-13"
"hd_dc_finish_ord09_exchange_effect","common/scripted_effects/hd_dc_ransom_effects.txt","188","文本匹配的顶层定义","2026-09-13"
"hd_dc_finish_par01_audit_effect","common/scripted_effects/hd_dc_policy_audit_effects.txt","288","文本匹配的顶层定义","2026-09-13"
"hd_dc_finish_par01_offer_effect","common/scripted_effects/hd_dc_policy_offer_effects.txt","100","文本匹配的顶层定义","2026-09-13"
"hd_dc_finish_policy_trial_effect","common/scripted_effects/hd_dc_policy_effects.txt","105","文本匹配的顶层定义","2026-09-13"
"hd_dc_finish_roy01_effect","common/scripted_effects/hd_dc_royal_event_effects.txt","199","文本匹配的顶层定义","2026-09-13"
"hd_dc_finish_royal_protection_effect","common/scripted_effects/hd_dc_royal_protection_effects.txt","405","文本匹配的顶层定义","2026-09-13"
"hd_dc_fixed_five_year_war_truce_days","common/script_values/hd_dc_truce_values.txt","3","文本匹配的顶层定义","2026-09-13"
"hd_dc_fixed_forty_year_war_truce_days","common/script_values/hd_dc_truce_values.txt","22","文本匹配的顶层定义","2026-09-13"
"hd_dc_fixed_ten_year_war_truce_days","common/script_values/hd_dc_truce_values.txt","16","文本匹配的顶层定义","2026-09-13"
"hd_dc_flood_county_eligible_trigger","common/scripted_triggers/hd_dc_natural_disaster_triggers.txt","8","文本匹配的顶层定义","2026-09-13"
"hd_dc_freeze_existing_trait_pool_region_effect","common/scripted_effects/hd_dc_existing_trait_pool_effects.txt","56","文本匹配的顶层定义","2026-09-13"
"hd_dc_freeze_protection_purge_reason_effect","common/scripted_effects/hd_dc_royal_protection_effects.txt","145","文本匹配的顶层定义","2026-09-13"
"hd_dc_freeze_protection_subject_effect","common/scripted_effects/hd_dc_royal_protection_effects.txt","50","文本匹配的顶层定义","2026-09-13"
"hd_dc_fund_par01_trial_effect","common/scripted_effects/hd_dc_policy_effects.txt","3","文本匹配的顶层定义","2026-09-13"
"hd_dc_gov.0001","events/hd_dc_governance_events.txt","3","文本匹配的顶层定义","2026-09-13"
"hd_dc_gov.0001.a","localization/simp_chinese/hd_dc_governance_l_simp_chinese.yml","9","中文键","2026-09-13"
"hd_dc_gov.0001.a.tt","localization/simp_chinese/hd_dc_governance_l_simp_chinese.yml","10","中文键","2026-09-13"
"hd_dc_gov.0001.b","localization/simp_chinese/hd_dc_governance_l_simp_chinese.yml","11","中文键","2026-09-13"
"hd_dc_gov.0001.b.tt","localization/simp_chinese/hd_dc_governance_l_simp_chinese.yml","12","中文键","2026-09-13"
"hd_dc_gov.0001.desc","localization/simp_chinese/hd_dc_governance_l_simp_chinese.yml","8","中文键","2026-09-13"
"hd_dc_gov.0001.t","localization/simp_chinese/hd_dc_governance_l_simp_chinese.yml","7","中文键","2026-09-13"
"hd_dc_gov.0002","events/hd_dc_governance_events.txt","27","文本匹配的顶层定义","2026-09-13"
"hd_dc_gov.0002.a","localization/simp_chinese/hd_dc_governance_l_simp_chinese.yml","18","中文键","2026-09-13"
"hd_dc_gov.0002.breach","localization/simp_chinese/hd_dc_governance_l_simp_chinese.yml","17","中文键","2026-09-13"
"hd_dc_gov.0002.high","localization/simp_chinese/hd_dc_governance_l_simp_chinese.yml","14","中文键","2026-09-13"
"hd_dc_gov.0002.low","localization/simp_chinese/hd_dc_governance_l_simp_chinese.yml","16","中文键","2026-09-13"
"hd_dc_gov.0002.medium","localization/simp_chinese/hd_dc_governance_l_simp_chinese.yml","15","中文键","2026-09-13"
"hd_dc_gov.0002.t","localization/simp_chinese/hd_dc_governance_l_simp_chinese.yml","13","中文键","2026-09-13"
"hd_dc_governance_accounts_ready_trigger","common/scripted_triggers/hd_dc_governance_triggers.txt","36","文本匹配的顶层定义","2026-09-13"
"hd_dc_governance_full_fulfillment_trigger","common/scripted_triggers/hd_dc_governance_triggers.txt","62","文本匹配的顶层定义","2026-09-13"
"hd_dc_governance_peace_trigger","common/scripted_triggers/hd_dc_governance_triggers.txt","21","文本匹配的顶层定义","2026-09-13"
"hd_dc_governance_review_ready_tt","localization/simp_chinese/hd_dc_governance_l_simp_chinese.yml","6","中文键","2026-09-13"
"hd_dc_governance_reviewer_trigger","common/scripted_triggers/hd_dc_governance_triggers.txt","79","文本匹配的顶层定义","2026-09-13"
"hd_dc_governance_substantive_settlement_trigger","common/scripted_triggers/hd_dc_governance_triggers.txt","58","文本匹配的顶层定义","2026-09-13"
"hd_dc_governance_window_valid_trigger","common/scripted_triggers/hd_dc_governance_triggers.txt","86","文本匹配的顶层定义","2026-09-13"
"hd_dc_governor_trait_candidate_trigger","common/scripted_triggers/hd_dc_governor_trait_triggers.txt","3","文本匹配的顶层定义","2026-09-13"
"hd_dc_grant_ritual_precedence_effect","common/scripted_effects/hd_dc_ritual_effects.txt","91","文本匹配的顶层定义","2026-09-13"
"hd_dc_guard_claimant_demand_effect","common/scripted_effects/hd_dc_royal_pause_effects.txt","44","文本匹配的顶层定义","2026-09-13"
"hd_dc_guard_claimant_faction_war_effect","common/scripted_effects/hd_dc_royal_pause_effects.txt","69","文本匹配的顶层定义","2026-09-13"
"hd_dc_has_hegemon_trigger","common/scripted_triggers/hd_dc_era_triggers.txt","12","文本匹配的顶层定义","2026-09-13"
"hd_dc_hazard_binary_divisor_value","common/script_values/hd_dc_hazard_values.txt","165","文本匹配的顶层定义","2026-09-13"
"hd_dc_hazard_probability_value","common/script_values/hd_dc_hazard_values.txt","31","文本匹配的顶层定义","2026-09-13"
"hd_dc_hazard_scaled_exp_value","common/script_values/hd_dc_hazard_values.txt","150","文本匹配的顶层定义","2026-09-13"
"hd_dc_hazard_scaled_log_value","common/script_values/hd_dc_hazard_values.txt","136","文本匹配的顶层定义","2026-09-13"
"hd_dc_in_chaos_region_trigger","common/scripted_triggers/hd_dc_mechanism_triggers.txt","2","文本匹配的顶层定义","2026-09-13"
"hd_dc_independence_demand_base_value","common/script_values/hd_dc_faction_values.txt","19","文本匹配的顶层定义","2026-09-13"
"hd_dc_initialize_ritual_register_effect","common/scripted_effects/hd_dc_ritual_effects.txt","4","文本匹配的顶层定义","2026-09-13"
"hd_dc_initialize_scope_effect","common/scripted_effects/hd_dc_era_effects.txt","3","文本匹配的顶层定义","2026-09-13"
"hd_dc_interrupt_governance_on_war","common/on_action/hd_dc_observer_on_actions.txt","52","文本匹配的顶层定义","2026-09-13"
"hd_dc_interrupt_governance_stability_effect","common/scripted_effects/hd_dc_governance_effects.txt","113","文本匹配的顶层定义","2026-09-13"
"hd_dc_invite_royal_register_effect","common/scripted_effects/hd_dc_royal_event_effects.txt","222","文本匹配的顶层定义","2026-09-13"
"hd_dc_is_mandate_war_trigger","common/scripted_triggers/hd_dc_era_triggers.txt","28","文本匹配的顶层定义","2026-09-13"
"hd_dc_liberty_demand_base_value","common/script_values/hd_dc_faction_values.txt","40","文本匹配的顶层定义","2026-09-13"
"hd_dc_low_control_trigger","common/scripted_triggers/hd_dc_era_triggers.txt","17","文本匹配的顶层定义","2026-09-13"
"hd_dc_maintain_core_war_effect","common/scripted_effects/hd_dc_war_effects.txt","198","文本匹配的顶层定义","2026-09-13"
"hd_dc_maintain_ord19_cooperation_effect","common/scripted_effects/hd_dc_enemy_child_effects.txt","153","文本匹配的顶层定义","2026-09-13"
"hd_dc_maintain_ordinary_effect","common/scripted_effects/hd_dc_ordinary_effects.txt","230","文本匹配的顶层定义","2026-09-13"
"hd_dc_maintain_par01_audit_effect","common/scripted_effects/hd_dc_policy_audit_effects.txt","111","文本匹配的顶层定义","2026-09-13"
"hd_dc_maintain_party_events_effect","common/scripted_effects/hd_dc_party_event_effects.txt","60","文本匹配的顶层定义","2026-09-13"
"hd_dc_maintain_party_policy_case_effect","common/scripted_effects/hd_dc_party_case_effects.txt","88","文本匹配的顶层定义","2026-09-13"
"hd_dc_maintain_policy_trial_effect","common/scripted_effects/hd_dc_policy_effects.txt","80","文本匹配的顶层定义","2026-09-13"
"hd_dc_maintain_proposal_effect","common/scripted_effects/hd_dc_proposal_effects.txt","167","文本匹配的顶层定义","2026-09-13"
"hd_dc_maintain_record_registry_effect","common/scripted_effects/hd_dc_record_effects.txt","242","文本匹配的顶层定义","2026-09-13"
"hd_dc_maintain_royal_events_effect","common/scripted_effects/hd_dc_royal_event_effects.txt","274","文本匹配的顶层定义","2026-09-13"
"hd_dc_maintain_royal_pause_effect","common/scripted_effects/hd_dc_royal_pause_effects.txt","129","文本匹配的顶层定义","2026-09-13"
"hd_dc_maintain_royal_protection_effect","common/scripted_effects/hd_dc_royal_protection_effects.txt","347","文本匹配的顶层定义","2026-09-13"
"hd_dc_maintain_royal_support_offer_effect","common/scripted_effects/hd_dc_royal_offer_effects.txt","136","文本匹配的顶层定义","2026-09-13"
"hd_dc_mandate_observation_tt","localization/simp_chinese/hd_dc_era_l_simp_chinese.yml","7","中文键","2026-09-13"
"hd_dc_mandate_once_per_era_tt","localization/simp_chinese/hd_dc_era_l_simp_chinese.yml","8","中文键","2026-09-13"
"hd_dc_mandate_war_pending_trigger","common/scripted_triggers/hd_dc_era_triggers.txt","38","文本匹配的顶层定义","2026-09-13"
"hd_dc_map_catalyst_effect","common/scripted_effects/hd_dc_catalyst_effects.txt","57","文本匹配的顶层定义","2026-09-13"
"hd_dc_military_social_snapshot_valid_trigger","common/scripted_triggers/hd_dc_military_selection_triggers.txt","3","文本匹配的顶层定义","2026-09-13"
"hd_dc_murder_base_probability_value","common/script_values/hd_dc_scheme_initiation_values.txt","105","文本匹配的顶层定义","2026-09-13"
"hd_dc_natural_disaster_hazard_multiplier_value","common/script_values/hd_dc_natural_disaster_values.txt","3","文本匹配的顶层定义","2026-09-13"
"hd_dc_natural_disaster_setup","common/on_action/hd_dc_natural_disaster_on_actions.txt","10","文本匹配的顶层定义","2026-09-13"
"hd_dc_negative_completion_dynamic_bad_factor_value","common/script_values/hd_dc_negative_completion_values.txt","98","文本匹配的顶层定义","2026-09-13"
"hd_dc_negative_completion_dynamic_chance_value","common/script_values/hd_dc_negative_completion_values.txt","86","文本匹配的顶层定义","2026-09-13"
"hd_dc_negative_completion_dynamic_other_factor_value","common/script_values/hd_dc_negative_completion_values.txt","108","文本匹配的顶层定义","2026-09-13"
"hd_dc_negative_completion_eligible_trigger","common/scripted_triggers/hd_dc_negative_completion_triggers.txt","2","文本匹配的顶层定义","2026-09-13"
"hd_dc_negative_completion_guest_bad_factor_value","common/script_values/hd_dc_negative_completion_values.txt","73","文本匹配的顶层定义","2026-09-13"
"hd_dc_negative_completion_guest_coping_trigger","common/scripted_triggers/hd_dc_negative_completion_triggers.txt","22","文本匹配的顶层定义","2026-09-13"
"hd_dc_negative_completion_native_bad_value","common/script_values/hd_dc_negative_completion_values.txt","2","文本匹配的顶层定义","2026-09-13"
"hd_dc_negative_completion_native_other_value","common/script_values/hd_dc_negative_completion_values.txt","28","文本匹配的顶层定义","2026-09-13"
"hd_dc_note_par01_reserve_disappointment_effect","common/scripted_effects/hd_dc_policy_offer_effects.txt","150","文本匹配的顶层定义","2026-09-13"
"hd_dc_note_par01_trial_started_effect","common/scripted_effects/hd_dc_policy_offer_effects.txt","132","文本匹配的顶层定义","2026-09-13"
"hd_dc_notify_chaos_effect","common/scripted_effects/hd_dc_era_effects.txt","240","文本匹配的顶层定义","2026-09-13"
"hd_dc_observe_annual_crisis_pool_effect","common/scripted_effects/hd_dc_scheduler_effects.txt","4","文本匹配的顶层定义","2026-09-13"
"hd_dc_observe_governance_effect","common/scripted_effects/hd_dc_governance_effects.txt","4","文本匹配的顶层定义","2026-09-13"
"hd_dc_observe_hegemony_destruction","common/on_action/hd_dc_observer_on_actions.txt","96","文本匹配的顶层定义","2026-09-13"
"hd_dc_observe_mandate_war_effect","common/scripted_effects/hd_dc_era_effects.txt","224","文本匹配的顶层定义","2026-09-13"
"hd_dc_observe_ordinary_pool_effect","common/scripted_effects/hd_dc_ordinary_effects.txt","5","文本匹配的顶层定义","2026-09-13"
"hd_dc_observe_political_state","common/on_action/hd_dc_observer_on_actions.txt","32","文本匹配的顶层定义","2026-09-13"
"hd_dc_observe_royal_war_resolution_effect","common/scripted_effects/hd_dc_royal_resolution_effects.txt","3","文本匹配的顶层定义","2026-09-13"
"hd_dc_observe_title_transfer","common/on_action/hd_dc_observer_on_actions.txt","80","文本匹配的顶层定义","2026-09-13"
"hd_dc_observe_vassal_change","common/on_action/hd_dc_observer_on_actions.txt","106","文本匹配的顶层定义","2026-09-13"
"hd_dc_offer_par01_leadership_effect","common/scripted_effects/hd_dc_policy_offer_effects.txt","2","文本匹配的顶层定义","2026-09-13"
"hd_dc_open_governance_review_effect","common/scripted_effects/hd_dc_governance_effects.txt","130","文本匹配的顶层定义","2026-09-13"
"hd_dc_ord_correspondence_archive_title","localization/simp_chinese/hd_dc_correspondence_l_simp_chinese.yml","12","中文键","2026-09-13"
"hd_dc_ord.0009","events/hd_dc_ordinary_events.txt","12","文本匹配的顶层定义","2026-09-13"
"hd_dc_ord.0009.a","localization/simp_chinese/hd_dc_ordinary_l_simp_chinese.yml","4","中文键","2026-09-13"
"hd_dc_ord.0009.a.tt","localization/simp_chinese/hd_dc_ordinary_l_simp_chinese.yml","5","中文键","2026-09-13"
"hd_dc_ord.0009.b","localization/simp_chinese/hd_dc_ordinary_l_simp_chinese.yml","6","中文键","2026-09-13"
"hd_dc_ord.0009.b.tt","localization/simp_chinese/hd_dc_ordinary_l_simp_chinese.yml","7","中文键","2026-09-13"
"hd_dc_ord.0009.c","localization/simp_chinese/hd_dc_ordinary_l_simp_chinese.yml","8","中文键","2026-09-13"
"hd_dc_ord.0009.c.tt","localization/simp_chinese/hd_dc_ordinary_l_simp_chinese.yml","9","中文键","2026-09-13"
"hd_dc_ord.0009.desc","localization/simp_chinese/hd_dc_ordinary_l_simp_chinese.yml","3","中文键","2026-09-13"
"hd_dc_ord.0009.t","localization/simp_chinese/hd_dc_ordinary_l_simp_chinese.yml","2","中文键","2026-09-13"
"hd_dc_ord.0013","events/hd_dc_ordinary_events.txt","163","文本匹配的顶层定义","2026-09-13"
"hd_dc_ord.0013.a","localization/simp_chinese/hd_dc_ordinary_l_simp_chinese.yml","29","中文键","2026-09-13"
"hd_dc_ord.0013.a.tt","localization/simp_chinese/hd_dc_ordinary_l_simp_chinese.yml","30","中文键","2026-09-13"
"hd_dc_ord.0013.b","localization/simp_chinese/hd_dc_ordinary_l_simp_chinese.yml","31","中文键","2026-09-13"
"hd_dc_ord.0013.b.tt","localization/simp_chinese/hd_dc_ordinary_l_simp_chinese.yml","32","中文键","2026-09-13"
"hd_dc_ord.0013.c","localization/simp_chinese/hd_dc_ordinary_l_simp_chinese.yml","33","中文键","2026-09-13"
"hd_dc_ord.0013.c.tt","localization/simp_chinese/hd_dc_ordinary_l_simp_chinese.yml","34","中文键","2026-09-13"
"hd_dc_ord.0013.desc","localization/simp_chinese/hd_dc_ordinary_l_simp_chinese.yml","28","中文键","2026-09-13"
"hd_dc_ord.0013.t","localization/simp_chinese/hd_dc_ordinary_l_simp_chinese.yml","27","中文键","2026-09-13"
"hd_dc_ord.0019","events/hd_dc_ordinary_events.txt","64","文本匹配的顶层定义","2026-09-13"
"hd_dc_ord.0019.a","localization/simp_chinese/hd_dc_ordinary_l_simp_chinese.yml","23","中文键","2026-09-13"
"hd_dc_ord.0019.a.tt","localization/simp_chinese/hd_dc_ordinary_l_simp_chinese.yml","24","中文键","2026-09-13"
"hd_dc_ord.0019.b","localization/simp_chinese/hd_dc_ordinary_l_simp_chinese.yml","25","中文键","2026-09-13"
"hd_dc_ord.0019.b.tt","localization/simp_chinese/hd_dc_ordinary_l_simp_chinese.yml","26","中文键","2026-09-13"
"hd_dc_ord.0019.c","localization/simp_chinese/hd_dc_correspondence_l_simp_chinese.yml","2","中文键","2026-09-13"
"hd_dc_ord.0019.c.tt","localization/simp_chinese/hd_dc_correspondence_l_simp_chinese.yml","3","中文键","2026-09-13"
"hd_dc_ord.0019.desc","localization/simp_chinese/hd_dc_ordinary_l_simp_chinese.yml","22","中文键","2026-09-13"
"hd_dc_ord.0019.t","localization/simp_chinese/hd_dc_ordinary_l_simp_chinese.yml","21","中文键","2026-09-13"
"hd_dc_ord.0113","events/hd_dc_ordinary_events.txt","201","文本匹配的顶层定义","2026-09-13"
"hd_dc_ord.0113.a","localization/simp_chinese/hd_dc_ordinary_l_simp_chinese.yml","38","中文键","2026-09-13"
"hd_dc_ord.0113.a.tt","localization/simp_chinese/hd_dc_ordinary_l_simp_chinese.yml","39","中文键","2026-09-13"
"hd_dc_ord.0113.b","localization/simp_chinese/hd_dc_ordinary_l_simp_chinese.yml","40","中文键","2026-09-13"
"hd_dc_ord.0113.desc","localization/simp_chinese/hd_dc_ordinary_l_simp_chinese.yml","37","中文键","2026-09-13"
"hd_dc_ord.0113.t","localization/simp_chinese/hd_dc_ordinary_l_simp_chinese.yml","36","中文键","2026-09-13"
"hd_dc_ord.0119","events/hd_dc_ordinary_events.txt","97","文本匹配的顶层定义","2026-09-13"
"hd_dc_ord.0119.a","localization/simp_chinese/hd_dc_correspondence_l_simp_chinese.yml","6","中文键","2026-09-13"
"hd_dc_ord.0119.b","localization/simp_chinese/hd_dc_correspondence_l_simp_chinese.yml","7","中文键","2026-09-13"
"hd_dc_ord.0119.desc","localization/simp_chinese/hd_dc_correspondence_l_simp_chinese.yml","5","中文键","2026-09-13"
"hd_dc_ord.0119.t","localization/simp_chinese/hd_dc_correspondence_l_simp_chinese.yml","4","中文键","2026-09-13"
"hd_dc_ord.0209","events/hd_dc_ordinary_events.txt","45","文本匹配的顶层定义","2026-09-13"
"hd_dc_ord.0209.a","localization/simp_chinese/hd_dc_ordinary_l_simp_chinese.yml","20","中文键","2026-09-13"
"hd_dc_ord.0209.cancelled","localization/simp_chinese/hd_dc_ordinary_l_simp_chinese.yml","19","中文键","2026-09-13"
"hd_dc_ord.0209.exchanged","localization/simp_chinese/hd_dc_ordinary_l_simp_chinese.yml","14","中文键","2026-09-13"
"hd_dc_ord.0209.failed","localization/simp_chinese/hd_dc_ordinary_l_simp_chinese.yml","18","中文键","2026-09-13"
"hd_dc_ord.0209.partial","localization/simp_chinese/hd_dc_ordinary_l_simp_chinese.yml","16","中文键","2026-09-13"
"hd_dc_ord.0209.ransomed","localization/simp_chinese/hd_dc_ordinary_l_simp_chinese.yml","13","中文键","2026-09-13"
"hd_dc_ord.0209.rejected","localization/simp_chinese/hd_dc_ordinary_l_simp_chinese.yml","15","中文键","2026-09-13"
"hd_dc_ord.0209.t","localization/simp_chinese/hd_dc_ordinary_l_simp_chinese.yml","12","中文键","2026-09-13"
"hd_dc_ord.0209.unpaid","localization/simp_chinese/hd_dc_ordinary_l_simp_chinese.yml","17","中文键","2026-09-13"
"hd_dc_ord.0213","events/hd_dc_ordinary_events.txt","225","文本匹配的顶层定义","2026-09-13"
"hd_dc_ord.0213.a","localization/simp_chinese/hd_dc_ordinary_l_simp_chinese.yml","44","中文键","2026-09-13"
"hd_dc_ord.0213.declined","localization/simp_chinese/hd_dc_ordinary_l_simp_chinese.yml","43","中文键","2026-09-13"
"hd_dc_ord.0213.helped","localization/simp_chinese/hd_dc_ordinary_l_simp_chinese.yml","42","中文键","2026-09-13"
"hd_dc_ord.0213.t","localization/simp_chinese/hd_dc_ordinary_l_simp_chinese.yml","41","中文键","2026-09-13"
"hd_dc_ord.0219","events/hd_dc_ordinary_events.txt","120","文本匹配的顶层定义","2026-09-13"
"hd_dc_ord.0219.a","localization/simp_chinese/hd_dc_correspondence_l_simp_chinese.yml","10","中文键","2026-09-13"
"hd_dc_ord.0219.b","localization/simp_chinese/hd_dc_correspondence_l_simp_chinese.yml","11","中文键","2026-09-13"
"hd_dc_ord.0219.desc","localization/simp_chinese/hd_dc_correspondence_l_simp_chinese.yml","9","中文键","2026-09-13"
"hd_dc_ord.0219.t","localization/simp_chinese/hd_dc_correspondence_l_simp_chinese.yml","8","中文键","2026-09-13"
"hd_dc_ord.0313","events/hd_dc_ordinary_events.txt","5","文本匹配的顶层定义","2026-09-13"
"hd_dc_ord.0319","events/hd_dc_ordinary_events.txt","142","文本匹配的顶层定义","2026-09-13"
"hd_dc_ord.0319.a","localization/simp_chinese/hd_dc_correspondence_l_simp_chinese.yml","19","中文键","2026-09-13"
"hd_dc_ord.0319.completed","localization/simp_chinese/hd_dc_correspondence_l_simp_chinese.yml","13","中文键","2026-09-13"
"hd_dc_ord.0319.expired","localization/simp_chinese/hd_dc_correspondence_l_simp_chinese.yml","17","中文键","2026-09-13"
"hd_dc_ord.0319.invalidated","localization/simp_chinese/hd_dc_correspondence_l_simp_chinese.yml","18","中文键","2026-09-13"
"hd_dc_ord.0319.rejected","localization/simp_chinese/hd_dc_correspondence_l_simp_chinese.yml","14","中文键","2026-09-13"
"hd_dc_ord.0319.unpaid","localization/simp_chinese/hd_dc_correspondence_l_simp_chinese.yml","15","中文键","2026-09-13"
"hd_dc_ord.0319.withdrawn","localization/simp_chinese/hd_dc_correspondence_l_simp_chinese.yml","16","中文键","2026-09-13"
"hd_dc_ord.invalidated","localization/simp_chinese/hd_dc_ordinary_l_simp_chinese.yml","35","中文键","2026-09-13"
"hd_dc_ord09_a_terms","localization/simp_chinese/hd_dc_ordinary_l_simp_chinese.yml","10","中文键","2026-09-13"
"hd_dc_ord09_c_terms","localization/simp_chinese/hd_dc_ordinary_l_simp_chinese.yml","11","中文键","2026-09-13"
"hd_dc_ord09_can_exchange_trigger","common/scripted_triggers/hd_dc_ransom_triggers.txt","81","文本匹配的顶层定义","2026-09-13"
"hd_dc_ord09_captor_trigger","common/scripted_triggers/hd_dc_ransom_triggers.txt","14","文本匹配的顶层定义","2026-09-13"
"hd_dc_ord09_case_valid_trigger","common/scripted_triggers/hd_dc_ransom_triggers.txt","41","文本匹配的顶层定义","2026-09-13"
"hd_dc_ord09_eligible_trigger","common/scripted_triggers/hd_dc_ransom_triggers.txt","29","文本匹配的顶层定义","2026-09-13"
"hd_dc_ord09_exchange_prisoner_trigger","common/scripted_triggers/hd_dc_ransom_triggers.txt","74","文本匹配的顶层定义","2026-09-13"
"hd_dc_ord09_offer_effect","common/scripted_effects/hd_dc_ransom_effects.txt","28","文本匹配的顶层定义","2026-09-13"
"hd_dc_ord09_prisoner_trigger","common/scripted_triggers/hd_dc_ransom_triggers.txt","22","文本匹配的顶层定义","2026-09-13"
"hd_dc_ord09_refuse_effect","common/scripted_effects/hd_dc_ransom_effects.txt","58","文本匹配的顶层定义","2026-09-13"
"hd_dc_ord09_releasable_trigger","common/scripted_triggers/hd_dc_ransom_triggers.txt","2","文本匹配的顶层定义","2026-09-13"
"hd_dc_ord09_window_valid_trigger","common/scripted_triggers/hd_dc_ransom_triggers.txt","62","文本匹配的顶层定义","2026-09-13"
"hd_dc_ord13_answer_help_effect","common/scripted_effects/hd_dc_ordinary_effects.txt","176","文本匹配的顶层定义","2026-09-13"
"hd_dc_ord13_ask_help_effect","common/scripted_effects/hd_dc_ordinary_effects.txt","120","文本匹配的顶层定义","2026-09-13"
"hd_dc_ord13_confidant_trigger","common/scripted_triggers/hd_dc_ordinary_triggers.txt","53","文本匹配的顶层定义","2026-09-13"
"hd_dc_ord13_delegate_effect","common/scripted_effects/hd_dc_ordinary_effects.txt","58","文本匹配的顶层定义","2026-09-13"
"hd_dc_ord13_delegation_valid_trigger","common/scripted_triggers/hd_dc_ordinary_triggers.txt","40","文本匹配的顶层定义","2026-09-13"
"hd_dc_ord13_eligible_trigger","common/scripted_triggers/hd_dc_ordinary_triggers.txt","9","文本匹配的顶层定义","2026-09-13"
"hd_dc_ord13_has_confidant_trigger","common/scripted_triggers/hd_dc_ordinary_triggers.txt","66","文本匹配的顶层定义","2026-09-13"
"hd_dc_ord13_help_response_valid_trigger","common/scripted_triggers/hd_dc_ordinary_triggers.txt","73","文本匹配的顶层定义","2026-09-13"
"hd_dc_ord13_native_stress_followup_trigger","common/scripted_triggers/hd_dc_ordinary_triggers.txt","94","文本匹配的顶层定义","2026-09-13"
"hd_dc_ord13_personality_stress_effect","common/scripted_effects/hd_dc_ordinary_effects.txt","148","文本匹配的顶层定义","2026-09-13"
"hd_dc_ord13_petitioner_trigger","common/scripted_triggers/hd_dc_ordinary_triggers.txt","2","文本匹配的顶层定义","2026-09-13"
"hd_dc_ord13_rebuke_effect","common/scripted_effects/hd_dc_ordinary_effects.txt","93","文本匹配的顶层定义","2026-09-13"
"hd_dc_ord13_window_valid_trigger","common/scripted_triggers/hd_dc_ordinary_triggers.txt","19","文本匹配的顶层定义","2026-09-13"
"hd_dc_ord19_accept_cooperation_effect","common/scripted_effects/hd_dc_enemy_child_effects.txt","49","文本匹配的顶层定义","2026-09-13"
"hd_dc_ord19_blame_family_effect","common/scripted_effects/hd_dc_enemy_child_effects.txt","182","文本匹配的顶层定义","2026-09-13"
"hd_dc_ord19_can_offer_cooperation_trigger","common/scripted_triggers/hd_dc_enemy_child_triggers.txt","72","文本匹配的顶层定义","2026-09-13"
"hd_dc_ord19_cooperation_context_trigger","common/scripted_triggers/hd_dc_enemy_child_triggers.txt","79","文本匹配的顶层定义","2026-09-13"
"hd_dc_ord19_cooperation_invitation_trigger","common/scripted_triggers/hd_dc_enemy_child_triggers.txt","115","文本匹配的顶层定义","2026-09-13"
"hd_dc_ord19_cooperation_letter_trigger","common/scripted_triggers/hd_dc_enemy_child_triggers.txt","124","文本匹配的顶层定义","2026-09-13"
"hd_dc_ord19_cooperation_response_trigger","common/scripted_triggers/hd_dc_enemy_child_triggers.txt","105","文本匹配的顶层定义","2026-09-13"
"hd_dc_ord19_decline_cooperation_effect","common/scripted_effects/hd_dc_enemy_child_effects.txt","91","文本匹配的顶层定义","2026-09-13"
"hd_dc_ord19_eligible_trigger","common/scripted_triggers/hd_dc_enemy_child_triggers.txt","21","文本匹配的顶层定义","2026-09-13"
"hd_dc_ord19_finish_cooperation_effect","common/scripted_effects/hd_dc_enemy_child_effects.txt","142","文本匹配的顶层定义","2026-09-13"
"hd_dc_ord19_guarantor_trigger","common/scripted_triggers/hd_dc_enemy_child_triggers.txt","60","文本匹配的顶层定义","2026-09-13"
"hd_dc_ord19_judge_person_effect","common/scripted_effects/hd_dc_enemy_child_effects.txt","168","文本匹配的顶层定义","2026-09-13"
"hd_dc_ord19_offer_cooperation_effect","common/scripted_effects/hd_dc_enemy_child_effects.txt","31","文本匹配的顶层定义","2026-09-13"
"hd_dc_ord19_submit_letter_effect","common/scripted_effects/hd_dc_enemy_child_effects.txt","102","文本匹配的顶层定义","2026-09-13"
"hd_dc_ord19_visitor_trigger","common/scripted_triggers/hd_dc_enemy_child_triggers.txt","3","文本匹配的顶层定义","2026-09-13"
"hd_dc_ord19_window_valid_trigger","common/scripted_triggers/hd_dc_enemy_child_triggers.txt","29","文本匹配的顶层定义","2026-09-13"
"hd_dc_ord19_withdraw_letter_effect","common/scripted_effects/hd_dc_enemy_child_effects.txt","130","文本匹配的顶层定义","2026-09-13"
"hd_dc_ordinary_response_opinion","common/opinion_modifiers/hd_dc_opinions.txt","10","文本匹配的顶层定义","2026-09-13"
"hd_dc_ordinary_response_opinion","localization/simp_chinese/hd_dc_ordinary_l_simp_chinese.yml","45","中文键","2026-09-13"
"hd_dc_ordinary_yearly","common/on_action/hd_dc_observer_on_actions.txt","11","文本匹配的顶层定义","2026-09-13"
"hd_dc_par_group_qualified_trigger","common/scripted_triggers/hd_dc_party_triggers.txt","28","文本匹配的顶层定义","2026-09-13"
"hd_dc_par_group_snapshot_current_trigger","common/scripted_triggers/hd_dc_party_triggers.txt","79","文本匹配的顶层定义","2026-09-13"
"hd_dc_par_hostile_pair_trigger","common/scripted_triggers/hd_dc_party_triggers.txt","113","文本匹配的顶层定义","2026-09-13"
"hd_dc_par_named_pair_trigger","common/scripted_triggers/hd_dc_party_triggers.txt","3","文本匹配的顶层定义","2026-09-13"
"hd_dc_par_native_movement_trigger","common/scripted_triggers/hd_dc_party_triggers.txt","13","文本匹配的顶层定义","2026-09-13"
"hd_dc_par_office_member_trigger","common/scripted_triggers/hd_dc_party_triggers.txt","22","文本匹配的顶层定义","2026-09-13"
"hd_dc_par_power_fivefold_value","common/script_values/hd_dc_party_values.txt","2","文本匹配的顶层定义","2026-09-13"
"hd_dc_par_snapshot_group_count_value","common/script_values/hd_dc_party_values.txt","7","文本匹配的顶层定义","2026-09-13"
"hd_dc_par_snapshot_valid_trigger","common/scripted_triggers/hd_dc_party_triggers.txt","50","文本匹配的顶层定义","2026-09-13"
"hd_dc_par_tax_relief_modifier","common/modifiers/hd_dc_policy_modifiers.txt","3","文本匹配的顶层定义","2026-09-13"
"hd_dc_par_tax_relief_modifier","localization/simp_chinese/hd_dc_policy_l_simp_chinese.yml","2","中文键","2026-09-13"
"hd_dc_par_tax_relief_modifier_desc","localization/simp_chinese/hd_dc_policy_l_simp_chinese.yml","28","中文键","2026-09-13"
"hd_dc_par.0001","events/hd_dc_party_node_events.txt","3","文本匹配的顶层定义","2026-09-13"
"hd_dc_par.0001.a","localization/simp_chinese/hd_dc_policy_audit_l_simp_chinese.yml","4","中文键","2026-09-13"
"hd_dc_par.0001.a.tt","localization/simp_chinese/hd_dc_policy_audit_l_simp_chinese.yml","5","中文键","2026-09-13"
"hd_dc_par.0001.b","localization/simp_chinese/hd_dc_policy_audit_l_simp_chinese.yml","6","中文键","2026-09-13"
"hd_dc_par.0001.b.tt","localization/simp_chinese/hd_dc_policy_audit_l_simp_chinese.yml","7","中文键","2026-09-13"
"hd_dc_par.0001.c","localization/simp_chinese/hd_dc_policy_audit_l_simp_chinese.yml","8","中文键","2026-09-13"
"hd_dc_par.0001.c.tt","localization/simp_chinese/hd_dc_policy_audit_l_simp_chinese.yml","9","中文键","2026-09-13"
"hd_dc_par.0001.d","localization/simp_chinese/hd_dc_policy_audit_l_simp_chinese.yml","10","中文键","2026-09-13"
"hd_dc_par.0001.d.tt","localization/simp_chinese/hd_dc_policy_audit_l_simp_chinese.yml","11","中文键","2026-09-13"
"hd_dc_par.0001.desc","localization/simp_chinese/hd_dc_policy_audit_l_simp_chinese.yml","3","中文键","2026-09-13"
"hd_dc_par.0001.t","localization/simp_chinese/hd_dc_policy_audit_l_simp_chinese.yml","2","中文键","2026-09-13"
"hd_dc_par.1001","events/hd_dc_party_events.txt","70","文本匹配的顶层定义","2026-09-13"
"hd_dc_par.1001.a","localization/simp_chinese/hd_dc_policy_l_simp_chinese.yml","20","中文键","2026-09-13"
"hd_dc_par.1001.a.tt","localization/simp_chinese/hd_dc_policy_l_simp_chinese.yml","21","中文键","2026-09-13"
"hd_dc_par.1001.b","localization/simp_chinese/hd_dc_policy_l_simp_chinese.yml","22","中文键","2026-09-13"
"hd_dc_par.1001.b.tt","localization/simp_chinese/hd_dc_policy_l_simp_chinese.yml","23","中文键","2026-09-13"
"hd_dc_par.1001.c","localization/simp_chinese/hd_dc_policy_l_simp_chinese.yml","24","中文键","2026-09-13"
"hd_dc_par.1001.c.tt","localization/simp_chinese/hd_dc_policy_l_simp_chinese.yml","25","中文键","2026-09-13"
"hd_dc_par.1001.desc","localization/simp_chinese/hd_dc_policy_l_simp_chinese.yml","19","中文键","2026-09-13"
"hd_dc_par.1001.t","localization/simp_chinese/hd_dc_policy_l_simp_chinese.yml","18","中文键","2026-09-13"
"hd_dc_par.1101","events/hd_dc_party_events.txt","26","文本匹配的顶层定义","2026-09-13"
"hd_dc_par.1101.a","localization/simp_chinese/hd_dc_policy_l_simp_chinese.yml","9","中文键","2026-09-13"
"hd_dc_par.1101.a.tt","localization/simp_chinese/hd_dc_policy_l_simp_chinese.yml","10","中文键","2026-09-13"
"hd_dc_par.1101.desc","localization/simp_chinese/hd_dc_policy_l_simp_chinese.yml","8","中文键","2026-09-13"
"hd_dc_par.1101.t","localization/simp_chinese/hd_dc_policy_l_simp_chinese.yml","7","中文键","2026-09-13"
"hd_dc_par.1201","events/hd_dc_party_events.txt","38","文本匹配的顶层定义","2026-09-13"
"hd_dc_par.1201.a","localization/simp_chinese/hd_dc_policy_l_simp_chinese.yml","15","中文键","2026-09-13"
"hd_dc_par.1201.authority_lost","localization/simp_chinese/hd_dc_policy_l_simp_chinese.yml","13","中文键","2026-09-13"
"hd_dc_par.1201.fulfilled","localization/simp_chinese/hd_dc_policy_l_simp_chinese.yml","12","中文键","2026-09-13"
"hd_dc_par.1201.interrupted","localization/simp_chinese/hd_dc_policy_l_simp_chinese.yml","14","中文键","2026-09-13"
"hd_dc_par.1201.no_q.tt","localization/simp_chinese/hd_dc_policy_l_simp_chinese.yml","17","中文键","2026-09-13"
"hd_dc_par.1201.q.tt","localization/simp_chinese/hd_dc_policy_l_simp_chinese.yml","16","中文键","2026-09-13"
"hd_dc_par.1201.t","localization/simp_chinese/hd_dc_policy_l_simp_chinese.yml","11","中文键","2026-09-13"
"hd_dc_par.1202","events/hd_dc_party_events.txt","3","文本匹配的顶层定义","2026-09-13"
"hd_dc_par.1202.a","localization/simp_chinese/hd_dc_policy_l_simp_chinese.yml","35","中文键","2026-09-13"
"hd_dc_par.1202.a.tt","localization/simp_chinese/hd_dc_policy_l_simp_chinese.yml","36","中文键","2026-09-13"
"hd_dc_par.1202.expired","localization/simp_chinese/hd_dc_policy_l_simp_chinese.yml","32","中文键","2026-09-13"
"hd_dc_par.1202.funding_failed","localization/simp_chinese/hd_dc_policy_l_simp_chinese.yml","33","中文键","2026-09-13"
"hd_dc_par.1202.invalidated","localization/simp_chinese/hd_dc_policy_l_simp_chinese.yml","34","中文键","2026-09-13"
"hd_dc_par.1202.rejected","localization/simp_chinese/hd_dc_policy_l_simp_chinese.yml","31","中文键","2026-09-13"
"hd_dc_par.1202.t","localization/simp_chinese/hd_dc_policy_l_simp_chinese.yml","30","中文键","2026-09-13"
"hd_dc_par.1301","events/hd_dc_party_node_events.txt","46","文本匹配的顶层定义","2026-09-13"
"hd_dc_par.1301.a","localization/simp_chinese/hd_dc_policy_audit_l_simp_chinese.yml","17","中文键","2026-09-13"
"hd_dc_par.1301.audit","localization/simp_chinese/hd_dc_policy_audit_l_simp_chinese.yml","14","中文键","2026-09-13"
"hd_dc_par.1301.b","localization/simp_chinese/hd_dc_policy_audit_l_simp_chinese.yml","18","中文键","2026-09-13"
"hd_dc_par.1301.relief","localization/simp_chinese/hd_dc_policy_audit_l_simp_chinese.yml","15","中文键","2026-09-13"
"hd_dc_par.1301.reserve","localization/simp_chinese/hd_dc_policy_audit_l_simp_chinese.yml","16","中文键","2026-09-13"
"hd_dc_par.1301.t","localization/simp_chinese/hd_dc_policy_audit_l_simp_chinese.yml","13","中文键","2026-09-13"
"hd_dc_par.1302","events/hd_dc_party_node_events.txt","63","文本匹配的顶层定义","2026-09-13"
"hd_dc_par.1302.a","localization/simp_chinese/hd_dc_policy_audit_l_simp_chinese.yml","22","中文键","2026-09-13"
"hd_dc_par.1302.b","localization/simp_chinese/hd_dc_policy_audit_l_simp_chinese.yml","23","中文键","2026-09-13"
"hd_dc_par.1302.first","localization/simp_chinese/hd_dc_policy_audit_l_simp_chinese.yml","20","中文键","2026-09-13"
"hd_dc_par.1302.second","localization/simp_chinese/hd_dc_policy_audit_l_simp_chinese.yml","21","中文键","2026-09-13"
"hd_dc_par.1302.t","localization/simp_chinese/hd_dc_policy_audit_l_simp_chinese.yml","19","中文键","2026-09-13"
"hd_dc_par.1303","events/hd_dc_party_node_events.txt","77","文本匹配的顶层定义","2026-09-13"
"hd_dc_par.1303.a","localization/simp_chinese/hd_dc_policy_audit_l_simp_chinese.yml","28","中文键","2026-09-13"
"hd_dc_par.1303.failed","localization/simp_chinese/hd_dc_policy_audit_l_simp_chinese.yml","27","中文键","2026-09-13"
"hd_dc_par.1303.partial","localization/simp_chinese/hd_dc_policy_audit_l_simp_chinese.yml","26","中文键","2026-09-13"
"hd_dc_par.1303.t","localization/simp_chinese/hd_dc_policy_audit_l_simp_chinese.yml","24","中文键","2026-09-13"
"hd_dc_par.1303.verified","localization/simp_chinese/hd_dc_policy_audit_l_simp_chinese.yml","25","中文键","2026-09-13"
"hd_dc_par.invalid","localization/simp_chinese/hd_dc_policy_audit_l_simp_chinese.yml","12","中文键","2026-09-13"
"hd_dc_par.window_closed","localization/simp_chinese/hd_dc_policy_l_simp_chinese.yml","26","中文键","2026-09-13"
"hd_dc_par01_answer_executor_effect","common/scripted_effects/hd_dc_policy_audit_effects.txt","49","文本匹配的顶层定义","2026-09-13"
"hd_dc_par01_assert_existing_policy_effect","common/scripted_effects/hd_dc_party_event_effects.txt","3","文本匹配的顶层定义","2026-09-13"
"hd_dc_par01_audit_available_trigger","common/scripted_triggers/hd_dc_policy_audit_triggers.txt","2","文本匹配的顶层定义","2026-09-13"
"hd_dc_par01_audit_context_trigger","common/scripted_triggers/hd_dc_policy_audit_triggers.txt","33","文本匹配的顶层定义","2026-09-13"
"hd_dc_par01_auditor_window_trigger","common/scripted_triggers/hd_dc_policy_audit_triggers.txt","55","文本匹配的顶层定义","2026-09-13"
"hd_dc_par01_check_trial_side_effect","common/scripted_effects/hd_dc_policy_audit_effects.txt","197","文本匹配的顶层定义","2026-09-13"
"hd_dc_par01_comparison_available_trigger","common/scripted_triggers/hd_dc_policy_audit_triggers.txt","22","文本匹配的顶层定义","2026-09-13"
"hd_dc_par01_comparison_county_trigger","common/scripted_triggers/hd_dc_policy_audit_triggers.txt","13","文本匹配的顶层定义","2026-09-13"
"hd_dc_par01_end_trial_side_effect","common/scripted_effects/hd_dc_policy_audit_effects.txt","231","文本匹配的顶层定义","2026-09-13"
"hd_dc_par01_executor_window_trigger","common/scripted_triggers/hd_dc_policy_audit_triggers.txt","41","文本匹配的顶层定义","2026-09-13"
"hd_dc_par01_fund_audit_side_effect","common/scripted_effects/hd_dc_policy_audit_effects.txt","70","文本匹配的顶层定义","2026-09-13"
"hd_dc_par01_local_agreement_trigger","common/scripted_triggers/hd_dc_policy_triggers.txt","12","文本匹配的顶层定义","2026-09-13"
"hd_dc_par01_local_relief_terms","localization/simp_chinese/hd_dc_policy_l_simp_chinese.yml","27","中文键","2026-09-13"
"hd_dc_par01_offer_audit_effect","common/scripted_effects/hd_dc_policy_audit_effects.txt","3","文本匹配的顶层定义","2026-09-13"
"hd_dc_par01_offer_context_trigger","common/scripted_triggers/hd_dc_policy_offer_triggers.txt","20","文本匹配的顶层定义","2026-09-13"
"hd_dc_par01_parties_valid_trigger","common/scripted_triggers/hd_dc_party_event_triggers.txt","1","文本匹配的顶层定义","2026-09-13"
"hd_dc_par01_political_consent_trigger","common/scripted_triggers/hd_dc_policy_triggers.txt","53","文本匹配的顶层定义","2026-09-13"
"hd_dc_par01_relief_leadership_terms","localization/simp_chinese/hd_dc_policy_l_simp_chinese.yml","29","中文键","2026-09-13"
"hd_dc_par01_relief_offer_valid_trigger","common/scripted_triggers/hd_dc_policy_offer_triggers.txt","1","文本匹配的顶层定义","2026-09-13"
"hd_dc_par01_request_reports_effect","common/scripted_effects/hd_dc_policy_audit_effects.txt","250","文本匹配的顶层定义","2026-09-13"
"hd_dc_par01_send_executor_effect","common/scripted_effects/hd_dc_policy_audit_effects.txt","41","文本匹配的顶层定义","2026-09-13"
"hd_dc_par01_submit_audit_effect","common/scripted_effects/hd_dc_policy_audit_effects.txt","260","文本匹配的顶层定义","2026-09-13"
"hd_dc_par01_trial_ready_trigger","common/scripted_triggers/hd_dc_policy_triggers.txt","79","文本匹配的顶层定义","2026-09-13"
"hd_dc_par01_window_valid_trigger","common/scripted_triggers/hd_dc_party_event_triggers.txt","35","文本匹配的顶层定义","2026-09-13"
"hd_dc_party_case_county_trigger","common/scripted_triggers/hd_dc_party_case_triggers.txt","3","文本匹配的顶层定义","2026-09-13"
"hd_dc_party_case_current_trigger","common/scripted_triggers/hd_dc_party_case_triggers.txt","17","文本匹配的顶层定义","2026-09-13"
"hd_dc_party_case_window_valid_trigger","common/scripted_triggers/hd_dc_party_case_triggers.txt","48","文本匹配的顶层定义","2026-09-13"
"hd_dc_pause_royal_support_effect","common/scripted_effects/hd_dc_royal_pause_effects.txt","1","文本匹配的顶层定义","2026-09-13"
"hd_dc_pay_royal_support_reward_effect","common/scripted_effects/hd_dc_royal_offer_effects.txt","81","文本匹配的顶层定义","2026-09-13"
"hd_dc_payment_authorized_trigger","common/scripted_triggers/hd_dc_payment_triggers.txt","5","文本匹配的顶层定义","2026-09-13"
"hd_dc_payment_completed_trigger","common/scripted_triggers/hd_dc_payment_triggers.txt","49","文本匹配的顶层定义","2026-09-13"
"hd_dc_petition_war_truce_years","common/script_values/hd_dc_truce_values.txt","43","文本匹配的顶层定义","2026-09-13"
"hd_dc_policy_affected_county_trigger","common/scripted_triggers/hd_dc_policy_triggers.txt","2","文本匹配的顶层定义","2026-09-13"
"hd_dc_policy_notice_recipient_trigger","common/scripted_triggers/hd_dc_policy_triggers.txt","97","文本匹配的顶层定义","2026-09-13"
"hd_dc_policy_retained_opinion","common/opinion_modifiers/hd_dc_opinions.txt","14","文本匹配的顶层定义","2026-09-13"
"hd_dc_policy_retained_opinion","localization/simp_chinese/hd_dc_policy_l_simp_chinese.yml","4","中文键","2026-09-13"
"hd_dc_policy_silenced_opinion","common/opinion_modifiers/hd_dc_opinions.txt","13","文本匹配的顶层定义","2026-09-13"
"hd_dc_policy_silenced_opinion","localization/simp_chinese/hd_dc_policy_l_simp_chinese.yml","3","中文键","2026-09-13"
"hd_dc_policy_trial_authority_trigger","common/scripted_triggers/hd_dc_policy_triggers.txt","110","文本匹配的顶层定义","2026-09-13"
"hd_dc_policy_trial_passed_over_opinion","common/opinion_modifiers/hd_dc_opinions.txt","16","文本匹配的顶层定义","2026-09-13"
"hd_dc_policy_trial_passed_over_opinion","localization/simp_chinese/hd_dc_policy_l_simp_chinese.yml","6","中文键","2026-09-13"
"hd_dc_policy_trial_selected_opinion","common/opinion_modifiers/hd_dc_opinions.txt","15","文本匹配的顶层定义","2026-09-13"
"hd_dc_policy_trial_selected_opinion","localization/simp_chinese/hd_dc_policy_l_simp_chinese.yml","5","中文键","2026-09-13"
"hd_dc_prepare_ability_action_effect","common/scripted_effects/hd_dc_action_effects.txt","4","文本匹配的顶层定义","2026-09-13"
"hd_dc_prepare_dinner_trait_pool_effect","common/scripted_effects/hd_dc_existing_trait_pool_effects.txt","3","文本匹配的顶层定义","2026-09-13"
"hd_dc_prepare_education_trait_pool_effect","common/scripted_effects/hd_dc_existing_trait_pool_effects.txt","36","文本匹配的顶层定义","2026-09-13"
"hd_dc_prepare_extra_claimant_effect","common/scripted_effects/hd_dc_faction_pulse_claimant_effects.txt","4","文本匹配的顶层定义","2026-09-13"
"hd_dc_prepare_governor_trait_roll_effect","common/scripted_effects/hd_dc_governor_trait_effects.txt","19","文本匹配的顶层定义","2026-09-13"
"hd_dc_prepare_inspiration_trait_pool_effect","common/scripted_effects/hd_dc_existing_trait_pool_effects.txt","48","文本匹配的顶层定义","2026-09-13"
"hd_dc_prepare_instance_effect","common/scripted_effects/hd_dc_record_effects.txt","116","文本匹配的顶层定义","2026-09-13"
"hd_dc_prepare_negative_completion_chariot_pool_effect","common/scripted_effects/hd_dc_negative_completion_effects.txt","26","文本匹配的顶层定义","2026-09-13"
"hd_dc_prepare_negative_completion_dynamic_pool_effect","common/scripted_effects/hd_dc_negative_completion_effects.txt","48","文本匹配的顶层定义","2026-09-13"
"hd_dc_prepare_negative_completion_guest_pool_effect","common/scripted_effects/hd_dc_negative_completion_effects.txt","66","文本匹配的顶层定义","2026-09-13"
"hd_dc_prepare_negative_completion_inspiration_teach_effect","common/scripted_effects/hd_dc_negative_completion_effects.txt","95","文本匹配的顶层定义","2026-09-13"
"hd_dc_prepare_negative_completion_roll_effect","common/scripted_effects/hd_dc_negative_completion_effects.txt","3","文本匹配的顶层定义","2026-09-13"
"hd_dc_prepare_negative_completion_simple_pool_effect","common/scripted_effects/hd_dc_negative_completion_effects.txt","19","文本匹配的顶层定义","2026-09-13"
"hd_dc_prepare_negative_relation_completion_effect","common/scripted_effects/hd_dc_negative_relation_completion_effects.txt","34","文本匹配的顶层定义","2026-09-13"
"hd_dc_prepare_party_policy_case_effect","common/scripted_effects/hd_dc_party_case_effects.txt","3","文本匹配的顶层定义","2026-09-13"
"hd_dc_prepare_rivalry_roll_effect","common/scripted_effects/hd_dc_relation_effects.txt","6","文本匹配的顶层定义","2026-09-13"
"hd_dc_prepare_spouse_dispute_roll_effect","common/scripted_effects/hd_dc_family_effects.txt","3","文本匹配的顶层定义","2026-09-13"
"hd_dc_prepare_substance_trait_roll_effect","common/scripted_effects/hd_dc_trait_effects.txt","5","文本匹配的顶层定义","2026-09-13"
"hd_dc_prepare_tournament_sabotage_relation_effect","common/scripted_effects/hd_dc_negative_relation_completion_effects.txt","3","文本匹配的顶层定义","2026-09-13"
"hd_dc_prepare_witch_guest_relation_effect","common/scripted_effects/hd_dc_negative_relation_completion_effects.txt","10","文本匹配的顶层定义","2026-09-13"
"hd_dc_prepare_yearly_4001_relation_effect","common/scripted_effects/hd_dc_negative_relation_completion_effects.txt","48","文本匹配的顶层定义","2026-09-13"
"hd_dc_pressure_band_value","common/script_values/hd_dc_pressure_values.txt","3","文本匹配的顶层定义","2026-09-13"
"hd_dc_pressure_character_2","common/modifiers/hd_dc_pressure_modifiers.txt","2","文本匹配的顶层定义","2026-09-13"
"hd_dc_pressure_character_2","localization/simp_chinese/hd_dc_pressure_l_simp_chinese.yml","2","中文键","2026-09-13"
"hd_dc_pressure_character_3","common/modifiers/hd_dc_pressure_modifiers.txt","7","文本匹配的顶层定义","2026-09-13"
"hd_dc_pressure_character_3","localization/simp_chinese/hd_dc_pressure_l_simp_chinese.yml","3","中文键","2026-09-13"
"hd_dc_pressure_character_4","common/modifiers/hd_dc_pressure_modifiers.txt","12","文本匹配的顶层定义","2026-09-13"
"hd_dc_pressure_character_4","localization/simp_chinese/hd_dc_pressure_l_simp_chinese.yml","4","中文键","2026-09-13"
"hd_dc_pressure_character_5","common/modifiers/hd_dc_pressure_modifiers.txt","17","文本匹配的顶层定义","2026-09-13"
"hd_dc_pressure_character_5","localization/simp_chinese/hd_dc_pressure_l_simp_chinese.yml","5","中文键","2026-09-13"
"hd_dc_pressure_county_2","common/modifiers/hd_dc_pressure_modifiers.txt","22","文本匹配的顶层定义","2026-09-13"
"hd_dc_pressure_county_2","localization/simp_chinese/hd_dc_pressure_l_simp_chinese.yml","6","中文键","2026-09-13"
"hd_dc_pressure_county_3","common/modifiers/hd_dc_pressure_modifiers.txt","23","文本匹配的顶层定义","2026-09-13"
"hd_dc_pressure_county_3","localization/simp_chinese/hd_dc_pressure_l_simp_chinese.yml","7","中文键","2026-09-13"
"hd_dc_pressure_county_4","common/modifiers/hd_dc_pressure_modifiers.txt","24","文本匹配的顶层定义","2026-09-13"
"hd_dc_pressure_county_4","localization/simp_chinese/hd_dc_pressure_l_simp_chinese.yml","8","中文键","2026-09-13"
"hd_dc_pressure_county_5","common/modifiers/hd_dc_pressure_modifiers.txt","25","文本匹配的顶层定义","2026-09-13"
"hd_dc_pressure_county_5","localization/simp_chinese/hd_dc_pressure_l_simp_chinese.yml","9","中文键","2026-09-13"
"hd_dc_pressure_phase_end_effect","common/scripted_effects/hd_dc_pressure_effects.txt","29","文本匹配的顶层定义","2026-09-13"
"hd_dc_pressure_status","localization/simp_chinese/hd_dc_pressure_l_simp_chinese.yml","10","中文键","2026-09-13"
"hd_dc_pressure_status_tt","localization/simp_chinese/hd_dc_pressure_l_simp_chinese.yml","11","中文键","2026-09-13"
"hd_dc_probe_extra_claimant_title_effect","common/scripted_effects/hd_dc_faction_pulse_claimant_effects.txt","48","文本匹配的顶层定义","2026-09-13"
"hd_dc_proposal_response_months_value","common/script_values/hd_dc_delivery_delay_values.txt","4","文本匹配的顶层定义","2026-09-13"
"hd_dc_proposal_response_valid_trigger","common/scripted_triggers/hd_dc_proposal_triggers.txt","2","文本匹配的顶层定义","2026-09-13"
"hd_dc_prosperity_status","localization/simp_chinese/hd_dc_pressure_l_simp_chinese.yml","12","中文键","2026-09-13"
"hd_dc_prosperity_status_tt","localization/simp_chinese/hd_dc_pressure_l_simp_chinese.yml","13","中文键","2026-09-13"
"hd_dc_protection_on_death","common/on_action/hd_dc_protection_on_actions.txt","12","文本匹配的顶层定义","2026-09-13"
"hd_dc_protection_on_imprison","common/on_action/hd_dc_protection_on_actions.txt","2","文本匹配的顶层定义","2026-09-13"
"hd_dc_protection_on_revoked","common/on_action/hd_dc_protection_on_actions.txt","26","文本匹配的顶层定义","2026-09-13"
"hd_dc_receive_royal_invitation_effect","common/scripted_effects/hd_dc_royal_event_effects.txt","241","文本匹配的顶层定义","2026-09-13"
"hd_dc_record","common/story_cycles/hd_dc_records.txt","3","文本匹配的顶层定义","2026-09-13"
"hd_dc_record_core_war_result_effect","common/scripted_effects/hd_dc_war_effects.txt","100","文本匹配的顶层定义","2026-09-13"
"hd_dc_record_extra_faction_effect","common/scripted_effects/hd_dc_faction_pulse_effects.txt","42","文本匹配的顶层定义","2026-09-13"
"hd_dc_record_needs_monthly_trigger","common/scripted_triggers/hd_dc_record_triggers.txt","3","文本匹配的顶层定义","2026-09-13"
"hd_dc_record_protection_harm_effect","common/scripted_effects/hd_dc_royal_protection_effects.txt","246","文本匹配的顶层定义","2026-09-13"
"hd_dc_record_protection_unknown_death_effect","common/scripted_effects/hd_dc_royal_protection_effects.txt","292","文本匹配的顶层定义","2026-09-13"
"hd_dc_record_protection_unknown_revocation_effect","common/scripted_effects/hd_dc_royal_protection_effects.txt","311","文本匹配的顶层定义","2026-09-13"
"hd_dc_refresh_escalation_guard_effect","common/scripted_effects/hd_dc_war_effects.txt","221","文本匹配的顶层定义","2026-09-13"
"hd_dc_refresh_governance_tier_effect","common/scripted_effects/hd_dc_governance_effects.txt","48","文本匹配的顶层定义","2026-09-13"
"hd_dc_refresh_ritual_order_effect","common/scripted_effects/hd_dc_ritual_effects.txt","51","文本匹配的顶层定义","2026-09-13"
"hd_dc_refresh_snapshot_effect","common/scripted_effects/hd_dc_era_effects.txt","55","文本匹配的顶层定义","2026-09-13"
"hd_dc_refund_ord09_payment_effect","common/scripted_effects/hd_dc_ransom_effects.txt","171","文本匹配的顶层定义","2026-09-13"
"hd_dc_refuse_royal_support_offer_effect","common/scripted_effects/hd_dc_royal_offer_effects.txt","121","文本匹配的顶层定义","2026-09-13"
"hd_dc_register_core_war_effect","common/scripted_effects/hd_dc_war_effects.txt","233","文本匹配的顶层定义","2026-09-13"
"hd_dc_register_governance_obligation_change_effect","common/scripted_effects/hd_dc_governance_effects.txt","121","文本匹配的顶层定义","2026-09-13"
"hd_dc_register_started_royal_war_effect","common/scripted_effects/hd_dc_war_effects.txt","46","文本匹配的顶层定义","2026-09-13"
"hd_dc_reject_proposal_effect","common/scripted_effects/hd_dc_proposal_effects.txt","118","文本匹配的顶层定义","2026-09-13"
"hd_dc_rejected_terms_opinion","common/opinion_modifiers/hd_dc_opinions.txt","3","文本匹配的顶层定义","2026-09-13"
"hd_dc_rejected_terms_opinion","localization/simp_chinese/hd_dc_common_l_simp_chinese.yml","11","中文键","2026-09-13"
"hd_dc_release_own_acute_lock_effect","common/scripted_effects/hd_dc_governance_effects.txt","96","文本匹配的顶层定义","2026-09-13"
"hd_dc_release_par01_offer_node_effect","common/scripted_effects/hd_dc_policy_offer_effects.txt","119","文本匹配的顶层定义","2026-09-13"
"hd_dc_remove_character_pressure_effect","common/scripted_effects/hd_dc_pressure_effects.txt","34","文本匹配的顶层定义","2026-09-13"
"hd_dc_remove_county_pressure_effect","common/scripted_effects/hd_dc_pressure_effects.txt","64","文本匹配的顶层定义","2026-09-13"
"hd_dc_repair_record_keeper_effect","common/scripted_effects/hd_dc_record_effects.txt","40","文本匹配的顶层定义","2026-09-13"
"hd_dc_request_monthly_observation","common/on_action/hd_dc_observer_on_actions.txt","22","文本匹配的顶层定义","2026-09-13"
"hd_dc_request_observation_effect","common/scripted_effects/hd_dc_era_effects.txt","214","文本匹配的顶层定义","2026-09-13"
"hd_dc_request_royal_protection_effect","common/scripted_effects/hd_dc_royal_protection_effects.txt","1","文本匹配的顶层定义","2026-09-13"
"hd_dc_request_royal_support_interaction","common/character_interactions/hd_dc_royal_support_interactions.txt","2","文本匹配的顶层定义","2026-09-13"
"hd_dc_request_royal_support_interaction","localization/simp_chinese/hd_dc_royal_support_l_simp_chinese.yml","2","中文键","2026-09-13"
"hd_dc_request_royal_support_interaction_desc","localization/simp_chinese/hd_dc_royal_support_l_simp_chinese.yml","3","中文键","2026-09-13"
"hd_dc_resolve_ability_action_effect","common/scripted_effects/hd_dc_action_effects.txt","61","文本匹配的顶层定义","2026-09-13"
"hd_dc_restore_denominator_value","common/script_values/hd_dc_parameters.txt","26","文本匹配的顶层定义","2026-09-13"
"hd_dc_restore_extra_claiming_title_effect","common/scripted_effects/hd_dc_faction_pulse_claimant_effects.txt","39","文本匹配的顶层定义","2026-09-13"
"hd_dc_restore_ritual_order_effect","common/scripted_effects/hd_dc_ritual_effects.txt","66","文本匹配的顶层定义","2026-09-13"
"hd_dc_restored_control_trigger","common/scripted_triggers/hd_dc_era_triggers.txt","22","文本匹配的顶层定义","2026-09-13"
"hd_dc_resume_claimant_mobilization_effect","common/scripted_effects/hd_dc_royal_pause_effects.txt","81","文本匹配的顶层定义","2026-09-13"
"hd_dc_return_proposal_result_effect","common/scripted_effects/hd_dc_proposal_effects.txt","134","文本匹配的顶层定义","2026-09-13"
"hd_dc_review_governance_decision","common/decisions/hd_dc_governance_decisions.txt","1","文本匹配的顶层定义","2026-09-13"
"hd_dc_review_governance_decision","localization/simp_chinese/hd_dc_governance_l_simp_chinese.yml","2","中文键","2026-09-13"
"hd_dc_review_governance_decision_confirm","localization/simp_chinese/hd_dc_governance_l_simp_chinese.yml","5","中文键","2026-09-13"
"hd_dc_review_governance_decision_desc","localization/simp_chinese/hd_dc_governance_l_simp_chinese.yml","3","中文键","2026-09-13"
"hd_dc_review_governance_decision_tooltip","localization/simp_chinese/hd_dc_governance_l_simp_chinese.yml","4","中文键","2026-09-13"
"hd_dc_ritual_command_opinion","common/opinion_modifiers/hd_dc_opinions.txt","6","文本匹配的顶层定义","2026-09-13"
"hd_dc_ritual_command_opinion","localization/simp_chinese/hd_dc_royal_l_simp_chinese.yml","36","中文键","2026-09-13"
"hd_dc_ritual_disappointment_opinion","common/opinion_modifiers/hd_dc_opinions.txt","5","文本匹配的顶层定义","2026-09-13"
"hd_dc_ritual_disappointment_opinion","localization/simp_chinese/hd_dc_royal_l_simp_chinese.yml","35","中文键","2026-09-13"
"hd_dc_ritual_fairness_opinion","common/opinion_modifiers/hd_dc_opinions.txt","4","文本匹配的顶层定义","2026-09-13"
"hd_dc_ritual_fairness_opinion","localization/simp_chinese/hd_dc_royal_l_simp_chinese.yml","34","中文键","2026-09-13"
"hd_dc_ritual_precedence_opinion","common/opinion_modifiers/hd_dc_opinions.txt","7","文本匹配的顶层定义","2026-09-13"
"hd_dc_ritual_precedence_opinion","localization/simp_chinese/hd_dc_royal_l_simp_chinese.yml","37","中文键","2026-09-13"
"hd_dc_ritual_register_row","localization/simp_chinese/hd_dc_royal_l_simp_chinese.yml","41","中文键","2026-09-13"
"hd_dc_ritual_register_title","localization/simp_chinese/hd_dc_royal_l_simp_chinese.yml","2","中文键","2026-09-13"
"hd_dc_ritual_register_tt","localization/simp_chinese/hd_dc_royal_l_simp_chinese.yml","40","中文键","2026-09-13"
"hd_dc_roll_drunkard_effect","common/scripted_effects/hd_dc_trait_effects.txt","26","文本匹配的顶层定义","2026-09-13"
"hd_dc_route_nonchaos_phase_effect","common/scripted_effects/hd_dc_era_effects.txt","170","文本匹配的顶层定义","2026-09-13"
"hd_dc_roy_end.0001","events/hd_dc_royal_resolution_events.txt","3","文本匹配的顶层定义","2026-09-13"
"hd_dc_roy_end.0001.a","localization/simp_chinese/hd_dc_royal_resolution_l_simp_chinese.yml","7","中文键","2026-09-13"
"hd_dc_roy_end.0001.defended","localization/simp_chinese/hd_dc_royal_resolution_l_simp_chinese.yml","6","中文键","2026-09-13"
"hd_dc_roy_end.0001.enthroned","localization/simp_chinese/hd_dc_royal_resolution_l_simp_chinese.yml","5","中文键","2026-09-13"
"hd_dc_roy_end.0001.t","localization/simp_chinese/hd_dc_royal_resolution_l_simp_chinese.yml","2","中文键","2026-09-13"
"hd_dc_roy_end.0002","events/hd_dc_royal_resolution_events.txt","17","文本匹配的顶层定义","2026-09-13"
"hd_dc_roy_end.0002.a","localization/simp_chinese/hd_dc_royal_resolution_l_simp_chinese.yml","12","中文键","2026-09-13"
"hd_dc_roy_end.0002.defended","localization/simp_chinese/hd_dc_royal_resolution_l_simp_chinese.yml","11","中文键","2026-09-13"
"hd_dc_roy_end.0002.enthroned","localization/simp_chinese/hd_dc_royal_resolution_l_simp_chinese.yml","10","中文键","2026-09-13"
"hd_dc_roy_end.0002.t","localization/simp_chinese/hd_dc_royal_resolution_l_simp_chinese.yml","9","中文键","2026-09-13"
"hd_dc_roy_end.governance_pending_tt","localization/simp_chinese/hd_dc_royal_resolution_l_simp_chinese.yml","8","中文键","2026-09-13"
"hd_dc_roy.0001","events/hd_dc_royal_events.txt","4","文本匹配的顶层定义","2026-09-13"
"hd_dc_roy.0001.a","localization/simp_chinese/hd_dc_royal_l_simp_chinese.yml","5","中文键","2026-09-13"
"hd_dc_roy.0001.a.tt","localization/simp_chinese/hd_dc_royal_l_simp_chinese.yml","6","中文键","2026-09-13"
"hd_dc_roy.0001.b","localization/simp_chinese/hd_dc_royal_l_simp_chinese.yml","7","中文键","2026-09-13"
"hd_dc_roy.0001.b.tt","localization/simp_chinese/hd_dc_royal_l_simp_chinese.yml","8","中文键","2026-09-13"
"hd_dc_roy.0001.c","localization/simp_chinese/hd_dc_royal_l_simp_chinese.yml","9","中文键","2026-09-13"
"hd_dc_roy.0001.c.tt","localization/simp_chinese/hd_dc_royal_l_simp_chinese.yml","18","中文键","2026-09-13"
"hd_dc_roy.0001.d","localization/simp_chinese/hd_dc_royal_l_simp_chinese.yml","10","中文键","2026-09-13"
"hd_dc_roy.0001.d.tt","localization/simp_chinese/hd_dc_royal_l_simp_chinese.yml","11","中文键","2026-09-13"
"hd_dc_roy.0001.desc","localization/simp_chinese/hd_dc_royal_l_simp_chinese.yml","4","中文键","2026-09-13"
"hd_dc_roy.0001.t","localization/simp_chinese/hd_dc_royal_l_simp_chinese.yml","3","中文键","2026-09-13"
"hd_dc_roy.0101","events/hd_dc_royal_events.txt","64","文本匹配的顶层定义","2026-09-13"
"hd_dc_roy.0101.a","localization/simp_chinese/hd_dc_royal_l_simp_chinese.yml","27","中文键","2026-09-13"
"hd_dc_roy.0101.accepted","localization/simp_chinese/hd_dc_royal_l_simp_chinese.yml","23","中文键","2026-09-13"
"hd_dc_roy.0101.expired","localization/simp_chinese/hd_dc_royal_l_simp_chinese.yml","25","中文键","2026-09-13"
"hd_dc_roy.0101.invalidated","localization/simp_chinese/hd_dc_royal_l_simp_chinese.yml","26","中文键","2026-09-13"
"hd_dc_roy.0101.mediation_cancelled","localization/simp_chinese/hd_dc_royal_l_simp_chinese.yml","17","中文键","2026-09-13"
"hd_dc_roy.0101.mediation_failure","localization/simp_chinese/hd_dc_royal_l_simp_chinese.yml","15","中文键","2026-09-13"
"hd_dc_roy.0101.mediation_success","localization/simp_chinese/hd_dc_royal_l_simp_chinese.yml","14","中文键","2026-09-13"
"hd_dc_roy.0101.mediation_unpaid","localization/simp_chinese/hd_dc_royal_l_simp_chinese.yml","16","中文键","2026-09-13"
"hd_dc_roy.0101.rejected","localization/simp_chinese/hd_dc_royal_l_simp_chinese.yml","24","中文键","2026-09-13"
"hd_dc_roy.0101.t","localization/simp_chinese/hd_dc_royal_l_simp_chinese.yml","22","中文键","2026-09-13"
"hd_dc_roy.0102","events/hd_dc_royal_events.txt","85","文本匹配的顶层定义","2026-09-13"
"hd_dc_roy.0102.a","localization/simp_chinese/hd_dc_royal_l_simp_chinese.yml","30","中文键","2026-09-13"
"hd_dc_roy.0102.a.tt","localization/simp_chinese/hd_dc_royal_l_simp_chinese.yml","31","中文键","2026-09-13"
"hd_dc_roy.0102.b","localization/simp_chinese/hd_dc_royal_l_simp_chinese.yml","32","中文键","2026-09-13"
"hd_dc_roy.0102.b.tt","localization/simp_chinese/hd_dc_royal_l_simp_chinese.yml","33","中文键","2026-09-13"
"hd_dc_roy.0102.desc","localization/simp_chinese/hd_dc_royal_l_simp_chinese.yml","29","中文键","2026-09-13"
"hd_dc_roy.0102.t","localization/simp_chinese/hd_dc_royal_l_simp_chinese.yml","28","中文键","2026-09-13"
"hd_dc_roy.window_closed","localization/simp_chinese/hd_dc_royal_l_simp_chinese.yml","19","中文键","2026-09-13"
"hd_dc_roy01_assert_effect","common/scripted_effects/hd_dc_royal_event_effects.txt","76","文本匹配的顶层定义","2026-09-13"
"hd_dc_roy01_mediation_terms","localization/simp_chinese/hd_dc_royal_l_simp_chinese.yml","12","中文键","2026-09-13"
"hd_dc_roy01_mediation_written_terms","localization/simp_chinese/hd_dc_royal_l_simp_chinese.yml","13","中文键","2026-09-13"
"hd_dc_roy01_neutral_elder_trigger","common/scripted_triggers/hd_dc_royal_event_triggers.txt","60","文本匹配的顶层定义","2026-09-13"
"hd_dc_roy01_offer_mediation_effect","common/scripted_effects/hd_dc_royal_mediation_effects.txt","2","文本匹配的顶层定义","2026-09-13"
"hd_dc_roy01_offer_precedence_effect","common/scripted_effects/hd_dc_royal_event_effects.txt","104","文本匹配的顶层定义","2026-09-13"
"hd_dc_roy01_parties_valid_trigger","common/scripted_triggers/hd_dc_royal_event_triggers.txt","35","文本匹配的顶层定义","2026-09-13"
"hd_dc_roy01_precedence_guarantee","localization/simp_chinese/hd_dc_royal_l_simp_chinese.yml","21","中文键","2026-09-13"
"hd_dc_roy01_precedence_terms","localization/simp_chinese/hd_dc_royal_l_simp_chinese.yml","20","中文键","2026-09-13"
"hd_dc_roy01_restore_effect","common/scripted_effects/hd_dc_royal_event_effects.txt","61","文本匹配的顶层定义","2026-09-13"
"hd_dc_roy01_seat_claim_trigger","common/scripted_triggers/hd_dc_royal_event_triggers.txt","20","文本匹配的顶层定义","2026-09-13"
"hd_dc_roy01_window_valid_trigger","common/scripted_triggers/hd_dc_royal_event_triggers.txt","2","文本匹配的顶层定义","2026-09-13"
"hd_dc_royal_candidate_trigger","common/scripted_triggers/hd_dc_royal_triggers.txt","3","文本匹配的顶层定义","2026-09-13"
"hd_dc_royal_cooperation_opinion","common/opinion_modifiers/hd_dc_opinions.txt","8","文本匹配的顶层定义","2026-09-13"
"hd_dc_royal_cooperation_opinion","localization/simp_chinese/hd_dc_royal_l_simp_chinese.yml","38","中文键","2026-09-13"
"hd_dc_royal_invitation_delay_days_value","common/script_values/hd_dc_delivery_delay_values.txt","3","文本匹配的顶层定义","2026-09-13"
"hd_dc_royal_invitation_delivery_valid_trigger","common/scripted_triggers/hd_dc_royal_event_triggers.txt","77","文本匹配的顶层定义","2026-09-13"
"hd_dc_royal_invitation_valid_trigger","common/scripted_triggers/hd_dc_royal_event_triggers.txt","96","文本匹配的顶层定义","2026-09-13"
"hd_dc_royal_offer_pair_trigger","common/scripted_triggers/hd_dc_royal_offer_triggers.txt","3","文本匹配的顶层定义","2026-09-13"
"hd_dc_royal_offer_response_trigger","common/scripted_triggers/hd_dc_royal_offer_triggers.txt","54","文本匹配的顶层定义","2026-09-13"
"hd_dc_royal_protection_context_trigger","common/scripted_triggers/hd_dc_royal_protection_triggers.txt","3","文本匹配的顶层定义","2026-09-13"
"hd_dc_royal_protection_response_trigger","common/scripted_triggers/hd_dc_royal_protection_triggers.txt","9","文本匹配的顶层定义","2026-09-13"
"hd_dc_royal_story_has_faction_trigger","common/scripted_triggers/hd_dc_royal_triggers.txt","42","文本匹配的顶层定义","2026-09-13"
"hd_dc_royal_support_identity_trigger","common/scripted_triggers/hd_dc_royal_support_triggers.txt","3","文本匹配的顶层定义","2026-09-13"
"hd_dc_royal_support_join_authorized_trigger","common/scripted_triggers/hd_dc_royal_support_triggers.txt","37","文本匹配的顶层定义","2026-09-13"
"hd_dc_royal_support_opinion","common/opinion_modifiers/hd_dc_opinions.txt","9","文本匹配的顶层定义","2026-09-13"
"hd_dc_royal_support_opinion","localization/simp_chinese/hd_dc_royal_l_simp_chinese.yml","39","中文键","2026-09-13"
"hd_dc_royal_supported_war_resolution_trigger","common/scripted_triggers/hd_dc_royal_resolution_triggers.txt","34","文本匹配的顶层定义","2026-09-13"
"hd_dc_royal_war_defended_trigger","common/scripted_triggers/hd_dc_royal_resolution_triggers.txt","18","文本匹配的顶层定义","2026-09-13"
"hd_dc_royal_war_enthronement_trigger","common/scripted_triggers/hd_dc_royal_resolution_triggers.txt","3","文本匹配的顶层定义","2026-09-13"
"hd_dc_save_extra_claiming_title_effect","common/scripted_effects/hd_dc_faction_pulse_claimant_effects.txt","31","文本匹配的顶层定义","2026-09-13"
"hd_dc_save_selected_party_pair_effect","common/scripted_effects/hd_dc_party_selection_effects.txt","68","文本匹配的顶层定义","2026-09-13"
"hd_dc_scale_existing_trait_pool_effect","common/scripted_effects/hd_dc_existing_trait_pool_effects.txt","26","文本匹配的顶层定义","2026-09-13"
"hd_dc_scheme_hazard_inputs_trigger","common/scripted_triggers/hd_dc_hazard_triggers.txt","3","文本匹配的顶层定义","2026-09-13"
"hd_dc_scheme_hazard_modifier","common/scripted_modifiers/hd_dc_hazard_modifiers.txt","4","文本匹配的顶层定义","2026-09-13"
"hd_dc_scheme_hazard_multiplier_value","common/script_values/hd_dc_hazard_values.txt","3","文本匹配的顶层定义","2026-09-13"
"hd_dc_select_extra_faction_type_effect","common/scripted_effects/hd_dc_faction_pulse_effects.txt","84","文本匹配的顶层定义","2026-09-13"
"hd_dc_select_party_pair_effect","common/scripted_effects/hd_dc_party_selection_effects.txt","5","文本匹配的顶层定义","2026-09-13"
"hd_dc_select_record_keeper_effect","common/scripted_effects/hd_dc_record_effects.txt","11","文本匹配的顶层定义","2026-09-13"
"hd_dc_send_royal_support_offer_effect","common/scripted_effects/hd_dc_royal_offer_effects.txt","1","文本匹配的顶层定义","2026-09-13"
"hd_dc_settle_royal_enthronement_support_effect","common/scripted_effects/hd_dc_royal_resolution_effects.txt","36","文本匹配的顶层定义","2026-09-13"
"hd_dc_settle_royal_loyal_kin_effect","common/scripted_effects/hd_dc_royal_resolution_effects.txt","133","文本匹配的顶层定义","2026-09-13"
"hd_dc_signed_terms_opinion","common/opinion_modifiers/hd_dc_opinions.txt","1","文本匹配的顶层定义","2026-09-13"
"hd_dc_signed_terms_opinion","localization/simp_chinese/hd_dc_common_l_simp_chinese.yml","9","中文键","2026-09-13"
"hd_dc_siphon_base_probability_value","common/script_values/hd_dc_theft_values.txt","4","文本匹配的顶层定义","2026-09-13"
"hd_dc_siphon_initiation_probability_value","common/script_values/hd_dc_theft_values.txt","56","文本匹配的顶层定义","2026-09-13"
"hd_dc_snapshot_military_social_pool_effect","common/scripted_effects/hd_dc_military_selection_effects.txt","6","文本匹配的顶层定义","2026-09-13"
"hd_dc_snapshot_party_pool_effect","common/scripted_effects/hd_dc_party_selection_effects.txt","73","文本匹配的顶层定义","2026-09-13"
"hd_dc_snapshot_valid_trigger","common/scripted_triggers/hd_dc_era_triggers.txt","2","文本匹配的顶层定义","2026-09-13"
"hd_dc_social_hazard_multiplier_value","common/script_values/hd_dc_ordinary_values.txt","2","文本匹配的顶层定义","2026-09-13"
"hd_dc_stamp_calendar_effect","common/scripted_effects/hd_dc_record_effects.txt","3","文本匹配的顶层定义","2026-09-13"
"hd_dc_start_era_timer_effect","common/scripted_effects/hd_dc_era_effects.txt","34","文本匹配的顶层定义","2026-09-13"
"hd_dc_start_ord09_effect","common/scripted_effects/hd_dc_ransom_effects.txt","1","文本匹配的顶层定义","2026-09-13"
"hd_dc_start_ord13_effect","common/scripted_effects/hd_dc_ordinary_effects.txt","34","文本匹配的顶层定义","2026-09-13"
"hd_dc_start_ord19_effect","common/scripted_effects/hd_dc_enemy_child_effects.txt","2","文本匹配的顶层定义","2026-09-13"
"hd_dc_support_reward_g1","localization/simp_chinese/hd_dc_royal_support_l_simp_chinese.yml","4","中文键","2026-09-13"
"hd_dc_support_reward_g2","localization/simp_chinese/hd_dc_royal_support_l_simp_chinese.yml","5","中文键","2026-09-13"
"hd_dc_support_reward_g3","localization/simp_chinese/hd_dc_royal_support_l_simp_chinese.yml","6","中文键","2026-09-13"
"hd_dc_support.0008","events/hd_dc_royal_support_events.txt","4","文本匹配的顶层定义","2026-09-13"
"hd_dc_support.0008.a","localization/simp_chinese/hd_dc_royal_support_l_simp_chinese.yml","9","中文键","2026-09-13"
"hd_dc_support.0008.a.tt","localization/simp_chinese/hd_dc_royal_support_l_simp_chinese.yml","10","中文键","2026-09-13"
"hd_dc_support.0008.b","localization/simp_chinese/hd_dc_royal_protection_l_simp_chinese.yml","2","中文键","2026-09-13"
"hd_dc_support.0008.b.tt","localization/simp_chinese/hd_dc_royal_protection_l_simp_chinese.yml","3","中文键","2026-09-13"
"hd_dc_support.0008.c","localization/simp_chinese/hd_dc_royal_support_l_simp_chinese.yml","11","中文键","2026-09-13"
"hd_dc_support.0008.c.tt","localization/simp_chinese/hd_dc_royal_support_l_simp_chinese.yml","12","中文键","2026-09-13"
"hd_dc_support.0008.d","localization/simp_chinese/hd_dc_royal_pause_l_simp_chinese.yml","2","中文键","2026-09-13"
"hd_dc_support.0008.d.tt","localization/simp_chinese/hd_dc_royal_pause_l_simp_chinese.yml","3","中文键","2026-09-13"
"hd_dc_support.0008.desc","localization/simp_chinese/hd_dc_royal_support_l_simp_chinese.yml","8","中文键","2026-09-13"
"hd_dc_support.0008.invalid","localization/simp_chinese/hd_dc_royal_support_l_simp_chinese.yml","13","中文键","2026-09-13"
"hd_dc_support.0008.t","localization/simp_chinese/hd_dc_royal_support_l_simp_chinese.yml","7","中文键","2026-09-13"
"hd_dc_support.0108","events/hd_dc_royal_support_events.txt","90","文本匹配的顶层定义","2026-09-13"
"hd_dc_support.0108.a","localization/simp_chinese/hd_dc_royal_support_l_simp_chinese.yml","19","中文键","2026-09-13"
"hd_dc_support.0108.failed","localization/simp_chinese/hd_dc_royal_support_l_simp_chinese.yml","18","中文键","2026-09-13"
"hd_dc_support.0108.paid","localization/simp_chinese/hd_dc_royal_support_l_simp_chinese.yml","15","中文键","2026-09-13"
"hd_dc_support.0108.refused","localization/simp_chinese/hd_dc_royal_support_l_simp_chinese.yml","17","中文键","2026-09-13"
"hd_dc_support.0108.t","localization/simp_chinese/hd_dc_royal_support_l_simp_chinese.yml","14","中文键","2026-09-13"
"hd_dc_support.0108.unpaid","localization/simp_chinese/hd_dc_royal_support_l_simp_chinese.yml","16","中文键","2026-09-13"
"hd_dc_support.0208","events/hd_dc_royal_support_events.txt","55","文本匹配的顶层定义","2026-09-13"
"hd_dc_support.0208.a","localization/simp_chinese/hd_dc_royal_protection_l_simp_chinese.yml","6","中文键","2026-09-13"
"hd_dc_support.0208.b","localization/simp_chinese/hd_dc_royal_protection_l_simp_chinese.yml","7","中文键","2026-09-13"
"hd_dc_support.0208.desc","localization/simp_chinese/hd_dc_royal_protection_l_simp_chinese.yml","5","中文键","2026-09-13"
"hd_dc_support.0208.t","localization/simp_chinese/hd_dc_royal_protection_l_simp_chinese.yml","4","中文键","2026-09-13"
"hd_dc_support.0308","events/hd_dc_royal_support_events.txt","81","文本匹配的顶层定义","2026-09-13"
"hd_dc_support.0308.a","localization/simp_chinese/hd_dc_royal_pause_l_simp_chinese.yml","6","中文键","2026-09-13"
"hd_dc_support.0308.desc","localization/simp_chinese/hd_dc_royal_pause_l_simp_chinese.yml","5","中文键","2026-09-13"
"hd_dc_support.0308.t","localization/simp_chinese/hd_dc_royal_pause_l_simp_chinese.yml","4","中文键","2026-09-13"
"hd_dc_support.0408","events/hd_dc_royal_support_events.txt","67","文本匹配的顶层定义","2026-09-13"
"hd_dc_support.0408.a","localization/simp_chinese/hd_dc_royal_protection_l_simp_chinese.yml","11","中文键","2026-09-13"
"hd_dc_support.0408.accepted","localization/simp_chinese/hd_dc_royal_protection_l_simp_chinese.yml","9","中文键","2026-09-13"
"hd_dc_support.0408.rejected","localization/simp_chinese/hd_dc_royal_protection_l_simp_chinese.yml","10","中文键","2026-09-13"
"hd_dc_support.0408.t","localization/simp_chinese/hd_dc_royal_protection_l_simp_chinese.yml","8","中文键","2026-09-13"
"hd_dc_support.paused_demand","localization/simp_chinese/hd_dc_royal_pause_l_simp_chinese.yml","7","中文键","2026-09-13"
"hd_dc_sync_pressure_effect","common/scripted_effects/hd_dc_pressure_effects.txt","4","文本匹配的顶层定义","2026-09-13"
"hd_dc_theft_pending_credit_tt","localization/simp_chinese/hd_dc_common_l_simp_chinese.yml","12","中文键","2026-09-13"
"hd_dc_theft_pulse_actor_trigger","common/scripted_triggers/hd_dc_theft_pulse_triggers.txt","2","文本匹配的顶层定义","2026-09-13"
"hd_dc_theft_pulse_debug.0001","events/hd_dc_theft_pulse_debug_events.txt","3","文本匹配的顶层定义","2026-09-13"
"hd_dc_theft_pulse_debug.actor","localization/simp_chinese/hd_dc_theft_pulse_debug_l_simp_chinese.yml","4","中文键","2026-09-13"
"hd_dc_theft_pulse_debug.gates","localization/simp_chinese/hd_dc_theft_pulse_debug_l_simp_chinese.yml","3","中文键","2026-09-13"
"hd_dc_theft_pulse_debug.native_gate_failed","localization/simp_chinese/hd_dc_theft_pulse_debug_l_simp_chinese.yml","10","中文键","2026-09-13"
"hd_dc_theft_pulse_debug.native_start_failed","localization/simp_chinese/hd_dc_theft_pulse_debug_l_simp_chinese.yml","13","中文键","2026-09-13"
"hd_dc_theft_pulse_debug.no_actor","localization/simp_chinese/hd_dc_theft_pulse_debug_l_simp_chinese.yml","5","中文键","2026-09-13"
"hd_dc_theft_pulse_debug.no_business_candidate","localization/simp_chinese/hd_dc_theft_pulse_debug_l_simp_chinese.yml","9","中文键","2026-09-13"
"hd_dc_theft_pulse_debug.no_record","localization/simp_chinese/hd_dc_theft_pulse_debug_l_simp_chinese.yml","7","中文键","2026-09-13"
"hd_dc_theft_pulse_debug.no_scheme","localization/simp_chinese/hd_dc_theft_pulse_debug_l_simp_chinese.yml","15","中文键","2026-09-13"
"hd_dc_theft_pulse_debug.other","localization/simp_chinese/hd_dc_theft_pulse_debug_l_simp_chinese.yml","17","中文键","2026-09-13"
"hd_dc_theft_pulse_debug.probability","localization/simp_chinese/hd_dc_theft_pulse_debug_l_simp_chinese.yml","8","中文键","2026-09-13"
"hd_dc_theft_pulse_debug.probability_failed","localization/simp_chinese/hd_dc_theft_pulse_debug_l_simp_chinese.yml","11","中文键","2026-09-13"
"hd_dc_theft_pulse_debug.refresh","localization/simp_chinese/hd_dc_theft_pulse_debug_l_simp_chinese.yml","16","中文键","2026-09-13"
"hd_dc_theft_pulse_debug.scheme_exists","localization/simp_chinese/hd_dc_theft_pulse_debug_l_simp_chinese.yml","14","中文键","2026-09-13"
"hd_dc_theft_pulse_debug.started","localization/simp_chinese/hd_dc_theft_pulse_debug_l_simp_chinese.yml","12","中文键","2026-09-13"
"hd_dc_theft_pulse_debug.title","localization/simp_chinese/hd_dc_theft_pulse_debug_l_simp_chinese.yml","2","中文键","2026-09-13"
"hd_dc_theft_pulse_debug.year","localization/simp_chinese/hd_dc_theft_pulse_debug_l_simp_chinese.yml","6","中文键","2026-09-13"
"hd_dc_theft_pulse_target_trigger","common/scripted_triggers/hd_dc_theft_pulse_triggers.txt","25","文本匹配的顶层定义","2026-09-13"
"hd_dc_tribute_war_truce_years","common/script_values/hd_dc_truce_values.txt","29","文本匹配的顶层定义","2026-09-13"
"hd_dc_unity_loss_multiplier_value","common/script_values/hd_dc_unity_values.txt","2","文本匹配的顶层定义","2026-09-13"
"hd_dc_war_disrupts_governance_trigger","common/scripted_triggers/hd_dc_governance_triggers.txt","3","文本匹配的顶层定义","2026-09-13"
"hd_dc_withdraw_treasury_effect","common/scripted_effects/hd_dc_theft_effects.txt","16","文本匹配的顶层定义","2026-09-13"
"hd_dc_write_phase_effect","common/scripted_effects/hd_dc_era_effects.txt","156","文本匹配的顶层定义","2026-09-13"
