object={
	name="tree_leaf_high_generator_3_0"
	render_pass=Map
	clamp_to_water_level=no
	generated_content=yes
	layer="tree_high_layer"
	pdxmesh="tree_leaf_01_c_mesh"
	count=9366
	transform="5293.634766 0.000000 2559.409668 0.000000 0.973503 0.000000 -0.228674 0.811059 0.811059 0.811059
5283.547852 0.000000 2563.677979 0.000000 0.353589 0.000000 -0.935401 0.863768 0.863768 0.863768
5304.345703 0.000000 2560.555908 0.000000 0.756521 0.000000 0.653969 0.772238 0.772238 0.772238
5274.171387 0.000000 2564.120117 0.000000 0.959995 0.000000 -0.280018 0.802721 0.802721 0.802721
5298.839355 0.000000 2563.995605 0.000000 0.708608 0.000000 0.705602 0.765271 0.765271 0.765271
5289.748535 0.000000 2564.165283 0.000000 0.260952 0.000000 0.965352 0.753804 0.753804 0.753804
5278.801270 0.000000 2562.375977 0.000000 0.796474 0.000000 0.604673 0.777823 0.777823 0.777823
5303.473633 0.000000 2565.233398 0.000000 0.278340 0.000000 -0.960483 0.863318 0.863318 0.863318
5294.585449 0.000000 2565.044922 0.000000 0.535994 0.000000 0.844222 0.765673 0.765673 0.765673
5286.954590 0.000000 2560.984619 0.000000 0.007044 0.000000 0.999975 0.722233 0.722233 0.722233
5290.023438 0.000000 2558.511475 0.000000 0.855262 0.000000 -0.518196 0.825459 0.825459 0.825459
5280.652344 0.000000 2566.092285 0.000000 0.974124 0.000000 -0.226013 0.812704 0.812704 0.812704
5301.190918 0.000000 2561.505615 0.000000 0.813227 0.000000 0.581946 0.773577 0.773577 0.773577
5292.543457 0.000000 2562.544434 0.000000 0.999966 0.000000 0.008211 0.799626 0.799626 0.799626
5295.723633 0.000000 2561.941895 0.000000 0.132315 0.000000 0.991208 0.731929 0.731929 0.731929
5335.024902 0.000000 2559.368652 0.000000 0.827201 0.000000 -0.561906 0.804290 0.804290 0.804290
5321.388672 0.000000 2562.822998 0.000000 0.995528 0.000000 -0.094466 0.805385 0.805385 0.805385
5307.373047 0.000000 2560.031982 0.000000 0.998868 0.000000 -0.047568 0.800855 0.800855 0.800855
5329.426758 0.000000 2567.540283 0.000000 0.040374 0.000000 -0.999185 0.849517 0.849517 0.849517
5313.889648 0.000000 2563.628418 0.000000 0.825335 0.000000 0.564643 0.793529 0.793529 0.793529
5339.562500 0.000000 2564.970459 0.000000 0.283954 0.000000 0.958838 0.719290 0.719290 0.719290
5334.047363 0.000000 2564.729736 0.000000 0.317654 0.000000 -0.948207 0.912871 0.912871 0.912871
5341.771973 0.000000 2560.020264 0.000000 0.999389 0.000000 -0.034955 0.801906 0.801906 0.801906
5325.354980 0.000000 2565.192871 0.000000 0.163915 0.000000 0.986474 0.759559 0.759559 0.759559
5322.931152 0.000000 2558.727051 0.000000 0.479877 0.000000 0.877336 0.764729 0.764729 0.764729
5318.257812 0.000000 2565.595703 0.000000 0.711847 0.000000 -0.702334 0.844323 0.844323 0.844323
5338.249023 0.000000 2561.379150 0.000000 0.932480 0.000000 -0.361221 0.820151 0.820151 0.820151
5325.670898 0.000000 2561.166504 0.000000 0.074311 0.000000 0.997235 0.739030 0.739030 0.739030
5316.916992 0.000000 2562.560547 0.000000 0.333769 0.000000 -0.942655 0.864143 0.864143 0.864143
5341.959473 0.000000 2563.173096 0.000000 0.560373 0.000000 0.828240 0.744447 0.744447 0.744447
5336.806152 0.000000 2565.863525 0.000000 0.387325 0.000000 0.921943 0.700895 0.700895 0.700895
5422.017090 0.000000 2559.368652 0.000000 0.159698 0.000000 0.987166 0.783944 0.783944 0.783944
5446.726074 0.000000 2555.260254 0.000000 0.962391 0.000000 0.271666 0.792582 0.792582 0.792582
5467.619141 0.000000 2559.409668 0.000000 0.130890 0.000000 -0.991397 0.901778 0.901778 0.901778
5434.168945 0.000000 2561.778564 0.000000 0.211007 0.000000 0.977485 0.786979 0.786979 0.786979
5437.529785 0.000000 2553.051758 0.000000 0.883200 0.000000 0.468996 0.772214 0.772214 0.772214
5428.792480 0.000000 2554.555908 0.000000 0.284632 0.000000 0.958637 0.776953 0.776953 0.776953
5466.833008 0.000000 2550.452148 0.000000 0.007807 0.000000 -0.999970 0.814984 0.814984 0.814984
5426.554688 0.000000 2564.970459 0.000000 0.900561 0.000000 0.434731 0.785449 0.785449 0.785449
5460.636719 0.000000 2556.900146 0.000000 0.934820 0.000000 0.355121 0.793474 0.793474 0.793474
5463.732910 0.000000 2564.165283 0.000000 0.003929 0.000000 0.999992 0.728650 0.728650 0.728650
5442.669922 0.000000 2551.099365 0.000000 0.311383 0.000000 -0.950284 0.869133 0.869133 0.869133
5428.764160 0.000000 2560.020264 0.000000 0.966667 0.000000 -0.256037 0.814738 0.814738 0.814738
5465.136719 0.000000 2554.962646 0.000000 0.200210 0.000000 -0.979753 0.877938 0.877938 0.877938
5431.113770 0.000000 2565.186523 0.000000 0.821104 0.000000 0.570779 0.765423 0.765423 0.765423
5441.720215 0.000000 2555.417725 0.000000 0.289869 0.000000 -0.957066 0.864257 0.864257 0.864257
5447.010254 0.000000 2550.582520 0.000000 0.939654 0.000000 -0.342126 0.818830 0.818830 0.818830
5468.569824 0.000000 2565.044922 0.000000 0.127232 0.000000 -0.991873 0.865720 0.865720 0.865720
5468.947754 0.000000 2555.631592 0.000000 0.513951 0.000000 0.857820 0.766641 0.766641 0.766641
5425.241211 0.000000 2561.379150 0.000000 0.954429 0.000000 -0.298437 0.810169 0.810169 0.810169
5464.007812 0.000000 2558.511475 0.000000 0.139416 0.000000 -0.990234 0.896883 0.896883 0.896883
5435.374023 0.000000 2565.036377 0.000000 0.184669 0.000000 0.982801 0.740248 0.740248 0.740248
5466.527832 0.000000 2562.544434 0.000000 0.346623 0.000000 -0.938005 0.913009 0.913009 0.913009
5469.708008 0.000000 2561.941895 0.000000 0.227230 0.000000 0.973841 0.718813 0.718813 0.718813
5465.706543 0.000000 2566.592529 0.000000 0.485180 0.000000 0.874415 0.747712 0.747712 0.747712
5428.951660 0.000000 2563.173096 0.000000 0.886229 0.000000 0.463247 0.772584 0.772584 0.772584
5444.745117 0.000000 2553.111572 0.000000 0.788395 0.000000 0.615170 0.762284 0.762284 0.762284
5043.369141 0.000000 2774.524658 0.000000 0.735746 0.000000 -0.677257 0.809808 0.809808 0.809808
5042.497070 0.000000 2779.202148 0.000000 0.697643 0.000000 -0.716446 0.843548 0.843548 0.843548
5044.188477 0.000000 2762.412842 0.000000 0.793356 0.000000 -0.608758 0.820784 0.820784 0.820784
5161.040527 0.000000 2666.353027 0.000000 0.976980 0.000000 -0.213330 0.801288 0.801288 0.801288
5186.000488 0.000000 2642.873047 0.000000 0.608855 0.000000 -0.793281 0.852150 0.852150 0.852150
5186.132812 0.000000 2619.660156 0.000000 0.373782 0.000000 -0.927517 0.844834 0.844834 0.844834
5212.302246 0.000000 2633.178955 0.000000 0.237846 0.000000 -0.971303 0.853418 0.853418 0.853418
5197.773926 0.000000 2634.678223 0.000000 0.283007 0.000000 -0.959118 0.841540 0.841540 0.841540
5147.404297 0.000000 2669.807373 0.000000 0.047905 0.000000 0.998852 0.713316 0.713316 0.713316
5197.136719 0.000000 2657.194336 0.000000 0.757019 0.000000 -0.653393 0.802987 0.802987 0.802987
5214.106445 0.000000 2656.690674 0.000000 0.884721 0.000000 0.466120 0.758744 0.758744 0.758744
5196.555664 0.000000 2670.662354 0.000000 0.625609 0.000000 -0.780136 0.839142 0.839142 0.839142
5217.353516 0.000000 2667.540283 0.000000 0.454992 0.000000 0.890496 0.730894 0.730894 0.730894
5193.264648 0.000000 2610.620117 0.000000 0.899048 0.000000 -0.437850 0.826069 0.826069 0.826069
5216.022949 0.000000 2644.183350 0.000000 0.774323 0.000000 -0.632790 0.805747 0.805747 0.805747
5194.833984 0.000000 2647.441406 0.000000 0.922777 0.000000 0.385334 0.779854 0.779854 0.779854
5192.838867 0.000000 2626.625000 0.000000 0.677076 0.000000 -0.735913 0.844597 0.844597 0.844597
5155.442383 0.000000 2674.524658 0.000000 0.968411 0.000000 0.249361 0.785655 0.785655 0.785655
5205.856445 0.000000 2657.436523 0.000000 0.987443 0.000000 -0.157977 0.807414 0.807414 0.807414
5204.278320 0.000000 2629.539307 0.000000 0.703781 0.000000 0.710417 0.768282 0.768282 0.768282
5205.374023 0.000000 2613.420654 0.000000 0.701606 0.000000 -0.712565 0.845147 0.845147 0.845147
5206.286621 0.000000 2638.722656 0.000000 0.994490 0.000000 0.104830 0.799182 0.799182 0.799182
5153.060059 0.000000 2664.423096 0.000000 0.934611 0.000000 0.355672 0.789106 0.789106 0.789106
5189.396484 0.000000 2635.912598 0.000000 0.903059 0.000000 -0.429517 0.823409 0.823409 0.823409
5194.531250 0.000000 2619.126953 0.000000 0.555974 0.000000 -0.831200 0.824694 0.824694 0.824694
5139.905273 0.000000 2670.612793 0.000000 0.693723 0.000000 -0.720242 0.845773 0.845773 0.845773
5165.578125 0.000000 2671.954834 0.000000 0.710363 0.000000 -0.703835 0.825262 0.825262 0.825262
5212.612305 0.000000 2663.071777 0.000000 0.754963 0.000000 0.655768 0.732293 0.732293 0.732293
5199.029785 0.000000 2614.599609 0.000000 0.968318 0.000000 0.249721 0.791229 0.791229 0.791229
5219.433594 0.000000 2660.533447 0.000000 0.907414 0.000000 0.420238 0.759201 0.759201 0.759201
5200.504395 0.000000 2651.709229 0.000000 0.918976 0.000000 0.394312 0.788343 0.788343 0.788343
5216.684082 0.000000 2637.444824 0.000000 0.983029 0.000000 -0.183452 0.809507 0.809507 0.809507
5187.423340 0.000000 2648.795654 0.000000 0.977293 0.000000 -0.211890 0.803710 0.803710 0.803710
5217.367188 0.000000 2651.213135 0.000000 0.456568 0.000000 0.889689 0.780287 0.780287 0.780287
5199.102539 0.000000 2626.771973 0.000000 0.565064 0.000000 0.825047 0.766281 0.766281 0.766281
5183.121582 0.000000 2637.246094 0.000000 0.137181 0.000000 -0.990546 0.826620 0.826620 0.826620
5188.992676 0.000000 2614.534668 0.000000 0.891619 0.000000 -0.452787 0.828436 0.828436 0.828436
5132.980957 0.000000 2672.911133 0.000000 0.281790 0.000000 -0.959476 0.856211 0.856211 0.856211
5160.062988 0.000000 2671.714111 0.000000 0.913460 0.000000 0.406928 0.780163 0.780163 0.780163
5194.267578 0.000000 2652.696533 0.000000 0.826643 0.000000 -0.562726 0.821487 0.821487 0.821487
5203.027344 0.000000 2634.624268 0.000000 0.990815 0.000000 0.135228 0.794880 0.794880 0.794880
5155.212891 0.000000 2669.158936 0.000000 0.466817 0.000000 0.884354 0.760340 0.760340 0.760340
5207.082520 0.000000 2652.167236 0.000000 0.994977 0.000000 0.100106 0.795434 0.795434 0.795434
5198.962402 0.000000 2608.892090 0.000000 0.448441 0.000000 -0.893813 0.844391 0.844391 0.844391
5193.014160 0.000000 2632.117432 0.000000 0.927638 0.000000 0.373479 0.790597 0.790597 0.790597
5211.405762 0.000000 2638.722412 0.000000 0.899868 0.000000 0.436163 0.787290 0.787290 0.787290
5206.591797 0.000000 2619.932617 0.000000 0.435733 0.000000 0.900076 0.777856 0.777856 0.777856
5190.530762 0.000000 2644.992920 0.000000 0.178444 0.000000 -0.983950 0.879200 0.879200 0.879200
5190.312500 0.000000 2621.944580 0.000000 0.739467 0.000000 0.673193 0.757963 0.757963 0.757963
5207.578125 0.000000 2633.161621 0.000000 0.517006 0.000000 -0.855982 0.858484 0.858484 0.858484
5209.969238 0.000000 2612.322998 0.000000 0.573936 0.000000 -0.818900 0.836219 0.836219 0.836219
5143.956543 0.000000 2666.620361 0.000000 0.800659 0.000000 0.599120 0.774981 0.774981 0.774981
5151.370605 0.000000 2672.177246 0.000000 0.878256 0.000000 -0.478191 0.816431 0.816431 0.816431
5209.947754 0.000000 2659.314453 0.000000 0.618713 0.000000 -0.785617 0.857937 0.857937 0.857937
5201.764160 0.000000 2655.967041 0.000000 0.822920 0.000000 0.568157 0.785156 0.785156 0.785156
5196.071777 0.000000 2623.255859 0.000000 0.513975 0.000000 -0.857805 0.825945 0.825945 0.825945
5203.236816 0.000000 2617.186768 0.000000 0.490840 0.000000 0.871249 0.768945 0.768945 0.768945
5148.946777 0.000000 2665.711426 0.000000 0.863018 0.000000 0.505173 0.785086 0.785086 0.785086
5200.078613 0.000000 2630.987793 0.000000 0.726949 0.000000 -0.686692 0.871658 0.871658 0.871658
5218.172852 0.000000 2655.428467 0.000000 0.795464 0.000000 -0.606001 0.844859 0.844859 0.844859
5144.273438 0.000000 2672.580078 0.000000 0.694687 0.000000 -0.719313 0.824532 0.824532 0.824532
5189.335449 0.000000 2640.045898 0.000000 0.867162 0.000000 0.498027 0.774699 0.774699 0.774699
5202.945312 0.000000 2610.113525 0.000000 0.895820 0.000000 0.444417 0.778201 0.778201 0.778201
5210.287109 0.000000 2655.140869 0.000000 0.663629 0.000000 0.748062 0.771643 0.771643 0.771643
5191.344727 0.000000 2649.596680 0.000000 0.983755 0.000000 0.179515 0.790808 0.790808 0.790808
5196.167480 0.000000 2629.502686 0.000000 0.621938 0.000000 -0.783066 0.854978 0.854978 0.854978
5195.029297 0.000000 2614.389648 0.000000 0.893035 0.000000 0.449986 0.784898 0.784898 0.784898
5188.696289 0.000000 2610.478760 0.000000 0.970628 0.000000 0.240586 0.791702 0.791702 0.791702
5216.656738 0.000000 2663.547363 0.000000 0.995982 0.000000 -0.089550 0.807307 0.807307 0.807307
5190.793945 0.000000 2617.960205 0.000000 0.758722 0.000000 -0.651415 0.845059 0.845059 0.845059
5136.696777 0.000000 2672.802490 0.000000 0.984298 0.000000 -0.176512 0.810100 0.810100 0.810100
5193.660156 0.000000 2673.076660 0.000000 0.307716 0.000000 -0.951478 0.870854 0.870854 0.870854
5151.686523 0.000000 2668.150879 0.000000 0.078286 0.000000 0.996931 0.714155 0.714155 0.714155
5214.640625 0.000000 2640.734619 0.000000 0.333589 0.000000 -0.942719 0.845718 0.845718 0.845718
5215.605957 0.000000 2660.081299 0.000000 0.443657 0.000000 -0.896197 0.926493 0.926493 0.926493
5197.206543 0.000000 2650.422607 0.000000 0.528589 0.000000 0.848878 0.742290 0.742290 0.742290
5185.942871 0.000000 2639.251465 0.000000 0.894974 0.000000 -0.446118 0.821889 0.821889 0.821889
5206.833496 0.000000 2616.492676 0.000000 0.421670 0.000000 -0.906749 0.848986 0.848986 0.848986
5196.675781 0.000000 2611.418701 0.000000 0.473998 0.000000 -0.880526 0.861303 0.861303 0.861303
5209.606445 0.000000 2635.868652 0.000000 0.991789 0.000000 0.127888 0.792777 0.792777 0.792777
5197.923828 0.000000 2653.926758 0.000000 0.974028 0.000000 0.226426 0.790146 0.790146 0.790146
5198.980469 0.000000 2673.030273 0.000000 0.821516 0.000000 -0.570185 0.836717 0.836717 0.836717
5204.054199 0.000000 2653.632568 0.000000 0.138312 0.000000 0.990389 0.730499 0.730499 0.730499
5202.156250 0.000000 2613.734863 0.000000 0.933299 0.000000 -0.359101 0.820908 0.820908 0.820908
5213.587891 0.000000 2636.114258 0.000000 0.451308 0.000000 0.892368 0.737241 0.737241 0.737241
5134.725586 0.000000 2670.229492 0.000000 0.999799 0.000000 -0.020058 0.800901 0.800901 0.800901
5218.235352 0.000000 2640.430908 0.000000 0.680265 0.000000 0.732966 0.753172 0.753172 0.753172
5192.077148 0.000000 2613.516357 0.000000 0.855359 0.000000 0.518035 0.765741 0.765741 0.765741
5142.932617 0.000000 2669.544922 0.000000 0.257019 0.000000 0.966406 0.726955 0.726955 0.726955
5192.799316 0.000000 2623.643311 0.000000 0.314668 0.000000 0.949202 0.728809 0.728809 0.728809
5162.821777 0.000000 2672.847900 0.000000 0.968788 0.000000 0.247890 0.785741 0.785741 0.785741
5219.464844 0.000000 2669.936279 0.000000 0.957466 0.000000 -0.288547 0.820871 0.820871 0.820871
5200.040527 0.000000 2611.742188 0.000000 0.083053 0.000000 -0.996545 0.881113 0.881113 0.881113
5214.252441 0.000000 2665.528809 0.000000 0.829659 0.000000 -0.558271 0.844006 0.844006 0.844006
5196.058594 0.000000 2632.399414 0.000000 0.519193 0.000000 -0.854657 0.860180 0.860180 0.860180
5195.657715 0.000000 2626.080322 0.000000 0.982580 0.000000 -0.185838 0.810640 0.810640 0.810640
5204.879883 0.000000 2632.264648 0.000000 0.981499 0.000000 -0.191467 0.811659 0.811659 0.811659
5201.585938 0.000000 2628.737305 0.000000 0.018207 0.000000 0.999834 0.692089 0.692089 0.692089
5196.411621 0.000000 2673.653076 0.000000 0.665864 0.000000 -0.746073 0.870138 0.870138 0.870138
5202.518066 0.000000 2631.351807 0.000000 0.589044 0.000000 0.808101 0.726709 0.726709 0.726709
5085.804688 0.000000 2735.620117 0.000000 0.999847 0.000000 -0.017512 0.800105 0.800105 0.800105
5098.757324 0.000000 2769.229004 0.000000 0.994204 0.000000 -0.107507 0.807422 0.807422 0.807422
5050.935547 0.000000 2765.414551 0.000000 0.563238 0.000000 0.826295 0.774944 0.774944 0.774944
5067.747070 0.000000 2749.670654 0.000000 0.774732 0.000000 -0.632290 0.814765 0.814765 0.814765
5099.008301 0.000000 2749.857422 0.000000 0.999999 0.000000 -0.001579 0.800016 0.800016 0.800016
5125.310059 0.000000 2740.163330 0.000000 0.638174 0.000000 0.769892 0.788418 0.788418 0.788418
5110.781738 0.000000 2741.662598 0.000000 0.655914 0.000000 -0.754835 0.817426 0.817426 0.817426
5052.356445 0.000000 2752.193604 0.000000 0.333442 0.000000 -0.942771 0.870061 0.870061 0.870061
5060.412109 0.000000 2776.791748 0.000000 0.511641 0.000000 0.859199 0.746115 0.746115 0.746115
5127.114258 0.000000 2763.675049 0.000000 0.922957 0.000000 0.384903 0.777510 0.777510 0.777510
5080.961426 0.000000 2746.902588 0.000000 0.437077 0.000000 -0.899424 0.822115 0.822115 0.822115
5096.874023 0.000000 2737.624512 0.000000 0.979707 0.000000 -0.200434 0.818742 0.818742 0.818742
5127.818848 0.000000 2696.566406 0.000000 0.379380 0.000000 -0.925241 0.820533 0.820533 0.820533
5130.361328 0.000000 2774.524658 0.000000 0.559941 0.000000 -0.828532 0.882496 0.882496 0.882496
5074.555176 0.000000 2762.860596 0.000000 0.897948 0.000000 -0.440101 0.825394 0.825394 0.825394
5094.534180 0.000000 2759.380859 0.000000 0.395092 0.000000 0.918641 0.733708 0.733708 0.733708
5107.841797 0.000000 2754.425781 0.000000 0.625633 0.000000 -0.780118 0.811260 0.811260 0.811260
5090.289551 0.000000 2744.603271 0.000000 0.304150 0.000000 -0.952624 0.822680 0.822680 0.822680
5046.396484 0.000000 2774.000732 0.000000 0.129059 0.000000 0.991637 0.789636 0.789636 0.789636
5105.846680 0.000000 2733.609375 0.000000 0.010590 0.000000 0.999944 0.711191 0.711191 0.711191
5100.187012 0.000000 2778.088867 0.000000 0.993336 0.000000 -0.115253 0.806575 0.806575 0.806575
5046.076172 0.000000 2758.286865 0.000000 0.952553 0.000000 -0.304374 0.817049 0.817049 0.817049
5128.101074 0.000000 2674.966797 0.000000 0.961744 0.000000 -0.273951 0.801829 0.801829 0.801829
5123.500977 0.000000 2729.989258 0.000000 0.652175 0.000000 0.758069 0.789690 0.789690 0.789690
5060.621582 0.000000 2755.535400 0.000000 0.046420 0.000000 0.998922 0.744285 0.744285 0.744285
5080.823730 0.000000 2768.524658 0.000000 0.958246 0.000000 -0.285943 0.811642 0.811642 0.811642
5117.286133 0.000000 2736.523682 0.000000 0.031979 0.000000 0.999489 0.728083 0.728083 0.728083
5102.381836 0.000000 2761.576416 0.000000 0.975477 0.000000 0.220102 0.798006 0.798006 0.798006
5090.295898 0.000000 2752.585449 0.000000 0.100017 0.000000 0.994986 0.748012 0.748012 0.748012
5102.404297 0.000000 2742.896973 0.000000 0.304347 0.000000 0.952561 0.685862 0.685862 0.685862
5092.875977 0.000000 2731.088135 0.000000 0.999988 0.000000 -0.004801 0.800049 0.800049 0.800049
5107.539062 0.000000 2726.111328 0.000000 0.204732 0.000000 -0.978818 0.813082 0.813082 0.813082
5068.510254 0.000000 2757.011230 0.000000 0.483802 0.000000 -0.875177 0.826821 0.826821 0.826821
5052.913086 0.000000 2777.597168 0.000000 0.280512 0.000000 0.959850 0.757605 0.757605 0.757605
5059.084961 0.000000 2748.653809 0.000000 0.591996 0.000000 -0.805941 0.833695 0.833695 0.833695
5129.134766 0.000000 2689.543457 0.000000 0.795796 0.000000 -0.605565 0.829621 0.829621 0.829621
5124.854980 0.000000 2777.964355 0.000000 0.695020 0.000000 -0.718991 0.814903 0.814903 0.814903
5125.620117 0.000000 2770.056152 0.000000 0.590432 0.000000 0.807087 0.781992 0.781992 0.781992
5132.441406 0.000000 2767.517822 0.000000 0.773454 0.000000 -0.633852 0.838255 0.838255 0.838255
5106.407715 0.000000 2747.756592 0.000000 0.883721 0.000000 0.468014 0.779281 0.779281 0.779281
5052.812988 0.000000 2771.489746 0.000000 0.783511 0.000000 -0.621378 0.827319 0.827319 0.827319
5069.364746 0.000000 2766.091309 0.000000 0.231922 0.000000 -0.972734 0.829635 0.829635 0.829635
5052.125977 0.000000 2758.443848 0.000000 0.931215 0.000000 -0.364470 0.806706 0.806706 0.806706
5091.100098 0.000000 2738.245605 0.000000 0.820276 0.000000 0.571969 0.741991 0.741991 0.741991
5096.129395 0.000000 2744.230469 0.000000 0.323592 0.000000 -0.946197 0.857268 0.857268 0.857268
5100.184082 0.000000 2732.492188 0.000000 0.943023 0.000000 0.332727 0.781709 0.781709 0.781709
5086.188965 0.000000 2748.733643 0.000000 0.479739 0.000000 -0.877411 0.826296 0.826296 0.826296
5045.988770 0.000000 2779.895508 0.000000 0.984384 0.000000 -0.176034 0.810073 0.810073 0.810073
5094.701172 0.000000 2765.068115 0.000000 0.515352 0.000000 0.856979 0.767311 0.767311 0.767311
5080.087891 0.000000 2762.860107 0.000000 0.637276 0.000000 -0.770636 0.840065 0.840065 0.840065
5116.035156 0.000000 2741.608643 0.000000 0.999453 0.000000 0.033078 0.798355 0.798355 0.798355
5125.918945 0.000000 2734.699463 0.000000 0.975568 0.000000 0.219699 0.787392 0.787392 0.787392
5047.093750 0.000000 2753.193848 0.000000 0.596495 0.000000 -0.802617 0.825120 0.825120 0.825120
5095.436035 0.000000 2754.292725 0.000000 0.757367 0.000000 0.652989 0.761631 0.761631 0.761631
5106.021973 0.000000 2739.101807 0.000000 0.918927 0.000000 0.394428 0.779108 0.779108 0.779108
5085.194824 0.000000 2764.560059 0.000000 0.970240 0.000000 -0.242147 0.808939 0.808939 0.808939
5086.423340 0.000000 2740.708496 0.000000 0.171035 0.000000 -0.985265 0.882143 0.882143 0.882143
5128.086426 0.000000 2728.279053 0.000000 0.535782 0.000000 -0.844356 0.822288 0.822288 0.822288
5104.816895 0.000000 2776.344727 0.000000 0.684341 0.000000 0.729162 0.774052 0.774052 0.774052
5103.538574 0.000000 2751.977295 0.000000 0.346966 0.000000 0.937878 0.752623 0.752623 0.752623
5063.091309 0.000000 2751.374512 0.000000 0.999981 0.000000 0.006124 0.799677 0.799677 0.799677
5046.888672 0.000000 2762.920654 0.000000 0.189920 0.000000 0.981800 0.726425 0.726425 0.726425
5129.489258 0.000000 2779.202148 0.000000 0.621107 0.000000 -0.783726 0.861519 0.861519 0.861519
5101.675293 0.000000 2737.146973 0.000000 0.076336 0.000000 0.997082 0.710461 0.710461 0.710461
5103.320312 0.000000 2728.928955 0.000000 0.662506 0.000000 0.749057 0.778187 0.778187 0.778187
5120.585938 0.000000 2740.145996 0.000000 0.991265 0.000000 -0.131882 0.804597 0.804597 0.804597
5101.430176 0.000000 2773.124512 0.000000 0.949474 0.000000 -0.313845 0.817406 0.817406 0.817406
5071.127930 0.000000 2753.121826 0.000000 0.990837 0.000000 0.135065 0.796591 0.796591 0.796591
5056.964355 0.000000 2773.604736 0.000000 0.258263 0.000000 -0.966075 0.857280 0.857280 0.857280
5055.631348 0.000000 2755.415527 0.000000 0.990402 0.000000 -0.138216 0.806065 0.806065 0.806065
5069.242188 0.000000 2761.523926 0.000000 0.754146 0.000000 0.656707 0.782829 0.782829 0.782829
5122.955566 0.000000 2766.298828 0.000000 0.308361 0.000000 -0.951270 0.829381 0.829381 0.829381
5099.041504 0.000000 2764.551270 0.000000 0.626297 0.000000 -0.779584 0.850888 0.850888 0.850888
5109.079590 0.000000 2730.240234 0.000000 0.062395 0.000000 -0.998052 0.853322 0.853322 0.853322
5121.563477 0.000000 2735.812500 0.000000 0.699754 0.000000 -0.714384 0.834329 0.834329 0.834329
5113.086426 0.000000 2737.972168 0.000000 0.249763 0.000000 -0.968307 0.833177 0.833177 0.833177
5131.111816 0.000000 2699.287109 0.000000 0.400161 0.000000 -0.916445 0.836114 0.836114 0.836114
5131.180664 0.000000 2762.412842 0.000000 0.997206 0.000000 -0.074703 0.803719 0.803719 0.803719
5131.035156 0.000000 2693.496338 0.000000 0.968411 0.000000 0.249361 0.785655 0.785655 0.785655
5084.614746 0.000000 2744.596680 0.000000 0.999931 0.000000 -0.011723 0.800667 0.800667 0.800667
5130.283203 0.000000 2685.429443 0.000000 0.115569 0.000000 -0.993299 0.846204 0.846204 0.846204
5054.738281 0.000000 2748.642334 0.000000 0.140677 0.000000 -0.990056 0.841974 0.841974 0.841974
5098.629395 0.000000 2759.755615 0.000000 0.043816 0.000000 -0.999040 0.869534 0.869534 0.869534
5124.208008 0.000000 2773.883057 0.000000 0.543405 0.000000 0.839470 0.770152 0.770152 0.770152
5057.281250 0.000000 2779.564453 0.000000 0.439178 0.000000 -0.898400 0.848149 0.848149 0.848149
5102.343262 0.000000 2747.030273 0.000000 0.344999 0.000000 -0.938603 0.879584 0.879584 0.879584
5123.294922 0.000000 2762.125244 0.000000 0.928684 0.000000 0.370871 0.782015 0.782015 0.782015
5109.175293 0.000000 2736.487061 0.000000 0.790528 0.000000 -0.612425 0.837123 0.837123 0.837123
5097.440430 0.000000 2774.323730 0.000000 0.979744 0.000000 -0.200253 0.807490 0.807490 0.807490
5096.225586 0.000000 2733.598145 0.000000 0.636999 0.000000 -0.770865 0.831116 0.831116 0.831116
5132.050293 0.000000 2675.797607 0.000000 0.773713 0.000000 0.633536 0.767112 0.767112 0.767112
5129.664551 0.000000 2770.531738 0.000000 0.891624 0.000000 0.452777 0.781137 0.781137 0.781137
5098.687988 0.000000 2741.193359 0.000000 0.665784 0.000000 0.746145 0.707144 0.707144 0.707144
5066.721191 0.000000 2753.486572 0.000000 0.891172 0.000000 0.453666 0.773197 0.773197 0.773197
5093.067871 0.000000 2741.640381 0.000000 0.393441 0.000000 0.919350 0.702854 0.702854 0.702854
5050.150879 0.000000 2774.811279 0.000000 0.384910 0.000000 -0.922954 0.840857 0.840857 0.840857
5089.788574 0.000000 2734.537354 0.000000 0.899913 0.000000 0.436069 0.784049 0.784049 0.784049
5077.797852 0.000000 2766.053955 0.000000 0.745976 0.000000 -0.665973 0.830131 0.830131 0.830131
5109.347656 0.000000 2750.935059 0.000000 0.723432 0.000000 0.690395 0.775801 0.775801 0.775801
5058.166992 0.000000 2752.603516 0.000000 0.186053 0.000000 -0.982540 0.877930 0.877930 0.877930
5091.918457 0.000000 2756.273438 0.000000 0.073774 0.000000 -0.997275 0.852022 0.852022 0.852022
5106.667969 0.000000 2780.061035 0.000000 0.880080 0.000000 -0.474825 0.817787 0.817787 0.817787
5050.274902 0.000000 2755.185791 0.000000 0.881586 0.000000 -0.472023 0.827982 0.827982 0.827982
5128.613770 0.000000 2767.065674 0.000000 0.412447 0.000000 -0.910981 0.843246 0.843246 0.843246
5128.525391 0.000000 2731.898438 0.000000 0.173908 0.000000 0.984762 0.744795 0.744795 0.744795
5048.991211 0.000000 2760.191406 0.000000 0.853390 0.000000 0.521273 0.768788 0.768788 0.768788
5093.541504 0.000000 2735.789307 0.000000 0.994760 0.000000 0.102235 0.792820 0.792820 0.792820
5127.206543 0.000000 2775.474365 0.000000 0.609129 0.000000 0.793071 0.751162 0.751162 0.751162
5103.428223 0.000000 2779.377686 0.000000 0.265921 0.000000 0.963995 0.725909 0.725909 0.725909
5082.040527 0.000000 2765.436035 0.000000 0.842941 0.000000 -0.538006 0.831995 0.831995 0.831995
5061.281738 0.000000 2780.064453 0.000000 0.967688 0.000000 0.252150 0.786713 0.786713 0.786713
5072.593262 0.000000 2765.409912 0.000000 0.932290 0.000000 -0.361712 0.821067 0.821067 0.821067
5096.635254 0.000000 2762.209229 0.000000 0.757413 0.000000 -0.652936 0.840497 0.840497 0.840497
5089.629395 0.000000 2741.476562 0.000000 0.737733 0.000000 0.675093 0.748047 0.748047 0.748047
5096.375000 0.000000 2771.294922 0.000000 0.143399 0.000000 -0.989665 0.882076 0.882076 0.882076
5084.428223 0.000000 2767.616455 0.000000 0.707071 0.000000 0.707142 0.765645 0.765645 0.765645
5127.226562 0.000000 2737.549805 0.000000 0.644546 0.000000 0.764566 0.760366 0.760366 0.760366
5099.098633 0.000000 2735.414307 0.000000 0.439707 0.000000 -0.898142 0.870181 0.870181 0.870181
5097.171875 0.000000 2756.911865 0.000000 0.902542 0.000000 -0.430603 0.823205 0.823205 0.823205
5087.430176 0.000000 2745.838867 0.000000 0.999205 0.000000 -0.039874 0.801984 0.801984 0.801984
5055.940430 0.000000 2776.529297 0.000000 0.994790 0.000000 -0.101943 0.804895 0.804895 0.804895
5087.942871 0.000000 2738.015381 0.000000 0.870706 0.000000 -0.491803 0.828342 0.828342 0.828342
5053.440430 0.000000 2774.534668 0.000000 0.194315 0.000000 0.980939 0.725840 0.725840 0.725840
5102.891602 0.000000 2733.863037 0.000000 0.088299 0.000000 -0.996094 0.884379 0.884379 0.884379
5106.401855 0.000000 2750.736328 0.000000 0.246387 0.000000 0.969171 0.729511 0.729511 0.729511
5124.238770 0.000000 2737.282471 0.000000 0.632003 0.000000 -0.774966 0.848345 0.848345 0.848345
5105.807129 0.000000 2730.627686 0.000000 0.422765 0.000000 0.906240 0.738153 0.738153 0.738153
5096.776367 0.000000 2767.080322 0.000000 0.302075 0.000000 -0.953284 0.874974 0.874974 0.874974
5104.413086 0.000000 2744.981201 0.000000 0.310517 0.000000 0.950568 0.724048 0.724048 0.724048
5095.711914 0.000000 2740.391357 0.000000 0.549327 0.000000 0.835608 0.715241 0.715241 0.715241
5099.031738 0.000000 2771.894043 0.000000 0.987447 0.000000 -0.157951 0.810739 0.810739 0.810739
5218.374512 0.000000 2707.526855 0.000000 0.225903 0.000000 0.974150 0.788735 0.788735 0.788735
5196.530762 0.000000 2676.528076 0.000000 0.197229 0.000000 -0.980357 0.928267 0.928267 0.928267
5135.949219 0.000000 2676.949219 0.000000 0.560359 0.000000 -0.828250 0.855554 0.855554 0.855554
5186.214844 0.000000 2709.207275 0.000000 0.352774 0.000000 -0.935709 0.809427 0.809427 0.809427
5141.574707 0.000000 2714.703125 0.000000 0.931515 0.000000 0.363702 0.784388 0.784388 0.784388
5137.927734 0.000000 2765.414551 0.000000 0.636057 0.000000 -0.771642 0.836440 0.836440 0.836440
5164.589355 0.000000 2675.318848 0.000000 0.978087 0.000000 -0.208195 0.806534 0.806534 0.806534
5166.347168 0.000000 2715.978516 0.000000 0.703114 0.000000 0.711077 0.776302 0.776302 0.776302
5201.136230 0.000000 2696.299316 0.000000 0.410501 0.000000 -0.911860 0.901783 0.901783 0.901783
5134.507812 0.000000 2698.308594 0.000000 0.204150 0.000000 -0.978940 0.873619 0.873619 0.873619
5202.653320 0.000000 2712.344971 0.000000 0.327559 0.000000 0.944831 0.708089 0.708089 0.708089
5150.609375 0.000000 2682.716309 0.000000 0.771970 0.000000 0.635659 0.760789 0.760789 0.760789
5172.808594 0.000000 2703.455811 0.000000 0.577706 0.000000 -0.816245 0.836617 0.836617 0.836617
5147.404297 0.000000 2776.791748 0.000000 0.536757 0.000000 0.843737 0.750661 0.750661 0.750661
5138.665527 0.000000 2727.473145 0.000000 0.890122 0.000000 0.455722 0.773066 0.773066 0.773066
5191.325195 0.000000 2688.039062 0.000000 0.718911 0.000000 -0.695102 0.843748 0.843748 0.843748
5214.811035 0.000000 2696.566406 0.000000 0.970266 0.000000 0.242043 0.791797 0.791797 0.791797
5155.276367 0.000000 2720.231934 0.000000 0.993605 0.000000 0.112913 0.793559 0.793559 0.793559
5132.762207 0.000000 2687.028564 0.000000 0.685390 0.000000 0.728176 0.753572 0.753572 0.753572
5202.366699 0.000000 2685.560303 0.000000 0.993369 0.000000 -0.114971 0.809666 0.809666 0.809666
5145.158691 0.000000 2704.661133 0.000000 0.997660 0.000000 -0.068370 0.802091 0.802091 0.802091
5195.291504 0.000000 2704.670654 0.000000 0.681324 0.000000 -0.731982 0.811809 0.811809 0.811809
5208.481934 0.000000 2704.229004 0.000000 0.944196 0.000000 0.329384 0.793162 0.793162 0.793162
5206.127441 0.000000 2676.465088 0.000000 0.460180 0.000000 0.887825 0.792799 0.792799 0.792799
5133.388672 0.000000 2774.000732 0.000000 0.783582 0.000000 -0.621288 0.856636 0.856636 0.856636
5141.742188 0.000000 2685.085693 0.000000 0.206696 0.000000 -0.978405 0.862049 0.862049 0.862049
5155.442383 0.000000 2781.509033 0.000000 0.327717 0.000000 0.944776 0.771096 0.771096 0.771096
5145.424316 0.000000 2674.697510 0.000000 0.282872 0.000000 0.959158 0.788460 0.788460 0.788460
5205.374023 0.000000 2720.405029 0.000000 0.919431 0.000000 0.393252 0.777237 0.777237 0.777237
5207.719238 0.000000 2691.735107 0.000000 0.098723 0.000000 0.995115 0.716217 0.716217 0.716217
5173.363770 0.000000 2711.672607 0.000000 0.990603 0.000000 0.136771 0.797041 0.797041 0.797041
5157.082031 0.000000 2677.873291 0.000000 0.880719 0.000000 0.473640 0.779601 0.779601 0.779601
5153.060059 0.000000 2771.407471 0.000000 0.742110 0.000000 0.670278 0.767870 0.767870 0.767870
5193.126953 0.000000 2696.107422 0.000000 0.999914 0.000000 -0.013140 0.800118 0.800118 0.800118
5139.905273 0.000000 2777.597168 0.000000 0.370546 0.000000 -0.928814 0.854244 0.854244 0.854244
5179.391602 0.000000 2706.667236 0.000000 0.731157 0.000000 0.682209 0.757265 0.757265 0.757265
5159.762207 0.000000 2714.096680 0.000000 0.973475 0.000000 -0.228796 0.811618 0.811618 0.811618
5216.126953 0.000000 2689.543457 0.000000 0.881445 0.000000 -0.472288 0.813557 0.813557 0.813557
5151.290527 0.000000 2689.563232 0.000000 0.999856 0.000000 -0.016982 0.800193 0.800193 0.800193
5201.910645 0.000000 2705.242920 0.000000 0.429649 0.000000 0.902996 0.735192 0.735192 0.735192
5141.451172 0.000000 2699.109131 0.000000 0.068835 0.000000 0.997628 0.737907 0.737907 0.737907
5197.604492 0.000000 2690.542969 0.000000 0.962888 0.000000 0.269902 0.783298 0.783298 0.783298
5199.029785 0.000000 2721.583984 0.000000 0.810656 0.000000 -0.585523 0.812368 0.812368 0.812368
5161.879395 0.000000 2721.601807 0.000000 0.774130 0.000000 0.633027 0.783572 0.783572 0.783572
5166.877930 0.000000 2709.697510 0.000000 0.886266 0.000000 -0.463177 0.827989 0.827989 0.827989
5139.353516 0.000000 2720.807861 0.000000 0.529511 0.000000 0.848303 0.742352 0.742352 0.742352
5139.805176 0.000000 2771.489746 0.000000 0.481775 0.000000 -0.876295 0.819200 0.819200 0.819200
5214.382324 0.000000 2702.762695 0.000000 0.143368 0.000000 -0.989669 0.881223 0.881223 0.881223
5207.780762 0.000000 2698.392334 0.000000 0.802168 0.000000 -0.597099 0.863261 0.863261 0.863261
5141.613281 0.000000 2679.119141 0.000000 0.828877 0.000000 0.559431 0.788972 0.788972 0.788972
5201.288574 0.000000 2679.813965 0.000000 0.999843 0.000000 -0.017705 0.801008 0.801008 0.801008
5191.001953 0.000000 2674.713623 0.000000 0.902423 0.000000 0.430851 0.786922 0.786922 0.786922
5150.765625 0.000000 2676.733887 0.000000 0.998448 0.000000 0.055697 0.798097 0.798097 0.798097
5136.503418 0.000000 2682.450928 0.000000 0.084210 0.000000 -0.996448 0.884613 0.884613 0.884613
5207.396973 0.000000 2681.945557 0.000000 0.972683 0.000000 0.232139 0.789893 0.789893 0.789893
5132.609863 0.000000 2693.011230 0.000000 0.160456 0.000000 0.987043 0.743411 0.743411 0.743411
5132.980957 0.000000 2779.895508 0.000000 0.296642 0.000000 -0.954989 0.944537 0.944537 0.944537
5139.560547 0.000000 2704.319580 0.000000 0.934086 0.000000 -0.357049 0.817720 0.817720 0.817720
5196.990723 0.000000 2699.658691 0.000000 0.832260 0.000000 0.554385 0.770073 0.770073 0.770073
5183.761230 0.000000 2703.472900 0.000000 0.960480 0.000000 0.278348 0.792902 0.792902 0.792902
5146.816406 0.000000 2686.831299 0.000000 0.259033 0.000000 0.965868 0.725503 0.725503 0.725503
5155.212891 0.000000 2776.143311 0.000000 0.963745 0.000000 -0.266827 0.805664 0.805664 0.805664
5145.840332 0.000000 2717.936035 0.000000 0.942746 0.000000 0.333510 0.787776 0.787776 0.787776
5134.672852 0.000000 2769.193848 0.000000 0.993484 0.000000 0.113974 0.793635 0.793635 0.793635
5211.070801 0.000000 2688.044922 0.000000 0.257370 0.000000 0.966313 0.760739 0.760739 0.760739
5155.921875 0.000000 2683.012939 0.000000 0.904725 0.000000 -0.425997 0.815029 0.815029 0.815029
5202.348633 0.000000 2691.529541 0.000000 0.984936 0.000000 -0.172917 0.806040 0.806040 0.806040
5133.880859 0.000000 2762.920654 0.000000 0.900159 0.000000 0.435561 0.780828 0.780828 0.780828
5206.912598 0.000000 2715.728027 0.000000 0.393029 0.000000 0.919526 0.751758 0.751758 0.751758
5143.297363 0.000000 2690.249512 0.000000 0.540339 0.000000 -0.841448 0.826362 0.826362 0.826362
5203.300781 0.000000 2700.563232 0.000000 0.745754 0.000000 -0.666222 0.865094 0.865094 0.865094
5168.088867 0.000000 2702.384277 0.000000 0.860368 0.000000 -0.509674 0.811536 0.811536 0.811536
5139.916016 0.000000 2674.613770 0.000000 0.784134 0.000000 0.620591 0.778739 0.778739 0.778739
5137.255859 0.000000 2687.647949 0.000000 0.193551 0.000000 0.981090 0.743112 0.743112 0.743112
5151.370605 0.000000 2779.161621 0.000000 0.678981 0.000000 0.734156 0.763940 0.763940 0.763940
5170.987793 0.000000 2707.711914 0.000000 0.951540 0.000000 -0.307526 0.825660 0.825660 0.825660
5212.652344 0.000000 2692.569336 0.000000 0.073040 0.000000 0.997329 0.718339 0.718339 0.718339
5206.613770 0.000000 2687.165771 0.000000 0.990497 0.000000 -0.137535 0.808680 0.808680 0.808680
5201.866699 0.000000 2674.697266 0.000000 0.390723 0.000000 -0.920508 0.851148 0.851148 0.851148
5177.098633 0.000000 2702.723389 0.000000 0.530621 0.000000 0.847609 0.764850 0.764850 0.764850
5148.946777 0.000000 2772.695801 0.000000 0.997129 0.000000 -0.075722 0.802861 0.802861 0.802861
5199.556152 0.000000 2708.775391 0.000000 0.616834 0.000000 0.787094 0.765797 0.765797 0.765797
5218.104004 0.000000 2699.287109 0.000000 0.999951 0.000000 0.009917 0.799412 0.799412 0.799412
5132.987793 0.000000 2680.023193 0.000000 0.908642 0.000000 0.417576 0.786836 0.786836 0.786836
5218.027344 0.000000 2693.496338 0.000000 0.771492 0.000000 -0.636239 0.834295 0.834295 0.834295
5138.250000 0.000000 2696.365479 0.000000 0.057002 0.000000 0.998374 0.743766 0.743766 0.743766
5175.166992 0.000000 2707.411377 0.000000 0.975603 0.000000 0.219543 0.786738 0.786738 0.786738
5159.145020 0.000000 2718.229736 0.000000 0.684196 0.000000 -0.729298 0.845052 0.845052 0.845052
5144.273438 0.000000 2779.564453 0.000000 0.321166 0.000000 -0.947023 0.842480 0.842480 0.842480
5160.146973 0.000000 2675.019531 0.000000 0.221221 0.000000 -0.975224 0.862987 0.862987 0.862987
5204.386719 0.000000 2708.596924 0.000000 0.975504 0.000000 -0.219980 0.809967 0.809967 0.809967
5202.945312 0.000000 2717.097900 0.000000 0.738417 0.000000 0.674345 0.759204 0.759204 0.759204
5163.569824 0.000000 2712.093506 0.000000 0.382750 0.000000 0.923852 0.732945 0.732945 0.732945
5197.267578 0.000000 2694.930176 0.000000 0.502974 0.000000 -0.864302 0.860038 0.860038 0.860038
5205.095703 0.000000 2695.320557 0.000000 0.765258 0.000000 0.643724 0.741754 0.741754 0.741754
5211.974121 0.000000 2699.484375 0.000000 0.885059 0.000000 -0.465478 0.825529 0.825529 0.825529
5153.389648 0.000000 2679.808838 0.000000 0.926217 0.000000 0.376990 0.777997 0.777997 0.777997
5136.697266 0.000000 2723.867432 0.000000 0.361632 0.000000 0.932321 0.740284 0.740284 0.740284
5137.512695 0.000000 2700.927002 0.000000 0.128445 0.000000 -0.991717 0.875168 0.875168 0.875168
5137.143066 0.000000 2774.811279 0.000000 0.768008 0.000000 0.640441 0.756687 0.756687 0.756687
5193.986816 0.000000 2691.861328 0.000000 0.697793 0.000000 0.716300 0.759334 0.759334 0.759334
5210.289551 0.000000 2695.531006 0.000000 0.514214 0.000000 -0.857662 0.842612 0.842612 0.842612
5145.180664 0.000000 2683.244141 0.000000 0.962949 0.000000 0.269683 0.791165 0.791165 0.791165
5162.703613 0.000000 2716.934814 0.000000 0.998029 0.000000 -0.062750 0.802671 0.802671 0.802671
5198.777832 0.000000 2702.984131 0.000000 0.983616 0.000000 0.180275 0.789573 0.789573 0.789573
5136.696777 0.000000 2779.786865 0.000000 0.623321 0.000000 -0.781966 0.873160 0.873160 0.873160
5167.653320 0.000000 2706.067627 0.000000 0.467790 0.000000 -0.883840 0.855208 0.855208 0.855208
5183.050293 0.000000 2707.203125 0.000000 0.860521 0.000000 0.509415 0.769575 0.769575 0.769575
5151.686523 0.000000 2775.135254 0.000000 0.741666 0.000000 -0.670769 0.841851 0.841851 0.841851
5194.862793 0.000000 2687.241455 0.000000 0.990960 0.000000 -0.134160 0.805483 0.805483 0.805483
5143.153809 0.000000 2720.405029 0.000000 0.242971 0.000000 -0.970034 0.854795 0.854795 0.854795
5203.815918 0.000000 2682.296631 0.000000 0.987805 0.000000 0.155696 0.786886 0.786886 0.786886
5169.820801 0.000000 2711.787598 0.000000 0.089245 0.000000 0.996010 0.724551 0.724551 0.724551
5154.192871 0.000000 2675.920166 0.000000 0.413528 0.000000 -0.910492 0.865145 0.865145 0.865145
5197.504883 0.000000 2679.865479 0.000000 0.867740 0.000000 -0.497018 0.832101 0.832101 0.832101
5140.905762 0.000000 2707.575195 0.000000 0.166807 0.000000 -0.985990 0.863057 0.863057 0.863057
5142.621094 0.000000 2702.301270 0.000000 0.779626 0.000000 0.626245 0.764318 0.764318 0.764318
5217.504883 0.000000 2704.120361 0.000000 0.534989 0.000000 -0.844859 0.838589 0.838589 0.838589
5205.157715 0.000000 2703.475342 0.000000 0.919371 0.000000 0.393393 0.780862 0.780862 0.780862
5154.811523 0.000000 2723.587646 0.000000 0.212038 0.000000 -0.977261 0.857734 0.857734 0.857734
5140.965820 0.000000 2717.926514 0.000000 0.996108 0.000000 -0.088145 0.805024 0.805024 0.805024
5200.221191 0.000000 2699.624023 0.000000 0.422930 0.000000 0.906163 0.689236 0.689236 0.689236
5148.273926 0.000000 2780.064453 0.000000 0.165224 0.000000 0.986256 0.720036 0.720036 0.720036
5135.148438 0.000000 2695.151123 0.000000 0.679142 0.000000 -0.734007 0.838026 0.838026 0.838026
5202.156250 0.000000 2720.719238 0.000000 0.979226 0.000000 0.202773 0.788377 0.788377 0.788377
5134.725586 0.000000 2777.213867 0.000000 0.902417 0.000000 0.430863 0.756228 0.756228 0.756228
5141.258301 0.000000 2729.354736 0.000000 0.855152 0.000000 0.518377 0.776164 0.776164 0.776164
5203.702148 0.000000 2688.531738 0.000000 0.283648 0.000000 0.958928 0.743105 0.743105 0.743105
5205.763672 0.000000 2712.737793 0.000000 0.643203 0.000000 -0.765696 0.859571 0.859571 0.859571
5133.719238 0.000000 2766.206299 0.000000 0.955441 0.000000 -0.295181 0.816697 0.816697 0.816697
5199.782715 0.000000 2677.062500 0.000000 0.104235 0.000000 -0.994553 0.917733 0.917733 0.917733
5198.019531 0.000000 2706.143799 0.000000 0.591125 0.000000 0.806580 0.752211 0.752211 0.752211
5209.313965 0.000000 2701.091064 0.000000 0.997215 0.000000 -0.074582 0.804920 0.804920 0.804920
5218.659668 0.000000 2696.378906 0.000000 0.982275 0.000000 -0.187445 0.810281 0.810281 0.810281
5135.591797 0.000000 2685.235596 0.000000 0.614835 0.000000 0.788656 0.748280 0.748280 0.748280
5148.032227 0.000000 2684.082520 0.000000 0.083342 0.000000 -0.996521 0.884662 0.884662 0.884662
5143.882324 0.000000 2687.141846 0.000000 0.192848 0.000000 -0.981229 0.878365 0.878365 0.878365
5170.246094 0.000000 2704.811523 0.000000 0.915568 0.000000 0.402164 0.772226 0.772226 0.772226
5206.215332 0.000000 2700.828613 0.000000 0.317210 0.000000 0.948355 0.699051 0.699051 0.699051
5205.353027 0.000000 2684.630371 0.000000 0.567457 0.000000 0.823403 0.703782 0.703782 0.703782
5198.556641 0.000000 2697.346191 0.000000 0.633460 0.000000 -0.773776 0.861496 0.861496 0.861496
5207.665527 0.000000 2694.456055 0.000000 0.184182 0.000000 -0.982892 0.903773 0.903773 0.903773
5198.332031 0.000000 2674.631104 0.000000 0.876623 0.000000 0.481178 0.758492 0.758492 0.758492
5202.859863 0.000000 2694.065430 0.000000 0.618614 0.000000 0.785695 0.734473 0.734473 0.734473
4951.875488 0.000000 2790.271973 0.000000 0.440120 0.000000 -0.897939 0.853449 0.853449 0.853449
4953.834473 0.000000 2803.550781 0.000000 0.870349 0.000000 0.492435 0.774086 0.774086 0.774086
4955.150391 0.000000 2796.527832 0.000000 0.197151 0.000000 -0.980373 0.877293 0.877293 0.877293
4950.094238 0.000000 2795.029297 0.000000 0.772712 0.000000 0.634756 0.776101 0.776101 0.776101
4951.675781 0.000000 2799.553711 0.000000 0.829409 0.000000 0.558642 0.776560 0.776560 0.776560
4957.127441 0.000000 2806.271484 0.000000 0.068261 0.000000 -0.997667 0.847713 0.847713 0.847713
4957.050781 0.000000 2800.480713 0.000000 0.301615 0.000000 -0.953430 0.862123 0.862123 0.862123
4956.298828 0.000000 2792.413818 0.000000 0.769506 0.000000 -0.638640 0.831130 0.831130 0.831130
4953.102051 0.000000 2793.510742 0.000000 0.241596 0.000000 -0.970377 0.869958 0.869958 0.869958
4957.683105 0.000000 2803.363281 0.000000 0.501768 0.000000 0.865002 0.740508 0.740508 0.740508
5044.390137 0.000000 2814.511230 0.000000 0.623058 0.000000 -0.782176 0.826907 0.826907 0.826907
5012.230469 0.000000 2816.191650 0.000000 0.996024 0.000000 -0.089088 0.801657 0.801657 0.801657
5004.825684 0.000000 2797.289795 0.000000 0.982665 0.000000 -0.185389 0.809385 0.809385 0.809385
4960.523438 0.000000 2805.292969 0.000000 0.716501 0.000000 0.697586 0.756055 0.756055 0.756055
5038.867676 0.000000 2790.271973 0.000000 0.840459 0.000000 0.541876 0.797255 0.797255 0.797255
5012.148438 0.000000 2833.628906 0.000000 0.999824 0.000000 -0.018750 0.800584 0.800584 0.800584
5038.317871 0.000000 2847.147705 0.000000 0.958919 0.000000 -0.283680 0.811891 0.811891 0.811891
5042.413086 0.000000 2830.213379 0.000000 0.802612 0.000000 -0.596501 0.829870 0.829870 0.829870
5023.789551 0.000000 2848.646973 0.000000 0.579783 0.000000 -0.814771 0.826248 0.826248 0.826248
5017.340820 0.000000 2795.023438 0.000000 0.996826 0.000000 -0.079615 0.800573 0.800573 0.800573
5004.252930 0.000000 2824.913574 0.000000 0.714054 0.000000 -0.700090 0.826486 0.826486 0.826486
4992.851562 0.000000 2793.822510 0.000000 0.731960 0.000000 -0.681347 0.827847 0.827847 0.827847
5040.826660 0.000000 2803.550781 0.000000 0.947084 0.000000 0.320985 0.781400 0.781400 0.781400
5011.955566 0.000000 2805.413086 0.000000 0.608438 0.000000 0.793601 0.785170 0.785170 0.785170
4958.777832 0.000000 2794.012939 0.000000 0.911128 0.000000 0.412124 0.792110 0.792110 0.792110
5042.038574 0.000000 2858.152100 0.000000 0.858448 0.000000 -0.512901 0.823234 0.823234 0.823234
5018.854492 0.000000 2840.593750 0.000000 0.072097 0.000000 0.997398 0.743430 0.743430 0.743430
5041.108887 0.000000 2781.951172 0.000000 0.878001 0.000000 -0.478660 0.818542 0.818542 0.818542
5036.508789 0.000000 2836.973633 0.000000 0.991878 0.000000 -0.127189 0.804432 0.804432 0.804432
5000.367188 0.000000 2789.588135 0.000000 0.988286 0.000000 0.152613 0.795869 0.795869 0.795869
5045.396973 0.000000 2838.391602 0.000000 0.730291 0.000000 -0.683136 0.842357 0.842357 0.842357
5030.293945 0.000000 2843.508057 0.000000 0.973369 0.000000 0.229244 0.798198 0.798198 0.798198
5005.883789 0.000000 2838.072510 0.000000 0.705986 0.000000 0.708226 0.792927 0.792927 0.792927
5020.546875 0.000000 2833.095703 0.000000 0.989949 0.000000 -0.141426 0.802466 0.802466 0.802466
5004.464844 0.000000 2805.301025 0.000000 0.750475 0.000000 0.660899 0.759335 0.759335 0.759335
5007.449219 0.000000 2790.491211 0.000000 0.687507 0.000000 -0.726178 0.832627 0.832627 0.832627
5005.407227 0.000000 2813.651611 0.000000 0.839380 0.000000 0.543544 0.775898 0.775898 0.775898
5010.845215 0.000000 2823.416016 0.000000 0.937269 0.000000 0.348606 0.789119 0.789119 0.789119
5042.142578 0.000000 2796.527832 0.000000 0.647657 0.000000 0.761932 0.762628 0.762628 0.762628
5011.589355 0.000000 2798.658936 0.000000 0.201121 0.000000 -0.979566 0.842632 0.842632 0.842632
5006.362305 0.000000 2831.159180 0.000000 0.622190 0.000000 0.782866 0.758512 0.758512 0.758512
4998.784180 0.000000 2795.862305 0.000000 0.318153 0.000000 -0.948039 0.850808 0.850808 0.850808
5042.699707 0.000000 2851.413574 0.000000 0.999993 0.000000 0.003690 0.799883 0.799883 0.799883
4994.559082 0.000000 2787.362793 0.000000 0.315575 0.000000 0.948901 0.764806 0.764806 0.764806
5040.397949 0.000000 2809.747070 0.000000 0.977334 0.000000 0.211703 0.793737 0.793737 0.793737
5044.222656 0.000000 2787.575684 0.000000 0.170965 0.000000 0.985277 0.720368 0.720368 0.720368
5033.796387 0.000000 2805.376709 0.000000 0.400040 0.000000 -0.916498 0.827783 0.827783 0.827783
5025.118164 0.000000 2840.740723 0.000000 0.984708 0.000000 0.174212 0.791397 0.791397 0.791397
5043.729492 0.000000 2844.208252 0.000000 0.962099 0.000000 0.272699 0.784444 0.784444 0.784444
5006.685547 0.000000 2819.386719 0.000000 0.263235 0.000000 0.964732 0.764048 0.764048 0.764048
5036.468262 0.000000 2830.899170 0.000000 0.381472 0.000000 0.924380 0.769613 0.769613 0.769613
5013.191895 0.000000 2839.476562 0.000000 0.117346 0.000000 -0.993091 0.868786 0.868786 0.868786
4958.625488 0.000000 2799.995605 0.000000 0.768131 0.000000 0.640292 0.789591 0.789591 0.789591
5012.706543 0.000000 2791.925049 0.000000 0.201983 0.000000 0.979389 0.749202 0.749202 0.749202
5009.776855 0.000000 2810.457275 0.000000 0.738673 0.000000 0.674064 0.764544 0.764544 0.764544
5029.042969 0.000000 2848.593018 0.000000 0.742891 0.000000 0.669412 0.764405 0.764405 0.764405
5038.926758 0.000000 2841.683838 0.000000 0.417439 0.000000 0.908705 0.729635 0.729635 0.729635
5041.760742 0.000000 2825.072021 0.000000 0.030269 0.000000 0.999542 0.743695 0.743695 0.743695
5041.094238 0.000000 2835.263428 0.000000 0.762944 0.000000 0.646464 0.759145 0.759145 0.759145
5007.600098 0.000000 2801.368408 0.000000 0.760595 0.000000 0.649227 0.759781 0.759781 0.759781
5009.957520 0.000000 2828.038574 0.000000 0.126383 0.000000 -0.991982 0.882199 0.882199 0.882199
5016.328125 0.000000 2835.913330 0.000000 0.902769 0.000000 -0.430126 0.822379 0.822379 0.822379
5008.931152 0.000000 2794.943604 0.000000 0.380091 0.000000 -0.924949 0.885615 0.885615 0.885615
5038.667969 0.000000 2799.553711 0.000000 0.731179 0.000000 -0.682185 0.831938 0.831938 0.831938
5002.836914 0.000000 2793.285889 0.000000 0.617537 0.000000 -0.786542 0.851525 0.851525 0.851525
5003.114258 0.000000 2809.707764 0.000000 0.222633 0.000000 0.974902 0.753214 0.753214 0.753214
5022.087402 0.000000 2837.224609 0.000000 0.553088 0.000000 -0.833123 0.837761 0.837761 0.837761
5034.571289 0.000000 2842.796875 0.000000 0.830083 0.000000 -0.557639 0.825165 0.825165 0.825165
5026.094238 0.000000 2844.956543 0.000000 0.980386 0.000000 0.197088 0.789658 0.789658 0.789658
5044.119629 0.000000 2806.271484 0.000000 0.646954 0.000000 0.762529 0.768823 0.768823 0.768823
5044.042969 0.000000 2800.480713 0.000000 0.816647 0.000000 -0.577137 0.828753 0.828753 0.828753
5043.291016 0.000000 2792.413818 0.000000 0.306514 0.000000 -0.951866 0.837726 0.837726 0.837726
4996.479980 0.000000 2791.495605 0.000000 0.936970 0.000000 0.349409 0.779683 0.779683 0.779683
5026.645996 0.000000 2851.926270 0.000000 0.969217 0.000000 -0.246206 0.811924 0.811924 0.811924
5022.183105 0.000000 2843.471436 0.000000 0.560966 0.000000 -0.827839 0.855512 0.855512 0.855512
5037.989746 0.000000 2806.468750 0.000000 0.821329 0.000000 -0.570455 0.828007 0.828007 0.828007
5009.233398 0.000000 2840.582520 0.000000 0.962196 0.000000 0.272358 0.791736 0.791736 0.791736
5045.058105 0.000000 2782.781982 0.000000 0.717958 0.000000 -0.696086 0.843826 0.843826 0.843826
5008.186523 0.000000 2834.633301 0.000000 0.402982 0.000000 0.915208 0.734198 0.734198 0.734198
4963.528320 0.000000 2807.911377 0.000000 0.448751 0.000000 0.893657 0.742376 0.742376 0.742376
5008.135254 0.000000 2806.903320 0.000000 0.550061 0.000000 0.835124 0.763876 0.763876 0.763876
5039.217773 0.000000 2828.225098 0.000000 0.640402 0.000000 0.768040 0.756971 0.756971 0.756971
5036.305176 0.000000 2802.515381 0.000000 0.907657 0.000000 -0.419712 0.820502 0.820502 0.820502
5042.050781 0.000000 2847.770264 0.000000 0.460434 0.000000 0.887694 0.757459 0.757459 0.757459
4992.136230 0.000000 2790.157471 0.000000 0.780724 0.000000 -0.624876 0.834376 0.834376 0.834376
5009.065918 0.000000 2814.187500 0.000000 0.653118 0.000000 0.757256 0.751099 0.751099 0.751099
5040.656250 0.000000 2854.703369 0.000000 0.436666 0.000000 -0.899624 0.858997 0.858997 0.858997
5041.533203 0.000000 2838.882812 0.000000 0.850167 0.000000 0.526513 0.763786 0.763786 0.763786
5013.539062 0.000000 2795.617676 0.000000 0.901352 0.000000 -0.433087 0.821202 0.821202 0.821202
5007.096191 0.000000 2822.919922 0.000000 0.785735 0.000000 0.618563 0.768832 0.768832 0.768832
5006.505859 0.000000 2827.733154 0.000000 0.994186 0.000000 0.107678 0.794118 0.794118 0.794118
5010.640137 0.000000 2837.014160 0.000000 0.008033 0.000000 0.999968 0.711045 0.711045 0.711045
5043.520508 0.000000 2811.104736 0.000000 0.410309 0.000000 -0.911946 0.857092 0.857092 0.857092
5039.605957 0.000000 2832.048096 0.000000 0.161259 0.000000 0.986912 0.735846 0.735846 0.735846
5006.573242 0.000000 2810.046631 0.000000 0.959024 0.000000 -0.283326 0.816351 0.816351 0.816351
4961.164062 0.000000 2802.135498 0.000000 0.093061 0.000000 -0.995660 0.870827 0.870827 0.870827
5005.955566 0.000000 2793.856445 0.000000 0.994495 0.000000 -0.104780 0.806353 0.806353 0.806353
5040.234375 0.000000 2844.534180 0.000000 0.538966 0.000000 -0.842328 0.854611 0.854611 0.854611
5008.043945 0.000000 2798.046387 0.000000 0.678450 0.000000 0.734646 0.761931 0.761931 0.761931
5044.250977 0.000000 2854.399658 0.000000 0.472645 0.000000 -0.881253 0.855574 0.855574 0.855574
5036.195312 0.000000 2840.030518 0.000000 0.513648 0.000000 -0.858001 0.859943 0.859943 0.859943
5045.059082 0.000000 2857.711914 0.000000 0.222161 0.000000 0.975010 0.723340 0.723340 0.723340
5008.879395 0.000000 2817.228760 0.000000 0.639776 0.000000 0.768561 0.756931 0.756931 0.756931
5009.446777 0.000000 2831.874268 0.000000 0.957750 0.000000 -0.287603 0.816605 0.816605 0.816605
4999.778320 0.000000 2792.856934 0.000000 0.995328 0.000000 0.096549 0.794496 0.794496 0.794496
5043.610840 0.000000 2841.103271 0.000000 0.833337 0.000000 0.552765 0.762100 0.762100 0.762100
5042.666992 0.000000 2784.691162 0.000000 0.963211 0.000000 -0.268746 0.813857 0.813857 0.813857
5037.246582 0.000000 2844.266846 0.000000 0.040106 0.000000 -0.999195 0.887128 0.887128 0.887128
5018.814941 0.000000 2837.612061 0.000000 0.675800 0.000000 0.737085 0.752827 0.752827 0.752827
5013.518555 0.000000 2836.604004 0.000000 0.655597 0.000000 -0.755111 0.848715 0.848715 0.848715
5008.687012 0.000000 2825.405029 0.000000 0.997570 0.000000 0.069678 0.796031 0.796031 0.796031
5006.992188 0.000000 2804.145752 0.000000 0.705236 0.000000 0.708973 0.755144 0.755144 0.755144
5038.691895 0.000000 2838.717529 0.000000 0.675331 0.000000 0.737515 0.748318 0.748318 0.748318
5072.562012 0.000000 2803.120605 0.000000 0.011506 0.000000 0.999934 0.798131 0.798131 0.798131
5118.173340 0.000000 2861.057617 0.000000 0.589628 0.000000 0.807675 0.797747 0.797747 0.797747
5047.037598 0.000000 2846.708008 0.000000 0.255792 0.000000 0.966732 0.730029 0.730029 0.730029
5109.538574 0.000000 2783.512451 0.000000 0.554853 0.000000 0.831948 0.777627 0.777627 0.777627
5085.804688 0.000000 2842.604492 0.000000 0.937098 0.000000 -0.349066 0.805555 0.805555 0.805555
5048.957031 0.000000 2783.933594 0.000000 0.996420 0.000000 0.084546 0.798631 0.798631 0.798631
5054.582520 0.000000 2821.687500 0.000000 0.769793 0.000000 -0.638294 0.829865 0.829865 0.829865
5114.869141 0.000000 2835.277832 0.000000 0.820962 0.000000 -0.570983 0.835684 0.835684 0.835684
5050.935547 0.000000 2872.398926 0.000000 0.526638 0.000000 -0.850090 0.834705 0.834705 0.834705
5067.747070 0.000000 2856.655029 0.000000 0.177933 0.000000 -0.984043 0.804170 0.804170 0.804170
5079.354980 0.000000 2822.962891 0.000000 0.703310 0.000000 0.710883 0.762570 0.762570 0.762570
5091.817871 0.000000 2797.289795 0.000000 0.459252 0.000000 0.888306 0.737748 0.737748 0.737748
5114.144043 0.000000 2803.283691 0.000000 0.116006 0.000000 0.993249 0.796514 0.796514 0.796514
5119.650391 0.000000 2880.362793 0.000000 0.882758 0.000000 -0.469829 0.820807 0.820807 0.820807
5064.702637 0.000000 2837.846436 0.000000 0.773449 0.000000 -0.633858 0.827972 0.827972 0.827972
5047.515625 0.000000 2805.292969 0.000000 0.869098 0.000000 -0.494640 0.824492 0.824492 0.824492
5125.859863 0.000000 2790.271973 0.000000 0.541414 0.000000 0.840756 0.746146 0.746146 0.746146
5099.140625 0.000000 2833.628906 0.000000 0.907900 0.000000 0.419186 0.762161 0.762161 0.762161
5125.310059 0.000000 2847.147705 0.000000 0.485590 0.000000 -0.874187 0.856726 0.856726 0.856726
5085.816406 0.000000 2810.440186 0.000000 0.997152 0.000000 -0.075419 0.801628 0.801628 0.801628
5110.781738 0.000000 2848.646973 0.000000 0.946890 0.000000 -0.321558 0.801373 0.801373 0.801373
5052.356445 0.000000 2859.177979 0.000000 0.627055 0.000000 0.778975 0.771641 0.771641 0.771641
5063.981934 0.000000 2870.135498 0.000000 0.599979 0.000000 -0.800016 0.835004 0.835004 0.835004
5060.412109 0.000000 2883.776123 0.000000 0.799361 0.000000 -0.600851 0.827034 0.827034 0.827034
5068.402832 0.000000 2815.617188 0.000000 0.334706 0.000000 -0.942322 0.848621 0.848621 0.848621
5104.333008 0.000000 2795.023438 0.000000 0.599870 0.000000 0.800097 0.766658 0.766658 0.766658
5110.144531 0.000000 2871.163086 0.000000 0.812045 0.000000 -0.583595 0.830243 0.830243 0.830243
5127.114258 0.000000 2870.659424 0.000000 0.797050 0.000000 -0.603914 0.819814 0.819814 0.819814
5091.245117 0.000000 2824.913574 0.000000 0.997540 0.000000 0.070097 0.796847 0.796847 0.796847
5079.843750 0.000000 2793.822510 0.000000 0.495737 0.000000 -0.868473 0.844758 0.844758 0.844758
5058.361328 0.000000 2848.764893 0.000000 0.744863 0.000000 0.667218 0.778992 0.778992 0.778992
5096.874023 0.000000 2844.608887 0.000000 0.991305 0.000000 -0.131587 0.800791 0.800791 0.800791
5127.818848 0.000000 2803.550781 0.000000 0.598103 0.000000 0.801419 0.764350 0.764350 0.764350
5072.716309 0.000000 2845.805908 0.000000 0.039792 0.000000 -0.999208 0.899989 0.899989 0.899989
5068.284180 0.000000 2827.216309 0.000000 0.878944 0.000000 -0.476925 0.809830 0.809830 0.809830
5130.361328 0.000000 2881.509033 0.000000 0.727035 0.000000 -0.686601 0.829021 0.829021 0.829021
5106.272461 0.000000 2824.588867 0.000000 0.596437 0.000000 0.802660 0.746964 0.746964 0.746964
5098.947754 0.000000 2805.413086 0.000000 0.905254 0.000000 -0.424871 0.823138 0.823138 0.823138
5045.770020 0.000000 2794.012939 0.000000 0.102981 0.000000 0.994683 0.770102 0.770102 0.770102
5115.374512 0.000000 2792.544678 0.000000 0.291643 0.000000 0.956527 0.788542 0.788542 0.788542
5074.555176 0.000000 2869.844971 0.000000 0.697237 0.000000 0.716840 0.795211 0.795211 0.795211
5108.299316 0.000000 2811.655029 0.000000 0.999986 0.000000 -0.005289 0.800288 0.800288 0.800288
5107.841797 0.000000 2861.410156 0.000000 0.171129 0.000000 -0.985249 0.919015 0.919015 0.919015
5119.135254 0.000000 2783.449463 0.000000 0.971191 0.000000 0.238302 0.798558 0.798558 0.798558
5090.289551 0.000000 2851.587646 0.000000 0.885109 0.000000 0.465384 0.772446 0.772446 0.772446
5046.259277 0.000000 2826.336914 0.000000 0.977901 0.000000 -0.209067 0.802272 0.802272 0.802272
5105.846680 0.000000 2840.593750 0.000000 0.989491 0.000000 -0.144595 0.807303 0.807303 0.807303
5086.758789 0.000000 2833.419678 0.000000 0.989400 0.000000 -0.145214 0.804104 0.804104 0.804104
5100.687500 0.000000 2786.581299 0.000000 0.524639 0.000000 -0.851325 0.825021 0.825021 0.825021
5048.545410 0.000000 2814.925293 0.000000 0.353545 0.000000 -0.935417 0.821015 0.821015 0.821015
5059.795898 0.000000 2830.243164 0.000000 0.665515 0.000000 0.746385 0.723765 0.723765 0.723765
5058.432129 0.000000 2781.681885 0.000000 0.642432 0.000000 0.766343 0.754486 0.754486 0.754486
5046.076172 0.000000 2865.271240 0.000000 0.063910 0.000000 -0.997956 0.870423 0.870423 0.870423
5128.101074 0.000000 2781.951172 0.000000 0.958025 0.000000 -0.286685 0.817422 0.817422 0.817422
5075.675781 0.000000 2861.290771 0.000000 0.347513 0.000000 0.937675 0.736619 0.736619 0.736619
5123.500977 0.000000 2836.973633 0.000000 0.560331 0.000000 -0.828269 0.831579 0.831579 0.831579
5083.699219 0.000000 2801.650635 0.000000 0.886647 0.000000 0.462446 0.772059 0.772059 0.772059
5132.389160 0.000000 2838.391602 0.000000 0.255457 0.000000 -0.966820 0.828310 0.828310 0.828310
5118.864258 0.000000 2871.405273 0.000000 0.443107 0.000000 -0.896469 0.853956 0.853956 0.853956
5117.286133 0.000000 2843.508057 0.000000 0.858848 0.000000 0.512230 0.767456 0.767456 0.767456
5102.381836 0.000000 2868.560791 0.000000 0.999969 0.000000 0.007908 0.799777 0.799777 0.799777
5120.727051 0.000000 2798.719482 0.000000 0.377926 0.000000 -0.925836 0.867352 0.867352 0.867352
5066.067871 0.000000 2878.391846 0.000000 0.156117 0.000000 -0.987738 0.866086 0.866086 0.866086
5102.404297 0.000000 2849.881348 0.000000 0.977769 0.000000 -0.209684 0.802658 0.802658 0.802658
5092.875977 0.000000 2838.072510 0.000000 0.808586 0.000000 0.588378 0.762686 0.762686 0.762686
5046.033203 0.000000 2854.758545 0.000000 0.998517 0.000000 0.054439 0.798270 0.798270 0.798270
5051.936035 0.000000 2799.179688 0.000000 0.800021 0.000000 -0.599971 0.806169 0.806169 0.806169
5091.457031 0.000000 2805.301025 0.000000 0.854642 0.000000 -0.519217 0.819299 0.819299 0.819299
5068.510254 0.000000 2863.995605 0.000000 0.103061 0.000000 -0.994675 0.858914 0.858914 0.858914
5092.399414 0.000000 2813.651611 0.000000 0.360392 0.000000 -0.932801 0.861943 0.861943 0.861943
5124.696777 0.000000 2863.564209 0.000000 0.999894 0.000000 0.014547 0.799817 0.799817 0.799817
5072.770020 0.000000 2821.081055 0.000000 0.779738 0.000000 0.626106 0.769597 0.769597 0.769597
5059.084961 0.000000 2855.638184 0.000000 0.204525 0.000000 -0.978861 0.871145 0.871145 0.871145
5071.372559 0.000000 2839.141113 0.000000 0.942066 0.000000 -0.335426 0.805534 0.805534 0.805534
5109.145996 0.000000 2790.165771 0.000000 0.910007 0.000000 0.414593 0.775666 0.775666 0.775666
5109.017090 0.000000 2818.516113 0.000000 0.140603 0.000000 -0.990066 0.853969 0.853969 0.853969
5052.200195 0.000000 2852.280029 0.000000 0.315664 0.000000 -0.948871 0.835940 0.835940 0.835940
5047.622559 0.000000 2839.792480 0.000000 0.953195 0.000000 -0.302355 0.810859 0.810859 0.810859
5125.620117 0.000000 2877.040527 0.000000 0.913543 0.000000 -0.406742 0.820079 0.820079 0.820079
5074.144531 0.000000 2854.165771 0.000000 0.807956 0.000000 0.589242 0.769041 0.769041 0.769041
5112.037598 0.000000 2828.568359 0.000000 0.914246 0.000000 -0.405159 0.823495 0.823495 0.823495
5113.512207 0.000000 2865.677979 0.000000 0.482491 0.000000 0.875901 0.718145 0.718145 0.718145
5098.581543 0.000000 2798.658936 0.000000 0.880278 0.000000 0.474458 0.794076 0.794076 0.794076
5074.887207 0.000000 2828.586182 0.000000 0.852481 0.000000 0.522759 0.775280 0.775280 0.775280
5106.407715 0.000000 2854.740967 0.000000 0.683805 0.000000 0.729665 0.773049 0.773049 0.773049
5052.361328 0.000000 2827.792236 0.000000 0.641309 0.000000 0.767283 0.755981 0.755981 0.755981
5093.354492 0.000000 2831.159180 0.000000 0.663789 0.000000 0.747920 0.703812 0.703812 0.703812
5085.776367 0.000000 2795.862305 0.000000 0.264470 0.000000 -0.964394 0.874957 0.874957 0.874957
5129.691895 0.000000 2851.413574 0.000000 0.893714 0.000000 -0.448638 0.830106 0.830106 0.830106
5102.355957 0.000000 2810.891602 0.000000 0.210076 0.000000 0.977685 0.734037 0.734037 0.734037
5062.580078 0.000000 2843.587158 0.000000 0.347367 0.000000 0.937729 0.754826 0.754826 0.754826
5053.089355 0.000000 2845.145996 0.000000 0.319576 0.000000 0.947561 0.754477 0.754477 0.754477
5078.458984 0.000000 2805.449707 0.000000 0.983831 0.000000 0.179097 0.795469 0.795469 0.795469
5131.214844 0.000000 2787.575684 0.000000 0.966454 0.000000 0.256838 0.789728 0.789728 0.789728
5069.364746 0.000000 2873.075684 0.000000 0.925263 0.000000 -0.379326 0.811423 0.811423 0.811423
5130.375000 0.000000 2865.181885 0.000000 0.909239 0.000000 -0.416274 0.822895 0.822895 0.822895
5120.788574 0.000000 2805.376709 0.000000 0.959866 0.000000 -0.280460 0.812264 0.812264 0.812264
5076.547363 0.000000 2798.790527 0.000000 0.989999 0.000000 -0.141076 0.805004 0.805004 0.805004
5112.110352 0.000000 2840.740723 0.000000 0.923648 0.000000 -0.383242 0.829928 0.829928 0.829928
5130.721680 0.000000 2844.208252 0.000000 0.893287 0.000000 0.449486 0.772626 0.772626 0.772626
5052.125977 0.000000 2865.428223 0.000000 0.993353 0.000000 -0.115109 0.803664 0.803664 0.803664
5091.100098 0.000000 2845.229980 0.000000 0.973639 0.000000 -0.228094 0.812685 0.812685 0.812685
5102.000488 0.000000 2828.503418 0.000000 0.307367 0.000000 -0.951591 0.821865 0.821865 0.821865
5104.009766 0.000000 2781.697998 0.000000 0.082695 0.000000 0.996575 0.715301 0.715301 0.715301
5045.977051 0.000000 2832.130859 0.000000 0.173466 0.000000 0.984840 0.757328 0.757328 0.757328
5080.624512 0.000000 2830.249023 0.000000 0.351620 0.000000 -0.936143 0.835569 0.835569 0.835569
5062.095215 0.000000 2815.710938 0.000000 0.067623 0.000000 -0.997711 0.827919 0.827919 0.827919
5100.184082 0.000000 2839.476562 0.000000 0.242524 0.000000 -0.970146 0.877851 0.877851 0.877851
5063.773438 0.000000 2783.718262 0.000000 0.968410 0.000000 -0.249361 0.805738 0.805738 0.805738
5049.511230 0.000000 2789.435303 0.000000 0.989230 0.000000 -0.146368 0.804577 0.804577 0.804577
5120.404785 0.000000 2788.929932 0.000000 0.667264 0.000000 -0.744821 0.848333 0.848333 0.848333
5045.617676 0.000000 2799.995605 0.000000 0.734033 0.000000 -0.679114 0.830417 0.830417 0.830417
5102.785645 0.000000 2820.444336 0.000000 0.262726 0.000000 0.964870 0.760906 0.760906 0.760906
5099.698730 0.000000 2791.925049 0.000000 0.802157 0.000000 -0.597114 0.816487 0.816487 0.816487
5057.452148 0.000000 2835.033447 0.000000 0.804504 0.000000 -0.593947 0.828197 0.828197 0.828197
5109.998535 0.000000 2806.643066 0.000000 0.294164 0.000000 0.955755 0.775607 0.775607 0.775607
5096.769043 0.000000 2810.457275 0.000000 0.433081 0.000000 -0.901355 0.862571 0.862571 0.862571
5056.835449 0.000000 2816.765869 0.000000 0.859634 0.000000 -0.510910 0.812531 0.812531 0.812531
5107.275391 0.000000 2866.665283 0.000000 0.990349 0.000000 -0.138594 0.808498 0.808498 0.808498
5116.035156 0.000000 2848.593018 0.000000 0.927914 0.000000 0.372794 0.792675 0.792675 0.792675
5125.918945 0.000000 2841.683838 0.000000 0.999760 0.000000 0.021907 0.799291 0.799291 0.799291
5047.093750 0.000000 2860.178223 0.000000 0.189208 0.000000 -0.981937 0.878576 0.878576 0.878576
5067.817383 0.000000 2843.190186 0.000000 0.607557 0.000000 0.794276 0.747207 0.747207 0.747207
5104.722656 0.000000 2873.208008 0.000000 0.972951 0.000000 -0.231011 0.806006 0.806006 0.806006
5045.830078 0.000000 2810.129639 0.000000 0.838146 0.000000 0.545446 0.767161 0.767161 0.767161
5120.090332 0.000000 2866.135986 0.000000 0.456987 0.000000 -0.889473 0.849261 0.849261 0.849261
5111.970215 0.000000 2822.860840 0.000000 0.815371 0.000000 0.578939 0.778173 0.778173 0.778173
5093.877930 0.000000 2855.872803 0.000000 0.877426 0.000000 -0.479711 0.811691 0.811691 0.811691
5058.848145 0.000000 2824.920410 0.000000 0.982262 0.000000 -0.187512 0.805538 0.805538 0.805538
5106.021973 0.000000 2846.086182 0.000000 0.291481 0.000000 -0.956577 0.861880 0.861880 0.861880
5104.748047 0.000000 2815.419922 0.000000 0.164383 0.000000 0.986397 0.753677 0.753677 0.753677
5123.950684 0.000000 2785.376709 0.000000 0.820600 0.000000 -0.571503 0.828431 0.828431 0.828431
5124.413574 0.000000 2852.691162 0.000000 0.371427 0.000000 -0.928462 0.834945 0.834945 0.834945
5086.423340 0.000000 2847.692871 0.000000 0.962725 0.000000 0.270482 0.789989 0.789989 0.789989
5124.078613 0.000000 2795.029297 0.000000 0.988132 0.000000 0.153610 0.791961 0.791961 0.791961
5070.764160 0.000000 2850.498779 0.000000 0.343415 0.000000 0.939184 0.704952 0.704952 0.704952
5128.086426 0.000000 2835.263428 0.000000 0.987829 0.000000 -0.155543 0.804679 0.804679 0.804679
5103.538574 0.000000 2858.961670 0.000000 0.918805 0.000000 -0.394712 0.808266 0.808266 0.808266
5118.710938 0.000000 2838.883057 0.000000 0.221641 0.000000 0.975128 0.761251 0.761251 0.761251
5088.516602 0.000000 2800.874756 0.000000 0.799962 0.000000 -0.600050 0.824293 0.824293 0.824293
5068.057129 0.000000 2822.032959 0.000000 0.039987 0.000000 -0.999200 0.874294 0.874294 0.874294
5049.966309 0.000000 2823.261719 0.000000 0.368837 0.000000 -0.929494 0.837171 0.837171 0.837171
5094.592285 0.000000 2801.368408 0.000000 0.913123 0.000000 0.407684 0.775846 0.775846 0.775846
5105.491699 0.000000 2786.753662 0.000000 0.716707 0.000000 0.697374 0.769482 0.769482 0.769482
5046.888672 0.000000 2869.905029 0.000000 0.275354 0.000000 0.961343 0.760524 0.760524 0.760524
5117.167969 0.000000 2875.915771 0.000000 0.874120 0.000000 0.485710 0.788452 0.788452 0.788452
5101.675293 0.000000 2844.131348 0.000000 0.993491 0.000000 0.113914 0.796853 0.796853 0.796853
5086.568848 0.000000 2805.505859 0.000000 0.995570 0.000000 -0.094022 0.804457 0.804457 0.804457
5096.949707 0.000000 2828.038574 0.000000 0.115084 0.000000 -0.993356 0.883719 0.883719 0.883719
5103.320312 0.000000 2835.913330 0.000000 0.395571 0.000000 0.918436 0.761638 0.761638 0.761638
5120.585938 0.000000 2847.130371 0.000000 0.503582 0.000000 -0.863947 0.859372 0.859372 0.859372
5063.041016 0.000000 2874.699707 0.000000 0.907503 0.000000 0.420045 0.780779 0.780779 0.780779
5071.127930 0.000000 2860.106201 0.000000 0.729539 0.000000 -0.683939 0.833394 0.833394 0.833394
5088.892090 0.000000 2829.301758 0.000000 0.770387 0.000000 0.637577 0.721295 0.721295 0.721295
5052.270996 0.000000 2817.645996 0.000000 0.996230 0.000000 -0.086754 0.803955 0.803955 0.803955
5077.835938 0.000000 2857.326904 0.000000 0.281340 0.000000 -0.959608 0.839285 0.839285 0.839285
5064.378418 0.000000 2886.145996 0.000000 0.608901 0.000000 0.793246 0.768163 0.768163 0.768163
5125.660156 0.000000 2799.553711 0.000000 0.969903 0.000000 -0.243492 0.808106 0.808106 0.808106
5072.917969 0.000000 2865.208496 0.000000 0.838329 0.000000 0.545164 0.769598 0.769598 0.769598
5119.621582 0.000000 2794.150146 0.000000 0.347187 0.000000 0.937796 0.766478 0.766478 0.766478
5069.242188 0.000000 2868.508301 0.000000 0.122417 0.000000 -0.992479 0.874617 0.874617 0.874617
5064.034668 0.000000 2865.495850 0.000000 0.930621 0.000000 -0.365985 0.809654 0.809654 0.809654
5089.829102 0.000000 2793.285889 0.000000 0.626162 0.000000 -0.779693 0.823574 0.823574 0.823574
5122.955566 0.000000 2873.283203 0.000000 0.680547 0.000000 -0.732704 0.826605 0.826605 0.826605
5083.742188 0.000000 2822.290283 0.000000 0.666364 0.000000 -0.745627 0.859998 0.859998 0.859998
5105.436523 0.000000 2807.640137 0.000000 0.918453 0.000000 0.395530 0.783432 0.783432 0.783432
5090.106445 0.000000 2809.707764 0.000000 0.433916 0.000000 -0.900954 0.863864 0.863864 0.863864
5114.771973 0.000000 2869.935791 0.000000 0.446247 0.000000 -0.894910 0.847809 0.847809 0.847809
5109.026855 0.000000 2875.348145 0.000000 0.721447 0.000000 0.692469 0.771126 0.771126 0.771126
5121.563477 0.000000 2842.796875 0.000000 0.933007 0.000000 0.359858 0.785663 0.785663 0.785663
5116.244629 0.000000 2831.155518 0.000000 0.992602 0.000000 0.121416 0.796426 0.796426 0.796426
5112.175781 0.000000 2861.349609 0.000000 0.315626 0.000000 0.948884 0.711645 0.711645 0.711645
5081.272949 0.000000 2798.005371 0.000000 0.902567 0.000000 -0.430549 0.827736 0.827736 0.827736
5061.954590 0.000000 2879.680176 0.000000 0.661149 0.000000 -0.750254 0.820843 0.820843 0.820843
5055.074219 0.000000 2831.229248 0.000000 0.770503 0.000000 -0.637436 0.842655 0.842655 0.842655
5113.086426 0.000000 2844.956543 0.000000 0.884211 0.000000 0.467087 0.782820 0.782820 0.782820
5131.180664 0.000000 2869.397217 0.000000 0.919694 0.000000 -0.392637 0.816198 0.816198 0.816198
5045.995605 0.000000 2787.007568 0.000000 0.640040 0.000000 -0.768342 0.849877 0.849877 0.849877
5051.257812 0.000000 2803.349854 0.000000 0.951502 0.000000 0.307644 0.785572 0.785572 0.785572
5083.472168 0.000000 2791.495605 0.000000 0.568216 0.000000 0.822879 0.770467 0.770467 0.770467
5054.738281 0.000000 2855.626709 0.000000 0.143406 0.000000 0.989664 0.739298 0.739298 0.739298
5072.152832 0.000000 2825.214111 0.000000 0.137586 0.000000 -0.990490 0.881555 0.881555 0.881555
5124.208008 0.000000 2880.867432 0.000000 0.244049 0.000000 0.969763 0.737317 0.737317 0.737317
5103.868164 0.000000 2790.807861 0.000000 0.927507 0.000000 0.373806 0.778193 0.778193 0.778193
5060.469238 0.000000 2837.827393 0.000000 0.181662 0.000000 0.983361 0.720986 0.720986 0.720986
5123.294922 0.000000 2869.109619 0.000000 0.328938 0.000000 0.944352 0.728927 0.728927 0.728927
5118.103516 0.000000 2802.304932 0.000000 0.415492 0.000000 0.909597 0.755511 0.755511 0.755511
5090.700195 0.000000 2834.407715 0.000000 0.321443 0.000000 -0.946929 0.846196 0.846196 0.846196
5104.352539 0.000000 2863.565430 0.000000 0.059801 0.000000 -0.998210 0.873331 0.873331 0.873331
5109.175293 0.000000 2843.471436 0.000000 0.048916 0.000000 -0.998803 0.867477 0.867477 0.867477
5124.981934 0.000000 2806.468750 0.000000 0.981379 0.000000 0.192079 0.793515 0.793515 0.793515
5096.225586 0.000000 2840.582520 0.000000 0.079023 0.000000 -0.996873 0.875077 0.875077 0.875077
5108.037109 0.000000 2828.358398 0.000000 0.986357 0.000000 0.164623 0.792073 0.792073 0.792073
5111.462402 0.000000 2793.543945 0.000000 0.940851 0.000000 -0.338820 0.817190 0.817190 0.817190
5132.050293 0.000000 2782.781982 0.000000 0.989365 0.000000 -0.145455 0.812332 0.812332 0.812332
5054.290039 0.000000 2848.912598 0.000000 0.950969 0.000000 -0.309286 0.817898 0.817898 0.817898
5082.390625 0.000000 2805.364746 0.000000 0.473815 0.000000 -0.880625 0.861314 0.861314 0.861314
5065.524902 0.000000 2818.354980 0.000000 0.690807 0.000000 -0.723039 0.830992 0.830992 0.830992
5095.178711 0.000000 2834.633301 0.000000 0.628217 0.000000 0.778038 0.704381 0.704381 0.704381
5079.736328 0.000000 2801.635986 0.000000 0.837751 0.000000 0.546053 0.766774 0.766774 0.766774
5129.664551 0.000000 2877.516113 0.000000 0.671385 0.000000 -0.741109 0.836510 0.836510 0.836510
5050.520508 0.000000 2807.911377 0.000000 0.951111 0.000000 0.308848 0.786267 0.786267 0.786267
5049.566406 0.000000 2843.427490 0.000000 0.196381 0.000000 -0.980528 0.849364 0.849364 0.849364
5111.546387 0.000000 2832.656494 0.000000 0.758026 0.000000 -0.652224 0.829800 0.829800 0.829800
5095.127441 0.000000 2806.903320 0.000000 0.873290 0.000000 0.487200 0.771644 0.771644 0.771644
5078.550781 0.000000 2826.804932 0.000000 0.431988 0.000000 -0.901879 0.899682 0.899682 0.899682
5093.067871 0.000000 2848.624756 0.000000 0.994866 0.000000 0.101200 0.795809 0.795809 0.795809
5120.979004 0.000000 2876.584717 0.000000 0.566213 0.000000 -0.824259 0.848765 0.848765 0.848765
5089.788574 0.000000 2841.521729 0.000000 0.365620 0.000000 -0.930764 0.850183 0.850183 0.850183
5056.891602 0.000000 2852.388184 0.000000 0.312806 0.000000 -0.949817 0.871303 0.871303 0.871303
5103.801758 0.000000 2831.928955 0.000000 0.854694 0.000000 0.519133 0.782339 0.782339 0.782339
5109.347656 0.000000 2857.919434 0.000000 0.038911 0.000000 0.999243 0.712804 0.712804 0.712804
5127.487305 0.000000 2786.753174 0.000000 0.073203 0.000000 0.997317 0.714759 0.714759 0.714759
5053.108887 0.000000 2869.175293 0.000000 0.865945 0.000000 -0.500140 0.821654 0.821654 0.821654
5123.297363 0.000000 2802.515381 0.000000 0.644916 0.000000 -0.764254 0.849515 0.849515 0.849515
5058.166992 0.000000 2859.587891 0.000000 0.904313 0.000000 0.426870 0.779917 0.779917 0.779917
5075.711426 0.000000 2823.919189 0.000000 0.872112 0.000000 -0.489306 0.819607 0.819607 0.819607
5069.052246 0.000000 2846.960938 0.000000 0.558533 0.000000 -0.829482 0.873848 0.873848 0.873848
5116.039062 0.000000 2879.464600 0.000000 0.577211 0.000000 -0.816595 0.842938 0.842938 0.842938
5050.676270 0.000000 2848.025879 0.000000 0.913299 0.000000 -0.407290 0.822370 0.822370 0.822370
5045.825684 0.000000 2843.201660 0.000000 0.836478 0.000000 0.548000 0.766987 0.766987 0.766987
5126.716309 0.000000 2866.976318 0.000000 0.651573 0.000000 -0.758586 0.851081 0.851081 0.851081
5129.042969 0.000000 2847.770264 0.000000 0.999956 0.000000 0.009422 0.799441 0.799441 0.799441
5061.168945 0.000000 2833.872070 0.000000 0.646995 0.000000 0.762494 0.755316 0.755316 0.755316
5064.694336 0.000000 2882.119629 0.000000 0.946736 0.000000 -0.322012 0.818662 0.818662 0.818662
5107.870605 0.000000 2794.225830 0.000000 0.998554 0.000000 -0.053758 0.801998 0.801998 0.801998
5050.274902 0.000000 2862.170166 0.000000 0.773766 0.000000 -0.633471 0.828362 0.828362 0.828362
5056.161621 0.000000 2827.389404 0.000000 0.959234 0.000000 0.282614 0.780944 0.780944 0.780944
5073.920410 0.000000 2857.773926 0.000000 0.966033 0.000000 0.258419 0.785122 0.785122 0.785122
5128.525391 0.000000 2838.882812 0.000000 0.644927 0.000000 0.764244 0.750486 0.750486 0.750486
5106.575195 0.000000 2870.155518 0.000000 0.990754 0.000000 -0.135669 0.807746 0.807746 0.807746
5087.363770 0.000000 2823.714111 0.000000 0.982472 0.000000 -0.186412 0.807190 0.807190 0.807190
5084.164551 0.000000 2830.943848 0.000000 0.294025 0.000000 0.955798 0.726051 0.726051 0.726051
5122.439453 0.000000 2791.845703 0.000000 0.659569 0.000000 -0.751644 0.861665 0.861665 0.861665
5110.214355 0.000000 2864.391357 0.000000 0.860521 0.000000 -0.509415 0.845797 0.845797 0.845797
5071.015137 0.000000 2818.029541 0.000000 0.916460 0.000000 0.400126 0.780021 0.780021 0.780021
5106.652344 0.000000 2821.070801 0.000000 0.694441 0.000000 -0.719549 0.845716 0.845716 0.845716
5049.134766 0.000000 2811.255371 0.000000 0.322080 0.000000 0.946712 0.745637 0.745637 0.745637
5066.508789 0.000000 2874.987793 0.000000 0.594112 0.000000 -0.804383 0.846481 0.846481 0.846481
5116.903320 0.000000 2864.232422 0.000000 0.937262 0.000000 -0.348627 0.818136 0.818136 0.818136
5070.706055 0.000000 2854.499756 0.000000 0.961362 0.000000 0.275289 0.787133 0.787133 0.787133
5048.991211 0.000000 2867.175781 0.000000 0.960277 0.000000 0.279047 0.783903 0.783903 0.783903
5108.555664 0.000000 2815.120117 0.000000 0.968703 0.000000 0.248222 0.785722 0.785722 0.785722
5093.498047 0.000000 2827.733154 0.000000 0.585078 0.000000 -0.810977 0.862338 0.862338 0.862338
5097.632324 0.000000 2837.014160 0.000000 0.999862 0.000000 -0.016639 0.801695 0.801695 0.801695
5115.526367 0.000000 2840.176514 0.000000 0.987523 0.000000 0.157475 0.787114 0.787114 0.787114
5109.683594 0.000000 2825.387451 0.000000 0.767871 0.000000 -0.640605 0.839577 0.839577 0.839577
5081.755859 0.000000 2825.618896 0.000000 0.208282 0.000000 -0.978069 0.949229 0.949229 0.949229
5122.614258 0.000000 2849.837402 0.000000 0.995460 0.000000 -0.095179 0.805197 0.805197 0.805197
5110.931641 0.000000 2867.895508 0.000000 0.680216 0.000000 -0.733012 0.842395 0.842395 0.842395
5099.779785 0.000000 2808.688721 0.000000 0.944165 0.000000 0.329474 0.780084 0.780084 0.780084
5046.215820 0.000000 2790.561523 0.000000 0.968092 0.000000 0.250595 0.788921 0.788921 0.788921
5065.090820 0.000000 2841.310791 0.000000 0.552978 0.000000 -0.833196 0.856060 0.856060 0.856060
5093.565430 0.000000 2810.046631 0.000000 0.984470 0.000000 0.175552 0.789744 0.789744 0.789744
5117.062012 0.000000 2867.601318 0.000000 0.999985 0.000000 -0.005431 0.800309 0.800309 0.800309
5132.484375 0.000000 2849.843018 0.000000 0.244528 0.000000 -0.969642 0.886455 0.886455 0.886455
5053.973633 0.000000 2824.910889 0.000000 0.021231 0.000000 -0.999775 0.888203 0.888203 0.888203
5061.281738 0.000000 2887.048828 0.000000 0.956903 0.000000 -0.290407 0.813418 0.813418 0.813418
5048.156250 0.000000 2802.135498 0.000000 0.712272 0.000000 -0.701903 0.844289 0.844289 0.844289
5126.595703 0.000000 2850.083008 0.000000 0.075706 0.000000 -0.997130 0.885994 0.885994 0.885994
5112.435059 0.000000 2837.394043 0.000000 0.513913 0.000000 0.857843 0.736369 0.736369 0.736369
5089.629395 0.000000 2848.460938 0.000000 0.364494 0.000000 0.931206 0.736131 0.736131 0.736131
5099.252930 0.000000 2830.496094 0.000000 0.656681 0.000000 -0.754169 0.858871 0.858871 0.858871
5085.832520 0.000000 2799.005615 0.000000 0.270724 0.000000 0.962657 0.736293 0.736293 0.736293
5071.296875 0.000000 2842.677734 0.000000 0.997862 0.000000 -0.065351 0.803879 0.803879 0.803879
5067.075684 0.000000 2870.802734 0.000000 0.997135 0.000000 -0.075640 0.804310 0.804310 0.804310
5095.036133 0.000000 2798.046387 0.000000 0.688728 0.000000 0.725020 0.761609 0.761609 0.761609
5045.728516 0.000000 2813.345459 0.000000 0.586976 0.000000 -0.809605 0.849182 0.849182 0.849182
5068.416016 0.000000 2840.128174 0.000000 0.486835 0.000000 -0.873494 0.853468 0.853468 0.853468
5131.243164 0.000000 2854.399658 0.000000 0.747949 0.000000 0.663757 0.766513 0.766513 0.766513
5082.825195 0.000000 2794.719727 0.000000 0.587173 0.000000 0.809462 0.744049 0.744049 0.744049
5088.629883 0.000000 2797.203613 0.000000 0.887496 0.000000 -0.460816 0.827260 0.827260 0.827260
5066.127441 0.000000 2867.826660 0.000000 0.039278 0.000000 -0.999228 0.887175 0.887175 0.887175
5091.583984 0.000000 2800.362793 0.000000 0.996235 0.000000 -0.086695 0.804317 0.804317 0.804317
5045.901855 0.000000 2783.322998 0.000000 0.948885 0.000000 0.315622 0.781722 0.781722 0.781722
5061.489258 0.000000 2781.687500 0.000000 0.828401 0.000000 -0.560135 0.830993 0.830993 0.830993
5096.438965 0.000000 2831.874268 0.000000 0.011611 0.000000 0.999933 0.659867 0.659867 0.659867
5084.300293 0.000000 2807.800293 0.000000 0.282146 0.000000 -0.959371 0.867742 0.867742 0.867742
5073.730469 0.000000 2851.063232 0.000000 0.869979 0.000000 -0.493089 0.839237 0.839237 0.839237
5130.603027 0.000000 2841.103271 0.000000 0.802024 0.000000 0.597292 0.765865 0.765865 0.765865
5102.891602 0.000000 2840.847412 0.000000 0.659884 0.000000 0.751367 0.751609 0.751609 0.751609
5129.659180 0.000000 2784.691162 0.000000 0.300010 0.000000 -0.953936 0.872068 0.872068 0.872068
5106.401855 0.000000 2857.720703 0.000000 0.358331 0.000000 0.933594 0.730006 0.730006 0.730006
5097.324219 0.000000 2802.687256 0.000000 0.892157 0.000000 0.451726 0.771917 0.771917 0.771917
5104.838867 0.000000 2843.366699 0.000000 0.408254 0.000000 0.912868 0.734526 0.734526 0.734526
5123.335449 0.000000 2788.281250 0.000000 0.218151 0.000000 0.975915 0.717441 0.717441 0.717441
5078.278320 0.000000 2796.366211 0.000000 0.319097 0.000000 -0.947722 0.867939 0.867939 0.867939
5100.510742 0.000000 2836.604004 0.000000 0.968247 0.000000 -0.249995 0.814685 0.814685 0.814685
5127.260254 0.000000 2879.497559 0.000000 0.706977 0.000000 -0.707236 0.844716 0.844716 0.844716
5062.623535 0.000000 2839.785156 0.000000 0.302328 0.000000 0.953204 0.728071 0.728071 0.728071
5088.995605 0.000000 2806.981201 0.000000 0.997988 0.000000 0.063400 0.796427 0.796427 0.796427
5106.662598 0.000000 2791.623535 0.000000 0.139451 0.000000 -0.990229 0.879733 0.879733 0.879733
5082.641113 0.000000 2828.259521 0.000000 0.432998 0.000000 0.901395 0.687633 0.687633 0.687633
5052.044922 0.000000 2820.531738 0.000000 0.811746 0.000000 -0.584011 0.835500 0.835500 0.835500
5114.593750 0.000000 2842.706055 0.000000 0.994918 0.000000 -0.100688 0.806345 0.806345 0.806345
5111.959473 0.000000 2858.550293 0.000000 0.607135 0.000000 0.794599 0.733420 0.733420 0.733420
5057.593750 0.000000 2832.242188 0.000000 0.866218 0.000000 -0.499666 0.836365 0.836365 0.836365
5072.803711 0.000000 2848.531982 0.000000 0.865396 0.000000 0.501088 0.752514 0.752514 0.752514
5107.134277 0.000000 2863.949951 0.000000 0.999358 0.000000 0.035817 0.796930 0.796930 0.796930
5101.790039 0.000000 2833.695312 0.000000 0.218139 0.000000 0.975918 0.711774 0.711774 0.711774
5095.424805 0.000000 2838.219238 0.000000 0.763853 0.000000 0.645391 0.744095 0.744095 0.744095
5161.040527 0.000000 2880.321777 0.000000 0.830362 0.000000 -0.557225 0.842496 0.842496 0.842496
5134.029785 0.000000 2846.708008 0.000000 0.387059 0.000000 -0.922055 0.849213 0.849213 0.849213
5135.949219 0.000000 2783.933594 0.000000 0.902267 0.000000 -0.431178 0.836594 0.836594 0.836594
5185.749512 0.000000 2876.213379 0.000000 0.279612 0.000000 -0.960113 0.850140 0.850140 0.850140
5137.927734 0.000000 2872.398926 0.000000 0.072104 0.000000 -0.997397 0.818857 0.818857 0.818857
5154.739258 0.000000 2856.655029 0.000000 0.843402 0.000000 0.537282 0.772811 0.772811 0.772811
5150.609375 0.000000 2789.700684 0.000000 0.181536 0.000000 0.983384 0.723475 0.723475 0.723475
5150.974121 0.000000 2870.135498 0.000000 0.800772 0.000000 0.598969 0.757288 0.757288 0.757288
5147.404297 0.000000 2883.776123 0.000000 0.028471 0.000000 0.999595 0.768580 0.768580 0.768580
5173.192383 0.000000 2882.731689 0.000000 0.561151 0.000000 0.827713 0.764948 0.764948 0.764948
5145.353516 0.000000 2848.764893 0.000000 0.918603 0.000000 0.395181 0.795132 0.795132 0.795132
5161.547363 0.000000 2869.844971 0.000000 0.289782 0.000000 -0.957093 0.877267 0.877267 0.877267
5133.388672 0.000000 2880.985107 0.000000 0.389568 0.000000 0.920998 0.778958 0.778958 0.778958
5141.742188 0.000000 2792.070068 0.000000 0.894457 0.000000 -0.447154 0.816666 0.816666 0.816666
5155.442383 0.000000 2888.493408 0.000000 0.411389 0.000000 0.911460 0.704487 0.704487 0.704487
5187.179199 0.000000 2885.073242 0.000000 0.921227 0.000000 0.389026 0.796409 0.796409 0.796409
5176.553223 0.000000 2874.004883 0.000000 0.715636 0.000000 -0.698473 0.844015 0.844015 0.844015
5145.424316 0.000000 2781.681885 0.000000 0.256981 0.000000 0.966417 0.760727 0.760727 0.760727
5133.068359 0.000000 2865.271240 0.000000 0.052209 0.000000 -0.998636 0.881889 0.881889 0.881889
5162.667969 0.000000 2861.290771 0.000000 0.180991 0.000000 -0.983485 0.879052 0.879052 0.879052
5147.613770 0.000000 2862.519775 0.000000 0.850659 0.000000 0.525717 0.788060 0.788060 0.788060
5167.815918 0.000000 2875.509033 0.000000 0.712610 0.000000 -0.701560 0.844261 0.844261 0.844261
5145.604004 0.000000 2876.131836 0.000000 0.828474 0.000000 -0.560028 0.814246 0.814246 0.814246
5157.082031 0.000000 2784.857666 0.000000 0.240052 0.000000 -0.970760 0.831041 0.831041 0.831041
5153.060059 0.000000 2878.391846 0.000000 0.624463 0.000000 -0.781054 0.856929 0.856929 0.856929
5133.025391 0.000000 2854.758545 0.000000 0.954761 0.000000 -0.297374 0.812845 0.812845 0.812845
5180.403809 0.000000 2881.231934 0.000000 0.732252 0.000000 0.681034 0.780249 0.780249 0.780249
5155.502441 0.000000 2863.995605 0.000000 0.860274 0.000000 -0.509831 0.813463 0.813463 0.813463
5165.578125 0.000000 2885.923584 0.000000 0.461445 0.000000 0.887169 0.682970 0.682970 0.682970
5144.211914 0.000000 2868.636963 0.000000 0.085495 0.000000 -0.996339 0.969969 0.969969 0.969969
5146.077148 0.000000 2855.638184 0.000000 0.853393 0.000000 -0.521267 0.831212 0.831212 0.831212
5156.356934 0.000000 2873.075684 0.000000 0.370080 0.000000 -0.929000 0.838558 0.838558 0.838558
5139.118164 0.000000 2865.428223 0.000000 0.933948 0.000000 0.357410 0.782919 0.782919 0.782919
5141.613281 0.000000 2786.103516 0.000000 0.990750 0.000000 -0.135700 0.804894 0.804894 0.804894
5150.765625 0.000000 2783.718262 0.000000 0.888321 0.000000 0.459223 0.772842 0.772842 0.772842
5136.503418 0.000000 2789.435303 0.000000 0.580332 0.000000 -0.814380 0.822808 0.822808 0.822808
5177.842285 0.000000 2886.541260 0.000000 0.975791 0.000000 -0.218704 0.811361 0.811361 0.811361
5160.062988 0.000000 2885.682861 0.000000 0.455904 0.000000 0.890029 0.682959 0.682959 0.682959
5181.693359 0.000000 2872.052490 0.000000 0.018648 0.000000 0.999826 0.760010 0.760010 0.760010
5167.787598 0.000000 2880.973389 0.000000 0.892346 0.000000 0.451352 0.775028 0.775028 0.775028
5167.080078 0.000000 2869.844482 0.000000 0.475223 0.000000 -0.879866 0.829645 0.829645 0.829645
5146.816406 0.000000 2793.815674 0.000000 0.998203 0.000000 0.059926 0.798240 0.798240 0.798240
5155.212891 0.000000 2883.127686 0.000000 0.479325 0.000000 -0.877637 0.914215 0.914215 0.914215
5172.187012 0.000000 2871.544434 0.000000 0.367615 0.000000 -0.929978 0.826478 0.826478 0.826478
5172.718262 0.000000 2877.584473 0.000000 0.920056 0.000000 -0.391786 0.819297 0.819297 0.819297
5150.495605 0.000000 2853.495117 0.000000 0.991065 0.000000 0.133381 0.793748 0.793748 0.793748
5155.921875 0.000000 2789.997314 0.000000 0.543591 0.000000 0.839350 0.770159 0.770159 0.770159
5146.443848 0.000000 2786.630615 0.000000 0.614939 0.000000 -0.788574 0.840281 0.840281 0.840281
5165.195801 0.000000 2865.428711 0.000000 1.000000 0.000000 -0.000408 0.800021 0.800021 0.800021
5150.083496 0.000000 2858.358887 0.000000 0.719218 0.000000 -0.694784 0.821631 0.821631 0.821631
5133.880859 0.000000 2869.905029 0.000000 0.378025 0.000000 -0.925796 0.847496 0.847496 0.847496
5139.916016 0.000000 2781.598145 0.000000 0.911235 0.000000 -0.411886 0.818823 0.818823 0.818823
5150.033203 0.000000 2874.699707 0.000000 0.680301 0.000000 -0.732932 0.874427 0.874427 0.874427
5158.120117 0.000000 2860.106201 0.000000 0.637850 0.000000 -0.770161 0.850039 0.850039 0.850039
5151.370605 0.000000 2886.145996 0.000000 0.176298 0.000000 0.984337 0.640517 0.640517 0.640517
5142.623535 0.000000 2862.399902 0.000000 0.674609 0.000000 -0.738175 0.826867 0.826867 0.826867
5159.910156 0.000000 2865.208496 0.000000 0.994631 0.000000 -0.103486 0.805963 0.805963 0.805963
5156.234375 0.000000 2868.508301 0.000000 0.933679 0.000000 -0.358110 0.825675 0.825675 0.825675
5170.137207 0.000000 2886.139648 0.000000 0.406202 0.000000 0.913783 0.730255 0.730255 0.730255
5180.743652 0.000000 2876.370850 0.000000 0.621765 0.000000 0.783204 0.748782 0.748782 0.748782
5142.462891 0.000000 2872.738770 0.000000 0.871211 0.000000 0.490909 0.770177 0.770177 0.770177
5157.528320 0.000000 2877.676758 0.000000 0.007476 0.000000 -0.999972 0.839341 0.839341 0.839341
5148.946777 0.000000 2879.680176 0.000000 0.857963 0.000000 -0.513712 0.822951 0.822951 0.822951
5176.381836 0.000000 2879.818848 0.000000 0.028736 0.000000 0.999587 0.741791 0.741791 0.741791
5132.987793 0.000000 2787.007568 0.000000 0.661759 0.000000 -0.749716 0.823362 0.823362 0.823362
5135.169922 0.000000 2851.106201 0.000000 0.232354 0.000000 -0.972631 0.849642 0.849642 0.849642
5144.273438 0.000000 2886.548828 0.000000 0.196216 0.000000 -0.980561 0.853485 0.853485 0.853485
5146.975098 0.000000 2871.838623 0.000000 0.777361 0.000000 0.629054 0.749045 0.749045 0.749045
5164.502441 0.000000 2878.062988 0.000000 0.838524 0.000000 -0.544865 0.823478 0.823478 0.823478
5153.389648 0.000000 2786.793213 0.000000 0.994174 0.000000 -0.107785 0.806147 0.806147 0.806147
5143.883789 0.000000 2852.388184 0.000000 0.822771 0.000000 0.568373 0.776818 0.776818 0.776818
5164.790039 0.000000 2873.038330 0.000000 0.979310 0.000000 0.202367 0.788523 0.788523 0.788523
5140.101074 0.000000 2869.175293 0.000000 0.826165 0.000000 0.563428 0.724689 0.724689 0.724689
5145.180664 0.000000 2790.228516 0.000000 0.628878 0.000000 0.777504 0.751969 0.751969 0.751969
5164.264648 0.000000 2882.332275 0.000000 0.427063 0.000000 -0.904222 0.904904 0.904904 0.904904
5147.938477 0.000000 2867.664062 0.000000 0.698406 0.000000 0.715702 0.749341 0.749341 0.749341
5132.817871 0.000000 2843.201660 0.000000 0.301054 0.000000 -0.953607 0.855330 0.855330 0.855330
5151.686523 0.000000 2882.119629 0.000000 0.405342 0.000000 0.914165 0.712229 0.712229 0.712229
5174.397461 0.000000 2885.989502 0.000000 0.409047 0.000000 0.912513 0.749038 0.749038 0.749038
5154.192871 0.000000 2782.904541 0.000000 0.875564 0.000000 -0.483101 0.819334 0.819334 0.819334
5153.500977 0.000000 2874.987793 0.000000 0.973336 0.000000 0.229384 0.781834 0.781834 0.781834
5135.983398 0.000000 2867.175781 0.000000 0.543855 0.000000 -0.839179 0.856681 0.856681 0.856681
5145.235352 0.000000 2865.201416 0.000000 0.152819 0.000000 -0.988254 0.894267 0.894267 0.894267
5140.038086 0.000000 2789.119141 0.000000 0.702735 0.000000 0.711452 0.754943 0.754943 0.754943
5190.420410 0.000000 2886.362061 0.000000 0.981903 0.000000 0.189384 0.791666 0.791666 0.791666
5158.399414 0.000000 2882.400635 0.000000 0.995958 0.000000 -0.089817 0.808784 0.808784 0.808784
5169.032715 0.000000 2872.420410 0.000000 0.999687 0.000000 0.025007 0.798816 0.798816 0.798816
5148.273926 0.000000 2887.048828 0.000000 0.972290 0.000000 0.233778 0.777945 0.777945 0.777945
5183.367188 0.000000 2878.279297 0.000000 0.946062 0.000000 -0.323987 0.816804 0.816804 0.816804
5171.420410 0.000000 2874.600830 0.000000 0.191876 0.000000 0.981419 0.721578 0.721578 0.721578
5154.067871 0.000000 2870.802734 0.000000 0.992317 0.000000 0.123721 0.792568 0.792568 0.792568
5132.894043 0.000000 2783.322998 0.000000 0.082784 0.000000 -0.996567 0.925704 0.925704 0.925704
5148.481445 0.000000 2781.687500 0.000000 0.835660 0.000000 0.549248 0.766902 0.766902 0.766902
5177.524902 0.000000 2876.964600 0.000000 0.838469 0.000000 -0.544949 0.832805 0.832805 0.832805
5149.693359 0.000000 2786.532959 0.000000 0.176322 0.000000 -0.984333 0.876818 0.876818 0.876818
5156.948242 0.000000 2885.789551 0.000000 0.921063 0.000000 0.389413 0.758059 0.758059 0.758059
5167.975098 0.000000 2884.126221 0.000000 0.964927 0.000000 0.262518 0.775330 0.775330 0.775330
5155.481445 0.000000 2879.995850 0.000000 0.499118 0.000000 0.866534 0.735310 0.735310 0.735310
5162.821777 0.000000 2886.816650 0.000000 0.330484 0.000000 -0.943811 0.904251 0.904251 0.904251
5159.265625 0.000000 2868.070068 0.000000 0.519215 0.000000 0.854644 0.728154 0.728154 0.728154
5162.596191 0.000000 2864.241943 0.000000 0.577332 0.000000 0.816509 0.745621 0.745621 0.745621
5148.609863 0.000000 2876.984375 0.000000 0.449104 0.000000 0.893480 0.729155 0.729155 0.729155
5152.033203 0.000000 2872.634277 0.000000 0.406461 0.000000 -0.913668 0.886297 0.886297 0.886297
5167.817383 0.000000 2887.795166 0.000000 0.822266 0.000000 -0.569104 0.848608 0.848608 0.848608
5133.320312 0.000000 2849.235840 0.000000 0.502775 0.000000 0.864417 0.731817 0.731817 0.731817
5149.509766 0.000000 2872.225586 0.000000 0.516686 0.000000 0.856175 0.718093 0.718093 0.718093
5137.353516 0.000000 2781.650391 0.000000 0.975169 0.000000 -0.221461 0.816458 0.816458 0.816458
5131.382324 0.000000 2921.495605 0.000000 0.783870 0.000000 0.620926 0.783543 0.783543 0.783543
5099.140625 0.000000 2940.613281 0.000000 0.714768 0.000000 0.699362 0.787006 0.787006 0.787006
5125.310059 0.000000 2954.132080 0.000000 0.178443 0.000000 -0.983950 0.805002 0.805002 0.805002
5110.781738 0.000000 2955.631348 0.000000 0.998994 0.000000 -0.044839 0.801129 0.801129 0.801129
5129.030762 0.000000 2965.136475 0.000000 0.221571 0.000000 0.975144 0.777395 0.777395 0.777395
5058.432129 0.000000 2888.666260 0.000000 0.604240 0.000000 0.796803 0.788951 0.788951 0.788951
5117.286133 0.000000 2950.492432 0.000000 0.960537 0.000000 0.278153 0.788853 0.788853 0.788853
5119.294434 0.000000 2959.675781 0.000000 0.447290 0.000000 -0.894389 0.840463 0.840463 0.840463
5112.710938 0.000000 2962.880615 0.000000 0.930382 0.000000 0.366591 0.791454 0.791454 0.791454
5097.837402 0.000000 2930.400391 0.000000 0.507314 0.000000 -0.861761 0.826762 0.826762 0.826762
5129.691895 0.000000 2958.397949 0.000000 0.217920 0.000000 -0.975967 0.872859 0.872859 0.872859
5127.390137 0.000000 2916.731445 0.000000 0.087020 0.000000 -0.996207 0.845338 0.845338 0.845338
5112.110352 0.000000 2947.725098 0.000000 0.971620 0.000000 0.236548 0.795278 0.795278 0.795278
5102.000488 0.000000 2935.487793 0.000000 0.304841 0.000000 0.952403 0.754666 0.754666 0.754666
5116.035156 0.000000 2955.577393 0.000000 0.275636 0.000000 -0.961262 0.861909 0.861909 0.861909
5124.413574 0.000000 2959.675537 0.000000 0.302383 0.000000 -0.953187 0.847698 0.847698 0.847698
5096.949707 0.000000 2935.022949 0.000000 0.998685 0.000000 -0.051269 0.802920 0.802920 0.802920
5117.128906 0.000000 2963.681396 0.000000 0.827409 0.000000 -0.561600 0.830013 0.830013 0.830013
5113.086426 0.000000 2951.940918 0.000000 0.604501 0.000000 -0.796605 0.849149 0.849149 0.849149
5131.111816 0.000000 2913.255859 0.000000 0.781922 0.000000 0.623376 0.774997 0.774997 0.774997
5113.638184 0.000000 2958.910645 0.000000 0.050135 0.000000 0.998742 0.733488 0.733488 0.733488
5103.801758 0.000000 2938.913330 0.000000 0.974458 0.000000 0.224571 0.792943 0.792943 0.792943
5127.648438 0.000000 2961.687744 0.000000 0.365912 0.000000 -0.930649 0.868088 0.868088 0.868088
5130.512695 0.000000 2918.089111 0.000000 0.889655 0.000000 -0.456633 0.821878 0.821878 0.821878
5099.252930 0.000000 2937.480469 0.000000 0.901967 0.000000 -0.431804 0.825415 0.825415 0.825415
5131.243164 0.000000 2961.384033 0.000000 0.998909 0.000000 -0.046703 0.802659 0.802659 0.802659
5116.285645 0.000000 2960.673828 0.000000 0.840240 0.000000 0.542214 0.767380 0.767380 0.767380
5159.554199 0.000000 2910.104980 0.000000 0.935719 0.000000 -0.352747 0.810800 0.810800 0.810800
5205.165527 0.000000 2968.041992 0.000000 0.943360 0.000000 0.331772 0.797163 0.797163 0.797163
5172.796875 0.000000 2949.588867 0.000000 0.138152 0.000000 -0.990411 0.824886 0.824886 0.824886
5135.949219 0.000000 2890.917969 0.000000 0.984137 0.000000 0.177412 0.797221 0.797221 0.797221
5164.589355 0.000000 2889.287598 0.000000 0.017627 0.000000 -0.999845 0.884686 0.884686 0.884686
5166.347168 0.000000 2929.947266 0.000000 0.316613 0.000000 0.948555 0.689274 0.689274 0.689274
5178.810059 0.000000 2904.274170 0.000000 0.810129 0.000000 0.586252 0.761716 0.761716 0.761716
5186.000488 0.000000 2963.826172 0.000000 0.877957 0.000000 -0.478740 0.804786 0.804786 0.804786
5151.694824 0.000000 2944.830811 0.000000 0.994741 0.000000 -0.102417 0.805840 0.805840 0.805840
5134.507812 0.000000 2912.277344 0.000000 0.792551 0.000000 0.609806 0.791355 0.791355 0.791355
5171.027832 0.000000 2972.773926 0.000000 0.970917 0.000000 0.239417 0.788556 0.788556 0.788556
5186.132812 0.000000 2940.613281 0.000000 0.951539 0.000000 -0.307527 0.814796 0.814796 0.814796
5179.373535 0.000000 2889.578857 0.000000 0.984743 0.000000 -0.174017 0.809432 0.809432 0.809432
5172.808594 0.000000 2917.424561 0.000000 0.999348 0.000000 -0.036117 0.803117 0.803117 0.803117
5197.773926 0.000000 2955.631348 0.000000 0.267171 0.000000 0.963649 0.724425 0.724425 0.724425
5139.348633 0.000000 2966.162354 0.000000 0.996762 0.000000 -0.080404 0.800820 0.800820 0.800820
5155.395020 0.000000 2922.601562 0.000000 0.778742 0.000000 -0.627344 0.821941 0.821941 0.821941
5167.953613 0.000000 2960.871338 0.000000 0.016778 0.000000 0.999859 0.793482 0.793482 0.793482
5163.587891 0.000000 2941.775879 0.000000 0.853691 0.000000 -0.520781 0.834462 0.834462 0.834462
5166.835938 0.000000 2900.806885 0.000000 0.181563 0.000000 0.983379 0.790850 0.790850 0.790850
5183.866211 0.000000 2951.593262 0.000000 0.917129 0.000000 -0.398591 0.813511 0.813511 0.813511
5155.276367 0.000000 2934.200684 0.000000 0.129348 0.000000 -0.991599 0.818996 0.818996 0.818996
5185.939941 0.000000 2912.397461 0.000000 0.987258 0.000000 0.159126 0.798947 0.798947 0.798947
5145.158691 0.000000 2918.629883 0.000000 0.669779 0.000000 0.742560 0.757378 0.757378 0.757378
5216.022949 0.000000 2965.136475 0.000000 0.740157 0.000000 0.672434 0.755812 0.755812 0.755812
5181.526367 0.000000 2973.349609 0.000000 0.286813 0.000000 -0.957987 0.813037 0.813037 0.813037
5177.281738 0.000000 2958.572021 0.000000 0.600271 0.000000 -0.799797 0.854430 0.854430 0.854430
5187.679688 0.000000 2893.565674 0.000000 0.738784 0.000000 -0.673942 0.842095 0.842095 0.842095
5135.537598 0.000000 2921.909668 0.000000 0.426408 0.000000 -0.904531 0.844020 0.844020 0.844020
5145.424316 0.000000 2888.666260 0.000000 0.990656 0.000000 -0.136383 0.806066 0.806066 0.806066
5157.858887 0.000000 2901.494873 0.000000 0.974999 0.000000 -0.222207 0.806713 0.806713 0.806713
5170.691406 0.000000 2908.635010 0.000000 0.332268 0.000000 -0.943185 0.859059 0.859059 0.859059
5174.351562 0.000000 2896.572510 0.000000 0.710079 0.000000 0.704122 0.711068 0.711068 0.711068
5204.278320 0.000000 2950.492432 0.000000 0.814658 0.000000 -0.579942 0.835956 0.835956 0.835956
5189.374023 0.000000 2975.545166 0.000000 0.064777 0.000000 -0.997900 0.867675 0.867675 0.867675
5144.138672 0.000000 2947.722656 0.000000 0.677299 0.000000 -0.735708 0.807430 0.807430 0.807430
5206.286621 0.000000 2959.675781 0.000000 0.373279 0.000000 -0.927719 0.918187 0.918187 0.918187
5177.288086 0.000000 2966.554199 0.000000 0.947560 0.000000 -0.319577 0.815007 0.815007 0.815007
5173.363770 0.000000 2925.641357 0.000000 0.611567 0.000000 -0.791192 0.868362 0.868362 0.868362
5157.082031 0.000000 2891.842041 0.000000 0.988514 0.000000 0.151132 0.796000 0.796000 0.796000
5149.797852 0.000000 2928.459961 0.000000 0.017337 0.000000 0.999850 0.784177 0.784177 0.784177
5179.868164 0.000000 2945.056885 0.000000 0.861763 0.000000 -0.507311 0.834749 0.834749 0.834749
5133.025391 0.000000 2961.742920 0.000000 0.860397 0.000000 -0.509624 0.830439 0.830439 0.830439
5178.449219 0.000000 2912.285400 0.000000 0.831391 0.000000 -0.555688 0.849071 0.849071 0.849071
5172.191895 0.000000 2889.572998 0.000000 0.662373 0.000000 -0.749174 0.842113 0.842113 0.842113
5181.433594 0.000000 2897.475586 0.000000 0.976911 0.000000 -0.213647 0.822060 0.822060 0.822060
5179.391602 0.000000 2920.635986 0.000000 0.988250 0.000000 -0.152843 0.801931 0.801931 0.801931
5165.654297 0.000000 2948.710449 0.000000 0.253430 0.000000 0.967354 0.664523 0.664523 0.664523
5211.688965 0.000000 2970.548584 0.000000 0.892953 0.000000 0.450150 0.773981 0.773981 0.773981
5159.762207 0.000000 2928.065430 0.000000 0.738515 0.000000 -0.674237 0.842118 0.842118 0.842118
5158.364746 0.000000 2946.125488 0.000000 0.926789 0.000000 0.375582 0.786389 0.786389 0.786389
5139.192383 0.000000 2959.264404 0.000000 0.664253 0.000000 0.747508 0.759024 0.759024 0.759024
5162.572754 0.000000 2895.669678 0.000000 0.327965 0.000000 0.944690 0.759247 0.759247 0.759247
5171.960938 0.000000 2933.605225 0.000000 0.322864 0.000000 0.946445 0.731534 0.731534 0.731534
5161.879395 0.000000 2935.570557 0.000000 0.998416 0.000000 -0.056266 0.803204 0.803204 0.803204
5168.200195 0.000000 2954.560791 0.000000 0.986136 0.000000 0.165941 0.787514 0.787514 0.787514
5166.877930 0.000000 2923.666260 0.000000 0.994708 0.000000 -0.102741 0.801542 0.801542 0.801542
5180.346680 0.000000 2938.143555 0.000000 0.630813 0.000000 -0.775935 0.866523 0.866523 0.866523
5172.768555 0.000000 2902.846680 0.000000 0.998143 0.000000 -0.060914 0.801863 0.801863 0.801863
5216.684082 0.000000 2958.397949 0.000000 0.222769 0.000000 0.974871 0.733055 0.733055 0.733055
5157.090332 0.000000 2940.139893 0.000000 0.672286 0.000000 0.740292 0.764042 0.764042 0.764042
5187.423340 0.000000 2969.748779 0.000000 0.310868 0.000000 0.950453 0.754142 0.754142 0.754142
5168.543457 0.000000 2894.347168 0.000000 0.474953 0.000000 0.880011 0.785173 0.785173 0.785173
5149.572266 0.000000 2950.571533 0.000000 0.999307 0.000000 0.037212 0.799353 0.799353 0.799353
5165.451172 0.000000 2912.434082 0.000000 0.996644 0.000000 0.081854 0.795630 0.795630 0.795630
5217.367188 0.000000 2972.166260 0.000000 0.736505 0.000000 0.676432 0.773737 0.773737 0.773737
5163.539551 0.000000 2905.774902 0.000000 0.141283 0.000000 -0.989969 0.854799 0.854799 0.854799
5210.035156 0.000000 2964.503174 0.000000 0.103880 0.000000 -0.994590 0.879973 0.879973 0.879973
5178.092285 0.000000 2952.214355 0.000000 0.445576 0.000000 -0.895244 0.821263 0.821263 0.821263
5183.121582 0.000000 2958.199219 0.000000 0.759849 0.000000 0.650100 0.778374 0.778374 0.778374
5141.613281 0.000000 2893.087891 0.000000 0.009537 0.000000 0.999955 0.729840 0.729840 0.729840
5191.001953 0.000000 2888.682373 0.000000 0.466158 0.000000 0.884701 0.738192 0.738192 0.738192
5167.616699 0.000000 2937.233398 0.000000 0.347800 0.000000 0.937569 0.730808 0.730808 0.730808
5169.171875 0.000000 2944.061768 0.000000 0.345787 0.000000 0.938313 0.761330 0.761330 0.761330
5149.087402 0.000000 2922.695312 0.000000 0.316258 0.000000 -0.948673 0.871095 0.871095 0.871095
5187.176270 0.000000 2946.460938 0.000000 0.613385 0.000000 -0.789784 0.854006 0.854006 0.854006
5173.181152 0.000000 2962.702393 0.000000 0.706386 0.000000 -0.707827 0.826387 0.826387 0.826387
5150.765625 0.000000 2890.702637 0.000000 0.440263 0.000000 -0.897869 0.849433 0.849433 0.849433
5176.039062 0.000000 2975.343994 0.000000 0.237247 0.000000 0.971449 0.767296 0.767296 0.767296
5184.927246 0.000000 2888.579346 0.000000 0.415954 0.000000 -0.909386 0.826681 0.826681 0.826681
5139.560547 0.000000 2918.288330 0.000000 0.971696 0.000000 0.236234 0.786425 0.786425 0.786425
5167.080078 0.000000 2976.828857 0.000000 0.988921 0.000000 0.148441 0.796697 0.796697 0.796697
5151.708984 0.000000 2939.387451 0.000000 0.996247 0.000000 -0.086553 0.801402 0.801402 0.801402
5186.690918 0.000000 2898.909424 0.000000 0.622250 0.000000 -0.782819 0.821551 0.821551 0.821551
5144.444336 0.000000 2942.017822 0.000000 0.619172 0.000000 0.785256 0.775650 0.775650 0.775650
5143.827637 0.000000 2923.750244 0.000000 0.662362 0.000000 -0.749184 0.833488 0.833488 0.833488
5203.027344 0.000000 2955.577393 0.000000 0.843864 0.000000 -0.536558 0.855992 0.855992 0.855992
5154.809570 0.000000 2950.174561 0.000000 0.070076 0.000000 0.997542 0.742454 0.742454 0.742454
5132.822266 0.000000 2917.114014 0.000000 0.774610 0.000000 0.632439 0.761026 0.761026 0.761026
5180.870117 0.000000 2962.857178 0.000000 0.726387 0.000000 -0.687286 0.843132 0.843132 0.843132
5182.428223 0.000000 2968.261475 0.000000 0.785860 0.000000 0.618404 0.785619 0.785619 0.785619
5193.014160 0.000000 2953.070557 0.000000 0.324271 0.000000 -0.945964 0.839395 0.839395 0.839395
5172.187012 0.000000 2978.528809 0.000000 0.819500 0.000000 -0.573079 0.827789 0.827789 0.827789
5211.405762 0.000000 2959.675537 0.000000 0.462895 0.000000 -0.886413 0.829377 0.829377 0.829377
5173.415527 0.000000 2954.677246 0.000000 0.665109 0.000000 -0.746747 0.835869 0.835869 0.835869
5175.508789 0.000000 2907.859131 0.000000 0.996951 0.000000 -0.078024 0.802574 0.802574 0.802574
5155.049316 0.000000 2929.017334 0.000000 0.109127 0.000000 0.994028 0.723818 0.723818 0.723818
5181.584473 0.000000 2908.352783 0.000000 0.908542 0.000000 -0.417794 0.839513 0.839513 0.839513
5188.667480 0.000000 2951.115723 0.000000 0.866920 0.000000 0.498447 0.770298 0.770298 0.770298
5168.088867 0.000000 2916.353027 0.000000 0.951681 0.000000 0.307089 0.791958 0.791958 0.791958
5173.561035 0.000000 2912.490234 0.000000 0.165416 0.000000 -0.986224 0.901834 0.901834 0.901834
5183.941895 0.000000 2935.022949 0.000000 0.847185 0.000000 0.531299 0.776843 0.776843 0.776843
5207.578125 0.000000 2954.114746 0.000000 0.995152 0.000000 0.098348 0.794334 0.794334 0.794334
5139.916016 0.000000 2888.582520 0.000000 0.750810 0.000000 -0.660518 0.834152 0.834152 0.834152
5182.858887 0.000000 2892.821289 0.000000 0.804748 0.000000 -0.593617 0.844934 0.844934 0.844934
5178.072266 0.000000 2893.967285 0.000000 0.998897 0.000000 0.046945 0.795751 0.795751 0.795751
5170.987793 0.000000 2921.680664 0.000000 0.492439 0.000000 0.870347 0.753815 0.753815 0.753815
5175.153320 0.000000 2970.617920 0.000000 0.725469 0.000000 0.688254 0.756792 0.756792 0.756792
5149.563965 0.000000 2918.162842 0.000000 0.307446 0.000000 0.951566 0.747979 0.747979 0.747979
5176.821289 0.000000 2900.270264 0.000000 0.626120 0.000000 -0.779727 0.870725 0.870725 0.870725
5162.441406 0.000000 2901.368896 0.000000 0.906732 0.000000 0.421707 0.779916 0.779916 0.779916
5170.734375 0.000000 2929.274658 0.000000 0.673042 0.000000 0.739604 0.732662 0.732662 0.732662
5157.269043 0.000000 2906.294434 0.000000 0.999995 0.000000 -0.003202 0.800138 0.800138 0.800138
5186.033691 0.000000 2978.520020 0.000000 0.995009 0.000000 0.099787 0.797604 0.797604 0.797604
5204.121094 0.000000 2963.681396 0.000000 0.957615 0.000000 0.288052 0.777941 0.777941 0.777941
5177.098633 0.000000 2916.692139 0.000000 0.788856 0.000000 -0.614578 0.837277 0.837277 0.837277
5208.555664 0.000000 2949.781250 0.000000 0.991845 0.000000 -0.127451 0.805513 0.805513 0.805513
5200.078613 0.000000 2951.940918 0.000000 0.912262 0.000000 -0.409608 0.817701 0.817701 0.817701
5171.606934 0.000000 2958.565430 0.000000 0.743815 0.000000 -0.668385 0.839475 0.839475 0.839475
5175.166992 0.000000 2921.380127 0.000000 0.911787 0.000000 -0.410663 0.825863 0.825863 0.825863
5170.464355 0.000000 2898.479980 0.000000 0.637192 0.000000 0.770705 0.755712 0.755712 0.755712
5173.131348 0.000000 2966.984131 0.000000 0.675028 0.000000 -0.737792 0.828340 0.828340 0.828340
5141.730469 0.000000 2962.611084 0.000000 0.748334 0.000000 -0.663322 0.841282 0.841282 0.841282
5159.145020 0.000000 2932.198486 0.000000 0.887821 0.000000 0.460188 0.772780 0.772780 0.772780
5135.169922 0.000000 2958.090576 0.000000 0.346788 0.000000 -0.937944 0.859048 0.859048 0.859048
5185.621582 0.000000 2973.724365 0.000000 0.999447 0.000000 -0.033254 0.801674 0.801674 0.801674
5200.630371 0.000000 2958.910645 0.000000 0.118852 0.000000 -0.992912 0.913943 0.913943 0.913943
5161.426758 0.000000 2949.010498 0.000000 0.715262 0.000000 -0.698856 0.826891 0.826891 0.826891
5160.146973 0.000000 2888.988281 0.000000 0.312087 0.000000 0.950053 0.760948 0.760948 0.760948
5147.461426 0.000000 2944.811768 0.000000 0.947779 0.000000 -0.318928 0.813809 0.813809 0.813809
5183.217773 0.000000 2947.566895 0.000000 0.896167 0.000000 -0.443717 0.834709 0.834709 0.834709
5163.910156 0.000000 2952.328857 0.000000 0.964668 0.000000 -0.263469 0.811981 0.811981 0.811981
5136.910156 0.000000 2963.052002 0.000000 0.908047 0.000000 -0.418868 0.819681 0.819681 0.819681
5169.382812 0.000000 2912.349121 0.000000 0.939414 0.000000 -0.342785 0.820125 0.820125 0.820125
5152.517090 0.000000 2925.339355 0.000000 0.358347 0.000000 -0.933588 0.868550 0.868550 0.868550
5182.170898 0.000000 2941.617676 0.000000 0.460555 0.000000 -0.887631 0.929571 0.929571 0.929571
5166.728516 0.000000 2908.620361 0.000000 0.600862 0.000000 -0.799352 0.837738 0.837738 0.837738
5137.512695 0.000000 2914.895752 0.000000 0.313730 0.000000 0.949512 0.760252 0.760252 0.760252
5182.119629 0.000000 2913.887695 0.000000 0.925788 0.000000 -0.378042 0.814170 0.814170 0.814170
5196.754395 0.000000 2959.814209 0.000000 0.732402 0.000000 -0.680872 0.822886 0.822886 0.822886
5165.542969 0.000000 2933.789307 0.000000 0.945780 0.000000 -0.324807 0.815262 0.815262 0.815262
5176.780762 0.000000 2948.506104 0.000000 0.959363 0.000000 0.282176 0.787145 0.787145 0.787145
5169.033203 0.000000 2950.548096 0.000000 0.900626 0.000000 -0.434595 0.846333 0.846333 0.846333
5159.603027 0.000000 2898.122070 0.000000 0.359800 0.000000 -0.933030 0.854049 0.854049 0.854049
5174.548828 0.000000 2892.633789 0.000000 0.979921 0.000000 -0.199386 0.811546 0.811546 0.811546
5163.430176 0.000000 2945.660645 0.000000 0.138706 0.000000 0.990334 0.704784 0.704784 0.704784
5162.703613 0.000000 2930.903564 0.000000 0.356903 0.000000 0.934141 0.755204 0.755204 0.755204
5215.128418 0.000000 2968.793945 0.000000 0.902001 0.000000 -0.431733 0.832097 0.832097 0.832097
5158.113770 0.000000 2936.560547 0.000000 0.889001 0.000000 -0.457905 0.823939 0.823939 0.823939
5160.703613 0.000000 2939.222168 0.000000 0.881152 0.000000 0.472832 0.767540 0.767540 0.767540
5148.161133 0.000000 2940.856445 0.000000 0.942993 0.000000 0.332812 0.784143 0.784143 0.784143
5208.822266 0.000000 2967.998291 0.000000 0.997797 0.000000 0.066337 0.797017 0.797017 0.797017
5214.640625 0.000000 2961.687744 0.000000 0.992449 0.000000 -0.122657 0.806926 0.806926 0.806926
5177.619629 0.000000 2924.044922 0.000000 0.739713 0.000000 -0.672923 0.827864 0.827864 0.827864
5177.041504 0.000000 2962.944336 0.000000 0.873778 0.000000 -0.486325 0.826779 0.826779 0.826779
5175.773926 0.000000 2889.297363 0.000000 0.123853 0.000000 0.992301 0.711589 0.711589 0.711589
5160.104492 0.000000 2942.876465 0.000000 0.077996 0.000000 -0.996954 0.910905 0.910905 0.910905
5171.156738 0.000000 2937.928223 0.000000 0.222338 0.000000 -0.974970 0.859706 0.859706 0.859706
5169.820801 0.000000 2925.756348 0.000000 0.621101 0.000000 0.783731 0.755749 0.755749 0.755749
5184.897461 0.000000 2895.872559 0.000000 0.315467 0.000000 0.948936 0.715377 0.715377 0.715377
5154.192871 0.000000 2889.888916 0.000000 0.981450 0.000000 0.191720 0.783933 0.783933 0.783933
5160.035156 0.000000 2904.197998 0.000000 0.367343 0.000000 -0.930086 0.866569 0.866569 0.866569
5163.097656 0.000000 2909.627686 0.000000 0.915076 0.000000 -0.403281 0.826115 0.826115 0.826115
5140.905762 0.000000 2921.543945 0.000000 0.804378 0.000000 0.594117 0.763789 0.763789 0.763789
5136.126953 0.000000 2918.239746 0.000000 0.934313 0.000000 0.356453 0.779254 0.779254 0.779254
5184.624512 0.000000 2943.998535 0.000000 0.715680 0.000000 -0.698428 0.877831 0.877831 0.877831
5180.533691 0.000000 2949.758057 0.000000 0.061593 0.000000 -0.998101 0.885904 0.885904 0.885904
5164.378906 0.000000 2938.083008 0.000000 0.678867 0.000000 -0.734261 0.839525 0.839525 0.839525
5168.748047 0.000000 2932.603271 0.000000 0.320419 0.000000 0.947276 0.716477 0.716477 0.716477
5212.160645 0.000000 2967.190186 0.000000 0.999677 0.000000 -0.025409 0.801888 0.801888 0.801888
5209.606445 0.000000 2956.821777 0.000000 0.314732 0.000000 -0.949181 0.856950 0.856950 0.856950
5138.188477 0.000000 2893.357178 0.000000 0.995845 0.000000 0.091067 0.795902 0.795902 0.795902
5152.083008 0.000000 2948.295166 0.000000 0.619169 0.000000 0.785258 0.748594 0.748594 0.748594
5218.431641 0.000000 2969.061768 0.000000 0.701540 0.000000 -0.712630 0.845627 0.845627 0.845627
5219.476562 0.000000 2956.827393 0.000000 0.403231 0.000000 -0.915098 0.854707 0.854707 0.854707
5169.032715 0.000000 2979.404785 0.000000 0.807910 0.000000 -0.589305 0.826809 0.826809 0.826809
5178.171875 0.000000 2897.194336 0.000000 0.829480 0.000000 -0.558536 0.867465 0.867465 0.867465
5187.876465 0.000000 2889.853760 0.000000 0.977331 0.000000 0.211718 0.791052 0.791052 0.791052
5168.492188 0.000000 2947.215576 0.000000 0.926439 0.000000 -0.376444 0.825438 0.825438 0.825438
5170.097656 0.000000 2975.770264 0.000000 0.986919 0.000000 -0.161217 0.809217 0.809217 0.809217
5179.939941 0.000000 2900.840820 0.000000 0.967809 0.000000 -0.251685 0.814939 0.814939 0.814939
5180.300293 0.000000 2959.739746 0.000000 0.552943 0.000000 0.833219 0.752790 0.752790 0.752790
5186.090820 0.000000 2949.383057 0.000000 0.573017 0.000000 0.819544 0.744745 0.744745 0.744745
5184.164062 0.000000 2970.880615 0.000000 0.307831 0.000000 0.951441 0.737444 0.737444 0.737444
5218.235352 0.000000 2961.384033 0.000000 0.450557 0.000000 0.892748 0.739176 0.739176 0.739176
5174.422363 0.000000 2959.807617 0.000000 0.261594 0.000000 -0.965178 0.881390 0.881390 0.881390
5208.864258 0.000000 2961.560303 0.000000 0.787841 0.000000 0.615878 0.756269 0.756269 0.756269
5203.277832 0.000000 2960.673828 0.000000 0.798410 0.000000 0.602114 0.746186 0.746186 0.746186
5180.416504 0.000000 2965.918701 0.000000 0.398706 0.000000 0.917079 0.744364 0.744364 0.744364
5178.576172 0.000000 2907.347168 0.000000 0.139530 0.000000 0.990218 0.690266 0.690266 0.690266
5148.481445 0.000000 2888.671875 0.000000 0.380468 0.000000 -0.924794 0.892659 0.892659 0.892659
5146.200195 0.000000 2921.520996 0.000000 0.376248 0.000000 -0.926519 0.867455 0.867455 0.867455
5160.614258 0.000000 2907.229736 0.000000 0.078496 0.000000 -0.996914 0.895668 0.895668 0.895668
5183.431152 0.000000 2938.858643 0.000000 0.962913 0.000000 0.269812 0.773973 0.773973 0.773973
5171.292480 0.000000 2914.784668 0.000000 0.602907 0.000000 0.797811 0.741890 0.741890 0.741890
5173.762695 0.000000 2899.841309 0.000000 0.303814 0.000000 -0.952731 0.908139 0.908139 0.908139
5170.852051 0.000000 2953.133057 0.000000 0.506089 0.000000 0.862481 0.730198 0.730198 0.730198
5190.203613 0.000000 2891.768799 0.000000 0.837789 0.000000 0.545994 0.770584 0.770584 0.770584
5173.067871 0.000000 2974.924316 0.000000 0.546193 0.000000 0.837660 0.743478 0.743478 0.743478
5163.605957 0.000000 2898.569336 0.000000 0.987997 0.000000 -0.154470 0.808642 0.808642 0.808642
5212.990723 0.000000 2964.213135 0.000000 0.701951 0.000000 -0.712225 0.849869 0.849869 0.849869
5187.502930 0.000000 2943.588379 0.000000 0.107661 0.000000 -0.994188 0.880642 0.880642 0.880642
5175.987793 0.000000 2913.965576 0.000000 0.970767 0.000000 -0.240024 0.816847 0.816847 0.816847
5169.633301 0.000000 2935.243896 0.000000 0.500477 0.000000 0.865750 0.739796 0.739796 0.739796
5176.116211 0.000000 2910.593262 0.000000 0.825106 0.000000 0.564978 0.746758 0.746758 0.746758
5180.976562 0.000000 2911.130127 0.000000 0.786187 0.000000 0.617988 0.735337 0.735337 0.735337
5166.222656 0.000000 2927.099609 0.000000 0.883426 0.000000 -0.468570 0.833018 0.833018 0.833018
5204.879883 0.000000 2953.217773 0.000000 0.903235 0.000000 0.429145 0.769969 0.769969 0.769969
5170.558105 0.000000 2955.978027 0.000000 0.972866 0.000000 -0.231369 0.814829 0.814829 0.814829
5200.395996 0.000000 2955.042236 0.000000 0.584185 0.000000 0.811620 0.717732 0.717732 0.717732
5175.166016 0.000000 2918.710449 0.000000 0.596399 0.000000 0.802688 0.732446 0.732446 0.732446
5177.431641 0.000000 2891.332520 0.000000 0.815707 0.000000 0.578465 0.753061 0.753061 0.753061
5206.526367 0.000000 2962.714844 0.000000 0.784735 0.000000 -0.619832 0.848468 0.848468 0.848468
5172.910156 0.000000 2919.965332 0.000000 0.579174 0.000000 0.815204 0.729189 0.729189 0.729189
5202.518066 0.000000 2952.304932 0.000000 0.996256 0.000000 0.086449 0.793413 0.793413 0.793413
5248.032715 0.000000 2666.353027 0.000000 0.263459 0.000000 0.964671 0.789060 0.789060 0.789060
5292.157715 0.000000 2647.088867 0.000000 0.697967 0.000000 -0.716130 0.824392 0.824392 0.824392
5221.021973 0.000000 2632.739258 0.000000 0.072925 0.000000 -0.997337 0.800897 0.800897 0.800897
5283.522949 0.000000 2569.543701 0.000000 0.894091 0.000000 0.447884 0.786922 0.786922 0.786922
5228.566895 0.000000 2607.718750 0.000000 0.971395 0.000000 0.237469 0.790088 0.790088 0.790088
5272.741699 0.000000 2662.244629 0.000000 0.076599 0.000000 -0.997062 0.821486 0.821486 0.821486
5224.919922 0.000000 2658.430176 0.000000 0.113402 0.000000 -0.993549 0.937947 0.937947 0.937947
5241.731445 0.000000 2642.686279 0.000000 0.628729 0.000000 -0.777625 0.843771 0.843771 0.843771
5253.339355 0.000000 2608.994141 0.000000 0.758161 0.000000 -0.652067 0.849369 0.849369 0.849369
5288.128418 0.000000 2589.314941 0.000000 0.815124 0.000000 0.579286 0.764831 0.764831 0.764831
5272.992676 0.000000 2642.873047 0.000000 0.854818 0.000000 0.518929 0.792154 0.792154 0.792154
5293.634766 0.000000 2666.394043 0.000000 0.273746 0.000000 0.961802 0.720171 0.720171 0.720171
5273.125000 0.000000 2619.660156 0.000000 0.862686 0.000000 0.505740 0.798729 0.798729 0.798729
5226.340820 0.000000 2645.209229 0.000000 0.986279 0.000000 0.165087 0.793740 0.793740 0.793740
5234.396484 0.000000 2669.807373 0.000000 0.494900 0.000000 0.868950 0.740058 0.740058 0.740058
5242.387207 0.000000 2601.648438 0.000000 0.715880 0.000000 -0.698223 0.826397 0.826397 0.826397
5260.184570 0.000000 2668.762939 0.000000 0.812686 0.000000 -0.582701 0.823854 0.823854 0.823854
5233.594727 0.000000 2587.455811 0.000000 0.967728 0.000000 -0.251997 0.813279 0.813279 0.813279
5301.098633 0.000000 2656.690674 0.000000 0.888535 0.000000 -0.458809 0.801714 0.801714 0.801714
5250.580078 0.000000 2620.822754 0.000000 0.949332 0.000000 -0.314274 0.814366 0.814366 0.814366
5232.345703 0.000000 2634.796143 0.000000 0.097147 0.000000 -0.995270 0.813243 0.813243 0.813243
5270.858398 0.000000 2630.640137 0.000000 0.902387 0.000000 0.430927 0.775975 0.775975 0.775975
5283.547852 0.000000 2670.662354 0.000000 0.922862 0.000000 0.385131 0.775838 0.775838 0.775838
5304.345703 0.000000 2667.540283 0.000000 0.477816 0.000000 -0.878460 0.824422 0.824422 0.824422
5289.358887 0.000000 2578.575928 0.000000 0.211306 0.000000 -0.977420 0.875665 0.875665 0.875665
5232.150879 0.000000 2597.676758 0.000000 0.835893 0.000000 -0.548892 0.818800 0.818800 0.818800
5303.015137 0.000000 2644.183350 0.000000 0.445453 0.000000 -0.895305 0.861139 0.861139 0.861139
5248.539551 0.000000 2655.876221 0.000000 0.475778 0.000000 0.879565 0.754915 0.754915 0.754915
5281.826172 0.000000 2647.441406 0.000000 0.890420 0.000000 0.455140 0.779332 0.779332 0.779332
5293.119629 0.000000 2569.480713 0.000000 0.985467 0.000000 -0.169867 0.807977 0.807977 0.807977
5220.380859 0.000000 2667.016357 0.000000 0.231739 0.000000 -0.972778 0.922561 0.922561 0.922561
5279.831055 0.000000 2626.625000 0.000000 0.557118 0.000000 -0.830433 0.828182 0.828182 0.828182
5250.682129 0.000000 2597.360840 0.000000 0.186300 0.000000 0.982493 0.752753 0.752753 0.752753
5242.434570 0.000000 2674.524658 0.000000 0.570162 0.000000 0.821532 0.757831 0.757831 0.757831
5274.171387 0.000000 2671.104492 0.000000 0.746187 0.000000 0.665737 0.794326 0.794326 0.794326
5263.545410 0.000000 2660.036133 0.000000 0.014469 0.000000 -0.999895 0.888588 0.888588 0.888588
5220.060547 0.000000 2651.302490 0.000000 0.747942 0.000000 -0.663764 0.830008 0.830008 0.830008
5244.851074 0.000000 2580.541748 0.000000 0.631857 0.000000 -0.775085 0.809033 0.809033 0.809033
5302.085449 0.000000 2567.982422 0.000000 0.866170 0.000000 0.499749 0.782441 0.782441 0.782441
5249.660156 0.000000 2647.322021 0.000000 0.061103 0.000000 0.998132 0.742109 0.742109 0.742109
5231.130859 0.000000 2626.769531 0.000000 0.708461 0.000000 -0.705750 0.842719 0.842719 0.842719
5293.278809 0.000000 2638.722656 0.000000 0.387021 0.000000 -0.922071 0.898429 0.898429 0.898429
5240.052246 0.000000 2664.423096 0.000000 0.516983 0.000000 0.855995 0.781531 0.781531 0.781531
5236.790039 0.000000 2607.506836 0.000000 0.041320 0.000000 0.999146 0.783505 0.783505 0.783505
5276.388672 0.000000 2635.912598 0.000000 0.494449 0.000000 -0.869206 0.837877 0.837877 0.837877
5220.017578 0.000000 2640.789795 0.000000 0.430379 0.000000 -0.902649 0.864087 0.864087 0.864087
5239.939941 0.000000 2635.184326 0.000000 0.977513 0.000000 0.210875 0.787906 0.787906 0.787906
5267.395996 0.000000 2667.263184 0.000000 0.999987 0.000000 0.005129 0.799846 0.799846 0.799846
5242.494629 0.000000 2650.026855 0.000000 0.661122 0.000000 -0.750279 0.833554 0.833554 0.833554
5226.897461 0.000000 2670.612793 0.000000 0.967929 0.000000 -0.251222 0.816889 0.816889 0.816889
5279.721191 0.000000 2664.351318 0.000000 0.348811 0.000000 0.937193 0.731597 0.731597 0.731597
5252.570312 0.000000 2671.954834 0.000000 0.976931 0.000000 0.213557 0.789684 0.789684 0.789684
5286.695312 0.000000 2641.927490 0.000000 0.119258 0.000000 0.992863 0.784348 0.784348 0.784348
5298.681152 0.000000 2649.595459 0.000000 0.452063 0.000000 -0.891986 0.827725 0.827725 0.827725
5286.652344 0.000000 2663.884521 0.000000 0.471870 0.000000 0.881668 0.738560 0.738560 0.738560
5246.754395 0.000000 2607.112305 0.000000 0.499450 0.000000 -0.866343 0.860900 0.860900 0.860900
5238.282715 0.000000 2582.578857 0.000000 0.987696 0.000000 -0.156386 0.808938 0.808938 0.808938
5228.443359 0.000000 2592.124756 0.000000 0.084866 0.000000 0.996392 0.715425 0.715425 0.715425
5284.596680 0.000000 2583.558594 0.000000 0.289262 0.000000 -0.957250 0.852809 0.852809 0.852809
5283.130371 0.000000 2576.197021 0.000000 0.972586 0.000000 -0.232545 0.802531 0.802531 0.802531
5226.184570 0.000000 2638.311279 0.000000 0.996802 0.000000 0.079915 0.797364 0.797364 0.797364
5298.839355 0.000000 2670.979980 0.000000 0.831983 0.000000 -0.554801 0.837001 0.837001 0.837001
5299.604492 0.000000 2663.071777 0.000000 0.976458 0.000000 -0.215706 0.815372 0.815372 0.815372
5306.425781 0.000000 2660.533447 0.000000 0.964476 0.000000 0.264171 0.782059 0.782059 0.782059
5248.871582 0.000000 2614.617432 0.000000 0.716124 0.000000 0.697973 0.748618 0.748618 0.748618
5280.392090 0.000000 2640.772217 0.000000 0.019361 0.000000 0.999813 0.722845 0.722845 0.722845
5289.748535 0.000000 2671.149658 0.000000 0.991868 0.000000 -0.127270 0.803517 0.803517 0.803517
5244.082520 0.000000 2619.186768 0.000000 0.525635 0.000000 -0.850710 0.826821 0.826821 0.826821
5236.564453 0.000000 2629.618408 0.000000 0.973082 0.000000 -0.230461 0.812401 0.812401 0.812401
5226.797363 0.000000 2664.505371 0.000000 0.697618 0.000000 -0.716470 0.831586 0.831586 0.831586
5305.199219 0.000000 2573.606934 0.000000 0.402012 0.000000 0.915634 0.781281 0.781281 0.781281
5304.359375 0.000000 2651.213135 0.000000 0.332242 0.000000 0.943194 0.724699 0.724699 0.724699
5226.110352 0.000000 2651.459473 0.000000 0.958157 0.000000 0.286243 0.789911 0.789911 0.789911
5297.027344 0.000000 2643.550049 0.000000 0.782929 0.000000 -0.622111 0.851897 0.851897 0.851897
5270.113770 0.000000 2637.246094 0.000000 0.546094 0.000000 0.837724 0.764893 0.764893 0.764893
5245.066406 0.000000 2595.690674 0.000000 0.587845 0.000000 0.808973 0.776284 0.776284 0.776284
5288.280762 0.000000 2572.829590 0.000000 0.021943 0.000000 -0.999759 0.880738 0.880738 0.880738
5277.994141 0.000000 2567.729248 0.000000 0.965326 0.000000 -0.261048 0.808071 0.808071 0.808071
5274.168457 0.000000 2625.507812 0.000000 0.462443 0.000000 0.886649 0.737953 0.737953 0.737953
5294.389160 0.000000 2574.961182 0.000000 0.911853 0.000000 -0.410516 0.810392 0.810392 0.810392
5263.031250 0.000000 2654.390869 0.000000 0.746949 0.000000 0.664881 0.778646 0.778646 0.778646
5264.834473 0.000000 2672.572510 0.000000 0.938854 0.000000 -0.344317 0.821483 0.821483 0.821483
5219.973145 0.000000 2672.911133 0.000000 0.557888 0.000000 0.829916 0.767739 0.767739 0.767739
5226.552734 0.000000 2597.335205 0.000000 0.998576 0.000000 -0.053355 0.802111 0.802111 0.802111
5247.055176 0.000000 2671.714111 0.000000 0.988030 0.000000 -0.154262 0.810950 0.810950 0.810950
5254.072266 0.000000 2655.875732 0.000000 0.906469 0.000000 -0.422271 0.811754 0.811754 0.811754
5230.819824 0.000000 2602.797119 0.000000 0.678937 0.000000 0.734197 0.753069 0.753069 0.753069
5241.801758 0.000000 2629.221436 0.000000 0.997064 0.000000 -0.076579 0.801332 0.801332 0.801332
5242.205078 0.000000 2669.158936 0.000000 0.109047 0.000000 0.994037 0.715932 0.715932 0.715932
5232.832520 0.000000 2610.951660 0.000000 0.969535 0.000000 -0.244953 0.809638 0.809638 0.809638
5247.646973 0.000000 2601.552979 0.000000 0.366183 0.000000 0.930543 0.731928 0.731928 0.731928
5297.935059 0.000000 2571.407959 0.000000 0.955384 0.000000 -0.295366 0.816349 0.816349 0.816349
5259.710449 0.000000 2663.615723 0.000000 0.951897 0.000000 0.306419 0.792909 0.792909 0.792909
5298.397949 0.000000 2638.722412 0.000000 0.001026 0.000000 0.999999 0.753912 0.753912 0.753912
5221.665039 0.000000 2662.209473 0.000000 0.650622 0.000000 -0.759402 0.876475 0.876475 0.876475
5244.748535 0.000000 2636.530029 0.000000 0.300137 0.000000 0.953896 0.774969 0.774969 0.774969
5237.487793 0.000000 2639.526367 0.000000 0.462198 0.000000 0.886777 0.771255 0.771255 0.771255
5278.801270 0.000000 2669.360352 0.000000 0.067625 0.000000 -0.997711 0.880156 0.880156 0.880156
5277.522949 0.000000 2644.992920 0.000000 0.992531 0.000000 0.121992 0.796556 0.796556 0.796556
5252.187988 0.000000 2651.459961 0.000000 0.822526 0.000000 -0.568728 0.822473 0.822473 0.822473
5289.340820 0.000000 2584.545166 0.000000 0.904937 0.000000 0.425545 0.774979 0.774979 0.774979
5220.873047 0.000000 2655.936279 0.000000 0.101364 0.000000 0.994849 0.676753 0.676753 0.676753
5291.152344 0.000000 2661.947021 0.000000 0.683344 0.000000 0.730096 0.767143 0.767143 0.767143
5290.292969 0.000000 2593.578857 0.000000 0.547257 0.000000 0.836965 0.764348 0.764348 0.764348
5303.473633 0.000000 2672.217773 0.000000 0.246726 0.000000 0.969085 0.724779 0.724779 0.724779
5275.659668 0.000000 2630.162598 0.000000 0.743473 0.000000 0.668766 0.745574 0.745574 0.745574
5277.304688 0.000000 2621.944580 0.000000 0.927111 0.000000 -0.374787 0.810128 0.810128 0.810128
5275.414551 0.000000 2666.140137 0.000000 0.995716 0.000000 -0.092466 0.804106 0.804106 0.804106
5245.112305 0.000000 2646.137451 0.000000 0.372555 0.000000 -0.928010 0.861982 0.861982 0.861982
5230.948730 0.000000 2666.620361 0.000000 0.979323 0.000000 0.202303 0.791944 0.791944 0.791944
5226.255371 0.000000 2603.677246 0.000000 0.991182 0.000000 -0.132507 0.802867 0.802867 0.802867
5238.362793 0.000000 2672.177246 0.000000 0.925427 0.000000 -0.378925 0.814204 0.814204 0.814204
5246.902344 0.000000 2651.239746 0.000000 0.994099 0.000000 0.108480 0.794204 0.794204 0.794204
5257.129395 0.000000 2672.170898 0.000000 0.974461 0.000000 0.224556 0.784665 0.784665 0.784665
5267.735840 0.000000 2662.402100 0.000000 0.351806 0.000000 0.936073 0.768792 0.768792 0.768792
5229.455078 0.000000 2658.770020 0.000000 0.607522 0.000000 0.794303 0.768103 0.768103 0.768103
5291.113281 0.000000 2642.728271 0.000000 0.795706 0.000000 -0.605682 0.852238 0.852238 0.852238
5305.165039 0.000000 2655.428467 0.000000 0.807741 0.000000 0.589538 0.776956 0.776956 0.776956
5263.374023 0.000000 2665.850098 0.000000 0.635847 0.000000 0.771815 0.749813 0.749813 0.749813
5228.722656 0.000000 2641.657959 0.000000 0.373788 0.000000 0.927514 0.745204 0.745204 0.745204
5246.137207 0.000000 2611.245361 0.000000 0.419420 0.000000 0.907792 0.731133 0.731133 0.731133
5286.954590 0.000000 2667.968994 0.000000 0.920385 0.000000 -0.391013 0.822386 0.822386 0.822386
5298.192383 0.000000 2666.898682 0.000000 0.907595 0.000000 0.419847 0.755607 0.755607 0.755607
5231.265625 0.000000 2672.580078 0.000000 0.643781 0.000000 0.765210 0.770240 0.770240 0.770240
5276.327637 0.000000 2640.045898 0.000000 0.784994 0.000000 -0.619503 0.838030 0.838030 0.838030
5250.562012 0.000000 2605.109131 0.000000 0.145424 0.000000 -0.989369 0.848663 0.848663 0.848663
5284.259766 0.000000 2587.945801 0.000000 0.890385 0.000000 0.455208 0.786408 0.786408 0.786408
5236.894531 0.000000 2589.722412 0.000000 0.870184 0.000000 0.492728 0.783330 0.783330 0.783330
5232.695801 0.000000 2606.643799 0.000000 0.926197 0.000000 -0.377041 0.821542 0.821542 0.821542
5270.209961 0.000000 2626.613770 0.000000 0.274875 0.000000 -0.961480 0.837168 0.837168 0.837168
5283.062500 0.000000 2666.586182 0.000000 0.805799 0.000000 0.592189 0.747976 0.747976 0.747976
5285.446777 0.000000 2579.575195 0.000000 0.256392 0.000000 -0.966573 0.852650 0.852650 0.852650
5223.902344 0.000000 2642.098877 0.000000 0.732055 0.000000 -0.681246 0.842211 0.842211 0.842211
5303.648926 0.000000 2663.547363 0.000000 0.369966 0.000000 -0.929045 0.868554 0.868554 0.868554
5272.672363 0.000000 2634.208984 0.000000 0.869254 0.000000 0.494366 0.768397 0.768397 0.768397
5236.363281 0.000000 2633.551025 0.000000 0.451028 0.000000 -0.892510 0.860134 0.860134 0.860134
5240.705566 0.000000 2646.502197 0.000000 0.753321 0.000000 0.657653 0.774629 0.774629 0.774629
5252.535156 0.000000 2612.836182 0.000000 0.790041 0.000000 0.613054 0.756901 0.756901 0.756901
5294.963379 0.000000 2662.615967 0.000000 0.365125 0.000000 -0.930959 0.887502 0.887502 0.887502
5224.135254 0.000000 2667.826904 0.000000 0.859368 0.000000 -0.511358 0.845026 0.845026 0.845026
5296.682617 0.000000 2567.743896 0.000000 0.541626 0.000000 -0.840620 0.852644 0.852644 0.852644
5283.332031 0.000000 2643.950684 0.000000 0.994329 0.000000 0.106349 0.794573 0.794573 0.794573
5227.093262 0.000000 2655.206543 0.000000 0.972071 0.000000 -0.234689 0.815756 0.815756 0.815756
5249.695801 0.000000 2609.950439 0.000000 0.984913 0.000000 0.173053 0.785410 0.785410 0.785410
5241.400879 0.000000 2638.795410 0.000000 0.685404 0.000000 -0.728163 0.846427 0.846427 0.846427
5302.120605 0.000000 2647.840820 0.000000 0.186761 0.000000 0.982405 0.721282 0.721282 0.721282
5223.688965 0.000000 2672.802490 0.000000 0.703982 0.000000 0.710218 0.758356 0.758356 0.758356
5290.023438 0.000000 2665.495850 0.000000 0.989063 0.000000 -0.147497 0.808870 0.808870 0.808870
5234.789062 0.000000 2583.777588 0.000000 0.999996 0.000000 0.002838 0.799874 0.799874 0.799874
5276.529297 0.000000 2662.463867 0.000000 0.962066 0.000000 0.272817 0.789404 0.789404 0.789404
5247.695801 0.000000 2618.269043 0.000000 0.136004 0.000000 -0.990708 0.870474 0.870474 0.870474
5238.678711 0.000000 2668.150879 0.000000 0.177018 0.000000 0.984208 0.720718 0.720718 0.720718
5295.814453 0.000000 2647.045166 0.000000 0.069552 0.000000 0.997578 0.745132 0.745132 0.745132
5302.598145 0.000000 2660.081299 0.000000 0.844191 0.000000 -0.536043 0.827457 0.827457 0.827457
5247.096680 0.000000 2621.923340 0.000000 0.992039 0.000000 0.125932 0.793948 0.793948 0.793948
5290.808105 0.000000 2575.312256 0.000000 0.418417 0.000000 -0.908255 0.864156 0.864156 0.864156
5261.389648 0.000000 2672.020752 0.000000 0.921057 0.000000 -0.389427 0.827323 0.827323 0.827323
5244.999512 0.000000 2604.060791 0.000000 0.868997 0.000000 0.494818 0.777359 0.777359 0.777359
5241.873047 0.000000 2582.506836 0.000000 0.509315 0.000000 -0.860580 0.858994 0.858994 0.858994
5244.956055 0.000000 2599.257568 0.000000 0.639821 0.000000 0.768524 0.751157 0.751157 0.751157
5286.688477 0.000000 2576.238281 0.000000 0.545213 0.000000 -0.838298 0.853014 0.853014 0.853014
5229.613281 0.000000 2595.316895 0.000000 0.916224 0.000000 0.400667 0.776534 0.776534 0.776534
5237.496094 0.000000 2586.101318 0.000000 0.996730 0.000000 -0.080802 0.804071 0.804071 0.804071
5272.935059 0.000000 2639.251465 0.000000 0.950932 0.000000 0.309399 0.786241 0.786241 0.786241
5222.975586 0.000000 2653.207031 0.000000 0.711773 0.000000 -0.702410 0.851795 0.851795 0.851795
5263.544434 0.000000 2669.382568 0.000000 0.621306 0.000000 0.783568 0.748749 0.748749 0.748749
5251.371094 0.000000 2617.129883 0.000000 0.058514 0.000000 -0.998287 0.876112 0.876112 0.876112
5255.740234 0.000000 2611.650146 0.000000 0.667790 0.000000 0.744349 0.764787 0.764787 0.764787
5299.152832 0.000000 2646.237061 0.000000 0.962791 0.000000 0.270246 0.787047 0.787047 0.787047
5285.972656 0.000000 2673.030273 0.000000 0.297772 0.000000 0.954637 0.727799 0.727799 0.727799
5301.190918 0.000000 2668.489990 0.000000 0.244956 0.000000 -0.969534 0.890390 0.890390 0.890390
5227.034180 0.000000 2661.230713 0.000000 0.958213 0.000000 0.286056 0.786442 0.786442 0.786442
5239.903320 0.000000 2631.889648 0.000000 0.932361 0.000000 -0.361528 0.818396 0.818396 0.818396
5245.391602 0.000000 2668.431885 0.000000 0.713731 0.000000 -0.700420 0.839056 0.839056 0.839056
5305.423828 0.000000 2648.108643 0.000000 0.121085 0.000000 -0.992642 0.885108 0.885108 0.885108
5231.943848 0.000000 2590.199463 0.000000 0.725984 0.000000 0.687711 0.760015 0.760015 0.760015
5221.717773 0.000000 2670.229492 0.000000 0.844241 0.000000 -0.535963 0.841687 0.841687 0.841687
5294.002441 0.000000 2644.474609 0.000000 0.618389 0.000000 0.785872 0.732286 0.732286 0.732286
5295.723633 0.000000 2668.926270 0.000000 0.219550 0.000000 0.975601 0.719954 0.719954 0.719954
5234.226562 0.000000 2627.453369 0.000000 0.688322 0.000000 -0.725405 0.844253 0.844253 0.844253
5291.538086 0.000000 2572.231445 0.000000 0.531312 0.000000 -0.847176 0.857527 0.857527 0.857527
5287.430176 0.000000 2582.009033 0.000000 0.020486 0.000000 0.999790 0.711754 0.711754 0.711754
5273.083008 0.000000 2628.429932 0.000000 0.178200 0.000000 -0.983994 0.894223 0.894223 0.894223
5229.924805 0.000000 2669.544922 0.000000 0.551421 0.000000 -0.834227 0.860896 0.860896 0.860896
5295.856445 0.000000 2640.607178 0.000000 0.968619 0.000000 -0.248549 0.825886 0.825886 0.825886
5290.270020 0.000000 2639.720703 0.000000 0.972714 0.000000 0.232010 0.786392 0.786392 0.786392
5220.711426 0.000000 2659.221924 0.000000 0.634468 0.000000 -0.772949 0.897401 0.897401 0.897401
5227.424805 0.000000 2667.550293 0.000000 0.995879 0.000000 0.090695 0.794286 0.794286 0.794286
5234.056152 0.000000 2631.587891 0.000000 0.961115 0.000000 -0.276148 0.815926 0.815926 0.815926
5251.238770 0.000000 2654.335938 0.000000 0.408493 0.000000 -0.912762 0.864770 0.864770 0.864770
5223.545898 0.000000 2664.859619 0.000000 0.284554 0.000000 -0.958660 0.901414 0.901414 0.901414
5286.860840 0.000000 2586.267578 0.000000 0.956564 0.000000 0.291523 0.785289 0.785289 0.785289
5243.940430 0.000000 2671.820801 0.000000 0.998031 0.000000 -0.062715 0.803685 0.803685 0.803685
5247.466309 0.000000 2597.568359 0.000000 0.876241 0.000000 -0.481874 0.828620 0.828620 0.828620
5280.386230 0.000000 2643.751953 0.000000 0.773288 0.000000 0.634054 0.760907 0.760907 0.760907
5299.982910 0.000000 2643.260010 0.000000 0.854857 0.000000 0.518864 0.768621 0.768621 0.768621
5294.848145 0.000000 2571.979248 0.000000 0.161560 0.000000 -0.986863 0.880175 0.880175 0.880175
5249.813965 0.000000 2672.847900 0.000000 0.652723 0.000000 -0.757596 0.888591 0.888591 0.888591
5301.244629 0.000000 2665.528809 0.000000 0.998051 0.000000 0.062401 0.795136 0.795136 0.795136
5249.588379 0.000000 2650.273193 0.000000 0.401326 0.000000 0.915935 0.734095 0.734095 0.734095
5224.358887 0.000000 2661.748291 0.000000 0.929259 0.000000 -0.369428 0.833102 0.833102 0.833102
5219.896973 0.000000 2664.330078 0.000000 0.840781 0.000000 0.541375 0.755097 0.755097 0.755097
5278.126465 0.000000 2666.588623 0.000000 0.997271 0.000000 -0.073823 0.804472 0.804472 0.804472
5281.563477 0.000000 2668.833984 0.000000 0.378831 0.000000 -0.925466 0.875796 0.875796 0.875796
5254.809570 0.000000 2673.826416 0.000000 0.584775 0.000000 -0.811195 0.867465 0.867465 0.867465
5223.715332 0.000000 2655.875000 0.000000 0.950624 0.000000 -0.310346 0.827794 0.827794 0.827794
5273.433594 0.000000 2631.755127 0.000000 0.944989 0.000000 -0.327103 0.826156 0.826156 0.826156
5292.267090 0.000000 2664.230225 0.000000 0.251732 0.000000 0.967797 0.699834 0.699834 0.699834
5224.446777 0.000000 2670.270020 0.000000 0.295892 0.000000 -0.955222 0.898955 0.898955 0.898955
5335.024902 0.000000 2666.353027 0.000000 0.456072 0.000000 -0.889943 0.848649 0.848649 0.848649
5392.358887 0.000000 2600.542480 0.000000 0.630381 0.000000 0.776286 0.760594 0.760594 0.760594
5333.538574 0.000000 2589.151855 0.000000 0.959863 0.000000 0.280469 0.797275 0.797275 0.797275
5308.014160 0.000000 2632.739258 0.000000 0.951391 0.000000 0.307986 0.794748 0.794748 0.794748
5309.933594 0.000000 2569.964844 0.000000 0.992615 0.000000 0.121303 0.796648 0.796648 0.796648
5315.559082 0.000000 2607.718750 0.000000 0.996903 0.000000 -0.078647 0.804481 0.804481 0.804481
5311.912109 0.000000 2658.430176 0.000000 0.969874 0.000000 0.243608 0.781422 0.781422 0.781422
5328.723633 0.000000 2642.686279 0.000000 0.890585 0.000000 0.454818 0.783874 0.783874 0.783874
5338.573730 0.000000 2568.334473 0.000000 0.309045 0.000000 -0.951048 0.865504 0.865504 0.865504
5340.331543 0.000000 2608.994141 0.000000 0.736638 0.000000 0.676287 0.795550 0.795550 0.795550
5375.120605 0.000000 2589.314941 0.000000 0.995258 0.000000 -0.097270 0.801051 0.801051 0.801051
5380.626953 0.000000 2666.394043 0.000000 0.423915 0.000000 0.905702 0.778955 0.778955 0.778955
5308.492188 0.000000 2591.324219 0.000000 0.921939 0.000000 0.387336 0.778790 0.778790 0.778790
5345.012207 0.000000 2651.820801 0.000000 0.295083 0.000000 0.955472 0.745919 0.745919 0.745919
5324.593750 0.000000 2575.731934 0.000000 0.568220 0.000000 -0.822877 0.854433 0.854433 0.854433
5390.381836 0.000000 2616.244629 0.000000 0.011450 0.000000 -0.999934 0.807475 0.807475 0.807475
5346.792969 0.000000 2596.471436 0.000000 0.596757 0.000000 -0.802422 0.806696 0.806696 0.806696
5321.388672 0.000000 2669.807373 0.000000 0.149118 0.000000 -0.988819 0.859605 0.859605 0.859605
5329.379395 0.000000 2601.648438 0.000000 0.338612 0.000000 0.940926 0.728049 0.728049 0.728049
5320.586914 0.000000 2587.455811 0.000000 0.238971 0.000000 -0.971027 0.820711 0.820711 0.820711
5341.937988 0.000000 2639.918213 0.000000 0.904406 0.000000 0.426673 0.793133 0.793133 0.793133
5340.820312 0.000000 2579.853760 0.000000 0.439489 0.000000 0.898248 0.747186 0.747186 0.747186
5319.337891 0.000000 2634.796143 0.000000 0.609657 0.000000 0.792666 0.779711 0.779711 0.779711
5388.795410 0.000000 2589.582031 0.000000 0.867505 0.000000 -0.497428 0.814350 0.814350 0.814350
5391.337891 0.000000 2667.540283 0.000000 0.637748 0.000000 0.770245 0.707809 0.707809 0.707809
5306.746582 0.000000 2580.044189 0.000000 0.975108 0.000000 -0.221730 0.801876 0.801876 0.801876
5319.143066 0.000000 2597.676758 0.000000 0.999165 0.000000 0.040852 0.799412 0.799412 0.799412
5382.466309 0.000000 2597.244629 0.000000 0.946981 0.000000 -0.321290 0.804312 0.804312 0.804312
5307.373047 0.000000 2667.016357 0.000000 0.098302 0.000000 -0.995157 0.835287 0.835287 0.835287
5315.726562 0.000000 2578.101318 0.000000 0.638395 0.000000 -0.769709 0.875788 0.875788 0.875788
5329.426758 0.000000 2674.524658 0.000000 0.995662 0.000000 0.093046 0.793859 0.793859 0.793859
5309.521973 0.000000 2600.956543 0.000000 0.407585 0.000000 0.913167 0.772414 0.772414 0.772414
5319.408691 0.000000 2567.713135 0.000000 0.983543 0.000000 0.180675 0.791183 0.791183 0.791183
5307.052734 0.000000 2651.302490 0.000000 0.718005 0.000000 0.696038 0.740034 0.740034 0.740034
5331.843262 0.000000 2580.541748 0.000000 0.876295 0.000000 0.481775 0.792771 0.792771 0.792771
5336.652344 0.000000 2647.322021 0.000000 0.973546 0.000000 0.228491 0.794337 0.794337 0.794337
5326.569824 0.000000 2593.638428 0.000000 0.010468 0.000000 0.999945 0.711184 0.711184 0.711184
5381.703613 0.000000 2584.750732 0.000000 0.161523 0.000000 -0.986869 0.868362 0.868362 0.868362
5318.123047 0.000000 2626.769531 0.000000 0.129621 0.000000 0.991564 0.761152 0.761152 0.761152
5351.272461 0.000000 2645.601074 0.000000 0.025566 0.000000 -0.999673 0.829627 0.829627 0.829627
5347.348145 0.000000 2604.688232 0.000000 0.259245 0.000000 -0.965812 0.856452 0.856452 0.856452
5319.588379 0.000000 2662.163086 0.000000 0.984095 0.000000 -0.177645 0.807063 0.807063 0.807063
5331.066406 0.000000 2570.888916 0.000000 0.982985 0.000000 -0.183687 0.811180 0.811180 0.811180
5327.044434 0.000000 2664.423096 0.000000 0.977518 0.000000 -0.210853 0.807383 0.807383 0.807383
5323.782227 0.000000 2607.506836 0.000000 0.477046 0.000000 0.878878 0.781990 0.781990 0.781990
5326.932129 0.000000 2635.184326 0.000000 0.798876 0.000000 -0.601496 0.811987 0.811987 0.811987
5312.912598 0.000000 2585.210938 0.000000 0.154122 0.000000 -0.988052 0.889937 0.889937 0.889937
5353.375977 0.000000 2599.682861 0.000000 0.976535 0.000000 0.215357 0.797269 0.797269 0.797269
5333.746582 0.000000 2607.112305 0.000000 0.946832 0.000000 0.321727 0.791365 0.791365 0.791365
5320.061523 0.000000 2641.669434 0.000000 0.962582 0.000000 0.270991 0.783886 0.783886 0.783886
5315.435547 0.000000 2592.124756 0.000000 0.997928 0.000000 0.064336 0.795332 0.795332 0.795332
5313.176758 0.000000 2638.311279 0.000000 0.427938 0.000000 0.903808 0.751989 0.751989 0.751989
5336.557129 0.000000 2574.716553 0.000000 0.575446 0.000000 0.817840 0.762703 0.762703 0.762703
5385.831543 0.000000 2670.979980 0.000000 0.263604 0.000000 -0.964631 0.854694 0.854694 0.854694
5386.596680 0.000000 2663.071777 0.000000 0.001860 0.000000 -0.999998 0.861104 0.861104 0.861104
5335.121094 0.000000 2640.197021 0.000000 0.994798 0.000000 0.101869 0.794191 0.794191 0.794191
5393.417969 0.000000 2660.533447 0.000000 0.838026 0.000000 -0.545631 0.858441 0.858441 0.858441
5340.862305 0.000000 2602.713135 0.000000 0.789031 0.000000 -0.614353 0.837657 0.837657 0.837657
5313.337891 0.000000 2613.823486 0.000000 0.605841 0.000000 0.795586 0.788424 0.788424 0.788424
5342.527832 0.000000 2573.394043 0.000000 0.741885 0.000000 -0.670527 0.825980 0.825980 0.825980
5313.789551 0.000000 2664.505371 0.000000 0.279895 0.000000 0.960031 0.729050 0.729050 0.729050
5388.366699 0.000000 2595.778320 0.000000 0.986908 0.000000 0.161286 0.787285 0.787285 0.787285
5314.065918 0.000000 2631.177246 0.000000 0.507008 0.000000 0.861941 0.707857 0.707857 0.707857
5392.050293 0.000000 2606.520264 0.000000 0.872723 0.000000 0.488216 0.775857 0.775857 0.775857
5381.765137 0.000000 2591.407959 0.000000 0.744369 0.000000 0.667769 0.766703 0.766703 0.766703
5337.523926 0.000000 2584.821777 0.000000 0.933396 0.000000 -0.358848 0.815174 0.815174 0.815174
5342.672852 0.000000 2646.019287 0.000000 0.975880 0.000000 -0.218307 0.823604 0.823604 0.823604
5332.058594 0.000000 2595.690674 0.000000 0.604850 0.000000 -0.796339 0.821527 0.821527 0.821527
5315.597656 0.000000 2572.134766 0.000000 0.517474 0.000000 0.855699 0.766774 0.766774 0.766774
5327.606934 0.000000 2588.008789 0.000000 0.467172 0.000000 -0.884167 0.841595 0.841595 0.841595
5323.071777 0.000000 2601.742188 0.000000 0.980088 0.000000 0.198565 0.788622 0.788622 0.788622
5324.750000 0.000000 2569.749512 0.000000 0.745372 0.000000 0.666648 0.781637 0.781637 0.781637
5310.487793 0.000000 2575.466553 0.000000 0.930069 0.000000 0.367385 0.779714 0.779714 0.779714
5306.594238 0.000000 2586.026855 0.000000 0.203838 0.000000 -0.979005 0.849091 0.849091 0.849091
5306.965332 0.000000 2672.911133 0.000000 0.140534 0.000000 0.990076 0.749455 0.749455 0.749455
5313.544922 0.000000 2597.335205 0.000000 0.106753 0.000000 0.994286 0.710537 0.710537 0.710537
5317.812012 0.000000 2602.797119 0.000000 0.823094 0.000000 0.567905 0.782268 0.782268 0.782268
5387.150879 0.000000 2600.859375 0.000000 0.882170 0.000000 0.470931 0.783841 0.783841 0.783841
5320.800781 0.000000 2579.846924 0.000000 0.865107 0.000000 0.501588 0.768832 0.768832 0.768832
5308.070312 0.000000 2646.209473 0.000000 0.993354 0.000000 -0.115095 0.803594 0.803594 0.803594
5329.197266 0.000000 2669.158936 0.000000 0.677453 0.000000 0.735566 0.724727 0.724727 0.724727
5319.824707 0.000000 2610.951660 0.000000 0.051378 0.000000 0.998679 0.714424 0.714424 0.714424
5321.012695 0.000000 2592.687988 0.000000 0.777560 0.000000 0.628808 0.762922 0.762922 0.762922
5334.639160 0.000000 2601.552979 0.000000 0.236135 0.000000 -0.971720 0.875843 0.875843 0.875843
5308.657227 0.000000 2662.209473 0.000000 0.800468 0.000000 0.599376 0.754558 0.754558 0.754558
5331.740723 0.000000 2636.530029 0.000000 0.201912 0.000000 0.979404 0.754116 0.754116 0.754116
5324.479980 0.000000 2639.526367 0.000000 0.874830 0.000000 -0.484431 0.824847 0.824847 0.824847
5320.428223 0.000000 2572.661865 0.000000 0.643721 0.000000 -0.765260 0.827674 0.827674 0.827674
5310.942871 0.000000 2609.292969 0.000000 0.514347 0.000000 -0.857582 0.832109 0.832109 0.832109
5376.333008 0.000000 2584.545166 0.000000 0.999434 0.000000 -0.033646 0.801573 0.801573 0.801573
5307.865234 0.000000 2655.936279 0.000000 0.909201 0.000000 0.416357 0.774012 0.774012 0.774012
5317.281738 0.000000 2583.265137 0.000000 0.401888 0.000000 0.915689 0.712635 0.712635 0.712635
5313.900391 0.000000 2567.629395 0.000000 0.511365 0.000000 -0.859363 0.838413 0.838413 0.838413
5317.940918 0.000000 2666.620361 0.000000 0.239533 0.000000 -0.970888 0.873255 0.873255 0.873255
5311.240234 0.000000 2580.663574 0.000000 0.699144 0.000000 0.714981 0.750361 0.750361 0.750361
5313.247559 0.000000 2603.677246 0.000000 0.408865 0.000000 0.912595 0.734564 0.734564 0.734564
5338.812500 0.000000 2643.358154 0.000000 0.378132 0.000000 -0.925752 0.868757 0.868757 0.868757
5325.354980 0.000000 2672.177246 0.000000 0.999209 0.000000 -0.039773 0.802360 0.802360 0.802360
5344.972168 0.000000 2600.727539 0.000000 0.996444 0.000000 0.084257 0.795754 0.795754 0.795754
5349.137695 0.000000 2649.664795 0.000000 0.165444 0.000000 0.986219 0.720049 0.720049 0.720049
5323.548340 0.000000 2597.209717 0.000000 0.110786 0.000000 -0.993844 0.844608 0.844608 0.844608
5336.425781 0.000000 2580.415771 0.000000 0.868994 0.000000 0.494823 0.770536 0.770536 0.770536
5316.447266 0.000000 2658.770020 0.000000 0.194998 0.000000 -0.980804 0.838709 0.838709 0.838709
5331.512695 0.000000 2663.708008 0.000000 0.897872 0.000000 0.440256 0.781426 0.781426 0.781426
5392.088379 0.000000 2592.302734 0.000000 0.983693 0.000000 -0.179858 0.808560 0.808560 0.808560
5306.972168 0.000000 2573.038818 0.000000 0.896992 0.000000 0.442047 0.782442 0.782442 0.782442
5312.234375 0.000000 2589.381104 0.000000 0.299073 0.000000 0.954230 0.746097 0.746097 0.746097
5349.151367 0.000000 2600.427002 0.000000 0.218653 0.000000 -0.975803 0.867964 0.867964 0.867964
5347.115723 0.000000 2646.031006 0.000000 0.469781 0.000000 -0.882783 0.866112 0.866112 0.866112
5315.714844 0.000000 2641.657959 0.000000 0.068165 0.000000 -0.997674 0.862121 0.862121 0.862121
5385.184570 0.000000 2666.898682 0.000000 0.698495 0.000000 0.715615 0.752216 0.752216 0.752216
5318.257812 0.000000 2672.580078 0.000000 0.650833 0.000000 0.759221 0.760225 0.760225 0.760225
5334.131348 0.000000 2568.035156 0.000000 0.837798 0.000000 0.545980 0.735979 0.735979 0.735979
5337.554199 0.000000 2605.109131 0.000000 0.979322 0.000000 -0.202307 0.810375 0.810375 0.810375
5328.099121 0.000000 2597.605957 0.000000 0.427024 0.000000 0.904240 0.735702 0.735702 0.735702
5329.963867 0.000000 2591.341553 0.000000 0.467630 0.000000 -0.883924 0.857816 0.857816 0.857816
5379.080078 0.000000 2588.336182 0.000000 0.997113 0.000000 0.075926 0.796630 0.796630 0.796630
5323.886719 0.000000 2589.722412 0.000000 0.997310 0.000000 -0.073300 0.803077 0.803077 0.803077
5385.958496 0.000000 2592.500000 0.000000 0.993094 0.000000 -0.117320 0.807539 0.807539 0.807539
5319.687988 0.000000 2606.643799 0.000000 0.983120 0.000000 -0.182962 0.806946 0.806946 0.806946
5327.374023 0.000000 2572.824463 0.000000 0.964936 0.000000 0.262485 0.784882 0.784882 0.784882
5315.266602 0.000000 2634.943848 0.000000 0.669641 0.000000 0.742685 0.743827 0.743827 0.743827
5326.501465 0.000000 2604.386230 0.000000 0.326651 0.000000 0.945145 0.756976 0.756976 0.756976
5318.076172 0.000000 2631.041504 0.000000 0.729880 0.000000 -0.683575 0.832019 0.832019 0.832019
5390.641113 0.000000 2663.547363 0.000000 0.867794 0.000000 0.496924 0.747028 0.747028 0.747028
5311.497070 0.000000 2593.942627 0.000000 0.602196 0.000000 0.798349 0.750697 0.750697 0.750697
5388.249512 0.000000 2604.868652 0.000000 0.390654 0.000000 0.920538 0.749549 0.749549 0.749549
5317.868164 0.000000 2638.419434 0.000000 0.722774 0.000000 -0.691084 0.843430 0.843430 0.843430
5384.273926 0.000000 2588.546631 0.000000 0.989670 0.000000 0.143366 0.792415 0.792415 0.792415
5319.165039 0.000000 2576.259766 0.000000 0.010686 0.000000 -0.999943 0.897216 0.897216 0.897216
5328.393066 0.000000 2638.795410 0.000000 0.933386 0.000000 0.358873 0.779106 0.779106 0.779106
5311.652832 0.000000 2634.057129 0.000000 0.831388 0.000000 0.555692 0.775641 0.775641 0.775641
5340.104980 0.000000 2576.188721 0.000000 0.987337 0.000000 0.158635 0.791027 0.791027 0.791027
5325.670898 0.000000 2668.150879 0.000000 0.120311 0.000000 0.992736 0.731356 0.731356 0.731356
5317.138184 0.000000 2613.420654 0.000000 0.833888 0.000000 0.551934 0.779331 0.779331 0.779331
5351.604004 0.000000 2603.091797 0.000000 0.019694 0.000000 0.999806 0.715427 0.715427 0.715427
5334.896973 0.000000 2643.805176 0.000000 0.916256 0.000000 -0.400594 0.821979 0.821979 0.821979
5343.805176 0.000000 2604.803223 0.000000 0.623902 0.000000 -0.781502 0.840312 0.840312 0.840312
5335.994141 0.000000 2571.122803 0.000000 0.933326 0.000000 0.359030 0.768535 0.768535 0.768535
5331.991699 0.000000 2604.060791 0.000000 0.998637 0.000000 -0.052202 0.802660 0.802660 0.802660
5328.177246 0.000000 2568.935791 0.000000 0.832976 0.000000 -0.553309 0.829510 0.829510 0.829510
5331.948242 0.000000 2599.257568 0.000000 0.534787 0.000000 0.844987 0.756577 0.756577 0.756577
5334.019531 0.000000 2583.244873 0.000000 0.997102 0.000000 -0.076079 0.804335 0.804335 0.804335
5339.402344 0.000000 2571.798828 0.000000 0.046826 0.000000 -0.998903 0.890398 0.890398 0.890398
5314.890137 0.000000 2600.590820 0.000000 0.886377 0.000000 -0.462963 0.822207 0.822207 0.822207
5310.111328 0.000000 2597.286621 0.000000 0.561801 0.000000 0.827272 0.759139 0.759139 0.759139
5316.605469 0.000000 2595.316895 0.000000 0.178218 0.000000 -0.983991 0.881714 0.881714 0.881714
5310.273438 0.000000 2605.478027 0.000000 0.697810 0.000000 0.716283 0.761248 0.761248 0.761248
5331.682617 0.000000 2640.531006 0.000000 0.156483 0.000000 0.987681 0.719532 0.719532 0.719532
5309.967773 0.000000 2653.207031 0.000000 0.628165 0.000000 0.778080 0.736962 0.736962 0.736962
5391.489258 0.000000 2597.135986 0.000000 0.999634 0.000000 0.027066 0.798394 0.798394 0.798394
5342.458496 0.000000 2649.481689 0.000000 0.759987 0.000000 -0.649938 0.864011 0.864011 0.864011
5338.121094 0.000000 2600.780762 0.000000 0.842551 0.000000 0.538617 0.774780 0.774780 0.774780
5332.902832 0.000000 2573.720215 0.000000 0.475870 0.000000 0.879516 0.753631 0.753631 0.753631
5326.204590 0.000000 2600.502197 0.000000 0.979771 0.000000 0.200123 0.788531 0.788531 0.788531
5388.183105 0.000000 2668.489990 0.000000 0.337570 0.000000 -0.941300 0.888183 0.888183 0.888183
5314.449219 0.000000 2581.625732 0.000000 0.641467 0.000000 -0.767150 0.892732 0.892732 0.892732
5314.026367 0.000000 2661.230713 0.000000 0.303114 0.000000 -0.952954 0.874909 0.874909 0.874909
5312.172852 0.000000 2572.404053 0.000000 0.730120 0.000000 -0.683319 0.837413 0.837413 0.837413
5343.779297 0.000000 2642.909180 0.000000 0.828961 0.000000 -0.559306 0.834141 0.834141 0.834141
5314.950195 0.000000 2610.942139 0.000000 0.912887 0.000000 -0.408211 0.819400 0.819400 0.819400
5322.258301 0.000000 2673.080078 0.000000 0.986099 0.000000 -0.166157 0.809502 0.809502 0.809502
5309.132812 0.000000 2588.166748 0.000000 0.920487 0.000000 0.390773 0.777148 0.777148 0.777148
5318.936035 0.000000 2590.199463 0.000000 0.507743 0.000000 -0.861509 0.863452 0.863452 0.863452
5315.011230 0.000000 2628.087402 0.000000 0.867603 0.000000 -0.497258 0.836172 0.836172 0.836172
5391.059570 0.000000 2603.456055 0.000000 0.994292 0.000000 0.106689 0.793851 0.793851 0.793851
5382.715820 0.000000 2668.926270 0.000000 0.125393 0.000000 0.992107 0.735062 0.735062 0.735062
5392.567383 0.000000 2609.585205 0.000000 0.451890 0.000000 0.892074 0.749162 0.749162 0.749162
5392.157715 0.000000 2613.573730 0.000000 0.967474 0.000000 0.252969 0.787588 0.787588 0.787588
5345.601562 0.000000 2648.752197 0.000000 0.877082 0.000000 -0.480340 0.837226 0.837226 0.837226
5307.703613 0.000000 2659.221924 0.000000 0.776601 0.000000 0.629992 0.757122 0.757122 0.757122
5339.793945 0.000000 2647.114014 0.000000 0.076580 0.000000 -0.997063 0.893106 0.893106 0.893106
5316.739746 0.000000 2663.612549 0.000000 0.919852 0.000000 0.392266 0.777055 0.777055 0.777055
5316.677734 0.000000 2569.215576 0.000000 0.597920 0.000000 0.801556 0.753755 0.753755 0.753755
5310.538086 0.000000 2664.859619 0.000000 0.367555 0.000000 -0.930002 0.870135 0.870135 0.870135
5330.932617 0.000000 2671.820801 0.000000 0.999004 0.000000 0.044623 0.796523 0.796523 0.796523
5312.594727 0.000000 2577.810547 0.000000 0.979554 0.000000 0.201183 0.787377 0.787377 0.787377
5389.254395 0.000000 2592.979248 0.000000 0.981912 0.000000 0.189338 0.786076 0.786076 0.786076
5329.465820 0.000000 2666.027100 0.000000 0.467282 0.000000 0.884108 0.726567 0.726567 0.726567
5393.449219 0.000000 2669.936279 0.000000 0.662898 0.000000 0.748710 0.750824 0.750824 0.750824
5322.016602 0.000000 2577.098145 0.000000 0.005896 0.000000 0.999983 0.710924 0.710924 0.710924
5317.866699 0.000000 2580.157471 0.000000 0.046860 0.000000 0.998901 0.654819 0.654819 0.654819
5329.462891 0.000000 2594.218506 0.000000 0.320485 0.000000 -0.947254 0.870842 0.870842 0.870842
5388.236816 0.000000 2665.528809 0.000000 0.372520 0.000000 0.928024 0.678170 0.678170 0.678170
5389.574219 0.000000 2599.243652 0.000000 0.014644 0.000000 -0.999893 0.884849 0.884849 0.884849
5326.801758 0.000000 2590.791992 0.000000 0.543593 0.000000 -0.839349 0.856698 0.856698 0.856698
5313.021484 0.000000 2606.562988 0.000000 0.740993 0.000000 -0.671513 0.841908 0.841908 0.841908
5312.191895 0.000000 2599.762695 0.000000 0.919575 0.000000 0.392914 0.775806 0.775806 0.775806
5328.096191 0.000000 2671.745361 0.000000 0.827002 0.000000 0.562199 0.742048 0.742048 0.742048
5311.351074 0.000000 2661.748291 0.000000 0.041362 0.000000 0.999144 0.675371 0.675371 0.675371
5318.000488 0.000000 2592.855469 0.000000 0.945367 0.000000 -0.326008 0.821688 0.821688 0.821688
5309.620605 0.000000 2650.325684 0.000000 0.692058 0.000000 -0.721842 0.853636 0.853636 0.853636
5306.620605 0.000000 2653.729736 0.000000 0.277254 0.000000 -0.960797 0.897379 0.897379 0.897379
5333.524902 0.000000 2571.325439 0.000000 0.639136 0.000000 0.769094 0.734810 0.734810 0.734810
5305.366699 0.000000 2707.526855 0.000000 0.677517 0.000000 -0.735507 0.830205 0.830205 0.830205
5283.522949 0.000000 2676.528076 0.000000 0.971262 0.000000 0.238011 0.796832 0.796832 0.796832
5222.941406 0.000000 2676.949219 0.000000 0.475309 0.000000 -0.879819 0.810310 0.810310 0.810310
5251.581543 0.000000 2675.318848 0.000000 0.918562 0.000000 0.395277 0.760312 0.760312 0.760312
5265.802246 0.000000 2690.305420 0.000000 0.704865 0.000000 -0.709341 0.840161 0.840161 0.840161
5288.128418 0.000000 2696.299316 0.000000 0.926146 0.000000 0.377165 0.790268 0.790268 0.790268
5221.500000 0.000000 2698.308594 0.000000 0.109001 0.000000 0.994042 0.714178 0.714178 0.714178
5237.601562 0.000000 2682.716309 0.000000 0.868520 0.000000 -0.495654 0.822061 0.822061 0.822061
5266.365723 0.000000 2675.610107 0.000000 0.999910 0.000000 0.013411 0.799365 0.799365 0.799365
5303.389648 0.000000 2723.229004 0.000000 0.220621 0.000000 -0.975360 0.814542 0.814542 0.814542
5259.800781 0.000000 2703.455811 0.000000 0.772797 0.000000 -0.634654 0.816891 0.816891 0.816891
5278.317383 0.000000 2688.039062 0.000000 0.902937 0.000000 -0.429774 0.825287 0.825287 0.825287
5301.803223 0.000000 2696.566406 0.000000 0.800934 0.000000 0.598753 0.793077 0.793077 0.793077
5289.358887 0.000000 2685.560303 0.000000 0.765691 0.000000 -0.643209 0.814233 0.814233 0.814233
5295.474121 0.000000 2704.229004 0.000000 0.018874 0.000000 -0.999822 0.815808 0.815808 0.815808
5293.119629 0.000000 2676.465088 0.000000 0.906696 0.000000 -0.421784 0.816175 0.816175 0.816175
5298.599121 0.000000 2714.980957 0.000000 0.311624 0.000000 0.950206 0.732383 0.732383 0.732383
5228.734375 0.000000 2685.085693 0.000000 0.819812 0.000000 0.572633 0.785022 0.785022 0.785022
5274.671875 0.000000 2679.596924 0.000000 0.125158 0.000000 0.992137 0.774886 0.774886 0.774886
5222.529785 0.000000 2707.940918 0.000000 0.997076 0.000000 0.076421 0.798763 0.798763 0.798763
5232.416504 0.000000 2674.697510 0.000000 0.042419 0.000000 -0.999100 0.822894 0.822894 0.822894
5302.085449 0.000000 2674.966797 0.000000 0.861376 0.000000 0.507968 0.769671 0.769671 0.769671
5257.683594 0.000000 2694.666260 0.000000 0.023816 0.000000 -0.999716 0.905667 0.905667 0.905667
5261.343750 0.000000 2682.603760 0.000000 0.725049 0.000000 -0.688698 0.811835 0.811835 0.811835
5294.711426 0.000000 2691.735107 0.000000 0.822390 0.000000 -0.568924 0.834449 0.834449 0.834449
5244.074219 0.000000 2677.873291 0.000000 0.098409 0.000000 0.995146 0.749719 0.749719 0.749719
5225.920410 0.000000 2692.195312 0.000000 0.479397 0.000000 0.877598 0.791017 0.791017 0.791017
5280.119141 0.000000 2696.107422 0.000000 0.390838 0.000000 0.920460 0.778983 0.778983 0.778983
5265.441406 0.000000 2698.316650 0.000000 0.358532 0.000000 -0.933517 0.839680 0.839680 0.839680
5259.184082 0.000000 2675.604248 0.000000 0.898557 0.000000 0.438857 0.759712 0.759712 0.759712
5268.425781 0.000000 2683.506836 0.000000 0.017899 0.000000 0.999840 0.708816 0.708816 0.708816
5266.383789 0.000000 2706.667236 0.000000 0.241269 0.000000 0.970458 0.732410 0.732410 0.732410
5238.282715 0.000000 2689.563232 0.000000 0.512538 0.000000 -0.858665 0.843312 0.843312 0.843312
5228.443359 0.000000 2699.109131 0.000000 0.982947 0.000000 -0.183889 0.802770 0.802770 0.802770
5284.596680 0.000000 2690.542969 0.000000 0.985986 0.000000 0.166829 0.792870 0.792870 0.792870
5249.564941 0.000000 2681.700928 0.000000 0.402720 0.000000 0.915323 0.781986 0.781986 0.781986
5272.565918 0.000000 2691.674561 0.000000 0.996987 0.000000 -0.077571 0.805025 0.805025 0.805025
5259.760742 0.000000 2688.877930 0.000000 0.766584 0.000000 0.642144 0.768247 0.768247 0.768247
5255.535645 0.000000 2680.378418 0.000000 0.951382 0.000000 0.308014 0.769421 0.769421 0.769421
5301.374512 0.000000 2702.762695 0.000000 0.370366 0.000000 -0.928886 0.830696 0.830696 0.830696
5252.443359 0.000000 2698.465332 0.000000 0.565180 0.000000 0.824968 0.787793 0.787793 0.787793
5305.058105 0.000000 2713.504639 0.000000 0.389233 0.000000 0.921139 0.738257 0.738257 0.738257
5305.199219 0.000000 2680.591309 0.000000 0.951024 0.000000 0.309119 0.794539 0.794539 0.794539
5294.772949 0.000000 2698.392334 0.000000 0.711360 0.000000 0.702828 0.755638 0.755638 0.755638
5228.605469 0.000000 2679.119141 0.000000 0.692847 0.000000 0.721084 0.754157 0.754157 0.754157
5288.280762 0.000000 2679.813965 0.000000 0.767354 0.000000 0.641224 0.761212 0.761212 0.761212
5294.389160 0.000000 2681.945557 0.000000 0.634529 0.000000 -0.772899 0.834405 0.834405 0.834405
5219.602051 0.000000 2693.011230 0.000000 0.457292 0.000000 -0.889317 0.854498 0.854498 0.854498
5226.552734 0.000000 2704.319580 0.000000 0.758600 0.000000 0.651557 0.776614 0.776614 0.776614
5273.683105 0.000000 2684.940674 0.000000 0.994509 0.000000 0.104649 0.792964 0.792964 0.792964
5300.158691 0.000000 2707.843750 0.000000 0.625667 0.000000 -0.780090 0.850934 0.850934 0.850934
5233.808594 0.000000 2686.831299 0.000000 0.888166 0.000000 0.459523 0.781119 0.781119 0.781119
5219.814453 0.000000 2703.145264 0.000000 0.668695 0.000000 -0.743537 0.841692 0.841692 0.841692
5302.737305 0.000000 2718.087646 0.000000 0.385499 0.000000 0.922708 0.733819 0.733819 0.733819
5298.062988 0.000000 2688.044922 0.000000 0.811703 0.000000 -0.584070 0.818686 0.818686 0.818686
5233.436035 0.000000 2679.646240 0.000000 0.990948 0.000000 -0.134245 0.804679 0.804679 0.804679
5262.500977 0.000000 2693.890381 0.000000 0.876899 0.000000 0.480674 0.780472 0.780472 0.780472
5260.553223 0.000000 2698.521484 0.000000 0.999042 0.000000 -0.043766 0.802492 0.802492 0.802492
5226.908203 0.000000 2674.613770 0.000000 0.946298 0.000000 0.323296 0.789940 0.789940 0.789940
5269.851074 0.000000 2678.852539 0.000000 0.540441 0.000000 -0.841382 0.880875 0.880875 0.880875
5269.907715 0.000000 2687.959229 0.000000 0.308157 0.000000 0.951336 0.735954 0.735954 0.735954
5265.064453 0.000000 2679.998535 0.000000 0.994511 0.000000 -0.104628 0.806406 0.806406 0.806406
5293.605957 0.000000 2687.165771 0.000000 0.615140 0.000000 0.788418 0.761907 0.761907 0.761907
5263.813477 0.000000 2686.301514 0.000000 0.934825 0.000000 0.355109 0.785644 0.785644 0.785644
5277.067383 0.000000 2692.454102 0.000000 0.496287 0.000000 0.868159 0.771649 0.771649 0.771649
5288.858887 0.000000 2674.697266 0.000000 0.927330 0.000000 0.374244 0.778166 0.778166 0.778166
5264.090820 0.000000 2702.723389 0.000000 0.952261 0.000000 -0.305286 0.817659 0.817659 0.817659
5225.242188 0.000000 2696.365479 0.000000 0.850099 0.000000 -0.526623 0.822930 0.822930 0.822930
5262.159180 0.000000 2707.411377 0.000000 0.922239 0.000000 -0.386619 0.812130 0.812130 0.812130
5277.852539 0.000000 2683.823486 0.000000 0.201794 0.000000 0.979428 0.752473 0.752473 0.752473
5247.139160 0.000000 2675.019531 0.000000 0.113276 0.000000 0.993564 0.671646 0.671646 0.671646
5284.259766 0.000000 2694.930176 0.000000 0.106266 0.000000 0.994338 0.716649 0.716649 0.716649
5292.087891 0.000000 2695.320557 0.000000 0.937937 0.000000 0.346805 0.782175 0.782175 0.782175
5240.299316 0.000000 2686.048828 0.000000 0.271766 0.000000 -0.962363 0.852010 0.852010 0.852010
5298.966309 0.000000 2699.484375 0.000000 0.788316 0.000000 -0.615271 0.826605 0.826605 0.826605
5306.034668 0.000000 2675.797607 0.000000 0.970064 0.000000 -0.242850 0.813375 0.813375 0.813375
5256.375000 0.000000 2698.380371 0.000000 0.702114 0.000000 0.712065 0.762016 0.762016 0.762016
5224.504883 0.000000 2700.927002 0.000000 0.261708 0.000000 -0.965147 0.874340 0.874340 0.874340
5301.257324 0.000000 2711.853027 0.000000 0.170664 0.000000 0.985329 0.739634 0.739634 0.739634
5255.327148 0.000000 2676.456055 0.000000 0.967342 0.000000 -0.253474 0.831478 0.831478 0.831478
5280.979004 0.000000 2691.861328 0.000000 0.511063 0.000000 0.859543 0.741122 0.741122 0.741122
5300.194336 0.000000 2721.240723 0.000000 0.904263 0.000000 -0.426977 0.814273 0.814273 0.814273
5261.541016 0.000000 2678.665039 0.000000 0.694773 0.000000 -0.719229 0.855309 0.855309 0.855309
5297.281738 0.000000 2695.531006 0.000000 0.878732 0.000000 0.477315 0.776447 0.776447 0.776447
5232.172852 0.000000 2683.244141 0.000000 0.453761 0.000000 -0.891123 0.862603 0.862603 0.862603
5253.112793 0.000000 2683.173096 0.000000 0.751013 0.000000 -0.660287 0.827224 0.827224 0.827224
5281.854980 0.000000 2687.241455 0.000000 0.562434 0.000000 -0.826842 0.836163 0.836163 0.836163
5262.766113 0.000000 2675.328613 0.000000 0.364659 0.000000 -0.931141 0.899736 0.899736 0.899736
5274.515625 0.000000 2688.633301 0.000000 0.758485 0.000000 0.651691 0.743861 0.743861 0.743861
5290.808105 0.000000 2682.296631 0.000000 0.868076 0.000000 -0.496432 0.827702 0.827702 0.827702
5249.001953 0.000000 2678.107178 0.000000 0.984158 0.000000 0.177293 0.792952 0.792952 0.792952
5271.889648 0.000000 2681.903809 0.000000 0.453356 0.000000 -0.891330 0.879769 0.879769 0.879769
5252.410156 0.000000 2678.783203 0.000000 0.006617 0.000000 -0.999978 0.954640 0.954640 0.954640
5223.119141 0.000000 2704.270996 0.000000 0.044883 0.000000 -0.998992 0.858514 0.858514 0.858514
5267.549805 0.000000 2703.062256 0.000000 0.776795 0.000000 0.629753 0.766938 0.766938 0.766938
5304.067383 0.000000 2710.440430 0.000000 0.003285 0.000000 -0.999995 0.879833 0.879833 0.879833
5259.816895 0.000000 2692.021240 0.000000 0.997234 0.000000 -0.074322 0.805616 0.805616 0.805616
5237.163086 0.000000 2686.596436 0.000000 0.648034 0.000000 -0.761612 0.849282 0.849282 0.849282
5269.020508 0.000000 2691.062012 0.000000 0.999094 0.000000 0.042548 0.797730 0.797730 0.797730
5258.768555 0.000000 2680.694580 0.000000 0.997859 0.000000 -0.065404 0.803569 0.803569 0.803569
5291.538086 0.000000 2679.215820 0.000000 0.522054 0.000000 -0.852913 0.858147 0.858147 0.858147
5302.251953 0.000000 2714.871094 0.000000 0.745955 0.000000 0.665996 0.758514 0.758514 0.758514
5305.575195 0.000000 2716.569580 0.000000 0.556262 0.000000 -0.831007 0.848194 0.848194 0.848194
5262.614258 0.000000 2690.219238 0.000000 0.997598 0.000000 -0.069277 0.803946 0.803946 0.803946
5286.774902 0.000000 2677.062500 0.000000 0.991562 0.000000 0.129632 0.793379 0.793379 0.793379
5296.306152 0.000000 2701.091064 0.000000 0.789938 0.000000 0.613186 0.765195 0.765195 0.765195
5235.024414 0.000000 2684.082520 0.000000 0.623095 0.000000 -0.782146 0.851121 0.851121 0.851121
5276.250488 0.000000 2686.096191 0.000000 0.733735 0.000000 -0.679436 0.846996 0.846996 0.846996
5219.557617 0.000000 2700.365967 0.000000 0.653974 0.000000 0.756517 0.750649 0.750649 0.750649
5270.866699 0.000000 2684.886719 0.000000 0.613735 0.000000 -0.789512 0.852890 0.852890 0.852890
5267.610840 0.000000 2680.955566 0.000000 0.139948 0.000000 -0.990159 0.893418 0.893418 0.893418
5264.423828 0.000000 2677.363770 0.000000 0.999533 0.000000 -0.030552 0.802215 0.802215 0.802215
5267.217773 0.000000 2678.117432 0.000000 0.569562 0.000000 0.821948 0.729472 0.729472 0.729472
5272.485840 0.000000 2687.148438 0.000000 0.258038 0.000000 0.966135 0.699546 0.699546 0.699546
5392.358887 0.000000 2707.526855 0.000000 0.891863 0.000000 -0.452306 0.800563 0.800563 0.800563
5379.149902 0.000000 2754.073242 0.000000 0.843959 0.000000 -0.536407 0.801696 0.801696 0.801696
5309.933594 0.000000 2676.949219 0.000000 0.501189 0.000000 -0.865338 0.858276 0.858276 0.858276
5375.845703 0.000000 2728.293457 0.000000 0.675667 0.000000 0.737207 0.759273 0.759273 0.759273
5359.733887 0.000000 2769.229004 0.000000 0.873371 0.000000 0.487056 0.771043 0.771043 0.771043
5380.626953 0.000000 2773.378418 0.000000 0.990397 0.000000 -0.138253 0.813712 0.813712 0.813712
5386.836426 0.000000 2683.287598 0.000000 0.992536 0.000000 -0.121954 0.803443 0.803443 0.803443
5360.117188 0.000000 2726.644531 0.000000 0.068356 0.000000 -0.997661 0.928727 0.928727 0.928727
5376.637695 0.000000 2712.344971 0.000000 0.999629 0.000000 -0.027248 0.801061 0.801061 0.801061
5324.593750 0.000000 2682.716309 0.000000 0.574965 0.000000 -0.818178 0.854544 0.854544 0.854544
5386.286621 0.000000 2740.163330 0.000000 0.293348 0.000000 -0.956006 0.812205 0.812205 0.812205
5390.381836 0.000000 2723.229004 0.000000 0.853599 0.000000 0.520930 0.771437 0.771437 0.771437
5371.758301 0.000000 2741.662598 0.000000 0.920032 0.000000 -0.391843 0.810856 0.810856 0.810856
5371.121094 0.000000 2764.178711 0.000000 0.863081 0.000000 0.505066 0.755587 0.755587 0.755587
5320.586914 0.000000 2694.440186 0.000000 0.474988 0.000000 -0.879992 0.828363 0.828363 0.828363
5388.090820 0.000000 2763.675049 0.000000 0.467875 0.000000 0.883795 0.766229 0.766229 0.766229
5388.795410 0.000000 2696.566406 0.000000 0.894282 0.000000 -0.447504 0.826410 0.826410 0.826410
5391.337891 0.000000 2774.524658 0.000000 0.999424 0.000000 0.033951 0.798942 0.798942 0.798942
5367.249023 0.000000 2717.604492 0.000000 0.715151 0.000000 0.698970 0.795363 0.795363 0.795363
5376.351074 0.000000 2685.560303 0.000000 0.479296 0.000000 -0.877653 0.817325 0.817325 0.817325
5355.510742 0.000000 2759.380859 0.000000 0.874670 0.000000 -0.484719 0.809096 0.809096 0.809096
5382.466309 0.000000 2704.229004 0.000000 0.962070 0.000000 0.272803 0.797848 0.797848 0.797848
5385.591309 0.000000 2714.980957 0.000000 0.055913 0.000000 0.998436 0.752802 0.752802 0.752802
5307.235840 0.000000 2719.352539 0.000000 0.514460 0.000000 0.857515 0.780243 0.780243 0.780243
5366.823242 0.000000 2733.609375 0.000000 0.346400 0.000000 -0.938087 0.881674 0.881674 0.881674
5315.726562 0.000000 2685.085693 0.000000 0.999562 0.000000 -0.029605 0.801277 0.801277 0.801277
5361.163574 0.000000 2778.088867 0.000000 0.951727 0.000000 -0.306946 0.803178 0.803178 0.803178
5319.408691 0.000000 2674.697510 0.000000 0.367772 0.000000 0.929916 0.739181 0.739181 0.739181
5384.477539 0.000000 2729.989258 0.000000 0.282083 0.000000 0.959390 0.725326 0.725326 0.725326
5393.365723 0.000000 2731.407227 0.000000 0.968374 0.000000 0.249503 0.792899 0.792899 0.792899
5326.569824 0.000000 2700.622803 0.000000 0.539265 0.000000 -0.842136 0.811998 0.811998 0.811998
5379.840820 0.000000 2764.420898 0.000000 0.650415 0.000000 -0.759579 0.842901 0.842901 0.842901
5378.262695 0.000000 2736.523682 0.000000 0.824940 0.000000 -0.565220 0.834193 0.834193 0.834193
5379.358398 0.000000 2720.405029 0.000000 0.283566 0.000000 -0.958953 0.809227 0.809227 0.809227
5363.358398 0.000000 2761.576416 0.000000 0.859665 0.000000 -0.510859 0.814136 0.814136 0.814136
5381.703613 0.000000 2691.735107 0.000000 0.962181 0.000000 -0.272410 0.811572 0.811572 0.811572
5380.270996 0.000000 2745.707031 0.000000 0.810429 0.000000 0.585836 0.778248 0.778248 0.778248
5331.066406 0.000000 2677.873291 0.000000 0.925436 0.000000 -0.378903 0.824216 0.824216 0.824216
5368.515625 0.000000 2726.111328 0.000000 0.243594 0.000000 0.969877 0.786506 0.786506 0.786506
5354.388184 0.000000 2774.247559 0.000000 0.365888 0.000000 0.930659 0.789249 0.789249 0.789249
5373.644531 0.000000 2770.868896 0.000000 0.433456 0.000000 -0.901175 0.865238 0.865238 0.865238
5325.274902 0.000000 2689.563232 0.000000 0.904672 0.000000 0.426108 0.773362 0.773362 0.773362
5385.831543 0.000000 2777.964355 0.000000 0.983600 0.000000 0.180362 0.789786 0.789786 0.789786
5386.596680 0.000000 2770.056152 0.000000 0.579353 0.000000 -0.815077 0.868511 0.868511 0.868511
5373.014160 0.000000 2721.583984 0.000000 0.111040 0.000000 0.993816 0.716922 0.716922 0.716922
5393.417969 0.000000 2767.517822 0.000000 0.656061 0.000000 0.754708 0.730311 0.730311 0.730311
5354.331055 0.000000 2724.174805 0.000000 0.635206 0.000000 -0.772343 0.811104 0.811104 0.811104
5376.740723 0.000000 2778.134033 0.000000 0.019257 0.000000 -0.999815 0.823241 0.823241 0.823241
5388.366699 0.000000 2702.762695 0.000000 0.778250 0.000000 0.627954 0.766236 0.766236 0.766236
5382.155762 0.000000 2710.130859 0.000000 0.963685 0.000000 0.267042 0.784613 0.784613 0.784613
5391.351562 0.000000 2758.197510 0.000000 0.956559 0.000000 0.291538 0.793796 0.793796 0.793796
5373.086914 0.000000 2733.756348 0.000000 0.807480 0.000000 0.589896 0.775806 0.775806 0.775806
5391.698242 0.000000 2737.223877 0.000000 0.725520 0.000000 0.688202 0.761799 0.761799 0.761799
5306.986816 0.000000 2713.480713 0.000000 0.361899 0.000000 0.932217 0.763316 0.763316 0.763316
5384.019531 0.000000 2750.534424 0.000000 0.918864 0.000000 -0.394574 0.817741 0.817741 0.817741
5315.597656 0.000000 2679.119141 0.000000 0.477189 0.000000 0.878800 0.760770 0.760770 0.760770
5362.977051 0.000000 2721.519043 0.000000 0.359696 0.000000 0.933070 0.727928 0.727928 0.727928
5327.606934 0.000000 2694.993164 0.000000 0.460495 0.000000 -0.887662 0.852355 0.852355 0.852355
5361.160645 0.000000 2732.492188 0.000000 0.982582 0.000000 0.185827 0.793840 0.793840 0.793840
5324.750000 0.000000 2676.733887 0.000000 0.119139 0.000000 -0.992878 0.860004 0.860004 0.860004
5310.487793 0.000000 2682.450928 0.000000 0.515110 0.000000 0.857124 0.758665 0.758665 0.758665
5355.677734 0.000000 2765.068115 0.000000 0.999847 0.000000 -0.017474 0.800544 0.800544 0.800544
5368.251953 0.000000 2759.680908 0.000000 0.982212 0.000000 0.187775 0.794001 0.794001 0.794001
5320.800781 0.000000 2686.831299 0.000000 0.434735 0.000000 -0.900559 0.840974 0.840974 0.840974
5377.011719 0.000000 2741.608643 0.000000 0.099663 0.000000 -0.995021 0.832610 0.832610 0.832610
5386.895508 0.000000 2734.699463 0.000000 0.887111 0.000000 -0.461555 0.827595 0.827595 0.827595
5372.946777 0.000000 2715.876465 0.000000 0.999747 0.000000 -0.022497 0.801281 0.801281 0.801281
5366.998535 0.000000 2739.101807 0.000000 0.447500 0.000000 0.894284 0.751588 0.751588 0.751588
5321.012695 0.000000 2699.672363 0.000000 0.822255 0.000000 -0.569119 0.813059 0.813059 0.813059
5380.576172 0.000000 2726.916992 0.000000 0.990208 0.000000 -0.139599 0.806714 0.806714 0.806714
5385.055176 0.000000 2688.044922 0.000000 0.084960 0.000000 0.996384 0.736795 0.736795 0.736795
5329.906250 0.000000 2683.012939 0.000000 0.510398 0.000000 0.859938 0.744179 0.744179 0.744179
5320.428223 0.000000 2679.646240 0.000000 0.801984 0.000000 0.597345 0.783506 0.783506 0.783506
5379.687500 0.000000 2731.898682 0.000000 0.624259 0.000000 -0.781217 0.850499 0.850499 0.850499
5376.333008 0.000000 2691.529541 0.000000 0.906526 0.000000 0.422150 0.790599 0.790599 0.790599
5380.896973 0.000000 2715.728027 0.000000 0.838760 0.000000 0.544501 0.783785 0.783785 0.783785
5378.144531 0.000000 2768.931396 0.000000 0.930515 0.000000 0.366253 0.768096 0.768096 0.768096
5364.296875 0.000000 2728.928955 0.000000 0.742887 0.000000 0.669417 0.767481 0.767481 0.767481
5362.406738 0.000000 2773.124512 0.000000 0.738641 0.000000 0.674099 0.767201 0.767201 0.767201
5386.636719 0.000000 2692.569336 0.000000 0.997864 0.000000 -0.065333 0.802821 0.802821 0.802821
5380.598145 0.000000 2687.165771 0.000000 0.366179 0.000000 0.930544 0.731928 0.731928 0.731928
5383.932129 0.000000 2766.298828 0.000000 0.779914 0.000000 -0.625886 0.839304 0.839304 0.839304
5354.728027 0.000000 2769.386475 0.000000 0.318565 0.000000 0.947901 0.771617 0.771617 0.771617
5360.018066 0.000000 2764.551270 0.000000 0.970917 0.000000 0.239418 0.790150 0.790150 0.790150
5378.105469 0.000000 2749.712646 0.000000 0.982178 0.000000 -0.187952 0.810649 0.810649 0.810649
5375.748535 0.000000 2762.951416 0.000000 0.874247 0.000000 0.485481 0.772968 0.772968 0.772968
5370.056152 0.000000 2730.240234 0.000000 0.879942 0.000000 0.475082 0.786059 0.786059 0.786059
5370.003418 0.000000 2768.363770 0.000000 0.614476 0.000000 0.788935 0.746620 0.746620 0.746620
5382.540039 0.000000 2735.812500 0.000000 0.483162 0.000000 0.875531 0.734179 0.734179 0.734179
5381.577637 0.000000 2779.013672 0.000000 0.992531 0.000000 -0.121992 0.804177 0.804177 0.804177
5377.221191 0.000000 2724.171143 0.000000 0.452852 0.000000 0.891586 0.751850 0.751850 0.751850
5374.062988 0.000000 2737.972168 0.000000 0.999990 0.000000 0.004484 0.799745 0.799745 0.799745
5392.088379 0.000000 2699.287109 0.000000 0.421703 0.000000 -0.906734 0.836058 0.836058 0.836058
5392.157227 0.000000 2762.412842 0.000000 0.048251 0.000000 -0.998835 0.889401 0.889401 0.889401
5306.972168 0.000000 2680.023193 0.000000 0.051550 0.000000 -0.998670 0.847334 0.847334 0.847334
5359.605957 0.000000 2759.755615 0.000000 0.278936 0.000000 -0.960310 0.845536 0.845536 0.845536
5373.946777 0.000000 2774.953369 0.000000 0.731182 0.000000 -0.682182 0.821142 0.821142 0.821142
5385.184570 0.000000 2773.883057 0.000000 0.032242 0.000000 -0.999480 0.916154 0.916154 0.916154
5374.614746 0.000000 2744.941895 0.000000 0.946140 0.000000 -0.323759 0.809285 0.809285 0.809285
5378.371094 0.000000 2708.596924 0.000000 0.983301 0.000000 0.181988 0.791118 0.791118 0.791118
5376.929688 0.000000 2717.097900 0.000000 0.512705 0.000000 0.858565 0.770306 0.770306 0.770306
5323.886719 0.000000 2696.706787 0.000000 0.991789 0.000000 0.127884 0.793315 0.793315 0.793315
5370.151855 0.000000 2736.487061 0.000000 0.845586 0.000000 -0.533840 0.835766 0.835766 0.835766
5358.416992 0.000000 2774.323730 0.000000 0.840394 0.000000 -0.541975 0.829515 0.829515 0.829515
5374.510742 0.000000 2766.953613 0.000000 0.199782 0.000000 0.979840 0.659667 0.659667 0.659667
5327.291504 0.000000 2686.048828 0.000000 0.929969 0.000000 0.367639 0.786240 0.786240 0.786240
5385.958496 0.000000 2699.484375 0.000000 0.973522 0.000000 0.228593 0.793367 0.793367 0.793367
5327.374023 0.000000 2679.808838 0.000000 0.264608 0.000000 0.964356 0.743788 0.743788 0.743788
5356.155273 0.000000 2727.648926 0.000000 0.972001 0.000000 0.234977 0.790904 0.790904 0.790904
5390.641113 0.000000 2770.531738 0.000000 0.970307 0.000000 0.241875 0.775555 0.775555 0.775555
5372.522949 0.000000 2725.672119 0.000000 0.270356 0.000000 -0.962760 0.872275 0.872275 0.872275
5381.955566 0.000000 2769.600342 0.000000 0.538556 0.000000 -0.842590 0.888261 0.888261 0.888261
5364.778320 0.000000 2724.944580 0.000000 0.630992 0.000000 0.775789 0.761693 0.761693 0.761693
5384.273926 0.000000 2695.531006 0.000000 0.925620 0.000000 0.378454 0.783721 0.783721 0.783721
5377.015625 0.000000 2772.480225 0.000000 0.689481 0.000000 0.724304 0.733508 0.733508 0.733508
5389.590332 0.000000 2767.065674 0.000000 0.898682 0.000000 0.438601 0.777420 0.777420 0.777420
5367.551758 0.000000 2763.171143 0.000000 0.998542 0.000000 -0.053986 0.803042 0.803042 0.803042
5383.416016 0.000000 2684.861328 0.000000 0.829266 0.000000 0.558854 0.770864 0.770864 0.770864
5328.177246 0.000000 2675.920166 0.000000 0.883497 0.000000 -0.468437 0.832132 0.832132 0.832132
5324.488281 0.000000 2693.085693 0.000000 0.403463 0.000000 0.914996 0.734228 0.734228 0.734228
5314.022461 0.000000 2682.134766 0.000000 0.964752 0.000000 -0.263160 0.814679 0.814679 0.814679
5376.502930 0.000000 2733.192139 0.000000 0.988759 0.000000 0.149520 0.792896 0.792896 0.792896
5370.660156 0.000000 2718.403076 0.000000 0.172330 0.000000 0.985039 0.738032 0.738032 0.738032
5371.908203 0.000000 2760.911133 0.000000 0.967452 0.000000 -0.253054 0.811343 0.811343 0.811343
5312.172852 0.000000 2679.388428 0.000000 0.977932 0.000000 -0.208921 0.810845 0.810845 0.810845
5379.535645 0.000000 2776.513184 0.000000 0.195202 0.000000 -0.980763 0.876582 0.876582 0.876582
5357.611816 0.000000 2762.209229 0.000000 0.733380 0.000000 -0.679819 0.839862 0.839862 0.839862
5357.351562 0.000000 2771.294922 0.000000 0.923089 0.000000 -0.384586 0.817030 0.817030 0.817030
5385.204102 0.000000 2711.029785 0.000000 0.087201 0.000000 0.996191 0.724447 0.724447 0.724447
5380.994629 0.000000 2751.458984 0.000000 0.303333 0.000000 0.952885 0.733426 0.733426 0.733426
5360.229492 0.000000 2723.511719 0.000000 0.875277 0.000000 -0.483622 0.846578 0.846578 0.846578
5382.715820 0.000000 2775.910645 0.000000 0.106909 0.000000 0.994269 0.695637 0.695637 0.695637
5388.203125 0.000000 2737.549805 0.000000 0.263567 0.000000 -0.964641 0.866416 0.866416 0.866416
5324.155273 0.000000 2686.596436 0.000000 0.765243 0.000000 0.643742 0.758933 0.758933 0.758933
5384.164062 0.000000 2733.046143 0.000000 0.736939 0.000000 -0.675960 0.839138 0.839138 0.839138
5377.262207 0.000000 2746.705078 0.000000 0.017196 0.000000 0.999852 0.713429 0.713429 0.713429
5392.157715 0.000000 2720.558105 0.000000 0.815982 0.000000 0.578078 0.767870 0.767870 0.767870
5382.889648 0.000000 2713.260010 0.000000 0.490720 0.000000 -0.871317 0.859582 0.859582 0.859582
5306.878418 0.000000 2676.338623 0.000000 0.907324 0.000000 0.420433 0.775301 0.775301 0.775301
5322.465820 0.000000 2674.703125 0.000000 0.818537 0.000000 0.574453 0.765168 0.765168 0.765168
5391.579590 0.000000 2734.118896 0.000000 0.987594 0.000000 -0.157027 0.808975 0.808975 0.808975
5327.260254 0.000000 2691.999268 0.000000 0.038062 0.000000 0.999275 0.722857 0.722857 0.722857
5385.215332 0.000000 2737.282471 0.000000 0.998623 0.000000 -0.052464 0.802830 0.802830 0.802830
5385.525391 0.000000 2727.217529 0.000000 0.479343 0.000000 -0.877628 0.860315 0.860315 0.860315
5389.254395 0.000000 2699.963623 0.000000 0.999187 0.000000 0.040320 0.797704 0.797704 0.797704
5377.146973 0.000000 2765.513184 0.000000 0.912476 0.000000 -0.409130 0.830559 0.830559 0.830559
5366.783691 0.000000 2730.627686 0.000000 0.733200 0.000000 -0.680013 0.838980 0.838980 0.838980
5322.016602 0.000000 2684.082520 0.000000 0.997343 0.000000 0.072843 0.795850 0.795850 0.795850
5361.487305 0.000000 2729.619629 0.000000 0.943750 0.000000 0.330661 0.777990 0.777990 0.777990
5388.236816 0.000000 2772.513184 0.000000 0.836197 0.000000 -0.548429 0.833390 0.833390 0.833390
5368.525879 0.000000 2765.867920 0.000000 0.734051 0.000000 0.679094 0.757059 0.757059 0.757059
5369.642090 0.000000 2733.064697 0.000000 0.299916 0.000000 -0.953966 0.884212 0.884212 0.884212
5381.601074 0.000000 2729.515381 0.000000 0.391885 0.000000 0.920014 0.732809 0.732809 0.732809
5380.353516 0.000000 2767.222412 0.000000 0.116181 0.000000 0.993228 0.705017 0.705017 0.705017
5378.573730 0.000000 2729.072266 0.000000 0.941103 0.000000 -0.338119 0.819633 0.819633 0.819633
5384.111816 0.000000 2771.211670 0.000000 0.410057 0.000000 -0.912060 0.897698 0.897698 0.897698
5377.023926 0.000000 2775.122314 0.000000 0.317144 0.000000 0.948377 0.705775 0.705775 0.705775
5362.766602 0.000000 2726.710938 0.000000 0.561953 0.000000 -0.827169 0.867117 0.867117 0.867117
5422.017090 0.000000 2666.353027 0.000000 0.542643 0.000000 0.839963 0.760565 0.760565 0.760565
5479.351074 0.000000 2600.542480 0.000000 0.594349 0.000000 -0.804208 0.803919 0.803919 0.803919
5420.530762 0.000000 2589.151855 0.000000 0.707709 0.000000 -0.706504 0.815042 0.815042 0.815042
5466.142090 0.000000 2647.088867 0.000000 0.786954 0.000000 -0.617012 0.831475 0.831475 0.831475
5402.551270 0.000000 2607.718750 0.000000 0.986730 0.000000 -0.162369 0.801075 0.801075 0.801075
5446.726074 0.000000 2662.244629 0.000000 0.406798 0.000000 0.913518 0.783436 0.783436 0.783436
5398.904297 0.000000 2658.430176 0.000000 0.874785 0.000000 -0.484512 0.828488 0.828488 0.828488
5415.715820 0.000000 2642.686279 0.000000 0.948960 0.000000 0.315398 0.780582 0.780582 0.780582
5427.323730 0.000000 2608.994141 0.000000 0.899593 0.000000 -0.436730 0.805145 0.805145 0.805145
5439.786621 0.000000 2583.321045 0.000000 0.950088 0.000000 -0.311983 0.811406 0.811406 0.811406
5412.671387 0.000000 2623.877686 0.000000 0.980992 0.000000 -0.194046 0.803744 0.803744 0.803744
5395.484375 0.000000 2591.324219 0.000000 0.143041 0.000000 0.989717 0.767503 0.767503 0.767503
5473.828613 0.000000 2576.303223 0.000000 0.717842 0.000000 -0.696206 0.833222 0.833222 0.833222
5432.004395 0.000000 2651.820801 0.000000 0.769244 0.000000 -0.638956 0.839870 0.839870 0.839870
5463.629883 0.000000 2605.360596 0.000000 0.940912 0.000000 0.338652 0.760669 0.760669 0.760669
5440.350098 0.000000 2568.625732 0.000000 0.913451 0.000000 -0.406949 0.813812 0.813812 0.813812
5433.785156 0.000000 2596.471436 0.000000 0.525214 0.000000 -0.850970 0.818296 0.818296 0.818296
5400.325195 0.000000 2645.209229 0.000000 0.967348 0.000000 -0.253451 0.814279 0.814279 0.814279
5411.950684 0.000000 2656.166748 0.000000 0.393688 0.000000 0.919244 0.753884 0.753884 0.753884
5416.371582 0.000000 2601.648438 0.000000 0.036651 0.000000 0.999328 0.699806 0.699806 0.699806
5399.642090 0.000000 2620.488770 0.000000 0.731468 0.000000 0.681876 0.766282 0.766282 0.766282
5434.168945 0.000000 2668.762939 0.000000 0.078124 0.000000 -0.996944 0.863497 0.863497 0.863497
5452.301758 0.000000 2581.054688 0.000000 0.956993 0.000000 0.290111 0.798765 0.798765 0.798765
5407.579102 0.000000 2587.455811 0.000000 0.930501 0.000000 0.366289 0.783148 0.783148 0.783148
5475.083008 0.000000 2656.690674 0.000000 0.533234 0.000000 -0.845968 0.818126 0.818126 0.818126
5428.930176 0.000000 2639.918213 0.000000 0.966215 0.000000 -0.257736 0.805467 0.805467 0.805467
5406.330078 0.000000 2634.796143 0.000000 0.696511 0.000000 0.717546 0.769791 0.769791 0.769791
5475.787598 0.000000 2589.582031 0.000000 0.832437 0.000000 -0.554120 0.824633 0.824633 0.824633
5446.916504 0.000000 2591.444336 0.000000 0.544782 0.000000 0.838578 0.788080 0.788080 0.788080
5393.738770 0.000000 2580.044189 0.000000 0.289156 0.000000 -0.957282 0.831382 0.831382 0.831382
5406.135254 0.000000 2597.676758 0.000000 0.524879 0.000000 0.851177 0.706656 0.706656 0.706656
5422.523926 0.000000 2655.876221 0.000000 0.448846 0.000000 0.893609 0.694036 0.694036 0.694036
5456.268066 0.000000 2597.686279 0.000000 0.232706 0.000000 0.972547 0.667925 0.667925 0.667925
5442.502930 0.000000 2652.396484 0.000000 0.972833 0.000000 -0.231508 0.801820 0.801820 0.801820
5455.810547 0.000000 2647.441406 0.000000 0.311194 0.000000 0.950346 0.789478 0.789478 0.789478
5467.104004 0.000000 2569.480713 0.000000 0.426040 0.000000 0.904705 0.735640 0.735640 0.735640
5394.365234 0.000000 2667.016357 0.000000 0.536765 0.000000 -0.843732 0.890253 0.890253 0.890253
5394.228027 0.000000 2612.368164 0.000000 0.366980 0.000000 -0.930229 0.868023 0.868023 0.868023
5424.666504 0.000000 2597.360840 0.000000 0.265199 0.000000 0.964194 0.727427 0.727427 0.727427
5402.718750 0.000000 2578.101318 0.000000 0.801823 0.000000 -0.597561 0.806907 0.806907 0.806907
5416.418945 0.000000 2674.524658 0.000000 0.126543 0.000000 -0.991961 0.836336 0.836336 0.836336
5437.529785 0.000000 2660.036133 0.000000 0.506364 0.000000 -0.862320 0.827414 0.827414 0.827414
5396.514160 0.000000 2600.956543 0.000000 0.318080 0.000000 -0.948064 0.867250 0.867250 0.867250
5407.764648 0.000000 2616.274414 0.000000 0.701982 0.000000 0.712194 0.794776 0.794776 0.794776
5394.044922 0.000000 2651.302490 0.000000 0.705708 0.000000 -0.708503 0.814153 0.814153 0.814153
5423.644531 0.000000 2647.322021 0.000000 0.842436 0.000000 0.538797 0.771362 0.771362 0.771362
5413.562012 0.000000 2593.638428 0.000000 0.767859 0.000000 -0.640619 0.845827 0.845827 0.845827
5408.590332 0.000000 2648.551025 0.000000 0.857530 0.000000 0.514433 0.786078 0.786078 0.786078
5428.792480 0.000000 2661.540283 0.000000 0.399131 0.000000 0.916894 0.724226 0.724226 0.724226
5466.350586 0.000000 2613.420654 0.000000 0.194139 0.000000 -0.980974 0.912903 0.912903 0.912903
5405.115234 0.000000 2626.769531 0.000000 0.924239 0.000000 -0.381815 0.825820 0.825820 0.825820
5434.340332 0.000000 2604.688232 0.000000 0.483632 0.000000 0.875271 0.780839 0.780839 0.780839
5406.580566 0.000000 2662.163086 0.000000 0.509433 0.000000 -0.860510 0.822353 0.822353 0.822353
5414.036621 0.000000 2664.423096 0.000000 0.835604 0.000000 0.549332 0.772820 0.772820 0.772820
5394.001953 0.000000 2640.789795 0.000000 0.166531 0.000000 -0.986036 0.816819 0.816819 0.816819
5413.924316 0.000000 2635.184326 0.000000 0.774437 0.000000 0.632651 0.729409 0.729409 0.729409
5399.904785 0.000000 2585.210938 0.000000 0.649637 0.000000 0.760245 0.753943 0.753943 0.753943
5454.103516 0.000000 2589.123047 0.000000 0.479702 0.000000 0.877431 0.746764 0.746764 0.746764
5441.380371 0.000000 2667.263184 0.000000 0.971046 0.000000 0.238893 0.786269 0.786269 0.786269
5416.479004 0.000000 2650.026855 0.000000 0.350307 0.000000 -0.936635 0.843604 0.843604 0.843604
5400.881836 0.000000 2670.612793 0.000000 0.364861 0.000000 -0.931062 0.896131 0.896131 0.896131
5433.168457 0.000000 2568.619873 0.000000 0.380649 0.000000 0.924720 0.743424 0.743424 0.743424
5426.554688 0.000000 2671.954834 0.000000 0.542289 0.000000 0.840192 0.746202 0.746202 0.746202
5442.410156 0.000000 2576.522461 0.000000 0.406008 0.000000 -0.913869 0.831771 0.831771 0.831771
5460.679688 0.000000 2641.927490 0.000000 0.808198 0.000000 -0.588911 0.809433 0.809433 0.809433
5405.188477 0.000000 2654.668213 0.000000 0.918239 0.000000 -0.396027 0.832936 0.832936 0.832936
5407.053711 0.000000 2641.669434 0.000000 0.936441 0.000000 -0.350826 0.823840 0.823840 0.823840
5477.103516 0.000000 2582.559082 0.000000 0.898280 0.000000 -0.439423 0.825079 0.825079 0.825079
5412.267090 0.000000 2582.578857 0.000000 0.892536 0.000000 -0.450976 0.813456 0.813456 0.813456
5462.887207 0.000000 2598.258545 0.000000 0.281645 0.000000 -0.959519 0.847747 0.847747 0.847747
5402.427734 0.000000 2592.124756 0.000000 0.389272 0.000000 -0.921123 0.854023 0.854023 0.854023
5456.985840 0.000000 2604.547363 0.000000 0.178248 0.000000 -0.983986 0.870873 0.870873 0.870873
5400.168945 0.000000 2638.311279 0.000000 0.083506 0.000000 0.996507 0.775050 0.775050 0.775050
5422.113281 0.000000 2640.197021 0.000000 0.162917 0.000000 0.986640 0.722433 0.722433 0.722433
5480.410156 0.000000 2660.533447 0.000000 0.216311 0.000000 0.976325 0.731915 0.731915 0.731915
5461.480957 0.000000 2651.709229 0.000000 0.981691 0.000000 0.190479 0.795177 0.795177 0.795177
5446.550293 0.000000 2584.690186 0.000000 0.886842 0.000000 0.462073 0.772659 0.772659 0.772659
5427.854492 0.000000 2602.713135 0.000000 0.464093 0.000000 0.885787 0.766095 0.766095 0.766095
5400.330078 0.000000 2613.823486 0.000000 0.902240 0.000000 0.431234 0.792787 0.792787 0.792787
5450.324707 0.000000 2596.922852 0.000000 0.978861 0.000000 0.204525 0.791731 0.791731 0.791731
5410.548828 0.000000 2629.618408 0.000000 0.954879 0.000000 -0.296995 0.833244 0.833244 0.833244
5400.781738 0.000000 2664.505371 0.000000 0.687991 0.000000 -0.725719 0.810218 0.810218 0.810218
5426.427734 0.000000 2591.480957 0.000000 0.098934 0.000000 -0.995094 0.818518 0.818518 0.818518
5479.183594 0.000000 2573.606934 0.000000 0.570432 0.000000 -0.821345 0.821943 0.821943 0.821943
5417.333496 0.000000 2659.106934 0.000000 0.913457 0.000000 -0.406935 0.809040 0.809040 0.809040
5429.665039 0.000000 2646.019287 0.000000 0.159150 0.000000 0.987254 0.717995 0.717995 0.717995
5393.979004 0.000000 2606.496338 0.000000 0.689223 0.000000 -0.724549 0.838359 0.838359 0.838359
5400.094727 0.000000 2651.459473 0.000000 0.926733 0.000000 0.375721 0.789153 0.789153 0.789153
5419.050781 0.000000 2595.690674 0.000000 0.331888 0.000000 0.943319 0.723199 0.723199 0.723199
5471.429199 0.000000 2616.930420 0.000000 0.952208 0.000000 0.305450 0.793304 0.793304 0.793304
5414.599121 0.000000 2588.008789 0.000000 0.696153 0.000000 -0.717893 0.847980 0.847980 0.847980
5410.063965 0.000000 2601.742188 0.000000 0.982303 0.000000 -0.187300 0.810273 0.810273 0.810273
5468.373535 0.000000 2574.961182 0.000000 0.989214 0.000000 0.146477 0.794979 0.794979 0.794979
5437.015625 0.000000 2654.390869 0.000000 0.858100 0.000000 -0.513482 0.829725 0.829725 0.829725
5438.818848 0.000000 2672.572510 0.000000 0.157903 0.000000 -0.987455 0.856693 0.856693 0.856693
5400.537109 0.000000 2597.335205 0.000000 0.465230 0.000000 -0.885190 0.872288 0.872288 0.872288
5442.669922 0.000000 2658.083740 0.000000 0.371312 0.000000 0.928508 0.747220 0.747220 0.747220
5428.764160 0.000000 2667.004639 0.000000 0.624168 0.000000 -0.781290 0.844595 0.844595 0.844595
5428.056641 0.000000 2655.875732 0.000000 0.439976 0.000000 0.898010 0.676381 0.676381 0.676381
5405.420898 0.000000 2621.064697 0.000000 0.953845 0.000000 -0.300300 0.819737 0.819737 0.819737
5457.967285 0.000000 2592.674316 0.000000 0.015580 0.000000 -0.999879 0.887593 0.887593 0.887593
5404.804199 0.000000 2602.797119 0.000000 0.055020 0.000000 -0.998485 0.859033 0.859033 0.859033
5395.062500 0.000000 2646.209473 0.000000 0.165136 0.000000 -0.986271 0.857241 0.857241 0.857241
5415.786133 0.000000 2629.221436 0.000000 0.991867 0.000000 0.127276 0.793500 0.793500 0.793500
5416.189453 0.000000 2669.158936 0.000000 0.627658 0.000000 0.778489 0.777546 0.777546 0.777546
5393.798828 0.000000 2596.160889 0.000000 0.611516 0.000000 0.791232 0.748588 0.748588 0.748588
5422.365723 0.000000 2661.188721 0.000000 0.747333 0.000000 -0.664449 0.830482 0.830482 0.830482
5468.059082 0.000000 2652.167236 0.000000 0.724769 0.000000 0.688992 0.784060 0.784060 0.784060
5459.938965 0.000000 2608.892090 0.000000 0.947856 0.000000 -0.318697 0.808357 0.808357 0.808357
5408.004883 0.000000 2592.687988 0.000000 0.990360 0.000000 -0.138517 0.806578 0.806578 0.806578
5421.631348 0.000000 2601.552979 0.000000 0.990408 0.000000 -0.138176 0.802907 0.802907 0.802907
5452.716797 0.000000 2601.451172 0.000000 0.999642 0.000000 -0.026744 0.801010 0.801010 0.801010
5433.163574 0.000000 2657.575684 0.000000 0.209933 0.000000 -0.977716 0.835836 0.835836 0.835836
5471.919434 0.000000 2571.407959 0.000000 0.530453 0.000000 0.847714 0.743627 0.743627 0.743627
5395.649414 0.000000 2662.209473 0.000000 0.742571 0.000000 0.669768 0.712054 0.712054 0.712054
5472.047363 0.000000 2581.060547 0.000000 0.902163 0.000000 -0.431396 0.813630 0.813630 0.813630
5418.732910 0.000000 2636.530029 0.000000 0.753000 0.000000 0.658020 0.759120 0.759120 0.759120
5411.472168 0.000000 2639.526367 0.000000 0.886549 0.000000 -0.462634 0.836023 0.836023 0.836023
5426.172363 0.000000 2651.459961 0.000000 0.101917 0.000000 0.994793 0.615199 0.615199 0.615199
5411.060059 0.000000 2644.390137 0.000000 0.359293 0.000000 0.933225 0.744485 0.744485 0.744485
5397.935059 0.000000 2609.292969 0.000000 0.998875 0.000000 0.047412 0.798238 0.798238 0.798238
5394.857422 0.000000 2655.936279 0.000000 0.698493 0.000000 -0.715617 0.819592 0.819592 0.819592
5467.889160 0.000000 2608.743652 0.000000 0.471434 0.000000 -0.881901 0.908055 0.908055 0.908055
5404.273926 0.000000 2583.265137 0.000000 0.197862 0.000000 -0.980230 0.876431 0.876431 0.876431
5429.065430 0.000000 2595.399902 0.000000 0.901391 0.000000 0.433007 0.781754 0.781754 0.781754
5470.945801 0.000000 2612.322998 0.000000 0.957272 0.000000 0.289190 0.789980 0.789980 0.789980
5400.550781 0.000000 2625.032715 0.000000 0.824097 0.000000 -0.566449 0.832834 0.832834 0.832834
5411.009766 0.000000 2660.730957 0.000000 0.464726 0.000000 0.885455 0.738100 0.738100 0.738100
5419.096680 0.000000 2646.137451 0.000000 0.000178 0.000000 1.000000 0.708716 0.708716 0.708716
5398.232422 0.000000 2580.663574 0.000000 0.150355 0.000000 -0.988632 0.860403 0.860403 0.860403
5400.239746 0.000000 2603.677246 0.000000 0.771681 0.000000 0.636010 0.763241 0.763241 0.763241
5443.892090 0.000000 2580.974854 0.000000 0.607165 0.000000 -0.794576 0.852271 0.852271 0.852271
5439.048828 0.000000 2573.014160 0.000000 0.999991 0.000000 -0.004237 0.800135 0.800135 0.800135
5425.804688 0.000000 2643.358154 0.000000 0.838772 0.000000 0.544483 0.768606 0.768606 0.768606
5431.964355 0.000000 2600.727539 0.000000 0.780742 0.000000 -0.624854 0.838419 0.838419 0.838419
5473.628906 0.000000 2585.584961 0.000000 0.923058 0.000000 0.384660 0.782730 0.782730 0.782730
5420.886719 0.000000 2651.239746 0.000000 0.579502 0.000000 0.814970 0.704103 0.704103 0.704103
5436.129883 0.000000 2649.664795 0.000000 0.195022 0.000000 0.980799 0.760469 0.760469 0.760469
5410.540527 0.000000 2597.209717 0.000000 0.895266 0.000000 0.445532 0.754625 0.754625 0.754625
5437.797852 0.000000 2579.317139 0.000000 0.985434 0.000000 0.170057 0.792116 0.792116 0.792116
5431.113770 0.000000 2672.170898 0.000000 0.960827 0.000000 -0.277149 0.815985 0.815985 0.815985
5441.720215 0.000000 2662.402100 0.000000 0.491815 0.000000 0.870700 0.739856 0.739856 0.739856
5443.274414 0.000000 2671.419678 0.000000 0.728742 0.000000 0.684789 0.773786 0.773786 0.773786
5451.051758 0.000000 2585.469727 0.000000 0.351637 0.000000 0.936137 0.737574 0.737574 0.737574
5403.439453 0.000000 2658.770020 0.000000 0.672061 0.000000 0.740496 0.754537 0.754537 0.754537
5431.710938 0.000000 2608.321533 0.000000 0.501927 0.000000 -0.864910 0.826923 0.826923 0.826923
5453.405273 0.000000 2593.671387 0.000000 0.124251 0.000000 -0.992251 0.927381 0.927381 0.927381
5418.504883 0.000000 2663.708008 0.000000 0.999248 0.000000 -0.038782 0.801929 0.801929 0.801929
5462.843262 0.000000 2567.712891 0.000000 0.945503 0.000000 0.325613 0.790263 0.790263 0.790263
5464.213379 0.000000 2617.186768 0.000000 0.336168 0.000000 -0.941802 0.835316 0.835316 0.835316
5460.144531 0.000000 2647.380859 0.000000 0.885532 0.000000 0.464578 0.772498 0.772498 0.772498
5460.532715 0.000000 2601.791016 0.000000 0.930144 0.000000 -0.367196 0.837622 0.837622 0.837622
5403.042969 0.000000 2617.260498 0.000000 0.890892 0.000000 -0.454215 0.814408 0.814408 0.814408
5403.360840 0.000000 2587.927002 0.000000 0.583645 0.000000 0.812009 0.765366 0.765366 0.765366
5479.080566 0.000000 2592.302734 0.000000 0.310119 0.000000 0.950698 0.726280 0.726280 0.726280
5479.149414 0.000000 2655.428467 0.000000 0.966492 0.000000 -0.256698 0.810266 0.810266 0.810266
5479.003906 0.000000 2586.511963 0.000000 0.917958 0.000000 -0.396677 0.821996 0.821996 0.821996
5478.251953 0.000000 2578.445068 0.000000 0.800418 0.000000 -0.599442 0.836974 0.836974 0.836974
5422.706055 0.000000 2593.526367 0.000000 0.896774 0.000000 0.442490 0.779127 0.779127 0.779127
5402.707031 0.000000 2641.657959 0.000000 0.179415 0.000000 0.983773 0.728354 0.728354 0.728354
5407.951660 0.000000 2657.869873 0.000000 0.200507 0.000000 0.979692 0.688450 0.688450 0.688450
5465.363281 0.000000 2601.612549 0.000000 0.257445 0.000000 0.966293 0.758386 0.758386 0.758386
5425.479004 0.000000 2664.094238 0.000000 0.413016 0.000000 -0.910724 0.862432 0.862432 0.862432
5463.921875 0.000000 2610.113525 0.000000 0.904133 0.000000 0.427251 0.768259 0.768259 0.768259
5408.437988 0.000000 2623.858643 0.000000 0.457563 0.000000 0.889177 0.759302 0.759302 0.759302
5415.091309 0.000000 2597.605957 0.000000 0.994160 0.000000 0.107917 0.789893 0.789893 0.789893
5416.956055 0.000000 2591.341553 0.000000 0.173568 0.000000 0.984822 0.697929 0.697929 0.697929
5410.878906 0.000000 2589.722412 0.000000 0.992293 0.000000 0.123915 0.794640 0.794640 0.794640
5445.409180 0.000000 2667.339355 0.000000 0.486336 0.000000 -0.873772 0.841396 0.841396 0.841396
5397.673828 0.000000 2616.883057 0.000000 0.599597 0.000000 0.800302 0.747189 0.747189 0.747189
5397.886719 0.000000 2642.098877 0.000000 0.466377 0.000000 0.884586 0.751215 0.751215 0.751215
5398.489258 0.000000 2593.942627 0.000000 0.416436 0.000000 0.909165 0.743927 0.743927 0.743927
5410.347656 0.000000 2633.551025 0.000000 0.298880 0.000000 0.954291 0.655730 0.655730 0.655730
5414.689941 0.000000 2646.502197 0.000000 0.944974 0.000000 0.327147 0.786621 0.786621 0.786621
5398.119629 0.000000 2667.826904 0.000000 0.644884 0.000000 0.764281 0.750483 0.750483 0.750483
5404.860352 0.000000 2638.419434 0.000000 0.556998 0.000000 -0.830514 0.833471 0.833471 0.833471
5425.766602 0.000000 2659.069580 0.000000 0.731656 0.000000 -0.681674 0.874152 0.874152 0.874152
5475.456055 0.000000 2572.784424 0.000000 0.957078 0.000000 -0.289830 0.813919 0.813919 0.813919
5435.525391 0.000000 2571.680664 0.000000 0.024211 0.000000 0.999707 0.731427 0.731427 0.731427
5401.077637 0.000000 2655.206543 0.000000 0.160895 0.000000 -0.986972 0.875147 0.875147 0.875147
5450.647461 0.000000 2590.722412 0.000000 0.328963 0.000000 -0.944343 0.890320 0.890320 0.890320
5406.135742 0.000000 2645.619141 0.000000 0.674753 0.000000 0.738044 0.749264 0.749264 0.749264
5425.241211 0.000000 2668.363525 0.000000 0.639374 0.000000 -0.768896 0.836788 0.836788 0.836788
5408.915039 0.000000 2653.695312 0.000000 0.825578 0.000000 0.564288 0.769464 0.769464 0.769464
5459.754395 0.000000 2595.999756 0.000000 0.356000 0.000000 0.934486 0.735645 0.735645 0.735645
5417.020996 0.000000 2632.992188 0.000000 0.903699 0.000000 -0.428168 0.815642 0.815642 0.815642
5415.385254 0.000000 2638.795410 0.000000 0.282133 0.000000 0.959375 0.717631 0.717631 0.717631
5397.673340 0.000000 2672.802490 0.000000 0.203593 0.000000 0.979056 0.706710 0.706710 0.706710
5408.773438 0.000000 2583.777588 0.000000 0.447868 0.000000 -0.894099 0.852372 0.852372 0.852372
5428.629883 0.000000 2599.083252 0.000000 0.802914 0.000000 0.596095 0.763648 0.763648 0.763648
5469.798828 0.000000 2647.045166 0.000000 0.916484 0.000000 -0.400071 0.815783 0.815783 0.815783
5398.243652 0.000000 2648.201416 0.000000 0.212067 0.000000 -0.977255 0.863425 0.863425 0.863425
5421.889160 0.000000 2643.805176 0.000000 0.970355 0.000000 -0.241683 0.809653 0.809653 0.809653
5448.275391 0.000000 2587.990723 0.000000 0.471325 0.000000 0.881960 0.738525 0.738525 0.738525
5436.750488 0.000000 2568.344238 0.000000 0.985788 0.000000 -0.167994 0.809608 0.809608 0.809608
5396.523438 0.000000 2583.993652 0.000000 0.662244 0.000000 -0.749288 0.848212 0.848212 0.848212
5430.797363 0.000000 2604.803223 0.000000 0.899751 0.000000 -0.436403 0.825705 0.825705 0.825705
5435.374023 0.000000 2672.020752 0.000000 0.965074 0.000000 0.261978 0.785865 0.785865 0.785865
5408.434570 0.000000 2637.824707 0.000000 0.996796 0.000000 0.079988 0.794579 0.794579 0.794579
5418.940430 0.000000 2599.257568 0.000000 0.743233 0.000000 0.669033 0.753452 0.753452 0.753452
5440.414551 0.000000 2655.348633 0.000000 0.353992 0.000000 -0.935248 0.847084 0.847084 0.847084
5401.882324 0.000000 2600.590820 0.000000 0.999950 0.000000 -0.009955 0.800626 0.800626 0.800626
5397.103516 0.000000 2597.286621 0.000000 0.894520 0.000000 0.447028 0.775842 0.775842 0.775842
5403.597656 0.000000 2595.316895 0.000000 1.000000 0.000000 -0.000486 0.800032 0.800032 0.800032
5462.952637 0.000000 2645.397461 0.000000 0.082743 0.000000 0.996571 0.734026 0.734026 0.734026
5397.265625 0.000000 2605.478027 0.000000 0.751796 0.000000 0.659395 0.762036 0.762036 0.762036
5411.480469 0.000000 2586.101318 0.000000 0.971435 0.000000 -0.237307 0.813638 0.813638 0.813638
5414.477539 0.000000 2661.019043 0.000000 0.087704 0.000000 -0.996147 0.873750 0.873750 0.873750
5464.872070 0.000000 2650.263672 0.000000 0.825840 0.000000 0.563905 0.773436 0.773436 0.773436
5418.674805 0.000000 2640.531006 0.000000 0.948077 0.000000 0.318041 0.781965 0.781965 0.781965
5456.524414 0.000000 2601.151367 0.000000 0.996472 0.000000 -0.083924 0.808407 0.808407 0.808407
5406.211914 0.000000 2651.232666 0.000000 0.521998 0.000000 -0.852947 0.851418 0.851418 0.851418
5437.528809 0.000000 2669.382568 0.000000 0.362009 0.000000 -0.932175 0.861135 0.861135 0.861135
5429.450684 0.000000 2649.481689 0.000000 0.255722 0.000000 0.966750 0.708011 0.708011 0.708011
5425.424805 0.000000 2638.826660 0.000000 0.318508 0.000000 0.947920 0.733521 0.733521 0.733521
5467.810059 0.000000 2616.492676 0.000000 0.992821 0.000000 -0.119607 0.804885 0.804885 0.804885
5413.196777 0.000000 2600.502197 0.000000 0.571124 0.000000 -0.820864 0.855965 0.855965 0.855965
5475.055176 0.000000 2579.541992 0.000000 0.806899 0.000000 -0.590689 0.828775 0.828775 0.828775
5413.887695 0.000000 2631.889648 0.000000 0.999998 0.000000 -0.001815 0.800179 0.800179 0.800179
5413.059570 0.000000 2627.342041 0.000000 0.571452 0.000000 -0.820635 0.872666 0.872666 0.872666
5430.009277 0.000000 2658.451660 0.000000 0.827612 0.000000 -0.561301 0.829638 0.829638 0.829638
5463.132812 0.000000 2613.734863 0.000000 0.963486 0.000000 0.267759 0.788469 0.788469 0.788469
5393.911621 0.000000 2603.122803 0.000000 0.733353 0.000000 -0.679848 0.841656 0.841656 0.841656
5395.702148 0.000000 2670.229492 0.000000 0.834383 0.000000 -0.551185 0.825185 0.825185 0.825185
5402.003418 0.000000 2628.087402 0.000000 0.996642 0.000000 -0.081885 0.803487 0.803487 0.803487
5402.234863 0.000000 2622.370361 0.000000 0.984298 0.000000 0.176513 0.785647 0.785647 0.785647
5431.074219 0.000000 2654.817139 0.000000 0.809235 0.000000 0.587486 0.757860 0.757860 0.757860
5397.354492 0.000000 2612.822266 0.000000 0.486550 0.000000 -0.873653 0.856668 0.856668 0.856668
5408.210938 0.000000 2627.453369 0.000000 0.521444 0.000000 -0.853286 0.887588 0.887588 0.887588
5440.916504 0.000000 2579.887695 0.000000 0.952090 0.000000 0.305819 0.782681 0.782681 0.782681
5459.970703 0.000000 2605.633789 0.000000 0.080422 0.000000 0.996761 0.668738 0.668738 0.668738
5403.190430 0.000000 2652.172119 0.000000 0.373014 0.000000 0.927826 0.741605 0.741605 0.741605
5466.740234 0.000000 2605.753418 0.000000 0.797087 0.000000 0.603865 0.764261 0.764261 0.764261
5432.593750 0.000000 2648.752197 0.000000 0.050933 0.000000 0.998702 0.728970 0.728970 0.728970
5394.695801 0.000000 2659.221924 0.000000 0.795382 0.000000 0.606108 0.756303 0.756303 0.756303
5426.786133 0.000000 2647.114014 0.000000 0.845510 0.000000 0.533960 0.764900 0.764900 0.764900
5408.040527 0.000000 2631.587891 0.000000 0.630374 0.000000 0.776291 0.714797 0.714797 0.714797
5407.176758 0.000000 2600.567871 0.000000 0.467869 0.000000 0.883798 0.734405 0.734405 0.734405
5458.996094 0.000000 2599.159424 0.000000 0.113268 0.000000 -0.993564 0.943199 0.943199 0.943199
5426.160156 0.000000 2594.524902 0.000000 0.400991 0.000000 -0.916082 0.865232 0.865232 0.865232
5419.948730 0.000000 2592.251709 0.000000 0.999484 0.000000 -0.032111 0.802097 0.802097 0.802097
5395.028809 0.000000 2615.271484 0.000000 0.411497 0.000000 -0.911411 0.865272 0.865272 0.865272
5397.530273 0.000000 2664.859619 0.000000 0.584008 0.000000 0.811748 0.725658 0.725658 0.725658
5421.699219 0.000000 2637.094482 0.000000 0.921981 0.000000 0.387236 0.777605 0.777605 0.777605
5421.450684 0.000000 2597.568359 0.000000 0.901977 0.000000 -0.431784 0.823006 0.823006 0.823006
5410.658691 0.000000 2594.210449 0.000000 0.167655 0.000000 -0.985846 0.915114 0.915114 0.915114
5476.839844 0.000000 2575.828125 0.000000 0.938258 0.000000 0.345935 0.780952 0.780952 0.780952
5411.108398 0.000000 2636.487061 0.000000 0.641298 0.000000 0.767292 0.720870 0.720870 0.720870
5479.636230 0.000000 2589.394531 0.000000 0.365022 0.000000 0.930999 0.716077 0.716077 0.716077
5439.193848 0.000000 2652.392578 0.000000 0.848194 0.000000 0.529685 0.771570 0.771570 0.771570
5434.044434 0.000000 2653.971191 0.000000 0.532892 0.000000 0.846183 0.742579 0.742579 0.742579
5428.951660 0.000000 2670.157471 0.000000 0.465357 0.000000 0.885123 0.738140 0.738140 0.738140
5438.101562 0.000000 2657.186523 0.000000 0.978926 0.000000 -0.204213 0.812199 0.812199 0.812199
5468.832520 0.000000 2571.979248 0.000000 0.624011 0.000000 0.781416 0.748945 0.748945 0.748945
5416.455078 0.000000 2594.218506 0.000000 0.364450 0.000000 0.931223 0.707422 0.707422 0.707422
5453.085938 0.000000 2598.070801 0.000000 0.909810 0.000000 0.415025 0.775383 0.775383 0.775383
5403.285156 0.000000 2644.951172 0.000000 0.170333 0.000000 -0.985387 0.876314 0.876314 0.876314
5410.592285 0.000000 2625.816406 0.000000 0.743665 0.000000 0.668553 0.755686 0.755686 0.755686
5450.416504 0.000000 2593.621826 0.000000 0.701765 0.000000 -0.712408 0.853686 0.853686 0.853686
5404.868164 0.000000 2623.917236 0.000000 0.965265 0.000000 0.261273 0.778301 0.778301 0.778301
5420.242188 0.000000 2654.101318 0.000000 0.227778 0.000000 0.973713 0.694743 0.694743 0.694743
5412.818848 0.000000 2642.225342 0.000000 0.589530 0.000000 -0.807747 0.852961 0.852961 0.852961
5455.916504 0.000000 2594.900391 0.000000 0.981895 0.000000 0.189427 0.783899 0.783899 0.783899
5420.994629 0.000000 2648.170166 0.000000 0.940251 0.000000 -0.340481 0.827270 0.827270 0.827270
5408.140625 0.000000 2595.548096 0.000000 0.814107 0.000000 0.580715 0.750624 0.750624 0.750624
5409.788574 0.000000 2641.955811 0.000000 0.865277 0.000000 -0.501293 0.833664 0.833664 0.833664
5455.385254 0.000000 2591.631592 0.000000 0.999109 0.000000 0.042201 0.797041 0.797041 0.797041
5468.388672 0.000000 2611.456299 0.000000 0.311815 0.000000 0.950143 0.707605 0.707605 0.707605
5418.288574 0.000000 2652.022217 0.000000 0.146269 0.000000 -0.989245 0.896414 0.896414 0.896414
5403.151855 0.000000 2597.955322 0.000000 0.702237 0.000000 0.711943 0.738289 0.738289 0.738289
5405.532227 0.000000 2657.155518 0.000000 0.555437 0.000000 -0.831559 0.881190 0.881190 0.881190
5404.866699 0.000000 2643.055908 0.000000 0.140249 0.000000 -0.990116 0.908822 0.908822 0.908822
5566.343262 0.000000 2600.542480 0.000000 0.379730 0.000000 0.925097 0.744084 0.744084 0.744084
5553.134277 0.000000 2647.088867 0.000000 0.866022 0.000000 0.500006 0.765804 0.765804 0.765804
5534.183594 0.000000 2602.222900 0.000000 0.909809 0.000000 0.415027 0.781794 0.781794 0.781794
5489.543457 0.000000 2607.718750 0.000000 0.227883 0.000000 -0.973689 0.830530 0.830530 0.830530
5549.830078 0.000000 2621.309082 0.000000 0.083167 0.000000 0.996536 0.690372 0.690372 0.690372
5533.718262 0.000000 2662.244629 0.000000 0.886149 0.000000 0.463400 0.791628 0.791628 0.791628
5485.896484 0.000000 2658.430176 0.000000 0.918805 0.000000 0.394711 0.782982 0.782982 0.782982
5502.708008 0.000000 2642.686279 0.000000 0.829257 0.000000 -0.558867 0.815279 0.815279 0.815279
5526.778809 0.000000 2583.321045 0.000000 0.991553 0.000000 -0.129702 0.806546 0.806546 0.806546
5554.611328 0.000000 2666.394043 0.000000 0.987260 0.000000 0.159117 0.795883 0.795883 0.795883
5499.663574 0.000000 2623.877686 0.000000 0.845597 0.000000 0.533821 0.767947 0.767947 0.767947
5482.476562 0.000000 2591.324219 0.000000 0.286824 0.000000 -0.957983 0.862117 0.862117 0.862117
5550.622070 0.000000 2605.360596 0.000000 0.995938 0.000000 0.090046 0.796380 0.796380 0.796380
5560.270996 0.000000 2633.178955 0.000000 0.987053 0.000000 0.160396 0.791410 0.791410 0.791410
5564.366211 0.000000 2616.244629 0.000000 0.984410 0.000000 -0.175891 0.808157 0.808157 0.808157
5495.373047 0.000000 2669.807373 0.000000 0.561304 0.000000 0.827610 0.776052 0.776052 0.776052
5562.075195 0.000000 2656.690674 0.000000 0.073807 0.000000 -0.997272 0.887001 0.887001 0.887001
5515.922363 0.000000 2639.918213 0.000000 0.982118 0.000000 -0.188269 0.810781 0.810781 0.810781
5493.322266 0.000000 2634.796143 0.000000 0.716970 0.000000 0.697104 0.763488 0.763488 0.763488
5562.779785 0.000000 2589.582031 0.000000 0.850120 0.000000 0.526588 0.786376 0.786376 0.786376
5507.677246 0.000000 2631.837158 0.000000 0.484113 0.000000 -0.875006 0.805746 0.805746 0.805746
5503.245117 0.000000 2613.247559 0.000000 0.319237 0.000000 0.947675 0.789549 0.789549 0.789549
5565.322266 0.000000 2667.540283 0.000000 0.330705 0.000000 -0.943734 0.877619 0.877619 0.877619
5541.233398 0.000000 2610.620117 0.000000 0.929587 0.000000 -0.368604 0.821488 0.821488 0.821488
5533.908691 0.000000 2591.444336 0.000000 0.433489 0.000000 0.901159 0.714589 0.714589 0.714589
5480.730957 0.000000 2580.044189 0.000000 0.058092 0.000000 -0.998311 0.854381 0.854381 0.854381
5563.991699 0.000000 2644.183350 0.000000 0.137097 0.000000 0.990558 0.735592 0.735592 0.735592
5509.516113 0.000000 2655.876221 0.000000 0.995430 0.000000 -0.095497 0.801089 0.801089 0.801089
5543.260254 0.000000 2597.686279 0.000000 0.355558 0.000000 0.934654 0.739960 0.739960 0.739960
5556.450684 0.000000 2597.244629 0.000000 0.915790 0.000000 0.401656 0.776473 0.776473 0.776473
5559.575684 0.000000 2607.996582 0.000000 0.945291 0.000000 0.326227 0.790642 0.790642 0.790642
5503.411133 0.000000 2674.524658 0.000000 0.617833 0.000000 -0.786309 0.811927 0.811927 0.811927
5535.147949 0.000000 2671.104492 0.000000 0.959060 0.000000 -0.283205 0.806366 0.806366 0.806366
5524.521973 0.000000 2660.036133 0.000000 0.719736 0.000000 -0.694248 0.843680 0.843680 0.843680
5483.506348 0.000000 2600.956543 0.000000 0.999998 0.000000 0.001975 0.799930 0.799930 0.799930
5494.756836 0.000000 2616.274414 0.000000 0.485160 0.000000 -0.874425 0.858665 0.858665 0.858665
5558.461914 0.000000 2623.004883 0.000000 0.994447 0.000000 -0.105239 0.803348 0.803348 0.803348
5518.660156 0.000000 2587.681885 0.000000 0.282863 0.000000 0.959160 0.734605 0.734605 0.734605
5567.350098 0.000000 2624.422852 0.000000 0.927732 0.000000 -0.373248 0.809626 0.809626 0.809626
5552.247070 0.000000 2629.539307 0.000000 0.816720 0.000000 -0.577034 0.832801 0.832801 0.832801
5554.255371 0.000000 2638.722656 0.000000 0.823956 0.000000 -0.566654 0.832487 0.832487 0.832487
5497.766602 0.000000 2607.506836 0.000000 0.999274 0.000000 0.038089 0.797831 0.797831 0.797831
5542.500000 0.000000 2619.126953 0.000000 0.102467 0.000000 0.994736 0.712912 0.712912 0.712912
5500.916504 0.000000 2635.184326 0.000000 0.740878 0.000000 -0.671640 0.875452 0.875452 0.875452
5486.896973 0.000000 2585.210938 0.000000 0.600307 0.000000 0.799769 0.772786 0.772786 0.772786
5526.417969 0.000000 2591.332275 0.000000 0.999995 0.000000 -0.003249 0.800302 0.800302 0.800302
5528.372559 0.000000 2667.263184 0.000000 0.683406 0.000000 0.730039 0.753417 0.753417 0.753417
5503.471191 0.000000 2650.026855 0.000000 0.121468 0.000000 0.992595 0.717519 0.717519 0.717519
5487.874023 0.000000 2670.612793 0.000000 0.654679 0.000000 -0.755907 0.821054 0.821054 0.821054
5559.657715 0.000000 2649.595459 0.000000 0.753289 0.000000 0.657690 0.725171 0.725171 0.725171
5494.045898 0.000000 2641.669434 0.000000 0.116641 0.000000 -0.993174 0.819165 0.819165 0.819165
5549.879395 0.000000 2598.258545 0.000000 0.992326 0.000000 -0.123648 0.802228 0.802228 0.802228
5489.419922 0.000000 2592.124756 0.000000 0.733971 0.000000 -0.679181 0.812079 0.812079 0.812079
5543.978027 0.000000 2604.547363 0.000000 0.298894 0.000000 -0.954286 0.857707 0.857707 0.857707
5559.815918 0.000000 2670.979980 0.000000 0.912419 0.000000 -0.409256 0.818947 0.818947 0.818947
5560.581055 0.000000 2663.071777 0.000000 0.475970 0.000000 -0.879461 0.845076 0.845076 0.845076
5509.105469 0.000000 2640.197021 0.000000 0.218712 0.000000 0.975789 0.753883 0.753883 0.753883
5546.998535 0.000000 2614.599609 0.000000 0.834546 0.000000 0.550938 0.767137 0.767137 0.767137
5567.402344 0.000000 2660.533447 0.000000 0.833837 0.000000 -0.552010 0.833987 0.833987 0.833987
5564.652832 0.000000 2637.444824 0.000000 0.717720 0.000000 0.696332 0.756155 0.756155 0.756155
5537.316895 0.000000 2596.922852 0.000000 0.960528 0.000000 0.278184 0.785812 0.785812 0.785812
5497.541016 0.000000 2629.618408 0.000000 0.497364 0.000000 -0.867542 0.846566 0.846566 0.846566
5487.773926 0.000000 2664.505371 0.000000 0.997898 0.000000 -0.064801 0.803691 0.803691 0.803691
5562.351074 0.000000 2595.778320 0.000000 0.799509 0.000000 0.600655 0.765255 0.765255 0.765255
5566.034668 0.000000 2606.520264 0.000000 0.031534 0.000000 -0.999503 0.937420 0.937420 0.937420
5556.140137 0.000000 2603.146484 0.000000 0.112061 0.000000 0.993701 0.751936 0.751936 0.751936
5565.335938 0.000000 2651.213135 0.000000 0.314905 0.000000 0.949123 0.779022 0.779022 0.779022
5547.071289 0.000000 2626.771973 0.000000 0.854140 0.000000 -0.520043 0.814418 0.814418 0.814418
5565.682617 0.000000 2630.239502 0.000000 0.437323 0.000000 0.899304 0.736352 0.736352 0.736352
5558.003906 0.000000 2643.550049 0.000000 0.980973 0.000000 -0.194143 0.814985 0.814985 0.814985
5558.421387 0.000000 2616.930420 0.000000 0.599077 0.000000 0.800691 0.737138 0.737138 0.737138
5480.578613 0.000000 2586.026855 0.000000 0.781105 0.000000 0.624399 0.776969 0.776969 0.776969
5524.007812 0.000000 2654.390869 0.000000 0.174647 0.000000 -0.984631 0.829260 0.829260 0.829260
5487.529297 0.000000 2597.335205 0.000000 0.163240 0.000000 0.986586 0.745210 0.745210 0.745210
5529.662109 0.000000 2658.083740 0.000000 0.657792 0.000000 -0.753200 0.816353 0.816353 0.816353
5537.746582 0.000000 2606.475586 0.000000 0.575589 0.000000 -0.817739 0.825242 0.825242 0.825242
5499.677734 0.000000 2618.434326 0.000000 0.494400 0.000000 0.869235 0.751388 0.751388 0.751388
5492.413086 0.000000 2621.064697 0.000000 0.573991 0.000000 -0.818861 0.817246 0.817246 0.817246
5531.729980 0.000000 2596.488525 0.000000 0.108188 0.000000 -0.994130 0.904271 0.904271 0.904271
5491.796387 0.000000 2602.797119 0.000000 0.993418 0.000000 0.114550 0.793465 0.793465 0.793465
5560.879883 0.000000 2627.715088 0.000000 0.338591 0.000000 0.940934 0.742732 0.742732 0.742732
5502.778320 0.000000 2629.221436 0.000000 0.997441 0.000000 0.071488 0.797942 0.797942 0.797942
5480.791016 0.000000 2596.160889 0.000000 0.777624 0.000000 0.628730 0.765372 0.765372 0.765372
5555.051270 0.000000 2652.167236 0.000000 0.182653 0.000000 -0.983177 0.840725 0.840725 0.840725
5563.713867 0.000000 2611.103271 0.000000 0.678531 0.000000 0.734572 0.758476 0.758476 0.758476
5493.809082 0.000000 2610.951660 0.000000 0.545632 0.000000 -0.838025 0.818456 0.818456 0.818456
5539.708984 0.000000 2601.451172 0.000000 0.493871 0.000000 0.869535 0.724198 0.724198 0.724198
5520.155762 0.000000 2657.575684 0.000000 0.423624 0.000000 0.905838 0.751786 0.751786 0.751786
5511.277344 0.000000 2635.352295 0.000000 0.925104 0.000000 -0.379714 0.813535 0.813535 0.813535
5520.687012 0.000000 2663.615723 0.000000 0.986627 0.000000 -0.162992 0.803532 0.803532 0.803532
5559.374512 0.000000 2638.722412 0.000000 0.973805 0.000000 0.227385 0.784469 0.784469 0.784469
5482.641602 0.000000 2662.209473 0.000000 0.986013 0.000000 -0.166669 0.808428 0.808428 0.808428
5505.725098 0.000000 2636.530029 0.000000 0.990541 0.000000 -0.137219 0.808083 0.808083 0.808083
5563.047363 0.000000 2621.294678 0.000000 0.986997 0.000000 -0.160739 0.810544 0.810544 0.810544
5498.464355 0.000000 2639.526367 0.000000 0.839022 0.000000 0.544098 0.774836 0.774836 0.774836
5553.671875 0.000000 2624.914307 0.000000 0.859795 0.000000 0.510639 0.769494 0.769494 0.769494
5498.052246 0.000000 2644.390137 0.000000 0.565368 0.000000 0.824839 0.744791 0.744791 0.744791
5523.477539 0.000000 2586.906006 0.000000 0.235443 0.000000 -0.971888 0.886267 0.886267 0.886267
5498.370117 0.000000 2612.646729 0.000000 0.603175 0.000000 -0.797609 0.845918 0.845918 0.845918
5529.553223 0.000000 2587.399658 0.000000 0.598993 0.000000 0.800754 0.741026 0.741026 0.741026
5481.849609 0.000000 2655.936279 0.000000 0.999473 0.000000 0.032471 0.798852 0.798852 0.798852
5552.128906 0.000000 2661.947021 0.000000 0.006329 0.000000 -0.999980 0.833746 0.833746 0.833746
5564.450195 0.000000 2672.217773 0.000000 0.243761 0.000000 0.969835 0.749207 0.749207 0.749207
5521.529785 0.000000 2591.537109 0.000000 0.983660 0.000000 0.180036 0.790130 0.790130 0.790130
5555.546875 0.000000 2633.161621 0.000000 0.382915 0.000000 -0.923783 0.848695 0.848695 0.848695
5557.937988 0.000000 2612.322998 0.000000 0.752175 0.000000 0.658964 0.779740 0.779740 0.779740
5491.925293 0.000000 2666.620361 0.000000 0.411644 0.000000 0.911345 0.738859 0.738859 0.738859
5487.231934 0.000000 2603.677246 0.000000 0.116723 0.000000 -0.993165 0.868815 0.868815 0.868815
5512.796875 0.000000 2643.358154 0.000000 0.270482 0.000000 -0.962725 0.840407 0.840407 0.840407
5507.878906 0.000000 2651.239746 0.000000 0.069102 0.000000 0.997610 0.741517 0.741517 0.741517
5504.203125 0.000000 2654.539551 0.000000 0.995336 0.000000 0.096470 0.796005 0.796005 0.796005
5498.995605 0.000000 2651.527100 0.000000 0.729359 0.000000 0.684131 0.782846 0.782846 0.782846
5557.916504 0.000000 2659.314453 0.000000 0.938725 0.000000 0.344667 0.783133 0.783133 0.783133
5528.712402 0.000000 2662.402100 0.000000 0.408918 0.000000 0.912571 0.739389 0.739389 0.739389
5530.266602 0.000000 2671.419678 0.000000 0.976800 0.000000 0.214155 0.787715 0.787715 0.787715
5552.089844 0.000000 2642.728271 0.000000 0.689950 0.000000 -0.723857 0.837342 0.837342 0.837342
5525.067383 0.000000 2595.739014 0.000000 0.585278 0.000000 -0.810833 0.830594 0.830594 0.830594
5544.040527 0.000000 2623.255859 0.000000 0.973394 0.000000 -0.229138 0.813160 0.813160 0.813160
5556.524414 0.000000 2628.828125 0.000000 0.974128 0.000000 0.225996 0.787297 0.787297 0.787297
5551.205566 0.000000 2617.186768 0.000000 0.310801 0.000000 -0.950475 0.842102 0.842102 0.842102
5516.233887 0.000000 2584.036621 0.000000 0.196428 0.000000 0.980518 0.760510 0.760510 0.760510
5547.524902 0.000000 2601.791016 0.000000 0.878440 0.000000 -0.477853 0.814627 0.814627 0.814627
5490.353027 0.000000 2587.927002 0.000000 0.180920 0.000000 0.983498 0.745909 0.745909 0.745909
5566.072754 0.000000 2592.302734 0.000000 0.258132 0.000000 -0.966110 0.876904 0.876904 0.876904
5566.141602 0.000000 2655.428467 0.000000 0.795920 0.000000 -0.605402 0.819092 0.819092 0.819092
5524.350586 0.000000 2665.850098 0.000000 0.768944 0.000000 -0.639316 0.827013 0.827013 0.827013
5486.218750 0.000000 2589.381104 0.000000 0.987485 0.000000 0.157710 0.791270 0.791270 0.791270
5559.168945 0.000000 2666.898682 0.000000 0.444278 0.000000 -0.895889 0.855888 0.855888 0.855888
5492.242188 0.000000 2672.580078 0.000000 0.912847 0.000000 -0.408303 0.813356 0.813356 0.813356
5552.355469 0.000000 2601.612549 0.000000 0.983948 0.000000 -0.178456 0.810213 0.810213 0.810213
5495.430176 0.000000 2623.858643 0.000000 0.992634 0.000000 0.121150 0.795707 0.795707 0.795707
5558.255859 0.000000 2655.140869 0.000000 0.464412 0.000000 0.885619 0.750464 0.750464 0.750464
5532.401367 0.000000 2667.339355 0.000000 0.769243 0.000000 -0.638956 0.829487 0.829487 0.829487
5559.942871 0.000000 2592.500000 0.000000 0.944751 0.000000 0.327788 0.785193 0.785193 0.785193
5493.672363 0.000000 2606.643799 0.000000 0.993504 0.000000 -0.113795 0.805262 0.805262 0.805262
5542.998047 0.000000 2614.389648 0.000000 0.930357 0.000000 -0.366656 0.821594 0.821594 0.821594
5517.351562 0.000000 2591.395996 0.000000 0.102430 0.000000 -0.994740 0.861579 0.861579 0.861579
5514.697266 0.000000 2587.667236 0.000000 0.414744 0.000000 0.909938 0.759589 0.759589 0.759589
5564.625488 0.000000 2663.547363 0.000000 0.447162 0.000000 -0.894453 0.859707 0.859707 0.859707
5485.481445 0.000000 2593.942627 0.000000 0.290644 0.000000 0.956831 0.761776 0.761776 0.761776
5562.233887 0.000000 2604.868652 0.000000 0.524071 0.000000 0.851675 0.762139 0.762139 0.762139
5546.507324 0.000000 2618.687744 0.000000 0.996178 0.000000 0.087346 0.792349 0.792349 0.792349
5497.339844 0.000000 2633.551025 0.000000 0.261426 0.000000 0.965224 0.703728 0.703728 0.703728
5530.088379 0.000000 2592.934570 0.000000 0.411062 0.000000 -0.911607 0.918913 0.918913 0.918913
5501.682129 0.000000 2646.502197 0.000000 0.381364 0.000000 -0.924425 0.867140 0.867140 0.867140
5555.939941 0.000000 2662.615967 0.000000 0.723183 0.000000 0.690657 0.765740 0.765740 0.765740
5485.111816 0.000000 2667.826904 0.000000 0.715042 0.000000 -0.699081 0.827830 0.827830 0.827830
5561.170898 0.000000 2614.256348 0.000000 0.370509 0.000000 0.928829 0.722201 0.722201 0.722201
5504.013184 0.000000 2632.992188 0.000000 0.725589 0.000000 -0.688129 0.830466 0.830466 0.830466
5502.377441 0.000000 2638.795410 0.000000 0.439929 0.000000 0.898032 0.751218 0.751218 0.751218
5563.097168 0.000000 2647.840820 0.000000 0.998598 0.000000 -0.052935 0.801936 0.801936 0.801936
5561.677246 0.000000 2653.007568 0.000000 0.217089 0.000000 0.976152 0.718994 0.718994 0.718994
5564.003906 0.000000 2633.801514 0.000000 0.283728 0.000000 -0.958905 0.873037 0.873037 0.873037
5496.129883 0.000000 2619.903320 0.000000 0.904102 0.000000 -0.427317 0.825132 0.825132 0.825132
5556.791016 0.000000 2647.045166 0.000000 0.008027 0.000000 0.999968 0.622090 0.622090 0.622090
5562.609375 0.000000 2640.734619 0.000000 0.549507 0.000000 0.835489 0.741333 0.741333 0.741333
5563.574707 0.000000 2660.081299 0.000000 0.999726 0.000000 -0.023395 0.801023 0.801023 0.801023
5563.486328 0.000000 2624.914062 0.000000 0.489033 0.000000 0.872265 0.739674 0.739674 0.739674
5495.426758 0.000000 2637.824707 0.000000 0.374312 0.000000 -0.927303 0.867574 0.867574 0.867574
5541.613281 0.000000 2607.102051 0.000000 0.983326 0.000000 -0.181852 0.810409 0.810409 0.810409
5488.874512 0.000000 2600.590820 0.000000 0.872363 0.000000 0.488859 0.770926 0.770926 0.770926
5484.095703 0.000000 2597.286621 0.000000 0.835340 0.000000 -0.549733 0.831038 0.831038 0.831038
5543.516602 0.000000 2601.151367 0.000000 0.870430 0.000000 0.492292 0.770701 0.770701 0.770701
5512.416992 0.000000 2638.826660 0.000000 0.598786 0.000000 -0.800909 0.852869 0.852869 0.852869
5550.487305 0.000000 2626.207764 0.000000 0.686117 0.000000 -0.727492 0.844907 0.844907 0.844907
5544.644531 0.000000 2611.418701 0.000000 0.846319 0.000000 -0.532677 0.821878 0.821878 0.821878
5560.129395 0.000000 2646.237061 0.000000 0.993569 0.000000 0.113226 0.792045 0.792045 0.792045
5557.575195 0.000000 2635.868652 0.000000 0.469398 0.000000 0.882986 0.739697 0.739697 0.739697
5534.599609 0.000000 2598.907959 0.000000 0.731413 0.000000 0.681935 0.752340 0.752340 0.752340
5534.740723 0.000000 2594.719971 0.000000 0.552212 0.000000 -0.833704 0.882101 0.882101 0.882101
5481.176758 0.000000 2576.592773 0.000000 0.914558 0.000000 0.404454 0.776299 0.776299 0.776299
5562.167480 0.000000 2668.489990 0.000000 0.199452 0.000000 -0.979908 0.870594 0.870594 0.870594
5500.879883 0.000000 2631.889648 0.000000 0.047683 0.000000 -0.998863 0.900385 0.900385 0.900385
5500.269531 0.000000 2609.927490 0.000000 0.988652 0.000000 -0.150224 0.806234 0.806234 0.806234
5561.559082 0.000000 2618.079346 0.000000 0.571944 0.000000 0.820292 0.714123 0.714123 0.714123
5500.051758 0.000000 2627.342041 0.000000 0.176730 0.000000 -0.984259 0.865943 0.865943 0.865943
5528.526367 0.000000 2596.077881 0.000000 0.190839 0.000000 0.981621 0.741345 0.741345 0.741345
5567.445312 0.000000 2635.874268 0.000000 0.662273 0.000000 -0.749263 0.847194 0.847194 0.847194
5561.556641 0.000000 2636.114258 0.000000 0.975170 0.000000 0.221457 0.786085 0.786085 0.786085
5557.893555 0.000000 2600.372803 0.000000 0.519068 0.000000 -0.854733 0.849134 0.849134 0.849134
5547.395996 0.000000 2623.425293 0.000000 0.248185 0.000000 -0.968713 0.886208 0.886208 0.886208
5515.333984 0.000000 2636.682861 0.000000 0.297830 0.000000 0.954619 0.741482 0.741482 0.741482
5531.335938 0.000000 2664.310547 0.000000 0.580674 0.000000 0.814136 0.750984 0.750984 0.750984
5554.979004 0.000000 2644.474609 0.000000 0.995987 0.000000 -0.089493 0.807517 0.807517 0.807517
5559.617188 0.000000 2597.392578 0.000000 0.365403 0.000000 0.930849 0.731881 0.731881 0.731881
5498.598633 0.000000 2647.620605 0.000000 0.267982 0.000000 0.963424 0.726809 0.726809 0.726809
5562.187500 0.000000 2630.565430 0.000000 0.823584 0.000000 0.567194 0.766032 0.766032 0.766032
5529.997070 0.000000 2584.077637 0.000000 0.046106 0.000000 0.998937 0.722349 0.722349 0.722349
5496.246094 0.000000 2604.794678 0.000000 0.913373 0.000000 0.407124 0.778896 0.778896 0.778896
5563.228516 0.000000 2607.886719 0.000000 0.141891 0.000000 0.989882 0.718692 0.718692 0.718692
5497.897949 0.000000 2615.779297 0.000000 0.522134 0.000000 0.852863 0.741858 0.741858 0.741858
5540.045898 0.000000 2613.516357 0.000000 0.227258 0.000000 0.973835 0.728461 0.728461 0.728461
5490.901367 0.000000 2669.544922 0.000000 0.715746 0.000000 0.698361 0.755994 0.755994 0.755994
5556.833008 0.000000 2640.607178 0.000000 0.437795 0.000000 0.899075 0.720980 0.720980 0.720980
5566.551758 0.000000 2609.585205 0.000000 0.025381 0.000000 -0.999678 0.894449 0.894449 0.894449
5553.732422 0.000000 2605.753418 0.000000 0.764850 0.000000 0.644208 0.763930 0.763930 0.763930
5481.687988 0.000000 2659.221924 0.000000 0.524908 0.000000 -0.851159 0.857957 0.857957 0.857957
5537.143555 0.000000 2603.302246 0.000000 0.791974 0.000000 -0.610555 0.836990 0.836990 0.836990
5526.544922 0.000000 2586.394043 0.000000 0.887564 0.000000 0.460685 0.765576 0.765576 0.765576
5488.401367 0.000000 2667.550293 0.000000 0.924545 0.000000 0.381072 0.777746 0.777746 0.777746
5545.988281 0.000000 2599.159424 0.000000 0.658059 0.000000 -0.752967 0.848529 0.848529 0.848529
5557.282715 0.000000 2594.106689 0.000000 0.587003 0.000000 -0.809585 0.846353 0.846353 0.846353
5525.493652 0.000000 2662.995850 0.000000 0.288801 0.000000 -0.957389 0.871204 0.871204 0.871204
5484.522461 0.000000 2664.859619 0.000000 0.175337 0.000000 0.984508 0.723963 0.723963 0.723963
5508.691406 0.000000 2637.094482 0.000000 0.998544 0.000000 -0.053946 0.803072 0.803072 0.803072
5565.563965 0.000000 2627.134521 0.000000 0.697612 0.000000 0.716476 0.758363 0.758363 0.758363
5554.348145 0.000000 2599.432617 0.000000 0.999771 0.000000 -0.021383 0.801217 0.801217 0.801217
5540.053223 0.000000 2604.510742 0.000000 0.892721 0.000000 -0.450609 0.826608 0.826608 0.826608
5498.100586 0.000000 2636.487061 0.000000 0.993558 0.000000 -0.113326 0.808982 0.808982 0.808982
5559.199707 0.000000 2630.298096 0.000000 0.338313 0.000000 0.941034 0.730233 0.730233 0.730233
5563.238770 0.000000 2592.979248 0.000000 0.815235 0.000000 0.579131 0.764842 0.764842 0.764842
5560.959473 0.000000 2643.260010 0.000000 0.192915 0.000000 -0.981215 0.889910 0.889910 0.889910
5567.433594 0.000000 2669.936279 0.000000 0.518988 0.000000 0.854782 0.731821 0.731821 0.731821
5560.831543 0.000000 2610.824707 0.000000 0.999379 0.000000 0.035241 0.797994 0.797994 0.797994
5540.078125 0.000000 2598.070801 0.000000 0.353311 0.000000 0.935506 0.728969 0.728969 0.728969
5562.221191 0.000000 2665.528809 0.000000 0.960724 0.000000 -0.277505 0.815669 0.815669 0.815669
5558.176270 0.000000 2652.092285 0.000000 0.878445 0.000000 -0.477844 0.832537 0.832537 0.832537
5560.820801 0.000000 2659.322754 0.000000 0.664590 0.000000 -0.747209 0.851067 0.851067 0.851067
5536.974609 0.000000 2600.468750 0.000000 0.321191 0.000000 0.947014 0.712060 0.712060 0.712060
5521.397949 0.000000 2588.750732 0.000000 0.542762 0.000000 -0.839886 0.859144 0.859144 0.859144
5555.012207 0.000000 2649.387451 0.000000 0.726741 0.000000 -0.686912 0.873501 0.873501 0.873501
5496.478027 0.000000 2610.140625 0.000000 0.219361 0.000000 -0.975644 0.876823 0.876823 0.876823
5524.084961 0.000000 2589.640137 0.000000 0.972495 0.000000 0.232923 0.781689 0.781689 0.781689
5544.280273 0.000000 2616.969238 0.000000 0.999974 0.000000 -0.007227 0.800533 0.800533 0.800533
5480.534180 0.000000 2593.381592 0.000000 0.965331 0.000000 0.261028 0.784651 0.784651 0.784651
5527.010742 0.000000 2593.881348 0.000000 0.559622 0.000000 -0.828748 0.876090 0.876090 0.876090
5544.754883 0.000000 2620.677734 0.000000 0.527180 0.000000 0.849754 0.723333 0.723333 0.723333
5422.017090 0.000000 2773.337402 0.000000 0.894849 0.000000 -0.446370 0.827169 0.827169 0.827169
5479.351074 0.000000 2707.526855 0.000000 0.947453 0.000000 0.319896 0.786148 0.786148 0.786148
5420.530762 0.000000 2696.136230 0.000000 0.277783 0.000000 -0.960644 0.873389 0.873389 0.873389
5466.142090 0.000000 2754.073242 0.000000 0.959365 0.000000 -0.282167 0.804285 0.804285 0.804285
5395.006348 0.000000 2739.723633 0.000000 0.112226 0.000000 -0.993683 0.833204 0.833204 0.833204
5457.507324 0.000000 2676.528076 0.000000 0.450078 0.000000 0.892989 0.724595 0.724595 0.724595
5433.773438 0.000000 2735.620117 0.000000 0.156737 0.000000 -0.987640 0.847425 0.847425 0.847425
5396.925781 0.000000 2676.949219 0.000000 0.811372 0.000000 -0.584530 0.845262 0.845262 0.845262
5447.191406 0.000000 2709.207275 0.000000 0.335315 0.000000 0.942106 0.747723 0.747723 0.747723
5402.551270 0.000000 2714.703125 0.000000 0.985533 0.000000 -0.169485 0.807245 0.807245 0.807245
5462.837891 0.000000 2728.293457 0.000000 0.965463 0.000000 0.260542 0.788787 0.788787 0.788787
5446.726074 0.000000 2769.229004 0.000000 0.484440 0.000000 -0.874824 0.875941 0.875941 0.875941
5398.904297 0.000000 2765.414551 0.000000 0.878444 0.000000 -0.477846 0.821791 0.821791 0.821791
5415.715820 0.000000 2749.670654 0.000000 0.999491 0.000000 0.031916 0.799904 0.799904 0.799904
5425.565918 0.000000 2675.318848 0.000000 0.970106 0.000000 0.242683 0.797356 0.797356 0.797356
5427.323730 0.000000 2715.978516 0.000000 0.881227 0.000000 0.472694 0.772565 0.772565 0.772565
5439.786621 0.000000 2690.305420 0.000000 0.242984 0.000000 0.970030 0.768235 0.768235 0.768235
5462.112793 0.000000 2696.299316 0.000000 0.957330 0.000000 0.288998 0.794730 0.794730 0.794730
5446.977051 0.000000 2749.857422 0.000000 0.987376 0.000000 -0.158396 0.807625 0.807625 0.807625
5467.619141 0.000000 2773.378418 0.000000 0.514209 0.000000 -0.857665 0.885225 0.885225 0.885225
5412.671387 0.000000 2730.862061 0.000000 0.670385 0.000000 0.742014 0.736880 0.736880 0.736880
5395.484375 0.000000 2698.308594 0.000000 0.999985 0.000000 0.005436 0.799808 0.799808 0.799808
5432.004395 0.000000 2758.805176 0.000000 0.829898 0.000000 -0.557914 0.827307 0.827307 0.827307
5463.629883 0.000000 2712.344971 0.000000 0.272997 0.000000 0.962015 0.768980 0.768980 0.768980
5411.585938 0.000000 2682.716309 0.000000 0.958776 0.000000 -0.284162 0.831421 0.831421 0.831421
5440.350098 0.000000 2675.610107 0.000000 0.038359 0.000000 -0.999264 0.816527 0.816527 0.816527
5433.785156 0.000000 2703.455811 0.000000 0.790916 0.000000 -0.611924 0.813415 0.813415 0.813415
5411.950684 0.000000 2763.151123 0.000000 0.016837 0.000000 0.999858 0.776723 0.776723 0.776723
5408.380859 0.000000 2776.791748 0.000000 0.808991 0.000000 -0.587821 0.818072 0.818072 0.818072
5416.371582 0.000000 2708.632812 0.000000 0.820668 0.000000 -0.571405 0.835349 0.835349 0.835349
5399.642090 0.000000 2727.473145 0.000000 0.813575 0.000000 -0.581460 0.824539 0.824539 0.824539
5434.168945 0.000000 2775.747314 0.000000 0.457093 0.000000 0.889419 0.750745 0.750745 0.750745
5452.301758 0.000000 2688.039062 0.000000 0.999530 0.000000 0.030643 0.797539 0.797539 0.797539
5458.113281 0.000000 2764.178711 0.000000 0.774777 0.000000 -0.632235 0.818864 0.818864 0.818864
5407.579102 0.000000 2694.440186 0.000000 0.877207 0.000000 -0.480112 0.832406 0.832406 0.832406
5475.083008 0.000000 2763.675049 0.000000 0.874917 0.000000 -0.484273 0.826655 0.826655 0.826655
5428.930176 0.000000 2746.902588 0.000000 0.672005 0.000000 0.740547 0.775018 0.775018 0.775018
5427.812500 0.000000 2686.838135 0.000000 0.442863 0.000000 0.896589 0.766686 0.766686 0.766686
5406.330078 0.000000 2741.780518 0.000000 0.999869 0.000000 -0.016181 0.800446 0.800446 0.800446
5475.787598 0.000000 2696.566406 0.000000 0.916443 0.000000 -0.400166 0.823434 0.823434 0.823434
5420.685059 0.000000 2738.821533 0.000000 0.751083 0.000000 -0.660208 0.841046 0.841046 0.841046
5416.252930 0.000000 2720.231934 0.000000 0.897978 0.000000 0.440039 0.795632 0.795632 0.795632
5457.532227 0.000000 2777.646729 0.000000 0.830896 0.000000 0.556428 0.746966 0.746966 0.746966
5454.241211 0.000000 2717.604492 0.000000 0.878630 0.000000 0.477504 0.762119 0.762119 0.762119
5463.343262 0.000000 2685.560303 0.000000 0.286181 0.000000 -0.958176 0.815345 0.815345 0.815345
5406.135254 0.000000 2704.661133 0.000000 0.994790 0.000000 0.101941 0.797675 0.797675 0.797675
5422.523926 0.000000 2762.860596 0.000000 0.934615 0.000000 -0.355661 0.807625 0.807625 0.807625
5456.268066 0.000000 2704.670654 0.000000 0.213749 0.000000 -0.976889 0.919380 0.919380 0.919380
5442.502930 0.000000 2759.380859 0.000000 0.986736 0.000000 -0.162335 0.808891 0.808891 0.808891
5469.458496 0.000000 2704.229004 0.000000 0.723229 0.000000 0.690609 0.777618 0.777618 0.777618
5455.810547 0.000000 2754.425781 0.000000 0.901360 0.000000 -0.433071 0.820128 0.820128 0.820128
5438.258301 0.000000 2744.603271 0.000000 0.896042 0.000000 -0.443969 0.852095 0.852095 0.852095
5394.365234 0.000000 2774.000732 0.000000 0.984316 0.000000 -0.176412 0.808076 0.808076 0.808076
5472.583496 0.000000 2714.980957 0.000000 0.983613 0.000000 -0.180293 0.806735 0.806735 0.806735
5394.228027 0.000000 2719.352539 0.000000 0.612364 0.000000 -0.790576 0.818574 0.818574 0.818574
5424.666504 0.000000 2704.345215 0.000000 0.067535 0.000000 -0.997717 0.881962 0.881962 0.881962
5402.718750 0.000000 2685.085693 0.000000 0.788668 0.000000 0.614820 0.766277 0.766277 0.766277
5434.727539 0.000000 2726.435303 0.000000 0.999972 0.000000 -0.007476 0.800358 0.800358 0.800358
5448.155762 0.000000 2778.088867 0.000000 0.988467 0.000000 0.151439 0.788250 0.788250 0.788250
5437.529785 0.000000 2767.020508 0.000000 0.795380 0.000000 0.606111 0.732893 0.732893 0.732893
5448.656250 0.000000 2679.596924 0.000000 0.859249 0.000000 -0.511558 0.812870 0.812870 0.812870
5396.514160 0.000000 2707.940918 0.000000 0.924663 0.000000 -0.380786 0.808426 0.808426 0.808426
5407.764648 0.000000 2723.258789 0.000000 0.832072 0.000000 0.554667 0.754555 0.754555 0.754555
5406.400879 0.000000 2674.697510 0.000000 0.999211 0.000000 -0.039717 0.800928 0.800928 0.800928
5394.044922 0.000000 2758.286865 0.000000 0.341710 0.000000 -0.939806 0.842469 0.842469 0.842469
5418.835449 0.000000 2687.526123 0.000000 0.763266 0.000000 -0.646085 0.806734 0.806734 0.806734
5423.644531 0.000000 2754.306396 0.000000 0.549977 0.000000 0.835180 0.744328 0.744328 0.744328
5471.469727 0.000000 2729.989258 0.000000 0.643455 0.000000 0.765484 0.789031 0.789031 0.789031
5431.667969 0.000000 2694.666260 0.000000 0.695112 0.000000 -0.718901 0.845663 0.845663 0.845663
5435.328125 0.000000 2682.603760 0.000000 0.337941 0.000000 0.941167 0.726538 0.726538 0.726538
5413.562012 0.000000 2700.622803 0.000000 0.092749 0.000000 0.995690 0.730044 0.730044 0.730044
5428.792480 0.000000 2768.524658 0.000000 0.708771 0.000000 -0.705439 0.848325 0.848325 0.848325
5466.833008 0.000000 2764.420898 0.000000 0.979696 0.000000 -0.200491 0.804838 0.804838 0.804838
5465.254883 0.000000 2736.523682 0.000000 0.685958 0.000000 -0.727641 0.826854 0.826854 0.826854
5466.350586 0.000000 2720.405029 0.000000 0.833128 0.000000 -0.553080 0.818260 0.818260 0.818260
5450.350586 0.000000 2761.576416 0.000000 0.474333 0.000000 0.880345 0.788389 0.788389 0.788389
5468.695801 0.000000 2691.735107 0.000000 0.701390 0.000000 -0.712778 0.823771 0.823771 0.823771
5405.115234 0.000000 2733.753906 0.000000 0.621280 0.000000 -0.783589 0.851253 0.851253 0.851253
5438.264648 0.000000 2752.585449 0.000000 0.102048 0.000000 -0.994779 0.875674 0.875674 0.875674
5406.580566 0.000000 2769.147461 0.000000 0.270984 0.000000 0.962584 0.726208 0.726208 0.726208
5418.058594 0.000000 2677.873291 0.000000 0.227307 0.000000 -0.973823 0.872340 0.872340 0.872340
5414.036621 0.000000 2771.407471 0.000000 0.541392 0.000000 -0.840770 0.831715 0.831715 0.831715
5410.774414 0.000000 2714.491211 0.000000 0.958560 0.000000 -0.284890 0.806405 0.806405 0.806405
5450.373047 0.000000 2742.896973 0.000000 0.864863 0.000000 -0.502008 0.816701 0.816701 0.816701
5440.844727 0.000000 2731.088135 0.000000 0.999995 0.000000 -0.003172 0.800044 0.800044 0.800044
5413.924316 0.000000 2742.168701 0.000000 0.944485 0.000000 -0.328553 0.810832 0.810832 0.810832
5399.904785 0.000000 2692.195312 0.000000 0.800523 0.000000 -0.599302 0.822333 0.822333 0.822333
5454.103516 0.000000 2696.107422 0.000000 0.239580 0.000000 0.970877 0.777706 0.777706 0.777706
5439.425781 0.000000 2698.316650 0.000000 0.290338 0.000000 -0.956924 0.860409 0.860409 0.860409
5441.380371 0.000000 2774.247559 0.000000 0.440707 0.000000 0.897651 0.760604 0.760604 0.760604
5400.881836 0.000000 2777.597168 0.000000 0.961678 0.000000 -0.274183 0.809319 0.809319 0.809319
5453.705566 0.000000 2771.335693 0.000000 0.063447 0.000000 -0.997985 0.854188 0.854188 0.854188
5433.168457 0.000000 2675.604248 0.000000 0.952874 0.000000 0.303367 0.787996 0.787996 0.787996
5442.410156 0.000000 2683.506836 0.000000 0.983187 0.000000 -0.182603 0.809462 0.809462 0.809462
5440.368164 0.000000 2706.667236 0.000000 0.390957 0.000000 -0.920409 0.855340 0.855340 0.855340
5472.665527 0.000000 2756.579834 0.000000 0.689008 0.000000 0.724754 0.748026 0.748026 0.748026
5460.636719 0.000000 2770.868896 0.000000 0.905208 0.000000 -0.424969 0.841553 0.841553 0.841553
5405.188477 0.000000 2761.652588 0.000000 0.976321 0.000000 0.216326 0.787850 0.787850 0.787850
5445.806152 0.000000 2716.431641 0.000000 0.626414 0.000000 0.779491 0.779113 0.779113 0.779113
5420.738770 0.000000 2714.096680 0.000000 0.846655 0.000000 -0.532142 0.830259 0.830259 0.830259
5407.053711 0.000000 2748.653809 0.000000 0.601107 0.000000 0.799168 0.776145 0.776145 0.776145
5419.341309 0.000000 2732.156738 0.000000 0.961196 0.000000 0.275867 0.792297 0.792297 0.792297
5412.267090 0.000000 2689.563232 0.000000 0.507243 0.000000 0.861803 0.740869 0.740869 0.740869
5462.887207 0.000000 2705.242920 0.000000 0.914062 0.000000 0.405575 0.772226 0.772226 0.772226
5402.427734 0.000000 2699.109131 0.000000 0.992831 0.000000 -0.119529 0.806102 0.806102 0.806102
5458.581055 0.000000 2690.542969 0.000000 0.631598 0.000000 -0.775296 0.880268 0.880268 0.880268
5457.114746 0.000000 2683.181396 0.000000 0.846722 0.000000 -0.532035 0.857479 0.857479 0.857479
5456.985840 0.000000 2711.531738 0.000000 0.242159 0.000000 0.970237 0.728484 0.728484 0.728484
5400.168945 0.000000 2745.295654 0.000000 0.957384 0.000000 0.288819 0.784727 0.784727 0.784727
5395.591309 0.000000 2732.808105 0.000000 0.309414 0.000000 -0.950927 0.849678 0.849678 0.849678
5423.549316 0.000000 2681.700928 0.000000 0.908737 0.000000 0.417368 0.781942 0.781942 0.781942
5472.823730 0.000000 2777.964355 0.000000 0.900004 0.000000 -0.435882 0.823511 0.823511 0.823511
5422.113281 0.000000 2747.181396 0.000000 0.067915 0.000000 0.997691 0.763081 0.763081 0.763081
5432.937500 0.000000 2719.636475 0.000000 0.892479 0.000000 0.451089 0.780933 0.780933 0.780933
5460.006348 0.000000 2721.583984 0.000000 0.983153 0.000000 -0.182786 0.810023 0.810023 0.810023
5461.480957 0.000000 2758.693604 0.000000 0.268207 0.000000 -0.963361 0.903538 0.903538 0.903538
5446.550293 0.000000 2691.674561 0.000000 0.960994 0.000000 0.276568 0.784049 0.784049 0.784049
5454.376465 0.000000 2747.756592 0.000000 0.255961 0.000000 -0.966687 0.856598 0.856598 0.856598
5429.176758 0.000000 2740.592041 0.000000 0.999960 0.000000 0.008941 0.799523 0.799523 0.799523
5427.854492 0.000000 2709.697510 0.000000 0.066619 0.000000 -0.997778 0.885617 0.885617 0.885617
5400.330078 0.000000 2720.807861 0.000000 0.487511 0.000000 -0.873117 0.826714 0.826714 0.826714
5433.745117 0.000000 2688.877930 0.000000 0.661951 0.000000 0.749547 0.782737 0.782737 0.782737
5410.548828 0.000000 2736.602783 0.000000 0.186197 0.000000 -0.982512 0.855540 0.855540 0.855540
5400.781738 0.000000 2771.489746 0.000000 0.662643 0.000000 -0.748936 0.849703 0.849703 0.849703
5475.358887 0.000000 2702.762695 0.000000 0.735010 0.000000 0.678056 0.761159 0.761159 0.761159
5401.058105 0.000000 2738.161621 0.000000 0.725575 0.000000 0.688143 0.720878 0.720878 0.720878
5426.427734 0.000000 2698.465332 0.000000 0.733294 0.000000 -0.679912 0.822846 0.822846 0.822846
5417.333496 0.000000 2766.091309 0.000000 0.857761 0.000000 -0.514049 0.830732 0.830732 0.830732
5469.147949 0.000000 2710.130859 0.000000 0.512851 0.000000 0.858478 0.738766 0.738766 0.738766
5478.343750 0.000000 2758.197510 0.000000 0.048311 0.000000 0.998832 0.713339 0.713339 0.713339
5468.757324 0.000000 2698.392334 0.000000 0.998268 0.000000 0.058838 0.798413 0.798413 0.798413
5424.516113 0.000000 2691.806152 0.000000 0.685638 0.000000 -0.727943 0.846409 0.846409 0.846409
5429.665039 0.000000 2753.003662 0.000000 0.895261 0.000000 0.445542 0.789763 0.789763 0.789763
5460.079102 0.000000 2733.756348 0.000000 0.999402 0.000000 -0.034571 0.801968 0.801968 0.801968
5400.094727 0.000000 2758.443848 0.000000 0.202290 0.000000 0.979326 0.727098 0.727098 0.727098
5439.068848 0.000000 2738.245605 0.000000 0.767006 0.000000 -0.641640 0.860941 0.860941 0.860941
5444.098145 0.000000 2744.230469 0.000000 0.885016 0.000000 -0.465560 0.842073 0.842073 0.842073
5419.050781 0.000000 2702.675049 0.000000 0.638541 0.000000 -0.769588 0.832624 0.832624 0.832624
5402.589844 0.000000 2679.119141 0.000000 0.789960 0.000000 0.613158 0.743446 0.743446 0.743446
5441.646484 0.000000 2712.402344 0.000000 0.906224 0.000000 -0.422799 0.806277 0.806277 0.806277
5449.969238 0.000000 2721.519043 0.000000 0.095698 0.000000 -0.995410 0.821210 0.821210 0.821210
5451.978516 0.000000 2674.713623 0.000000 0.984767 0.000000 -0.173878 0.808691 0.808691 0.808691
5393.945801 0.000000 2725.146484 0.000000 0.867719 0.000000 0.497054 0.771948 0.771948 0.771948
5428.593262 0.000000 2723.264648 0.000000 0.770844 0.000000 -0.637024 0.825656 0.825656 0.825656
5414.599121 0.000000 2694.993164 0.000000 0.071377 0.000000 0.997449 0.739809 0.739809 0.739809
5411.742188 0.000000 2676.733887 0.000000 0.778931 0.000000 0.627110 0.774413 0.774413 0.774413
5397.479980 0.000000 2682.450928 0.000000 0.988869 0.000000 -0.148786 0.805369 0.805369 0.805369
5437.015625 0.000000 2761.375244 0.000000 0.929251 0.000000 0.369449 0.771431 0.771431 0.771431
5438.818848 0.000000 2779.556885 0.000000 0.684323 0.000000 -0.729179 0.846512 0.846512 0.846512
5400.537109 0.000000 2704.319580 0.000000 0.499923 0.000000 -0.866070 0.859613 0.859613 0.859613
5442.669922 0.000000 2765.068115 0.000000 0.083517 0.000000 0.996506 0.669903 0.669903 0.669903
5428.764160 0.000000 2773.989014 0.000000 0.243024 0.000000 -0.970020 0.852410 0.852410 0.852410
5450.754395 0.000000 2713.459961 0.000000 0.876070 0.000000 -0.482184 0.825324 0.825324 0.825324
5428.056641 0.000000 2762.860107 0.000000 0.310144 0.000000 0.950690 0.725529 0.725529 0.725529
5412.685547 0.000000 2725.418701 0.000000 0.998094 0.000000 -0.061713 0.804995 0.804995 0.804995
5405.420898 0.000000 2728.049072 0.000000 0.999230 0.000000 -0.039232 0.801411 0.801411 0.801411
5457.967285 0.000000 2699.658691 0.000000 0.007829 0.000000 -0.999969 0.842142 0.842142 0.842142
5444.737793 0.000000 2703.472900 0.000000 0.812269 0.000000 0.583283 0.772387 0.772387 0.772387
5404.804199 0.000000 2709.781494 0.000000 0.528970 0.000000 -0.848641 0.857685 0.857685 0.857685
5474.143066 0.000000 2707.843750 0.000000 0.941555 0.000000 -0.336860 0.818734 0.818734 0.818734
5455.244141 0.000000 2759.680908 0.000000 0.844143 0.000000 -0.536119 0.819664 0.819664 0.819664
5407.792969 0.000000 2686.831299 0.000000 0.532918 0.000000 -0.846167 0.827199 0.827199 0.827199
5415.786133 0.000000 2736.205811 0.000000 0.919627 0.000000 0.392792 0.778958 0.778958 0.778958
5452.691406 0.000000 2766.223633 0.000000 0.062049 0.000000 -0.998073 0.885878 0.885878 0.885878
5393.798828 0.000000 2703.145264 0.000000 0.637422 0.000000 0.770515 0.776809 0.776809 0.776809
5422.365723 0.000000 2768.173096 0.000000 0.935403 0.000000 -0.353584 0.834863 0.834863 0.834863
5468.059082 0.000000 2759.151611 0.000000 0.890962 0.000000 0.454078 0.769217 0.769217 0.769217
5459.938965 0.000000 2715.876465 0.000000 0.887962 0.000000 0.459916 0.771652 0.771652 0.771652
5441.846680 0.000000 2748.888428 0.000000 0.863520 0.000000 0.504315 0.750276 0.750276 0.750276
5443.404785 0.000000 2754.292725 0.000000 0.635307 0.000000 0.772260 0.736556 0.736556 0.736556
5406.816895 0.000000 2717.936035 0.000000 0.990167 0.000000 -0.139893 0.812446 0.812446 0.812446
5408.004883 0.000000 2699.672363 0.000000 0.951234 0.000000 -0.308469 0.817850 0.817850 0.817850
5421.631348 0.000000 2708.537354 0.000000 0.758210 0.000000 -0.652011 0.851492 0.851492 0.851492
5433.163574 0.000000 2764.560059 0.000000 0.722502 0.000000 0.691369 0.731848 0.731848 0.731848
5424.285156 0.000000 2742.336670 0.000000 0.737998 0.000000 0.674803 0.757395 0.757395 0.757395
5433.694824 0.000000 2770.600098 0.000000 0.996721 0.000000 0.080910 0.796312 0.796312 0.796312
5467.568359 0.000000 2726.916992 0.000000 0.233270 0.000000 0.972412 0.739992 0.739992 0.739992
5434.392090 0.000000 2740.708496 0.000000 0.959791 0.000000 -0.280716 0.823016 0.823016 0.823016
5395.649414 0.000000 2769.193848 0.000000 0.149239 0.000000 -0.988801 0.939633 0.939633 0.939633
5418.732910 0.000000 2743.514404 0.000000 0.911687 0.000000 0.410884 0.791374 0.791374 0.791374
5411.472168 0.000000 2746.510742 0.000000 0.718424 0.000000 0.695605 0.764970 0.764970 0.764970
5416.898438 0.000000 2683.012939 0.000000 0.920089 0.000000 -0.391709 0.819534 0.819534 0.819534
5452.785645 0.000000 2776.344727 0.000000 0.634607 0.000000 0.772835 0.713204 0.713204 0.713204
5451.507324 0.000000 2751.977295 0.000000 0.644707 0.000000 -0.764430 0.828154 0.828154 0.828154
5407.420410 0.000000 2679.646240 0.000000 0.999023 0.000000 -0.044184 0.802860 0.802860 0.802860
5435.769043 0.000000 2731.182129 0.000000 0.466592 0.000000 0.884473 0.766183 0.766183 0.766183
5466.679688 0.000000 2731.898682 0.000000 0.125621 0.000000 -0.992078 0.882242 0.882242 0.882242
5426.172363 0.000000 2758.444336 0.000000 0.979526 0.000000 -0.201320 0.810081 0.810081 0.810081
5411.377930 0.000000 2719.631104 0.000000 0.998224 0.000000 -0.059572 0.804821 0.804821 0.804821
5463.325195 0.000000 2691.529541 0.000000 0.963094 0.000000 -0.269166 0.816819 0.816819 0.816819
5453.460449 0.000000 2679.769287 0.000000 0.932546 0.000000 -0.361052 0.826560 0.826560 0.826560
5394.857422 0.000000 2762.920654 0.000000 0.331618 0.000000 -0.943414 0.876081 0.876081 0.876081
5467.889160 0.000000 2715.728027 0.000000 0.382777 0.000000 0.923841 0.731535 0.731535 0.731535
5404.273926 0.000000 2690.249512 0.000000 0.898415 0.000000 0.439148 0.769762 0.769762 0.769762
5465.136719 0.000000 2768.931396 0.000000 0.240515 0.000000 -0.970645 0.901046 0.901046 0.901046
5464.277344 0.000000 2700.563232 0.000000 0.146853 0.000000 0.989158 0.764180 0.764180 0.764180
5429.065430 0.000000 2702.384277 0.000000 0.771187 0.000000 -0.636608 0.825222 0.825222 0.825222
5434.537598 0.000000 2698.521484 0.000000 0.735411 0.000000 -0.677621 0.840595 0.840595 0.840595
5400.550781 0.000000 2732.017090 0.000000 0.473891 0.000000 0.880584 0.682544 0.682544 0.682544
5400.892578 0.000000 2674.613770 0.000000 0.245122 0.000000 0.969492 0.676324 0.676324 0.676324
5411.009766 0.000000 2767.715332 0.000000 0.464237 0.000000 0.885711 0.738068 0.738068 0.738068
5449.398926 0.000000 2773.124512 0.000000 0.384567 0.000000 0.923097 0.733762 0.733762 0.733762
5404.933105 0.000000 2773.604736 0.000000 0.323512 0.000000 0.946224 0.729340 0.729340 0.729340
5398.232422 0.000000 2687.647949 0.000000 0.351856 0.000000 0.936054 0.747747 0.747747 0.747747
5400.239746 0.000000 2710.661621 0.000000 0.834154 0.000000 0.551532 0.780048 0.780048 0.780048
5443.892090 0.000000 2687.959229 0.000000 0.180650 0.000000 -0.983547 0.877407 0.877407 0.877407
5439.048828 0.000000 2679.998535 0.000000 0.922305 0.000000 -0.386463 0.817356 0.817356 0.817356
5425.804688 0.000000 2750.342529 0.000000 0.755847 0.000000 0.654748 0.778186 0.778186 0.778186
5431.964355 0.000000 2707.711914 0.000000 0.120201 0.000000 0.992750 0.755682 0.755682 0.755682
5473.628906 0.000000 2692.569336 0.000000 0.574517 0.000000 0.818493 0.769553 0.769553 0.769553
5436.129883 0.000000 2756.649170 0.000000 0.993927 0.000000 0.110044 0.793723 0.793723 0.793723
5410.540527 0.000000 2704.194092 0.000000 0.999645 0.000000 -0.026657 0.801166 0.801166 0.801166
5437.797852 0.000000 2686.301514 0.000000 0.729854 0.000000 0.683603 0.762568 0.762568 0.762568
5431.113770 0.000000 2779.155273 0.000000 0.877071 0.000000 -0.480360 0.819515 0.819515 0.819515
5470.924316 0.000000 2766.298828 0.000000 0.074047 0.000000 0.997255 0.726465 0.726465 0.726465
5441.720215 0.000000 2769.386475 0.000000 0.306954 0.000000 -0.951724 0.903331 0.903331 0.903331
5423.417969 0.000000 2687.400146 0.000000 0.401082 0.000000 0.916042 0.772938 0.772938 0.772938
5443.274414 0.000000 2778.404053 0.000000 0.865905 0.000000 -0.500209 0.830132 0.830132 0.830132
5451.051758 0.000000 2692.454102 0.000000 0.936006 0.000000 0.351984 0.782759 0.782759 0.782759
5403.439453 0.000000 2765.754395 0.000000 0.865044 0.000000 0.501696 0.786144 0.786144 0.786144
5431.710938 0.000000 2715.305908 0.000000 0.221208 0.000000 -0.975227 0.840376 0.840376 0.840376
5418.245605 0.000000 2692.325684 0.000000 0.487446 0.000000 -0.873153 0.828625 0.828625 0.828625
5447.010254 0.000000 2764.551270 0.000000 0.986980 0.000000 0.160845 0.788191 0.788191 0.788191
5418.504883 0.000000 2770.692383 0.000000 0.906793 0.000000 0.421577 0.782269 0.782269 0.782269
5438.075195 0.000000 2702.723389 0.000000 0.999921 0.000000 -0.012600 0.800989 0.800989 0.800989
5462.740723 0.000000 2762.951416 0.000000 0.819962 0.000000 -0.572418 0.816067 0.816067 0.816067
5457.048340 0.000000 2730.240234 0.000000 0.379664 0.000000 -0.925125 0.851672 0.851672 0.851672
5456.995605 0.000000 2768.363770 0.000000 0.267051 0.000000 -0.963682 0.905192 0.905192 0.905192
5469.532227 0.000000 2735.812500 0.000000 0.914949 0.000000 0.403568 0.777848 0.777848 0.777848
5468.569824 0.000000 2779.013672 0.000000 0.723119 0.000000 0.690723 0.768020 0.768020 0.768020
5464.213379 0.000000 2724.171143 0.000000 0.526537 0.000000 0.850152 0.742152 0.742152 0.742152
5460.144531 0.000000 2754.365234 0.000000 0.783361 0.000000 -0.621567 0.841797 0.841797 0.841797
5429.241699 0.000000 2691.020996 0.000000 0.966950 0.000000 -0.254966 0.813130 0.813130 0.813130
5460.532715 0.000000 2708.775391 0.000000 0.989558 0.000000 0.144134 0.792894 0.792894 0.792894
5403.360840 0.000000 2694.911377 0.000000 0.635695 0.000000 -0.771940 0.869749 0.869749 0.869749
5479.080566 0.000000 2699.287109 0.000000 0.130274 0.000000 -0.991478 0.846596 0.846596 0.846596
5479.149414 0.000000 2762.412842 0.000000 0.870271 0.000000 -0.492574 0.815739 0.815739 0.815739
5437.358398 0.000000 2772.834473 0.000000 0.998910 0.000000 -0.046669 0.801231 0.801231 0.801231
5432.583496 0.000000 2744.596680 0.000000 0.452497 0.000000 0.891766 0.755792 0.755792 0.755792
5422.706055 0.000000 2700.510742 0.000000 0.972717 0.000000 -0.231993 0.813327 0.813327 0.813327
5399.226562 0.000000 2696.365479 0.000000 0.911659 0.000000 -0.410949 0.825121 0.825121 0.825121
5431.440918 0.000000 2684.511230 0.000000 0.830379 0.000000 -0.557199 0.823018 0.823018 0.823018
5402.707031 0.000000 2748.642334 0.000000 0.272410 0.000000 0.962181 0.761983 0.761983 0.761983
5460.938965 0.000000 2774.953369 0.000000 0.545305 0.000000 -0.838238 0.872663 0.872663 0.872663
5451.836914 0.000000 2683.823486 0.000000 0.950294 0.000000 0.311354 0.788997 0.788997 0.788997
5405.250000 0.000000 2779.564453 0.000000 0.955440 0.000000 0.295185 0.782944 0.782944 0.782944
5450.312012 0.000000 2747.030273 0.000000 0.301869 0.000000 -0.953349 0.871957 0.871957 0.871957
5407.951660 0.000000 2764.854248 0.000000 0.085156 0.000000 -0.996368 0.856076 0.856076 0.856076
5465.363281 0.000000 2708.596924 0.000000 0.877476 0.000000 -0.479620 0.823078 0.823078 0.823078
5425.479004 0.000000 2771.078613 0.000000 0.873761 0.000000 -0.486355 0.854475 0.854475 0.854475
5463.921875 0.000000 2717.097900 0.000000 0.531686 0.000000 -0.846941 0.862345 0.862345 0.862345
5408.437988 0.000000 2730.843018 0.000000 0.826807 0.000000 0.562486 0.739866 0.739866 0.739866
5471.263672 0.000000 2762.125244 0.000000 0.894446 0.000000 0.447176 0.772222 0.772222 0.772222
5424.546387 0.000000 2712.093506 0.000000 0.668179 0.000000 0.744001 0.758274 0.758274 0.758274
5415.091309 0.000000 2704.590332 0.000000 0.663433 0.000000 0.748236 0.751879 0.751879 0.751879
5458.244141 0.000000 2694.930176 0.000000 0.995533 0.000000 -0.094411 0.804532 0.804532 0.804532
5416.956055 0.000000 2698.325928 0.000000 0.173780 0.000000 0.984785 0.743953 0.743953 0.743953
5466.072266 0.000000 2695.320557 0.000000 0.648387 0.000000 0.761311 0.750744 0.750744 0.750744
5410.878906 0.000000 2696.706787 0.000000 0.507156 0.000000 0.861854 0.770743 0.770743 0.770743
5445.409180 0.000000 2774.323730 0.000000 0.726807 0.000000 -0.686841 0.841282 0.841282 0.841282
5461.502930 0.000000 2766.953613 0.000000 0.999848 0.000000 0.017437 0.799300 0.799300 0.799300
5414.283691 0.000000 2686.048828 0.000000 0.747550 0.000000 0.664205 0.766921 0.766921 0.766921
5472.950684 0.000000 2699.484375 0.000000 0.816745 0.000000 0.576999 0.771255 0.771255 0.771255
5406.680176 0.000000 2713.628174 0.000000 0.524084 0.000000 -0.851667 0.839082 0.839082 0.839082
5457.046875 0.000000 2773.570557 0.000000 0.539979 0.000000 -0.841679 0.910290 0.910290 0.910290
5414.366211 0.000000 2679.808838 0.000000 0.935775 0.000000 0.352597 0.771284 0.771284 0.771284
5459.431152 0.000000 2686.559570 0.000000 0.566079 0.000000 0.824351 0.714067 0.714067 0.714067
5424.886719 0.000000 2738.360107 0.000000 0.969147 0.000000 -0.246482 0.809550 0.809550 0.809550
5449.672852 0.000000 2717.463135 0.000000 0.999275 0.000000 0.038066 0.797878 0.797878 0.797878
5397.673828 0.000000 2723.867432 0.000000 0.910550 0.000000 -0.413399 0.814811 0.814811 0.814811
5402.258789 0.000000 2741.928223 0.000000 0.424851 0.000000 -0.905263 0.880713 0.880713 0.880713
5430.359375 0.000000 2698.380371 0.000000 0.846296 0.000000 -0.532713 0.819187 0.819187 0.819187
5395.788086 0.000000 2728.862793 0.000000 0.989201 0.000000 -0.146564 0.807668 0.807668 0.807668
5405.068359 0.000000 2738.025879 0.000000 0.720991 0.000000 -0.692945 0.839449 0.839449 0.839449
5427.705078 0.000000 2694.651611 0.000000 0.356331 0.000000 -0.934360 0.849156 0.849156 0.849156
5398.489258 0.000000 2700.927002 0.000000 0.541155 0.000000 0.840923 0.743136 0.743136 0.743136
5397.535156 0.000000 2736.443115 0.000000 0.682254 0.000000 -0.731115 0.853551 0.853551 0.853551
5475.241699 0.000000 2711.853027 0.000000 0.803903 0.000000 0.594761 0.773666 0.773666 0.773666
5426.519531 0.000000 2719.820557 0.000000 0.542743 0.000000 0.839899 0.754595 0.754595 0.754595
5441.036621 0.000000 2741.640381 0.000000 0.767812 0.000000 -0.640676 0.870414 0.870414 0.870414
5468.947754 0.000000 2769.600342 0.000000 0.675384 0.000000 0.737466 0.765714 0.765714 0.765714
5398.119629 0.000000 2774.811279 0.000000 0.998602 0.000000 -0.052863 0.802694 0.802694 0.802694
5437.757324 0.000000 2734.537354 0.000000 0.992956 0.000000 -0.118482 0.806760 0.806760 0.806760
5404.860352 0.000000 2745.403809 0.000000 0.038405 0.000000 -0.999262 0.887225 0.887225 0.887225
5454.963379 0.000000 2691.861328 0.000000 0.840420 0.000000 -0.541935 0.847700 0.847700 0.847700
5425.766602 0.000000 2766.053955 0.000000 0.457187 0.000000 -0.889371 0.895217 0.895217 0.895217
5457.316406 0.000000 2750.935059 0.000000 0.663922 0.000000 0.747802 0.755459 0.755459 0.755459
5435.525391 0.000000 2678.665039 0.000000 0.246000 0.000000 0.969270 0.746127 0.746127 0.746127
5401.077637 0.000000 2762.190918 0.000000 0.535574 0.000000 -0.844488 0.842177 0.842177 0.842177
5471.266113 0.000000 2695.531006 0.000000 0.760596 0.000000 -0.649226 0.840219 0.840219 0.840219
5406.157227 0.000000 2683.244141 0.000000 0.800142 0.000000 -0.599810 0.840470 0.840470 0.840470
5423.680176 0.000000 2716.934814 0.000000 0.652580 0.000000 -0.757720 0.833486 0.833486 0.833486
5459.754395 0.000000 2702.984131 0.000000 0.647075 0.000000 0.762427 0.717397 0.717397 0.717397
5439.887207 0.000000 2756.273438 0.000000 0.549877 0.000000 -0.835245 0.884111 0.884111 0.884111
5417.020996 0.000000 2739.976562 0.000000 0.604965 0.000000 -0.796252 0.835872 0.835872 0.835872
5464.007812 0.000000 2772.480225 0.000000 0.796668 0.000000 -0.604418 0.861055 0.861055 0.861055
5398.645020 0.000000 2741.041504 0.000000 0.115302 0.000000 0.993330 0.704087 0.704087 0.704087
5454.636719 0.000000 2780.061035 0.000000 0.154211 0.000000 -0.988038 0.856843 0.856843 0.856843
5408.773438 0.000000 2690.761963 0.000000 0.177568 0.000000 -0.984109 0.865903 0.865903 0.865903
5450.513672 0.000000 2769.448242 0.000000 0.258259 0.000000 -0.966076 0.857280 0.857280 0.857280
5393.794434 0.000000 2736.217285 0.000000 0.997034 0.000000 0.076956 0.797138 0.797138 0.797138
5474.685059 0.000000 2759.991943 0.000000 0.317075 0.000000 -0.948400 0.886751 0.886751 0.886751
5428.629883 0.000000 2706.067627 0.000000 0.905810 0.000000 -0.423684 0.822806 0.822806 0.822806
5409.137695 0.000000 2726.887695 0.000000 0.955659 0.000000 -0.294476 0.828655 0.828655 0.828655
5444.026855 0.000000 2707.203125 0.000000 0.856294 0.000000 -0.516488 0.829593 0.829593 0.829593
5455.839355 0.000000 2687.241455 0.000000 0.816409 0.000000 -0.577473 0.869347 0.869347 0.869347
5404.130371 0.000000 2720.405029 0.000000 0.844067 0.000000 -0.536239 0.832894 0.832894 0.832894
5438.018066 0.000000 2748.975586 0.000000 0.300590 0.000000 -0.953754 0.876583 0.876583 0.876583
5446.050293 0.000000 2712.682129 0.000000 0.629525 0.000000 0.776981 0.749348 0.749348 0.749348
5448.500000 0.000000 2688.633301 0.000000 0.119831 0.000000 -0.992794 0.879098 0.879098 0.879098
5432.133301 0.000000 2723.959473 0.000000 0.921502 0.000000 0.388374 0.777296 0.777296 0.777296
5422.986328 0.000000 2678.107178 0.000000 0.409181 0.000000 0.912453 0.757307 0.757307 0.757307
5435.374023 0.000000 2779.005127 0.000000 0.168871 0.000000 -0.985638 0.875556 0.875556 0.875556
5408.434570 0.000000 2744.809082 0.000000 0.751244 0.000000 0.660025 0.758968 0.758968 0.758968
5458.183105 0.000000 2757.406982 0.000000 0.957615 0.000000 -0.288050 0.830462 0.830462 0.830462
5418.983887 0.000000 2711.045166 0.000000 0.295929 0.000000 -0.955210 0.898952 0.898952 0.898952
5415.857422 0.000000 2689.491211 0.000000 0.063524 0.000000 -0.997980 0.874956 0.874956 0.874956
5418.940430 0.000000 2706.241943 0.000000 0.871459 0.000000 -0.490468 0.829179 0.829179 0.829179
5454.621094 0.000000 2714.086426 0.000000 0.949425 0.000000 -0.313994 0.826218 0.826218 0.826218
5440.414551 0.000000 2762.333008 0.000000 0.058632 0.000000 0.998280 0.710303 0.710303 0.710303
5458.481445 0.000000 2679.865479 0.000000 0.352730 0.000000 0.935725 0.722405 0.722405 0.722405
5401.882324 0.000000 2707.575195 0.000000 0.511208 0.000000 0.859457 0.741132 0.741132 0.741132
5403.597656 0.000000 2702.301270 0.000000 0.984188 0.000000 -0.177128 0.807042 0.807042 0.807042
5411.480469 0.000000 2693.085693 0.000000 0.953273 0.000000 -0.302109 0.817469 0.817469 0.817469
5414.477539 0.000000 2768.003418 0.000000 0.433212 0.000000 0.901292 0.739456 0.739456 0.739456
5464.872070 0.000000 2757.248047 0.000000 0.749815 0.000000 0.661648 0.768809 0.768809 0.768809
5446.919434 0.000000 2746.235840 0.000000 0.304595 0.000000 0.952482 0.716115 0.716115 0.716115
5396.959961 0.000000 2760.191406 0.000000 0.244753 0.000000 0.969585 0.724663 0.724663 0.724663
5456.524414 0.000000 2708.135742 0.000000 0.573080 0.000000 -0.819499 0.855826 0.855826 0.855826
5406.211914 0.000000 2758.217041 0.000000 0.922837 0.000000 0.385190 0.782942 0.782942 0.782942
5437.528809 0.000000 2776.366943 0.000000 0.776817 0.000000 -0.629726 0.838775 0.838775 0.838775
5478.481445 0.000000 2704.120361 0.000000 0.749536 0.000000 -0.661963 0.832076 0.832076 0.832076
5429.450684 0.000000 2756.466064 0.000000 0.638843 0.000000 -0.769338 0.835239 0.835239 0.835239
5425.424805 0.000000 2745.811035 0.000000 0.829688 0.000000 0.558227 0.765934 0.765934 0.765934
5401.014648 0.000000 2682.134766 0.000000 0.968386 0.000000 -0.249455 0.815408 0.815408 0.815408
5463.495117 0.000000 2733.192139 0.000000 0.540347 0.000000 0.841442 0.743082 0.743082 0.743082
5457.652344 0.000000 2718.403076 0.000000 0.949045 0.000000 -0.315140 0.815752 0.815752 0.815752
5429.724609 0.000000 2718.634521 0.000000 0.330698 0.000000 0.943737 0.729773 0.729773 0.729773
5425.113281 0.000000 2707.765137 0.000000 0.723845 0.000000 0.689963 0.763501 0.763501 0.763501
5419.895020 0.000000 2680.704590 0.000000 0.437826 0.000000 0.899060 0.726339 0.726339 0.726339
5413.196777 0.000000 2707.486572 0.000000 0.275024 0.000000 -0.961437 0.851874 0.851874 0.851874
5458.900391 0.000000 2760.911133 0.000000 0.610060 0.000000 0.792355 0.750129 0.750129 0.750129
5401.441406 0.000000 2688.610107 0.000000 0.061838 0.000000 -0.998086 0.884081 0.884081 0.884081
5401.018555 0.000000 2768.215088 0.000000 0.947929 0.000000 0.318481 0.783492 0.783492 0.783492
5415.788086 0.000000 2723.587646 0.000000 0.287450 0.000000 0.957796 0.745580 0.745580 0.745580
5451.396973 0.000000 2779.377686 0.000000 0.608582 0.000000 -0.793491 0.877980 0.877980 0.877980
5399.165039 0.000000 2679.388428 0.000000 0.917198 0.000000 -0.398432 0.833885 0.833885 0.833885
5413.059570 0.000000 2734.326416 0.000000 0.433878 0.000000 0.900972 0.730084 0.730084 0.730084
5441.534180 0.000000 2703.062256 0.000000 0.827408 0.000000 0.561601 0.748549 0.748549 0.748549
5465.030762 0.000000 2760.616943 0.000000 0.408015 0.000000 0.912975 0.740715 0.740715 0.740715
5430.009277 0.000000 2765.436035 0.000000 0.999567 0.000000 -0.029419 0.801763 0.801763 0.801763
5439.148438 0.000000 2683.225586 0.000000 0.815202 0.000000 0.579177 0.744482 0.744482 0.744482
5405.928223 0.000000 2697.183838 0.000000 0.389690 0.000000 0.920946 0.721451 0.721451 0.721451
5466.527832 0.000000 2776.513184 0.000000 0.404781 0.000000 0.914414 0.746756 0.746756 0.746756
5463.132812 0.000000 2720.719238 0.000000 0.275125 0.000000 -0.961409 0.875095 0.875095 0.875095
5460.403809 0.000000 2730.409668 0.000000 0.996347 0.000000 -0.085399 0.804764 0.804764 0.804764
5402.003418 0.000000 2735.071777 0.000000 0.109682 0.000000 0.993967 0.652070 0.652070 0.652070
5444.604004 0.000000 2762.209229 0.000000 0.948543 0.000000 -0.316649 0.815444 0.815444 0.815444
5428.341797 0.000000 2743.667236 0.000000 0.951488 0.000000 0.307685 0.778075 0.778075 0.778075
5437.598145 0.000000 2741.476562 0.000000 0.367826 0.000000 -0.929894 0.924495 0.924495 0.924495
5444.343750 0.000000 2771.294922 0.000000 0.850128 0.000000 -0.526575 0.836883 0.836883 0.836883
5472.196289 0.000000 2711.029785 0.000000 0.745082 0.000000 0.666973 0.761502 0.761502 0.761502
5431.074219 0.000000 2761.801514 0.000000 0.154683 0.000000 -0.987964 0.885660 0.885660 0.885660
5432.396973 0.000000 2767.616455 0.000000 0.898524 0.000000 -0.438925 0.833761 0.833761 0.833761
5419.265625 0.000000 2735.693359 0.000000 0.985158 0.000000 -0.171652 0.808062 0.808062 0.808062
5469.708008 0.000000 2775.910645 0.000000 0.074897 0.000000 -0.997191 0.886041 0.886041 0.886041
5408.210938 0.000000 2734.437744 0.000000 0.973164 0.000000 -0.230111 0.812243 0.812243 0.812243
5440.916504 0.000000 2686.872070 0.000000 0.657009 0.000000 -0.753883 0.854748 0.854748 0.854748
5459.970703 0.000000 2712.618164 0.000000 0.071453 0.000000 0.997444 0.714659 0.714659 0.714659
5411.147461 0.000000 2686.596436 0.000000 0.906068 0.000000 -0.423133 0.828534 0.828534 0.828534
5432.752930 0.000000 2680.694580 0.000000 0.020164 0.000000 -0.999797 0.872469 0.872469 0.872469
5461.414551 0.000000 2688.993408 0.000000 0.820535 0.000000 -0.571597 0.841561 0.841561 0.841561
5435.398926 0.000000 2745.838867 0.000000 0.305705 0.000000 0.952126 0.741863 0.741863 0.741863
5410.905762 0.000000 2722.763672 0.000000 0.998157 0.000000 -0.060678 0.806039 0.806039 0.806039
5403.909180 0.000000 2776.529297 0.000000 0.852199 0.000000 -0.523217 0.829363 0.829363 0.829363
5441.393066 0.000000 2751.949951 0.000000 0.999556 0.000000 0.029810 0.797856 0.797856 0.797856
5403.190430 0.000000 2759.156494 0.000000 0.721539 0.000000 -0.692374 0.843532 0.843532 0.843532
5469.881836 0.000000 2713.260010 0.000000 0.113870 0.000000 0.993496 0.709229 0.709229 0.709229
5466.740234 0.000000 2712.737793 0.000000 0.208782 0.000000 0.977962 0.733973 0.733973 0.733973
5394.695801 0.000000 2766.206299 0.000000 0.999970 0.000000 0.007755 0.799396 0.799396 0.799396
5435.911621 0.000000 2738.015381 0.000000 0.705956 0.000000 0.708256 0.750486 0.750486 0.750486
5401.409180 0.000000 2774.534668 0.000000 0.994798 0.000000 -0.101871 0.805686 0.805686 0.805686
5454.381348 0.000000 2676.803711 0.000000 0.979272 0.000000 0.202552 0.784724 0.784724 0.784724
5426.786133 0.000000 2754.098389 0.000000 0.688943 0.000000 -0.724815 0.844693 0.844693 0.844693
5458.996094 0.000000 2706.143799 0.000000 0.201102 0.000000 0.979570 0.695059 0.695059 0.695059
5419.948730 0.000000 2699.236084 0.000000 0.596435 0.000000 -0.802661 0.851920 0.851920 0.851920
5403.731934 0.000000 2770.596924 0.000000 0.900199 0.000000 -0.435478 0.825377 0.825377 0.825377
5449.205078 0.000000 2766.656006 0.000000 0.642987 0.000000 0.765877 0.743546 0.743546 0.743546
5438.501465 0.000000 2769.980225 0.000000 0.263413 0.000000 0.964683 0.700754 0.700754 0.700754
5395.028809 0.000000 2722.255859 0.000000 0.724734 0.000000 -0.689029 0.840536 0.840536 0.840536
5410.669922 0.000000 2679.548584 0.000000 0.999960 0.000000 0.008970 0.799355 0.799355 0.799355
5403.669922 0.000000 2676.199951 0.000000 0.974245 0.000000 0.225492 0.781875 0.781875 0.781875
5397.530273 0.000000 2771.843994 0.000000 0.412571 0.000000 0.910925 0.690182 0.690182 0.690182
5460.845215 0.000000 2693.251953 0.000000 0.215649 0.000000 0.976471 0.708363 0.708363 0.708363
5434.739258 0.000000 2685.872559 0.000000 0.579863 0.000000 -0.814714 0.859908 0.859908 0.859908
5399.586914 0.000000 2684.794922 0.000000 0.645498 0.000000 -0.763762 0.844264 0.844264 0.844264
5410.658691 0.000000 2701.194824 0.000000 0.216131 0.000000 0.976364 0.722989 0.722989 0.722989
5467.355957 0.000000 2706.416992 0.000000 0.797204 0.000000 -0.603710 0.836893 0.836893 0.836893
5414.252441 0.000000 2691.999268 0.000000 0.882395 0.000000 0.470510 0.775051 0.775051 0.775051
5454.370605 0.000000 2750.736328 0.000000 0.321553 0.000000 -0.946891 0.870778 0.870778 0.870778
5451.180176 0.000000 2677.800049 0.000000 0.318572 0.000000 0.947899 0.732778 0.732778 0.732778
5439.193848 0.000000 2759.376953 0.000000 0.792393 0.000000 -0.610012 0.846779 0.846779 0.846779
5434.044434 0.000000 2760.955566 0.000000 0.976883 0.000000 -0.213776 0.818201 0.818201 0.818201
5476.246582 0.000000 2699.963623 0.000000 0.929758 0.000000 -0.368171 0.820558 0.820558 0.820558
5438.101562 0.000000 2764.170898 0.000000 0.840478 0.000000 -0.541846 0.848721 0.848721 0.848721
5409.008789 0.000000 2684.082520 0.000000 0.209048 0.000000 0.977905 0.705461 0.705461 0.705461
5444.745117 0.000000 2767.080322 0.000000 0.009159 0.000000 0.999958 0.637190 0.637190 0.637190
5413.660156 0.000000 2721.593750 0.000000 0.999848 0.000000 0.017416 0.798842 0.798842 0.798842
5461.017090 0.000000 2718.726562 0.000000 0.941311 0.000000 -0.337541 0.824343 0.824343 0.824343
5397.871582 0.000000 2730.903564 0.000000 0.773517 0.000000 0.633775 0.757638 0.757638 0.757638
5471.184082 0.000000 2759.076660 0.000000 0.949784 0.000000 0.312905 0.775401 0.775401 0.775401
5410.592285 0.000000 2732.800781 0.000000 0.628768 0.000000 0.777593 0.717267 0.717267 0.717267
5436.964355 0.000000 2699.996826 0.000000 0.919364 0.000000 0.393408 0.776985 0.776985 0.776985
5448.097656 0.000000 2714.707031 0.000000 0.141382 0.000000 0.989955 0.715238 0.715238 0.715238
5444.364746 0.000000 2747.588135 0.000000 0.490990 0.000000 -0.871165 0.896317 0.896317 0.896317
5476.566406 0.000000 2706.228027 0.000000 0.217337 0.000000 0.976097 0.723059 0.723059 0.723059
5430.609863 0.000000 2721.275146 0.000000 0.269304 0.000000 0.963055 0.726109 0.726109 0.726109
5409.485840 0.000000 2717.125000 0.000000 0.678028 0.000000 0.735036 0.734693 0.734693 0.734693
5443.680664 0.000000 2740.391357 0.000000 0.939556 0.000000 0.342395 0.777595 0.777595 0.777595
5465.565918 0.000000 2729.072266 0.000000 0.286465 0.000000 -0.958091 0.872874 0.872874 0.872874
5405.308594 0.000000 2692.834717 0.000000 0.469002 0.000000 0.883197 0.711779 0.711779 0.711779
5457.526367 0.000000 2714.395264 0.000000 0.278574 0.000000 0.960415 0.718937 0.718937 0.718937
5440.432129 0.000000 2766.810791 0.000000 0.239401 0.000000 -0.970921 0.929005 0.929005 0.929005
5398.343262 0.000000 2768.732666 0.000000 0.580231 0.000000 -0.814452 0.865012 0.865012 0.865012
5452.217285 0.000000 2715.775879 0.000000 0.455014 0.000000 0.890484 0.708519 0.708519 0.708519
5454.180664 0.000000 2768.520752 0.000000 0.923915 0.000000 -0.382598 0.825876 0.825876 0.825876
5403.877930 0.000000 2681.691162 0.000000 0.296934 0.000000 -0.954898 0.884420 0.884420 0.884420
5450.084473 0.000000 2775.826660 0.000000 0.031312 0.000000 0.999510 0.681009 0.681009 0.681009
5452.110840 0.000000 2773.572998 0.000000 0.934559 0.000000 -0.355809 0.826592 0.826592 0.826592
5431.534668 0.000000 2742.009277 0.000000 0.069008 0.000000 0.997616 0.699223 0.699223 0.699223
5435.013672 0.000000 2768.222656 0.000000 0.299489 0.000000 0.954100 0.699062 0.699062 0.699062
5441.595215 0.000000 2680.955566 0.000000 0.535633 0.000000 -0.844451 0.863262 0.863262 0.863262
5421.884766 0.000000 2711.412109 0.000000 0.971264 0.000000 -0.238005 0.820158 0.820158 0.820158
5440.018555 0.000000 2700.865723 0.000000 0.640142 0.000000 -0.768257 0.862468 0.862468 0.862468
5435.354980 0.000000 2743.194336 0.000000 0.238772 0.000000 -0.971076 0.901980 0.901980 0.901980
5447.000488 0.000000 2771.894043 0.000000 0.495673 0.000000 -0.868509 0.868718 0.868718 0.868718
5402.715820 0.000000 2692.359375 0.000000 0.563202 0.000000 -0.826319 0.875171 0.875171 0.875171
5464.016113 0.000000 2775.122314 0.000000 0.889143 0.000000 -0.457630 0.831328 0.831328 0.831328
5441.896484 0.000000 2738.333740 0.000000 0.827264 0.000000 0.561813 0.759965 0.759965 0.759965
5456.003418 0.000000 2678.953125 0.000000 0.810319 0.000000 0.585988 0.744854 0.744854 0.744854
5417.073242 0.000000 2680.305176 0.000000 0.989958 0.000000 -0.141364 0.809689 0.809689 0.809689
5466.251465 0.000000 2771.214600 0.000000 0.950194 0.000000 -0.311659 0.825826 0.825826 0.825826
5462.628906 0.000000 2769.346436 0.000000 0.879815 0.000000 0.475317 0.764386 0.764386 0.764386
5442.363770 0.000000 2756.623779 0.000000 0.434300 0.000000 0.900768 0.715329 0.715329 0.715329
5507.522949 0.000000 2696.136230 0.000000 0.031573 0.000000 0.999501 0.712386 0.712386 0.712386
5553.134277 0.000000 2754.073242 0.000000 0.539798 0.000000 -0.841795 0.856955 0.856955 0.856955
5489.543457 0.000000 2714.703125 0.000000 0.248086 0.000000 0.968738 0.764407 0.764407 0.764407
5549.830078 0.000000 2728.293457 0.000000 0.027191 0.000000 0.999630 0.725085 0.725085 0.725085
5485.896484 0.000000 2765.414551 0.000000 0.596403 0.000000 0.802685 0.769852 0.769852 0.769852
5533.969238 0.000000 2749.857422 0.000000 0.984151 0.000000 0.177332 0.797970 0.797970 0.797970
5554.611328 0.000000 2773.378418 0.000000 0.952551 0.000000 0.304379 0.782395 0.782395 0.782395
5499.663574 0.000000 2730.862061 0.000000 0.368231 0.000000 -0.929734 0.845059 0.845059 0.845059
5482.476562 0.000000 2698.308594 0.000000 0.377071 0.000000 -0.926184 0.803548 0.803548 0.803548
5560.820801 0.000000 2683.287598 0.000000 0.337393 0.000000 -0.941364 0.836749 0.836749 0.836749
5518.996582 0.000000 2758.805176 0.000000 0.065398 0.000000 0.997859 0.714313 0.714313 0.714313
5498.578125 0.000000 2682.716309 0.000000 0.925655 0.000000 -0.378367 0.813020 0.813020 0.813020
5560.270996 0.000000 2740.163330 0.000000 0.143774 0.000000 0.989611 0.770084 0.770084 0.770084
5527.342285 0.000000 2675.610107 0.000000 0.687112 0.000000 -0.726552 0.806822 0.806822 0.806822
5520.777344 0.000000 2703.455811 0.000000 0.716247 0.000000 -0.697847 0.829156 0.829156 0.829156
5545.742676 0.000000 2741.662598 0.000000 0.663612 0.000000 -0.748077 0.844056 0.844056 0.844056
5498.942871 0.000000 2763.151123 0.000000 0.081171 0.000000 -0.996700 0.824990 0.824990 0.824990
5503.363770 0.000000 2708.632812 0.000000 0.577854 0.000000 0.816140 0.757098 0.757098 0.757098
5562.075195 0.000000 2763.675049 0.000000 0.757642 0.000000 0.652670 0.748445 0.748445 0.748445
5526.206055 0.000000 2717.929199 0.000000 0.639809 0.000000 0.768534 0.762711 0.762711 0.762711
5544.524414 0.000000 2777.646729 0.000000 0.529770 0.000000 0.848141 0.790900 0.790900 0.790900
5565.322266 0.000000 2774.524658 0.000000 0.822225 0.000000 -0.569163 0.834465 0.834465 0.834465
5493.127441 0.000000 2704.661133 0.000000 0.169283 0.000000 0.985567 0.740413 0.740413 0.740413
5563.991699 0.000000 2751.167725 0.000000 0.638207 0.000000 -0.769864 0.820532 0.820532 0.820532
5554.096191 0.000000 2676.465088 0.000000 0.973087 0.000000 0.230437 0.798746 0.798746 0.798746
5511.658691 0.000000 2704.345215 0.000000 0.629126 0.000000 0.777304 0.771192 0.771192 0.771192
5521.719727 0.000000 2726.435303 0.000000 0.316336 0.000000 -0.948647 0.808232 0.808232 0.808232
5535.147949 0.000000 2778.088867 0.000000 0.291091 0.000000 0.956695 0.755676 0.755676 0.755676
5483.506348 0.000000 2707.940918 0.000000 0.270880 0.000000 -0.962613 0.842725 0.842725 0.842725
5494.756836 0.000000 2723.258789 0.000000 0.363231 0.000000 0.931699 0.741088 0.741088 0.741088
5493.393066 0.000000 2674.697510 0.000000 0.945850 0.000000 0.324603 0.796633 0.796633 0.796633
5481.037109 0.000000 2758.286865 0.000000 0.306249 0.000000 0.951951 0.736607 0.736607 0.736607
5505.827637 0.000000 2687.526123 0.000000 0.611309 0.000000 0.791392 0.750215 0.750215 0.750215
5563.062012 0.000000 2674.966797 0.000000 0.776033 0.000000 -0.630693 0.833121 0.833121 0.833121
5515.784668 0.000000 2768.524658 0.000000 0.824165 0.000000 -0.566350 0.818398 0.818398 0.818398
5553.825195 0.000000 2764.420898 0.000000 0.301229 0.000000 0.953552 0.777265 0.777265 0.777265
5552.247070 0.000000 2736.523682 0.000000 0.189934 0.000000 0.981797 0.721466 0.721466 0.721466
5492.107422 0.000000 2733.753906 0.000000 0.962714 0.000000 -0.270520 0.808699 0.808699 0.808699
5554.255371 0.000000 2745.707031 0.000000 0.104439 0.000000 -0.994531 0.857102 0.857102 0.857102
5521.332520 0.000000 2711.672607 0.000000 0.037593 0.000000 -0.999293 0.938716 0.938716 0.938716
5493.572754 0.000000 2769.147461 0.000000 0.306161 0.000000 -0.951980 0.817359 0.817359 0.817359
5505.050781 0.000000 2677.873291 0.000000 0.726234 0.000000 -0.687448 0.811808 0.811808 0.811808
5497.766602 0.000000 2714.491211 0.000000 0.051584 0.000000 -0.998669 0.844603 0.844603 0.844603
5537.365234 0.000000 2742.896973 0.000000 0.998916 0.000000 -0.046551 0.801758 0.801758 0.801758
5528.372559 0.000000 2774.247559 0.000000 0.419338 0.000000 -0.907830 0.815002 0.815002 0.815002
5527.360352 0.000000 2706.667236 0.000000 0.233017 0.000000 0.972473 0.787196 0.787196 0.787196
5547.671875 0.000000 2748.911865 0.000000 0.978332 0.000000 0.207040 0.796751 0.796751 0.796751
5559.657715 0.000000 2756.579834 0.000000 0.999434 0.000000 -0.033647 0.801190 0.801190 0.801190
5492.180664 0.000000 2761.652588 0.000000 0.816895 0.000000 -0.576786 0.822470 0.822470 0.822470
5499.259277 0.000000 2689.563232 0.000000 0.749291 0.000000 0.662241 0.791760 0.791760 0.791760
5559.815918 0.000000 2777.964355 0.000000 0.578245 0.000000 -0.815863 0.833733 0.833733 0.833733
5560.581055 0.000000 2770.056152 0.000000 0.983809 0.000000 -0.179221 0.812632 0.812632 0.812632
5567.402344 0.000000 2767.517822 0.000000 0.335264 0.000000 0.942124 0.772020 0.772020 0.772020
5548.473145 0.000000 2758.693604 0.000000 0.651692 0.000000 -0.758484 0.812897 0.812897 0.812897
5541.368652 0.000000 2747.756592 0.000000 0.052995 0.000000 -0.998595 0.917314 0.917314 0.917314
5514.846680 0.000000 2709.697510 0.000000 0.419485 0.000000 -0.907762 0.817727 0.817727 0.817727
5487.322266 0.000000 2720.807861 0.000000 0.990524 0.000000 -0.137343 0.803220 0.803220 0.803220
5528.315430 0.000000 2724.174805 0.000000 0.228860 0.000000 -0.973459 0.844155 0.844155 0.844155
5550.725098 0.000000 2778.134033 0.000000 0.975890 0.000000 -0.218263 0.813447 0.813447 0.813447
5564.652832 0.000000 2744.429199 0.000000 0.792399 0.000000 0.610003 0.759904 0.759904 0.759904
5566.175781 0.000000 2680.591309 0.000000 0.615098 0.000000 -0.788451 0.840816 0.840816 0.840816
5565.335938 0.000000 2758.197510 0.000000 0.897681 0.000000 0.440647 0.753246 0.753246 0.753246
5547.071289 0.000000 2733.756348 0.000000 0.154063 0.000000 -0.988061 0.824606 0.824606 0.824606
5565.682617 0.000000 2737.223877 0.000000 0.912951 0.000000 -0.408070 0.820400 0.820400 0.820400
5487.086914 0.000000 2758.443848 0.000000 0.979291 0.000000 -0.202458 0.806596 0.806596 0.806596
5558.003906 0.000000 2750.534424 0.000000 0.578530 0.000000 0.815661 0.733702 0.733702 0.733702
5506.042969 0.000000 2702.675049 0.000000 0.927395 0.000000 -0.374084 0.821824 0.821824 0.821824
5501.591309 0.000000 2694.993164 0.000000 0.702483 0.000000 -0.711701 0.814235 0.814235 0.814235
5497.056152 0.000000 2708.726562 0.000000 0.014943 0.000000 0.999888 0.703049 0.703049 0.703049
5498.734375 0.000000 2676.733887 0.000000 0.863796 0.000000 -0.503843 0.818350 0.818350 0.818350
5487.529297 0.000000 2704.319580 0.000000 0.950599 0.000000 0.310422 0.782034 0.782034 0.782034
5515.048828 0.000000 2762.860107 0.000000 0.613194 0.000000 -0.789932 0.845290 0.845290 0.845290
5499.677734 0.000000 2725.418701 0.000000 0.898470 0.000000 -0.439035 0.811438 0.811438 0.811438
5492.413086 0.000000 2728.049072 0.000000 0.355999 0.000000 0.934487 0.758061 0.758061 0.758061
5491.796387 0.000000 2709.781494 0.000000 0.600352 0.000000 0.799736 0.733359 0.733359 0.733359
5550.996094 0.000000 2741.608643 0.000000 0.445307 0.000000 0.895378 0.715590 0.715590 0.715590
5480.791016 0.000000 2703.145264 0.000000 0.618840 0.000000 0.785517 0.773473 0.773473 0.773473
5555.051270 0.000000 2759.151611 0.000000 0.716407 0.000000 0.697682 0.757436 0.757436 0.757436
5493.809082 0.000000 2717.936035 0.000000 0.128309 0.000000 0.991734 0.717912 0.717912 0.717912
5508.623535 0.000000 2708.537354 0.000000 0.487192 0.000000 -0.873295 0.827360 0.827360 0.827360
5520.155762 0.000000 2764.560059 0.000000 0.917323 0.000000 -0.398144 0.808342 0.808342 0.808342
5558.911621 0.000000 2678.392334 0.000000 0.703799 0.000000 -0.710399 0.822249 0.822249 0.822249
5559.374512 0.000000 2745.706787 0.000000 0.115925 0.000000 -0.993258 0.875826 0.875826 0.875826
5554.560547 0.000000 2726.916992 0.000000 0.583435 0.000000 0.812160 0.780691 0.780691 0.780691
5503.890625 0.000000 2683.012939 0.000000 0.999231 0.000000 0.039220 0.797767 0.797767 0.797767
5538.499512 0.000000 2751.977295 0.000000 0.663419 0.000000 0.748248 0.783790 0.783790 0.783790
5553.671875 0.000000 2731.898682 0.000000 0.999989 0.000000 0.004668 0.799771 0.799771 0.799771
5503.018066 0.000000 2715.048584 0.000000 0.999999 0.000000 -0.001116 0.800032 0.800032 0.800032
5481.849609 0.000000 2762.920654 0.000000 0.496627 0.000000 0.867964 0.755915 0.755915 0.755915
5552.128906 0.000000 2768.931396 0.000000 0.349284 0.000000 0.937017 0.757084 0.757084 0.757084
5564.450195 0.000000 2779.202148 0.000000 0.088870 0.000000 0.996043 0.715653 0.715653 0.715653
5516.057617 0.000000 2702.384277 0.000000 0.296647 0.000000 -0.954987 0.873029 0.873029 0.873029
5555.546875 0.000000 2740.145996 0.000000 0.636578 0.000000 -0.771212 0.829024 0.829024 0.829024
5523.853027 0.000000 2722.317383 0.000000 0.504337 0.000000 0.863507 0.760660 0.760660 0.760660
5518.956543 0.000000 2707.711914 0.000000 0.970997 0.000000 0.239093 0.777722 0.777722 0.777722
5497.532715 0.000000 2704.194092 0.000000 0.625818 0.000000 -0.779969 0.827874 0.827874 0.827874
5557.916504 0.000000 2766.298828 0.000000 0.295312 0.000000 0.955401 0.716990 0.716990 0.716990
5530.266602 0.000000 2778.404053 0.000000 0.990386 0.000000 -0.138330 0.807899 0.807899 0.807899
5490.431641 0.000000 2765.754395 0.000000 0.921932 0.000000 0.387351 0.779027 0.779027 0.779027
5505.237793 0.000000 2692.325684 0.000000 0.535669 0.000000 0.844428 0.742766 0.742766 0.742766
5552.089844 0.000000 2749.712646 0.000000 0.983450 0.000000 0.181182 0.794324 0.794324 0.794324
5555.562012 0.000000 2779.013672 0.000000 0.998594 0.000000 0.053004 0.796886 0.796886 0.796886
5551.205566 0.000000 2724.171143 0.000000 0.797544 0.000000 -0.603261 0.822505 0.822505 0.822505
5490.035156 0.000000 2724.244873 0.000000 0.837074 0.000000 0.547090 0.774333 0.774333 0.774333
5548.047363 0.000000 2737.972168 0.000000 0.985970 0.000000 0.166923 0.792564 0.792564 0.792564
5566.141602 0.000000 2762.412842 0.000000 0.887015 0.000000 -0.461740 0.814379 0.814379 0.814379
5565.244141 0.000000 2685.429443 0.000000 0.822228 0.000000 0.569158 0.778958 0.778958 0.778958
5541.591797 0.000000 2743.227051 0.000000 0.278464 0.000000 -0.960447 0.918130 0.918130 0.918130
5509.698242 0.000000 2700.510742 0.000000 0.455593 0.000000 0.890188 0.751327 0.751327 0.751327
5523.135742 0.000000 2707.411377 0.000000 0.163447 0.000000 0.986552 0.681165 0.681165 0.681165
5559.168945 0.000000 2773.883057 0.000000 0.150382 0.000000 0.988628 0.752359 0.752359 0.752359
5548.599121 0.000000 2744.941895 0.000000 0.100561 0.000000 0.994931 0.722488 0.722488 0.722488
5524.740723 0.000000 2714.071289 0.000000 0.991665 0.000000 0.128841 0.792878 0.792878 0.792878
5537.304199 0.000000 2747.030273 0.000000 0.121645 0.000000 -0.992574 0.885075 0.885075 0.885075
5494.943848 0.000000 2764.854248 0.000000 0.788261 0.000000 -0.615341 0.837729 0.837729 0.837729
5495.430176 0.000000 2730.843018 0.000000 0.944543 0.000000 0.328388 0.780954 0.780954 0.780954
5558.255859 0.000000 2762.125244 0.000000 0.684967 0.000000 0.728574 0.755984 0.755984 0.755984
5503.948242 0.000000 2698.325928 0.000000 0.408141 0.000000 0.912919 0.767604 0.767604 0.767604
5525.661133 0.000000 2727.423340 0.000000 0.713342 0.000000 -0.700816 0.829778 0.829778 0.829778
5501.275879 0.000000 2686.048828 0.000000 0.953828 0.000000 -0.300353 0.813161 0.813161 0.813161
5493.672363 0.000000 2713.628174 0.000000 0.936923 0.000000 -0.349536 0.823962 0.823962 0.823962
5501.358398 0.000000 2679.808838 0.000000 0.990484 0.000000 -0.137626 0.807859 0.807859 0.807859
5500.485840 0.000000 2711.370605 0.000000 0.889184 0.000000 0.457550 0.772949 0.772949 0.772949
5564.625488 0.000000 2770.531738 0.000000 0.924669 0.000000 0.380772 0.777297 0.777297 0.777297
5544.723145 0.000000 2745.845459 0.000000 0.999996 0.000000 -0.002775 0.800264 0.800264 0.800264
5555.939941 0.000000 2769.600342 0.000000 0.995260 0.000000 -0.097246 0.805311 0.805311 0.805311
5557.659180 0.000000 2674.728271 0.000000 0.347290 0.000000 -0.937758 0.842991 0.842991 0.842991
5512.758789 0.000000 2766.053955 0.000000 0.105411 0.000000 0.994429 0.743814 0.743814 0.743814
5562.448242 0.000000 2679.768799 0.000000 0.800277 0.000000 -0.599630 0.836603 0.836603 0.836603
5488.069824 0.000000 2762.190918 0.000000 0.146294 0.000000 -0.989241 0.881055 0.881055 0.881055
5495.907227 0.000000 2760.679688 0.000000 0.732245 0.000000 0.681041 0.775311 0.775311 0.775311
5563.097168 0.000000 2754.825195 0.000000 0.541838 0.000000 0.840483 0.725838 0.725838 0.725838
5551.000000 0.000000 2772.480225 0.000000 0.924370 0.000000 0.381497 0.780769 0.780769 0.780769
5561.677246 0.000000 2759.991943 0.000000 0.141645 0.000000 0.989917 0.705838 0.705838 0.705838
5564.003906 0.000000 2740.785889 0.000000 0.996803 0.000000 -0.079899 0.804409 0.804409 0.804409
5496.129883 0.000000 2726.887695 0.000000 0.992926 0.000000 0.118734 0.793368 0.793368 0.793368
5556.791016 0.000000 2754.029541 0.000000 0.738914 0.000000 0.673800 0.770763 0.770763 0.770763
5562.609375 0.000000 2747.718994 0.000000 0.062910 0.000000 0.998019 0.714172 0.714172 0.714172
5491.122559 0.000000 2720.405029 0.000000 0.424133 0.000000 -0.905600 0.864480 0.864480 0.864480
5525.588379 0.000000 2710.076172 0.000000 0.976896 0.000000 0.213717 0.789289 0.789289 0.789289
5563.574707 0.000000 2767.065674 0.000000 0.529554 0.000000 0.848276 0.715049 0.715049 0.715049
5522.324707 0.000000 2716.729736 0.000000 0.996683 0.000000 0.081377 0.795607 0.795607 0.795607
5505.976074 0.000000 2711.045166 0.000000 0.091182 0.000000 -0.995834 0.853188 0.853188 0.853188
5502.849609 0.000000 2689.491211 0.000000 0.908326 0.000000 -0.418264 0.823788 0.823788 0.823788
5505.932617 0.000000 2706.241943 0.000000 0.817425 0.000000 -0.576035 0.826850 0.826850 0.826850
5488.874512 0.000000 2707.575195 0.000000 0.041860 0.000000 -0.999124 0.888861 0.888861 0.888861
5484.095703 0.000000 2704.270996 0.000000 0.219031 0.000000 -0.975718 0.876842 0.876842 0.876842
5551.864258 0.000000 2757.248047 0.000000 0.679864 0.000000 0.733338 0.768432 0.768432 0.768432
5483.952148 0.000000 2760.191406 0.000000 0.846977 0.000000 -0.531630 0.831570 0.831570 0.831570
5516.442871 0.000000 2756.466064 0.000000 0.955978 0.000000 -0.293440 0.814811 0.814811 0.814811
5550.487305 0.000000 2733.192139 0.000000 0.919824 0.000000 -0.392332 0.822949 0.822949 0.822949
5560.129395 0.000000 2753.221436 0.000000 0.329215 0.000000 -0.944255 0.854773 0.854773 0.854773
5546.949219 0.000000 2780.014648 0.000000 0.364871 0.000000 -0.931058 0.853087 0.853087 0.853087
5552.022949 0.000000 2760.616943 0.000000 0.194585 0.000000 0.980886 0.721735 0.721735 0.721735
5566.400391 0.000000 2755.093018 0.000000 0.730706 0.000000 0.682693 0.717155 0.717155 0.717155
5567.445312 0.000000 2742.858643 0.000000 0.603570 0.000000 0.797310 0.753001 0.753001 0.753001
5517.001465 0.000000 2765.436035 0.000000 0.982721 0.000000 -0.185092 0.810597 0.810597 0.810597
5553.520020 0.000000 2776.513184 0.000000 0.499056 0.000000 0.866570 0.736561 0.736561 0.736561
5554.979004 0.000000 2751.458984 0.000000 0.764444 0.000000 -0.644690 0.844918 0.844918 0.844918
5518.066406 0.000000 2761.801514 0.000000 0.945240 0.000000 0.326375 0.781076 0.781076 0.781076
5566.204102 0.000000 2747.415283 0.000000 0.295300 0.000000 -0.955405 0.875395 0.875395 0.875395
5496.246094 0.000000 2711.779053 0.000000 0.998314 0.000000 -0.058040 0.803619 0.803619 0.803619
5556.833008 0.000000 2747.591553 0.000000 0.142208 0.000000 -0.989837 0.888991 0.888991 0.888991
5552.698730 0.000000 2780.561279 0.000000 0.176254 0.000000 -0.984345 0.888512 0.888512 0.888512
5494.168945 0.000000 2707.552246 0.000000 0.895163 0.000000 -0.445739 0.826574 0.826574 0.826574
5567.012207 0.000000 2750.727539 0.000000 0.990256 0.000000 -0.139262 0.809376 0.809376 0.809376
5506.940918 0.000000 2699.236084 0.000000 0.928055 0.000000 0.372444 0.778277 0.778277 0.778277
5553.736816 0.000000 2742.780518 0.000000 0.536703 0.000000 -0.843771 0.853554 0.853554 0.853554
5508.442871 0.000000 2704.552734 0.000000 0.583847 0.000000 0.811864 0.750617 0.750617 0.750617
5563.832031 0.000000 2682.812500 0.000000 0.765094 0.000000 -0.643918 0.836469 0.836469 0.836469
5567.433594 0.000000 2776.920654 0.000000 0.493028 0.000000 0.870014 0.740567 0.740567 0.740567
5530.016113 0.000000 2781.313721 0.000000 0.119187 0.000000 -0.992872 0.882611 0.882611 0.882611
5518.214844 0.000000 2704.811523 0.000000 0.821633 0.000000 0.570018 0.754937 0.754937 0.754937
5539.374023 0.000000 2744.981201 0.000000 0.813576 0.000000 0.581458 0.751666 0.751666 0.751666
5552.848633 0.000000 2739.249023 0.000000 0.948423 0.000000 -0.317009 0.821647 0.821647 0.821647
5558.096191 0.000000 2771.211670 0.000000 0.184623 0.000000 0.982809 0.707049 0.707049 0.707049
5562.793457 0.000000 2757.501709 0.000000 0.211704 0.000000 0.977334 0.678809 0.678809 0.678809
5564.119141 0.000000 2760.711670 0.000000 0.565396 0.000000 -0.824819 0.879614 0.879614 0.879614
5520.878906 0.000000 2705.996582 0.000000 0.291948 0.000000 0.956434 0.708360 0.708360 0.708360
5559.414062 0.000000 2748.281250 0.000000 0.019069 0.000000 -0.999818 0.914359 0.914359 0.914359
5550.486816 0.000000 2738.336182 0.000000 0.490915 0.000000 0.871208 0.718884 0.718884 0.718884
5559.658203 0.000000 2764.107422 0.000000 0.690665 0.000000 -0.723175 0.862483 0.862483 0.862483
5380.111816 0.000000 2783.449463 0.000000 0.692719 0.000000 0.721208 0.784072 0.784072 0.784072
5389.077637 0.000000 2781.951172 0.000000 0.637673 0.000000 -0.770307 0.823182 0.823182 0.823182
5384.927246 0.000000 2785.376709 0.000000 0.277963 0.000000 -0.960592 0.872606 0.872606 0.872606
5383.674805 0.000000 2781.712646 0.000000 0.991387 0.000000 -0.130968 0.806060 0.806060 0.806060
5248.032715 0.000000 2987.306152 0.000000 0.470260 0.000000 0.882528 0.743639 0.743639 0.743639
5305.366699 0.000000 2921.495605 0.000000 0.914834 0.000000 -0.403830 0.810461 0.810461 0.810461
5292.157715 0.000000 2968.041992 0.000000 0.931676 0.000000 0.363291 0.786857 0.786857 0.786857
5221.021973 0.000000 2953.692383 0.000000 0.497297 0.000000 0.867580 0.784267 0.784267 0.784267
5259.789062 0.000000 2949.588867 0.000000 0.699249 0.000000 0.714878 0.770413 0.770413 0.770413
5288.853516 0.000000 2942.262207 0.000000 0.998251 0.000000 0.059122 0.797590 0.797590 0.797590
5272.741699 0.000000 2983.197754 0.000000 0.269508 0.000000 0.962998 0.784447 0.784447 0.784447
5224.919922 0.000000 2979.383301 0.000000 0.213579 0.000000 0.976926 0.767511 0.767511 0.767511
5272.992676 0.000000 2963.826172 0.000000 0.069209 0.000000 -0.997602 0.809896 0.809896 0.809896
5293.634766 0.000000 2987.347168 0.000000 0.560852 0.000000 0.827916 0.751493 0.751493 0.751493
5238.687012 0.000000 2944.830811 0.000000 0.439628 0.000000 0.898180 0.789973 0.789973 0.789973
5258.020020 0.000000 2972.773926 0.000000 0.990132 0.000000 0.140137 0.795451 0.795451 0.795451
5273.125000 0.000000 2940.613281 0.000000 0.667942 0.000000 0.744214 0.780386 0.780386 0.780386
5289.645508 0.000000 2926.313721 0.000000 0.196531 0.000000 -0.980498 0.824679 0.824679 0.824679
5303.389648 0.000000 2937.197754 0.000000 0.052625 0.000000 0.998614 0.766344 0.766344 0.766344
5284.766113 0.000000 2955.631348 0.000000 0.510157 0.000000 -0.860081 0.806204 0.806204 0.806204
5226.340820 0.000000 2966.162354 0.000000 0.811649 0.000000 0.584145 0.763370 0.763370 0.763370
5237.966309 0.000000 2977.119873 0.000000 0.874612 0.000000 -0.484823 0.832147 0.832147 0.832147
5234.396484 0.000000 2990.760498 0.000000 0.991104 0.000000 -0.133087 0.801760 0.801760 0.801760
5260.184570 0.000000 2989.716064 0.000000 0.447999 0.000000 -0.894034 0.856342 0.856342 0.856342
5284.128906 0.000000 2978.147461 0.000000 0.880921 0.000000 -0.473264 0.824517 0.824517 0.824517
5301.098633 0.000000 2977.643799 0.000000 0.897209 0.000000 0.441606 0.778350 0.778350 0.778350
5254.945801 0.000000 2960.871338 0.000000 0.553306 0.000000 0.832978 0.739244 0.739244 0.739244
5232.345703 0.000000 2955.749268 0.000000 0.121815 0.000000 0.992553 0.722747 0.722747 0.722747
5270.858398 0.000000 2951.593262 0.000000 0.925402 0.000000 -0.378987 0.817002 0.817002 0.817002
5301.803223 0.000000 2910.535156 0.000000 0.439810 0.000000 0.898091 0.778614 0.778614 0.778614
5283.547852 0.000000 2991.615479 0.000000 0.427962 0.000000 -0.903797 0.856125 0.856125 0.856125
5304.345703 0.000000 2988.493408 0.000000 0.996318 0.000000 -0.085735 0.800514 0.800514 0.800514
5280.256836 0.000000 2931.573242 0.000000 0.891162 0.000000 0.453685 0.781378 0.781378 0.781378
5248.539551 0.000000 2976.829346 0.000000 0.838591 0.000000 0.544762 0.768933 0.768933 0.768933
5282.283691 0.000000 2918.639404 0.000000 0.832381 0.000000 0.554203 0.795777 0.795777 0.795777
5268.518555 0.000000 2973.349609 0.000000 0.114163 0.000000 -0.993462 0.918677 0.918677 0.918677
5295.474121 0.000000 2918.197754 0.000000 0.997197 0.000000 0.074823 0.795378 0.795378 0.795378
5281.826172 0.000000 2968.394531 0.000000 0.965149 0.000000 0.261702 0.793813 0.793813 0.793813
5264.273926 0.000000 2958.572021 0.000000 0.586936 0.000000 0.809634 0.768341 0.768341 0.768341
5298.599121 0.000000 2928.949707 0.000000 0.311162 0.000000 -0.950357 0.871401 0.871401 0.871401
5279.831055 0.000000 2947.578125 0.000000 0.962628 0.000000 0.270828 0.793756 0.793756 0.793756
5242.434570 0.000000 2995.477783 0.000000 0.991290 0.000000 -0.131696 0.806410 0.806410 0.806410
5274.171387 0.000000 2992.057617 0.000000 0.999041 0.000000 0.043787 0.797166 0.797166 0.797166
5263.545410 0.000000 2980.989258 0.000000 0.624865 0.000000 -0.780733 0.832742 0.832742 0.832742
5233.780273 0.000000 2937.227539 0.000000 0.850935 0.000000 0.525272 0.769846 0.769846 0.769846
5220.060547 0.000000 2972.255615 0.000000 0.032869 0.000000 -0.999460 0.882933 0.882933 0.882933
5249.660156 0.000000 2968.275146 0.000000 0.219197 0.000000 -0.975681 0.946386 0.946386 0.946386
5297.485352 0.000000 2943.958008 0.000000 0.582712 0.000000 -0.812679 0.827286 0.827286 0.827286
5234.605957 0.000000 2969.504150 0.000000 0.827327 0.000000 0.561720 0.769980 0.769980 0.769980
5254.808105 0.000000 2982.493408 0.000000 0.942265 0.000000 0.334869 0.789156 0.789156 0.789156
5292.848633 0.000000 2978.389648 0.000000 0.366102 0.000000 -0.930575 0.837980 0.837980 0.837980
5291.270508 0.000000 2950.492432 0.000000 0.741984 0.000000 0.670418 0.785031 0.785031 0.785031
5276.366211 0.000000 2975.545166 0.000000 0.217540 0.000000 0.976052 0.656668 0.656668 0.656668
5231.130859 0.000000 2947.722656 0.000000 0.243655 0.000000 0.969862 0.784920 0.784920 0.784920
5232.596191 0.000000 2983.116211 0.000000 0.411085 0.000000 0.911597 0.763571 0.763571 0.763571
5240.052246 0.000000 2985.376221 0.000000 0.962652 0.000000 -0.270741 0.815606 0.815606 0.815606
5236.790039 0.000000 2928.459961 0.000000 0.929070 0.000000 0.369903 0.788195 0.788195 0.788195
5266.860352 0.000000 2945.056885 0.000000 0.144896 0.000000 -0.989447 0.824768 0.824768 0.824768
5281.523438 0.000000 2940.080078 0.000000 0.903954 0.000000 -0.427629 0.821180 0.821180 0.821180
5220.017578 0.000000 2961.742920 0.000000 0.115737 0.000000 0.993280 0.718934 0.718934 0.718934
5267.395996 0.000000 2988.216309 0.000000 0.966239 0.000000 0.257648 0.790788 0.790788 0.790788
5242.494629 0.000000 2970.979980 0.000000 0.536973 0.000000 -0.843600 0.831280 0.831280 0.831280
5226.897461 0.000000 2991.565918 0.000000 0.879146 0.000000 -0.476553 0.821429 0.821429 0.821429
5252.570312 0.000000 2992.907959 0.000000 0.944156 0.000000 0.329499 0.787325 0.787325 0.787325
5298.681152 0.000000 2970.548584 0.000000 0.060908 0.000000 -0.998143 0.870564 0.870564 0.870564
5286.652344 0.000000 2984.837646 0.000000 0.167849 0.000000 0.985813 0.784878 0.784878 0.784878
5231.204102 0.000000 2975.621338 0.000000 0.983138 0.000000 -0.182866 0.811900 0.811900 0.811900
5233.069336 0.000000 2962.622559 0.000000 0.027284 0.000000 0.999628 0.749135 0.749135 0.749135
5288.902832 0.000000 2919.211670 0.000000 0.995219 0.000000 -0.097669 0.804572 0.804572 0.804572
5283.001465 0.000000 2925.500488 0.000000 0.995881 0.000000 -0.090667 0.805168 0.805168 0.805168
5226.184570 0.000000 2959.264404 0.000000 0.684209 0.000000 -0.729286 0.826933 0.826933 0.826933
5298.839355 0.000000 2991.933105 0.000000 0.990610 0.000000 -0.136716 0.804273 0.804273 0.804273
5299.604492 0.000000 2984.024902 0.000000 0.890057 0.000000 -0.455848 0.809075 0.809075 0.809075
5248.128906 0.000000 2961.150146 0.000000 0.641405 0.000000 -0.767202 0.853967 0.853967 0.853967
5286.021973 0.000000 2935.552734 0.000000 0.695545 0.000000 0.718482 0.756772 0.756772 0.756772
5306.425781 0.000000 2981.486572 0.000000 0.661871 0.000000 0.749618 0.723324 0.723324 0.723324
5287.496582 0.000000 2972.662354 0.000000 0.935286 0.000000 0.353892 0.794148 0.794148 0.794148
5255.192383 0.000000 2954.560791 0.000000 0.504701 0.000000 -0.863294 0.816229 0.816229 0.816229
5274.415527 0.000000 2969.748779 0.000000 0.822594 0.000000 0.568629 0.735855 0.735855 0.735855
5236.564453 0.000000 2950.571533 0.000000 0.547271 0.000000 -0.836956 0.824362 0.824362 0.824362
5301.374512 0.000000 2916.731445 0.000000 0.572798 0.000000 -0.819696 0.859300 0.859300 0.859300
5227.073730 0.000000 2952.130371 0.000000 0.958257 0.000000 0.285909 0.790271 0.790271 0.790271
5305.058105 0.000000 2927.473389 0.000000 0.481887 0.000000 0.876233 0.781443 0.781443 0.781443
5243.349121 0.000000 2980.060059 0.000000 0.786952 0.000000 -0.617014 0.812749 0.812749 0.812749
5304.359375 0.000000 2972.166260 0.000000 0.228007 0.000000 0.973660 0.718058 0.718058 0.718058
5294.772949 0.000000 2912.361084 0.000000 0.857532 0.000000 -0.514430 0.811655 0.811655 0.811655
5255.680664 0.000000 2966.972412 0.000000 0.508276 0.000000 -0.861194 0.864036 0.864036 0.864036
5286.094727 0.000000 2947.725098 0.000000 0.486115 0.000000 0.873895 0.739484 0.739484 0.739484
5226.110352 0.000000 2972.412598 0.000000 0.669534 0.000000 0.742782 0.754351 0.754351 0.754351
5265.084473 0.000000 2952.214355 0.000000 0.646930 0.000000 0.762549 0.738164 0.738164 0.738164
5297.444824 0.000000 2937.883545 0.000000 0.847001 0.000000 -0.531591 0.831232 0.831232 0.831232
5274.168457 0.000000 2946.460938 0.000000 0.856447 0.000000 0.516235 0.772698 0.772698 0.772698
5263.031250 0.000000 2975.343994 0.000000 0.925196 0.000000 0.379489 0.788106 0.788106 0.788106
5247.055176 0.000000 2992.667236 0.000000 0.749450 0.000000 -0.662061 0.813440 0.813440 0.813440
5268.685547 0.000000 2979.036865 0.000000 0.689462 0.000000 0.724322 0.776217 0.776217 0.776217
5254.779785 0.000000 2987.957764 0.000000 0.133470 0.000000 -0.991053 0.921396 0.921396 0.921396
5254.072266 0.000000 2976.828857 0.000000 0.999861 0.000000 -0.016693 0.800340 0.800340 0.800340
5231.436523 0.000000 2942.017822 0.000000 0.158305 0.000000 -0.987390 0.843988 0.843988 0.843988
5300.158691 0.000000 2921.812500 0.000000 0.999479 0.000000 -0.032276 0.801779 0.801779 0.801779
5281.259766 0.000000 2973.649658 0.000000 0.675236 0.000000 0.737602 0.727435 0.727435 0.727435
5221.078125 0.000000 2967.162598 0.000000 0.195245 0.000000 -0.980754 0.869992 0.869992 0.869992
5242.205078 0.000000 2990.112061 0.000000 0.207765 0.000000 -0.978179 0.836710 0.836710 0.836710
5294.074707 0.000000 2973.120361 0.000000 0.276769 0.000000 -0.960937 0.872676 0.872676 0.872676
5285.954590 0.000000 2929.845215 0.000000 0.414328 0.000000 -0.910127 0.858243 0.858243 0.858243
5302.737305 0.000000 2932.056396 0.000000 0.700235 0.000000 -0.713913 0.820484 0.820484 0.820484
5269.420410 0.000000 2968.261475 0.000000 0.502048 0.000000 0.864839 0.714234 0.714234 0.714234
5232.832520 0.000000 2931.904785 0.000000 0.799156 0.000000 -0.601123 0.825503 0.825503 0.825503
5259.179199 0.000000 2978.528809 0.000000 0.859614 0.000000 -0.510944 0.830526 0.830526 0.830526
5250.300781 0.000000 2956.305420 0.000000 0.070505 0.000000 0.997511 0.751460 0.751460 0.751460
5259.710449 0.000000 2984.568848 0.000000 0.141939 0.000000 -0.989875 0.884728 0.884728 0.884728
5293.583984 0.000000 2940.885742 0.000000 0.904997 0.000000 0.425417 0.780517 0.780517 0.780517
5260.407715 0.000000 2954.677246 0.000000 0.379572 0.000000 0.925162 0.691692 0.691692 0.691692
5278.801270 0.000000 2990.313477 0.000000 0.902697 0.000000 0.430277 0.757625 0.757625 0.757625
5277.522949 0.000000 2965.946045 0.000000 0.660560 0.000000 0.750773 0.783208 0.783208 0.783208
5292.695312 0.000000 2945.867432 0.000000 0.662503 0.000000 0.749059 0.753330 0.753330 0.753330
5252.187988 0.000000 2972.413086 0.000000 0.703207 0.000000 -0.710986 0.856866 0.856866 0.856866
5237.075684 0.000000 2965.343262 0.000000 0.252875 0.000000 -0.967499 0.843340 0.843340 0.843340
5237.393555 0.000000 2933.599854 0.000000 0.235539 0.000000 0.971865 0.728116 0.728116 0.728116
5291.152344 0.000000 2982.900146 0.000000 0.964472 0.000000 0.264185 0.785903 0.785903 0.785903
5303.473633 0.000000 2993.170898 0.000000 0.952233 0.000000 -0.305372 0.814317 0.814317 0.814317
5277.304688 0.000000 2942.897705 0.000000 0.764540 0.000000 0.644577 0.756351 0.756351 0.756351
5296.961426 0.000000 2933.276123 0.000000 0.573075 0.000000 -0.819503 0.842589 0.842589 0.842589
5237.025391 0.000000 2981.684082 0.000000 0.014509 0.000000 0.999895 0.711414 0.711414 0.711414
5275.414551 0.000000 2987.093262 0.000000 0.355220 0.000000 0.934783 0.768162 0.768162 0.768162
5245.112305 0.000000 2967.090576 0.000000 0.177505 0.000000 -0.984120 0.833370 0.833370 0.833370
5251.820312 0.000000 2964.311279 0.000000 0.998311 0.000000 0.058092 0.794602 0.794602 0.794602
5238.362793 0.000000 2993.130371 0.000000 0.664104 0.000000 -0.747640 0.839974 0.839974 0.839974
5229.615723 0.000000 2969.384277 0.000000 0.232016 0.000000 -0.972712 0.854460 0.854460 0.854460
5246.902344 0.000000 2972.192871 0.000000 0.459955 0.000000 0.887942 0.695231 0.695231 0.695231
5243.226562 0.000000 2975.492676 0.000000 0.711336 0.000000 0.702852 0.755169 0.755169 0.755169
5238.019043 0.000000 2972.480225 0.000000 0.679256 0.000000 0.733901 0.755069 0.755069 0.755069
5257.129395 0.000000 2993.124023 0.000000 0.828966 0.000000 0.559299 0.779729 0.779729 0.779729
5229.455078 0.000000 2979.723145 0.000000 0.156437 0.000000 0.987688 0.713600 0.713600 0.713600
5273.025879 0.000000 2978.520020 0.000000 0.669335 0.000000 0.742960 0.757347 0.757347 0.757347
5288.756348 0.000000 2976.920166 0.000000 0.777494 0.000000 -0.628891 0.829748 0.829748 0.829748
5286.548340 0.000000 2922.744141 0.000000 0.447106 0.000000 0.894481 0.736973 0.736973 0.736973
5287.070801 0.000000 2951.940918 0.000000 0.739334 0.000000 0.673339 0.761050 0.761050 0.761050
5305.096191 0.000000 2913.255859 0.000000 0.740274 0.000000 -0.672305 0.841969 0.841969 0.841969
5305.165039 0.000000 2976.381592 0.000000 0.739503 0.000000 0.673153 0.734515 0.734515 0.734515
5263.374023 0.000000 2986.803223 0.000000 0.765989 0.000000 0.642853 0.774899 0.774899 0.774899
5305.019531 0.000000 2907.465088 0.000000 0.617276 0.000000 -0.786747 0.827128 0.827128 0.827128
5258.599121 0.000000 2958.565430 0.000000 0.713244 0.000000 0.700916 0.754860 0.754860 0.754860
5228.722656 0.000000 2962.611084 0.000000 0.134822 0.000000 0.990870 0.751832 0.751832 0.751832
5222.162109 0.000000 2958.090576 0.000000 0.511746 0.000000 -0.859137 0.861310 0.861310 0.861310
5272.613770 0.000000 2973.724365 0.000000 0.999555 0.000000 0.029839 0.796567 0.796567 0.796567
5231.265625 0.000000 2993.533203 0.000000 0.507110 0.000000 0.861881 0.743351 0.743351 0.743351
5233.967285 0.000000 2978.822998 0.000000 0.839068 0.000000 -0.544027 0.834121 0.834121 0.834121
5291.378906 0.000000 2922.565674 0.000000 0.989542 0.000000 0.144246 0.793842 0.793842 0.793842
5251.494629 0.000000 2985.047363 0.000000 0.907945 0.000000 0.419088 0.780567 0.780567 0.780567
5234.453613 0.000000 2944.811768 0.000000 0.999651 0.000000 0.026428 0.798955 0.798955 0.798955
5278.336914 0.000000 2970.549805 0.000000 0.852563 0.000000 -0.522624 0.847448 0.847448 0.847448
5271.424805 0.000000 2988.292480 0.000000 0.916189 0.000000 -0.400746 0.823470 0.823470 0.823470
5287.518555 0.000000 2980.922363 0.000000 0.494345 0.000000 -0.869266 0.846720 0.846720 0.846720
5270.209961 0.000000 2947.566895 0.000000 0.991172 0.000000 0.132580 0.792431 0.792431 0.792431
5282.021484 0.000000 2935.342773 0.000000 0.381974 0.000000 0.924173 0.732897 0.732897 0.732897
5223.902344 0.000000 2963.052002 0.000000 0.964063 0.000000 0.265675 0.785016 0.785016 0.785016
5228.274414 0.000000 2955.896973 0.000000 0.991956 0.000000 0.126580 0.792623 0.792623 0.792623
5231.083984 0.000000 2951.994629 0.000000 0.884111 0.000000 -0.467278 0.821558 0.821558 0.821558
5303.648926 0.000000 2984.500488 0.000000 0.550465 0.000000 0.834858 0.768629 0.768629 0.768629
5301.257324 0.000000 2925.821777 0.000000 0.656180 0.000000 0.754605 0.758502 0.758502 0.758502
5267.052246 0.000000 2955.609131 0.000000 0.822300 0.000000 0.569054 0.771346 0.771346 0.771346
5294.963379 0.000000 2983.569092 0.000000 0.915561 0.000000 -0.402179 0.820336 0.820336 0.820336
5263.772949 0.000000 2948.506104 0.000000 0.539653 0.000000 -0.841888 0.835978 0.835978 0.835978
5277.786133 0.000000 2938.913330 0.000000 0.951460 0.000000 0.307772 0.780130 0.780130 0.780130
5256.025391 0.000000 2950.548096 0.000000 0.719856 0.000000 0.694123 0.769201 0.769201 0.769201
5300.194336 0.000000 2935.209473 0.000000 0.656383 0.000000 -0.754428 0.839436 0.839436 0.839436
5227.093262 0.000000 2976.159668 0.000000 0.632358 0.000000 0.774676 0.741060 0.741060 0.741060
5232.151367 0.000000 2966.572266 0.000000 0.273852 0.000000 -0.961772 0.873622 0.873622 0.873622
5251.256836 0.000000 2989.316650 0.000000 0.984138 0.000000 -0.177406 0.812610 0.812610 0.812610
5234.930664 0.000000 2974.648438 0.000000 0.488108 0.000000 -0.872783 0.875642 0.875642 0.875642
5265.902832 0.000000 2970.242188 0.000000 0.758566 0.000000 -0.651596 0.827214 0.827214 0.827214
5224.660645 0.000000 2955.010254 0.000000 0.117389 0.000000 -0.993086 0.865301 0.865301 0.865301
5280.652344 0.000000 2994.029785 0.000000 0.079660 0.000000 -0.996822 0.967065 0.967065 0.967065
5300.700684 0.000000 2973.960693 0.000000 0.098018 0.000000 -0.995185 0.884706 0.884706 0.884706
5235.153320 0.000000 2940.856445 0.000000 0.873239 0.000000 -0.487293 0.828972 0.828972 0.828972
5238.678711 0.000000 2989.104004 0.000000 0.824707 0.000000 0.565561 0.776949 0.776949 0.776949
5224.259277 0.000000 2969.154541 0.000000 0.976208 0.000000 0.216835 0.787952 0.787952 0.787952
5247.904785 0.000000 2964.758301 0.000000 0.478005 0.000000 0.878357 0.740884 0.740884 0.740884
5302.598145 0.000000 2981.034424 0.000000 0.236587 0.000000 -0.971610 0.909335 0.909335 0.909335
5280.559570 0.000000 2977.139893 0.000000 0.999644 0.000000 -0.026691 0.802095 0.802095 0.802095
5280.636719 0.000000 2928.055176 0.000000 0.366589 0.000000 0.930383 0.744130 0.744130 0.744130
5222.975586 0.000000 2974.160156 0.000000 0.935280 0.000000 0.353909 0.784394 0.784394 0.784394
5282.540039 0.000000 2922.104492 0.000000 0.947143 0.000000 -0.320811 0.813893 0.813893 0.813893
5232.227539 0.000000 2972.185791 0.000000 0.102645 0.000000 0.994718 0.732273 0.732273 0.732273
5267.525879 0.000000 2949.758057 0.000000 0.997032 0.000000 -0.076983 0.804155 0.804155 0.804155
5255.466309 0.000000 2970.434814 0.000000 0.842100 0.000000 -0.539322 0.833107 0.833107 0.833107
5292.149902 0.000000 2917.444092 0.000000 0.464354 0.000000 0.885650 0.746550 0.746550 0.746550
5251.440430 0.000000 2959.779785 0.000000 0.985940 0.000000 -0.167102 0.809355 0.809355 0.809355
5289.510742 0.000000 2947.160889 0.000000 0.756704 0.000000 0.653758 0.759441 0.759441 0.759441
5283.667969 0.000000 2932.371826 0.000000 0.641991 0.000000 -0.766712 0.843974 0.843974 0.843974
5284.916016 0.000000 2974.879883 0.000000 0.998016 0.000000 -0.062965 0.802982 0.802982 0.802982
5277.412598 0.000000 2993.346436 0.000000 0.375455 0.000000 0.926840 0.688442 0.688442 0.688442
5256.787109 0.000000 2963.862305 0.000000 0.698307 0.000000 -0.715798 0.837284 0.837284 0.837284
5235.266113 0.000000 2994.033203 0.000000 0.999690 0.000000 -0.024880 0.802251 0.802251 0.802251
5296.916992 0.000000 2921.325928 0.000000 0.947328 0.000000 0.320265 0.784764 0.784764 0.784764
5286.419434 0.000000 2944.378418 0.000000 0.260352 0.000000 -0.965514 0.865019 0.865019 0.865019
5272.549805 0.000000 2967.150879 0.000000 0.414833 0.000000 0.909898 0.709596 0.709596 0.709596
5270.619629 0.000000 2976.177979 0.000000 0.980090 0.000000 -0.198555 0.811737 0.811737 0.811737
5263.613770 0.000000 2955.445312 0.000000 0.548783 0.000000 0.835965 0.709254 0.709254 0.709254
5258.412598 0.000000 2981.585205 0.000000 0.200581 0.000000 -0.979677 0.876276 0.876276 0.876276
5298.640625 0.000000 2918.345703 0.000000 0.962256 0.000000 -0.272146 0.819487 0.819487 0.819487
5257.910645 0.000000 2987.441406 0.000000 0.866275 0.000000 -0.499567 0.836044 0.836044 0.836044
5285.986328 0.000000 2926.586914 0.000000 0.228828 0.000000 0.973467 0.730955 0.730955 0.730955
5273.083008 0.000000 2949.383057 0.000000 0.817256 0.000000 -0.576275 0.828703 0.828703 0.828703
5261.414551 0.000000 2959.807617 0.000000 0.933835 0.000000 0.357703 0.778301 0.778301 0.778301
5240.111816 0.000000 2974.811035 0.000000 0.704768 0.000000 0.709438 0.755106 0.755106 0.755106
5261.927246 0.000000 2951.984131 0.000000 0.233449 0.000000 0.972369 0.712000 0.712000 0.712000
5252.801758 0.000000 2968.067139 0.000000 0.807119 0.000000 0.590389 0.735672 0.735672 0.735672
5234.056152 0.000000 2952.541016 0.000000 0.913483 0.000000 -0.406877 0.820086 0.820086 0.820086
5251.238770 0.000000 2975.289062 0.000000 0.530853 0.000000 -0.847464 0.868464 0.868464 0.868464
5293.371582 0.000000 2920.385742 0.000000 0.999891 0.000000 0.014753 0.799231 0.799231 0.799231
5305.651855 0.000000 2910.347656 0.000000 0.985261 0.000000 0.171057 0.790215 0.790215 0.790215
5254.967285 0.000000 2991.110596 0.000000 0.989593 0.000000 0.143898 0.787887 0.787887 0.787887
5234.484375 0.000000 2934.302490 0.000000 0.321024 0.000000 -0.947071 0.870809 0.870809 0.870809
5299.854980 0.000000 2931.777832 0.000000 0.971500 0.000000 0.237041 0.786378 0.786378 0.786378
5274.495117 0.000000 2943.588379 0.000000 0.978091 0.000000 -0.208177 0.811937 0.811937 0.811937
5297.199707 0.000000 2973.045410 0.000000 0.996052 0.000000 0.088775 0.794940 0.794940 0.794940
5229.300781 0.000000 2965.904297 0.000000 0.616264 0.000000 0.787539 0.750013 0.750013 0.750013
5246.257812 0.000000 2975.054443 0.000000 0.900524 0.000000 0.434806 0.762537 0.762537 0.762537
5294.035645 0.000000 2970.340576 0.000000 0.809593 0.000000 0.586992 0.764291 0.764291 0.764291
5247.010254 0.000000 2969.123291 0.000000 0.864236 0.000000 -0.503086 0.836956 0.836956 0.836956
5261.370605 0.000000 2957.163086 0.000000 0.948836 0.000000 -0.315769 0.827527 0.827527 0.827527
5283.403809 0.000000 2994.606201 0.000000 0.542939 0.000000 -0.839772 0.890191 0.890191 0.890191
5248.870605 0.000000 2974.146484 0.000000 0.772741 0.000000 0.634721 0.739845 0.739845 0.739845
5275.179688 0.000000 2967.036133 0.000000 0.720118 0.000000 -0.693852 0.857892 0.857892 0.857892
5279.569336 0.000000 2941.672852 0.000000 0.075429 0.000000 0.997151 0.693383 0.693383 0.693383
5282.621582 0.000000 2975.792725 0.000000 0.404763 0.000000 -0.914422 0.885745 0.885745 0.885745
5250.483887 0.000000 2962.159180 0.000000 0.379940 0.000000 0.925011 0.708004 0.708004 0.708004
5335.024902 0.000000 2987.306152 0.000000 0.998726 0.000000 0.050452 0.796855 0.796855 0.796855
5392.358887 0.000000 2921.495605 0.000000 0.282533 0.000000 0.959258 0.729971 0.729971 0.729971
5333.538574 0.000000 2910.104980 0.000000 0.975918 0.000000 -0.218139 0.806193 0.806193 0.806193
5359.733887 0.000000 2983.197754 0.000000 0.865711 0.000000 -0.500545 0.831724 0.831724 0.831724
5311.912109 0.000000 2979.383301 0.000000 0.895736 0.000000 -0.444587 0.822360 0.822360 0.822360
5328.723633 0.000000 2963.639404 0.000000 0.955689 0.000000 0.294379 0.794092 0.794092 0.794092
5359.984863 0.000000 2963.826172 0.000000 0.190067 0.000000 0.981771 0.657825 0.657825 0.657825
5308.492188 0.000000 2912.277344 0.000000 0.978983 0.000000 0.203940 0.794093 0.794093 0.794093
5345.012207 0.000000 2972.773926 0.000000 0.124310 0.000000 0.992243 0.696020 0.696020 0.696020
5390.381836 0.000000 2937.197754 0.000000 0.491754 0.000000 0.870734 0.774041 0.774041 0.774041
5371.758301 0.000000 2955.631348 0.000000 0.890480 0.000000 -0.455023 0.807925 0.807925 0.807925
5313.333008 0.000000 2966.162354 0.000000 0.921341 0.000000 0.388755 0.796172 0.796172 0.796172
5324.958496 0.000000 2977.119873 0.000000 0.024390 0.000000 0.999703 0.705491 0.705491 0.705491
5329.379395 0.000000 2922.601562 0.000000 0.106488 0.000000 0.994314 0.664026 0.664026 0.664026
5347.176758 0.000000 2989.716064 0.000000 0.964455 0.000000 0.264247 0.794071 0.794071 0.794071
5371.121094 0.000000 2978.147461 0.000000 0.954274 0.000000 0.298935 0.786722 0.786722 0.786722
5340.820312 0.000000 2900.806885 0.000000 0.475051 0.000000 0.879958 0.760681 0.760681 0.760681
5388.795410 0.000000 2910.535156 0.000000 0.793420 0.000000 -0.608674 0.836465 0.836465 0.836465
5333.692871 0.000000 2952.790283 0.000000 0.912347 0.000000 0.409418 0.761078 0.761078 0.761078
5329.260742 0.000000 2934.200684 0.000000 0.994794 0.000000 0.101908 0.798471 0.798471 0.798471
5391.337891 0.000000 2988.493408 0.000000 0.984882 0.000000 0.173226 0.798853 0.798853 0.798853
5335.531738 0.000000 2976.829346 0.000000 0.082584 0.000000 0.996584 0.659121 0.659121 0.659121
5355.510742 0.000000 2973.349609 0.000000 0.018527 0.000000 0.999828 0.769308 0.769308 0.769308
5382.466309 0.000000 2918.197754 0.000000 0.303274 0.000000 0.952904 0.754607 0.754607 0.754607
5368.818359 0.000000 2968.394531 0.000000 0.669728 0.000000 -0.742607 0.875222 0.875222 0.875222
5351.266113 0.000000 2958.572021 0.000000 0.558923 0.000000 -0.829220 0.811131 0.811131 0.811131
5307.373047 0.000000 2987.969482 0.000000 0.895649 0.000000 0.444762 0.791715 0.791715 0.791715
5385.591309 0.000000 2928.949707 0.000000 0.980103 0.000000 0.198488 0.798922 0.798922 0.798922
5337.674316 0.000000 2918.313965 0.000000 0.143474 0.000000 -0.989654 0.814534 0.814534 0.814534
5329.426758 0.000000 2995.477783 0.000000 0.316990 0.000000 0.948429 0.758117 0.758117 0.758117
5361.163574 0.000000 2992.057617 0.000000 0.797127 0.000000 -0.603812 0.837289 0.837289 0.837289
5350.537598 0.000000 2980.989258 0.000000 0.399708 0.000000 -0.916642 0.865311 0.865311 0.865311
5307.052734 0.000000 2972.255615 0.000000 0.594608 0.000000 -0.804016 0.841413 0.841413 0.841413
5336.652344 0.000000 2968.275146 0.000000 0.998119 0.000000 0.061310 0.796361 0.796361 0.796361
5384.477539 0.000000 2943.958008 0.000000 0.991914 0.000000 0.126912 0.791689 0.791689 0.791689
5344.675781 0.000000 2908.635010 0.000000 0.547355 0.000000 0.836900 0.767917 0.767917 0.767917
5326.569824 0.000000 2914.591553 0.000000 0.979257 0.000000 -0.202620 0.809902 0.809902 0.809902
5321.598145 0.000000 2969.504150 0.000000 0.120497 0.000000 -0.992714 0.875586 0.875586 0.875586
5341.800293 0.000000 2982.493408 0.000000 0.222089 0.000000 -0.975026 0.876664 0.876664 0.876664
5378.262695 0.000000 2950.492432 0.000000 0.999627 0.000000 -0.027310 0.800245 0.800245 0.800245
5379.358398 0.000000 2934.373779 0.000000 0.670158 0.000000 -0.742219 0.847608 0.847608 0.847608
5363.358398 0.000000 2975.545166 0.000000 0.955718 0.000000 -0.294284 0.817003 0.817003 0.817003
5380.270996 0.000000 2959.675781 0.000000 0.842345 0.000000 0.538938 0.771694 0.771694 0.771694
5351.272461 0.000000 2966.554199 0.000000 0.922257 0.000000 -0.386578 0.836149 0.836149 0.836149
5319.588379 0.000000 2983.116211 0.000000 0.882962 0.000000 -0.469444 0.829572 0.829572 0.829572
5327.044434 0.000000 2985.376221 0.000000 0.163912 0.000000 0.986475 0.648346 0.648346 0.648346
5323.782227 0.000000 2928.459961 0.000000 0.979194 0.000000 -0.202925 0.805020 0.805020 0.805020
5363.380859 0.000000 2956.865723 0.000000 0.966399 0.000000 -0.257046 0.807788 0.807788 0.807788
5326.932129 0.000000 2956.137451 0.000000 0.313670 0.000000 0.949532 0.786500 0.786500 0.786500
5354.388184 0.000000 2988.216309 0.000000 0.312787 0.000000 0.949823 0.719690 0.719690 0.719690
5329.486816 0.000000 2970.979980 0.000000 0.999339 0.000000 0.036346 0.798933 0.798933 0.798933
5313.889648 0.000000 2991.565918 0.000000 0.316186 0.000000 0.948697 0.788774 0.788774 0.788774
5366.713379 0.000000 2985.304443 0.000000 0.681714 0.000000 0.731619 0.738533 0.738533 0.738533
5339.562500 0.000000 2992.907959 0.000000 0.228676 0.000000 -0.973503 0.882703 0.882703 0.882703
5339.638672 0.000000 2948.710449 0.000000 0.894248 0.000000 -0.447572 0.806395 0.806395 0.806395
5318.196289 0.000000 2975.621338 0.000000 0.584644 0.000000 -0.811290 0.834589 0.834589 0.834589
5333.746582 0.000000 2928.065430 0.000000 0.080118 0.000000 -0.996785 0.875022 0.875022 0.875022
5332.349121 0.000000 2946.125488 0.000000 0.124873 0.000000 0.992173 0.751495 0.751495 0.751495
5385.831543 0.000000 2991.933105 0.000000 0.993131 0.000000 -0.117005 0.806675 0.806675 0.806675
5335.121094 0.000000 2961.150146 0.000000 0.999741 0.000000 -0.022739 0.802439 0.802439 0.802439
5374.488770 0.000000 2972.662354 0.000000 0.735100 0.000000 -0.677959 0.823658 0.823658 0.823658
5367.384277 0.000000 2961.725342 0.000000 0.846397 0.000000 0.532553 0.769042 0.769042 0.769042
5342.184570 0.000000 2954.560791 0.000000 0.890869 0.000000 -0.454260 0.824580 0.824580 0.824580
5346.752930 0.000000 2902.846680 0.000000 0.988129 0.000000 0.153626 0.797135 0.797135 0.797135
5361.407715 0.000000 2969.748779 0.000000 0.980737 0.000000 -0.195334 0.814253 0.814253 0.814253
5313.789551 0.000000 2985.458496 0.000000 0.120401 0.000000 -0.992725 0.845181 0.845181 0.845181
5388.366699 0.000000 2916.731445 0.000000 0.761185 0.000000 -0.648535 0.860462 0.860462 0.860462
5339.435547 0.000000 2912.434082 0.000000 0.772540 0.000000 -0.634966 0.868015 0.868015 0.868015
5392.050293 0.000000 2927.473389 0.000000 0.997493 0.000000 -0.070765 0.800976 0.800976 0.800976
5330.341309 0.000000 2980.060059 0.000000 0.983103 0.000000 -0.183055 0.818200 0.818200 0.818200
5382.155762 0.000000 2924.099609 0.000000 0.615195 0.000000 0.788375 0.778234 0.778234 0.778234
5342.672852 0.000000 2966.972412 0.000000 0.987597 0.000000 0.157012 0.793765 0.793765 0.793765
5313.102539 0.000000 2972.412598 0.000000 0.793453 0.000000 -0.608631 0.818819 0.818819 0.818819
5332.058594 0.000000 2916.643799 0.000000 0.992647 0.000000 -0.121044 0.801818 0.801818 0.801818
5384.437012 0.000000 2937.883545 0.000000 0.340308 0.000000 0.940314 0.743550 0.743550 0.743550
5323.071777 0.000000 2922.695312 0.000000 0.902298 0.000000 0.431113 0.758338 0.758338 0.758338
5347.165527 0.000000 2962.702393 0.000000 0.531294 0.000000 -0.847188 0.858134 0.858134 0.858134
5306.594238 0.000000 2906.979980 0.000000 0.637988 0.000000 0.770046 0.764717 0.764717 0.764717
5350.023438 0.000000 2975.343994 0.000000 0.898287 0.000000 0.439408 0.777648 0.777648 0.777648
5351.826660 0.000000 2993.525635 0.000000 0.425644 0.000000 0.904891 0.732904 0.732904 0.732904
5306.965332 0.000000 2993.864258 0.000000 0.235554 0.000000 0.971861 0.749682 0.749682 0.749682
5334.047363 0.000000 2992.667236 0.000000 0.066879 0.000000 0.997761 0.707189 0.707189 0.707189
5355.677734 0.000000 2979.036865 0.000000 0.299583 0.000000 -0.954070 0.832632 0.832632 0.832632
5341.771973 0.000000 2987.957764 0.000000 0.901307 0.000000 0.433181 0.774498 0.774498 0.774498
5341.064453 0.000000 2976.828857 0.000000 0.258999 0.000000 0.965878 0.731774 0.731774 0.731774
5387.150879 0.000000 2921.812500 0.000000 0.742984 0.000000 0.669309 0.751670 0.751670 0.751670
5368.251953 0.000000 2973.649658 0.000000 0.104627 0.000000 -0.994512 0.879054 0.879054 0.879054
5377.011719 0.000000 2955.577393 0.000000 0.086547 0.000000 0.996248 0.743977 0.743977 0.743977
5386.895508 0.000000 2948.668213 0.000000 0.007552 0.000000 0.999972 0.750357 0.750357 0.750357
5328.793945 0.000000 2950.174561 0.000000 0.484992 0.000000 -0.874518 0.824236 0.824236 0.824236
5365.699219 0.000000 2980.192383 0.000000 0.656872 0.000000 -0.754002 0.865507 0.865507 0.865507
5329.197266 0.000000 2990.112061 0.000000 0.977501 0.000000 -0.210930 0.808532 0.808532 0.808532
5306.806641 0.000000 2917.114014 0.000000 0.103192 0.000000 -0.994661 0.843083 0.843083 0.843083
5335.373535 0.000000 2982.141846 0.000000 0.984541 0.000000 -0.175155 0.816246 0.816246 0.816246
5354.854492 0.000000 2962.857178 0.000000 0.173071 0.000000 -0.984909 0.932239 0.932239 0.932239
5356.412598 0.000000 2968.261475 0.000000 0.467505 0.000000 -0.883991 0.922793 0.922793 0.922793
5346.171387 0.000000 2978.528809 0.000000 0.235066 0.000000 0.971979 0.725693 0.725693 0.725693
5337.292969 0.000000 2956.305420 0.000000 0.938749 0.000000 0.344602 0.755943 0.755943 0.755943
5346.702637 0.000000 2984.568848 0.000000 0.977731 0.000000 0.209864 0.791892 0.791892 0.791892
5308.657227 0.000000 2983.162598 0.000000 0.683571 0.000000 -0.729884 0.838237 0.838237 0.838237
5331.740723 0.000000 2957.483154 0.000000 0.398878 0.000000 0.917004 0.702652 0.702652 0.702652
5389.062988 0.000000 2942.247803 0.000000 0.477078 0.000000 0.878861 0.743399 0.743399 0.743399
5365.793457 0.000000 2990.313477 0.000000 0.671919 0.000000 -0.740624 0.829483 0.829483 0.829483
5364.515137 0.000000 2965.946045 0.000000 0.543979 0.000000 -0.839099 0.867410 0.867410 0.867410
5339.180176 0.000000 2972.413086 0.000000 0.080983 0.000000 -0.996715 0.899971 0.899971 0.899971
5329.033691 0.000000 2929.017334 0.000000 0.058610 0.000000 -0.998281 0.949496 0.949496 0.949496
5307.865234 0.000000 2976.889404 0.000000 0.973115 0.000000 -0.230321 0.819078 0.819078 0.819078
5390.465820 0.000000 2993.170898 0.000000 0.932804 0.000000 0.360383 0.789176 0.789176 0.789176
5342.073242 0.000000 2916.353027 0.000000 0.707711 0.000000 0.706502 0.769915 0.769915 0.769915
5381.562500 0.000000 2954.114746 0.000000 0.490521 0.000000 0.871430 0.770837 0.770837 0.770837
5383.953613 0.000000 2933.276123 0.000000 0.471339 0.000000 -0.881952 0.833002 0.833002 0.833002
5324.017578 0.000000 2981.684082 0.000000 0.263813 0.000000 0.964574 0.731253 0.731253 0.731253
5362.406738 0.000000 2987.093262 0.000000 0.940445 0.000000 -0.339947 0.820783 0.820783 0.820783
5332.104492 0.000000 2967.090576 0.000000 0.245800 0.000000 0.969321 0.744534 0.744534 0.744534
5317.940918 0.000000 2987.573486 0.000000 0.643828 0.000000 0.765170 0.750404 0.750404 0.750404
5338.812500 0.000000 2964.311279 0.000000 0.607090 0.000000 0.794633 0.724611 0.724611 0.724611
5316.607910 0.000000 2969.384277 0.000000 0.601265 0.000000 0.799050 0.751190 0.751190 0.751190
5333.894531 0.000000 2972.192871 0.000000 0.915410 0.000000 0.402524 0.768973 0.768973 0.768973
5349.137695 0.000000 2970.617920 0.000000 0.323453 0.000000 -0.946244 0.880333 0.880333 0.880333
5330.218750 0.000000 2975.492676 0.000000 0.580709 0.000000 -0.814111 0.856993 0.856993 0.856993
5325.011230 0.000000 2972.480225 0.000000 0.582789 0.000000 -0.812623 0.875597 0.875597 0.875597
5323.548340 0.000000 2918.162842 0.000000 0.993467 0.000000 -0.114118 0.806784 0.806784 0.806784
5344.121582 0.000000 2993.124023 0.000000 0.516784 0.000000 -0.856116 0.836331 0.836331 0.836331
5354.728027 0.000000 2983.355225 0.000000 0.951759 0.000000 0.306847 0.784116 0.784116 0.784116
5356.282227 0.000000 2992.372803 0.000000 0.576473 0.000000 0.817116 0.729516 0.729516 0.729516
5316.447266 0.000000 2979.723145 0.000000 0.790045 0.000000 -0.613049 0.824120 0.824120 0.824120
5360.018066 0.000000 2978.520020 0.000000 0.712401 0.000000 0.701773 0.758518 0.758518 0.758518
5378.105469 0.000000 2963.681396 0.000000 0.342650 0.000000 0.939463 0.769272 0.769272 0.769272
5382.540039 0.000000 2949.781250 0.000000 0.076555 0.000000 0.997065 0.725693 0.725693 0.725693
5377.221191 0.000000 2938.139893 0.000000 0.348794 0.000000 -0.937199 0.831291 0.831291 0.831291
5373.152344 0.000000 2968.333984 0.000000 0.872391 0.000000 0.488808 0.770011 0.770011 0.770011
5342.249512 0.000000 2904.989746 0.000000 0.217947 0.000000 -0.975961 0.876906 0.876906 0.876906
5322.931152 0.000000 2986.664551 0.000000 0.528365 0.000000 -0.849017 0.846180 0.846180 0.846180
5392.088379 0.000000 2913.255859 0.000000 0.559850 0.000000 -0.828594 0.844471 0.844471 0.844471
5350.366211 0.000000 2986.803223 0.000000 0.506422 0.000000 0.862285 0.763866 0.763866 0.763866
5392.011719 0.000000 2907.465088 0.000000 0.754603 0.000000 0.656182 0.778557 0.778557 0.778557
5345.591309 0.000000 2958.565430 0.000000 0.431952 0.000000 -0.901897 0.865335 0.865335 0.865335
5367.607422 0.000000 2957.195801 0.000000 0.981216 0.000000 -0.192910 0.809189 0.809189 0.809189
5335.713867 0.000000 2914.479492 0.000000 0.942487 0.000000 0.334243 0.783664 0.783664 0.783664
5347.115723 0.000000 2966.984131 0.000000 0.995299 0.000000 0.096850 0.795641 0.795641 0.795641
5359.605957 0.000000 2973.724365 0.000000 0.869009 0.000000 -0.494797 0.817988 0.817988 0.817988
5374.614746 0.000000 2958.910645 0.000000 0.139365 0.000000 0.990241 0.722834 0.722834 0.722834
5335.411133 0.000000 2949.010498 0.000000 0.998600 0.000000 0.052892 0.797273 0.797273 0.797273
5363.319824 0.000000 2960.999023 0.000000 0.441664 0.000000 -0.897180 0.869377 0.869377 0.869377
5320.959473 0.000000 2978.822998 0.000000 0.905965 0.000000 -0.423353 0.825145 0.825145 0.825145
5338.486816 0.000000 2985.047363 0.000000 0.024923 0.000000 0.999689 0.712007 0.712007 0.712007
5328.099121 0.000000 2918.559082 0.000000 0.973746 0.000000 0.227635 0.781974 0.781974 0.781974
5365.329102 0.000000 2970.549805 0.000000 0.181265 0.000000 0.983434 0.684357 0.684357 0.684357
5358.416992 0.000000 2988.292480 0.000000 0.868309 0.000000 -0.496023 0.833275 0.833275 0.833275
5385.958496 0.000000 2913.453125 0.000000 0.446446 0.000000 0.894811 0.768133 0.768133 0.768133
5337.894531 0.000000 2952.328857 0.000000 0.974508 0.000000 -0.224351 0.821557 0.821557 0.821557
5343.367188 0.000000 2912.349121 0.000000 0.518936 0.000000 0.854813 0.722603 0.722603 0.722603
5326.501465 0.000000 2925.339355 0.000000 0.951473 0.000000 -0.307732 0.835423 0.835423 0.835423
5340.712891 0.000000 2908.620361 0.000000 0.851356 0.000000 -0.524589 0.835404 0.835404 0.835404
5388.249512 0.000000 2925.821777 0.000000 0.979495 0.000000 0.201470 0.788453 0.788453 0.788453
5370.738770 0.000000 2959.814209 0.000000 0.982139 0.000000 0.188159 0.791154 0.791154 0.791154
5338.774414 0.000000 2980.022705 0.000000 0.763534 0.000000 -0.645767 0.842064 0.842064 0.842064
5370.324219 0.000000 2964.903809 0.000000 0.254407 0.000000 -0.967097 0.842501 0.842501 0.842501
5319.143555 0.000000 2966.572266 0.000000 0.964766 0.000000 0.263108 0.791386 0.791386 0.791386
5338.249023 0.000000 2989.316650 0.000000 0.955620 0.000000 0.294601 0.788533 0.788533 0.788533
5321.922852 0.000000 2974.648438 0.000000 0.739622 0.000000 0.673022 0.761515 0.761515 0.761515
5352.895020 0.000000 2970.242188 0.000000 0.964907 0.000000 0.262591 0.783443 0.783443 0.783443
5330.028809 0.000000 2953.945312 0.000000 0.941218 0.000000 0.337800 0.779560 0.779560 0.779560
5328.393066 0.000000 2959.748535 0.000000 0.996650 0.000000 -0.081790 0.803581 0.803581 0.803581
5310.681152 0.000000 2993.755615 0.000000 0.543209 0.000000 0.839598 0.762980 0.762980 0.762980
5363.521484 0.000000 2983.416992 0.000000 0.372577 0.000000 -0.928001 0.891190 0.891190 0.891190
5325.670898 0.000000 2989.104004 0.000000 0.957169 0.000000 -0.289530 0.811088 0.811088 0.811088
5334.896973 0.000000 2964.758301 0.000000 0.550120 0.000000 -0.835086 0.875796 0.875796 0.875796
5351.025879 0.000000 2962.944336 0.000000 0.981059 0.000000 -0.193707 0.812965 0.812965 0.812965
5389.501953 0.000000 2945.867188 0.000000 0.855036 0.000000 0.518569 0.779094 0.779094 0.779094
5367.551758 0.000000 2977.139893 0.000000 0.482727 0.000000 -0.875771 0.849868 0.849868 0.849868
5348.381836 0.000000 2992.973877 0.000000 0.991212 0.000000 -0.132286 0.807631 0.807631 0.807631
5371.190918 0.000000 2971.375732 0.000000 0.687831 0.000000 0.725871 0.746949 0.746949 0.746949
5331.991699 0.000000 2925.013916 0.000000 0.891604 0.000000 -0.452817 0.835477 0.835477 0.835477
5331.948242 0.000000 2920.210693 0.000000 0.617703 0.000000 -0.786412 0.853139 0.853139 0.853139
5337.082031 0.000000 2909.627686 0.000000 0.774622 0.000000 0.632424 0.772924 0.772924 0.772924
5327.485352 0.000000 2981.972168 0.000000 0.436109 0.000000 -0.899894 0.867750 0.867750 0.867750
5331.682617 0.000000 2961.484131 0.000000 0.019124 0.000000 0.999817 0.708888 0.708888 0.708888
5359.927246 0.000000 2960.204590 0.000000 0.996341 0.000000 0.085467 0.795539 0.795539 0.795539
5309.967773 0.000000 2974.160156 0.000000 0.924874 0.000000 0.380274 0.782704 0.782704 0.782704
5319.219727 0.000000 2972.185791 0.000000 0.585547 0.000000 -0.810638 0.841344 0.841344 0.841344
5391.489258 0.000000 2918.089111 0.000000 0.999163 0.000000 -0.040899 0.803162 0.803162 0.803162
5342.458496 0.000000 2970.434814 0.000000 0.562948 0.000000 0.826492 0.744041 0.744041 0.744041
5380.817871 0.000000 2937.445801 0.000000 0.315640 0.000000 -0.948879 0.868138 0.868138 0.868138
5326.204590 0.000000 2921.455322 0.000000 0.216933 0.000000 0.976187 0.646881 0.646881 0.646881
5371.908203 0.000000 2974.879883 0.000000 0.426974 0.000000 0.904264 0.735699 0.735699 0.735699
5314.026367 0.000000 2982.183838 0.000000 0.945426 0.000000 -0.325837 0.814119 0.814119 0.814119
5332.383789 0.000000 2989.385010 0.000000 0.996528 0.000000 0.083258 0.794456 0.794456 0.794456
5326.285156 0.000000 2930.880615 0.000000 0.714987 0.000000 -0.699138 0.846387 0.846387 0.846387
5343.779297 0.000000 2963.862305 0.000000 0.941561 0.000000 0.336844 0.768710 0.768710 0.768710
5387.574707 0.000000 2939.032471 0.000000 0.210655 0.000000 0.977560 0.713715 0.713715 0.713715
5343.017090 0.000000 2979.404785 0.000000 0.785024 0.000000 -0.619465 0.833624 0.833624 0.833624
5309.132812 0.000000 2909.119873 0.000000 0.762088 0.000000 0.647474 0.764976 0.764976 0.764976
5376.140625 0.000000 2934.687988 0.000000 0.998714 0.000000 -0.050702 0.802158 0.802158 0.802158
5333.569824 0.000000 2979.378662 0.000000 0.020827 0.000000 -0.999783 0.910515 0.910515 0.910515
5341.349609 0.000000 2957.635986 0.000000 0.667353 0.000000 0.744741 0.701335 0.701335 0.701335
5357.351562 0.000000 2985.263672 0.000000 0.116997 0.000000 0.993132 0.715521 0.715521 0.715521
5391.059570 0.000000 2924.409180 0.000000 0.990503 0.000000 0.137490 0.793306 0.793306 0.793306
5344.082031 0.000000 2975.770264 0.000000 0.845790 0.000000 0.533516 0.762235 0.762235 0.762235
5345.404785 0.000000 2981.585205 0.000000 0.958122 0.000000 0.286360 0.783469 0.783469 0.783469
5385.632812 0.000000 2918.345703 0.000000 0.967374 0.000000 0.253351 0.784806 0.784806 0.784806
5332.273438 0.000000 2949.662109 0.000000 0.669400 0.000000 -0.742902 0.847164 0.847164 0.847164
5328.052246 0.000000 2977.787109 0.000000 0.400554 0.000000 -0.916273 0.864565 0.864565 0.864565
5324.614258 0.000000 2968.573730 0.000000 0.998621 0.000000 0.052492 0.797325 0.797325 0.797325
5322.261719 0.000000 2925.747803 0.000000 0.694534 0.000000 -0.719460 0.863993 0.863993 0.863993
5384.164062 0.000000 2947.014893 0.000000 0.950788 0.000000 0.309843 0.782068 0.782068 0.782068
5316.198242 0.000000 2973.125244 0.000000 0.155539 0.000000 -0.987830 0.869503 0.869503 0.869503
5345.601562 0.000000 2969.705322 0.000000 0.432900 0.000000 0.901442 0.740110 0.740110 0.740110
5307.703613 0.000000 2980.175049 0.000000 0.242743 0.000000 0.970091 0.680066 0.680066 0.680066
5327.104004 0.000000 2974.811035 0.000000 0.825291 0.000000 -0.564708 0.841348 0.841348 0.841348
5339.167969 0.000000 2915.478027 0.000000 0.724673 0.000000 -0.689092 0.872426 0.872426 0.872426
5338.230957 0.000000 2975.289062 0.000000 0.988453 0.000000 0.151527 0.788881 0.788881 0.788881
5316.739746 0.000000 2984.565674 0.000000 0.792464 0.000000 0.609919 0.762662 0.762662 0.762662
5362.212891 0.000000 2980.624756 0.000000 0.968587 0.000000 0.248674 0.786297 0.786297 0.786297
5351.509277 0.000000 2983.948975 0.000000 0.080923 0.000000 0.996720 0.715200 0.715200 0.715200
5362.585449 0.000000 2972.588623 0.000000 0.980784 0.000000 0.195098 0.787411 0.787411 0.787411
5379.752441 0.000000 2956.749268 0.000000 0.934235 0.000000 -0.356659 0.820540 0.820540 0.820540
5342.005371 0.000000 2973.625000 0.000000 0.670900 0.000000 -0.741548 0.851054 0.851054 0.851054
5367.378418 0.000000 2964.705078 0.000000 0.023310 0.000000 -0.999728 0.889939 0.889939 0.889939
5392.644043 0.000000 2910.347656 0.000000 0.791803 0.000000 0.610776 0.762600 0.762600 0.762600
5347.052246 0.000000 2974.924316 0.000000 0.862247 0.000000 -0.506489 0.835959 0.835959 0.835959
5385.525391 0.000000 2941.186279 0.000000 0.630923 0.000000 -0.775845 0.852678 0.852678 0.852678
5341.959473 0.000000 2991.110596 0.000000 0.162979 0.000000 -0.986630 0.880936 0.880936 0.880936
5389.254395 0.000000 2913.932373 0.000000 0.101307 0.000000 0.994855 0.716365 0.716365 0.716365
5329.465820 0.000000 2986.980225 0.000000 0.695462 0.000000 -0.718563 0.880223 0.880223 0.880223
5336.806152 0.000000 2993.801025 0.000000 0.000133 0.000000 -1.000000 0.897874 0.897874 0.897874
5357.752930 0.000000 2981.049072 0.000000 0.994151 0.000000 0.108002 0.793840 0.793840 0.793840
5356.031738 0.000000 2995.282471 0.000000 0.962637 0.000000 -0.270796 0.816431 0.816431 0.816431
5368.525879 0.000000 2979.836670 0.000000 0.925231 0.000000 0.379405 0.777849 0.777849 0.777849
5389.574219 0.000000 2920.196777 0.000000 0.967312 0.000000 -0.253590 0.817052 0.817052 0.817052
5333.250000 0.000000 2975.054443 0.000000 0.155387 0.000000 0.987854 0.679627 0.679627 0.679627
5336.580566 0.000000 2971.226318 0.000000 0.999714 0.000000 -0.023928 0.801764 0.801764 0.801764
5365.333496 0.000000 2973.534180 0.000000 0.802984 0.000000 0.596001 0.758682 0.758682 0.758682
5365.389648 0.000000 2958.949951 0.000000 0.009929 0.000000 -0.999951 0.888847 0.888847 0.888847
5348.970703 0.000000 2964.858643 0.000000 0.774894 0.000000 0.632091 0.753672 0.753672 0.753672
5334.002441 0.000000 2969.123291 0.000000 0.071452 0.000000 -0.997444 0.892528 0.892528 0.892528
5330.428711 0.000000 2931.591064 0.000000 0.514267 0.000000 -0.857630 0.866076 0.866076 0.866076
5386.660645 0.000000 2945.701904 0.000000 0.946731 0.000000 0.322024 0.779962 0.779962 0.779962
5344.728027 0.000000 2961.189209 0.000000 0.550854 0.000000 0.834602 0.726047 0.726047 0.726047
5367.188477 0.000000 2982.489502 0.000000 0.196960 0.000000 0.980412 0.679109 0.679109 0.679109
5332.463867 0.000000 2981.955566 0.000000 0.018481 0.000000 0.999829 0.651184 0.651184 0.651184
5365.118652 0.000000 2987.541748 0.000000 0.912182 0.000000 -0.409785 0.829093 0.829093 0.829093
5322.594238 0.000000 2983.968750 0.000000 0.773634 0.000000 -0.633633 0.841940 0.841940 0.841940
5362.677246 0.000000 2963.755859 0.000000 0.580271 0.000000 -0.814424 0.874703 0.874703 0.874703
5368.110840 0.000000 2970.934326 0.000000 0.981971 0.000000 -0.189034 0.814586 0.814586 0.814586
5326.550781 0.000000 2928.125000 0.000000 0.980672 0.000000 -0.195661 0.816165 0.816165 0.816165
5358.585449 0.000000 2990.987549 0.000000 0.013904 0.000000 -0.999903 0.911942 0.911942 0.911942
5334.325195 0.000000 2984.669434 0.000000 0.436582 0.000000 -0.899665 0.895207 0.895207 0.895207
5336.221191 0.000000 2979.362549 0.000000 0.999801 0.000000 -0.019928 0.801457 0.801457 0.801457
5362.171875 0.000000 2967.036133 0.000000 0.481882 0.000000 -0.876236 0.884468 0.884468 0.884468
5420.530762 0.000000 2803.120605 0.000000 0.355979 0.000000 0.934494 0.731305 0.731305 0.731305
5457.507324 0.000000 2783.512451 0.000000 0.835780 0.000000 -0.549064 0.803831 0.803831 0.803831
5427.323730 0.000000 2822.962891 0.000000 0.338894 0.000000 -0.940824 0.812478 0.812478 0.812478
5462.112793 0.000000 2803.283691 0.000000 0.387277 0.000000 -0.921963 0.807732 0.807732 0.807732
5467.619141 0.000000 2880.362793 0.000000 0.903286 0.000000 -0.429039 0.819661 0.819661 0.819661
5440.350098 0.000000 2782.594482 0.000000 0.369168 0.000000 0.929363 0.775703 0.775703 0.775703
5416.371582 0.000000 2815.617188 0.000000 0.957497 0.000000 -0.288442 0.816655 0.816655 0.816655
5475.083008 0.000000 2870.659424 0.000000 0.300831 0.000000 -0.953677 0.872019 0.872019 0.872019
5457.532227 0.000000 2884.631104 0.000000 0.583639 0.000000 0.812013 0.793755 0.793755 0.793755
5478.330078 0.000000 2881.509033 0.000000 0.790650 0.000000 -0.612269 0.841850 0.841850 0.841850
5406.135254 0.000000 2811.645508 0.000000 0.935082 0.000000 -0.354432 0.801954 0.801954 0.801954
5476.999512 0.000000 2858.152100 0.000000 0.745482 0.000000 -0.666526 0.830598 0.830598 0.830598
5456.268066 0.000000 2811.655029 0.000000 0.381801 0.000000 0.924244 0.732887 0.732887 0.732887
5424.666504 0.000000 2811.329590 0.000000 0.994846 0.000000 0.101402 0.797018 0.797018 0.797018
5448.656250 0.000000 2786.581299 0.000000 0.426957 0.000000 -0.904272 0.810830 0.810830 0.810830
5406.400879 0.000000 2781.681885 0.000000 0.984221 0.000000 0.176943 0.790088 0.790088 0.790088
5418.835449 0.000000 2794.510498 0.000000 0.588042 0.000000 -0.808830 0.815242 0.815242 0.815242
5476.069824 0.000000 2781.951172 0.000000 0.787568 0.000000 0.616228 0.794431 0.794431 0.794431
5431.667969 0.000000 2801.650635 0.000000 0.351038 0.000000 0.936361 0.734636 0.734636 0.734636
5480.357910 0.000000 2838.391602 0.000000 0.970214 0.000000 -0.242249 0.813928 0.813928 0.813928
5454.103516 0.000000 2803.091797 0.000000 0.174653 0.000000 -0.984630 0.866043 0.866043 0.866043
5439.425781 0.000000 2805.301025 0.000000 0.881968 0.000000 -0.471309 0.820878 0.820878 0.820878
5472.665527 0.000000 2863.564209 0.000000 0.798041 0.000000 0.602603 0.785274 0.785274 0.785274
5420.738770 0.000000 2821.081055 0.000000 0.960423 0.000000 -0.278545 0.814884 0.814884 0.814884
5412.267090 0.000000 2796.547607 0.000000 0.990250 0.000000 -0.139303 0.801675 0.801675 0.801675
5472.823730 0.000000 2884.948730 0.000000 0.990713 0.000000 0.135968 0.792155 0.792155 0.792155
5473.588867 0.000000 2877.040527 0.000000 0.062601 0.000000 0.998039 0.717768 0.717768 0.717768
5480.410156 0.000000 2874.502197 0.000000 0.191336 0.000000 -0.981525 0.923047 0.923047 0.923047
5463.732910 0.000000 2885.118408 0.000000 0.365693 0.000000 -0.930735 0.858783 0.858783 0.858783
5426.427734 0.000000 2805.449707 0.000000 0.252971 0.000000 -0.967474 0.839397 0.839397 0.839397
5478.343750 0.000000 2865.181885 0.000000 0.540862 0.000000 -0.841111 0.845507 0.845507 0.845507
5424.516113 0.000000 2798.790527 0.000000 0.984787 0.000000 -0.173766 0.808058 0.808058 0.808058
5478.690430 0.000000 2844.208252 0.000000 0.055165 0.000000 0.998477 0.741881 0.741881 0.741881
5419.050781 0.000000 2809.659424 0.000000 0.963830 0.000000 -0.266519 0.813093 0.813093 0.813093
5402.589844 0.000000 2786.103516 0.000000 0.274282 0.000000 -0.961649 0.849581 0.849581 0.849581
5451.978516 0.000000 2781.697998 0.000000 0.058067 0.000000 -0.998313 0.917827 0.917827 0.917827
5414.599121 0.000000 2801.977539 0.000000 0.154672 0.000000 -0.987966 0.856825 0.856825 0.856825
5410.063965 0.000000 2815.710938 0.000000 0.566904 0.000000 0.823784 0.746637 0.746637 0.746637
5445.903809 0.000000 2781.594971 0.000000 0.990424 0.000000 0.138063 0.792697 0.792697 0.792697
5457.967285 0.000000 2806.643066 0.000000 0.982123 0.000000 -0.188240 0.810779 0.810779 0.810779
5421.631348 0.000000 2815.521729 0.000000 0.907341 0.000000 0.420396 0.779202 0.779202 0.779202
5407.420410 0.000000 2786.630615 0.000000 0.212915 0.000000 -0.977071 0.846319 0.846319 0.846319
5436.485352 0.000000 2800.874756 0.000000 0.838331 0.000000 -0.545161 0.823838 0.823838 0.823838
5477.458008 0.000000 2886.186523 0.000000 0.253140 0.000000 -0.967430 0.868542 0.868542 0.868542
5434.537598 0.000000 2805.505859 0.000000 0.999863 0.000000 0.016533 0.799059 0.799059 0.799059
5400.892578 0.000000 2781.598145 0.000000 0.909804 0.000000 -0.415039 0.812565 0.812565 0.812565
5410.540527 0.000000 2811.178467 0.000000 0.150586 0.000000 -0.988597 0.852738 0.852738 0.852738
5418.245605 0.000000 2799.310059 0.000000 0.893706 0.000000 -0.448653 0.826483 0.826483 0.826483
5468.569824 0.000000 2885.998047 0.000000 0.851418 0.000000 -0.524488 0.827127 0.827127 0.827127
5429.241699 0.000000 2798.005371 0.000000 0.700983 0.000000 0.713178 0.768600 0.768600 0.768600
5479.149414 0.000000 2869.397217 0.000000 0.258185 0.000000 -0.966095 0.844728 0.844728 0.844728
5422.706055 0.000000 2807.495117 0.000000 0.544055 0.000000 0.839050 0.744526 0.744526 0.744526
5472.176758 0.000000 2880.867432 0.000000 0.474231 0.000000 -0.880401 0.884512 0.884512 0.884512
5424.546387 0.000000 2819.077881 0.000000 0.962196 0.000000 0.272360 0.788926 0.788926 0.788926
5415.091309 0.000000 2811.574707 0.000000 0.984237 0.000000 0.176857 0.790412 0.790412 0.790412
5458.244141 0.000000 2801.914551 0.000000 0.856560 0.000000 -0.516048 0.822742 0.822742 0.822742
5416.956055 0.000000 2805.310303 0.000000 0.998941 0.000000 -0.046020 0.801407 0.801407 0.801407
5430.359375 0.000000 2805.364746 0.000000 0.984742 0.000000 0.174023 0.793293 0.793293 0.793293
5427.705078 0.000000 2801.635986 0.000000 0.849459 0.000000 0.527655 0.768694 0.768694 0.768694
5477.633301 0.000000 2877.516113 0.000000 0.457566 0.000000 -0.889175 0.902401 0.902401 0.902401
5470.666992 0.000000 2781.712646 0.000000 0.999256 0.000000 0.038576 0.798104 0.798104 0.798104
5423.680176 0.000000 2823.919189 0.000000 0.574248 0.000000 -0.818681 0.836779 0.836779 0.836779
5459.754395 0.000000 2809.968506 0.000000 0.600640 0.000000 0.799520 0.750593 0.750593 0.750593
5476.104980 0.000000 2861.809570 0.000000 0.396377 0.000000 0.918088 0.737272 0.737272 0.737272
5474.685059 0.000000 2866.976318 0.000000 0.461634 0.000000 -0.887071 0.862099 0.862099 0.862099
5476.582520 0.000000 2874.050049 0.000000 0.165942 0.000000 0.986135 0.692315 0.692315 0.692315
5418.983887 0.000000 2818.029541 0.000000 0.595000 0.000000 -0.803726 0.843070 0.843070 0.843070
5418.940430 0.000000 2813.226318 0.000000 0.967478 0.000000 0.252956 0.786669 0.786669 0.786669
5424.074219 0.000000 2802.643311 0.000000 0.567602 0.000000 0.823303 0.753638 0.753638 0.753638
5413.196777 0.000000 2814.470947 0.000000 0.788897 0.000000 -0.614526 0.837670 0.837670 0.837670
5475.175293 0.000000 2882.458740 0.000000 0.833061 0.000000 -0.553181 0.842849 0.842849 0.842849
5479.408203 0.000000 2862.077393 0.000000 0.973877 0.000000 -0.227075 0.812902 0.812902 0.812902
5448.853027 0.000000 2782.869385 0.000000 0.854097 0.000000 0.520114 0.770176 0.770176 0.770176
5466.527832 0.000000 2883.497559 0.000000 0.378454 0.000000 0.925620 0.732681 0.732681 0.732681
5469.708008 0.000000 2882.895020 0.000000 0.570743 0.000000 -0.821129 0.851951 0.851951 0.851951
5479.211914 0.000000 2854.399658 0.000000 0.601507 0.000000 0.798868 0.751760 0.751760 0.751760
5465.706543 0.000000 2887.545654 0.000000 0.999987 0.000000 0.005137 0.799741 0.799741 0.799741
5480.020020 0.000000 2857.711914 0.000000 0.052047 0.000000 0.998645 0.711732 0.711732 0.711732
5421.590820 0.000000 2800.245361 0.000000 0.687874 0.000000 0.725830 0.753766 0.753766 0.753766
5403.669922 0.000000 2783.184326 0.000000 0.363341 0.000000 -0.931656 0.862498 0.862498 0.862498
5478.571777 0.000000 2841.103271 0.000000 0.999975 0.000000 -0.007097 0.800404 0.800404 0.800404
5421.450684 0.000000 2811.537109 0.000000 0.980297 0.000000 -0.197530 0.811318 0.811318 0.811318
5475.229004 0.000000 2879.497559 0.000000 0.539681 0.000000 -0.841869 0.885745 0.885745 0.885745
5434.405762 0.000000 2802.719482 0.000000 0.999738 0.000000 0.022901 0.798696 0.798696 0.798696
5437.092773 0.000000 2803.608887 0.000000 0.414779 0.000000 -0.909922 0.865067 0.865067 0.865067
5478.787109 0.000000 2872.203125 0.000000 0.871504 0.000000 -0.490389 0.837466 0.837466 0.837466
5509.009277 0.000000 2880.321777 0.000000 0.888755 0.000000 -0.458382 0.818830 0.818830 0.818830
5507.522949 0.000000 2803.120605 0.000000 0.937865 0.000000 0.347000 0.780466 0.780466 0.780466
5553.134277 0.000000 2861.057617 0.000000 0.997168 0.000000 -0.075212 0.806676 0.806676 0.806676
5481.998535 0.000000 2846.708008 0.000000 0.942565 0.000000 0.334023 0.785104 0.785104 0.785104
5544.499512 0.000000 2783.512451 0.000000 0.338990 0.000000 0.940790 0.784587 0.784587 0.784587
5520.765625 0.000000 2842.604492 0.000000 0.822829 0.000000 0.568290 0.780806 0.780806 0.780806
5533.718262 0.000000 2876.213379 0.000000 0.170080 0.000000 -0.985430 0.862069 0.862069 0.862069
5485.896484 0.000000 2872.398926 0.000000 0.745199 0.000000 0.666842 0.764573 0.764573 0.764573
5502.708008 0.000000 2856.655029 0.000000 0.415233 0.000000 -0.909715 0.814377 0.814377 0.814377
5512.558105 0.000000 2782.303223 0.000000 0.059624 0.000000 -0.998221 0.809054 0.809054 0.809054
5526.778809 0.000000 2797.289795 0.000000 0.220815 0.000000 0.975316 0.783845 0.783845 0.783845
5533.969238 0.000000 2856.841797 0.000000 0.910725 0.000000 -0.413014 0.840051 0.840051 0.840051
5554.611328 0.000000 2880.362793 0.000000 0.971220 0.000000 0.238185 0.796253 0.796253 0.796253
5499.663574 0.000000 2837.846436 0.000000 0.508794 0.000000 0.860888 0.797515 0.797515 0.797515
5560.820801 0.000000 2790.271973 0.000000 0.987122 0.000000 -0.159969 0.801444 0.801444 0.801444
5518.996582 0.000000 2865.789551 0.000000 0.802672 0.000000 0.596421 0.758265 0.758265 0.758265
5534.101562 0.000000 2833.628906 0.000000 0.724142 0.000000 -0.689651 0.820519 0.820519 0.820519
5527.342285 0.000000 2782.594482 0.000000 0.981832 0.000000 -0.189753 0.807893 0.807893 0.807893
5545.742676 0.000000 2848.646973 0.000000 0.150625 0.000000 0.988591 0.738758 0.738758 0.738758
5487.317383 0.000000 2859.177979 0.000000 0.031874 0.000000 -0.999492 0.865467 0.865467 0.865467
5503.363770 0.000000 2815.617188 0.000000 0.937389 0.000000 0.348283 0.762912 0.762912 0.762912
5486.634277 0.000000 2834.457520 0.000000 0.586764 0.000000 -0.809758 0.828839 0.828839 0.828839
5539.293945 0.000000 2795.023438 0.000000 0.879158 0.000000 -0.476530 0.824999 0.824999 0.824999
5545.105469 0.000000 2871.163086 0.000000 0.214369 0.000000 0.976753 0.699346 0.699346 0.699346
5515.922363 0.000000 2853.886963 0.000000 0.918329 0.000000 -0.395818 0.802195 0.802195 0.802195
5511.556641 0.000000 2834.791504 0.000000 0.599204 0.000000 0.800596 0.791657 0.791657 0.791657
5514.804688 0.000000 2793.822510 0.000000 0.878750 0.000000 0.477282 0.785690 0.785690 0.785690
5531.834961 0.000000 2844.608887 0.000000 0.482630 0.000000 0.875824 0.732863 0.732863 0.732863
5507.677246 0.000000 2845.805908 0.000000 0.449110 0.000000 -0.893477 0.859589 0.859589 0.859589
5503.245117 0.000000 2827.216309 0.000000 0.787966 0.000000 0.615719 0.749129 0.749129 0.749129
5544.524414 0.000000 2884.631104 0.000000 0.317230 0.000000 0.948349 0.794766 0.794766 0.794766
5565.322266 0.000000 2881.509033 0.000000 0.353601 0.000000 -0.935396 0.868839 0.868839 0.868839
5533.908691 0.000000 2805.413086 0.000000 0.467129 0.000000 0.884189 0.691458 0.691458 0.691458
5550.335449 0.000000 2792.544678 0.000000 0.926542 0.000000 0.376192 0.793761 0.793761 0.793761
5509.516113 0.000000 2869.844971 0.000000 0.017366 0.000000 -0.999849 0.817685 0.817685 0.817685
5543.260254 0.000000 2811.655029 0.000000 0.924042 0.000000 0.382290 0.755343 0.755343 0.755343
5529.495117 0.000000 2866.365234 0.000000 0.994262 0.000000 -0.106970 0.805715 0.805715 0.805715
5542.802734 0.000000 2861.410156 0.000000 0.754731 0.000000 0.656035 0.772989 0.772989 0.772989
5554.096191 0.000000 2783.449463 0.000000 0.765967 0.000000 -0.642880 0.838490 0.838490 0.838490
5525.250488 0.000000 2851.587646 0.000000 0.215856 0.000000 0.976425 0.787027 0.787027 0.787027
5481.357422 0.000000 2880.985107 0.000000 0.012716 0.000000 0.999919 0.733717 0.733717 0.733717
5511.658691 0.000000 2811.329590 0.000000 0.673893 0.000000 -0.738829 0.882686 0.882686 0.882686
5503.411133 0.000000 2888.493408 0.000000 0.658833 0.000000 -0.752290 0.829592 0.829592 0.829592
5524.521973 0.000000 2874.004883 0.000000 0.005945 0.000000 -0.999982 0.873134 0.873134 0.873134
5535.648438 0.000000 2786.581299 0.000000 0.774537 0.000000 0.632529 0.778663 0.778663 0.778663
5494.756836 0.000000 2830.243164 0.000000 0.501848 0.000000 -0.864956 0.806262 0.806262 0.806262
5481.037109 0.000000 2865.271240 0.000000 0.979585 0.000000 0.201029 0.794906 0.794906 0.794906
5563.062012 0.000000 2781.951172 0.000000 0.394207 0.000000 0.919022 0.739240 0.739240 0.739240
5510.636719 0.000000 2861.290771 0.000000 0.589164 0.000000 -0.808013 0.853550 0.853550 0.853550
5500.554199 0.000000 2807.607178 0.000000 0.631483 0.000000 0.775389 0.792025 0.792025 0.792025
5495.582520 0.000000 2862.519775 0.000000 0.788442 0.000000 0.615109 0.780549 0.780549 0.780549
5537.342773 0.000000 2868.560791 0.000000 0.957827 0.000000 -0.287345 0.831783 0.831783 0.831783
5555.687988 0.000000 2798.719482 0.000000 0.987130 0.000000 0.159920 0.792301 0.792301 0.792301
5525.256836 0.000000 2859.569824 0.000000 0.540547 0.000000 0.841314 0.691582 0.691582 0.691582
5497.766602 0.000000 2821.475586 0.000000 0.494951 0.000000 0.868921 0.768453 0.768453 0.768453
5537.365234 0.000000 2849.881348 0.000000 0.414154 0.000000 -0.910207 0.815762 0.815762 0.815762
5527.836914 0.000000 2838.072510 0.000000 0.922383 0.000000 0.386276 0.774812 0.774812 0.774812
5480.994141 0.000000 2854.758545 0.000000 0.383902 0.000000 0.923374 0.728081 0.728081 0.728081
5541.095703 0.000000 2803.091797 0.000000 0.555489 0.000000 -0.831524 0.838239 0.838239 0.838239
5526.417969 0.000000 2805.301025 0.000000 0.079636 0.000000 -0.996824 0.883981 0.883981 0.883981
5513.546875 0.000000 2885.923584 0.000000 0.619336 0.000000 0.785126 0.781065 0.781065 0.781065
5529.402344 0.000000 2790.491211 0.000000 0.986389 0.000000 0.164429 0.795645 0.795645 0.795645
5547.671875 0.000000 2855.896240 0.000000 0.039854 0.000000 0.999206 0.657820 0.657820 0.657820
5492.180664 0.000000 2868.636963 0.000000 0.185942 0.000000 0.982561 0.776785 0.776785 0.776785
5507.730957 0.000000 2821.081055 0.000000 0.999236 0.000000 -0.039080 0.801007 0.801007 0.801007
5506.333496 0.000000 2839.141113 0.000000 0.998664 0.000000 -0.051682 0.802788 0.802788 0.802788
5499.259277 0.000000 2796.547607 0.000000 0.606366 0.000000 -0.795186 0.811567 0.811567 0.811567
5549.879395 0.000000 2812.227295 0.000000 0.281506 0.000000 0.959560 0.719130 0.719130 0.719130
5543.978027 0.000000 2818.516113 0.000000 0.888217 0.000000 0.459425 0.787129 0.787129 0.787129
5487.161133 0.000000 2852.280029 0.000000 0.362388 0.000000 -0.932027 0.868304 0.868304 0.868304
5482.583496 0.000000 2839.792480 0.000000 0.484124 0.000000 -0.875000 0.852985 0.852985 0.852985
5510.541504 0.000000 2788.685303 0.000000 0.935398 0.000000 0.353597 0.782893 0.782893 0.782893
5559.815918 0.000000 2884.948730 0.000000 0.271577 0.000000 0.962417 0.777485 0.777485 0.777485
5509.105469 0.000000 2854.165771 0.000000 0.632652 0.000000 0.774436 0.753293 0.753293 0.753293
5567.402344 0.000000 2874.502197 0.000000 0.986981 0.000000 -0.160836 0.803291 0.803291 0.803291
5548.473145 0.000000 2865.677979 0.000000 0.603793 0.000000 0.797141 0.706030 0.706030 0.706030
5533.542480 0.000000 2798.658936 0.000000 0.821867 0.000000 0.569680 0.756420 0.756420 0.756420
5541.368652 0.000000 2854.740967 0.000000 0.097400 0.000000 -0.995245 0.933291 0.933291 0.933291
5516.168945 0.000000 2847.576416 0.000000 0.874212 0.000000 -0.485544 0.816404 0.816404 0.816404
5487.322266 0.000000 2827.792236 0.000000 0.312664 0.000000 -0.949864 0.830776 0.830776 0.830776
5550.725098 0.000000 2885.118408 0.000000 0.947000 0.000000 0.321233 0.781189 0.781189 0.781189
5505.059082 0.000000 2833.155518 0.000000 0.967655 0.000000 0.252277 0.785483 0.785483 0.785483
5537.316895 0.000000 2810.891602 0.000000 0.788869 0.000000 -0.614561 0.855517 0.855517 0.855517
5535.392090 0.000000 2862.764404 0.000000 0.993785 0.000000 -0.111314 0.809491 0.809491 0.809491
5516.512207 0.000000 2787.362793 0.000000 0.013092 0.000000 -0.999914 0.883067 0.883067 0.883067
5513.419922 0.000000 2805.449707 0.000000 0.707511 0.000000 -0.706702 0.821631 0.821631 0.821631
5516.657227 0.000000 2859.988037 0.000000 0.144218 0.000000 0.989546 0.716263 0.716263 0.716263
5487.086914 0.000000 2865.428223 0.000000 0.834787 0.000000 -0.550573 0.809782 0.809782 0.809782
5526.061035 0.000000 2845.229980 0.000000 0.193835 0.000000 -0.981034 0.894794 0.894794 0.894794
5531.090332 0.000000 2851.214844 0.000000 0.881857 0.000000 -0.471518 0.816475 0.816475 0.816475
5506.042969 0.000000 2809.659424 0.000000 0.536483 0.000000 0.843911 0.719949 0.719949 0.719949
5480.937988 0.000000 2832.130859 0.000000 0.984812 0.000000 -0.173625 0.807215 0.807215 0.807215
5501.591309 0.000000 2801.977539 0.000000 0.903616 0.000000 -0.428343 0.823340 0.823340 0.823340
5497.056152 0.000000 2815.710938 0.000000 0.307152 0.000000 -0.951660 0.859575 0.859575 0.859575
5535.145020 0.000000 2839.476562 0.000000 0.994217 0.000000 0.107392 0.795100 0.795100 0.795100
5521.149902 0.000000 2855.718018 0.000000 0.874539 0.000000 0.484955 0.767236 0.767236 0.767236
5555.365723 0.000000 2788.929932 0.000000 0.819549 0.000000 0.573009 0.769655 0.769655 0.769655
5524.007812 0.000000 2868.359619 0.000000 0.605499 0.000000 -0.795846 0.872795 0.872795 0.872795
5480.949707 0.000000 2886.879883 0.000000 0.811319 0.000000 0.584604 0.785784 0.785784 0.785784
5532.895996 0.000000 2781.594971 0.000000 0.205325 0.000000 -0.978694 0.867016 0.867016 0.867016
5508.031738 0.000000 2885.682861 0.000000 0.485412 0.000000 0.874285 0.739438 0.739438 0.739438
5515.048828 0.000000 2869.844482 0.000000 0.220545 0.000000 0.975377 0.763643 0.763643 0.763643
5499.677734 0.000000 2832.403076 0.000000 0.982219 0.000000 0.187739 0.794342 0.794342 0.794342
5534.659668 0.000000 2791.925049 0.000000 0.623210 0.000000 0.782055 0.748887 0.748887 0.748887
5544.959473 0.000000 2806.643066 0.000000 0.658155 0.000000 -0.752883 0.835753 0.835753 0.835753
5531.729980 0.000000 2810.457275 0.000000 0.943407 0.000000 0.331638 0.790075 0.790075 0.790075
5542.236328 0.000000 2866.665283 0.000000 0.395960 0.000000 -0.918268 0.917835 0.917835 0.917835
5550.996094 0.000000 2848.593018 0.000000 0.065496 0.000000 -0.997853 0.841488 0.841488 0.841488
5482.054688 0.000000 2860.178223 0.000000 0.270663 0.000000 -0.962674 0.837294 0.837294 0.837294
5502.778320 0.000000 2843.190186 0.000000 0.549755 0.000000 -0.835326 0.843246 0.843246 0.843246
5539.683594 0.000000 2873.208008 0.000000 0.368761 0.000000 -0.929524 0.884356 0.884356 0.884356
5503.181641 0.000000 2883.127686 0.000000 0.900928 0.000000 -0.433968 0.812641 0.812641 0.812641
5528.838867 0.000000 2855.872803 0.000000 0.600299 0.000000 0.799776 0.771120 0.771120 0.771120
5530.396973 0.000000 2861.277100 0.000000 0.227927 0.000000 0.973678 0.647354 0.647354 0.647354
5508.623535 0.000000 2815.521729 0.000000 0.891172 0.000000 -0.453665 0.832445 0.832445 0.832445
5539.708984 0.000000 2815.419922 0.000000 0.205580 0.000000 0.978640 0.759144 0.759144 0.759144
5558.911621 0.000000 2785.376709 0.000000 0.297367 0.000000 -0.954763 0.824329 0.824329 0.824329
5511.277344 0.000000 2849.321045 0.000000 0.641163 0.000000 0.767405 0.775365 0.775365 0.775365
5521.384277 0.000000 2847.692871 0.000000 0.756532 0.000000 0.653957 0.759426 0.759426 0.759426
5482.641602 0.000000 2876.178223 0.000000 0.792688 0.000000 -0.609628 0.841245 0.841245 0.841245
5559.039551 0.000000 2795.029297 0.000000 0.108893 0.000000 0.994053 0.741321 0.741321 0.741321
5505.725098 0.000000 2850.498779 0.000000 0.965224 0.000000 0.261423 0.791284 0.791284 0.791284
5538.499512 0.000000 2858.961670 0.000000 0.930890 0.000000 0.365299 0.766615 0.766615 0.766615
5522.761230 0.000000 2838.166504 0.000000 0.581350 0.000000 -0.813654 0.823348 0.823348 0.823348
5513.164551 0.000000 2865.428711 0.000000 0.360763 0.000000 -0.932657 0.870563 0.870563 0.870563
5503.018066 0.000000 2822.032959 0.000000 0.960230 0.000000 0.279211 0.783893 0.783893 0.783893
5498.370117 0.000000 2826.615479 0.000000 0.310254 0.000000 0.950654 0.715758 0.715758 0.715758
5529.553223 0.000000 2801.368408 0.000000 0.521194 0.000000 -0.853438 0.852078 0.852078 0.852078
5506.088867 0.000000 2860.106201 0.000000 0.922263 0.000000 -0.386564 0.816647 0.816647 0.816647
5530.827637 0.000000 2785.836914 0.000000 0.052278 0.000000 0.998633 0.718114 0.718114 0.718114
5530.884277 0.000000 2794.943604 0.000000 0.932605 0.000000 -0.360898 0.812389 0.812389 0.812389
5526.041016 0.000000 2786.982910 0.000000 0.645047 0.000000 -0.764143 0.832830 0.832830 0.832830
5560.621094 0.000000 2799.553711 0.000000 0.362721 0.000000 -0.931898 0.828032 0.828032 0.828032
5490.592285 0.000000 2862.399902 0.000000 0.999481 0.000000 -0.032221 0.801834 0.801834 0.801834
5523.122070 0.000000 2863.633545 0.000000 0.054096 0.000000 0.998536 0.648239 0.648239 0.648239
5554.582520 0.000000 2794.150146 0.000000 0.098608 0.000000 -0.995126 0.882908 0.882908 0.882908
5528.712402 0.000000 2876.370850 0.000000 0.919726 0.000000 -0.392561 0.819337 0.819337 0.819337
5510.410156 0.000000 2794.384521 0.000000 0.896249 0.000000 -0.443552 0.812116 0.812116 0.812116
5538.043945 0.000000 2799.438477 0.000000 0.135461 0.000000 -0.990783 0.885976 0.885976 0.885976
5540.397461 0.000000 2807.640137 0.000000 0.993423 0.000000 0.114506 0.790580 0.790580 0.790580
5505.237793 0.000000 2799.310059 0.000000 0.370585 0.000000 -0.928799 0.841395 0.841395 0.841395
5534.002441 0.000000 2871.535645 0.000000 0.924637 0.000000 -0.380850 0.844480 0.844480 0.844480
5549.835449 0.000000 2781.681641 0.000000 0.685072 0.000000 0.728475 0.753547 0.753547 0.753547
5552.089844 0.000000 2856.697021 0.000000 0.912411 0.000000 -0.409276 0.823244 0.823244 0.823244
5549.732910 0.000000 2869.935791 0.000000 0.875916 0.000000 0.482464 0.757164 0.757164 0.757164
5555.562012 0.000000 2885.998047 0.000000 0.966685 0.000000 -0.255969 0.816595 0.816595 0.816595
5547.136719 0.000000 2861.349609 0.000000 0.176890 0.000000 0.984231 0.699845 0.699845 0.699845
5547.524902 0.000000 2815.759766 0.000000 0.657807 0.000000 -0.753187 0.857235 0.857235 0.857235
5519.575684 0.000000 2851.581055 0.000000 0.970138 0.000000 0.242552 0.790458 0.790458 0.790458
5509.698242 0.000000 2807.495117 0.000000 0.844608 0.000000 0.535386 0.759040 0.759040 0.759040
5521.100098 0.000000 2859.999756 0.000000 0.991845 0.000000 0.127451 0.786370 0.786370 0.786370
5489.699219 0.000000 2855.626709 0.000000 0.399017 0.000000 0.916943 0.736037 0.736037 0.736037
5483.138672 0.000000 2851.106201 0.000000 0.994279 0.000000 -0.106817 0.805066 0.805066 0.805066
5533.590332 0.000000 2866.739990 0.000000 0.992673 0.000000 0.120829 0.793323 0.793323 0.793323
5548.599121 0.000000 2851.926270 0.000000 0.881295 0.000000 -0.472567 0.828607 0.828607 0.828607
5509.395508 0.000000 2842.026123 0.000000 0.077841 0.000000 -0.996966 0.842936 0.842936 0.842936
5537.304199 0.000000 2854.014648 0.000000 0.794603 0.000000 0.607130 0.739797 0.739797 0.739797
5502.083496 0.000000 2811.574707 0.000000 0.446630 0.000000 -0.894719 0.865049 0.865049 0.865049
5503.948242 0.000000 2805.310303 0.000000 0.718886 0.000000 0.695128 0.768685 0.768685 0.768685
5539.313477 0.000000 2863.565430 0.000000 0.960138 0.000000 -0.279528 0.811373 0.811373 0.811373
5531.186523 0.000000 2840.582520 0.000000 0.787506 0.000000 0.616307 0.749868 0.749868 0.749868
5484.666016 0.000000 2830.851807 0.000000 0.755499 0.000000 -0.655149 0.840663 0.840663 0.840663
5484.878906 0.000000 2856.067627 0.000000 0.817982 0.000000 0.575244 0.770254 0.770254 0.770254
5500.485840 0.000000 2818.354980 0.000000 0.962664 0.000000 0.270699 0.779305 0.779305 0.779305
5530.139648 0.000000 2834.633301 0.000000 0.297499 0.000000 -0.954722 0.849412 0.849412 0.849412
5482.780273 0.000000 2835.847168 0.000000 0.976147 0.000000 0.217112 0.787543 0.787543 0.787543
5533.648926 0.000000 2848.177734 0.000000 0.219150 0.000000 -0.975691 0.850145 0.850145 0.850145
5484.527344 0.000000 2843.427490 0.000000 0.987607 0.000000 0.156946 0.794995 0.794995 0.794995
5530.088379 0.000000 2806.903320 0.000000 0.824887 0.000000 -0.565298 0.839598 0.839598 0.839598
5544.723145 0.000000 2852.829834 0.000000 0.449566 0.000000 0.893247 0.727864 0.727864 0.727864
5524.749512 0.000000 2841.521729 0.000000 0.535852 0.000000 -0.844312 0.866859 0.866859 0.866859
5557.659180 0.000000 2781.712646 0.000000 0.998556 0.000000 -0.053714 0.803059 0.803059 0.803059
5541.955566 0.000000 2798.845703 0.000000 0.057379 0.000000 -0.998352 0.851686 0.851686 0.851686
5544.308594 0.000000 2857.919434 0.000000 0.402105 0.000000 0.915594 0.706414 0.706414 0.706414
5537.639648 0.000000 2804.691162 0.000000 0.012384 0.000000 -0.999923 0.978347 0.978347 0.978347
5493.127930 0.000000 2859.587891 0.000000 0.752282 0.000000 -0.658841 0.825858 0.825858 0.825858
5546.746582 0.000000 2809.968506 0.000000 0.958143 0.000000 -0.286290 0.817049 0.817049 0.817049
5526.879395 0.000000 2863.257812 0.000000 0.912169 0.000000 -0.409814 0.839721 0.839721 0.839721
5503.342773 0.000000 2836.778076 0.000000 0.536789 0.000000 0.843716 0.760290 0.760290 0.760290
5504.013184 0.000000 2846.960938 0.000000 0.070653 0.000000 -0.997501 0.864714 0.864714 0.864714
5485.637207 0.000000 2848.025879 0.000000 0.385807 0.000000 0.922580 0.733134 0.733134 0.733134
5480.786621 0.000000 2843.201660 0.000000 0.004390 0.000000 -0.999990 0.889162 0.889162 0.889162
5514.089355 0.000000 2790.157471 0.000000 0.697197 0.000000 -0.716879 0.837835 0.837835 0.837835
5508.881348 0.000000 2857.773926 0.000000 0.814867 0.000000 -0.579648 0.834824 0.834824 0.834824
5535.267578 0.000000 2801.959473 0.000000 0.783718 0.000000 0.621117 0.734548 0.734548 0.734548
5535.492188 0.000000 2795.617676 0.000000 0.681105 0.000000 0.732186 0.750777 0.750777 0.750777
5541.536133 0.000000 2870.155518 0.000000 0.988554 0.000000 -0.150867 0.813067 0.813067 0.813067
5557.400391 0.000000 2791.845703 0.000000 0.632600 0.000000 0.774479 0.753820 0.753820 0.753820
5532.866211 0.000000 2788.888184 0.000000 0.921269 0.000000 -0.388926 0.822738 0.822738 0.822738
5545.175293 0.000000 2864.391357 0.000000 0.249832 0.000000 -0.968289 0.901105 0.901105 0.901105
5505.976074 0.000000 2818.029541 0.000000 0.687344 0.000000 0.726332 0.749828 0.749828 0.749828
5505.932617 0.000000 2813.226318 0.000000 0.135968 0.000000 -0.990713 0.957280 0.957280 0.957280
5527.406738 0.000000 2869.317383 0.000000 0.224467 0.000000 -0.974482 0.935328 0.935328 0.935328
5549.944824 0.000000 2859.366211 0.000000 0.693179 0.000000 0.720765 0.711261 0.711261 0.711261
5551.864258 0.000000 2864.232422 0.000000 0.815926 0.000000 0.578157 0.742748 0.742748 0.742748
5505.666992 0.000000 2854.499756 0.000000 0.895287 0.000000 -0.445489 0.818536 0.818536 0.818536
5533.911621 0.000000 2853.220215 0.000000 0.953718 0.000000 0.300702 0.781334 0.781334 0.781334
5543.516602 0.000000 2815.120117 0.000000 0.773314 0.000000 -0.634023 0.849789 0.849789 0.849789
5493.204102 0.000000 2865.201416 0.000000 0.449711 0.000000 0.893174 0.741771 0.741771 0.741771
5532.593262 0.000000 2837.014160 0.000000 0.614114 0.000000 -0.789217 0.851772 0.851772 0.851772
5528.502441 0.000000 2842.773682 0.000000 0.447582 0.000000 0.894243 0.709815 0.709815 0.709815
5516.442871 0.000000 2863.450439 0.000000 0.185895 0.000000 0.982570 0.693870 0.693870 0.693870
5500.188965 0.000000 2814.470947 0.000000 0.751135 0.000000 -0.660149 0.860050 0.860050 0.860050
5534.599609 0.000000 2812.876709 0.000000 0.950599 0.000000 -0.310421 0.813238 0.813238 0.813238
5545.892578 0.000000 2867.895508 0.000000 0.282978 0.000000 -0.959126 0.938470 0.938470 0.938470
5534.740723 0.000000 2808.688721 0.000000 0.997922 0.000000 0.064433 0.794398 0.794398 0.794398
5502.780273 0.000000 2830.572021 0.000000 0.760778 0.000000 0.649013 0.754719 0.754719 0.754719
5506.368164 0.000000 2882.400635 0.000000 0.911640 0.000000 0.410991 0.775892 0.775892 0.775892
5500.269531 0.000000 2823.896240 0.000000 0.589836 0.000000 -0.807523 0.855192 0.855192 0.855192
5517.763672 0.000000 2856.877930 0.000000 0.898066 0.000000 0.439860 0.780625 0.780625 0.780625
5552.022949 0.000000 2867.601318 0.000000 0.923651 0.000000 -0.383234 0.817438 0.817438 0.817438
5553.520020 0.000000 2883.497559 0.000000 0.875512 0.000000 0.483196 0.778546 0.778546 0.778546
5533.526367 0.000000 2860.166504 0.000000 0.324101 0.000000 0.946022 0.658008 0.658008 0.658008
5531.596191 0.000000 2869.193604 0.000000 0.967108 0.000000 -0.254368 0.818492 0.818492 0.818492
5506.257812 0.000000 2842.677734 0.000000 0.892603 0.000000 0.450843 0.776180 0.776180 0.776180
5532.132812 0.000000 2863.896240 0.000000 0.532843 0.000000 0.846214 0.705703 0.705703 0.705703
5496.246094 0.000000 2818.763428 0.000000 0.970420 0.000000 -0.241421 0.811980 0.811980 0.811980
5551.246582 0.000000 2853.689453 0.000000 0.823373 0.000000 0.567501 0.772158 0.772158 0.772158
5552.698730 0.000000 2887.545654 0.000000 0.499005 0.000000 -0.866599 0.874120 0.874120 0.874120
5528.385254 0.000000 2858.934326 0.000000 0.680244 0.000000 0.732986 0.708806 0.708806 0.708806
5519.585938 0.000000 2862.720947 0.000000 0.997799 0.000000 0.066315 0.793797 0.793797 0.793797
5481.687988 0.000000 2873.190674 0.000000 0.322416 0.000000 0.946598 0.712896 0.712896 0.712896
5522.903809 0.000000 2844.999756 0.000000 0.991540 0.000000 -0.129803 0.807565 0.807565 0.807565
5545.988281 0.000000 2813.128174 0.000000 0.859333 0.000000 -0.511417 0.852751 0.852751 0.852751
5513.152344 0.000000 2808.493652 0.000000 0.165698 0.000000 0.986176 0.696504 0.696504 0.696504
5506.940918 0.000000 2806.220459 0.000000 0.799203 0.000000 0.601061 0.761364 0.761364 0.761364
5536.197266 0.000000 2873.640381 0.000000 0.526586 0.000000 0.850122 0.703796 0.703796 0.703796
5536.569824 0.000000 2865.604248 0.000000 0.648606 0.000000 -0.761124 0.858051 0.858051 0.858051
5508.691406 0.000000 2851.063232 0.000000 0.880950 0.000000 -0.473209 0.828058 0.828058 0.828058
5518.820801 0.000000 2846.148682 0.000000 0.782491 0.000000 0.622661 0.763352 0.763352 0.763352
5541.362793 0.000000 2857.720703 0.000000 0.149796 0.000000 -0.988717 0.951493 0.951493 0.951493
5526.186035 0.000000 2866.361328 0.000000 0.992209 0.000000 -0.124581 0.808906 0.808906 0.808906
5532.285156 0.000000 2802.687256 0.000000 0.967185 0.000000 0.254073 0.772910 0.772910 0.772910
5502.251953 0.000000 2833.858887 0.000000 0.567670 0.000000 0.823256 0.744950 0.744950 0.744950
5511.574707 0.000000 2791.584961 0.000000 0.861152 0.000000 -0.508347 0.830354 0.830354 0.830354
5525.093750 0.000000 2871.155273 0.000000 0.968609 0.000000 0.248591 0.777421 0.777421 0.777421
5567.433594 0.000000 2883.905029 0.000000 0.764474 0.000000 0.644655 0.763061 0.763061 0.763061
5531.737305 0.000000 2874.064697 0.000000 0.169210 0.000000 0.985580 0.673266 0.673266 0.673266
5500.652344 0.000000 2828.578125 0.000000 0.990064 0.000000 0.140621 0.787573 0.787573 0.787573
5535.471680 0.000000 2836.604004 0.000000 0.864582 0.000000 0.502492 0.770032 0.770032 0.770032
5540.078125 0.000000 2812.039551 0.000000 0.952326 0.000000 -0.305083 0.826749 0.826749 0.826749
5490.277344 0.000000 2858.919922 0.000000 0.977365 0.000000 0.211558 0.788505 0.788505 0.788505
5510.564941 0.000000 2864.241943 0.000000 0.870614 0.000000 -0.491966 0.829277 0.829277 0.829277
5539.317871 0.000000 2866.549805 0.000000 0.748307 0.000000 0.663352 0.732641 0.732641 0.732641
5528.945312 0.000000 2804.145752 0.000000 0.596410 0.000000 0.802680 0.741938 0.741938 0.741938
5522.955078 0.000000 2857.874268 0.000000 0.787439 0.000000 -0.616393 0.850937 0.850937 0.850937
5542.908691 0.000000 2808.869141 0.000000 0.715886 0.000000 0.698217 0.724977 0.724977 0.724977
5480.873535 0.000000 2878.298828 0.000000 0.990505 0.000000 -0.137475 0.808842 0.808842 0.808842
5484.504395 0.000000 2853.423584 0.000000 0.648098 0.000000 0.761557 0.747092 0.747092 0.747092
5546.920410 0.000000 2858.550293 0.000000 0.998633 0.000000 -0.052268 0.804387 0.804387 0.804387
5528.888672 0.000000 2845.318115 0.000000 0.445169 0.000000 -0.895446 0.874451 0.874451 0.874451
5503.498047 0.000000 2819.432861 0.000000 0.804656 0.000000 -0.593741 0.849135 0.849135 0.849135
5536.156250 0.000000 2860.051758 0.000000 0.899061 0.000000 -0.437822 0.833941 0.833941 0.833941
5527.253418 0.000000 2840.529297 0.000000 0.963479 0.000000 -0.267786 0.822091 0.822091 0.822091
5529.355957 0.000000 2863.608154 0.000000 0.875317 0.000000 -0.483550 0.841732 0.841732 0.841732
5544.766602 0.000000 2855.502197 0.000000 0.422306 0.000000 -0.906453 0.891113 0.891113 0.891113
5538.694336 0.000000 2802.053955 0.000000 0.524090 0.000000 -0.851663 0.879995 0.879995 0.879995
5422.017090 0.000000 2987.306152 0.000000 0.963470 0.000000 0.267816 0.784567 0.784567 0.784567
5479.351074 0.000000 2921.495605 0.000000 0.542494 0.000000 0.840060 0.724104 0.724104 0.724104
5457.507324 0.000000 2890.496826 0.000000 0.312387 0.000000 -0.949955 0.846551 0.846551 0.846551
5433.773438 0.000000 2949.588867 0.000000 0.066934 0.000000 -0.997757 0.858568 0.858568 0.858568
5447.191406 0.000000 2923.176025 0.000000 0.150393 0.000000 -0.988626 0.862103 0.862103 0.862103
5462.837891 0.000000 2942.262207 0.000000 0.511174 0.000000 0.859477 0.794423 0.794423 0.794423
5446.726074 0.000000 2983.197754 0.000000 0.124053 0.000000 0.992276 0.788733 0.788733 0.788733
5462.112793 0.000000 2910.268066 0.000000 0.507211 0.000000 0.861822 0.784439 0.784439 0.784439
5395.484375 0.000000 2912.277344 0.000000 0.987298 0.000000 -0.158876 0.806023 0.806023 0.806023
5473.828613 0.000000 2897.256348 0.000000 0.778909 0.000000 0.627137 0.761009 0.761009 0.761009
5447.109375 0.000000 2940.613281 0.000000 0.999801 0.000000 -0.019926 0.800263 0.800263 0.800263
5463.629883 0.000000 2926.313721 0.000000 0.532685 0.000000 -0.846314 0.842925 0.842925 0.842925
5477.374023 0.000000 2937.197754 0.000000 0.424689 0.000000 -0.905339 0.841381 0.841381 0.841381
5407.579102 0.000000 2908.408936 0.000000 0.050552 0.000000 -0.998721 0.811841 0.811841 0.811841
5424.564453 0.000000 2941.775879 0.000000 0.993686 0.000000 0.112197 0.796632 0.796632 0.796632
5439.213867 0.000000 2931.897949 0.000000 0.367280 0.000000 0.930111 0.785683 0.785683 0.785683
5444.842773 0.000000 2951.593262 0.000000 0.984112 0.000000 -0.177549 0.809519 0.809519 0.809519
5475.787598 0.000000 2910.535156 0.000000 0.852155 0.000000 -0.523289 0.803630 0.803630 0.803630
5420.685059 0.000000 2952.790283 0.000000 0.909440 0.000000 -0.415836 0.816960 0.816960 0.816960
5457.532227 0.000000 2991.615479 0.000000 0.341752 0.000000 0.939790 0.664544 0.664544 0.664544
5454.241211 0.000000 2931.573242 0.000000 0.199782 0.000000 0.979840 0.692493 0.692493 0.692493
5446.916504 0.000000 2912.397461 0.000000 0.435188 0.000000 -0.900340 0.842970 0.842970 0.842970
5463.343262 0.000000 2899.529053 0.000000 0.295982 0.000000 0.955193 0.727692 0.727692 0.727692
5422.523926 0.000000 2976.829346 0.000000 0.850015 0.000000 -0.526758 0.829917 0.829917 0.829917
5456.268066 0.000000 2918.639404 0.000000 0.656838 0.000000 0.754032 0.779528 0.779528 0.779528
5469.458496 0.000000 2918.197754 0.000000 0.912314 0.000000 0.409491 0.796967 0.796967 0.796967
5467.104004 0.000000 2890.433838 0.000000 0.670848 0.000000 0.741595 0.794494 0.794494 0.794494
5472.583496 0.000000 2928.949707 0.000000 0.183792 0.000000 0.982965 0.760140 0.760140 0.760140
5453.815430 0.000000 2947.578125 0.000000 0.013393 0.000000 0.999910 0.714150 0.714150 0.714150
5434.727539 0.000000 2940.404053 0.000000 0.895884 0.000000 0.444289 0.772691 0.772691 0.772691
5448.155762 0.000000 2992.057617 0.000000 0.329354 0.000000 -0.944207 0.835524 0.835524 0.835524
5396.514160 0.000000 2921.909668 0.000000 0.128367 0.000000 0.991727 0.768894 0.768894 0.768894
5476.069824 0.000000 2888.935547 0.000000 0.680220 0.000000 -0.733008 0.846831 0.846831 0.846831
5471.469727 0.000000 2943.958008 0.000000 0.740798 0.000000 -0.671728 0.838394 0.838394 0.838394
5428.792480 0.000000 2982.493408 0.000000 0.724874 0.000000 0.688881 0.794536 0.794536 0.794536
5468.695801 0.000000 2905.703857 0.000000 0.984026 0.000000 -0.178023 0.807936 0.807936 0.807936
5440.844727 0.000000 2945.056885 0.000000 0.290938 0.000000 -0.956742 0.840508 0.840508 0.840508
5455.507812 0.000000 2940.080078 0.000000 0.364827 0.000000 0.931076 0.766999 0.766999 0.766999
5399.904785 0.000000 2906.164062 0.000000 0.480490 0.000000 0.877000 0.755780 0.755780 0.755780
5454.103516 0.000000 2910.076172 0.000000 0.999893 0.000000 -0.014650 0.800720 0.800720 0.800720
5439.425781 0.000000 2912.285400 0.000000 0.775058 0.000000 0.631890 0.786886 0.786886 0.786886
5441.380371 0.000000 2988.216309 0.000000 0.919068 0.000000 0.394099 0.796117 0.796117 0.796117
5453.705566 0.000000 2985.304443 0.000000 0.015587 0.000000 0.999879 0.771113 0.771113 0.771113
5426.554688 0.000000 2992.907959 0.000000 0.776696 0.000000 0.629875 0.740801 0.740801 0.740801
5440.368164 0.000000 2920.635986 0.000000 0.459199 0.000000 -0.888333 0.831455 0.831455 0.831455
5426.630859 0.000000 2948.710449 0.000000 0.999394 0.000000 0.034819 0.798247 0.798247 0.798247
5445.806152 0.000000 2930.400391 0.000000 0.427201 0.000000 0.904157 0.764135 0.764135 0.764135
5477.103516 0.000000 2903.512207 0.000000 0.064108 0.000000 -0.997943 0.984159 0.984159 0.984159
5462.887207 0.000000 2919.211670 0.000000 0.957994 0.000000 -0.286787 0.812200 0.812200 0.812200
5402.427734 0.000000 2913.077881 0.000000 0.946744 0.000000 -0.321986 0.810410 0.810410 0.810410
5458.581055 0.000000 2904.511719 0.000000 0.067579 0.000000 0.997714 0.730650 0.730650 0.730650
5457.114746 0.000000 2897.150146 0.000000 0.888286 0.000000 0.459291 0.795139 0.795139 0.795139
5432.937500 0.000000 2933.605225 0.000000 0.881554 0.000000 -0.472084 0.829164 0.829164 0.829164
5460.006348 0.000000 2935.552734 0.000000 0.972200 0.000000 -0.234152 0.825207 0.825207 0.825207
5429.176758 0.000000 2954.560791 0.000000 0.343565 0.000000 0.939129 0.736399 0.736399 0.736399
5441.323242 0.000000 2938.143555 0.000000 0.227335 0.000000 0.973817 0.748559 0.748559 0.748559
5463.732910 0.000000 2992.102783 0.000000 0.304173 0.000000 0.952617 0.656362 0.656362 0.656362
5479.183594 0.000000 2894.560059 0.000000 0.783690 0.000000 -0.621152 0.830118 0.830118 0.830118
5469.147949 0.000000 2924.099609 0.000000 0.781557 0.000000 -0.623834 0.869020 0.869020 0.869020
5468.757324 0.000000 2912.361084 0.000000 0.749180 0.000000 -0.662366 0.810411 0.810411 0.810411
5393.979004 0.000000 2927.449463 0.000000 0.968876 0.000000 -0.247545 0.803447 0.803447 0.803447
5439.068848 0.000000 2952.214355 0.000000 0.997958 0.000000 -0.063881 0.802681 0.802681 0.802681
5449.969238 0.000000 2935.487793 0.000000 0.618636 0.000000 -0.785678 0.861734 0.861734 0.861734
5462.265137 0.000000 2893.782715 0.000000 0.988481 0.000000 -0.151343 0.807738 0.807738 0.807738
5471.429199 0.000000 2937.883545 0.000000 0.741781 0.000000 -0.670642 0.825105 0.825105 0.825105
5428.593262 0.000000 2937.233398 0.000000 0.998010 0.000000 -0.063055 0.803970 0.803970 0.803970
5430.148438 0.000000 2944.061768 0.000000 0.459160 0.000000 -0.888354 0.845874 0.845874 0.845874
5448.152832 0.000000 2946.460938 0.000000 0.022932 0.000000 0.999737 0.711894 0.711894 0.711894
5468.373535 0.000000 2895.914307 0.000000 0.933525 0.000000 -0.358511 0.807470 0.807470 0.807470
5393.586426 0.000000 2906.979980 0.000000 0.078870 0.000000 0.996885 0.755306 0.755306 0.755306
5438.818848 0.000000 2993.525635 0.000000 0.921305 0.000000 -0.388840 0.807897 0.807897 0.807897
5421.039551 0.000000 2992.667236 0.000000 0.360989 0.000000 0.932570 0.758967 0.758967 0.758967
5450.754395 0.000000 2927.428711 0.000000 0.072234 0.000000 -0.997388 0.872727 0.872727 0.872727
5457.967285 0.000000 2913.627441 0.000000 0.872229 0.000000 0.489098 0.787139 0.787139 0.787139
5444.737793 0.000000 2917.441650 0.000000 0.353460 0.000000 -0.935450 0.868848 0.868848 0.868848
5474.143066 0.000000 2921.812500 0.000000 0.984221 0.000000 0.176946 0.791154 0.791154 0.791154
5393.798828 0.000000 2917.114014 0.000000 0.649117 0.000000 0.760689 0.749763 0.749763 0.749763
5422.365723 0.000000 2982.141846 0.000000 0.654172 0.000000 -0.756346 0.866295 0.866295 0.866295
5476.721680 0.000000 2932.056396 0.000000 0.728490 0.000000 0.685057 0.774678 0.774678 0.774678
5424.285156 0.000000 2956.305420 0.000000 0.881345 0.000000 0.472474 0.777002 0.777002 0.777002
5434.392090 0.000000 2954.677246 0.000000 0.969002 0.000000 0.247052 0.791923 0.791923 0.791923
5472.047363 0.000000 2902.013672 0.000000 0.971959 0.000000 -0.235152 0.816498 0.816498 0.816498
5418.732910 0.000000 2957.483154 0.000000 0.027918 0.000000 -0.999610 0.848996 0.848996 0.848996
5476.055176 0.000000 2942.247803 0.000000 0.982071 0.000000 0.188510 0.795000 0.795000 0.795000
5452.785645 0.000000 2990.313477 0.000000 0.998989 0.000000 -0.044958 0.803018 0.803018 0.803018
5463.325195 0.000000 2905.498291 0.000000 0.719332 0.000000 0.694666 0.754907 0.754907 0.754907
5442.561035 0.000000 2908.352783 0.000000 0.914450 0.000000 -0.404698 0.814979 0.814979 0.814979
5467.889160 0.000000 2929.696777 0.000000 0.969786 0.000000 0.243956 0.783757 0.783757 0.783757
5444.918457 0.000000 2935.022949 0.000000 0.352811 0.000000 0.935695 0.731113 0.731113 0.731113
5451.289062 0.000000 2942.897705 0.000000 0.922459 0.000000 -0.386095 0.814488 0.814488 0.814488
5470.945801 0.000000 2933.276123 0.000000 0.488769 0.000000 0.872413 0.761253 0.761253 0.761253
5449.398926 0.000000 2987.093262 0.000000 0.999942 0.000000 0.010761 0.799407 0.799407 0.799407
5436.860840 0.000000 2936.286133 0.000000 0.979198 0.000000 0.202908 0.783228 0.783228 0.783228
5473.628906 0.000000 2906.538086 0.000000 0.637022 0.000000 -0.770845 0.852210 0.852210 0.852210
5467.590332 0.000000 2901.134521 0.000000 0.452491 0.000000 -0.891769 0.840250 0.840250 0.840250
5431.113770 0.000000 2993.124023 0.000000 0.767857 0.000000 -0.640622 0.831246 0.831246 0.831246
5462.843262 0.000000 2888.666016 0.000000 0.512135 0.000000 -0.858905 0.854474 0.854474 0.854474
5457.048340 0.000000 2944.208984 0.000000 0.748957 0.000000 -0.662619 0.841229 0.841229 0.841229
5468.569824 0.000000 2992.982422 0.000000 0.523774 0.000000 0.851857 0.771289 0.771289 0.771289
5460.532715 0.000000 2922.744141 0.000000 0.306650 0.000000 0.951822 0.735873 0.735873 0.735873
5403.360840 0.000000 2908.880127 0.000000 0.904814 0.000000 -0.425807 0.821874 0.821874 0.821874
5479.003906 0.000000 2907.465088 0.000000 0.996620 0.000000 0.082156 0.796304 0.796304 0.796304
5478.251953 0.000000 2899.398193 0.000000 0.646389 0.000000 -0.763008 0.896210 0.896210 0.896210
5399.226562 0.000000 2910.334229 0.000000 0.674804 0.000000 0.737997 0.753745 0.753745 0.753745
5460.938965 0.000000 2988.922119 0.000000 0.892119 0.000000 0.451800 0.770227 0.770227 0.770227
5422.403320 0.000000 2949.010498 0.000000 0.010619 0.000000 0.999944 0.758868 0.758868 0.758868
5465.363281 0.000000 2922.565674 0.000000 0.262317 0.000000 -0.964982 0.905589 0.905589 0.905589
5425.479004 0.000000 2985.047363 0.000000 0.766288 0.000000 -0.642497 0.836791 0.836791 0.836791
5458.244141 0.000000 2908.898926 0.000000 0.904303 0.000000 0.426890 0.774895 0.774895 0.774895
5466.072266 0.000000 2909.289307 0.000000 0.189516 0.000000 -0.981878 0.878559 0.878559 0.878559
5438.668945 0.000000 2941.392090 0.000000 0.991105 0.000000 0.133081 0.796241 0.796241 0.796241
5445.409180 0.000000 2988.292480 0.000000 0.092384 0.000000 0.995723 0.722055 0.722055 0.722055
5444.194336 0.000000 2947.566895 0.000000 0.781798 0.000000 -0.623532 0.860509 0.860509 0.860509
5457.046875 0.000000 2987.539307 0.000000 0.932097 0.000000 0.362209 0.779569 0.779569 0.779569
5456.005859 0.000000 2935.342773 0.000000 0.590040 0.000000 -0.807374 0.906977 0.906977 0.906977
5424.886719 0.000000 2952.328857 0.000000 0.903944 0.000000 -0.427650 0.824094 0.824094 0.824094
5480.019043 0.000000 2889.766357 0.000000 0.198884 0.000000 0.980023 0.747443 0.747443 0.747443
5449.672852 0.000000 2931.431885 0.000000 0.875808 0.000000 -0.482660 0.838328 0.838328 0.838328
5475.241699 0.000000 2925.821777 0.000000 0.252087 0.000000 0.967705 0.733767 0.733767 0.733767
5459.515137 0.000000 2939.640869 0.000000 0.060770 0.000000 0.998152 0.689621 0.689621 0.689621
5443.096191 0.000000 2913.887695 0.000000 0.988797 0.000000 0.149263 0.791472 0.791472 0.791472
5437.757324 0.000000 2948.506104 0.000000 0.858394 0.000000 0.512991 0.773211 0.773211 0.773211
5430.009766 0.000000 2950.548096 0.000000 0.000915 0.000000 -1.000000 0.890300 0.890300 0.890300
5425.766602 0.000000 2980.022705 0.000000 0.989796 0.000000 0.142492 0.790234 0.790234 0.790234
5474.178711 0.000000 2935.209473 0.000000 0.620970 0.000000 -0.783834 0.851276 0.851276 0.851276
5471.266113 0.000000 2909.499756 0.000000 0.999508 0.000000 -0.031367 0.801635 0.801635 0.801635
5424.406738 0.000000 2945.660645 0.000000 0.917123 0.000000 0.398605 0.776663 0.776663 0.776663
5425.241211 0.000000 2989.316650 0.000000 0.875335 0.000000 0.483518 0.771274 0.771274 0.771274
5444.026855 0.000000 2921.171875 0.000000 0.696170 0.000000 -0.717877 0.845580 0.845580 0.845580
5446.050293 0.000000 2926.650879 0.000000 0.070632 0.000000 0.997502 0.737083 0.737083 0.737083
5464.792480 0.000000 2896.265381 0.000000 0.195032 0.000000 0.980797 0.723408 0.723408 0.723408
5428.049805 0.000000 2941.017822 0.000000 0.161167 0.000000 -0.986927 0.922407 0.922407 0.922407
5432.133301 0.000000 2937.928223 0.000000 0.527495 0.000000 -0.849558 0.899144 0.899144 0.899144
5470.408203 0.000000 2898.830078 0.000000 0.959141 0.000000 -0.282928 0.813578 0.813578 0.813578
5454.621094 0.000000 2928.055176 0.000000 0.301373 0.000000 0.953506 0.749988 0.749988 0.749988
5460.672852 0.000000 2897.191406 0.000000 0.951116 0.000000 -0.308834 0.814485 0.814485 0.814485
5458.481445 0.000000 2893.834229 0.000000 0.983237 0.000000 0.182333 0.789783 0.789783 0.789783
5441.466797 0.000000 2934.717529 0.000000 0.995340 0.000000 0.096428 0.794503 0.794503 0.794503
5441.510254 0.000000 2949.758057 0.000000 0.431552 0.000000 0.902088 0.727901 0.727901 0.727901
5478.481445 0.000000 2918.089111 0.000000 0.642335 0.000000 -0.766424 0.861218 0.861218 0.861218
5457.652344 0.000000 2932.371826 0.000000 0.481533 0.000000 0.876428 0.687974 0.687974 0.687974
5447.607422 0.000000 2919.861084 0.000000 0.894579 0.000000 0.446910 0.778347 0.778347 0.778347
5475.055176 0.000000 2900.495117 0.000000 0.758847 0.000000 -0.651269 0.875219 0.875219 0.875219
5447.748535 0.000000 2915.673096 0.000000 0.435045 0.000000 0.900409 0.752995 0.752995 0.752995
5474.566895 0.000000 2939.032471 0.000000 0.997930 0.000000 -0.064314 0.803663 0.803663 0.803663
5396.125000 0.000000 2909.119873 0.000000 0.997162 0.000000 0.075293 0.795710 0.795710 0.795710
5463.132812 0.000000 2934.687988 0.000000 0.457105 0.000000 -0.889413 0.872897 0.872897 0.872897
5420.562012 0.000000 2979.378662 0.000000 0.625636 0.000000 0.780115 0.746383 0.746383 0.746383
5472.196289 0.000000 2924.998535 0.000000 0.068711 0.000000 -0.997637 0.893597 0.893597 0.893597
5447.221680 0.000000 2937.480469 0.000000 0.506869 0.000000 -0.862023 0.847324 0.847324 0.847324
5464.678711 0.000000 2902.500488 0.000000 0.084699 0.000000 0.996407 0.718086 0.718086 0.718086
5431.637207 0.000000 2941.290283 0.000000 0.745780 0.000000 0.666192 0.724862 0.724862 0.724862
5461.414551 0.000000 2902.962158 0.000000 0.436417 0.000000 -0.899744 0.852306 0.852306 0.852306
5393.697266 0.000000 2920.329834 0.000000 0.943876 0.000000 -0.330299 0.818354 0.818354 0.818354
5447.067383 0.000000 2949.383057 0.000000 0.333837 0.000000 -0.942631 0.876673 0.876673 0.876673
5453.053711 0.000000 2934.469482 0.000000 0.613941 0.000000 0.789352 0.708969 0.708969 0.708969
5465.706543 0.000000 2994.530029 0.000000 0.523888 0.000000 0.851787 0.689447 0.689447 0.689447
5469.881836 0.000000 2927.228760 0.000000 0.169309 0.000000 0.985563 0.662365 0.662365 0.662365
5466.740234 0.000000 2926.706543 0.000000 0.821633 0.000000 0.570017 0.733495 0.733495 0.733495
5460.759277 0.000000 2891.031250 0.000000 0.934950 0.000000 -0.354779 0.820644 0.820644 0.820644
5435.911621 0.000000 2951.984131 0.000000 0.389021 0.000000 0.921229 0.733332 0.733332 0.733332
5458.996094 0.000000 2920.112549 0.000000 0.142894 0.000000 0.989738 0.731579 0.731579 0.731579
5427.037109 0.000000 2943.938477 0.000000 0.165938 0.000000 0.986136 0.716712 0.716712 0.716712
5460.845215 0.000000 2907.220703 0.000000 0.942578 0.000000 -0.333986 0.819383 0.819383 0.819383
5447.336426 0.000000 2933.275879 0.000000 0.570312 0.000000 -0.821428 0.858910 0.858910 0.858910
5431.828613 0.000000 2953.133057 0.000000 0.894543 0.000000 0.446981 0.769181 0.769181 0.769181
5476.839844 0.000000 2896.781250 0.000000 0.891087 0.000000 -0.453833 0.835845 0.835845 0.835845
5450.860352 0.000000 2947.831787 0.000000 0.995380 0.000000 0.096011 0.794527 0.794527 0.794527
5477.627930 0.000000 2891.675537 0.000000 0.718132 0.000000 0.695907 0.757111 0.757111 0.757111
5472.517578 0.000000 2941.186279 0.000000 0.995651 0.000000 -0.093163 0.805311 0.805311 0.805311
5453.775879 0.000000 2944.596436 0.000000 0.904091 0.000000 0.427339 0.774867 0.774867 0.774867
5423.798340 0.000000 2993.801025 0.000000 0.452676 0.000000 0.891675 0.728092 0.728092 0.728092
5461.017090 0.000000 2932.695312 0.000000 0.983181 0.000000 -0.182633 0.813646 0.813646 0.813646
5448.097656 0.000000 2928.675781 0.000000 0.832957 0.000000 0.553338 0.762056 0.762056 0.762056
5476.566406 0.000000 2920.196777 0.000000 0.948452 0.000000 -0.316920 0.819515 0.819515 0.819515
5436.492676 0.000000 2933.354492 0.000000 0.921418 0.000000 0.388573 0.777762 0.777762 0.777762
5430.609863 0.000000 2935.243896 0.000000 0.711785 0.000000 0.702397 0.750073 0.750073 0.750073
5433.562012 0.000000 2943.327393 0.000000 0.237802 0.000000 -0.971314 0.876542 0.876542 0.876542
5457.288086 0.000000 2937.922363 0.000000 0.955951 0.000000 0.293525 0.772154 0.772154 0.772154
5454.002441 0.000000 2937.212158 0.000000 0.490558 0.000000 0.871408 0.718219 0.718219 0.718219
5450.084473 0.000000 2989.795410 0.000000 0.916701 0.000000 -0.399574 0.828323 0.828323 0.828323
5455.547852 0.000000 2989.787109 0.000000 0.207326 0.000000 -0.978272 0.920775 0.920775 0.920775
5428.793945 0.000000 2994.779541 0.000000 0.659806 0.000000 0.751436 0.731735 0.731735 0.731735
5457.388184 0.000000 2994.606201 0.000000 0.216762 0.000000 0.976225 0.705200 0.705200 0.705200
5423.213379 0.000000 2979.362549 0.000000 0.343402 0.000000 0.939188 0.709338 0.709338 0.709338
5479.438477 0.000000 2897.088623 0.000000 0.624015 0.000000 0.781413 0.731749 0.731749 0.731749
5566.343262 0.000000 2921.495605 0.000000 0.302400 0.000000 -0.953181 0.844669 0.844669 0.844669
5507.522949 0.000000 2910.104980 0.000000 0.856262 0.000000 0.516541 0.779835 0.779835 0.779835
5544.499512 0.000000 2890.496826 0.000000 0.088556 0.000000 -0.996071 0.801776 0.801776 0.801776
5520.765625 0.000000 2949.588867 0.000000 0.948693 0.000000 0.316198 0.799807 0.799807 0.799807
5483.917969 0.000000 2890.917969 0.000000 0.859553 0.000000 0.511046 0.780073 0.780073 0.780073
5534.183594 0.000000 2923.176025 0.000000 0.295271 0.000000 0.955413 0.775629 0.775629 0.775629
5489.543457 0.000000 2928.671875 0.000000 0.314320 0.000000 -0.949317 0.832233 0.832233 0.832233
5502.708008 0.000000 2963.639404 0.000000 0.915927 0.000000 -0.401344 0.803959 0.803959 0.803959
5512.558105 0.000000 2889.287598 0.000000 0.257022 0.000000 -0.966406 0.817279 0.817279 0.817279
5514.315918 0.000000 2929.947266 0.000000 0.887470 0.000000 0.460865 0.782781 0.782781 0.782781
5499.663574 0.000000 2944.830811 0.000000 0.999235 0.000000 -0.039101 0.800258 0.800258 0.800258
5482.476562 0.000000 2912.277344 0.000000 0.390182 0.000000 0.920738 0.795794 0.795794 0.795794
5560.820801 0.000000 2897.256348 0.000000 0.999996 0.000000 -0.002920 0.800200 0.800200 0.800200
5534.101562 0.000000 2940.613281 0.000000 0.075979 0.000000 -0.997109 0.856423 0.856423 0.856423
5550.622070 0.000000 2926.313721 0.000000 0.324389 0.000000 -0.945924 0.859458 0.859458 0.859458
5498.578125 0.000000 2896.685059 0.000000 0.463229 0.000000 -0.886239 0.890058 0.890058 0.890058
5520.777344 0.000000 2917.424561 0.000000 0.150843 0.000000 -0.988558 0.838270 0.838270 0.838270
5486.634277 0.000000 2941.441895 0.000000 0.898422 0.000000 0.439132 0.798366 0.798366 0.798366
5494.571289 0.000000 2908.408936 0.000000 0.928207 0.000000 0.372063 0.771904 0.771904 0.771904
5511.556641 0.000000 2941.775879 0.000000 0.005848 0.000000 -0.999983 0.835632 0.835632 0.835632
5526.206055 0.000000 2931.897949 0.000000 0.955163 0.000000 -0.296080 0.802702 0.802702 0.802702
5493.322266 0.000000 2955.749268 0.000000 0.987250 0.000000 -0.159175 0.801628 0.801628 0.801628
5507.677246 0.000000 2952.790283 0.000000 0.958085 0.000000 -0.286485 0.818802 0.818802 0.818802
5541.233398 0.000000 2931.573242 0.000000 0.661128 0.000000 -0.750273 0.827453 0.827453 0.827453
5533.908691 0.000000 2912.397461 0.000000 0.994553 0.000000 0.104234 0.793493 0.793493 0.793493
5480.730957 0.000000 2900.997314 0.000000 0.935217 0.000000 -0.354075 0.832745 0.832745 0.832745
5550.335449 0.000000 2899.529053 0.000000 0.043113 0.000000 -0.999070 0.890618 0.890618 0.890618
5493.127441 0.000000 2918.629883 0.000000 0.700061 0.000000 -0.714083 0.824780 0.824780 0.824780
5543.260254 0.000000 2918.639404 0.000000 0.498586 0.000000 -0.866840 0.827651 0.827651 0.827651
5556.450684 0.000000 2918.197754 0.000000 0.030810 0.000000 0.999525 0.779700 0.779700 0.779700
5554.096191 0.000000 2890.433838 0.000000 0.301321 0.000000 -0.953523 0.880325 0.880325 0.880325
5559.575684 0.000000 2928.949707 0.000000 0.781549 0.000000 0.623844 0.776186 0.776186 0.776186
5481.220215 0.000000 2933.321289 0.000000 0.436206 0.000000 0.899847 0.793963 0.793963 0.793963
5489.710938 0.000000 2899.054443 0.000000 0.783976 0.000000 -0.620791 0.804414 0.804414 0.804414
5483.506348 0.000000 2921.909668 0.000000 0.943788 0.000000 -0.330551 0.828259 0.828259 0.828259
5494.756836 0.000000 2937.227539 0.000000 0.809237 0.000000 0.587482 0.768019 0.768019 0.768019
5505.827637 0.000000 2901.494873 0.000000 0.344540 0.000000 -0.938772 0.899337 0.899337 0.899337
5500.554199 0.000000 2914.591553 0.000000 0.395685 0.000000 0.918386 0.742811 0.742811 0.742811
5553.342773 0.000000 2934.373779 0.000000 0.024009 0.000000 -0.999712 0.811121 0.811121 0.811121
5555.687988 0.000000 2905.703857 0.000000 0.531569 0.000000 0.847015 0.759440 0.759440 0.759440
5505.050781 0.000000 2891.842041 0.000000 0.952668 0.000000 0.304014 0.780566 0.780566 0.780566
5497.766602 0.000000 2928.459961 0.000000 0.697210 0.000000 0.716867 0.793295 0.793295 0.793295
5542.500000 0.000000 2940.080078 0.000000 0.824617 0.000000 -0.565692 0.816212 0.816212 0.816212
5500.916504 0.000000 2956.137451 0.000000 0.355994 0.000000 0.934488 0.731306 0.731306 0.731306
5486.896973 0.000000 2906.164062 0.000000 0.990153 0.000000 -0.139987 0.803366 0.803366 0.803366
5526.417969 0.000000 2912.285400 0.000000 0.941072 0.000000 0.338206 0.784909 0.784909 0.784909
5527.360352 0.000000 2920.635986 0.000000 0.688188 0.000000 0.725533 0.730443 0.730443 0.730443
5513.623047 0.000000 2948.710449 0.000000 1.000000 0.000000 -0.000913 0.800023 0.800023 0.800023
5532.798340 0.000000 2930.400391 0.000000 0.135955 0.000000 0.990715 0.764762 0.764762 0.764762
5507.730957 0.000000 2928.065430 0.000000 0.836083 0.000000 0.548603 0.766946 0.766946 0.766946
5494.045898 0.000000 2962.622559 0.000000 0.352316 0.000000 -0.935881 0.832645 0.832645 0.832645
5506.333496 0.000000 2946.125488 0.000000 0.225253 0.000000 -0.974300 0.872454 0.872454 0.872454
5564.095703 0.000000 2903.512207 0.000000 0.943956 0.000000 -0.330070 0.816729 0.816729 0.816729
5499.259277 0.000000 2903.531982 0.000000 0.445842 0.000000 -0.895112 0.889679 0.889679 0.889679
5489.419922 0.000000 2913.077881 0.000000 0.384357 0.000000 -0.923184 0.840173 0.840173 0.840173
5544.106934 0.000000 2897.150146 0.000000 0.358076 0.000000 -0.933693 0.867123 0.867123 0.867123
5543.978027 0.000000 2925.500488 0.000000 0.902892 0.000000 -0.429867 0.816507 0.816507 0.816507
5510.541504 0.000000 2895.669678 0.000000 0.500413 0.000000 -0.865787 0.812543 0.812543 0.812543
5519.929688 0.000000 2933.605225 0.000000 0.574063 0.000000 0.818811 0.766661 0.766661 0.766661
5533.542480 0.000000 2905.643311 0.000000 0.991498 0.000000 -0.130119 0.805004 0.805004 0.805004
5509.848145 0.000000 2935.570557 0.000000 0.334194 0.000000 0.942504 0.774205 0.774205 0.774205
5487.322266 0.000000 2934.776611 0.000000 0.891458 0.000000 -0.453104 0.823668 0.823668 0.823668
5528.315430 0.000000 2938.143555 0.000000 0.445690 0.000000 0.895187 0.780068 0.780068 0.780068
5505.059082 0.000000 2940.139893 0.000000 0.479800 0.000000 0.877378 0.783967 0.783967 0.783967
5537.316895 0.000000 2917.875977 0.000000 0.070654 0.000000 -0.997501 0.885387 0.885387 0.885387
5562.351074 0.000000 2916.731445 0.000000 0.878691 0.000000 0.477391 0.785090 0.785090 0.785090
5566.175781 0.000000 2894.560059 0.000000 0.950234 0.000000 0.311537 0.785573 0.785573 0.785573
5556.140137 0.000000 2924.099609 0.000000 0.805819 0.000000 -0.592162 0.831137 0.831137 0.831137
5511.508301 0.000000 2905.774902 0.000000 0.233188 0.000000 0.972432 0.775195 0.775195 0.775195
5528.638672 0.000000 2926.371094 0.000000 0.557808 0.000000 0.829970 0.777708 0.777708 0.777708
5536.961426 0.000000 2935.487793 0.000000 0.930018 0.000000 0.367515 0.787824 0.787824 0.787824
5517.140625 0.000000 2944.061768 0.000000 0.544496 0.000000 0.838764 0.756479 0.756479 0.756479
5501.591309 0.000000 2908.961914 0.000000 0.930912 0.000000 0.365245 0.784094 0.784094 0.784094
5498.734375 0.000000 2890.702637 0.000000 0.904212 0.000000 0.427084 0.788102 0.788102 0.788102
5484.472168 0.000000 2896.419678 0.000000 0.879474 0.000000 -0.475948 0.824372 0.824372 0.824372
5555.365723 0.000000 2895.914307 0.000000 0.941712 0.000000 -0.336419 0.816652 0.816652 0.816652
5480.578613 0.000000 2906.979980 0.000000 0.713154 0.000000 -0.701008 0.817687 0.817687 0.817687
5487.529297 0.000000 2918.288330 0.000000 0.968054 0.000000 -0.250744 0.814275 0.814275 0.814275
5537.746582 0.000000 2927.428711 0.000000 0.951541 0.000000 0.307522 0.782207 0.782207 0.782207
5531.729980 0.000000 2917.441650 0.000000 0.217594 0.000000 -0.976039 0.916604 0.916604 0.916604
5561.135254 0.000000 2921.812500 0.000000 0.637572 0.000000 0.770391 0.749940 0.749940 0.749940
5494.785156 0.000000 2900.800049 0.000000 0.855466 0.000000 0.517858 0.758904 0.758904 0.758904
5502.778320 0.000000 2950.174561 0.000000 0.979163 0.000000 0.203078 0.789217 0.789217 0.789217
5480.791016 0.000000 2917.114014 0.000000 0.993455 0.000000 0.114228 0.792592 0.792592 0.792592
5546.931152 0.000000 2929.845215 0.000000 0.277680 0.000000 0.960674 0.726605 0.726605 0.726605
5494.997070 0.000000 2913.641113 0.000000 0.472912 0.000000 0.881110 0.747026 0.747026 0.747026
5539.708984 0.000000 2922.404297 0.000000 0.026494 0.000000 -0.999649 0.839788 0.839788 0.839788
5558.911621 0.000000 2892.361084 0.000000 0.907825 0.000000 -0.419348 0.819446 0.819446 0.819446
5559.039551 0.000000 2902.013672 0.000000 0.873236 0.000000 0.487297 0.766453 0.766453 0.766453
5505.725098 0.000000 2957.483154 0.000000 0.498129 0.000000 -0.867103 0.859731 0.859731 0.859731
5498.464355 0.000000 2960.479492 0.000000 0.091339 0.000000 -0.995820 0.866478 0.866478 0.866478
5503.890625 0.000000 2896.981689 0.000000 0.137051 0.000000 -0.990564 0.981207 0.981207 0.981207
5503.018066 0.000000 2929.017334 0.000000 0.990585 0.000000 -0.136899 0.804608 0.804608 0.804608
5498.370117 0.000000 2933.599854 0.000000 0.597021 0.000000 -0.802225 0.829008 0.829008 0.829008
5484.927246 0.000000 2930.246094 0.000000 0.180402 0.000000 0.983593 0.739228 0.739228 0.739228
5550.317383 0.000000 2905.498291 0.000000 0.135313 0.000000 0.990803 0.762167 0.762167 0.762167
5529.553223 0.000000 2908.352783 0.000000 0.616893 0.000000 -0.787047 0.828228 0.828228 0.828228
5554.881348 0.000000 2929.696777 0.000000 0.944389 0.000000 -0.328829 0.817065 0.817065 0.817065
5491.266113 0.000000 2904.218262 0.000000 0.327469 0.000000 -0.944862 0.874128 0.874128 0.874128
5531.910645 0.000000 2935.022949 0.000000 0.778874 0.000000 -0.627180 0.838589 0.838589 0.838589
5538.281250 0.000000 2942.897705 0.000000 0.936892 0.000000 -0.349620 0.811342 0.811342 0.811342
5560.621094 0.000000 2906.538086 0.000000 0.975573 0.000000 0.219674 0.793498 0.793498 0.793498
5554.582520 0.000000 2901.134521 0.000000 0.940728 0.000000 -0.339161 0.827160 0.827160 0.827160
5510.410156 0.000000 2901.368896 0.000000 0.718100 0.000000 0.695940 0.781552 0.781552 0.781552
5540.397461 0.000000 2914.624512 0.000000 0.814268 0.000000 0.580489 0.772169 0.772169 0.772169
5505.237793 0.000000 2906.294434 0.000000 0.125731 0.000000 -0.992064 0.900414 0.900414 0.900414
5549.835449 0.000000 2888.666016 0.000000 0.635897 0.000000 0.771774 0.761966 0.761966 0.761966
5525.067383 0.000000 2916.692139 0.000000 0.297002 0.000000 0.954877 0.699615 0.699615 0.699615
5490.035156 0.000000 2938.213623 0.000000 0.936738 0.000000 -0.350030 0.814356 0.814356 0.814356
5490.353027 0.000000 2908.880127 0.000000 0.911383 0.000000 -0.411560 0.825669 0.825669 0.825669
5480.956543 0.000000 2893.991943 0.000000 0.942214 0.000000 0.335012 0.780555 0.780555 0.780555
5565.244141 0.000000 2899.398193 0.000000 0.647191 0.000000 0.762328 0.729358 0.729358 0.729358
5523.135742 0.000000 2921.380127 0.000000 0.966544 0.000000 0.256502 0.787566 0.787566 0.787566
5507.113770 0.000000 2932.198486 0.000000 0.916357 0.000000 0.400361 0.785932 0.785932 0.785932
5509.395508 0.000000 2949.010498 0.000000 0.423397 0.000000 -0.905944 0.840074 0.840074 0.840074
5508.115723 0.000000 2888.988281 0.000000 0.917629 0.000000 0.397438 0.777715 0.777715 0.777715
5550.914062 0.000000 2931.066650 0.000000 0.273057 0.000000 0.961998 0.739514 0.739514 0.739514
5503.948242 0.000000 2912.294678 0.000000 0.048542 0.000000 -0.998821 0.886648 0.886648 0.886648
5497.871094 0.000000 2910.675537 0.000000 0.166738 0.000000 -0.986001 0.864742 0.864742 0.864742
5501.275879 0.000000 2900.017578 0.000000 0.999942 0.000000 -0.010723 0.800758 0.800758 0.800758
5501.358398 0.000000 2893.777588 0.000000 0.599890 0.000000 0.800083 0.719980 0.719980 0.719980
5546.423340 0.000000 2900.528320 0.000000 0.620228 0.000000 0.784422 0.753533 0.753533 0.753533
5536.665039 0.000000 2931.431885 0.000000 0.104416 0.000000 -0.994534 0.842168 0.842168 0.842168
5485.481445 0.000000 2914.895752 0.000000 0.998789 0.000000 -0.049206 0.801563 0.801563 0.801563
5530.088379 0.000000 2913.887695 0.000000 0.970903 0.000000 0.239471 0.784062 0.784062 0.784062
5513.511719 0.000000 2933.789307 0.000000 0.661632 0.000000 0.749829 0.754282 0.754282 0.754282
5557.659180 0.000000 2888.697021 0.000000 0.839953 0.000000 0.542659 0.760820 0.760820 0.760820
5538.762695 0.000000 2938.913330 0.000000 0.825258 0.000000 0.564755 0.765839 0.765839 0.765839
5507.571777 0.000000 2898.122070 0.000000 0.233649 0.000000 -0.972321 0.891986 0.891986 0.891986
5511.398926 0.000000 2945.660645 0.000000 0.606575 0.000000 0.795026 0.747686 0.747686 0.747686
5510.672363 0.000000 2930.903564 0.000000 0.191843 0.000000 -0.981426 0.878424 0.878424 0.878424
5504.013184 0.000000 2953.945312 0.000000 0.478535 0.000000 0.878068 0.730643 0.730643 0.730643
5502.377441 0.000000 2959.748535 0.000000 0.645811 0.000000 0.763497 0.754195 0.754195 0.754195
5495.765625 0.000000 2904.730713 0.000000 0.961141 0.000000 -0.276059 0.831841 0.831841 0.831841
5531.019043 0.000000 2921.171875 0.000000 0.858829 0.000000 -0.512262 0.824813 0.824813 0.824813
5542.831543 0.000000 2901.210205 0.000000 0.989194 0.000000 0.146613 0.794269 0.794269 0.794269
5491.122559 0.000000 2934.373779 0.000000 0.302898 0.000000 0.953023 0.728105 0.728105 0.728105
5535.267578 0.000000 2908.943848 0.000000 0.863441 0.000000 -0.504449 0.827246 0.827246 0.827246
5508.073242 0.000000 2942.876465 0.000000 0.918950 0.000000 0.394373 0.782026 0.782026 0.782026
5551.784668 0.000000 2896.265381 0.000000 0.927356 0.000000 -0.374179 0.815166 0.815166 0.815166
5557.400391 0.000000 2898.830078 0.000000 0.112056 0.000000 0.993702 0.681150 0.681150 0.681150
5509.978516 0.000000 2892.075928 0.000000 0.072502 0.000000 0.997368 0.745241 0.745241 0.745241
5495.426758 0.000000 2958.777832 0.000000 0.662863 0.000000 -0.748741 0.848165 0.848165 0.848165
5502.849609 0.000000 2903.459961 0.000000 0.519441 0.000000 0.854506 0.717736 0.717736 0.717736
5541.613281 0.000000 2928.055176 0.000000 0.551836 0.000000 0.833953 0.747408 0.747408 0.747408
5508.003906 0.000000 2904.197998 0.000000 0.057526 0.000000 0.998344 0.736532 0.736532 0.736532
5547.665039 0.000000 2897.191406 0.000000 0.242399 0.000000 0.970177 0.735647 0.735647 0.735647
5484.095703 0.000000 2918.239746 0.000000 0.483638 0.000000 0.875268 0.727826 0.727826 0.727826
5490.589844 0.000000 2916.270020 0.000000 0.651923 0.000000 0.758285 0.751009 0.751009 0.751009
5498.472656 0.000000 2907.054443 0.000000 0.762114 0.000000 0.647442 0.761181 0.761181 0.761181
5528.458984 0.000000 2934.717529 0.000000 0.994264 0.000000 -0.106950 0.804944 0.804944 0.804944
5565.473633 0.000000 2918.089111 0.000000 0.388970 0.000000 0.921250 0.743154 0.743154 0.743154
5516.716797 0.000000 2932.603271 0.000000 0.941937 0.000000 0.335790 0.780713 0.780713 0.780713
5506.887207 0.000000 2894.673340 0.000000 0.838485 0.000000 -0.544924 0.842472 0.842472 0.842472
5534.599609 0.000000 2919.861084 0.000000 0.554579 0.000000 -0.832131 0.852417 0.852417 0.852417
5562.047363 0.000000 2900.495117 0.000000 0.366965 0.000000 -0.930235 0.902394 0.902394 0.902394
5534.740723 0.000000 2915.673096 0.000000 0.344171 0.000000 -0.938907 0.866490 0.866490 0.866490
5481.176758 0.000000 2897.545898 0.000000 0.014470 0.000000 0.999895 0.704884 0.704884 0.704884
5528.526367 0.000000 2917.031006 0.000000 0.596668 0.000000 -0.802489 0.894319 0.894319 0.894319
5488.934570 0.000000 2931.895264 0.000000 0.546470 0.000000 0.837478 0.756582 0.756582 0.756582
5492.920410 0.000000 2911.152588 0.000000 0.378415 0.000000 -0.925636 0.862361 0.862361 0.862361
5559.188477 0.000000 2924.998535 0.000000 0.142169 0.000000 0.989842 0.718708 0.718708 0.718708
5534.213867 0.000000 2937.480469 0.000000 0.926354 0.000000 -0.376653 0.821982 0.821982 0.821982
5551.670898 0.000000 2902.500488 0.000000 0.737834 0.000000 -0.674982 0.835072 0.835072 0.835072
5484.346680 0.000000 2933.775391 0.000000 0.602159 0.000000 0.798376 0.757343 0.757343 0.757343
5506.257812 0.000000 2949.662109 0.000000 0.932314 0.000000 0.361650 0.780932 0.780932 0.780932
5546.962891 0.000000 2926.586914 0.000000 0.779333 0.000000 0.626610 0.763076 0.763076 0.763076
5498.139648 0.000000 2900.565186 0.000000 0.025397 0.000000 -0.999677 0.901855 0.901855 0.901855
5480.689453 0.000000 2920.329834 0.000000 0.673747 0.000000 0.738962 0.725764 0.725764 0.725764
5503.376953 0.000000 2947.112549 0.000000 0.783723 0.000000 -0.621111 0.838146 0.838146 0.838146
5556.874023 0.000000 2927.228760 0.000000 0.659419 0.000000 0.751776 0.753103 0.753103 0.753103
5553.732422 0.000000 2926.706543 0.000000 0.054322 0.000000 0.998523 0.724585 0.724585 0.724585
5480.862793 0.000000 2890.307373 0.000000 0.886935 0.000000 -0.461895 0.827330 0.827330 0.827330
5497.650879 0.000000 2915.163574 0.000000 0.882684 0.000000 -0.469967 0.827849 0.827849 0.827849
5563.832031 0.000000 2896.781250 0.000000 0.780602 0.000000 0.625029 0.753073 0.753073 0.753073
5501.244629 0.000000 2905.968018 0.000000 0.999440 0.000000 -0.033474 0.802267 0.802267 0.802267
5498.100586 0.000000 2957.440186 0.000000 0.854107 0.000000 -0.520098 0.828512 0.828512 0.828512
5532.285156 0.000000 2909.671631 0.000000 0.758091 0.000000 -0.652149 0.840438 0.840438 0.840438
5495.460938 0.000000 2934.302490 0.000000 0.962412 0.000000 0.271592 0.784344 0.784344 0.784344
5496.000977 0.000000 2898.051270 0.000000 0.953882 0.000000 -0.300183 0.821191 0.821191 0.821191
5480.753906 0.000000 2904.091553 0.000000 0.977440 0.000000 -0.211214 0.811859 0.811859 0.811859
5563.558594 0.000000 2920.196777 0.000000 0.999643 0.000000 0.026702 0.798480 0.798480 0.798480
5553.321777 0.000000 2898.599121 0.000000 0.221786 0.000000 0.975095 0.720090 0.720090 0.720090
5492.300781 0.000000 2906.803467 0.000000 0.635522 0.000000 -0.772083 0.883509 0.883509 0.883509
5527.010742 0.000000 2914.834473 0.000000 0.500159 0.000000 -0.865934 0.876536 0.876536 0.876536
5556.523438 0.000000 2902.935303 0.000000 0.554204 0.000000 0.832381 0.734597 0.734597 0.734597
5493.627930 0.000000 2903.199707 0.000000 0.762778 0.000000 -0.646660 0.857302 0.857302 0.857302
5283.522949 0.000000 2997.481201 0.000000 0.568513 0.000000 -0.822674 0.878146 0.878146 0.878146
5222.941406 0.000000 2997.902344 0.000000 0.524055 0.000000 -0.851684 0.807328 0.807328 0.807328
5288.853516 0.000000 3049.246582 0.000000 0.818372 0.000000 -0.574689 0.821643 0.821643 0.821643
5251.581543 0.000000 2996.271973 0.000000 0.976313 0.000000 -0.216362 0.804704 0.804704 0.804704
5299.844238 0.000000 3004.240723 0.000000 0.403098 0.000000 -0.915157 0.811081 0.811081 0.811081
5289.645508 0.000000 3033.298096 0.000000 0.608332 0.000000 0.793683 0.719246 0.719246 0.719246
5299.294434 0.000000 3061.116455 0.000000 0.967737 0.000000 0.251964 0.783670 0.783670 0.783670
5303.389648 0.000000 3044.182129 0.000000 0.999257 0.000000 0.038541 0.797274 0.797274 0.797274
5284.766113 0.000000 3062.615723 0.000000 0.698879 0.000000 0.715240 0.795702 0.795702 0.795702
5301.803223 0.000000 3017.519531 0.000000 0.508303 0.000000 -0.861178 0.832328 0.832328 0.832328
5303.015137 0.000000 3072.120850 0.000000 0.083048 0.000000 0.996545 0.755432 0.755432 0.755432
5295.474121 0.000000 3025.182129 0.000000 0.964727 0.000000 0.263253 0.797606 0.797606 0.797606
5298.599121 0.000000 3035.934082 0.000000 0.463915 0.000000 -0.885880 0.873039 0.873039 0.873039
5274.671875 0.000000 3000.550049 0.000000 0.900344 0.000000 0.435179 0.774372 0.774372 0.774372
5232.416504 0.000000 2995.650635 0.000000 0.078355 0.000000 -0.996926 0.902831 0.902831 0.902831
5302.085449 0.000000 2995.919922 0.000000 0.980554 0.000000 -0.196249 0.811244 0.811244 0.811244
5306.373535 0.000000 3052.360352 0.000000 0.920595 0.000000 -0.390518 0.832211 0.832211 0.832211
5291.270508 0.000000 3057.476807 0.000000 0.944929 0.000000 0.327275 0.776427 0.776427 0.776427
5293.278809 0.000000 3066.660156 0.000000 0.097908 0.000000 0.995195 0.747055 0.747055 0.747055
5244.074219 0.000000 2998.826416 0.000000 0.995848 0.000000 -0.091032 0.805189 0.805189 0.805189
5303.119141 0.000000 3010.496582 0.000000 0.889067 0.000000 0.457777 0.762393 0.762393 0.762393
5288.902832 0.000000 3026.196045 0.000000 0.296586 0.000000 -0.955006 0.821301 0.821301 0.821301
5283.001465 0.000000 3032.484863 0.000000 0.064940 0.000000 0.997889 0.707069 0.707069 0.707069
5303.676270 0.000000 3065.382324 0.000000 0.741560 0.000000 -0.670886 0.822913 0.822913 0.822913
5305.058105 0.000000 3034.457764 0.000000 0.896560 0.000000 0.442921 0.790652 0.790652 0.790652
5295.163574 0.000000 3031.083984 0.000000 0.874440 0.000000 -0.485134 0.829135 0.829135 0.829135
5286.094727 0.000000 3054.709473 0.000000 0.749618 0.000000 0.661871 0.777897 0.777897 0.777897
5304.706055 0.000000 3058.177002 0.000000 0.991142 0.000000 0.132808 0.795291 0.795291 0.795291
5297.027344 0.000000 3071.487549 0.000000 0.318297 0.000000 0.947991 0.773105 0.773105 0.773105
5277.994141 0.000000 2995.666748 0.000000 0.818274 0.000000 -0.574828 0.856507 0.856507 0.856507
5297.444824 0.000000 3044.867920 0.000000 0.700527 0.000000 0.713626 0.743816 0.743816 0.743816
5237.757812 0.000000 2997.687012 0.000000 0.301430 0.000000 0.953488 0.667400 0.667400 0.667400
5273.683105 0.000000 3005.893799 0.000000 0.574552 0.000000 0.818468 0.774150 0.774150 0.774150
5290.019531 0.000000 3062.561768 0.000000 0.440982 0.000000 -0.897516 0.866754 0.866754 0.866754
5285.954590 0.000000 3036.829590 0.000000 0.975638 0.000000 0.219386 0.793506 0.793506 0.793506
5302.737305 0.000000 3039.040771 0.000000 0.192069 0.000000 0.981381 0.696003 0.696003 0.696003
5278.732422 0.000000 3029.388672 0.000000 0.968175 0.000000 0.250274 0.794392 0.794392 0.794392
5298.397949 0.000000 3066.659912 0.000000 0.907881 0.000000 -0.419229 0.826179 0.826179 0.826179
5298.062988 0.000000 3008.998047 0.000000 0.186166 0.000000 -0.982518 0.838133 0.838133 0.838133
5302.070801 0.000000 3049.232178 0.000000 0.903734 0.000000 0.428095 0.774819 0.774819 0.774819
5292.695312 0.000000 3052.851807 0.000000 0.861531 0.000000 -0.507705 0.824568 0.824568 0.824568
5279.476074 0.000000 3000.722412 0.000000 0.861908 0.000000 0.507065 0.780245 0.780245 0.780245
5294.570312 0.000000 3061.099121 0.000000 0.672100 0.000000 0.740461 0.732059 0.732059 0.732059
5296.961426 0.000000 3040.260498 0.000000 0.988391 0.000000 0.151935 0.786292 0.786292 0.786292
5226.908203 0.000000 2995.566895 0.000000 0.683292 0.000000 -0.730145 0.841197 0.841197 0.841197
5299.644531 0.000000 3013.522461 0.000000 0.826887 0.000000 0.562367 0.783539 0.783539 0.783539
5295.547852 0.000000 3056.765625 0.000000 0.905857 0.000000 0.423583 0.773268 0.773268 0.773268
5286.548340 0.000000 3029.728516 0.000000 0.442079 0.000000 -0.896976 0.856679 0.856679 0.856679
5287.070801 0.000000 3058.925293 0.000000 0.143912 0.000000 0.989591 0.764959 0.764959 0.764959
5305.019531 0.000000 3014.449463 0.000000 0.474955 0.000000 0.880010 0.729090 0.729090 0.729090
5304.267578 0.000000 3006.382568 0.000000 0.960458 0.000000 0.278424 0.785968 0.785968 0.785968
5247.139160 0.000000 2995.972656 0.000000 0.247821 0.000000 0.968806 0.753324 0.753324 0.753324
5291.378906 0.000000 3029.550049 0.000000 0.381107 0.000000 -0.924531 0.854432 0.854432 0.854432
5306.034668 0.000000 2996.750732 0.000000 0.646510 0.000000 0.762906 0.752684 0.752684 0.752684
5301.257324 0.000000 3032.806152 0.000000 0.509937 0.000000 0.860212 0.752838 0.752838 0.752838
5296.682617 0.000000 2995.681396 0.000000 0.068096 0.000000 0.997679 0.736976 0.736976 0.736976
5301.632812 0.000000 3068.672119 0.000000 0.638403 0.000000 -0.769702 0.849998 0.849998 0.849998
5302.509766 0.000000 3052.851562 0.000000 0.190926 0.000000 0.981605 0.752088 0.752088 0.752088
5249.001953 0.000000 2999.060303 0.000000 0.721763 0.000000 -0.692140 0.833895 0.833895 0.833895
5241.185059 0.000000 2996.873291 0.000000 0.976950 0.000000 -0.213468 0.813663 0.813663 0.813663
5284.497070 0.000000 3000.818604 0.000000 0.942756 0.000000 0.333485 0.785944 0.785944 0.785944
5282.540039 0.000000 3029.088867 0.000000 0.441088 0.000000 0.897464 0.756615 0.756615 0.756615
5289.510742 0.000000 3054.145264 0.000000 0.829701 0.000000 0.558208 0.770548 0.770548 0.770548
5296.598633 0.000000 3063.806152 0.000000 0.971407 0.000000 0.237421 0.781041 0.781041 0.781041
5301.070801 0.000000 3007.479492 0.000000 0.962535 0.000000 -0.271157 0.811517 0.811517 0.811517
5305.408691 0.000000 3049.147461 0.000000 0.954507 0.000000 0.298188 0.782765 0.782765 0.782765
5300.582520 0.000000 3046.016846 0.000000 0.764001 0.000000 -0.645215 0.846222 0.846222 0.846222
5274.868652 0.000000 2996.838135 0.000000 0.028358 0.000000 -0.999598 0.886873 0.886873 0.886873
5300.580078 0.000000 3064.051758 0.000000 0.810456 0.000000 -0.585800 0.830750 0.830750 0.830750
5296.916992 0.000000 3028.310303 0.000000 0.999696 0.000000 0.024636 0.798937 0.798937 0.798937
5286.419434 0.000000 3051.362793 0.000000 0.098560 0.000000 0.995131 0.732966 0.732966 0.732966
5285.986328 0.000000 3033.571289 0.000000 0.726203 0.000000 0.687480 0.740957 0.740957 0.740957
5305.227539 0.000000 3068.368408 0.000000 0.453505 0.000000 -0.891254 0.862619 0.862619 0.862619
5302.251953 0.000000 3035.824219 0.000000 0.990332 0.000000 -0.138714 0.806587 0.806587 0.806587
5280.396973 0.000000 2997.756836 0.000000 0.468413 0.000000 0.883510 0.689656 0.689656 0.689656
5235.473633 0.000000 2995.656250 0.000000 0.903737 0.000000 -0.428088 0.840024 0.840024 0.840024
5304.587402 0.000000 3055.072021 0.000000 0.125526 0.000000 0.992090 0.720349 0.720349 0.720349
5292.760254 0.000000 3063.733643 0.000000 0.212430 0.000000 0.977176 0.704889 0.704889 0.704889
5277.195801 0.000000 2998.753174 0.000000 0.748540 0.000000 0.663090 0.753958 0.753958 0.753958
5298.223145 0.000000 3058.235596 0.000000 0.163978 0.000000 0.986464 0.725862 0.725862 0.725862
5302.454102 0.000000 3013.349121 0.000000 0.165879 0.000000 -0.986146 0.909372 0.909372 0.909372
5291.872070 0.000000 3060.202148 0.000000 0.577628 0.000000 0.816300 0.731337 0.731337 0.731337
5300.369629 0.000000 3010.938965 0.000000 0.920668 0.000000 0.390346 0.775012 0.775012 0.775012
5234.091309 0.000000 2997.966064 0.000000 0.832489 0.000000 0.554042 0.744761 0.744761 0.744761
5305.305176 0.000000 3008.881592 0.000000 0.628197 0.000000 0.778054 0.740170 0.740170 0.740170
5305.491699 0.000000 3011.481445 0.000000 0.998834 0.000000 -0.048277 0.804109 0.804109 0.804109
5282.019043 0.000000 2999.906250 0.000000 0.165629 0.000000 -0.986188 0.893404 0.893404 0.893404
5289.080566 0.000000 3030.799561 0.000000 0.785053 0.000000 -0.619429 0.855235 0.855235 0.855235
5296.930664 0.000000 3060.422363 0.000000 0.539935 0.000000 -0.841707 0.877327 0.877327 0.877327
5392.358887 0.000000 3028.479980 0.000000 0.883286 0.000000 -0.468835 0.831285 0.831285 0.831285
5333.538574 0.000000 3017.089355 0.000000 0.155947 0.000000 -0.987765 0.880499 0.880499 0.880499
5308.014160 0.000000 3060.676758 0.000000 0.073626 0.000000 -0.997286 0.860100 0.860100 0.860100
5346.781250 0.000000 3056.573242 0.000000 0.503225 0.000000 0.864156 0.753109 0.753109 0.753109
5309.933594 0.000000 2997.902344 0.000000 0.879517 0.000000 -0.475867 0.827041 0.827041 0.827041
5360.199219 0.000000 3030.160400 0.000000 0.640210 0.000000 0.768200 0.796851 0.796851 0.796851
5375.845703 0.000000 3049.246582 0.000000 0.310124 0.000000 0.950696 0.783451 0.783451 0.783451
5359.733887 0.000000 3090.182129 0.000000 0.079905 0.000000 -0.996803 0.900044 0.900044 0.900044
5328.723633 0.000000 3070.623779 0.000000 0.613617 0.000000 0.789604 0.785276 0.785276 0.785276
5338.573730 0.000000 2996.271973 0.000000 0.461622 0.000000 -0.887077 0.858831 0.858831 0.858831
5340.331543 0.000000 3036.931641 0.000000 0.964845 0.000000 -0.262818 0.812588 0.812588 0.812588
5352.794434 0.000000 3011.258545 0.000000 0.999882 0.000000 -0.015332 0.801130 0.801130 0.801130
5375.120605 0.000000 3017.252441 0.000000 0.831691 0.000000 -0.555238 0.818340 0.818340 0.818340
5380.626953 0.000000 3094.331543 0.000000 0.937872 0.000000 0.346982 0.786624 0.786624 0.786624
5325.679199 0.000000 3051.815186 0.000000 0.945607 0.000000 0.325310 0.792853 0.792853 0.792853
5386.836426 0.000000 3004.240723 0.000000 0.562668 0.000000 0.826683 0.767929 0.767929 0.767929
5345.012207 0.000000 3079.758301 0.000000 0.323904 0.000000 0.946090 0.795539 0.795539 0.795539
5360.117188 0.000000 3047.597656 0.000000 0.952580 0.000000 0.304287 0.798888 0.798888 0.798888
5324.593750 0.000000 3003.669434 0.000000 0.951614 0.000000 -0.307296 0.815346 0.815346 0.815346
5353.357910 0.000000 2996.563232 0.000000 0.920905 0.000000 0.389787 0.775289 0.775289 0.775289
5390.381836 0.000000 3044.182129 0.000000 0.950349 0.000000 0.311186 0.799242 0.799242 0.799242
5346.792969 0.000000 3024.408936 0.000000 0.396477 0.000000 -0.918045 0.866903 0.866903 0.866903
5371.758301 0.000000 3062.615723 0.000000 0.889675 0.000000 -0.456595 0.826990 0.826990 0.826990
5313.333008 0.000000 3073.146729 0.000000 0.103142 0.000000 -0.994667 0.832533 0.832533 0.832533
5324.958496 0.000000 3084.104248 0.000000 0.249316 0.000000 0.968422 0.720980 0.720980 0.720980
5329.379395 0.000000 3029.585938 0.000000 0.591883 0.000000 -0.806024 0.818535 0.818535 0.818535
5312.649902 0.000000 3048.426270 0.000000 0.993277 0.000000 -0.115763 0.804380 0.804380 0.804380
5347.176758 0.000000 3096.700439 0.000000 0.853406 0.000000 -0.521247 0.837453 0.837453 0.837453
5371.121094 0.000000 3085.131836 0.000000 0.132996 0.000000 0.991117 0.737990 0.737990 0.737990
5337.572266 0.000000 3048.760254 0.000000 0.995983 0.000000 -0.089543 0.803062 0.803062 0.803062
5352.221680 0.000000 3038.882324 0.000000 0.426560 0.000000 -0.904459 0.856879 0.856879 0.856879
5340.820312 0.000000 3007.791260 0.000000 0.607152 0.000000 -0.794585 0.850071 0.850071 0.850071
5319.337891 0.000000 3062.733643 0.000000 0.413161 0.000000 -0.910658 0.896037 0.896037 0.896037
5357.850586 0.000000 3058.577637 0.000000 0.625971 0.000000 -0.779846 0.849840 0.849840 0.849840
5388.795410 0.000000 3017.519531 0.000000 0.663429 0.000000 -0.748239 0.848121 0.848121 0.848121
5333.692871 0.000000 3059.774658 0.000000 0.659856 0.000000 0.751392 0.759758 0.759758 0.759758
5370.540039 0.000000 3098.599854 0.000000 0.167999 0.000000 0.985787 0.731957 0.731957 0.731957
5367.249023 0.000000 3038.557617 0.000000 0.551481 0.000000 0.834187 0.795862 0.795862 0.795862
5359.924316 0.000000 3019.381836 0.000000 0.851512 0.000000 0.524334 0.796032 0.796032 0.796032
5306.746582 0.000000 3007.981689 0.000000 0.225934 0.000000 -0.974143 0.876439 0.876439 0.876439
5335.531738 0.000000 3083.813721 0.000000 0.228344 0.000000 0.973581 0.700410 0.700410 0.700410
5355.510742 0.000000 3080.333984 0.000000 0.760287 0.000000 -0.649588 0.817369 0.817369 0.817369
5382.466309 0.000000 3025.182129 0.000000 0.878043 0.000000 0.478582 0.771594 0.771594 0.771594
5351.266113 0.000000 3065.556396 0.000000 0.694245 0.000000 -0.719739 0.837067 0.837067 0.837067
5307.235840 0.000000 3040.305664 0.000000 0.993277 0.000000 -0.115759 0.800695 0.800695 0.800695
5366.823242 0.000000 3054.562500 0.000000 0.992608 0.000000 0.121366 0.795626 0.795626 0.795626
5337.674316 0.000000 3025.298340 0.000000 0.888998 0.000000 0.457911 0.779196 0.779196 0.779196
5361.163574 0.000000 3099.041992 0.000000 0.727170 0.000000 0.686458 0.789573 0.789573 0.789573
5350.537598 0.000000 3087.973633 0.000000 0.856074 0.000000 0.516854 0.795118 0.795118 0.795118
5361.664062 0.000000 3000.550049 0.000000 0.338228 0.000000 -0.941064 0.829378 0.829378 0.829378
5320.772461 0.000000 3044.211914 0.000000 0.391424 0.000000 -0.920210 0.811203 0.811203 0.811203
5319.408691 0.000000 2995.650635 0.000000 0.999999 0.000000 -0.001327 0.800025 0.800025 0.800025
5331.843262 0.000000 3008.479248 0.000000 0.268809 0.000000 -0.963194 0.853689 0.853689 0.853689
5389.077637 0.000000 2995.919922 0.000000 0.097519 0.000000 -0.995234 0.883852 0.883852 0.883852
5336.652344 0.000000 3075.259521 0.000000 0.805884 0.000000 -0.592074 0.813288 0.813288 0.813288
5344.675781 0.000000 3015.619385 0.000000 0.933657 0.000000 -0.358169 0.817997 0.817997 0.817997
5348.335938 0.000000 3003.556885 0.000000 0.747726 0.000000 0.664007 0.783901 0.783901 0.783901
5321.598145 0.000000 3076.488525 0.000000 0.545227 0.000000 0.838289 0.757113 0.757113 0.757113
5341.800293 0.000000 3089.477783 0.000000 0.155879 0.000000 0.987776 0.719497 0.719497 0.719497
5379.840820 0.000000 3085.374023 0.000000 0.915728 0.000000 -0.401798 0.826509 0.826509 0.826509
5363.358398 0.000000 3082.529541 0.000000 0.531169 0.000000 0.847266 0.769717 0.769717 0.769717
5381.703613 0.000000 3012.688232 0.000000 0.446757 0.000000 -0.894655 0.845794 0.845794 0.845794
5318.123047 0.000000 3054.707031 0.000000 0.992439 0.000000 0.122740 0.796166 0.796166 0.796166
5380.270996 0.000000 3066.660156 0.000000 0.803600 0.000000 0.595170 0.790069 0.790069 0.790069
5351.272461 0.000000 3073.538574 0.000000 0.775890 0.000000 0.630869 0.772185 0.772185 0.772185
5347.348145 0.000000 3032.625732 0.000000 0.724665 0.000000 0.689101 0.759003 0.759003 0.759003
5331.066406 0.000000 2998.826416 0.000000 0.446161 0.000000 -0.894952 0.862423 0.862423 0.862423
5363.380859 0.000000 3063.850098 0.000000 0.566261 0.000000 -0.824226 0.855147 0.855147 0.855147
5368.515625 0.000000 3047.064453 0.000000 0.999938 0.000000 -0.011095 0.800239 0.800239 0.800239
5307.009766 0.000000 3068.727295 0.000000 0.252696 0.000000 0.967546 0.733011 0.733011 0.733011
5326.932129 0.000000 3063.121826 0.000000 0.532223 0.000000 -0.846604 0.845368 0.845368 0.845368
5352.433594 0.000000 3019.269775 0.000000 0.852390 0.000000 -0.522906 0.823079 0.823079 0.823079
5354.388184 0.000000 3095.200684 0.000000 0.311454 0.000000 -0.950261 0.885660 0.885660 0.885660
5329.486816 0.000000 3077.964355 0.000000 0.669743 0.000000 0.742593 0.732803 0.732803 0.732803
5366.713379 0.000000 3092.288818 0.000000 0.845624 0.000000 -0.533779 0.836436 0.836436 0.836436
5346.176270 0.000000 2996.557373 0.000000 0.705225 0.000000 0.708983 0.755615 0.755615 0.755615
5355.417969 0.000000 3004.459961 0.000000 0.589116 0.000000 -0.808049 0.836642 0.836642 0.836642
5353.375977 0.000000 3027.620361 0.000000 0.979770 0.000000 0.200127 0.795775 0.795775 0.795775
5373.687500 0.000000 3069.864990 0.000000 0.417968 0.000000 0.908462 0.789075 0.789075 0.789075
5339.638672 0.000000 3055.694824 0.000000 0.980312 0.000000 -0.197456 0.810718 0.810718 0.810718
5373.644531 0.000000 3091.822021 0.000000 0.937152 0.000000 -0.348920 0.806620 0.806620 0.806620
5318.196289 0.000000 3082.605713 0.000000 0.979768 0.000000 -0.200137 0.807365 0.807365 0.807365
5358.813965 0.000000 3037.384766 0.000000 0.082928 0.000000 0.996556 0.727794 0.727794 0.727794
5333.746582 0.000000 3035.049805 0.000000 0.372354 0.000000 -0.928091 0.827078 0.827078 0.827078
5390.111328 0.000000 3010.496582 0.000000 0.924991 0.000000 0.379989 0.770573 0.770573 0.770573
5325.274902 0.000000 3010.516357 0.000000 0.242130 0.000000 -0.970244 0.855625 0.855625 0.855625
5308.599121 0.000000 3053.761230 0.000000 0.914568 0.000000 -0.404431 0.834177 0.834177 0.834177
5336.557129 0.000000 3002.654053 0.000000 0.307740 0.000000 -0.951470 0.849747 0.849747 0.849747
5386.596680 0.000000 3091.009277 0.000000 0.172944 0.000000 0.984932 0.757312 0.757312 0.757312
5335.121094 0.000000 3068.134521 0.000000 0.818721 0.000000 0.574192 0.767751 0.767751 0.767751
5345.945312 0.000000 3040.589600 0.000000 0.198191 0.000000 -0.980163 0.835330 0.835330 0.835330
5374.488770 0.000000 3079.646729 0.000000 0.999116 0.000000 0.042037 0.799244 0.799244 0.799244
5359.558105 0.000000 3012.627686 0.000000 0.128922 0.000000 0.991655 0.762860 0.762860 0.762860
5342.184570 0.000000 3061.545166 0.000000 0.973634 0.000000 -0.228115 0.810894 0.810894 0.810894
5340.862305 0.000000 3030.650635 0.000000 0.882361 0.000000 -0.470574 0.821136 0.821136 0.821136
5354.331055 0.000000 3045.127930 0.000000 0.983800 0.000000 -0.179269 0.806804 0.806804 0.806804
5376.740723 0.000000 3099.087158 0.000000 0.227141 0.000000 0.973862 0.767845 0.767845 0.767845
5346.752930 0.000000 3009.831055 0.000000 0.887254 0.000000 -0.461281 0.827003 0.827003 0.827003
5363.332520 0.000000 3024.860352 0.000000 0.116898 0.000000 0.993144 0.782581 0.782581 0.782581
5361.407715 0.000000 3076.733154 0.000000 0.351498 0.000000 0.936188 0.749182 0.749182 0.749182
5342.527832 0.000000 3001.331543 0.000000 0.383555 0.000000 -0.923518 0.874058 0.874058 0.874058
5323.556641 0.000000 3057.555908 0.000000 0.999556 0.000000 0.029785 0.799429 0.799429 0.799429
5388.366699 0.000000 3023.715820 0.000000 0.790720 0.000000 -0.612178 0.835527 0.835527 0.835527
5314.065918 0.000000 3059.114746 0.000000 0.426470 0.000000 -0.904502 0.864333 0.864333 0.864333
5339.435547 0.000000 3019.418457 0.000000 0.999573 0.000000 0.029204 0.799457 0.799457 0.799457
5392.050293 0.000000 3034.457764 0.000000 0.800198 0.000000 -0.599736 0.832371 0.832371 0.832371
5330.341309 0.000000 3087.044434 0.000000 0.961452 0.000000 -0.274974 0.810515 0.810515 0.810515
5382.155762 0.000000 3031.083984 0.000000 0.980370 0.000000 -0.197168 0.805708 0.805708 0.805708
5381.765137 0.000000 3019.345459 0.000000 0.555846 0.000000 0.831286 0.758249 0.758249 0.758249
5337.523926 0.000000 3012.759277 0.000000 0.770820 0.000000 -0.637053 0.826899 0.826899 0.826899
5373.086914 0.000000 3054.709473 0.000000 0.693556 0.000000 0.720403 0.765299 0.765299 0.765299
5313.102539 0.000000 3079.396973 0.000000 0.290165 0.000000 0.956977 0.782410 0.782410 0.782410
5352.076660 0.000000 3059.198730 0.000000 0.939932 0.000000 -0.341362 0.823795 0.823795 0.823795
5357.105957 0.000000 3065.183594 0.000000 0.998330 0.000000 -0.057769 0.800970 0.800970 0.800970
5332.058594 0.000000 3023.628174 0.000000 0.697415 0.000000 0.716667 0.752126 0.752126 0.752126
5315.597656 0.000000 3000.072266 0.000000 0.912142 0.000000 -0.409875 0.808350 0.808350 0.808350
5306.953613 0.000000 3046.099609 0.000000 0.713372 0.000000 -0.700785 0.820006 0.820006 0.820006
5343.156250 0.000000 3051.046143 0.000000 0.427666 0.000000 -0.903937 0.831114 0.831114 0.831114
5327.606934 0.000000 3015.946289 0.000000 0.059933 0.000000 -0.998202 0.849788 0.849788 0.849788
5324.750000 0.000000 2997.687012 0.000000 0.937525 0.000000 0.347917 0.792548 0.792548 0.792548
5381.381348 0.000000 3002.898682 0.000000 0.349438 0.000000 0.936960 0.767999 0.767999 0.767999
5306.594238 0.000000 3013.964355 0.000000 0.660522 0.000000 -0.750806 0.857502 0.857502 0.857502
5351.826660 0.000000 3100.510010 0.000000 0.617904 0.000000 0.786254 0.744707 0.744707 0.744707
5358.911621 0.000000 2995.563721 0.000000 0.100241 0.000000 -0.994963 0.879291 0.879291 0.879291
5355.677734 0.000000 3086.021240 0.000000 0.976668 0.000000 -0.214757 0.805966 0.805966 0.805966
5341.771973 0.000000 3094.942139 0.000000 0.976660 0.000000 0.214793 0.793774 0.793774 0.793774
5363.762207 0.000000 3034.413086 0.000000 0.270920 0.000000 -0.962602 0.830295 0.830295 0.830295
5341.064453 0.000000 3083.813232 0.000000 0.275529 0.000000 -0.961293 0.825540 0.825540 0.825540
5360.675293 0.000000 3005.893799 0.000000 0.999255 0.000000 0.038583 0.798728 0.798728 0.798728
5318.428711 0.000000 3049.002197 0.000000 0.981941 0.000000 0.189188 0.790534 0.790534 0.790534
5357.745605 0.000000 3024.426025 0.000000 0.099194 0.000000 0.995068 0.716244 0.716244 0.716244
5387.150879 0.000000 3028.796875 0.000000 0.085996 0.000000 -0.996296 0.848927 0.848927 0.848927
5368.251953 0.000000 3080.634033 0.000000 0.427428 0.000000 0.904049 0.745199 0.745199 0.745199
5320.800781 0.000000 3007.784424 0.000000 0.872596 0.000000 0.488442 0.784100 0.784100 0.784100
5377.011719 0.000000 3062.561768 0.000000 0.909542 0.000000 0.415611 0.776630 0.776630 0.776630
5328.793945 0.000000 3057.158936 0.000000 0.394523 0.000000 -0.918886 0.834909 0.834909 0.834909
5365.699219 0.000000 3087.176758 0.000000 0.221733 0.000000 -0.975107 0.825023 0.825023 0.825023
5335.373535 0.000000 3089.126221 0.000000 0.970600 0.000000 -0.240700 0.805680 0.805680 0.805680
5381.066895 0.000000 3080.104736 0.000000 0.815821 0.000000 0.578304 0.777831 0.777831 0.777831
5389.729492 0.000000 3039.040771 0.000000 0.406986 0.000000 -0.913435 0.831051 0.831051 0.831051
5356.412598 0.000000 3075.245850 0.000000 0.788252 0.000000 0.615353 0.773788 0.773788 0.773788
5366.998535 0.000000 3060.054932 0.000000 0.984000 0.000000 -0.178167 0.808371 0.808371 0.808371
5334.639160 0.000000 3029.490479 0.000000 0.010329 0.000000 0.999947 0.711176 0.711176 0.711176
5384.927246 0.000000 2999.345459 0.000000 0.977372 0.000000 -0.211528 0.808556 0.808556 0.808556
5337.292969 0.000000 3063.289795 0.000000 0.018865 0.000000 0.999822 0.728400 0.728400 0.728400
5346.702637 0.000000 3091.553223 0.000000 0.032699 0.000000 0.999465 0.746548 0.746548 0.746548
5347.399902 0.000000 3061.661621 0.000000 0.747645 0.000000 0.664098 0.758659 0.758659 0.758659
5385.055176 0.000000 3008.998047 0.000000 0.833655 0.000000 -0.552285 0.811569 0.811569 0.811569
5331.740723 0.000000 3064.467529 0.000000 0.035710 0.000000 0.999362 0.764129 0.764129 0.764129
5329.906250 0.000000 3003.966064 0.000000 0.731296 0.000000 0.682060 0.765371 0.765371 0.765371
5365.793457 0.000000 3097.297852 0.000000 0.626613 0.000000 -0.779331 0.859431 0.859431 0.859431
5320.428223 0.000000 3000.599365 0.000000 0.826929 0.000000 -0.562307 0.833992 0.833992 0.833992
5349.493164 0.000000 3014.843506 0.000000 0.988754 0.000000 0.149551 0.793794 0.793794 0.793794
5376.333008 0.000000 3012.482666 0.000000 0.742343 0.000000 0.670020 0.762606 0.762606 0.762606
5355.568848 0.000000 3015.337158 0.000000 0.759195 0.000000 -0.650863 0.830574 0.830574 0.830574
5378.144531 0.000000 3089.884521 0.000000 0.992985 0.000000 -0.118243 0.807812 0.807812 0.807812
5377.285156 0.000000 3021.516357 0.000000 0.047078 0.000000 0.998891 0.725137 0.725137 0.725137
5362.651855 0.000000 3058.100098 0.000000 0.448280 0.000000 -0.893893 0.836446 0.836446 0.836446
5342.073242 0.000000 3023.337402 0.000000 0.529040 0.000000 0.848597 0.759320 0.759320 0.759320
5347.545410 0.000000 3019.474609 0.000000 0.983413 0.000000 0.181383 0.794208 0.794208 0.794208
5357.926270 0.000000 3042.007324 0.000000 0.771897 0.000000 -0.635747 0.836740 0.836740 0.836740
5364.296875 0.000000 3049.882080 0.000000 0.645036 0.000000 -0.764152 0.849506 0.849506 0.849506
5313.558594 0.000000 3052.970215 0.000000 0.758557 0.000000 0.651606 0.749823 0.749823 0.749823
5313.900391 0.000000 2995.566895 0.000000 0.260413 0.000000 0.965497 0.757700 0.757700 0.757700
5324.017578 0.000000 3088.668457 0.000000 0.778070 0.000000 -0.628178 0.815872 0.815872 0.815872
5362.406738 0.000000 3094.077637 0.000000 0.997220 0.000000 -0.074516 0.804111 0.804111 0.804111
5332.104492 0.000000 3074.074951 0.000000 0.186870 0.000000 -0.982385 0.882026 0.882026 0.882026
5356.843262 0.000000 2999.805664 0.000000 0.038878 0.000000 -0.999244 0.887198 0.887198 0.887198
5349.868652 0.000000 3043.270508 0.000000 0.910228 0.000000 -0.414108 0.813303 0.813303 0.813303
5311.240234 0.000000 3008.601074 0.000000 0.398031 0.000000 0.917372 0.765205 0.765205 0.765205
5356.899902 0.000000 3008.912354 0.000000 0.391110 0.000000 -0.920344 0.866539 0.866539 0.866539
5352.056641 0.000000 3000.951660 0.000000 0.999247 0.000000 0.038805 0.798721 0.798721 0.798721
5344.972168 0.000000 3028.665039 0.000000 0.908138 0.000000 -0.418672 0.825107 0.825107 0.825107
5386.636719 0.000000 3013.522461 0.000000 0.152483 0.000000 0.988306 0.731194 0.731194 0.731194
5316.607910 0.000000 3076.368652 0.000000 0.986873 0.000000 0.161497 0.790767 0.790767 0.790767
5333.894531 0.000000 3079.177246 0.000000 0.602762 0.000000 0.797921 0.735790 0.735790 0.735790
5349.137695 0.000000 3077.602295 0.000000 0.469991 0.000000 -0.882671 0.852489 0.852489 0.852489
5330.218750 0.000000 3082.477051 0.000000 0.857716 0.000000 -0.514124 0.842061 0.842061 0.842061
5325.011230 0.000000 3079.464600 0.000000 0.154498 0.000000 -0.987993 0.905181 0.905181 0.905181
5350.805664 0.000000 3007.254639 0.000000 0.757974 0.000000 0.652285 0.771474 0.771474 0.771474
5383.932129 0.000000 3087.251953 0.000000 0.650795 0.000000 -0.759253 0.825313 0.825313 0.825313
5354.728027 0.000000 3090.339600 0.000000 0.947179 0.000000 -0.320705 0.819366 0.819366 0.819366
5336.425781 0.000000 3008.353271 0.000000 0.088351 0.000000 0.996089 0.717400 0.717400 0.717400
5356.282227 0.000000 3099.357178 0.000000 0.987557 0.000000 -0.157263 0.813720 0.813720 0.813720
5344.718750 0.000000 3036.259033 0.000000 0.983825 0.000000 0.179135 0.789748 0.789748 0.789748
5331.253418 0.000000 3013.278809 0.000000 0.868976 0.000000 -0.494855 0.829466 0.829466 0.829466
5351.083008 0.000000 3023.676514 0.000000 0.338465 0.000000 -0.940979 0.869758 0.869758 0.869758
5375.748535 0.000000 3083.904541 0.000000 0.940352 0.000000 -0.340202 0.819759 0.819759 0.819759
5370.056152 0.000000 3051.193359 0.000000 0.403818 0.000000 -0.914839 0.855369 0.855369 0.855369
5342.249512 0.000000 3011.974121 0.000000 0.663972 0.000000 0.747758 0.762042 0.762042 0.762042
5392.088379 0.000000 3020.240234 0.000000 0.968028 0.000000 -0.250844 0.810331 0.810331 0.810331
5350.366211 0.000000 3093.787598 0.000000 0.049364 0.000000 0.998781 0.743482 0.743482 0.743482
5392.011719 0.000000 3014.449463 0.000000 0.078874 0.000000 0.996885 0.751731 0.751731 0.751731
5391.259766 0.000000 3006.382568 0.000000 0.950316 0.000000 0.311286 0.789189 0.789189 0.789189
5367.607422 0.000000 3064.180176 0.000000 0.514160 0.000000 0.857694 0.749974 0.749974 0.749974
5335.713867 0.000000 3021.463867 0.000000 0.956170 0.000000 0.292813 0.783085 0.783085 0.783085
5349.151367 0.000000 3028.364502 0.000000 0.668749 0.000000 0.743489 0.774384 0.774384 0.774384
5344.448730 0.000000 3005.464355 0.000000 0.998950 0.000000 0.045821 0.797391 0.797391 0.797391
5347.115723 0.000000 3073.968506 0.000000 0.981989 0.000000 -0.188940 0.805695 0.805695 0.805695
5309.154297 0.000000 3065.074951 0.000000 0.453741 0.000000 -0.891133 0.835586 0.835586 0.835586
5359.605957 0.000000 3080.708740 0.000000 0.217774 0.000000 -0.975999 0.859104 0.859104 0.859104
5373.946777 0.000000 3095.906494 0.000000 0.853545 0.000000 0.521019 0.770118 0.770118 0.770118
5385.184570 0.000000 3094.836182 0.000000 0.408841 0.000000 -0.912606 0.830997 0.830997 0.830997
5374.614746 0.000000 3065.895020 0.000000 0.995007 0.000000 0.099801 0.794310 0.794310 0.794310
5334.131348 0.000000 2995.972656 0.000000 0.840043 0.000000 0.542520 0.764267 0.764267 0.764267
5320.959473 0.000000 3085.807373 0.000000 0.981401 0.000000 0.191971 0.794213 0.794213 0.794213
5321.445801 0.000000 3051.796143 0.000000 0.945646 0.000000 0.325199 0.781146 0.781146 0.781146
5337.554199 0.000000 3033.046631 0.000000 0.751230 0.000000 -0.660041 0.841033 0.841033 0.841033
5379.080078 0.000000 3016.273682 0.000000 0.370353 0.000000 -0.928891 0.867816 0.867816 0.867816
5365.329102 0.000000 3077.534180 0.000000 0.974791 0.000000 0.223121 0.791776 0.791776 0.791776
5370.151855 0.000000 3057.440186 0.000000 0.984932 0.000000 -0.172942 0.805624 0.805624 0.805624
5358.416992 0.000000 3095.276855 0.000000 0.619891 0.000000 -0.784688 0.838921 0.838921 0.838921
5374.510742 0.000000 3087.906738 0.000000 0.700454 0.000000 0.713698 0.763809 0.763809 0.763809
5327.291504 0.000000 3007.001953 0.000000 0.645874 0.000000 -0.763444 0.849964 0.849964 0.849964
5385.958496 0.000000 3020.437500 0.000000 0.070398 0.000000 0.997519 0.749658 0.749658 0.749658
5370.054688 0.000000 3094.523682 0.000000 0.675355 0.000000 0.737493 0.758258 0.758258 0.758258
5327.374023 0.000000 3000.761963 0.000000 0.997777 0.000000 0.066640 0.796883 0.796883 0.796883
5337.894531 0.000000 3059.313232 0.000000 0.792153 0.000000 0.610323 0.766566 0.766566 0.766566
5362.680664 0.000000 3038.416260 0.000000 0.959828 0.000000 -0.280589 0.812270 0.812270 0.812270
5315.266602 0.000000 3062.881348 0.000000 0.875161 0.000000 0.483832 0.780331 0.780331 0.780331
5308.795898 0.000000 3049.815918 0.000000 0.999641 0.000000 -0.026784 0.800979 0.800979 0.800979
5318.076172 0.000000 3058.979004 0.000000 0.894405 0.000000 -0.447257 0.830840 0.830840 0.830840
5340.712891 0.000000 3015.604736 0.000000 0.642296 0.000000 -0.766457 0.846570 0.846570 0.846570
5359.664551 0.000000 3062.146484 0.000000 0.430431 0.000000 -0.902623 0.851267 0.851267 0.851267
5310.542969 0.000000 3057.396240 0.000000 0.941402 0.000000 -0.337287 0.824530 0.824530 0.824530
5323.355469 0.000000 3061.488525 0.000000 0.770308 0.000000 -0.637672 0.846817 0.846817 0.846817
5356.104004 0.000000 3020.872070 0.000000 0.612853 0.000000 0.790197 0.763969 0.763969 0.763969
5327.697754 0.000000 3074.439697 0.000000 0.174485 0.000000 -0.984660 0.855182 0.855182 0.855182
5354.044434 0.000000 3062.593506 0.000000 0.169656 0.000000 0.985503 0.730361 0.730361 0.730361
5381.955566 0.000000 3090.553467 0.000000 0.806657 0.000000 0.591020 0.762113 0.762113 0.762113
5342.319336 0.000000 2997.409180 0.000000 0.002925 0.000000 0.999996 0.710755 0.710755 0.710755
5343.017578 0.000000 3057.532471 0.000000 0.013743 0.000000 0.999906 0.721633 0.721633 0.721633
5338.774414 0.000000 3087.007080 0.000000 0.734254 0.000000 0.678874 0.757524 0.757524 0.757524
5333.587402 0.000000 3005.106445 0.000000 0.187112 0.000000 -0.982338 0.875384 0.875384 0.875384
5388.463867 0.000000 3000.721924 0.000000 0.536155 0.000000 -0.844120 0.855395 0.855395 0.855395
5337.414551 0.000000 3052.645020 0.000000 0.052923 0.000000 -0.998599 0.865481 0.865481 0.865481
5321.922852 0.000000 3081.632812 0.000000 0.976481 0.000000 0.215602 0.786849 0.786849 0.786849
5352.895020 0.000000 3077.226562 0.000000 0.676570 0.000000 0.736378 0.752886 0.752886 0.752886
5330.028809 0.000000 3060.929688 0.000000 0.175438 0.000000 0.984491 0.720626 0.720626 0.720626
5377.015625 0.000000 3093.433350 0.000000 0.661927 0.000000 0.749568 0.738563 0.738563 0.738563
5311.652832 0.000000 3061.994629 0.000000 0.827828 0.000000 -0.560982 0.826050 0.826050 0.826050
5363.521484 0.000000 3090.401367 0.000000 0.842719 0.000000 -0.538354 0.832359 0.832359 0.832359
5306.802246 0.000000 3057.170410 0.000000 0.171757 0.000000 0.985139 0.697794 0.697794 0.697794
5340.104980 0.000000 3004.126221 0.000000 0.999483 0.000000 0.032148 0.798112 0.798112 0.798112
5357.034668 0.000000 3028.156250 0.000000 0.665151 0.000000 0.746709 0.769690 0.769690 0.769690
5334.896973 0.000000 3071.742676 0.000000 0.708349 0.000000 -0.705862 0.844606 0.844606 0.844606
5349.758301 0.000000 2996.281738 0.000000 0.449981 0.000000 -0.893038 0.853583 0.853583 0.853583
5309.531250 0.000000 3011.931152 0.000000 0.810570 0.000000 -0.585642 0.832615 0.832615 0.832615
5348.340332 0.000000 3037.682861 0.000000 0.299723 0.000000 0.954026 0.737779 0.737779 0.737779
5341.057617 0.000000 3048.002197 0.000000 0.718717 0.000000 -0.695303 0.830865 0.830865 0.830865
5343.805176 0.000000 3032.740723 0.000000 0.890892 0.000000 0.454216 0.769490 0.769490 0.769490
5383.416016 0.000000 3005.814453 0.000000 0.807291 0.000000 0.590153 0.777306 0.777306 0.777306
5335.994141 0.000000 2999.060303 0.000000 0.519851 0.000000 -0.854257 0.841726 0.841726 0.841726
5358.881836 0.000000 3002.856934 0.000000 0.401564 0.000000 -0.915831 0.860342 0.860342 0.860342
5348.381836 0.000000 3099.958252 0.000000 0.422219 0.000000 0.906494 0.725200 0.725200 0.725200
5321.442383 0.000000 3065.762207 0.000000 0.880468 0.000000 -0.474105 0.823381 0.823381 0.823381
5331.991699 0.000000 3031.998291 0.000000 0.595444 0.000000 -0.803397 0.835777 0.835777 0.835777
5328.177246 0.000000 2996.873291 0.000000 0.720818 0.000000 -0.693124 0.838085 0.838085 0.838085
5328.865234 0.000000 3010.444336 0.000000 0.909800 0.000000 -0.415048 0.824362 0.824362 0.824362
5331.948242 0.000000 3027.195068 0.000000 0.891011 0.000000 -0.453982 0.821741 0.821741 0.821741
5334.019531 0.000000 3011.182373 0.000000 0.556809 0.000000 -0.830641 0.838177 0.838177 0.838177
5339.402344 0.000000 2999.736328 0.000000 0.996838 0.000000 -0.079458 0.803241 0.803241 0.803241
5319.219727 0.000000 3079.170166 0.000000 0.862610 0.000000 -0.505870 0.830190 0.830190 0.830190
5350.536621 0.000000 3097.320068 0.000000 0.038426 0.000000 -0.999261 0.916605 0.916605 0.916605
5354.474609 0.000000 3041.701904 0.000000 0.520203 0.000000 0.854043 0.728235 0.728235 0.728235
5354.518066 0.000000 3056.742432 0.000000 0.999608 0.000000 -0.028002 0.801225 0.801225 0.801225
5391.489258 0.000000 3025.073486 0.000000 0.803943 0.000000 0.594706 0.765655 0.765655 0.765655
5379.142090 0.000000 3024.428467 0.000000 0.158093 0.000000 0.987424 0.740776 0.740776 0.740776
5332.902832 0.000000 3001.657715 0.000000 0.711695 0.000000 -0.702488 0.843869 0.843869 0.843869
5371.908203 0.000000 3081.864258 0.000000 0.492570 0.000000 -0.870273 0.853137 0.853137 0.853137
5326.895508 0.000000 3059.827148 0.000000 0.806276 0.000000 0.591540 0.767763 0.767763 0.767763
5354.541992 0.000000 3024.015381 0.000000 0.596384 0.000000 0.802699 0.751985 0.751985 0.751985
5378.038574 0.000000 3081.570068 0.000000 0.931819 0.000000 -0.362922 0.818025 0.818025 0.818025
5342.476562 0.000000 3054.199951 0.000000 0.993272 0.000000 0.115802 0.795132 0.795132 0.795132
5383.909180 0.000000 3028.310303 0.000000 0.499025 0.000000 0.866587 0.747238 0.747238 0.747238
5373.411621 0.000000 3051.362793 0.000000 0.795468 0.000000 -0.605996 0.830426 0.830426 0.830426
5315.011230 0.000000 3056.024902 0.000000 0.929480 0.000000 -0.368872 0.819015 0.819015 0.819015
5350.605957 0.000000 3062.429688 0.000000 0.999595 0.000000 0.028454 0.798141 0.798141 0.798141
5357.351562 0.000000 3092.248047 0.000000 0.783379 0.000000 0.621544 0.758607 0.758607 0.758607
5315.242676 0.000000 3050.307861 0.000000 0.124691 0.000000 -0.992196 0.889226 0.889226 0.889226
5346.809082 0.000000 3012.974365 0.000000 0.029016 0.000000 0.999579 0.719630 0.719630 0.719630
5385.632812 0.000000 3025.330078 0.000000 0.787189 0.000000 0.616712 0.767747 0.767747 0.767747
5344.902832 0.000000 3094.425781 0.000000 0.647752 0.000000 -0.761851 0.850860 0.850860 0.850860
5328.052246 0.000000 3084.771484 0.000000 0.878741 0.000000 0.477299 0.764522 0.764522 0.764522
5324.155273 0.000000 3007.549561 0.000000 0.393557 0.000000 0.919300 0.733613 0.733613 0.733613
5356.012695 0.000000 3012.015137 0.000000 0.152066 0.000000 -0.988370 0.866277 0.866277 0.866277
5345.760742 0.000000 3001.647705 0.000000 0.995843 0.000000 -0.091088 0.804919 0.804919 0.804919
5358.148438 0.000000 3077.864990 0.000000 0.975081 0.000000 -0.221851 0.811528 0.811528 0.811528
5392.567383 0.000000 3037.522705 0.000000 0.190190 0.000000 0.981747 0.716521 0.716521 0.716521
5343.801758 0.000000 3008.688477 0.000000 0.008675 0.000000 0.999962 0.726994 0.726994 0.726994
5392.157715 0.000000 3041.511230 0.000000 0.923096 0.000000 0.384570 0.779423 0.779423 0.779423
5349.606445 0.000000 3011.172363 0.000000 0.157529 0.000000 0.987514 0.709436 0.709436 0.709436
5327.104004 0.000000 3081.795410 0.000000 0.579621 0.000000 -0.814886 0.880473 0.880473 0.880473
5348.919434 0.000000 3058.968506 0.000000 0.951500 0.000000 0.307648 0.782012 0.782012 0.782012
5352.560547 0.000000 3014.331543 0.000000 0.205158 0.000000 -0.978729 0.871929 0.871929 0.871929
5306.878418 0.000000 2997.291748 0.000000 0.486094 0.000000 0.873906 0.742030 0.742030 0.742030
5321.048340 0.000000 3059.525391 0.000000 0.907486 0.000000 -0.420082 0.827535 0.827535 0.827535
5332.956543 0.000000 3020.189209 0.000000 0.947830 0.000000 -0.318775 0.818467 0.818467 0.818467
5383.298340 0.000000 3022.044189 0.000000 0.267848 0.000000 -0.963461 0.866969 0.866969 0.866969
5323.677734 0.000000 3000.501709 0.000000 0.947846 0.000000 0.318727 0.784062 0.784062 0.784062
5340.044922 0.000000 3050.922852 0.000000 0.898347 0.000000 0.439287 0.777110 0.777110 0.777110
5362.585449 0.000000 3079.572998 0.000000 0.358248 0.000000 0.933626 0.739382 0.739382 0.739382
5347.747070 0.000000 3006.825684 0.000000 0.994204 0.000000 0.107513 0.793868 0.793868 0.793868
5334.458496 0.000000 3025.505859 0.000000 0.883511 0.000000 -0.468411 0.833591 0.833591 0.833591
5384.312012 0.000000 3002.250000 0.000000 0.959144 0.000000 0.282917 0.783673 0.783673 0.783673
5339.254883 0.000000 3010.334961 0.000000 0.822308 0.000000 0.569043 0.765543 0.765543 0.765543
5389.254395 0.000000 3020.916748 0.000000 0.881659 0.000000 -0.471886 0.827973 0.827973 0.827973
5377.146973 0.000000 3086.466309 0.000000 0.849614 0.000000 -0.527405 0.833952 0.833952 0.833952
5337.590332 0.000000 3005.553711 0.000000 0.782901 0.000000 -0.622146 0.835808 0.835808 0.835808
5366.783691 0.000000 3051.580811 0.000000 0.407378 0.000000 -0.913260 0.865529 0.865529 0.865529
5322.016602 0.000000 3005.035645 0.000000 0.753939 0.000000 -0.656944 0.840799 0.840799 0.840799
5357.752930 0.000000 3088.033447 0.000000 0.989078 0.000000 0.147391 0.792200 0.792200 0.792200
5356.655762 0.000000 3039.373779 0.000000 0.999485 0.000000 0.032096 0.797903 0.797903 0.797903
5343.025879 0.000000 3092.112061 0.000000 0.843987 0.000000 -0.536363 0.832224 0.832224 0.832224
5363.625000 0.000000 3060.863281 0.000000 0.441258 0.000000 -0.897380 0.861397 0.861397 0.861397
5306.769531 0.000000 3011.075928 0.000000 0.931392 0.000000 0.364018 0.772095 0.772095 0.772095
5310.879395 0.000000 3051.856689 0.000000 0.797548 0.000000 0.603255 0.761587 0.761587 0.761587
5349.972168 0.000000 3020.949951 0.000000 0.907614 0.000000 0.419805 0.774302 0.774302 0.774302
5317.875977 0.000000 3051.854736 0.000000 0.030661 0.000000 0.999530 0.712334 0.712334 0.712334
5333.250000 0.000000 3082.038818 0.000000 0.763593 0.000000 -0.645698 0.855937 0.855937 0.855937
5344.230469 0.000000 3025.764648 0.000000 0.382368 0.000000 -0.924010 0.867784 0.867784 0.867784
5353.620117 0.000000 3098.158936 0.000000 0.718502 0.000000 0.695525 0.723498 0.723498 0.723498
5380.353516 0.000000 3088.175537 0.000000 0.454314 0.000000 -0.890842 0.863885 0.863885 0.863885
5356.688477 0.000000 3061.344482 0.000000 0.132643 0.000000 0.991164 0.718161 0.718161 0.718161
5340.207031 0.000000 3034.083984 0.000000 0.592126 0.000000 -0.805845 0.854464 0.854464 0.854464
5326.822266 0.000000 3077.147949 0.000000 0.339650 0.000000 -0.940552 0.879222 0.879222 0.879222
5365.118652 0.000000 3094.526123 0.000000 0.890865 0.000000 -0.454268 0.838143 0.838143 0.838143
5368.555664 0.000000 3096.771484 0.000000 0.997220 0.000000 -0.074514 0.804648 0.804648 0.804648
5331.296387 0.000000 3079.959717 0.000000 0.650429 0.000000 0.759567 0.725053 0.725053 0.725053
5311.441406 0.000000 3054.833984 0.000000 0.135665 0.000000 0.990755 0.689966 0.689966 0.689966
5392.297363 0.000000 3008.881592 0.000000 0.858151 0.000000 0.513398 0.763820 0.763820 0.763820
5392.483887 0.000000 3011.481445 0.000000 0.445942 0.000000 0.895062 0.718301 0.718301 0.718301
5331.773926 0.000000 3084.518555 0.000000 0.319370 0.000000 -0.947630 0.884344 0.884344 0.884344
5347.699219 0.000000 3094.105957 0.000000 0.980595 0.000000 0.196043 0.785694 0.785694 0.785694
5356.361328 0.000000 3096.869629 0.000000 0.985329 0.000000 0.170666 0.787258 0.787258 0.787258
5353.357910 0.000000 3103.547607 0.000000 0.998144 0.000000 -0.060894 0.802738 0.802738 0.802738
5358.911621 0.000000 3102.548096 0.000000 0.743918 0.000000 -0.668270 0.814471 0.814471 0.814471
5422.017090 0.000000 3094.290527 0.000000 0.898184 0.000000 -0.439620 0.812818 0.812818 0.812818
5479.351074 0.000000 3028.479980 0.000000 0.502626 0.000000 0.864504 0.793744 0.793744 0.793744
5420.530762 0.000000 3017.089355 0.000000 0.674201 0.000000 0.738548 0.784069 0.784069 0.784069
5457.507324 0.000000 2997.481201 0.000000 0.577752 0.000000 0.816213 0.761669 0.761669 0.761669
5402.551270 0.000000 3035.656250 0.000000 0.758455 0.000000 -0.651726 0.830198 0.830198 0.830198
5462.837891 0.000000 3049.246582 0.000000 0.881359 0.000000 -0.472447 0.836559 0.836559 0.836559
5446.726074 0.000000 3090.182129 0.000000 0.035567 0.000000 -0.999367 0.863470 0.863470 0.863470
5398.904297 0.000000 3086.367676 0.000000 0.082628 0.000000 -0.996580 0.809808 0.809808 0.809808
5415.715820 0.000000 3070.623779 0.000000 0.977179 0.000000 -0.212417 0.817314 0.817314 0.817314
5425.565918 0.000000 2996.271973 0.000000 0.241996 0.000000 -0.970277 0.970071 0.970071 0.970071
5427.323730 0.000000 3036.931641 0.000000 0.181513 0.000000 -0.983389 0.810814 0.810814 0.810814
5439.786621 0.000000 3011.258545 0.000000 0.982177 0.000000 -0.187960 0.810763 0.810763 0.810763
5462.112793 0.000000 3017.252441 0.000000 0.681550 0.000000 -0.731771 0.807378 0.807378 0.807378
5412.671387 0.000000 3051.815186 0.000000 0.780951 0.000000 -0.624592 0.838400 0.838400 0.838400
5395.484375 0.000000 3019.261719 0.000000 0.438686 0.000000 0.898640 0.789964 0.789964 0.789964
5432.004395 0.000000 3079.758301 0.000000 0.804606 0.000000 0.593809 0.780572 0.780572 0.780572
5447.109375 0.000000 3047.597656 0.000000 0.454535 0.000000 -0.890729 0.820412 0.820412 0.820412
5463.629883 0.000000 3033.298096 0.000000 0.369896 0.000000 -0.929073 0.874986 0.874986 0.874986
5411.585938 0.000000 3003.669434 0.000000 0.991420 0.000000 -0.130713 0.807462 0.807462 0.807462
5440.350098 0.000000 2996.563232 0.000000 0.338939 0.000000 -0.940808 0.858719 0.858719 0.858719
5433.785156 0.000000 3024.408936 0.000000 0.744778 0.000000 0.667313 0.788181 0.788181 0.788181
5400.325195 0.000000 3073.146729 0.000000 0.985454 0.000000 -0.169941 0.800512 0.800512 0.800512
5411.950684 0.000000 3084.104248 0.000000 0.979318 0.000000 -0.202327 0.823194 0.823194 0.823194
5416.371582 0.000000 3029.585938 0.000000 0.848020 0.000000 0.529964 0.768206 0.768206 0.768206
5399.642090 0.000000 3048.426270 0.000000 0.689574 0.000000 0.724215 0.748562 0.748562 0.748562
5434.168945 0.000000 3096.700439 0.000000 0.429892 0.000000 0.902880 0.759505 0.759505 0.759505
5452.301758 0.000000 3008.992188 0.000000 0.373053 0.000000 -0.927810 0.910378 0.910378 0.910378
5407.579102 0.000000 3015.393311 0.000000 0.449471 0.000000 0.893295 0.767569 0.767569 0.767569
5428.930176 0.000000 3067.855713 0.000000 0.833237 0.000000 -0.552916 0.832997 0.832997 0.832997
5424.564453 0.000000 3048.760254 0.000000 0.437340 0.000000 0.899296 0.775881 0.775881 0.775881
5439.213867 0.000000 3038.882324 0.000000 0.595071 0.000000 -0.803673 0.853133 0.853133 0.853133
5427.812500 0.000000 3007.791260 0.000000 0.626912 0.000000 0.779090 0.762002 0.762002 0.762002
5406.330078 0.000000 3062.733643 0.000000 0.313709 0.000000 -0.949519 0.844999 0.844999 0.844999
5420.685059 0.000000 3059.774658 0.000000 0.608313 0.000000 -0.793697 0.825270 0.825270 0.825270
5416.252930 0.000000 3041.185059 0.000000 0.611955 0.000000 -0.790893 0.849741 0.849741 0.849741
5457.532227 0.000000 3098.599854 0.000000 0.813276 0.000000 -0.581878 0.835350 0.835350 0.835350
5454.241211 0.000000 3038.557617 0.000000 0.995921 0.000000 0.090232 0.794424 0.794424 0.794424
5446.916504 0.000000 3019.381836 0.000000 0.320154 0.000000 0.947366 0.779114 0.779114 0.779114
5393.738770 0.000000 3007.981689 0.000000 0.909965 0.000000 -0.414684 0.817422 0.817422 0.817422
5406.135254 0.000000 3025.614258 0.000000 0.030157 0.000000 0.999545 0.712305 0.712305 0.712305
5422.523926 0.000000 3083.813721 0.000000 0.886898 0.000000 0.461965 0.779571 0.779571 0.779571
5456.268066 0.000000 3025.623779 0.000000 0.844958 0.000000 0.534833 0.775317 0.775317 0.775317
5467.104004 0.000000 2997.418213 0.000000 0.845843 0.000000 0.533432 0.747408 0.747408 0.747408
5438.258301 0.000000 3065.556396 0.000000 0.940447 0.000000 0.339941 0.780257 0.780257 0.780257
5472.583496 0.000000 3035.934082 0.000000 0.673124 0.000000 -0.739530 0.852367 0.852367 0.852367
5394.228027 0.000000 3040.305664 0.000000 0.120284 0.000000 0.992740 0.715714 0.715714 0.715714
5424.666504 0.000000 3025.298340 0.000000 0.797366 0.000000 0.603496 0.782531 0.782531 0.782531
5402.718750 0.000000 3006.038818 0.000000 0.815181 0.000000 0.579206 0.767428 0.767428 0.767428
5416.418945 0.000000 3102.462158 0.000000 0.561999 0.000000 -0.827138 0.847854 0.847854 0.847854
5448.155762 0.000000 3099.041992 0.000000 0.729830 0.000000 -0.683629 0.844650 0.844650 0.844650
5437.529785 0.000000 3087.973633 0.000000 0.613764 0.000000 -0.789490 0.834895 0.834895 0.834895
5448.656250 0.000000 3000.550049 0.000000 0.698853 0.000000 -0.715265 0.827697 0.827697 0.827697
5396.514160 0.000000 3028.894043 0.000000 0.504047 0.000000 0.863676 0.726916 0.726916 0.726916
5407.764648 0.000000 3044.211914 0.000000 0.080292 0.000000 0.996771 0.769638 0.769638 0.769638
5423.644531 0.000000 3075.259521 0.000000 0.171984 0.000000 -0.985100 0.824291 0.824291 0.824291
5435.328125 0.000000 3003.556885 0.000000 0.731783 0.000000 0.681538 0.764955 0.764955 0.764955
5413.562012 0.000000 3021.575928 0.000000 0.995897 0.000000 0.090493 0.798968 0.798968 0.798968
5408.590332 0.000000 3076.488525 0.000000 0.999989 0.000000 -0.004701 0.800259 0.800259 0.800259
5428.792480 0.000000 3089.477783 0.000000 0.635716 0.000000 0.771923 0.749803 0.749803 0.749803
5466.350586 0.000000 3041.358154 0.000000 0.616140 0.000000 -0.787636 0.821194 0.821194 0.821194
5405.115234 0.000000 3054.707031 0.000000 0.998492 0.000000 0.054900 0.798552 0.798552 0.798552
5438.264648 0.000000 3073.538574 0.000000 0.501605 0.000000 -0.865097 0.809395 0.809395 0.809395
5434.340332 0.000000 3032.625732 0.000000 0.361619 0.000000 -0.932326 0.831657 0.831657 0.831657
5418.058594 0.000000 2998.826416 0.000000 0.229979 0.000000 0.973195 0.718984 0.718984 0.718984
5414.036621 0.000000 3092.360596 0.000000 0.458836 0.000000 0.888521 0.719366 0.719366 0.719366
5455.507812 0.000000 3047.064453 0.000000 0.977059 0.000000 -0.212967 0.806172 0.806172 0.806172
5413.924316 0.000000 3063.121826 0.000000 0.424168 0.000000 0.905583 0.787104 0.787104 0.787104
5399.904785 0.000000 3013.148438 0.000000 0.999399 0.000000 0.034671 0.799709 0.799709 0.799709
5454.103516 0.000000 3017.060547 0.000000 0.780691 0.000000 0.624918 0.770070 0.770070 0.770070
5439.425781 0.000000 3019.269775 0.000000 0.273564 0.000000 -0.961854 0.824805 0.824805 0.824805
5441.380371 0.000000 3095.200684 0.000000 0.266521 0.000000 -0.963829 0.916150 0.916150 0.916150
5416.479004 0.000000 3077.964355 0.000000 0.945305 0.000000 -0.326187 0.835636 0.835636 0.835636
5453.705566 0.000000 3092.288818 0.000000 0.733490 0.000000 -0.679700 0.813434 0.813434 0.813434
5433.168457 0.000000 2996.557373 0.000000 0.923618 0.000000 0.383315 0.777608 0.777608 0.777608
5442.410156 0.000000 3004.459961 0.000000 0.060251 0.000000 -0.998183 0.880550 0.880550 0.880550
5426.630859 0.000000 3055.694824 0.000000 0.620490 0.000000 0.784214 0.785957 0.785957 0.785957
5405.188477 0.000000 3082.605713 0.000000 0.981415 0.000000 0.191897 0.791207 0.791207 0.791207
5445.806152 0.000000 3037.384766 0.000000 0.548363 0.000000 0.836240 0.782198 0.782198 0.782198
5420.738770 0.000000 3035.049805 0.000000 0.909238 0.000000 0.416277 0.787395 0.787395 0.787395
5407.053711 0.000000 3069.606934 0.000000 0.762447 0.000000 -0.647050 0.845116 0.845116 0.845116
5419.341309 0.000000 3053.109863 0.000000 0.000760 0.000000 1.000000 0.704987 0.704987 0.704987
5412.267090 0.000000 3010.516357 0.000000 0.319488 0.000000 -0.947590 0.870902 0.870902 0.870902
5462.887207 0.000000 3026.196045 0.000000 0.826895 0.000000 0.562356 0.776024 0.776024 0.776024
5402.427734 0.000000 3020.062256 0.000000 0.643784 0.000000 -0.765207 0.831326 0.831326 0.831326
5458.581055 0.000000 3011.496094 0.000000 0.340509 0.000000 0.940241 0.768481 0.768481 0.768481
5457.114746 0.000000 3004.134521 0.000000 0.228171 0.000000 0.973621 0.781525 0.781525 0.781525
5456.985840 0.000000 3032.484863 0.000000 0.188725 0.000000 0.982030 0.713121 0.713121 0.713121
5400.168945 0.000000 3066.248779 0.000000 0.280145 0.000000 -0.959958 0.830842 0.830842 0.830842
5395.591309 0.000000 3053.761230 0.000000 0.762508 0.000000 0.646979 0.791568 0.791568 0.791568
5423.549316 0.000000 3002.654053 0.000000 0.144075 0.000000 0.989567 0.747872 0.747872 0.747872
5432.937500 0.000000 3040.589600 0.000000 0.145723 0.000000 -0.989326 0.835849 0.835849 0.835849
5460.006348 0.000000 3042.537109 0.000000 0.129685 0.000000 0.991555 0.671375 0.671375 0.671375
5422.855957 0.000000 3042.554932 0.000000 0.645700 0.000000 -0.763591 0.810412 0.810412 0.810412
5429.176758 0.000000 3061.545166 0.000000 0.841508 0.000000 0.540244 0.792819 0.792819 0.792819
5400.330078 0.000000 3041.760986 0.000000 0.951597 0.000000 -0.307349 0.823211 0.823211 0.823211
5441.323242 0.000000 3045.127930 0.000000 0.999945 0.000000 -0.010473 0.800213 0.800213 0.800213
5433.745117 0.000000 3009.831055 0.000000 0.998952 0.000000 -0.045774 0.802085 0.802085 0.802085
5429.520020 0.000000 3001.331543 0.000000 0.858559 0.000000 0.512715 0.760325 0.760325 0.760325
5410.548828 0.000000 3057.555908 0.000000 0.923623 0.000000 0.383302 0.785387 0.785387 0.785387
5401.058105 0.000000 3059.114746 0.000000 0.528708 0.000000 0.848804 0.747764 0.747764 0.747764
5426.427734 0.000000 3019.418457 0.000000 0.233844 0.000000 -0.972274 0.857582 0.857582 0.857582
5479.042480 0.000000 3034.457764 0.000000 0.320597 0.000000 -0.947216 0.894695 0.894695 0.894695
5417.333496 0.000000 3087.044434 0.000000 0.105974 0.000000 -0.994369 0.837735 0.837735 0.837735
5469.147949 0.000000 3031.083984 0.000000 0.274806 0.000000 -0.961500 0.869694 0.869694 0.869694
5393.979004 0.000000 3034.433838 0.000000 0.945575 0.000000 0.325404 0.783319 0.783319 0.783319
5400.094727 0.000000 3079.396973 0.000000 0.882074 0.000000 0.471110 0.776780 0.776780 0.776780
5439.068848 0.000000 3059.198730 0.000000 0.996133 0.000000 -0.087860 0.801792 0.801792 0.801792
5419.050781 0.000000 3023.628174 0.000000 0.938838 0.000000 -0.344358 0.815377 0.815377 0.815377
5449.969238 0.000000 3042.472168 0.000000 0.190197 0.000000 0.981746 0.756195 0.756195 0.756195
5462.265137 0.000000 3000.767090 0.000000 0.504466 0.000000 0.863432 0.759417 0.759417 0.759417
5410.063965 0.000000 3029.679688 0.000000 0.562775 0.000000 -0.826610 0.815742 0.815742 0.815742
5434.157715 0.000000 3069.686768 0.000000 0.267138 0.000000 -0.963658 0.836620 0.836620 0.836620
5411.742188 0.000000 2997.687012 0.000000 0.911070 0.000000 -0.412252 0.811712 0.811712 0.811712
5397.479980 0.000000 3003.404053 0.000000 0.791906 0.000000 -0.610643 0.810627 0.810627 0.810627
5393.586426 0.000000 3013.964355 0.000000 0.646519 0.000000 -0.762897 0.845236 0.845236 0.845236
5400.537109 0.000000 3025.272705 0.000000 0.851859 0.000000 0.523771 0.783815 0.783815 0.783815
5421.039551 0.000000 3099.651611 0.000000 0.133657 0.000000 -0.991028 0.856816 0.856816 0.856816
5442.669922 0.000000 3086.021240 0.000000 0.115978 0.000000 -0.993252 0.836604 0.836604 0.836604
5428.056641 0.000000 3083.813232 0.000000 0.445350 0.000000 0.895357 0.745501 0.745501 0.745501
5412.685547 0.000000 3046.371826 0.000000 0.593556 0.000000 0.804793 0.753485 0.753485 0.753485
5447.667480 0.000000 3005.893799 0.000000 0.144675 0.000000 0.989479 0.723123 0.723123 0.723123
5457.967285 0.000000 3020.611816 0.000000 0.991822 0.000000 -0.127628 0.806825 0.806825 0.806825
5407.792969 0.000000 3007.784424 0.000000 0.671954 0.000000 -0.740593 0.823485 0.823485 0.823485
5415.786133 0.000000 3057.158936 0.000000 0.999820 0.000000 0.018950 0.798887 0.798887 0.798887
5416.189453 0.000000 3097.096436 0.000000 0.044798 0.000000 0.998996 0.684795 0.684795 0.684795
5393.798828 0.000000 3024.098389 0.000000 0.994202 0.000000 -0.107527 0.806778 0.806778 0.806778
5422.365723 0.000000 3089.126221 0.000000 0.782993 0.000000 -0.622030 0.832180 0.832180 0.832180
5459.938965 0.000000 3036.829590 0.000000 0.966693 0.000000 -0.255939 0.829465 0.829465 0.829465
5441.846680 0.000000 3069.841553 0.000000 0.996335 0.000000 0.085533 0.796716 0.796716 0.796716
5476.721680 0.000000 3039.040771 0.000000 0.580558 0.000000 0.814219 0.737295 0.737295 0.737295
5406.816895 0.000000 3038.889160 0.000000 0.991188 0.000000 -0.132460 0.806288 0.806288 0.806288
5408.004883 0.000000 3020.625488 0.000000 0.024699 0.000000 0.999695 0.739786 0.739786 0.739786
5421.631348 0.000000 3029.490479 0.000000 0.692522 0.000000 0.721397 0.785033 0.785033 0.785033
5471.919434 0.000000 2999.345459 0.000000 0.001827 0.000000 0.999998 0.769917 0.769917 0.769917
5433.694824 0.000000 3091.553223 0.000000 0.040609 0.000000 0.999175 0.658807 0.658807 0.658807
5467.568359 0.000000 3047.870117 0.000000 0.662423 0.000000 -0.749130 0.846169 0.846169 0.846169
5418.732910 0.000000 3064.467529 0.000000 0.519036 0.000000 -0.854753 0.841151 0.841151 0.841151
5452.785645 0.000000 3097.297852 0.000000 0.997828 0.000000 -0.065880 0.804977 0.804977 0.804977
5407.420410 0.000000 3000.599365 0.000000 0.577984 0.000000 0.816048 0.779410 0.779410 0.779410
5426.172363 0.000000 3079.397461 0.000000 0.760373 0.000000 -0.649487 0.838544 0.838544 0.838544
5411.060059 0.000000 3072.327637 0.000000 0.686140 0.000000 -0.727470 0.839048 0.839048 0.839048
5436.485352 0.000000 3014.843506 0.000000 0.593975 0.000000 0.804484 0.779276 0.779276 0.779276
5416.025879 0.000000 3036.001709 0.000000 0.968651 0.000000 -0.248424 0.810379 0.810379 0.810379
5411.377930 0.000000 3040.584229 0.000000 0.993941 0.000000 -0.109918 0.804488 0.804488 0.804488
5397.935059 0.000000 3037.230469 0.000000 0.610403 0.000000 0.792091 0.737005 0.737005 0.737005
5442.561035 0.000000 3015.337158 0.000000 0.029085 0.000000 0.999577 0.712244 0.712244 0.712244
5467.889160 0.000000 3036.681152 0.000000 0.617423 0.000000 0.786632 0.777759 0.777759 0.777759
5429.065430 0.000000 3023.337402 0.000000 0.739949 0.000000 0.672663 0.758003 0.758003 0.758003
5444.918457 0.000000 3042.007324 0.000000 0.605826 0.000000 -0.795597 0.852367 0.852367 0.852367
5400.550781 0.000000 3052.970215 0.000000 0.977203 0.000000 -0.212305 0.812177 0.812177 0.812177
5411.009766 0.000000 3088.668457 0.000000 0.928035 0.000000 0.372492 0.774157 0.774157 0.774157
5449.398926 0.000000 3094.077637 0.000000 0.970429 0.000000 0.241385 0.785685 0.785685 0.785685
5419.096680 0.000000 3074.074951 0.000000 0.948735 0.000000 0.316074 0.769941 0.769941 0.769941
5443.835449 0.000000 2999.805664 0.000000 0.992774 0.000000 -0.120001 0.806919 0.806919 0.806919
5436.860840 0.000000 3043.270508 0.000000 0.277639 0.000000 0.960685 0.769096 0.769096 0.769096
5398.232422 0.000000 3008.601074 0.000000 0.872311 0.000000 -0.488952 0.825713 0.825713 0.825713
5443.892090 0.000000 3008.912354 0.000000 0.049239 0.000000 -0.998787 0.842848 0.842848 0.842848
5439.048828 0.000000 3000.951660 0.000000 0.869437 0.000000 -0.494043 0.830342 0.830342 0.830342
5403.600098 0.000000 3076.368652 0.000000 0.306186 0.000000 -0.951972 0.861133 0.861133 0.861133
5420.886719 0.000000 3079.177246 0.000000 0.661827 0.000000 0.749657 0.750233 0.750233 0.750233
5417.210938 0.000000 3082.477051 0.000000 0.717836 0.000000 0.696212 0.752473 0.752473 0.752473
5412.003418 0.000000 3079.464600 0.000000 0.689375 0.000000 0.724405 0.745632 0.745632 0.745632
5410.540527 0.000000 3025.147217 0.000000 0.999069 0.000000 0.043141 0.798500 0.798500 0.798500
5437.797852 0.000000 3007.254639 0.000000 0.169758 0.000000 -0.985486 0.879702 0.879702 0.879702
5441.720215 0.000000 3090.339600 0.000000 0.081995 0.000000 0.996633 0.618926 0.618926 0.618926
5451.051758 0.000000 3013.407227 0.000000 0.947577 0.000000 0.319527 0.790257 0.790257 0.790257
5431.710938 0.000000 3036.259033 0.000000 0.980147 0.000000 -0.198273 0.808730 0.808730 0.808730
5418.504883 0.000000 3091.645508 0.000000 0.235054 0.000000 0.971982 0.712109 0.712109 0.712109
5457.048340 0.000000 3051.193359 0.000000 0.964912 0.000000 -0.262572 0.814964 0.814964 0.814964
5464.213379 0.000000 3045.124268 0.000000 0.758162 0.000000 -0.652066 0.871926 0.871926 0.871926
5460.532715 0.000000 3029.728516 0.000000 0.513948 0.000000 -0.857822 0.858687 0.858687 0.858687
5403.042969 0.000000 3045.197998 0.000000 0.495419 0.000000 -0.868654 0.865584 0.865584 0.865584
5403.360840 0.000000 3015.864502 0.000000 0.999945 0.000000 -0.010453 0.800388 0.800388 0.800388
5432.583496 0.000000 3065.549805 0.000000 0.922562 0.000000 0.385849 0.784810 0.784810 0.784810
5422.706055 0.000000 3021.463867 0.000000 0.911626 0.000000 0.411021 0.775636 0.775636 0.775636
5431.440918 0.000000 3005.464355 0.000000 0.171038 0.000000 0.985264 0.640744 0.640744 0.640744
5402.707031 0.000000 3069.595459 0.000000 0.206657 0.000000 0.978414 0.746930 0.746930 0.746930
5420.121582 0.000000 3039.182861 0.000000 0.999999 0.000000 0.001654 0.799906 0.799906 0.799906
5460.938965 0.000000 3095.906494 0.000000 0.934876 0.000000 0.354974 0.785432 0.785432 0.785432
5422.403320 0.000000 3055.994873 0.000000 0.020042 0.000000 0.999799 0.725667 0.725667 0.725667
5451.836914 0.000000 3004.776611 0.000000 0.969051 0.000000 -0.246861 0.818084 0.818084 0.818084
5437.748535 0.000000 3035.024414 0.000000 0.846199 0.000000 0.532867 0.781143 0.781143 0.781143
5421.123535 0.000000 2995.972656 0.000000 0.846719 0.000000 -0.532041 0.830589 0.830589 0.830589
5407.951660 0.000000 3085.807373 0.000000 0.918004 0.000000 0.396572 0.772635 0.772635 0.772635
5465.363281 0.000000 3029.550049 0.000000 0.999548 0.000000 -0.030054 0.801117 0.801117 0.801117
5463.921875 0.000000 3038.051025 0.000000 0.729049 0.000000 -0.684461 0.861430 0.861430 0.861430
5415.091309 0.000000 3025.543457 0.000000 0.163294 0.000000 -0.986578 0.880075 0.880075 0.880075
5458.244141 0.000000 3015.883301 0.000000 0.077443 0.000000 -0.996997 0.867105 0.867105 0.867105
5445.409180 0.000000 3095.276855 0.000000 0.807379 0.000000 -0.590033 0.852561 0.852561 0.852561
5414.283691 0.000000 3007.001953 0.000000 0.734439 0.000000 -0.678675 0.823242 0.823242 0.823242
5457.046875 0.000000 3094.523682 0.000000 0.793929 0.000000 0.608010 0.769848 0.769848 0.769848
5456.005859 0.000000 3042.327148 0.000000 0.046451 0.000000 0.998921 0.736067 0.736067 0.736067
5414.366211 0.000000 3000.761963 0.000000 0.235045 0.000000 0.971984 0.752059 0.752059 0.752059
5397.673828 0.000000 3044.820557 0.000000 0.311722 0.000000 -0.950173 0.890148 0.890148 0.890148
5402.258789 0.000000 3062.881348 0.000000 0.453888 0.000000 0.891059 0.737405 0.737405 0.737405
5430.359375 0.000000 3019.333496 0.000000 0.942582 0.000000 0.333974 0.787350 0.787350 0.787350
5405.068359 0.000000 3058.979004 0.000000 0.963637 0.000000 -0.267216 0.811021 0.811021 0.811021
5475.241699 0.000000 3032.806152 0.000000 0.602147 0.000000 -0.798385 0.837672 0.837672 0.837672
5459.515137 0.000000 3046.625244 0.000000 0.441124 0.000000 0.897446 0.725914 0.725914 0.725914
5414.689941 0.000000 3074.439697 0.000000 0.997373 0.000000 0.072432 0.793224 0.793224 0.793224
5441.036621 0.000000 3062.593506 0.000000 0.984078 0.000000 0.177737 0.791542 0.791542 0.791542
5404.860352 0.000000 3066.356934 0.000000 0.662140 0.000000 -0.749380 0.847712 0.847712 0.847712
5429.311523 0.000000 2997.409180 0.000000 0.493953 0.000000 -0.869489 0.896007 0.896007 0.896007
5454.963379 0.000000 3012.814453 0.000000 0.512196 0.000000 -0.858869 0.859422 0.859422 0.859422
5425.766602 0.000000 3087.007080 0.000000 0.951496 0.000000 0.307660 0.784447 0.784447 0.784447
5435.525391 0.000000 2999.618164 0.000000 0.973163 0.000000 -0.230115 0.809460 0.809460 0.809460
5401.077637 0.000000 3083.144043 0.000000 0.989037 0.000000 -0.147671 0.807726 0.807726 0.807726
5424.406738 0.000000 3052.645020 0.000000 0.510507 0.000000 -0.859874 0.847132 0.847132 0.847132
5406.135742 0.000000 3073.556641 0.000000 0.905801 0.000000 -0.423704 0.835129 0.835129 0.835129
5423.680176 0.000000 3037.887939 0.000000 0.981433 0.000000 -0.191806 0.807401 0.807401 0.807401
5408.915039 0.000000 3081.632812 0.000000 0.961475 0.000000 0.274891 0.780812 0.780812 0.780812
5459.754395 0.000000 3023.937256 0.000000 0.646340 0.000000 0.763050 0.744350 0.744350 0.744350
5416.350586 0.000000 3050.746826 0.000000 0.329398 0.000000 0.944191 0.741536 0.741536 0.741536
5417.020996 0.000000 3060.929688 0.000000 0.997716 0.000000 -0.067542 0.803038 0.803038 0.803038
5415.385254 0.000000 3066.732910 0.000000 0.077580 0.000000 -0.996986 0.865309 0.865309 0.865309
5454.636719 0.000000 3101.014160 0.000000 0.669178 0.000000 -0.743102 0.846679 0.846679 0.846679
5427.097168 0.000000 3004.126221 0.000000 0.987627 0.000000 0.156822 0.790848 0.790848 0.790848
5412.663086 0.000000 3096.088379 0.000000 0.999054 0.000000 -0.043481 0.801564 0.801564 0.801564
5455.839355 0.000000 3008.194580 0.000000 0.980497 0.000000 0.196534 0.785658 0.785658 0.785658
5404.130371 0.000000 3041.358154 0.000000 0.811437 0.000000 0.584440 0.746144 0.746144 0.746144
5421.889160 0.000000 3071.742676 0.000000 0.801633 0.000000 0.597817 0.776580 0.776580 0.776580
5438.018066 0.000000 3069.928711 0.000000 0.430797 0.000000 -0.902449 0.859340 0.859340 0.859340
5436.750488 0.000000 2996.281738 0.000000 0.989843 0.000000 -0.142168 0.808120 0.808120 0.808120
5448.500000 0.000000 3009.586426 0.000000 0.475224 0.000000 -0.879865 0.866379 0.866379 0.866379
5396.523438 0.000000 3011.931152 0.000000 0.564465 0.000000 0.825457 0.762183 0.762183 0.762183
5435.332520 0.000000 3037.682861 0.000000 0.356210 0.000000 -0.934406 0.868680 0.868680 0.868680
5422.986328 0.000000 2999.060303 0.000000 0.997480 0.000000 -0.070952 0.807616 0.807616 0.807616
5445.874023 0.000000 3002.856934 0.000000 0.818501 0.000000 -0.574506 0.840336 0.840336 0.840336
5418.983887 0.000000 3031.998291 0.000000 0.997632 0.000000 -0.068778 0.802722 0.802722 0.802722
5415.857422 0.000000 3010.444336 0.000000 0.730978 0.000000 -0.682401 0.828800 0.828800 0.828800
5454.621094 0.000000 3035.039551 0.000000 0.996190 0.000000 -0.087213 0.804918 0.804918 0.804918
5426.394531 0.000000 2999.736328 0.000000 0.370122 0.000000 -0.928983 0.933519 0.933519 0.933519
5397.103516 0.000000 3025.224121 0.000000 0.995019 0.000000 0.099685 0.795573 0.795573 0.795573
5397.265625 0.000000 3033.415527 0.000000 0.497443 0.000000 -0.867497 0.860405 0.860405 0.860405
5414.477539 0.000000 3088.956543 0.000000 0.632275 0.000000 0.774744 0.753267 0.753267 0.753267
5418.674805 0.000000 3068.468506 0.000000 0.993497 0.000000 0.113854 0.793095 0.793095 0.793095
5406.211914 0.000000 3079.170166 0.000000 0.987281 0.000000 -0.158988 0.808706 0.808706 0.808706
5437.528809 0.000000 3097.320068 0.000000 0.995838 0.000000 -0.091140 0.804265 0.804265 0.804265
5441.466797 0.000000 3041.701904 0.000000 0.820748 0.000000 -0.571291 0.834613 0.834613 0.834613
5429.450684 0.000000 3077.419189 0.000000 0.999352 0.000000 0.035992 0.798512 0.798512 0.798512
5467.810059 0.000000 3044.430176 0.000000 0.809299 0.000000 -0.587396 0.835737 0.835737 0.835737
5457.652344 0.000000 3039.356201 0.000000 0.523997 0.000000 -0.851720 0.894049 0.894049 0.894049
5419.895020 0.000000 3001.657715 0.000000 0.565559 0.000000 0.824708 0.754100 0.754100 0.754100
5401.441406 0.000000 3009.563232 0.000000 0.962844 0.000000 -0.270060 0.811633 0.811633 0.811633
5451.396973 0.000000 3100.330811 0.000000 0.998445 0.000000 0.055742 0.796926 0.796926 0.796926
5413.887695 0.000000 3059.827148 0.000000 0.576960 0.000000 -0.816773 0.840088 0.840088 0.840088
5419.375977 0.000000 3096.369385 0.000000 0.993593 0.000000 0.113019 0.792603 0.792603 0.792603
5413.059570 0.000000 3055.279541 0.000000 0.801933 0.000000 0.597414 0.763555 0.763555 0.763555
5401.942383 0.000000 3038.879639 0.000000 0.851440 0.000000 0.524451 0.759313 0.759313 0.759313
5461.197754 0.000000 3020.577148 0.000000 0.761641 0.000000 0.647999 0.768321 0.768321 0.768321
5439.148438 0.000000 3004.178711 0.000000 0.974685 0.000000 -0.223581 0.809998 0.809998 0.809998
5405.928223 0.000000 3018.136963 0.000000 0.627894 0.000000 -0.778299 0.850771 0.850771 0.850771
5463.132812 0.000000 3041.672363 0.000000 0.985916 0.000000 -0.167242 0.813491 0.813491 0.813491
5393.911621 0.000000 3031.060303 0.000000 0.964087 0.000000 -0.265586 0.811436 0.811436 0.811436
5402.003418 0.000000 3056.024902 0.000000 0.950455 0.000000 -0.310862 0.817425 0.817425 0.817425
5428.341797 0.000000 3064.620361 0.000000 0.944805 0.000000 -0.327634 0.819000 0.819000 0.819000
5437.598145 0.000000 3062.429688 0.000000 0.681080 0.000000 0.732209 0.762096 0.762096 0.762096
5444.343750 0.000000 3092.248047 0.000000 0.071072 0.000000 -0.997471 0.937479 0.937479 0.937479
5432.396973 0.000000 3088.569580 0.000000 0.104136 0.000000 -0.994563 0.898411 0.898411 0.898411
5397.354492 0.000000 3040.759766 0.000000 0.977976 0.000000 -0.208716 0.813480 0.813480 0.813480
5419.265625 0.000000 3056.646484 0.000000 0.949882 0.000000 0.312607 0.778664 0.778664 0.778664
5415.044434 0.000000 3084.771484 0.000000 0.987644 0.000000 -0.156716 0.809617 0.809617 0.809617
5411.606445 0.000000 3075.558105 0.000000 0.991459 0.000000 0.130420 0.793496 0.793496 0.793496
5459.970703 0.000000 3033.571289 0.000000 0.284604 0.000000 -0.958645 0.907556 0.907556 0.907556
5411.147461 0.000000 3007.549561 0.000000 0.043511 0.000000 0.999053 0.713066 0.713066 0.713066
5443.004883 0.000000 3012.015137 0.000000 0.531577 0.000000 -0.847010 0.851456 0.851456 0.851456
5393.697266 0.000000 3027.314209 0.000000 0.147256 0.000000 0.989098 0.692570 0.692570 0.692570
5416.384766 0.000000 3054.096924 0.000000 0.677065 0.000000 0.735923 0.747474 0.747474 0.747474
5476.236328 0.000000 3035.824219 0.000000 0.997384 0.000000 -0.072289 0.805722 0.805722 0.805722
5479.559570 0.000000 3037.522705 0.000000 0.658697 0.000000 0.752409 0.735700 0.735700 0.735700
5403.190430 0.000000 3080.109619 0.000000 0.251695 0.000000 -0.967807 0.874929 0.874929 0.874929
5430.793945 0.000000 3008.688477 0.000000 0.526552 0.000000 0.850143 0.748851 0.748851 0.748851
5469.881836 0.000000 3034.213135 0.000000 0.199927 0.000000 -0.979811 0.869749 0.869749 0.869749
5466.740234 0.000000 3033.690918 0.000000 0.857461 0.000000 0.514549 0.768911 0.768911 0.768911
5436.598633 0.000000 3011.172363 0.000000 0.391019 0.000000 -0.920383 0.857438 0.857438 0.857438
5460.759277 0.000000 2998.015625 0.000000 0.881739 0.000000 0.471737 0.765561 0.765561 0.765561
5414.096191 0.000000 3081.795410 0.000000 0.436812 0.000000 -0.899553 0.892504 0.892504 0.892504
5458.996094 0.000000 3027.096924 0.000000 0.276818 0.000000 -0.960922 0.875766 0.875766 0.875766
5426.160156 0.000000 3022.462402 0.000000 0.131125 0.000000 -0.991366 0.881926 0.881926 0.881926
5425.223145 0.000000 3082.273438 0.000000 0.223090 0.000000 0.974798 0.726620 0.726620 0.726620
5395.028809 0.000000 3043.208984 0.000000 0.046575 0.000000 0.998915 0.726026 0.726026 0.726026
5410.669922 0.000000 3000.501709 0.000000 0.976164 0.000000 -0.217036 0.812453 0.812453 0.812453
5417.924805 0.000000 3099.758301 0.000000 0.843174 0.000000 -0.537640 0.833671 0.833671 0.833671
5434.739258 0.000000 3006.825684 0.000000 0.995730 0.000000 -0.092318 0.805816 0.805816 0.805816
5428.997559 0.000000 3080.609375 0.000000 0.152591 0.000000 -0.988289 0.883240 0.883240 0.883240
5394.500977 0.000000 3037.322021 0.000000 0.783143 0.000000 0.621842 0.754965 0.754965 0.754965
5416.458008 0.000000 3093.964600 0.000000 0.189047 0.000000 -0.981968 0.914983 0.914983 0.914983
5396.568359 0.000000 3006.188721 0.000000 0.469683 0.000000 0.882835 0.738419 0.738419 0.738419
5413.660156 0.000000 3042.546875 0.000000 0.488282 0.000000 -0.872686 0.855926 0.855926 0.855926
5461.017090 0.000000 3039.679688 0.000000 0.792047 0.000000 -0.610460 0.866885 0.866885 0.866885
5430.018066 0.000000 3092.112061 0.000000 0.913770 0.000000 0.406233 0.777692 0.777692 0.777692
5393.761719 0.000000 3011.075928 0.000000 0.557628 0.000000 -0.830091 0.872170 0.872170 0.872170
5449.264648 0.000000 3003.384521 0.000000 0.746668 0.000000 -0.665197 0.841425 0.841425 0.841425
5450.234863 0.000000 3007.049316 0.000000 0.985524 0.000000 0.169538 0.783872 0.783872 0.783872
5400.013672 0.000000 3034.500488 0.000000 0.899690 0.000000 -0.436529 0.825443 0.825443 0.825443
5457.526367 0.000000 3035.348389 0.000000 0.978015 0.000000 0.208532 0.781371 0.781371 0.781371
5418.592773 0.000000 3071.344727 0.000000 0.729108 0.000000 -0.684399 0.859617 0.859617 0.859617
5413.814453 0.000000 3077.147949 0.000000 0.940301 0.000000 0.340343 0.777735 0.777735 0.777735
5450.084473 0.000000 3096.779785 0.000000 0.178148 0.000000 0.984004 0.683259 0.683259 0.683259
5435.013672 0.000000 3089.175781 0.000000 0.873698 0.000000 -0.486470 0.842921 0.842921 0.842921
5413.009766 0.000000 3086.603027 0.000000 0.196184 0.000000 -0.980567 0.914378 0.914378 0.914378
5396.468262 0.000000 3047.231934 0.000000 0.145847 0.000000 0.989307 0.705264 0.705264 0.705264
5418.288574 0.000000 3079.959717 0.000000 0.996576 0.000000 0.082688 0.793552 0.793552 0.793552
5400.250000 0.000000 3045.631104 0.000000 0.145009 0.000000 0.989430 0.684712 0.684712 0.684712
5441.595215 0.000000 3001.908691 0.000000 0.681272 0.000000 -0.732031 0.865941 0.865941 0.865941
5463.619141 0.000000 2998.204834 0.000000 0.970919 0.000000 0.239407 0.781314 0.781314 0.781314
5408.424805 0.000000 3072.125732 0.000000 0.825703 0.000000 0.564105 0.757984 0.757984 0.757984
5447.000488 0.000000 3092.847168 0.000000 0.976318 0.000000 -0.216339 0.814764 0.814764 0.814764
5462.313477 0.000000 3035.600830 0.000000 0.944283 0.000000 -0.329136 0.824516 0.824516 0.824516
5434.691406 0.000000 3094.105957 0.000000 0.966390 0.000000 -0.257082 0.821966 0.821966 0.821966
5405.303711 0.000000 3043.582031 0.000000 0.643471 0.000000 0.765470 0.737319 0.737319 0.737319
5452.762695 0.000000 3011.444092 0.000000 0.522920 0.000000 -0.852382 0.872765 0.872765 0.872765
5399.525879 0.000000 3039.379395 0.000000 0.106337 0.000000 0.994330 0.695596 0.695596 0.695596
5489.543457 0.000000 3035.656250 0.000000 0.992157 0.000000 -0.124994 0.807509 0.807509 0.807509
5502.708008 0.000000 3070.623779 0.000000 0.408835 0.000000 -0.912608 0.804133 0.804133 0.804133
5498.942871 0.000000 3084.104248 0.000000 0.216763 0.000000 -0.976224 0.809723 0.809723 0.809723
5481.220215 0.000000 3040.305664 0.000000 0.738595 0.000000 -0.674149 0.822164 0.822164 0.822164
5483.506348 0.000000 3028.894043 0.000000 0.089375 0.000000 0.995998 0.765385 0.765385 0.765385
5510.636719 0.000000 3075.259521 0.000000 0.273135 0.000000 0.961976 0.752700 0.752700 0.752700
5495.582520 0.000000 3076.488525 0.000000 0.509217 0.000000 -0.860638 0.869558 0.869558 0.869558
5503.471191 0.000000 3077.964355 0.000000 0.436137 0.000000 0.899880 0.707434 0.707434 0.707434
5494.045898 0.000000 3069.606934 0.000000 0.999592 0.000000 -0.028552 0.800736 0.800736 0.800736
5487.322266 0.000000 3041.760986 0.000000 0.522472 0.000000 0.852657 0.771246 0.771246 0.771246
5480.971191 0.000000 3034.433838 0.000000 0.948311 0.000000 -0.317342 0.826895 0.826895 0.826895
5491.796387 0.000000 3030.734619 0.000000 0.149802 0.000000 -0.988716 0.840001 0.840001 0.840001
5498.052246 0.000000 3072.327637 0.000000 0.709345 0.000000 -0.704862 0.837964 0.837964 0.837964
5484.927246 0.000000 3037.230469 0.000000 0.004683 0.000000 0.999989 0.671443 0.671443 0.671443
5506.088867 0.000000 3074.074951 0.000000 0.998928 0.000000 0.046283 0.797392 0.797392 0.797392
5487.231934 0.000000 3031.614746 0.000000 0.766625 0.000000 -0.642095 0.830914 0.830914 0.830914
5507.878906 0.000000 3079.177246 0.000000 0.264598 0.000000 -0.964359 0.857774 0.857774 0.857774
5498.995605 0.000000 3079.464600 0.000000 0.761030 0.000000 0.648716 0.719639 0.719639 0.719639
5493.672363 0.000000 3034.581299 0.000000 0.665753 0.000000 0.746172 0.773252 0.773252 0.773252
5501.682129 0.000000 3074.439697 0.000000 0.984154 0.000000 -0.177316 0.811642 0.811642 0.811642
5493.127930 0.000000 3073.556641 0.000000 0.998072 0.000000 0.062064 0.797581 0.797581 0.797581
5495.907227 0.000000 3081.632812 0.000000 0.783342 0.000000 0.621590 0.777895 0.777895 0.777895
5484.257812 0.000000 3033.415527 0.000000 0.987529 0.000000 -0.157439 0.811083 0.811083 0.811083
5480.903809 0.000000 3031.060303 0.000000 0.411663 0.000000 0.911336 0.751226 0.751226 0.751226
5498.598633 0.000000 3075.558105 0.000000 0.755766 0.000000 0.654842 0.742248 0.742248 0.742248
5501.088379 0.000000 3081.795410 0.000000 0.480978 0.000000 0.876733 0.718012 0.718012 0.718012
5481.493164 0.000000 3037.322021 0.000000 0.051491 0.000000 -0.998673 0.912879 0.912879 0.912879
5489.883789 0.000000 3032.835693 0.000000 0.911897 0.000000 -0.410420 0.824073 0.824073 0.824073
5487.005859 0.000000 3034.500488 0.000000 0.667360 0.000000 0.744736 0.735566 0.735566 0.735566
5479.351074 0.000000 3135.464355 0.000000 0.934907 0.000000 0.354892 0.785870 0.785870 0.785870
5457.507324 0.000000 3104.465576 0.000000 0.994904 0.000000 0.100831 0.799092 0.799092 0.799092
5433.773438 0.000000 3163.557617 0.000000 0.789044 0.000000 0.614337 0.796829 0.796829 0.796829
5415.715820 0.000000 3177.608154 0.000000 0.425271 0.000000 -0.905066 0.831187 0.831187 0.831187
5425.565918 0.000000 3103.256348 0.000000 0.995633 0.000000 0.093357 0.797087 0.797087 0.797087
5463.629883 0.000000 3140.282471 0.000000 0.289204 0.000000 -0.957267 0.830615 0.830615 0.830615
5440.350098 0.000000 3103.547607 0.000000 0.935492 0.000000 0.353348 0.796105 0.796105 0.796105
5452.301758 0.000000 3115.976562 0.000000 0.665083 0.000000 0.746769 0.752004 0.752004 0.752004
5428.930176 0.000000 3174.840088 0.000000 0.990388 0.000000 -0.138318 0.803908 0.803908 0.803908
5427.812500 0.000000 3114.775635 0.000000 0.963205 0.000000 -0.268768 0.803587 0.803587 0.803587
5454.241211 0.000000 3145.541992 0.000000 0.997072 0.000000 -0.076466 0.800505 0.800505 0.800505
5476.999512 0.000000 3179.105225 0.000000 0.996659 0.000000 -0.081674 0.802352 0.802352 0.802352
5438.258301 0.000000 3172.540771 0.000000 0.982067 0.000000 0.188533 0.791704 0.791704 0.791704
5472.583496 0.000000 3142.918457 0.000000 0.641836 0.000000 0.766842 0.762299 0.762299 0.762299
5418.835449 0.000000 3115.463623 0.000000 0.993774 0.000000 0.111419 0.798328 0.798328 0.798328
5423.644531 0.000000 3182.243896 0.000000 0.059551 0.000000 -0.998225 0.847085 0.847085 0.847085
5435.328125 0.000000 3110.541260 0.000000 0.290074 0.000000 -0.957004 0.821415 0.821415 0.821415
5466.350586 0.000000 3148.342529 0.000000 0.697859 0.000000 -0.716235 0.816743 0.816743 0.816743
5418.058594 0.000000 3105.810791 0.000000 0.856248 0.000000 -0.516565 0.824069 0.824069 0.824069
5416.479004 0.000000 3184.948730 0.000000 0.967406 0.000000 0.253232 0.797699 0.797699 0.797699
5433.168457 0.000000 3103.541748 0.000000 0.106095 0.000000 -0.994356 0.857914 0.857914 0.857914
5457.114746 0.000000 3111.118896 0.000000 0.890721 0.000000 0.454550 0.779926 0.779926 0.779926
5423.549316 0.000000 3109.638428 0.000000 0.894006 0.000000 -0.448056 0.821434 0.821434 0.821434
5422.113281 0.000000 3175.118896 0.000000 0.983633 0.000000 -0.180186 0.803582 0.803582 0.803582
5460.006348 0.000000 3149.521484 0.000000 0.297433 0.000000 0.954743 0.767310 0.767310 0.767310
5429.520020 0.000000 3108.315918 0.000000 0.923764 0.000000 0.382962 0.787520 0.787520 0.787520
5479.042480 0.000000 3141.442139 0.000000 0.771498 0.000000 -0.636232 0.823965 0.823965 0.823965
5429.665039 0.000000 3180.941162 0.000000 0.850107 0.000000 -0.526610 0.847520 0.847520 0.847520
5439.068848 0.000000 3166.183105 0.000000 0.342600 0.000000 0.939481 0.740736 0.740736 0.740736
5451.978516 0.000000 3102.651123 0.000000 0.929437 0.000000 -0.368980 0.808831 0.808831 0.808831
5434.157715 0.000000 3176.671143 0.000000 0.991036 0.000000 -0.133596 0.807627 0.807627 0.807627
5474.143066 0.000000 3135.781250 0.000000 0.990189 0.000000 0.139737 0.793112 0.793112 0.793112
5459.938965 0.000000 3143.813965 0.000000 0.232150 0.000000 0.972680 0.748749 0.748749 0.748749
5434.392090 0.000000 3168.645996 0.000000 0.152709 0.000000 -0.988271 0.865398 0.865398 0.865398
5467.889160 0.000000 3143.665527 0.000000 0.471328 0.000000 0.881958 0.746937 0.746937 0.746937
5470.945801 0.000000 3147.244873 0.000000 0.998370 0.000000 -0.057077 0.802601 0.802601 0.802601
5419.096680 0.000000 3181.059326 0.000000 0.168241 0.000000 -0.985746 0.868031 0.868031 0.868031
5439.048828 0.000000 3107.936035 0.000000 0.999770 0.000000 -0.021446 0.801221 0.801221 0.801221
5425.804688 0.000000 3178.280029 0.000000 0.347362 0.000000 -0.937731 0.902735 0.902735 0.902735
5423.417969 0.000000 3115.337646 0.000000 0.971855 0.000000 0.235580 0.792590 0.792590 0.792590
5432.583496 0.000000 3172.534180 0.000000 0.511196 0.000000 0.859464 0.769636 0.769636 0.769636
5434.107910 0.000000 3180.952881 0.000000 0.811914 0.000000 0.583777 0.777216 0.777216 0.777216
5451.836914 0.000000 3111.760986 0.000000 0.731324 0.000000 -0.682030 0.826532 0.826532 0.826532
5421.123535 0.000000 3102.957031 0.000000 0.966540 0.000000 -0.256515 0.814766 0.814766 0.814766
5463.921875 0.000000 3145.035400 0.000000 0.493604 0.000000 0.869687 0.739973 0.739973 0.739973
5475.241699 0.000000 3139.790527 0.000000 0.143410 0.000000 0.989663 0.727329 0.727329 0.727329
5414.689941 0.000000 3181.424072 0.000000 0.999727 0.000000 -0.023361 0.800868 0.800868 0.800868
5429.311523 0.000000 3104.393555 0.000000 0.837733 0.000000 -0.546080 0.831151 0.831151 0.831151
5420.579590 0.000000 3112.090820 0.000000 0.995358 0.000000 -0.096239 0.804678 0.804678 0.804678
5435.525391 0.000000 3106.602539 0.000000 0.736133 0.000000 -0.676837 0.842319 0.842319 0.842319
5455.839355 0.000000 3115.178955 0.000000 0.339310 0.000000 0.940675 0.731027 0.731027 0.731027
5421.889160 0.000000 3178.727051 0.000000 0.610373 0.000000 -0.792114 0.852041 0.852041 0.852041
5422.986328 0.000000 3106.044678 0.000000 0.569887 0.000000 -0.821723 0.839294 0.839294 0.839294
5430.771484 0.000000 3177.831055 0.000000 0.832547 0.000000 0.553955 0.768692 0.768692 0.768692
5437.598145 0.000000 3169.414062 0.000000 0.357748 0.000000 0.933818 0.731413 0.731413 0.731413
5472.196289 0.000000 3138.967285 0.000000 0.358193 0.000000 0.933648 0.745874 0.745874 0.745874
5478.051758 0.000000 3138.377930 0.000000 0.299968 0.000000 -0.953949 0.871311 0.871311 0.871311
5435.398926 0.000000 3173.776367 0.000000 0.717854 0.000000 0.696193 0.760319 0.760319 0.760319
5426.786133 0.000000 3182.035889 0.000000 0.757983 0.000000 0.652275 0.756572 0.756572 0.756572
5480.020020 0.000000 3178.665039 0.000000 0.527750 0.000000 0.849400 0.742234 0.742234 0.742234
5454.631348 0.000000 3112.576660 0.000000 0.865755 0.000000 -0.500468 0.829835 0.829835 0.829835
5507.522949 0.000000 3124.073730 0.000000 0.823149 0.000000 -0.567826 0.805427 0.805427 0.805427
5489.543457 0.000000 3142.640625 0.000000 0.901459 0.000000 -0.432864 0.831115 0.831115 0.831115
5485.896484 0.000000 3193.352051 0.000000 0.998545 0.000000 0.053918 0.798901 0.798901 0.798901
5502.708008 0.000000 3177.608154 0.000000 0.661427 0.000000 -0.750010 0.801524 0.801524 0.801524
5499.663574 0.000000 3158.799561 0.000000 0.835726 0.000000 -0.549147 0.822989 0.822989 0.822989
5498.578125 0.000000 3110.653809 0.000000 0.985851 0.000000 -0.167625 0.802220 0.802220 0.802220
5560.270996 0.000000 3168.100830 0.000000 0.762396 0.000000 0.647111 0.795783 0.795783 0.795783
5487.317383 0.000000 3180.131104 0.000000 0.269016 0.000000 -0.963136 0.857570 0.857570 0.857570
5503.363770 0.000000 3136.570312 0.000000 0.744255 0.000000 0.667896 0.768448 0.768448 0.768448
5486.634277 0.000000 3155.410645 0.000000 0.962825 0.000000 0.270126 0.797378 0.797378 0.797378
5494.571289 0.000000 3122.377686 0.000000 0.108395 0.000000 -0.994108 0.844681 0.844681 0.844681
5493.322266 0.000000 3169.718018 0.000000 0.401742 0.000000 -0.915753 0.883216 0.883216 0.883216
5507.677246 0.000000 3166.759033 0.000000 0.766145 0.000000 -0.642667 0.816310 0.816310 0.816310
5503.245117 0.000000 3148.169434 0.000000 0.524648 0.000000 -0.851319 0.806103 0.806103 0.806103
5563.991699 0.000000 3179.105225 0.000000 0.991111 0.000000 0.133039 0.798721 0.798721 0.798721
5481.220215 0.000000 3147.290039 0.000000 0.767995 0.000000 0.640456 0.790421 0.790421 0.790421
5483.506348 0.000000 3135.878418 0.000000 0.991100 0.000000 -0.133119 0.806800 0.806800 0.806800
5494.756836 0.000000 3151.196289 0.000000 0.428392 0.000000 0.903593 0.728353 0.728353 0.728353
5481.037109 0.000000 3186.224365 0.000000 0.886582 0.000000 -0.462572 0.808644 0.808644 0.808644
5505.827637 0.000000 3115.463623 0.000000 0.774016 0.000000 -0.633166 0.813968 0.813968 0.813968
5500.554199 0.000000 3128.560303 0.000000 0.000894 0.000000 -1.000000 0.888420 0.888420 0.888420
5492.107422 0.000000 3161.691406 0.000000 0.020449 0.000000 -0.999791 0.876172 0.876172 0.876172
5497.766602 0.000000 3142.428711 0.000000 0.997648 0.000000 0.068544 0.798356 0.798356 0.798356
5480.994141 0.000000 3175.711670 0.000000 0.639332 0.000000 -0.768931 0.813139 0.813139 0.813139
5500.916504 0.000000 3170.106201 0.000000 0.556699 0.000000 -0.830714 0.872253 0.872253 0.872253
5494.045898 0.000000 3176.591309 0.000000 0.959687 0.000000 0.281070 0.787368 0.787368 0.787368
5506.333496 0.000000 3160.094238 0.000000 0.793984 0.000000 -0.607939 0.816445 0.816445 0.816445
5499.259277 0.000000 3117.500732 0.000000 0.996696 0.000000 -0.081226 0.804629 0.804629 0.804629
5487.322266 0.000000 3148.745361 0.000000 0.524708 0.000000 0.851282 0.742640 0.742640 0.742640
5564.652832 0.000000 3172.366699 0.000000 0.985898 0.000000 0.167345 0.794056 0.794056 0.794056
5505.059082 0.000000 3154.108643 0.000000 0.926525 0.000000 0.376233 0.778275 0.778275 0.778275
5497.541016 0.000000 3164.540283 0.000000 0.976112 0.000000 -0.217269 0.814041 0.814041 0.814041
5565.682617 0.000000 3165.161377 0.000000 0.891010 0.000000 0.453984 0.773177 0.773177 0.773177
5480.971191 0.000000 3141.418213 0.000000 0.509985 0.000000 0.860183 0.742292 0.742292 0.742292
5487.086914 0.000000 3186.381348 0.000000 0.180215 0.000000 -0.983627 0.870771 0.870771 0.870771
5506.042969 0.000000 3130.612549 0.000000 0.970142 0.000000 -0.242539 0.803376 0.803376 0.803376
5501.591309 0.000000 3122.930664 0.000000 0.057549 0.000000 0.998343 0.713866 0.713866 0.713866
5497.056152 0.000000 3136.664062 0.000000 0.973124 0.000000 0.230283 0.788444 0.788444 0.788444
5487.529297 0.000000 3132.257080 0.000000 0.824630 0.000000 0.565673 0.778385 0.778385 0.778385
5499.677734 0.000000 3153.356201 0.000000 0.975675 0.000000 0.219222 0.786228 0.786228 0.786228
5492.413086 0.000000 3155.986572 0.000000 0.986298 0.000000 -0.164971 0.809334 0.809334 0.809334
5491.796387 0.000000 3137.718994 0.000000 0.324655 0.000000 -0.945833 0.852757 0.852757 0.852757
5560.879883 0.000000 3162.636963 0.000000 0.966659 0.000000 -0.256068 0.808689 0.808689 0.808689
5482.054688 0.000000 3181.131348 0.000000 0.796403 0.000000 0.604767 0.764199 0.764199 0.764199
5502.778320 0.000000 3164.143311 0.000000 0.992371 0.000000 0.123288 0.793853 0.793853 0.793853
5493.809082 0.000000 3145.873535 0.000000 0.846118 0.000000 -0.532995 0.847154 0.847154 0.847154
5505.725098 0.000000 3171.451904 0.000000 0.379719 0.000000 0.925102 0.769564 0.769564 0.769564
5498.464355 0.000000 3174.448242 0.000000 0.714192 0.000000 -0.699950 0.835306 0.835306 0.835306
5498.370117 0.000000 3147.568604 0.000000 0.573048 0.000000 -0.819522 0.823598 0.823598 0.823598
5484.927246 0.000000 3144.214844 0.000000 0.680777 0.000000 0.732491 0.750750 0.750750 0.750750
5487.231934 0.000000 3138.599121 0.000000 0.947273 0.000000 0.320426 0.778306 0.778306 0.778306
5490.035156 0.000000 3152.182373 0.000000 0.367509 0.000000 0.930020 0.740598 0.740598 0.740598
5489.699219 0.000000 3176.579834 0.000000 0.935937 0.000000 -0.352169 0.819623 0.819623 0.819623
5495.430176 0.000000 3158.780518 0.000000 0.824190 0.000000 -0.566314 0.834990 0.834990 0.834990
5502.083496 0.000000 3132.527832 0.000000 0.849977 0.000000 -0.526820 0.831583 0.831583 0.831583
5503.948242 0.000000 3126.263428 0.000000 0.924638 0.000000 -0.380848 0.822240 0.822240 0.822240
5497.871094 0.000000 3124.644287 0.000000 0.298243 0.000000 0.954490 0.755936 0.755936 0.755936
5501.275879 0.000000 3113.986328 0.000000 0.565829 0.000000 0.824522 0.761086 0.761086 0.761086
5493.672363 0.000000 3141.565674 0.000000 0.432105 0.000000 0.901823 0.752185 0.752185 0.752185
5484.878906 0.000000 3177.020752 0.000000 0.351775 0.000000 -0.936085 0.856612 0.856612 0.856612
5500.485840 0.000000 3139.308105 0.000000 0.978078 0.000000 0.208241 0.791704 0.791704 0.791704
5492.060547 0.000000 3165.963379 0.000000 0.119319 0.000000 0.992856 0.726091 0.726091 0.726091
5497.339844 0.000000 3168.472900 0.000000 0.994396 0.000000 0.105720 0.786927 0.786927 0.786927
5503.342773 0.000000 3157.731201 0.000000 0.000850 0.000000 1.000000 0.712518 0.712518 0.712518
5504.013184 0.000000 3167.914062 0.000000 0.371414 0.000000 -0.928467 0.854914 0.854914 0.854914
5495.765625 0.000000 3118.699463 0.000000 0.943758 0.000000 0.330637 0.788087 0.788087 0.788087
5564.003906 0.000000 3168.723389 0.000000 0.999738 0.000000 -0.022879 0.801015 0.801015 0.801015
5496.129883 0.000000 3154.825195 0.000000 0.830958 0.000000 0.556334 0.755460 0.755460 0.755460
5485.235840 0.000000 3183.123291 0.000000 0.899242 0.000000 0.437452 0.782095 0.782095 0.782095
5491.122559 0.000000 3148.342529 0.000000 0.993173 0.000000 -0.116655 0.807776 0.807776 0.807776
5495.426758 0.000000 3172.746582 0.000000 0.272001 0.000000 -0.962297 0.917194 0.917194 0.917194
5502.849609 0.000000 3117.428711 0.000000 0.910103 0.000000 0.414383 0.782592 0.782592 0.782592
5488.874512 0.000000 3135.512695 0.000000 0.110062 0.000000 0.993925 0.726492 0.726492 0.726492
5484.257812 0.000000 3140.399902 0.000000 0.959259 0.000000 0.282528 0.780950 0.780950 0.780950
5498.472656 0.000000 3121.023193 0.000000 0.985970 0.000000 0.166923 0.790454 0.790454 0.790454
5483.952148 0.000000 3188.128906 0.000000 0.592597 0.000000 -0.805499 0.838718 0.838718 0.838718
5500.188965 0.000000 3135.424072 0.000000 0.544352 0.000000 -0.838857 0.856647 0.856647 0.856647
5500.879883 0.000000 3166.811523 0.000000 0.749524 0.000000 -0.661977 0.848549 0.848549 0.848549
5567.445312 0.000000 3170.796143 0.000000 0.423760 0.000000 0.905774 0.735497 0.735497 0.735497
5488.934570 0.000000 3145.864014 0.000000 0.018766 0.000000 -0.999824 0.919961 0.919961 0.919961
5480.903809 0.000000 3138.044678 0.000000 0.998583 0.000000 0.053209 0.796906 0.796906 0.796906
5484.346680 0.000000 3147.744141 0.000000 0.405345 0.000000 -0.914164 0.866346 0.866346 0.866346
5495.203125 0.000000 3162.375244 0.000000 0.960550 0.000000 0.278108 0.783621 0.783621 0.783621
5562.187500 0.000000 3165.487305 0.000000 0.279720 0.000000 0.960082 0.731353 0.731353 0.731353
5498.139648 0.000000 3114.533936 0.000000 0.383428 0.000000 0.923571 0.735809 0.735809 0.735809
5566.204102 0.000000 3175.352783 0.000000 0.528108 0.000000 -0.849177 0.857742 0.857742 0.857742
5497.897949 0.000000 3150.701172 0.000000 0.972148 0.000000 -0.234366 0.814174 0.814174 0.814174
5495.032715 0.000000 3166.509766 0.000000 0.555029 0.000000 -0.831831 0.893591 0.893591 0.893591
5567.012207 0.000000 3178.665039 0.000000 0.834277 0.000000 0.551345 0.768509 0.768509 0.768509
5565.563965 0.000000 3162.056396 0.000000 0.887066 0.000000 0.461642 0.772687 0.772687 0.772687
5498.100586 0.000000 3171.408936 0.000000 0.974705 0.000000 -0.223494 0.823094 0.823094 0.823094
5502.251953 0.000000 3154.812012 0.000000 0.958536 0.000000 0.284973 0.783551 0.783551 0.783551
5495.460938 0.000000 3148.271240 0.000000 0.463084 0.000000 0.886314 0.730815 0.730815 0.730815
5503.447266 0.000000 3129.140381 0.000000 0.162284 0.000000 0.986744 0.719867 0.719867 0.719867
5500.786133 0.000000 3125.713867 0.000000 0.990446 0.000000 0.137899 0.792126 0.792126 0.792126
5489.883789 0.000000 3139.820068 0.000000 0.069370 0.000000 0.997591 0.710042 0.710042 0.710042
5498.681641 0.000000 3156.047363 0.000000 0.370444 0.000000 0.928855 0.726479 0.726479 0.726479
5487.005859 0.000000 3141.484863 0.000000 0.898403 0.000000 0.439172 0.769488 0.769488 0.769488
5486.176270 0.000000 3134.684570 0.000000 0.775199 0.000000 0.631717 0.760260 0.760260 0.760260
5596.001465 0.000000 2666.353027 0.000000 0.762476 0.000000 -0.647017 0.805903 0.805903 0.805903
5568.990723 0.000000 2632.739258 0.000000 0.507203 0.000000 0.861827 0.765765 0.765765 0.765765
5572.888672 0.000000 2658.430176 0.000000 0.159867 0.000000 -0.987139 0.810140 0.810140 0.810140
5589.700195 0.000000 2642.686279 0.000000 0.176135 0.000000 0.984366 0.713151 0.713151 0.713151
5569.468750 0.000000 2591.324219 0.000000 0.069075 0.000000 0.997611 0.739716 0.739716 0.739716
5605.988770 0.000000 2651.820801 0.000000 0.589745 0.000000 -0.807590 0.839428 0.839428 0.839428
5574.309570 0.000000 2645.209229 0.000000 0.853393 0.000000 0.521268 0.770759 0.770759 0.770759
5585.935059 0.000000 2656.166748 0.000000 0.105295 0.000000 0.994441 0.761369 0.761369 0.761369
5573.626465 0.000000 2620.488770 0.000000 0.977770 0.000000 0.209681 0.790380 0.790380 0.790380
5581.563477 0.000000 2587.455811 0.000000 0.218471 0.000000 -0.975844 0.876875 0.876875 0.876875
5580.314453 0.000000 2634.796143 0.000000 0.077877 0.000000 0.996963 0.753488 0.753488 0.753488
5596.508301 0.000000 2655.876221 0.000000 0.964574 0.000000 0.263813 0.792002 0.792002 0.792002
5568.349609 0.000000 2667.016357 0.000000 0.693450 0.000000 0.720505 0.738297 0.738297 0.738297
5570.498535 0.000000 2600.956543 0.000000 0.921711 0.000000 -0.387877 0.834845 0.834845 0.834845
5581.749023 0.000000 2616.274414 0.000000 0.260905 0.000000 -0.965364 0.812528 0.812528 0.812528
5597.628906 0.000000 2647.322021 0.000000 0.989601 0.000000 -0.143840 0.811070 0.811070 0.811070
5579.099609 0.000000 2626.769531 0.000000 0.450510 0.000000 -0.892771 0.848926 0.848926 0.848926
5580.564941 0.000000 2662.163086 0.000000 0.413131 0.000000 0.910672 0.786966 0.786966 0.786966
5588.020996 0.000000 2664.423096 0.000000 0.612137 0.000000 0.790752 0.764480 0.764480 0.764480
5567.986328 0.000000 2640.789795 0.000000 0.769076 0.000000 0.639157 0.776734 0.776734 0.776734
5587.908691 0.000000 2635.184326 0.000000 0.307237 0.000000 0.951633 0.656728 0.656728 0.656728
5590.463379 0.000000 2650.026855 0.000000 0.196504 0.000000 0.980503 0.747349 0.747349 0.747349
5574.866211 0.000000 2670.612793 0.000000 0.759770 0.000000 0.650192 0.771160 0.771160 0.771160
5579.172852 0.000000 2654.668213 0.000000 0.900181 0.000000 -0.435517 0.825649 0.825649 0.825649
5576.412109 0.000000 2592.124756 0.000000 0.427635 0.000000 -0.903951 0.849379 0.849379 0.849379
5574.153320 0.000000 2638.311279 0.000000 0.053258 0.000000 -0.998581 0.823641 0.823641 0.823641
5596.097656 0.000000 2640.197021 0.000000 0.982171 0.000000 -0.187991 0.809518 0.809518 0.809518
5584.533203 0.000000 2629.618408 0.000000 0.971583 0.000000 0.236698 0.796993 0.796993 0.796993
5574.766113 0.000000 2664.505371 0.000000 0.292636 0.000000 0.956224 0.760312 0.760312 0.760312
5591.317871 0.000000 2659.106934 0.000000 0.395243 0.000000 -0.918577 0.862096 0.862096 0.862096
5603.649414 0.000000 2646.019287 0.000000 0.047493 0.000000 -0.998872 0.866628 0.866628 0.866628
5567.963379 0.000000 2606.496338 0.000000 0.930173 0.000000 -0.367123 0.833560 0.833560 0.833560
5574.079102 0.000000 2651.459473 0.000000 0.983618 0.000000 0.180264 0.789683 0.789683 0.789683
5567.930176 0.000000 2618.162109 0.000000 0.318399 0.000000 0.947957 0.760408 0.760408 0.760408
5567.941895 0.000000 2672.911133 0.000000 0.817365 0.000000 0.576120 0.782710 0.782710 0.782710
5574.521484 0.000000 2597.335205 0.000000 0.335619 0.000000 -0.941998 0.841222 0.841222 0.841222
5579.405273 0.000000 2621.064697 0.000000 0.913576 0.000000 -0.406668 0.823839 0.823839 0.823839
5590.173828 0.000000 2669.158936 0.000000 0.906121 0.000000 -0.423020 0.824862 0.824862 0.824862
5567.783203 0.000000 2596.160889 0.000000 0.993309 0.000000 -0.115487 0.804369 0.804369 0.804369
5569.633789 0.000000 2662.209473 0.000000 0.751884 0.000000 -0.659295 0.842702 0.842702 0.842702
5592.717285 0.000000 2636.530029 0.000000 0.404677 0.000000 0.914460 0.730154 0.730154 0.730154
5585.456543 0.000000 2639.526367 0.000000 0.152410 0.000000 0.988317 0.715050 0.715050 0.715050
5600.156738 0.000000 2651.459961 0.000000 0.998680 0.000000 -0.051367 0.802679 0.802679 0.802679
5571.919434 0.000000 2609.292969 0.000000 0.999999 0.000000 -0.001301 0.800051 0.800051 0.800051
5578.258301 0.000000 2583.265137 0.000000 0.938750 0.000000 -0.344599 0.807378 0.807378 0.807378
5574.535156 0.000000 2625.032715 0.000000 0.838366 0.000000 -0.545108 0.816235 0.816235 0.816235
5593.081055 0.000000 2646.137451 0.000000 0.598593 0.000000 -0.801053 0.866799 0.866799 0.866799
5574.224121 0.000000 2603.677246 0.000000 0.944867 0.000000 0.327453 0.789806 0.789806 0.789806
5599.789062 0.000000 2643.358154 0.000000 0.542773 0.000000 -0.839880 0.844208 0.844208 0.844208
5577.584473 0.000000 2648.431152 0.000000 0.642509 0.000000 -0.766278 0.842894 0.842894 0.842894
5594.871094 0.000000 2651.239746 0.000000 0.509834 0.000000 0.860273 0.740420 0.740420 0.740420
5591.195312 0.000000 2654.539551 0.000000 0.979533 0.000000 0.201285 0.790892 0.790892 0.790892
5577.423828 0.000000 2658.770020 0.000000 0.982992 0.000000 -0.183648 0.804648 0.804648 0.804648
5592.489258 0.000000 2663.708008 0.000000 0.119185 0.000000 -0.992872 0.882611 0.882611 0.882611
5577.027344 0.000000 2617.260498 0.000000 0.819875 0.000000 -0.572543 0.818263 0.818263 0.818263
5577.345215 0.000000 2587.927002 0.000000 0.378736 0.000000 -0.925505 0.859509 0.859509 0.859509
5573.210938 0.000000 2589.381104 0.000000 0.042963 0.000000 0.999077 0.750567 0.750567 0.750567
5581.936035 0.000000 2657.869873 0.000000 0.599828 0.000000 -0.800129 0.852795 0.852795 0.852795
5582.422363 0.000000 2623.858643 0.000000 0.161665 0.000000 -0.986846 0.843882 0.843882 0.843882
5584.863281 0.000000 2589.722412 0.000000 0.531314 0.000000 -0.847175 0.829066 0.829066 0.829066
5571.871094 0.000000 2642.098877 0.000000 0.761394 0.000000 0.648290 0.770839 0.770839 0.770839
5572.473633 0.000000 2593.942627 0.000000 0.982761 0.000000 0.184882 0.789415 0.789415 0.789415
5584.332031 0.000000 2633.551025 0.000000 0.258755 0.000000 -0.965943 0.917653 0.917653 0.917653
5572.104004 0.000000 2667.826904 0.000000 0.843026 0.000000 0.537873 0.767674 0.767674 0.767674
5575.062012 0.000000 2655.206543 0.000000 0.596647 0.000000 -0.802504 0.832929 0.832929 0.832929
5589.369629 0.000000 2638.795410 0.000000 0.918439 0.000000 0.395562 0.754921 0.754921 0.754921
5567.778809 0.000000 2629.232910 0.000000 0.999477 0.000000 -0.032326 0.801356 0.801356 0.801356
5572.228027 0.000000 2648.201416 0.000000 0.789000 0.000000 0.614394 0.764718 0.764718 0.764718
5595.873535 0.000000 2643.805176 0.000000 0.740352 0.000000 -0.672219 0.867140 0.867140 0.867140
5582.418945 0.000000 2637.824707 0.000000 0.809070 0.000000 -0.587712 0.838018 0.838018 0.838018
5571.087891 0.000000 2597.286621 0.000000 0.982480 0.000000 -0.186367 0.810783 0.810783 0.810783
5571.250000 0.000000 2605.478027 0.000000 0.338839 0.000000 0.940844 0.666402 0.666402 0.666402
5585.464844 0.000000 2586.101318 0.000000 0.698924 0.000000 -0.715196 0.831036 0.831036 0.831036
5592.659180 0.000000 2640.531006 0.000000 0.634477 0.000000 0.772942 0.707894 0.707894 0.707894
5603.435059 0.000000 2649.481689 0.000000 0.865313 0.000000 -0.501231 0.829885 0.829885 0.829885
5587.872070 0.000000 2631.889648 0.000000 0.074327 0.000000 0.997234 0.734548 0.734548 0.734548
5593.360352 0.000000 2668.431885 0.000000 0.949483 0.000000 0.313819 0.785655 0.785655 0.785655
5579.912598 0.000000 2590.199463 0.000000 0.999419 0.000000 0.034095 0.798488 0.798488 0.798488
5567.895996 0.000000 2603.122803 0.000000 0.709518 0.000000 -0.704687 0.860442 0.860442 0.860442
5569.686523 0.000000 2670.229492 0.000000 0.104107 0.000000 -0.994566 0.864144 0.864144 0.864144
5594.546387 0.000000 2658.425537 0.000000 0.981202 0.000000 -0.192986 0.808378 0.808378 0.808378
5576.219238 0.000000 2622.370361 0.000000 0.997813 0.000000 0.066103 0.796591 0.796591 0.796591
5577.174805 0.000000 2652.172119 0.000000 0.791606 0.000000 -0.611032 0.837418 0.837418 0.837418
5575.393555 0.000000 2667.550293 0.000000 0.972745 0.000000 0.231876 0.788082 0.788082 0.788082
5600.770508 0.000000 2647.114014 0.000000 0.918889 0.000000 -0.394516 0.822355 0.822355 0.822355
5571.514648 0.000000 2664.859619 0.000000 0.844608 0.000000 0.535385 0.765472 0.765472 0.765472
5585.092773 0.000000 2636.487061 0.000000 0.927922 0.000000 -0.372774 0.836850 0.836850 0.836850
5568.485352 0.000000 2609.384521 0.000000 0.999967 0.000000 0.008106 0.799558 0.799558 0.799558
5590.442383 0.000000 2666.027100 0.000000 0.954326 0.000000 0.298768 0.782730 0.782730 0.782730
5578.852539 0.000000 2623.917236 0.000000 0.916441 0.000000 -0.400170 0.823435 0.823435 0.823435
5567.526367 0.000000 2593.381592 0.000000 0.613976 0.000000 -0.789325 0.853417 0.853417 0.853417
5594.979004 0.000000 2648.170166 0.000000 0.234657 0.000000 0.972078 0.708885 0.708885 0.708885
5567.865723 0.000000 2664.330078 0.000000 0.026755 0.000000 0.999642 0.694534 0.694534 0.694534
5596.001465 0.000000 2773.337402 0.000000 0.989521 0.000000 0.144392 0.791752 0.791752 0.791752
5568.990723 0.000000 2739.723633 0.000000 0.331301 0.000000 0.943525 0.729810 0.729810 0.729810
5607.757812 0.000000 2735.620117 0.000000 0.135186 0.000000 0.990820 0.780222 0.780222 0.780222
5570.910156 0.000000 2676.949219 0.000000 0.270081 0.000000 -0.962838 0.801555 0.801555 0.801555
5636.822266 0.000000 2728.293457 0.000000 0.237045 0.000000 -0.971499 0.820742 0.820742 0.820742
5589.700195 0.000000 2749.670654 0.000000 0.347250 0.000000 -0.937773 0.831334 0.831334 0.831334
5601.308105 0.000000 2715.978516 0.000000 0.582858 0.000000 -0.812574 0.813640 0.813640 0.813640
5613.770996 0.000000 2690.305420 0.000000 0.357908 0.000000 -0.933757 0.815881 0.815881 0.815881
5620.961426 0.000000 2749.857422 0.000000 0.548239 0.000000 0.836322 0.743617 0.743617 0.743617
5637.614258 0.000000 2712.344971 0.000000 0.905868 0.000000 0.423561 0.775890 0.775890 0.775890
5574.309570 0.000000 2752.193604 0.000000 0.426760 0.000000 0.904365 0.751933 0.751933 0.751933
5632.097656 0.000000 2764.178711 0.000000 0.996010 0.000000 0.089240 0.799304 0.799304 0.799304
5598.548828 0.000000 2727.807129 0.000000 0.553596 0.000000 -0.832786 0.803538 0.803538 0.803538
5618.827148 0.000000 2737.624512 0.000000 0.361553 0.000000 -0.932352 0.864757 0.864757 0.864757
5620.900879 0.000000 2698.428711 0.000000 0.430754 0.000000 0.902470 0.735937 0.735937 0.735937
5567.723145 0.000000 2687.028564 0.000000 0.866232 0.000000 0.499643 0.797492 0.797492 0.797492
5596.508301 0.000000 2762.860596 0.000000 0.794592 0.000000 -0.607143 0.837139 0.837139 0.837139
5630.252441 0.000000 2704.670654 0.000000 0.268482 0.000000 0.963285 0.726060 0.726060 0.726060
5629.794922 0.000000 2754.425781 0.000000 0.011863 0.000000 -0.999930 0.888737 0.888737 0.888737
5568.349609 0.000000 2774.000732 0.000000 0.422613 0.000000 0.906310 0.757856 0.757856 0.757856
5608.711914 0.000000 2726.435303 0.000000 0.856522 0.000000 -0.516111 0.846790 0.846790 0.846790
5568.029297 0.000000 2758.286865 0.000000 0.940129 0.000000 -0.340818 0.816671 0.816671 0.816671
5597.628906 0.000000 2754.306396 0.000000 0.891091 0.000000 -0.453824 0.839796 0.839796 0.839796
5609.312500 0.000000 2682.603760 0.000000 0.500385 0.000000 0.865803 0.740417 0.740417 0.740417
5602.776855 0.000000 2768.524658 0.000000 0.993653 0.000000 0.112491 0.798784 0.798784 0.798784
5640.334961 0.000000 2720.405029 0.000000 0.452691 0.000000 0.891667 0.737329 0.737329 0.737329
5624.357422 0.000000 2742.896973 0.000000 0.781248 0.000000 -0.624220 0.812118 0.812118 0.812118
5614.829102 0.000000 2731.088135 0.000000 0.326719 0.000000 -0.945122 0.835604 0.835604 0.835604
5567.986328 0.000000 2747.774170 0.000000 0.983853 0.000000 -0.178979 0.810674 0.810674 0.810674
5587.908691 0.000000 2742.168701 0.000000 0.138821 0.000000 0.990317 0.769979 0.769979 0.769979
5628.087891 0.000000 2696.107422 0.000000 0.746254 0.000000 -0.665662 0.807856 0.807856 0.807856
5590.463379 0.000000 2757.011230 0.000000 0.731366 0.000000 0.681985 0.790557 0.790557 0.790557
5616.394531 0.000000 2683.506836 0.000000 0.497190 0.000000 0.867642 0.772936 0.772936 0.772936
5636.871582 0.000000 2705.242920 0.000000 0.924085 0.000000 -0.382187 0.809634 0.809634 0.809634
5630.970215 0.000000 2711.531738 0.000000 0.986496 0.000000 0.163788 0.796944 0.796944 0.796944
5574.153320 0.000000 2745.295654 0.000000 0.681293 0.000000 0.732011 0.752760 0.752760 0.752760
5596.097656 0.000000 2747.181396 0.000000 0.023368 0.000000 -0.999727 0.866757 0.866757 0.866757
5606.921875 0.000000 2719.636475 0.000000 0.792669 0.000000 -0.609652 0.855782 0.855782 0.855782
5635.465332 0.000000 2758.693604 0.000000 0.778569 0.000000 0.627559 0.761384 0.761384 0.761384
5620.534668 0.000000 2691.674561 0.000000 0.986814 0.000000 0.161856 0.790746 0.790746 0.790746
5596.840332 0.000000 2721.601807 0.000000 0.529583 0.000000 0.848258 0.781190 0.781190 0.781190
5615.307617 0.000000 2724.174805 0.000000 0.983040 0.000000 0.183392 0.795801 0.795801 0.795801
5624.309082 0.000000 2703.907227 0.000000 0.517172 0.000000 0.855881 0.743989 0.743989 0.743989
5622.384277 0.000000 2755.780029 0.000000 0.973331 0.000000 0.229407 0.791401 0.791401 0.791401
5603.504395 0.000000 2680.378418 0.000000 0.511677 0.000000 -0.859178 0.826632 0.826632 0.826632
5575.042480 0.000000 2738.161621 0.000000 0.715642 0.000000 -0.698467 0.818069 0.818069 0.818069
5613.053223 0.000000 2738.245605 0.000000 0.569346 0.000000 0.822098 0.774557 0.774557 0.774557
5618.082520 0.000000 2744.230469 0.000000 0.727829 0.000000 -0.685759 0.843012 0.843012 0.843012
5602.577637 0.000000 2723.264648 0.000000 0.823819 0.000000 -0.566854 0.846944 0.846944 0.846944
5604.132812 0.000000 2730.093018 0.000000 0.663208 0.000000 0.748435 0.773651 0.773651 0.773651
5567.941895 0.000000 2779.895508 0.000000 0.988903 0.000000 -0.148562 0.806880 0.806880 0.806880
5618.722168 0.000000 2703.472900 0.000000 0.862436 0.000000 0.506167 0.782828 0.782828 0.782828
5629.228516 0.000000 2759.680908 0.000000 0.762691 0.000000 0.646763 0.771765 0.771765 0.771765
5569.046875 0.000000 2753.193848 0.000000 0.527865 0.000000 0.849328 0.697250 0.697250 0.697250
5596.350098 0.000000 2768.173096 0.000000 0.584518 0.000000 -0.811381 0.853877 0.853877 0.853877
5641.552734 0.000000 2726.916992 0.000000 0.470057 0.000000 0.882636 0.755938 0.755938 0.755938
5592.717285 0.000000 2743.514404 0.000000 0.999710 0.000000 -0.024098 0.800765 0.800765 0.800765
5625.491699 0.000000 2751.977295 0.000000 0.740877 0.000000 0.671641 0.761612 0.761612 0.761612
5609.753418 0.000000 2731.182129 0.000000 0.520821 0.000000 -0.853666 0.864359 0.864359 0.864359
5600.156738 0.000000 2758.444336 0.000000 0.915026 0.000000 -0.403395 0.808956 0.808956 0.808956
5641.873535 0.000000 2715.728027 0.000000 0.143570 0.000000 0.989640 0.725628 0.725628 0.725628
5623.628418 0.000000 2737.146973 0.000000 0.910502 0.000000 -0.413505 0.810728 0.810728 0.810728
5610.845215 0.000000 2722.317383 0.000000 0.187308 0.000000 0.982301 0.708061 0.708061 0.708061
5617.876465 0.000000 2687.959229 0.000000 0.943133 0.000000 0.332416 0.780914 0.780914 0.780914
5599.789062 0.000000 2750.342529 0.000000 0.743920 0.000000 0.668269 0.759218 0.759218 0.759218
5594.871094 0.000000 2758.224121 0.000000 0.488719 0.000000 0.872441 0.736477 0.736477 0.736477
5611.782227 0.000000 2686.301514 0.000000 0.317409 0.000000 0.948289 0.752151 0.752151 0.752151
5625.036133 0.000000 2692.454102 0.000000 0.701594 0.000000 0.712577 0.766733 0.766733 0.766733
5627.389648 0.000000 2700.655762 0.000000 0.706623 0.000000 0.707590 0.760436 0.760436 0.760436
5638.197754 0.000000 2724.171143 0.000000 0.847895 0.000000 0.530165 0.768193 0.768193 0.768193
5634.517090 0.000000 2708.775391 0.000000 0.278402 0.000000 0.960465 0.726647 0.726647 0.726647
5567.948730 0.000000 2680.023193 0.000000 0.254902 0.000000 0.966967 0.740994 0.740994 0.740994
5605.425293 0.000000 2684.511230 0.000000 0.917616 0.000000 0.397468 0.786285 0.786285 0.786285
5570.130859 0.000000 2744.121826 0.000000 0.746605 0.000000 0.665268 0.731531 0.731531 0.731531
5639.347656 0.000000 2708.596924 0.000000 0.899105 0.000000 -0.437732 0.817917 0.817917 0.817917
5599.463379 0.000000 2771.078613 0.000000 0.497373 0.000000 0.867537 0.743366 0.743366 0.743366
5637.906250 0.000000 2717.097900 0.000000 0.075471 0.000000 -0.997148 0.859130 0.859130 0.859130
5612.653320 0.000000 2727.423340 0.000000 0.511559 0.000000 0.859248 0.754163 0.754163 0.754163
5626.305664 0.000000 2756.581055 0.000000 0.312129 0.000000 0.950040 0.742926 0.742926 0.742926
5571.871094 0.000000 2749.083252 0.000000 0.989824 0.000000 -0.142298 0.811721 0.811721 0.811721
5620.641113 0.000000 2741.193359 0.000000 0.711055 0.000000 0.703136 0.755613 0.755613 0.755613
5571.519531 0.000000 2736.443115 0.000000 0.684154 0.000000 -0.729337 0.837710 0.837710 0.837710
5600.503906 0.000000 2719.820557 0.000000 0.600301 0.000000 -0.799774 0.874977 0.874977 0.874977
5611.741699 0.000000 2734.537354 0.000000 0.929422 0.000000 -0.369018 0.817890 0.817890 0.817890
5599.750977 0.000000 2766.053955 0.000000 0.909631 0.000000 -0.415417 0.824385 0.824385 0.824385
5624.631836 0.000000 2697.706787 0.000000 0.673156 0.000000 0.739500 0.753620 0.753620 0.753620
5599.225586 0.000000 2775.347900 0.000000 0.459964 0.000000 -0.887937 0.839943 0.839943 0.839943
5633.738770 0.000000 2702.984131 0.000000 0.906192 0.000000 -0.422866 0.815173 0.815173 0.815173
5589.369629 0.000000 2745.779785 0.000000 0.999486 0.000000 0.032063 0.798367 0.798367 0.798367
5572.629395 0.000000 2741.041504 0.000000 0.923707 0.000000 -0.383101 0.822379 0.822379 0.822379
5567.778809 0.000000 2736.217285 0.000000 0.626154 0.000000 0.779699 0.755531 0.755531 0.755531
5572.228027 0.000000 2755.185791 0.000000 0.969542 0.000000 0.244927 0.784433 0.784433 0.784433
5595.873535 0.000000 2750.789551 0.000000 0.820894 0.000000 0.571080 0.770501 0.770501 0.770501
5622.259766 0.000000 2694.975098 0.000000 0.902459 0.000000 -0.430776 0.825350 0.825350 0.825350
5602.034180 0.000000 2727.049072 0.000000 0.192990 0.000000 0.981201 0.738139 0.738139 0.738139
5606.117676 0.000000 2723.959473 0.000000 0.803713 0.000000 0.595018 0.729359 0.729359 0.729359
5632.167480 0.000000 2757.406982 0.000000 0.863730 0.000000 0.503955 0.770885 0.770885 0.770885
5592.659180 0.000000 2747.515381 0.000000 0.720343 0.000000 0.693618 0.756370 0.756370 0.756370
5620.903809 0.000000 2746.235840 0.000000 0.994741 0.000000 -0.102418 0.805840 0.805840 0.805840
5615.494629 0.000000 2735.789307 0.000000 0.602380 0.000000 -0.798210 0.852613 0.852613 0.852613
5641.794434 0.000000 2723.477051 0.000000 0.777184 0.000000 0.629273 0.761258 0.761258 0.761258
5603.708984 0.000000 2718.634521 0.000000 0.268123 0.000000 -0.963385 0.933129 0.933129 0.933129
5632.884766 0.000000 2760.911133 0.000000 0.889419 0.000000 -0.457092 0.823324 0.823324 0.823324
5621.732910 0.000000 2701.704346 0.000000 0.616896 0.000000 -0.787045 0.851571 0.851571 0.851571
5613.132812 0.000000 2683.225586 0.000000 0.476057 0.000000 -0.879414 0.854087 0.854087 0.854087
5614.900879 0.000000 2686.872070 0.000000 0.876248 0.000000 -0.481861 0.828619 0.828619 0.828619
5605.621582 0.000000 2727.321533 0.000000 0.994223 0.000000 0.107337 0.792783 0.792783 0.792783
5606.737305 0.000000 2680.694580 0.000000 0.778111 0.000000 0.628126 0.763377 0.763377 0.763377
5632.980469 0.000000 2706.143799 0.000000 0.513889 0.000000 -0.857857 0.858691 0.858691 0.858691
5599.207520 0.000000 2761.320312 0.000000 0.966961 0.000000 -0.254926 0.813283 0.813283 0.813283
5608.723633 0.000000 2685.872559 0.000000 0.539471 0.000000 -0.842004 0.849780 0.849780 0.849780
5624.400879 0.000000 2700.606201 0.000000 0.161778 0.000000 -0.986827 0.880163 0.880163 0.880163
5618.349121 0.000000 2747.588135 0.000000 0.942395 0.000000 -0.334502 0.819210 0.819210 0.819210
5597.557129 0.000000 2757.257568 0.000000 0.661110 0.000000 0.750289 0.728825 0.728825 0.728825
5607.546387 0.000000 2729.358643 0.000000 0.239473 0.000000 -0.970903 0.897943 0.897943 0.897943
5594.979004 0.000000 2755.154541 0.000000 0.467765 0.000000 0.883853 0.722707 0.722707 0.722707
5569.515137 0.000000 2750.486328 0.000000 0.305163 0.000000 -0.952300 0.903485 0.903485 0.903485
5571.550293 0.000000 2752.240479 0.000000 0.481756 0.000000 -0.876305 0.902400 0.902400 0.902400
5571.496582 0.000000 2746.439209 0.000000 0.840632 0.000000 0.541606 0.747531 0.747531 0.747531
5608.128418 0.000000 2722.149170 0.000000 0.527456 0.000000 0.849582 0.709975 0.709975 0.709975
5640.126465 0.000000 2861.057617 0.000000 0.988511 0.000000 -0.151148 0.807000 0.807000 0.807000
5607.757812 0.000000 2842.604492 0.000000 0.923980 0.000000 0.382440 0.793651 0.793651 0.793651
5621.175781 0.000000 2816.191650 0.000000 0.298509 0.000000 -0.954407 0.872157 0.872157 0.872157
5636.822266 0.000000 2835.277832 0.000000 0.290829 0.000000 -0.956775 0.872615 0.872615 0.872615
5572.888672 0.000000 2872.398926 0.000000 0.782726 0.000000 -0.622367 0.838238 0.838238 0.838238
5620.961426 0.000000 2856.841797 0.000000 0.556197 0.000000 0.831051 0.760031 0.760031 0.760031
5586.655762 0.000000 2837.846436 0.000000 0.980384 0.000000 -0.197095 0.801189 0.801189 0.801189
5637.614258 0.000000 2819.329346 0.000000 0.558195 0.000000 0.829710 0.733157 0.733157 0.733157
5647.263184 0.000000 2847.147705 0.000000 0.945150 0.000000 -0.326637 0.816149 0.816149 0.816149
5651.358398 0.000000 2830.213379 0.000000 0.769868 0.000000 0.638203 0.754795 0.754795 0.754795
5607.769531 0.000000 2810.440186 0.000000 0.880163 0.000000 0.474671 0.778367 0.778367 0.778367
5632.734863 0.000000 2848.646973 0.000000 0.456581 0.000000 0.889682 0.727064 0.727064 0.727064
5632.097656 0.000000 2871.163086 0.000000 0.954451 0.000000 -0.298367 0.802723 0.802723 0.802723
5649.067383 0.000000 2870.659424 0.000000 0.084563 0.000000 -0.996418 0.858770 0.858770 0.858770
5598.548828 0.000000 2834.791504 0.000000 0.080826 0.000000 -0.996728 0.845527 0.845527 0.845527
5618.827148 0.000000 2844.608887 0.000000 0.909175 0.000000 0.416415 0.792537 0.792537 0.792537
5649.771973 0.000000 2803.550781 0.000000 0.884346 0.000000 0.466832 0.796508 0.796508 0.796508
5594.669434 0.000000 2845.805908 0.000000 0.806893 0.000000 -0.590698 0.805301 0.805301 0.805301
5652.314453 0.000000 2881.509033 0.000000 0.608986 0.000000 0.793181 0.758287 0.758287 0.758287
5628.225586 0.000000 2824.588867 0.000000 0.992545 0.000000 -0.121879 0.804832 0.804832 0.804832
5620.900879 0.000000 2805.413086 0.000000 0.999702 0.000000 -0.024407 0.801082 0.801082 0.801082
5630.252441 0.000000 2811.655029 0.000000 0.163123 0.000000 -0.986606 0.837935 0.837935 0.837935
5568.349609 0.000000 2880.985107 0.000000 0.438377 0.000000 -0.898791 0.866928 0.866928 0.866928
5646.567871 0.000000 2821.965332 0.000000 0.902613 0.000000 -0.430453 0.810132 0.810132 0.810132
5627.799805 0.000000 2840.593750 0.000000 0.764252 0.000000 -0.644918 0.843257 0.843257 0.843257
5608.711914 0.000000 2833.419678 0.000000 0.417032 0.000000 -0.908892 0.824603 0.824603 0.824603
5581.749023 0.000000 2830.243164 0.000000 0.695312 0.000000 -0.718708 0.827869 0.827869 0.827869
5645.454102 0.000000 2836.973633 0.000000 0.604982 0.000000 -0.796239 0.817660 0.817660 0.817660
5654.342285 0.000000 2838.391602 0.000000 0.750098 0.000000 0.661327 0.758869 0.758869 0.758869
5640.817383 0.000000 2871.405273 0.000000 0.796594 0.000000 -0.604515 0.852120 0.852120 0.852120
5639.239258 0.000000 2843.508057 0.000000 0.961541 0.000000 0.274662 0.788664 0.788664 0.788664
5640.334961 0.000000 2827.389404 0.000000 0.791326 0.000000 0.611394 0.741666 0.741666 0.741666
5579.099609 0.000000 2840.738281 0.000000 0.881952 0.000000 0.471339 0.780885 0.780885 0.780885
5624.357422 0.000000 2849.881348 0.000000 0.235742 0.000000 -0.971816 0.854304 0.854304 0.854304
5629.492188 0.000000 2833.095703 0.000000 0.846592 0.000000 -0.532242 0.822195 0.822195 0.822195
5587.908691 0.000000 2849.153076 0.000000 0.527511 0.000000 0.849548 0.767155 0.767155 0.767155
5574.866211 0.000000 2884.581543 0.000000 0.937600 0.000000 0.347715 0.788084 0.788084 0.788084
5614.352539 0.000000 2813.651611 0.000000 0.950040 0.000000 0.312129 0.781931 0.781931 0.781931
5634.664062 0.000000 2855.896240 0.000000 0.823081 0.000000 -0.567925 0.834379 0.834379 0.834379
5600.615234 0.000000 2841.726074 0.000000 0.960796 0.000000 -0.277257 0.813298 0.813298 0.813298
5646.649902 0.000000 2863.564209 0.000000 0.871084 0.000000 0.491133 0.771392 0.771392 0.771392
5630.970215 0.000000 2818.516113 0.000000 0.974358 0.000000 -0.225002 0.812646 0.812646 0.812646
5647.573242 0.000000 2877.040527 0.000000 0.752099 0.000000 0.659050 0.779737 0.779737 0.779737
5606.921875 0.000000 2826.620850 0.000000 0.004785 0.000000 0.999989 0.765283 0.765283 0.765283
5633.990723 0.000000 2828.568359 0.000000 0.580019 0.000000 0.814603 0.772619 0.772619 0.772619
5654.394531 0.000000 2874.502197 0.000000 0.539089 0.000000 0.842249 0.758598 0.758598 0.758598
5635.465332 0.000000 2865.677979 0.000000 0.823684 0.000000 -0.567049 0.823120 0.823120 0.823120
5628.360840 0.000000 2854.740967 0.000000 0.100323 0.000000 -0.994955 0.852858 0.852858 0.852858
5651.645020 0.000000 2851.413574 0.000000 0.372329 0.000000 0.928101 0.755107 0.755107 0.755107
5624.309082 0.000000 2810.891602 0.000000 0.460963 0.000000 -0.887419 0.862796 0.862796 0.862796
5584.533203 0.000000 2843.587158 0.000000 0.237711 0.000000 0.971336 0.724250 0.724250 0.724250
5574.766113 0.000000 2878.474121 0.000000 0.037695 0.000000 -0.999289 0.946974 0.946974 0.946974
5634.063477 0.000000 2840.740723 0.000000 0.015758 0.000000 -0.999876 0.854972 0.854972 0.854972
5652.674805 0.000000 2844.208252 0.000000 0.889910 0.000000 -0.456135 0.820150 0.820150 0.820150
5618.082520 0.000000 2851.214844 0.000000 0.935056 0.000000 -0.354500 0.812376 0.812376 0.812376
5645.413574 0.000000 2830.899170 0.000000 0.237457 0.000000 0.971398 0.689941 0.689941 0.689941
5602.577637 0.000000 2830.249023 0.000000 0.433379 0.000000 0.901212 0.736103 0.736103 0.736103
5604.132812 0.000000 2837.077393 0.000000 0.009589 0.000000 -0.999954 0.864545 0.864545 0.864545
5622.137207 0.000000 2839.476562 0.000000 0.993642 0.000000 0.112583 0.795876 0.795876 0.795876
5579.405273 0.000000 2835.033447 0.000000 0.993469 0.000000 0.114102 0.794793 0.794793 0.794793
5618.722168 0.000000 2810.457275 0.000000 0.825250 0.000000 -0.564767 0.831644 0.831644 0.831644
5647.872070 0.000000 2841.683838 0.000000 0.986724 0.000000 0.162408 0.793647 0.793647 0.793647
5589.770508 0.000000 2843.190186 0.000000 0.407633 0.000000 0.913146 0.753107 0.753107 0.753107
5642.043457 0.000000 2866.135986 0.000000 0.236951 0.000000 0.971521 0.721812 0.721812 0.721812
5633.923340 0.000000 2822.860840 0.000000 0.028681 0.000000 0.999589 0.697437 0.697437 0.697437
5615.831055 0.000000 2855.872803 0.000000 0.375980 0.000000 0.926628 0.778693 0.778693 0.778693
5650.706055 0.000000 2825.072021 0.000000 0.963559 0.000000 -0.267496 0.809573 0.809573 0.809573
5627.975098 0.000000 2846.086182 0.000000 0.993346 0.000000 -0.115171 0.805395 0.805395 0.805395
5626.701172 0.000000 2815.419922 0.000000 0.620601 0.000000 -0.784127 0.851302 0.851302 0.851302
5641.552734 0.000000 2833.901367 0.000000 0.337852 0.000000 -0.941199 0.857305 0.857305 0.857305
5569.633789 0.000000 2876.178223 0.000000 0.224079 0.000000 0.974571 0.754071 0.754071 0.754071
5650.039551 0.000000 2835.263428 0.000000 0.715270 0.000000 0.698848 0.757346 0.757346 0.757346
5640.664062 0.000000 2838.883057 0.000000 0.732993 0.000000 -0.680237 0.835410 0.835410 0.835410
5641.873535 0.000000 2822.712402 0.000000 0.127334 0.000000 0.991860 0.640035 0.640035 0.640035
5639.121094 0.000000 2875.915771 0.000000 0.939091 0.000000 0.343669 0.790751 0.790751 0.790751
5623.628418 0.000000 2844.131348 0.000000 0.987474 0.000000 0.157779 0.792690 0.792690 0.792690
5642.539062 0.000000 2847.130371 0.000000 0.469813 0.000000 0.882766 0.770186 0.770186 0.770186
5644.908691 0.000000 2873.283203 0.000000 0.720592 0.000000 0.693359 0.756390 0.756390 0.756390
5577.423828 0.000000 2872.738770 0.000000 0.891252 0.000000 -0.453509 0.813537 0.813537 0.813537
5627.389648 0.000000 2807.640137 0.000000 0.317076 0.000000 0.948400 0.763355 0.763355 0.763355
5639.082031 0.000000 2856.697021 0.000000 0.959602 0.000000 -0.281360 0.811450 0.811450 0.811450
5612.059570 0.000000 2809.707764 0.000000 0.061098 0.000000 -0.998132 0.837086 0.837086 0.837086
5636.725098 0.000000 2869.935791 0.000000 0.392214 0.000000 -0.919874 0.892359 0.892359 0.892359
5631.032715 0.000000 2837.224609 0.000000 0.072879 0.000000 -0.997341 0.895132 0.895132 0.895132
5643.516602 0.000000 2842.796875 0.000000 0.512042 0.000000 0.858960 0.741187 0.741187 0.741187
5638.197754 0.000000 2831.155518 0.000000 0.717186 0.000000 -0.696882 0.845275 0.845275 0.845275
5634.128906 0.000000 2861.349609 0.000000 0.305708 0.000000 -0.952125 0.854362 0.854362 0.854362
5634.517090 0.000000 2815.759766 0.000000 0.282819 0.000000 0.959173 0.764609 0.764609 0.764609
5652.988281 0.000000 2800.480713 0.000000 0.285236 0.000000 0.958457 0.737035 0.737035 0.737035
5628.583984 0.000000 2850.211426 0.000000 0.518703 0.000000 0.854955 0.717052 0.717052 0.717052
5610.127930 0.000000 2814.395752 0.000000 0.844516 0.000000 -0.535530 0.824719 0.824719 0.824719
5635.591309 0.000000 2851.926270 0.000000 0.933734 0.000000 0.357967 0.783329 0.783329 0.783329
5624.296387 0.000000 2854.014648 0.000000 0.434696 0.000000 0.900577 0.744918 0.744918 0.744918
5637.906250 0.000000 2824.082275 0.000000 0.992156 0.000000 0.125002 0.790163 0.790163 0.790163
5582.422363 0.000000 2837.827393 0.000000 0.967667 0.000000 -0.252230 0.811917 0.811917 0.811917
5645.248047 0.000000 2869.109619 0.000000 0.082928 0.000000 -0.996556 0.874880 0.874880 0.874880
5631.128418 0.000000 2843.471436 0.000000 0.292542 0.000000 -0.956253 0.869460 0.869460 0.869460
5651.617676 0.000000 2877.516113 0.000000 0.775427 0.000000 -0.631437 0.834806 0.834806 0.834806
5633.499512 0.000000 2832.656494 0.000000 0.204568 0.000000 0.978852 0.752571 0.752571 0.752571
5584.332031 0.000000 2847.519775 0.000000 0.882535 0.000000 0.470246 0.782693 0.782693 0.782693
5617.080566 0.000000 2806.903320 0.000000 0.799619 0.000000 0.600508 0.774141 0.774141 0.774141
5631.715332 0.000000 2852.829834 0.000000 0.350616 0.000000 -0.936519 0.884278 0.884278 0.884278
5572.104004 0.000000 2881.795654 0.000000 0.557952 0.000000 0.829874 0.709676 0.709676 0.709676
5603.994141 0.000000 2843.563721 0.000000 0.744912 0.000000 -0.667163 0.830634 0.830634 0.830634
5648.163086 0.000000 2828.225098 0.000000 0.972564 0.000000 0.232637 0.774115 0.774115 0.774115
5591.005371 0.000000 2846.960938 0.000000 0.096871 0.000000 0.995297 0.722292 0.722292 0.722292
5571.657715 0.000000 2886.771240 0.000000 0.646126 0.000000 0.763231 0.769825 0.769825 0.769825
5648.669434 0.000000 2866.976318 0.000000 0.985043 0.000000 -0.172312 0.806537 0.806537 0.806537
5650.996094 0.000000 2847.770264 0.000000 0.630645 0.000000 0.776071 0.750495 0.750495 0.750495
5583.122070 0.000000 2833.872070 0.000000 0.256801 0.000000 -0.966464 0.871486 0.871486 0.871486
5618.011230 0.000000 2814.187500 0.000000 0.233209 0.000000 0.972427 0.723986 0.723986 0.723986
5643.783203 0.000000 2861.013916 0.000000 0.995410 0.000000 0.095699 0.796267 0.796267 0.796267
5650.566895 0.000000 2874.050049 0.000000 0.940349 0.000000 -0.340211 0.819760 0.819760 0.819760
5650.478516 0.000000 2838.882812 0.000000 0.995392 0.000000 0.095892 0.794533 0.794533 0.794533
5620.034668 0.000000 2819.666504 0.000000 0.676056 0.000000 -0.736850 0.833256 0.833256 0.833256
5602.034180 0.000000 2834.033447 0.000000 0.125421 0.000000 -0.992104 0.882254 0.882254 0.882254
5606.117676 0.000000 2830.943848 0.000000 0.691497 0.000000 -0.722379 0.841112 0.841112 0.841112
5636.937012 0.000000 2859.366211 0.000000 0.681052 0.000000 0.732235 0.753234 0.753234 0.753234
5638.856445 0.000000 2864.232422 0.000000 0.923676 0.000000 0.383176 0.774083 0.774083 0.774083
5620.903809 0.000000 2853.220215 0.000000 0.608907 0.000000 0.793242 0.751147 0.751147 0.751147
5630.508789 0.000000 2815.120117 0.000000 0.956150 0.000000 -0.292876 0.815316 0.815316 0.815316
5641.794434 0.000000 2830.461426 0.000000 0.742017 0.000000 -0.670381 0.843582 0.843582 0.843582
5637.479492 0.000000 2840.176514 0.000000 0.470383 0.000000 0.882463 0.749476 0.749476 0.749476
5631.636719 0.000000 2825.387451 0.000000 0.900328 0.000000 0.435213 0.774100 0.774100 0.774100
5621.591797 0.000000 2812.876709 0.000000 0.996887 0.000000 -0.078846 0.804067 0.804067 0.804067
5621.732910 0.000000 2808.688721 0.000000 0.740177 0.000000 -0.672412 0.843745 0.843745 0.843745
5575.002930 0.000000 2875.199463 0.000000 0.962548 0.000000 0.271110 0.783879 0.783879 0.783879
5587.872070 0.000000 2845.858398 0.000000 0.720864 0.000000 0.693076 0.756413 0.756413 0.756413
5648.551270 0.000000 2832.048096 0.000000 0.036448 0.000000 -0.999336 0.910320 0.910320 0.910320
5615.518555 0.000000 2810.046631 0.000000 0.445567 0.000000 -0.895249 0.851165 0.851165 0.851165
5639.015137 0.000000 2867.601318 0.000000 0.128822 0.000000 0.991668 0.692028 0.692028 0.692028
5654.437500 0.000000 2849.843018 0.000000 0.998503 0.000000 -0.054690 0.802951 0.802951 0.802951
5603.453125 0.000000 2840.231201 0.000000 0.989508 0.000000 0.144481 0.791747 0.791747 0.791747
5637.117188 0.000000 2827.703613 0.000000 0.994296 0.000000 -0.106655 0.805250 0.805250 0.805250
5634.388184 0.000000 2837.394043 0.000000 0.825591 0.000000 0.564269 0.763718 0.763718 0.763718
5582.195312 0.000000 2841.422119 0.000000 0.998044 0.000000 0.062519 0.796439 0.796439 0.796439
5649.179688 0.000000 2844.534180 0.000000 0.126851 0.000000 0.991922 0.720423 0.720423 0.720423
5633.955078 0.000000 2819.602539 0.000000 0.781784 0.000000 -0.623549 0.842761 0.842761 0.842761
5621.051758 0.000000 2842.398682 0.000000 0.416710 0.000000 -0.909039 0.852640 0.852640 0.852640
5643.866211 0.000000 2820.244385 0.000000 0.060154 0.000000 0.998189 0.696817 0.696817 0.696817
5575.393555 0.000000 2881.519043 0.000000 0.852315 0.000000 0.523029 0.747564 0.747564 0.747564
5601.021484 0.000000 2836.954102 0.000000 0.884852 0.000000 0.465872 0.774738 0.774738 0.774738
5571.514648 0.000000 2878.828369 0.000000 0.543892 0.000000 0.839155 0.731986 0.731986 0.731986
5652.556152 0.000000 2841.103271 0.000000 0.234847 0.000000 -0.972032 0.876717 0.876717 0.876717
5624.844727 0.000000 2840.847412 0.000000 0.389208 0.000000 -0.921150 0.867358 0.867358 0.867358
5646.191895 0.000000 2844.266846 0.000000 0.997874 0.000000 0.065170 0.796288 0.796288 0.796288
5626.791992 0.000000 2843.366699 0.000000 0.774311 0.000000 -0.632805 0.839822 0.839822 0.839822
5638.123535 0.000000 2872.497559 0.000000 0.915272 0.000000 0.402836 0.774412 0.774412 0.774412
5635.001465 0.000000 2825.710938 0.000000 0.982613 0.000000 0.185663 0.787580 0.787580 0.787580
5627.070312 0.000000 2812.039551 0.000000 0.226388 0.000000 0.974037 0.722783 0.722783 0.722783
5618.349121 0.000000 2854.572510 0.000000 0.080800 0.000000 0.996730 0.715192 0.715192 0.715192
5647.812988 0.000000 2873.291504 0.000000 0.113585 0.000000 0.993528 0.717068 0.717068 0.717068
5631.019531 0.000000 2846.368164 0.000000 0.783224 0.000000 0.621739 0.756180 0.756180 0.756180
5626.366211 0.000000 2851.965576 0.000000 0.920783 0.000000 0.390075 0.774070 0.774070 0.774070
5642.004395 0.000000 2863.356201 0.000000 0.715503 0.000000 -0.698609 0.845880 0.845880 0.845880
5572.327637 0.000000 2875.717041 0.000000 0.773444 0.000000 0.633865 0.759687 0.759687 0.759687
5682.993652 0.000000 2880.321777 0.000000 0.993576 0.000000 0.113162 0.787973 0.787973 0.787973
5655.982910 0.000000 2846.708008 0.000000 0.534315 0.000000 0.845286 0.765605 0.765605 0.765605
5659.880859 0.000000 2872.398926 0.000000 0.300838 0.000000 -0.953675 0.806065 0.806065 0.806065
5700.763184 0.000000 2797.289795 0.000000 0.015730 0.000000 -0.999876 0.848451 0.848451 0.848451
5656.460938 0.000000 2805.292969 0.000000 0.983910 0.000000 0.178665 0.790206 0.790206 0.790206
5701.326660 0.000000 2782.594482 0.000000 0.795220 0.000000 -0.606321 0.802732 0.802732 0.802732
5661.301758 0.000000 2859.177979 0.000000 0.786890 0.000000 -0.617093 0.829487 0.829487 0.829487
5672.927246 0.000000 2870.135498 0.000000 0.117643 0.000000 -0.993056 0.921003 0.921003 0.921003
5669.357422 0.000000 2883.776123 0.000000 0.909301 0.000000 -0.416139 0.825459 0.825459 0.825459
5713.278320 0.000000 2795.023438 0.000000 0.963364 0.000000 -0.268196 0.801464 0.801464 0.801464
5689.906738 0.000000 2853.886963 0.000000 0.376122 0.000000 0.926570 0.770175 0.770175 0.770175
5681.661621 0.000000 2845.805908 0.000000 0.608667 0.000000 0.793426 0.747836 0.747836 0.747836
5677.229492 0.000000 2827.216309 0.000000 0.911770 0.000000 0.410702 0.775910 0.775910 0.775910
5707.893066 0.000000 2805.413086 0.000000 0.755593 0.000000 0.655042 0.795721 0.795721 0.795721
5667.111816 0.000000 2811.645508 0.000000 0.085124 0.000000 -0.996370 0.888121 0.888121 0.888121
5655.341797 0.000000 2880.985107 0.000000 0.896298 0.000000 0.443451 0.777702 0.777702 0.777702
5655.204590 0.000000 2826.336914 0.000000 0.138408 0.000000 -0.990375 0.809438 0.809438 0.809438
5677.395508 0.000000 2888.493408 0.000000 0.721644 0.000000 -0.692264 0.830237 0.830237 0.830237
5684.621094 0.000000 2861.290771 0.000000 0.635207 0.000000 -0.772342 0.810576 0.810576 0.810576
5696.304688 0.000000 2789.588135 0.000000 0.432524 0.000000 -0.901622 0.825581 0.825581 0.825581
5669.566895 0.000000 2862.519775 0.000000 0.989287 0.000000 0.145984 0.791573 0.791573 0.791573
5667.557129 0.000000 2876.131836 0.000000 0.999949 0.000000 -0.010101 0.800902 0.800902 0.800902
5675.013184 0.000000 2878.391846 0.000000 0.144929 0.000000 -0.989442 0.938353 0.938353 0.938353
5671.750977 0.000000 2821.475586 0.000000 0.131066 0.000000 0.991374 0.718070 0.718070 0.718070
5654.978516 0.000000 2854.758545 0.000000 0.683325 0.000000 0.730115 0.775970 0.775970 0.775970
5715.080078 0.000000 2803.091797 0.000000 0.494260 0.000000 0.869314 0.757064 0.757064 0.757064
5661.858398 0.000000 2884.581543 0.000000 0.922313 0.000000 -0.386445 0.813075 0.813075 0.813075
5687.531250 0.000000 2885.923584 0.000000 0.723077 0.000000 0.690767 0.712276 0.712276 0.712276
5703.386719 0.000000 2790.491211 0.000000 0.960301 0.000000 -0.278965 0.815923 0.815923 0.815923
5666.165039 0.000000 2868.636963 0.000000 0.508243 0.000000 -0.861214 0.908803 0.908803 0.908803
5680.317871 0.000000 2839.141113 0.000000 0.997791 0.000000 0.066424 0.798805 0.798805 0.798805
5663.404297 0.000000 2806.093506 0.000000 0.999592 0.000000 -0.028550 0.801625 0.801625 0.801625
5661.145508 0.000000 2852.280029 0.000000 0.832439 0.000000 -0.554116 0.827096 0.827096 0.827096
5656.567871 0.000000 2839.792480 0.000000 0.682958 0.000000 -0.730458 0.833859 0.833859 0.833859
5683.089844 0.000000 2854.165771 0.000000 0.707114 0.000000 0.707099 0.762824 0.762824 0.762824
5707.526855 0.000000 2798.658936 0.000000 0.286600 0.000000 0.958050 0.727134 0.727134 0.727134
5661.758301 0.000000 2878.474121 0.000000 0.910718 0.000000 0.413028 0.785714 0.785714 0.785714
5678.310059 0.000000 2873.075684 0.000000 0.560405 0.000000 0.828219 0.766670 0.766670 0.766670
5661.071289 0.000000 2865.428223 0.000000 0.039771 0.000000 0.999209 0.757802 0.757802 0.757802
5654.922363 0.000000 2832.130859 0.000000 0.980951 0.000000 -0.194257 0.803631 0.803631 0.803631
5671.040527 0.000000 2815.710938 0.000000 0.663505 0.000000 -0.748172 0.864830 0.864830 0.864830
5654.562988 0.000000 2799.995605 0.000000 0.448132 0.000000 0.893968 0.760235 0.760235 0.760235
5661.513672 0.000000 2811.303955 0.000000 0.207933 0.000000 0.978143 0.770636 0.770636 0.770636
5682.016113 0.000000 2885.682861 0.000000 0.365698 0.000000 -0.930733 0.926167 0.926167 0.926167
5689.740723 0.000000 2880.973389 0.000000 0.120636 0.000000 0.992697 0.767857 0.767857 0.767857
5677.166016 0.000000 2883.127686 0.000000 0.990497 0.000000 -0.137536 0.806118 0.806118 0.806118
5668.981445 0.000000 2806.656738 0.000000 0.541965 0.000000 0.840401 0.770101 0.770101 0.770101
5685.261719 0.000000 2849.321045 0.000000 0.929819 0.000000 -0.368018 0.817162 0.817162 0.817162
5656.625977 0.000000 2876.178223 0.000000 0.670920 0.000000 -0.741529 0.829030 0.829030 0.829030
5679.709473 0.000000 2850.498779 0.000000 0.811483 0.000000 -0.584376 0.814958 0.814958 0.814958
5677.002441 0.000000 2822.032959 0.000000 0.996192 0.000000 0.087185 0.795659 0.795659 0.795659
5672.354492 0.000000 2826.615479 0.000000 0.454490 0.000000 -0.890752 0.828973 0.828973 0.828973
5665.909668 0.000000 2880.589111 0.000000 0.979009 0.000000 0.203815 0.786595 0.786595 0.786595
5704.868652 0.000000 2794.943604 0.000000 0.006371 0.000000 -0.999980 0.889049 0.889049 0.889049
5700.025391 0.000000 2786.982910 0.000000 0.997570 0.000000 0.069665 0.796950 0.796950 0.796950
5686.781250 0.000000 2857.326904 0.000000 0.478971 0.000000 0.877831 0.739019 0.739019 0.739019
5673.323730 0.000000 2886.145996 0.000000 0.809659 0.000000 0.586901 0.757533 0.757533 0.757533
5664.576660 0.000000 2862.399902 0.000000 0.545535 0.000000 -0.838088 0.883957 0.883957 0.883957
5671.517090 0.000000 2811.178467 0.000000 0.999998 0.000000 0.002183 0.799882 0.799882 0.799882
5698.774414 0.000000 2793.285889 0.000000 0.428970 0.000000 0.903319 0.761495 0.761495 0.761495
5692.090332 0.000000 2886.139648 0.000000 0.922025 0.000000 0.387130 0.778564 0.778564 0.778564
5712.028320 0.000000 2799.438477 0.000000 0.543177 0.000000 -0.839619 0.839410 0.839410 0.839410
5664.416016 0.000000 2872.738770 0.000000 0.506075 0.000000 -0.862490 0.865440 0.865440 0.865440
5679.481445 0.000000 2877.676758 0.000000 0.303910 0.000000 0.952701 0.678259 0.678259 0.678259
5670.899902 0.000000 2879.680176 0.000000 0.846102 0.000000 -0.533021 0.847830 0.847830 0.847830
5660.203125 0.000000 2803.349854 0.000000 0.853788 0.000000 0.520621 0.776705 0.776705 0.776705
5663.683594 0.000000 2855.626709 0.000000 0.950062 0.000000 -0.312062 0.815783 0.815783 0.815783
5681.098145 0.000000 2825.214111 0.000000 0.829185 0.000000 -0.558974 0.815282 0.815282 0.815282
5657.123047 0.000000 2851.106201 0.000000 0.556316 0.000000 0.830971 0.748283 0.748283 0.748283
5683.379883 0.000000 2842.026123 0.000000 0.690853 0.000000 -0.722995 0.842610 0.842610 0.842610
5666.226562 0.000000 2886.548828 0.000000 0.997351 0.000000 0.072738 0.797121 0.797121 0.797121
5668.928223 0.000000 2871.838623 0.000000 0.951969 0.000000 -0.306194 0.834495 0.834495 0.834495
5685.863281 0.000000 2845.344482 0.000000 0.827897 0.000000 -0.560881 0.819266 0.819266 0.819266
5658.863281 0.000000 2856.067627 0.000000 0.011096 0.000000 -0.999938 0.869155 0.869155 0.869155
5674.470215 0.000000 2818.354980 0.000000 0.873073 0.000000 0.487589 0.783826 0.783826 0.783826
5656.764648 0.000000 2835.847168 0.000000 0.930498 0.000000 0.366297 0.788091 0.788091 0.788091
5659.465820 0.000000 2807.911377 0.000000 0.941772 0.000000 -0.336252 0.816849 0.816849 0.816849
5659.096191 0.000000 2881.795654 0.000000 0.434175 0.000000 0.900828 0.765052 0.765052 0.765052
5662.054199 0.000000 2869.175293 0.000000 0.269513 0.000000 -0.962997 0.896431 0.896431 0.896431
5667.112305 0.000000 2859.587891 0.000000 0.648643 0.000000 -0.761093 0.835761 0.835761 0.835761
5686.217773 0.000000 2882.332275 0.000000 0.516966 0.000000 0.856006 0.708885 0.708885 0.708885
5669.891602 0.000000 2867.664062 0.000000 0.500797 0.000000 0.865565 0.710980 0.710980 0.710980
5673.639648 0.000000 2882.119629 0.000000 0.618192 0.000000 -0.786027 0.841724 0.841724 0.841724
5709.251953 0.000000 2801.959473 0.000000 0.992398 0.000000 0.123070 0.792977 0.792977 0.792977
5664.574219 0.000000 2809.285645 0.000000 0.327233 0.000000 0.944944 0.729564 0.729564 0.729564
5675.454102 0.000000 2874.987793 0.000000 0.216162 0.000000 -0.976357 0.952398 0.952398 0.952398
5667.188477 0.000000 2865.201416 0.000000 0.034249 0.000000 -0.999413 0.970321 0.970321 0.970321
5686.401367 0.000000 2852.795410 0.000000 0.942793 0.000000 0.333379 0.784726 0.784726 0.784726
5680.352539 0.000000 2882.400635 0.000000 0.844970 0.000000 -0.534814 0.859168 0.859168 0.859168
5674.253906 0.000000 2823.896240 0.000000 0.995928 0.000000 0.090154 0.794861 0.794861 0.794861
5670.227051 0.000000 2887.048828 0.000000 0.338673 0.000000 -0.940904 0.887365 0.887365 0.887365
5657.101562 0.000000 2802.135498 0.000000 0.751383 0.000000 0.659866 0.758980 0.758980 0.758980
5700.125000 0.000000 2790.209961 0.000000 0.990520 0.000000 -0.137368 0.807844 0.807844 0.807844
5680.242188 0.000000 2842.677734 0.000000 0.827669 0.000000 0.561216 0.766083 0.766083 0.766083
5701.893066 0.000000 2793.856445 0.000000 0.380294 0.000000 -0.924866 0.865791 0.865791 0.865791
5670.230469 0.000000 2818.763428 0.000000 0.974061 0.000000 0.226285 0.787007 0.787007 0.787007
5664.885742 0.000000 2883.513672 0.000000 0.740746 0.000000 -0.671785 0.844136 0.844136 0.844136
5662.385742 0.000000 2881.519043 0.000000 0.067135 0.000000 0.997744 0.714413 0.714413 0.714413
5668.153320 0.000000 2814.536621 0.000000 0.033418 0.000000 0.999441 0.669197 0.669197 0.669197
5664.708496 0.000000 2877.581299 0.000000 0.237395 0.000000 -0.971413 0.898100 0.898100 0.898100
5682.675781 0.000000 2851.063232 0.000000 0.571648 0.000000 0.820499 0.745226 0.745226 0.745226
5689.928223 0.000000 2884.126221 0.000000 0.681054 0.000000 0.732233 0.721728 0.721728 0.721728
5677.434570 0.000000 2879.995850 0.000000 0.059711 0.000000 0.998216 0.642464 0.642464 0.642464
5684.774902 0.000000 2886.816650 0.000000 0.963365 0.000000 -0.268195 0.826843 0.826843 0.826843
5664.261719 0.000000 2858.919922 0.000000 0.102352 0.000000 -0.994748 0.883576 0.883576 0.883576
5668.293457 0.000000 2879.350830 0.000000 0.173311 0.000000 -0.984867 0.915479 0.915479 0.915479
5596.001465 0.000000 2987.306152 0.000000 0.114703 0.000000 -0.993400 0.850593 0.850593 0.850593
5640.126465 0.000000 2968.041992 0.000000 0.773723 0.000000 0.633524 0.760124 0.760124 0.760124
5631.491699 0.000000 2890.496826 0.000000 0.523204 0.000000 -0.852207 0.800611 0.800611 0.800611
5607.757812 0.000000 2949.588867 0.000000 0.896328 0.000000 0.443392 0.790366 0.790366 0.790366
5570.910156 0.000000 2890.917969 0.000000 0.988852 0.000000 -0.148899 0.807880 0.807880 0.807880
5620.710449 0.000000 2983.197754 0.000000 0.129200 0.000000 -0.991619 0.823316 0.823316 0.823316
5589.700195 0.000000 2963.639404 0.000000 0.923563 0.000000 -0.383448 0.815091 0.815091 0.815091
5636.097168 0.000000 2910.268066 0.000000 0.034467 0.000000 0.999406 0.712551 0.712551 0.712551
5620.961426 0.000000 2963.826172 0.000000 0.761325 0.000000 -0.648371 0.870588 0.870588 0.870588
5641.603516 0.000000 2987.347168 0.000000 0.372870 0.000000 0.927884 0.782194 0.782194 0.782194
5569.468750 0.000000 2912.277344 0.000000 0.993882 0.000000 -0.110444 0.804045 0.804045 0.804045
5605.988770 0.000000 2972.773926 0.000000 0.998781 0.000000 -0.049362 0.802752 0.802752 0.802752
5637.614258 0.000000 2926.313721 0.000000 0.362658 0.000000 -0.931922 0.805750 0.805750 0.805750
5651.358398 0.000000 2937.197754 0.000000 0.300773 0.000000 -0.953696 0.870506 0.870506 0.870506
5632.734863 0.000000 2955.631348 0.000000 0.282573 0.000000 0.959246 0.764602 0.764602 0.764602
5585.935059 0.000000 2977.119873 0.000000 0.601864 0.000000 -0.798599 0.847108 0.847108 0.847108
5632.097656 0.000000 2978.147461 0.000000 0.977433 0.000000 -0.211247 0.826017 0.826017 0.826017
5602.914551 0.000000 2960.871338 0.000000 0.820569 0.000000 -0.571548 0.834630 0.834630 0.834630
5580.314453 0.000000 2955.749268 0.000000 0.999714 0.000000 -0.023927 0.800602 0.800602 0.800602
5594.669434 0.000000 2952.790283 0.000000 0.635048 0.000000 0.772473 0.795240 0.795240 0.795240
5631.516602 0.000000 2991.615479 0.000000 0.928579 0.000000 -0.371134 0.808202 0.808202 0.808202
5652.314453 0.000000 2988.493408 0.000000 0.231978 0.000000 0.972721 0.786385 0.786385 0.786385
5567.723145 0.000000 2900.997314 0.000000 0.636190 0.000000 0.771532 0.747198 0.747198 0.747198
5637.327637 0.000000 2899.529053 0.000000 0.812002 0.000000 0.583654 0.741374 0.741374 0.741374
5650.983887 0.000000 2965.136475 0.000000 0.668563 0.000000 0.743656 0.791961 0.791961 0.791961
5616.487305 0.000000 2973.349609 0.000000 0.098609 0.000000 0.995126 0.714446 0.714446 0.714446
5643.442871 0.000000 2918.197754 0.000000 0.363121 0.000000 -0.931742 0.818681 0.818681 0.818681
5641.088379 0.000000 2890.433838 0.000000 0.657414 0.000000 -0.753529 0.846532 0.846532 0.846532
5612.242676 0.000000 2958.572021 0.000000 0.523301 0.000000 0.852148 0.793277 0.793277 0.793277
5646.567871 0.000000 2928.949707 0.000000 0.999078 0.000000 0.042923 0.798199 0.798199 0.798199
5576.703125 0.000000 2899.054443 0.000000 0.914907 0.000000 0.403666 0.797261 0.797261 0.797261
5590.403320 0.000000 2995.477783 0.000000 0.130240 0.000000 -0.991482 0.853501 0.853501 0.853501
5611.514160 0.000000 2980.989258 0.000000 0.332712 0.000000 0.943028 0.769006 0.769006 0.769006
5570.498535 0.000000 2921.909668 0.000000 0.991142 0.000000 0.132804 0.795930 0.795930 0.795930
5654.342285 0.000000 2945.375977 0.000000 0.070253 0.000000 0.997529 0.719985 0.719985 0.719985
5582.574707 0.000000 2969.504150 0.000000 0.707496 0.000000 -0.706717 0.818810 0.818810 0.818810
5602.776855 0.000000 2982.493408 0.000000 0.801755 0.000000 0.597653 0.770830 0.770830 0.770830
5640.817383 0.000000 2978.389648 0.000000 0.760477 0.000000 -0.649365 0.838112 0.838112 0.838112
5639.239258 0.000000 2950.492432 0.000000 0.858264 0.000000 0.513209 0.795156 0.795156 0.795156
5624.334961 0.000000 2975.545166 0.000000 0.487987 0.000000 0.872851 0.740241 0.740241 0.740241
5642.680176 0.000000 2905.703857 0.000000 0.234644 0.000000 -0.972081 0.875930 0.875930 0.875930
5641.247559 0.000000 2959.675781 0.000000 0.375655 0.000000 0.926759 0.760926 0.760926 0.760926
5588.020996 0.000000 2985.376221 0.000000 0.868309 0.000000 0.496023 0.785695 0.785695 0.785695
5624.357422 0.000000 2956.865723 0.000000 0.819991 0.000000 0.572377 0.780283 0.780283 0.780283
5587.908691 0.000000 2956.137451 0.000000 0.277084 0.000000 -0.960846 0.840194 0.840194 0.840194
5573.889160 0.000000 2906.164062 0.000000 0.944147 0.000000 -0.329525 0.818913 0.818913 0.818913
5590.463379 0.000000 2970.979980 0.000000 0.744470 0.000000 0.667656 0.765834 0.765834 0.765834
5627.689941 0.000000 2985.304443 0.000000 0.532097 0.000000 0.846684 0.749785 0.749785 0.749785
5600.539062 0.000000 2992.907959 0.000000 0.292374 0.000000 0.956304 0.761067 0.761067 0.761067
5634.664062 0.000000 2962.880615 0.000000 0.752764 0.000000 0.658291 0.775029 0.775029 0.775029
5600.615234 0.000000 2948.710449 0.000000 0.011253 0.000000 0.999937 0.711229 0.711229 0.711229
5646.649902 0.000000 2970.548584 0.000000 0.179855 0.000000 -0.983693 0.840808 0.840808 0.840808
5634.621094 0.000000 2984.837646 0.000000 0.747420 0.000000 -0.664352 0.840925 0.840925 0.840925
5581.038086 0.000000 2962.622559 0.000000 0.418649 0.000000 0.908148 0.775435 0.775435 0.775435
5651.087891 0.000000 2903.512207 0.000000 0.708627 0.000000 -0.705583 0.841298 0.841298 0.841298
5576.412109 0.000000 2913.077881 0.000000 0.905845 0.000000 0.423610 0.792923 0.792923 0.792923
5632.565430 0.000000 2904.511719 0.000000 0.397646 0.000000 -0.917539 0.857780 0.857780 0.857780
5596.097656 0.000000 2961.150146 0.000000 0.542907 0.000000 -0.839793 0.823295 0.823295 0.823295
5635.465332 0.000000 2972.662354 0.000000 0.011344 0.000000 -0.999936 0.945763 0.945763 0.945763
5628.360840 0.000000 2961.725342 0.000000 0.442883 0.000000 0.896579 0.787341 0.787341 0.787341
5603.161133 0.000000 2954.560791 0.000000 0.559859 0.000000 -0.828588 0.842130 0.842130 0.842130
5637.717285 0.000000 2992.102783 0.000000 0.643068 0.000000 0.765809 0.753484 0.753484 0.753484
5591.317871 0.000000 2980.060059 0.000000 0.940392 0.000000 0.340093 0.780039 0.780039 0.780039
5643.132324 0.000000 2924.099609 0.000000 0.242083 0.000000 -0.970256 0.875494 0.875494 0.875494
5603.649414 0.000000 2966.972412 0.000000 0.776557 0.000000 0.630047 0.761202 0.761202 0.761202
5644.996094 0.000000 2964.503174 0.000000 0.996114 0.000000 0.088075 0.794980 0.794980 0.794980
5618.082520 0.000000 2958.199219 0.000000 0.994368 0.000000 0.105980 0.791984 0.791984 0.791984
5576.574219 0.000000 2893.087891 0.000000 0.157672 0.000000 -0.987492 0.827082 0.827082 0.827082
5636.249512 0.000000 2893.782715 0.000000 0.406632 0.000000 -0.913592 0.874549 0.874549 0.874549
5604.132812 0.000000 2944.061768 0.000000 0.816577 0.000000 0.577237 0.764974 0.764974 0.764974
5571.464355 0.000000 2896.419678 0.000000 0.804166 0.000000 -0.594404 0.858352 0.858352 0.858352
5611.000000 0.000000 2975.343994 0.000000 0.998564 0.000000 0.053564 0.796211 0.796211 0.796211
5574.521484 0.000000 2918.288330 0.000000 0.987797 0.000000 0.155747 0.797283 0.797283 0.797283
5616.654297 0.000000 2979.036865 0.000000 0.355927 0.000000 -0.934514 0.893284 0.893284 0.893284
5602.748535 0.000000 2987.957764 0.000000 0.997697 0.000000 -0.067825 0.803172 0.803172 0.803172
5602.041016 0.000000 2976.828857 0.000000 0.977155 0.000000 -0.212528 0.807314 0.807314 0.807314
5629.228516 0.000000 2973.649658 0.000000 0.127613 0.000000 -0.991824 0.857922 0.857922 0.857922
5637.988281 0.000000 2955.577393 0.000000 0.928124 0.000000 0.372272 0.778287 0.778287 0.778287
5626.675781 0.000000 2980.192383 0.000000 0.512224 0.000000 -0.858852 0.865610 0.865610 0.865610
5567.783203 0.000000 2917.114014 0.000000 0.117383 0.000000 -0.993087 0.853982 0.853982 0.853982
5596.350098 0.000000 2982.141846 0.000000 0.621094 0.000000 0.783736 0.748733 0.748733 0.748733
5642.043457 0.000000 2973.120361 0.000000 0.108067 0.000000 0.994144 0.725515 0.725515 0.725515
5607.147949 0.000000 2978.528809 0.000000 0.128595 0.000000 0.991697 0.760260 0.760260 0.760260
5645.903809 0.000000 2892.361084 0.000000 0.952269 0.000000 0.305259 0.787733 0.787733 0.787733
5598.269531 0.000000 2956.305420 0.000000 0.321984 0.000000 -0.946745 0.866283 0.866283 0.866283
5646.031738 0.000000 2902.013672 0.000000 0.767499 0.000000 0.641050 0.758306 0.758306 0.758306
5592.717285 0.000000 2957.483154 0.000000 0.998676 0.000000 -0.051440 0.802374 0.802374 0.802374
5650.039551 0.000000 2942.247803 0.000000 0.175955 0.000000 0.984398 0.751559 0.751559 0.751559
5585.456543 0.000000 2960.479492 0.000000 0.648026 0.000000 -0.761618 0.849283 0.849283 0.849283
5625.491699 0.000000 2965.946045 0.000000 0.321341 0.000000 0.946963 0.744113 0.744113 0.744113
5609.753418 0.000000 2945.150879 0.000000 0.977516 0.000000 -0.210862 0.804328 0.804328 0.804328
5600.156738 0.000000 2972.413086 0.000000 0.756056 0.000000 0.654507 0.765370 0.765370 0.765370
5585.044434 0.000000 2965.343262 0.000000 0.837463 0.000000 -0.546493 0.812818 0.812818 0.812818
5637.309570 0.000000 2905.498291 0.000000 0.981268 0.000000 -0.192650 0.816610 0.816610 0.816610
5641.873535 0.000000 2929.696777 0.000000 0.795428 0.000000 -0.606048 0.821456 0.821456 0.821456
5578.258301 0.000000 2904.218262 0.000000 0.995595 0.000000 0.093762 0.798087 0.798087 0.798087
5639.121094 0.000000 2982.900146 0.000000 0.120538 0.000000 -0.992709 0.894697 0.894697 0.894697
5638.261719 0.000000 2914.531982 0.000000 0.841056 0.000000 0.540949 0.780822 0.780822 0.780822
5651.442383 0.000000 2993.170898 0.000000 0.552601 0.000000 -0.833446 0.832471 0.832471 0.832471
5644.930176 0.000000 2933.276123 0.000000 0.116255 0.000000 0.993219 0.728548 0.728548 0.728548
5574.876953 0.000000 2888.582520 0.000000 0.996840 0.000000 -0.079431 0.802716 0.802716 0.802716
5584.994141 0.000000 2981.684082 0.000000 0.729595 0.000000 -0.683880 0.832488 0.832488 0.832488
5572.216797 0.000000 2901.616699 0.000000 0.042755 0.000000 0.999086 0.713023 0.713023 0.713023
5599.789062 0.000000 2964.311279 0.000000 0.634700 0.000000 0.772759 0.772483 0.772483 0.772483
5586.331543 0.000000 2993.130371 0.000000 0.854104 0.000000 0.520103 0.773454 0.773454 0.773454
5647.613281 0.000000 2906.538086 0.000000 0.414762 0.000000 -0.909930 0.838356 0.838356 0.838356
5641.574707 0.000000 2901.134521 0.000000 0.205649 0.000000 -0.978626 0.865366 0.865366 0.865366
5591.195312 0.000000 2975.492676 0.000000 0.406078 0.000000 0.913838 0.755800 0.755800 0.755800
5585.987793 0.000000 2972.480225 0.000000 0.860201 0.000000 -0.509955 0.827575 0.827575 0.827575
5615.704590 0.000000 2983.355225 0.000000 0.219204 0.000000 -0.975679 0.831542 0.831542 0.831542
5620.994629 0.000000 2978.520020 0.000000 0.743672 0.000000 0.668545 0.764023 0.764023 0.764023
5592.489258 0.000000 2984.661133 0.000000 0.565917 0.000000 0.824462 0.753540 0.753540 0.753540
5636.827637 0.000000 2888.666016 0.000000 0.931792 0.000000 -0.362993 0.814690 0.814690 0.814690
5639.082031 0.000000 2963.681396 0.000000 0.268947 0.000000 -0.963155 0.873134 0.873134 0.873134
5636.725098 0.000000 2976.920166 0.000000 0.801498 0.000000 0.597997 0.730099 0.730099 0.730099
5630.979980 0.000000 2982.332520 0.000000 0.959092 0.000000 0.283093 0.783491 0.783491 0.783491
5642.554199 0.000000 2992.982422 0.000000 0.233933 0.000000 0.972253 0.740023 0.740023 0.740023
5634.128906 0.000000 2968.333984 0.000000 0.060154 0.000000 0.998189 0.761080 0.761080 0.761080
5577.345215 0.000000 2908.880127 0.000000 0.999160 0.000000 0.040987 0.798698 0.798698 0.798698
5606.567871 0.000000 2958.565430 0.000000 0.622722 0.000000 -0.782443 0.827459 0.827459 0.827459
5652.236328 0.000000 2899.398193 0.000000 0.790602 0.000000 -0.612331 0.827245 0.827245 0.827245
5573.210938 0.000000 2910.334229 0.000000 0.997991 0.000000 -0.063352 0.803609 0.803609 0.803609
5620.582520 0.000000 2973.724365 0.000000 0.954856 0.000000 0.297068 0.785542 0.785542 0.785542
5634.923340 0.000000 2988.922119 0.000000 0.371132 0.000000 -0.928580 0.867769 0.867769 0.867769
5635.591309 0.000000 2958.910645 0.000000 0.184386 0.000000 -0.982854 0.878856 0.878856 0.878856
5624.296387 0.000000 2960.999023 0.000000 0.245117 0.000000 -0.969494 0.891172 0.891172 0.891172
5639.347656 0.000000 2922.565674 0.000000 0.588145 0.000000 -0.808755 0.835560 0.835560 0.835560
5599.463379 0.000000 2985.047363 0.000000 0.022905 0.000000 -0.999738 0.888108 0.888108 0.888108
5632.228516 0.000000 2908.898926 0.000000 0.157951 0.000000 -0.987447 0.847384 0.847384 0.847384
5640.056641 0.000000 2909.289307 0.000000 0.768562 0.000000 -0.639775 0.820797 0.820797 0.820797
5635.487305 0.000000 2980.922363 0.000000 0.798559 0.000000 -0.601917 0.878562 0.878562 0.878562
5631.031250 0.000000 2987.539307 0.000000 0.192293 0.000000 0.981337 0.727379 0.727379 0.727379
5633.415527 0.000000 2900.528320 0.000000 0.820869 0.000000 -0.571116 0.840428 0.840428 0.840428
5598.871094 0.000000 2952.328857 0.000000 0.374921 0.000000 0.927057 0.743838 0.743838 0.743838
5572.473633 0.000000 2914.895752 0.000000 0.519989 0.000000 -0.854173 0.852150 0.852150 0.852150
5620.641113 0.000000 2955.162109 0.000000 0.934605 0.000000 0.355686 0.786709 0.786709 0.786709
5644.651367 0.000000 2888.697021 0.000000 0.270136 0.000000 -0.962822 0.872287 0.872287 0.872287
5603.994141 0.000000 2950.548096 0.000000 0.390293 0.000000 0.920691 0.748131 0.748131 0.748131
5599.750977 0.000000 2980.022705 0.000000 0.092476 0.000000 0.995715 0.747744 0.747744 0.747744
5648.163086 0.000000 2935.209473 0.000000 0.336843 0.000000 0.941561 0.752204 0.752204 0.752204
5589.369629 0.000000 2959.748535 0.000000 0.983361 0.000000 -0.181662 0.809960 0.809960 0.809960
5637.992188 0.000000 2986.448975 0.000000 0.321286 0.000000 -0.946982 0.861851 0.861851 0.861851
5624.498047 0.000000 2983.416992 0.000000 0.478530 0.000000 -0.878071 0.852661 0.852661 0.852661
5643.783203 0.000000 2967.998291 0.000000 0.979507 0.000000 0.201409 0.789672 0.789672 0.789672
5570.507812 0.000000 2904.946777 0.000000 0.949334 0.000000 0.314268 0.788316 0.788316 0.788316
5628.528320 0.000000 2977.139893 0.000000 0.100372 0.000000 0.994950 0.679312 0.679312 0.679312
5638.776855 0.000000 2896.265381 0.000000 0.905027 0.000000 0.425354 0.765778 0.765778 0.765778
5582.418945 0.000000 2958.777832 0.000000 0.765355 0.000000 0.643608 0.760200 0.760200 0.760200
5632.167480 0.000000 2971.375732 0.000000 0.985639 0.000000 -0.168866 0.806812 0.806812 0.806812
5634.657227 0.000000 2897.191406 0.000000 0.833801 0.000000 -0.552065 0.849059 0.849059 0.849059
5614.398926 0.000000 2976.301758 0.000000 0.640493 0.000000 -0.767964 0.885521 0.885521 0.885521
5571.087891 0.000000 2918.239746 0.000000 0.860984 0.000000 0.508633 0.772185 0.772185 0.772185
5588.461914 0.000000 2981.972168 0.000000 0.622546 0.000000 0.782583 0.746146 0.746146 0.746146
5638.856445 0.000000 2971.216797 0.000000 0.719056 0.000000 0.694952 0.745676 0.745676 0.745676
5592.659180 0.000000 2961.484131 0.000000 0.078496 0.000000 -0.996914 0.873316 0.873316 0.873316
5620.903809 0.000000 2960.204590 0.000000 0.991129 0.000000 0.132904 0.787381 0.787381 0.787381
5603.435059 0.000000 2970.434814 0.000000 0.708146 0.000000 0.706066 0.755378 0.755378 0.755378
5599.409180 0.000000 2959.779785 0.000000 0.081238 0.000000 0.996695 0.735744 0.735744 0.735744
5574.999023 0.000000 2896.103516 0.000000 0.253542 0.000000 0.967324 0.747232 0.747232 0.747232
5647.121582 0.000000 2967.190186 0.000000 0.968733 0.000000 -0.248106 0.814272 0.814272 0.814272
5649.039551 0.000000 2900.495117 0.000000 0.055281 0.000000 0.998471 0.731897 0.731897 0.731897
5632.884766 0.000000 2974.879883 0.000000 0.856058 0.000000 -0.516880 0.857934 0.857934 0.857934
5568.168945 0.000000 2897.545898 0.000000 0.987011 0.000000 -0.160650 0.813341 0.813341 0.813341
5575.425781 0.000000 2902.578857 0.000000 0.602419 0.000000 0.798180 0.760127 0.760127 0.760127
5653.377441 0.000000 2942.163086 0.000000 0.851712 0.000000 0.524011 0.771910 0.771910 0.771910
5573.149414 0.000000 2893.357178 0.000000 0.807657 0.000000 -0.589653 0.836274 0.836274 0.836274
5604.755859 0.000000 2963.862305 0.000000 0.289888 0.000000 -0.957061 0.865786 0.865786 0.865786
5648.551270 0.000000 2939.032471 0.000000 0.724927 0.000000 0.688826 0.764032 0.764032 0.764032
5639.015137 0.000000 2974.585693 0.000000 0.890215 0.000000 0.455540 0.756641 0.756641 0.756641
5635.182129 0.000000 2913.592773 0.000000 0.505624 0.000000 -0.862754 0.845519 0.845519 0.845519
5570.109375 0.000000 2909.119873 0.000000 0.570446 0.000000 0.821335 0.755536 0.755536 0.755536
5603.453125 0.000000 2947.215576 0.000000 0.988140 0.000000 -0.153556 0.808775 0.808775 0.808775
5618.588379 0.000000 2976.177979 0.000000 0.981814 0.000000 -0.189843 0.815450 0.815450 0.815450
5602.326172 0.000000 2957.635986 0.000000 0.516364 0.000000 -0.856369 0.858526 0.858526 0.858526
5641.971191 0.000000 2965.427734 0.000000 0.271309 0.000000 -0.962492 0.862901 0.862901 0.862901
5638.663086 0.000000 2902.500488 0.000000 0.892985 0.000000 -0.450086 0.836085 0.836085 0.836085
5605.058594 0.000000 2975.770264 0.000000 0.888133 0.000000 -0.459587 0.827182 0.827182 0.827182
5589.028809 0.000000 2977.787109 0.000000 0.355285 0.000000 -0.934758 0.884655 0.884655 0.884655
5585.590820 0.000000 2968.573730 0.000000 0.910217 0.000000 0.414132 0.780812 0.780812 0.780812
5639.506836 0.000000 2893.184570 0.000000 0.003528 0.000000 0.999994 0.703277 0.703277 0.703277
5635.398926 0.000000 2902.962158 0.000000 0.069088 0.000000 0.997611 0.665038 0.665038 0.665038
5638.238770 0.000000 2960.673828 0.000000 0.010645 0.000000 0.999943 0.711194 0.711194 0.711194
5639.690918 0.000000 2994.530029 0.000000 0.996842 0.000000 -0.079406 0.804429 0.804429 0.804429
5643.866211 0.000000 2927.228760 0.000000 0.723057 0.000000 -0.690788 0.843407 0.843407 0.843407
5588.080566 0.000000 2974.811035 0.000000 0.692078 0.000000 -0.721823 0.850735 0.850735 0.850735
5634.829590 0.000000 2907.220703 0.000000 0.745723 0.000000 0.666256 0.754999 0.754999 0.754999
5573.571289 0.000000 2898.763672 0.000000 0.936866 0.000000 0.349687 0.775385 0.775385 0.775385
5602.981934 0.000000 2973.625000 0.000000 0.558950 0.000000 0.829201 0.744349 0.744349 0.744349
5618.263672 0.000000 2965.167725 0.000000 0.584806 0.000000 -0.811173 0.860659 0.860659 0.860659
5613.178223 0.000000 2973.345703 0.000000 0.448975 0.000000 0.893544 0.731794 0.731794 0.731794
5608.028809 0.000000 2974.924316 0.000000 0.074769 0.000000 0.997201 0.708574 0.708574 0.708574
5638.123535 0.000000 2979.481934 0.000000 0.957028 0.000000 -0.289995 0.822036 0.822036 0.822036
5647.951660 0.000000 2964.213135 0.000000 0.175138 0.000000 -0.984544 0.872705 0.872705 0.872705
5612.085938 0.000000 2978.139648 0.000000 0.514089 0.000000 0.857737 0.735146 0.735146 0.735146
5570.552734 0.000000 2899.204346 0.000000 0.973166 0.000000 -0.230103 0.821285 0.821285 0.821285
5618.349121 0.000000 2961.556885 0.000000 0.948476 0.000000 0.316848 0.776626 0.776626 0.776626
5629.502441 0.000000 2979.836670 0.000000 0.036377 0.000000 -0.999338 0.926874 0.926874 0.926874
5640.031738 0.000000 2904.990723 0.000000 0.913954 0.000000 0.405818 0.772709 0.772709 0.772709
5586.994141 0.000000 2979.618652 0.000000 0.994425 0.000000 0.105443 0.792215 0.792215 0.792215
5602.778320 0.000000 2994.779541 0.000000 0.317306 0.000000 0.948323 0.719995 0.719995 0.719995
5681.507324 0.000000 2910.104980 0.000000 0.616124 0.000000 0.787649 0.748373 0.748373 0.748373
5655.982910 0.000000 2953.692383 0.000000 0.988530 0.000000 -0.151028 0.800182 0.800182 0.800182
5686.542480 0.000000 2889.287598 0.000000 0.191258 0.000000 -0.981540 0.896627 0.896627 0.896627
5688.300293 0.000000 2929.947266 0.000000 0.877111 0.000000 0.480288 0.783190 0.783190 0.783190
5700.763184 0.000000 2904.274170 0.000000 0.025328 0.000000 0.999679 0.748144 0.748144 0.748144
5723.089355 0.000000 2910.268066 0.000000 0.695089 0.000000 -0.718924 0.802403 0.802403 0.802403
5673.647949 0.000000 2944.830811 0.000000 0.344710 0.000000 -0.938709 0.818258 0.818258 0.818258
5734.805176 0.000000 2897.256348 0.000000 0.987334 0.000000 -0.158653 0.803341 0.803341 0.803341
5724.606445 0.000000 2926.313721 0.000000 0.124871 0.000000 -0.992173 0.837245 0.837245 0.837245
5672.562500 0.000000 2896.685059 0.000000 0.224900 0.000000 -0.974382 0.870863 0.870863 0.870863
5701.326660 0.000000 2889.578857 0.000000 0.120117 0.000000 -0.992760 0.803476 0.803476 0.803476
5694.761719 0.000000 2917.424561 0.000000 0.808127 0.000000 -0.589008 0.837360 0.837360 0.837360
5669.357422 0.000000 2990.760498 0.000000 0.493513 0.000000 0.869738 0.770299 0.770299 0.770299
5660.618652 0.000000 2941.441895 0.000000 0.913667 0.000000 0.406463 0.793981 0.793981 0.793981
5713.278320 0.000000 2902.007812 0.000000 0.994851 0.000000 0.101350 0.795559 0.795559 0.795559
5668.555664 0.000000 2908.408936 0.000000 0.322463 0.000000 0.946582 0.787344 0.787344 0.787344
5685.541016 0.000000 2941.775879 0.000000 0.834998 0.000000 -0.550253 0.833166 0.833166 0.833166
5688.789062 0.000000 2900.806885 0.000000 0.592292 0.000000 0.805723 0.708498 0.708498 0.708498
5667.306641 0.000000 2955.749268 0.000000 0.991423 0.000000 0.130691 0.798901 0.798901 0.798901
5681.661621 0.000000 2952.790283 0.000000 0.995836 0.000000 -0.091158 0.805032 0.805032 0.805032
5707.893066 0.000000 2912.397461 0.000000 0.982659 0.000000 -0.185421 0.810169 0.810169 0.810169
5654.715332 0.000000 2900.997314 0.000000 0.055493 0.000000 -0.998459 0.886251 0.886251 0.886251
5724.319824 0.000000 2899.529053 0.000000 0.069540 0.000000 0.997579 0.790106 0.790106 0.790106
5717.244629 0.000000 2918.639404 0.000000 0.545694 0.000000 0.837985 0.767257 0.767257 0.767257
5663.695312 0.000000 2899.054443 0.000000 0.991117 0.000000 -0.132996 0.804875 0.804875 0.804875
5667.377441 0.000000 2888.666260 0.000000 0.740020 0.000000 -0.672585 0.832708 0.832708 0.832708
5679.812012 0.000000 2901.494873 0.000000 0.969285 0.000000 -0.245941 0.808933 0.808933 0.808933
5692.644531 0.000000 2908.635010 0.000000 0.220019 0.000000 -0.975496 0.860619 0.860619 0.860619
5696.304688 0.000000 2896.572510 0.000000 0.276142 0.000000 -0.961117 0.848733 0.848733 0.848733
5729.672363 0.000000 2905.703857 0.000000 0.992268 0.000000 0.124115 0.795154 0.795154 0.795154
5666.091797 0.000000 2947.722656 0.000000 0.028353 0.000000 -0.999598 0.890570 0.890570 0.890570
5679.035156 0.000000 2891.842041 0.000000 0.700424 0.000000 -0.713727 0.835241 0.835241 0.835241
5674.900879 0.000000 2956.137451 0.000000 0.067942 0.000000 -0.997689 0.843221 0.843221 0.843221
5715.080078 0.000000 2910.076172 0.000000 0.228416 0.000000 0.973564 0.720493 0.720493 0.720493
5700.402344 0.000000 2912.285400 0.000000 0.682981 0.000000 -0.730436 0.870170 0.870170 0.870170
5694.145020 0.000000 2889.572998 0.000000 0.984696 0.000000 -0.174281 0.809551 0.809551 0.809551
5703.386719 0.000000 2897.475586 0.000000 0.982933 0.000000 0.183965 0.796120 0.796120 0.796120
5687.607422 0.000000 2948.710449 0.000000 0.505368 0.000000 -0.862904 0.833058 0.833058 0.833058
5680.317871 0.000000 2946.125488 0.000000 0.275341 0.000000 -0.961347 0.844120 0.844120 0.844120
5673.243652 0.000000 2903.531982 0.000000 0.610878 0.000000 -0.791725 0.833393 0.833393 0.833393
5723.863770 0.000000 2919.211670 0.000000 0.317493 0.000000 -0.948261 0.861303 0.861303 0.861303
5719.557617 0.000000 2904.511719 0.000000 0.853970 0.000000 -0.520322 0.824919 0.824919 0.824919
5718.091309 0.000000 2897.150146 0.000000 0.980005 0.000000 0.198975 0.796399 0.796399 0.796399
5656.567871 0.000000 2946.776855 0.000000 0.478203 0.000000 0.878249 0.745394 0.745394 0.745394
5684.525879 0.000000 2895.669678 0.000000 0.196857 0.000000 -0.980432 0.880600 0.880600 0.880600
5693.914062 0.000000 2933.605225 0.000000 0.990061 0.000000 0.140640 0.794335 0.794335 0.794335
5707.526855 0.000000 2905.643311 0.000000 0.986921 0.000000 -0.161207 0.810866 0.810866 0.810866
5683.832520 0.000000 2935.570557 0.000000 0.922019 0.000000 -0.387144 0.804526 0.804526 0.804526
5694.721680 0.000000 2902.846680 0.000000 0.992331 0.000000 0.123611 0.790421 0.790421 0.790421
5690.496582 0.000000 2894.347168 0.000000 0.999663 0.000000 0.025962 0.799456 0.799456 0.799456
5671.525391 0.000000 2950.571533 0.000000 0.852857 0.000000 0.522145 0.768730 0.768730 0.768730
5662.034668 0.000000 2952.130371 0.000000 0.999471 0.000000 0.032520 0.798675 0.798675 0.798675
5687.404297 0.000000 2912.434082 0.000000 0.789025 0.000000 -0.614361 0.837658 0.837658 0.837658
5685.492676 0.000000 2905.774902 0.000000 0.183408 0.000000 0.983037 0.748499 0.748499 0.748499
5654.922363 0.000000 2939.115234 0.000000 0.383572 0.000000 0.923511 0.751334 0.751334 0.751334
5689.569824 0.000000 2937.233398 0.000000 0.685162 0.000000 -0.728391 0.837157 0.837157 0.837157
5675.575684 0.000000 2908.961914 0.000000 0.554334 0.000000 0.832294 0.748157 0.748157 0.748157
5672.718750 0.000000 2890.702637 0.000000 0.978977 0.000000 -0.203972 0.825970 0.825970 0.825970
5658.456543 0.000000 2896.419678 0.000000 0.297318 0.000000 0.954779 0.770348 0.770348 0.770348
5729.350098 0.000000 2895.914307 0.000000 0.808339 0.000000 -0.588717 0.825647 0.825647 0.825647
5654.934082 0.000000 2993.864258 0.000000 0.749085 0.000000 0.662474 0.759650 0.759650 0.759650
5666.397461 0.000000 2942.017822 0.000000 0.917886 0.000000 0.396845 0.776772 0.776772 0.776772
5718.943848 0.000000 2913.627441 0.000000 0.905480 0.000000 -0.424389 0.821797 0.821797 0.821797
5705.714355 0.000000 2917.441650 0.000000 0.971200 0.000000 -0.238264 0.813694 0.813694 0.813694
5668.769531 0.000000 2900.800049 0.000000 0.825766 0.000000 0.564013 0.774867 0.774867 0.774867
5676.762695 0.000000 2950.174561 0.000000 0.709128 0.000000 -0.705079 0.839385 0.839385 0.839385
5733.023926 0.000000 2902.013672 0.000000 0.146441 0.000000 -0.989219 0.869956 0.869956 0.869956
5679.709473 0.000000 2957.483154 0.000000 0.857592 0.000000 0.514331 0.789966 0.789966 0.789966
5677.875000 0.000000 2896.981689 0.000000 0.995873 0.000000 -0.090761 0.808659 0.808659 0.808659
5668.396973 0.000000 2893.614990 0.000000 0.234276 0.000000 0.972170 0.673681 0.673681 0.673681
5697.461914 0.000000 2907.859131 0.000000 0.985841 0.000000 -0.167685 0.807268 0.807268 0.807268
5703.537598 0.000000 2908.352783 0.000000 0.946108 0.000000 -0.323851 0.816204 0.816204 0.816204
5714.437012 0.000000 2893.738037 0.000000 0.989559 0.000000 0.144128 0.795754 0.795754 0.795754
5665.250488 0.000000 2904.218262 0.000000 0.755049 0.000000 -0.655669 0.827421 0.827421 0.827421
5690.041992 0.000000 2916.353027 0.000000 0.984242 0.000000 0.176824 0.793503 0.793503 0.793503
5695.514160 0.000000 2912.490234 0.000000 0.938988 0.000000 0.343951 0.759396 0.759396 0.759396
5661.527344 0.000000 2945.985840 0.000000 0.325005 0.000000 -0.945712 0.859427 0.859427 0.859427
5659.208984 0.000000 2901.616699 0.000000 0.556189 0.000000 -0.831056 0.855840 0.855840 0.855840
5704.868652 0.000000 2901.927979 0.000000 0.943792 0.000000 0.330541 0.782036 0.782036 0.782036
5728.566895 0.000000 2901.134521 0.000000 0.977681 0.000000 0.210093 0.789981 0.789981 0.789981
5698.774414 0.000000 2900.270264 0.000000 0.684499 0.000000 -0.729014 0.846498 0.846498 0.846498
5684.394531 0.000000 2901.368896 0.000000 0.836067 0.000000 0.548627 0.743632 0.743632 0.743632
5712.028320 0.000000 2906.422852 0.000000 0.957530 0.000000 -0.288335 0.818752 0.818752 0.818752
5692.687500 0.000000 2929.274658 0.000000 0.964249 0.000000 -0.264997 0.807392 0.807392 0.807392
5714.381836 0.000000 2914.624512 0.000000 0.802819 0.000000 0.596223 0.773973 0.773973 0.773973
5679.222168 0.000000 2906.294434 0.000000 0.984284 0.000000 -0.176590 0.806276 0.806276 0.806276
5699.051758 0.000000 2916.692139 0.000000 0.522445 0.000000 -0.852673 0.863016 0.863016 0.863016
5690.218262 0.000000 2904.989746 0.000000 0.562539 0.000000 -0.826771 0.866485 0.866485 0.866485
5721.509277 0.000000 2922.744141 0.000000 0.446637 0.000000 -0.894715 0.858411 0.858411 0.858411
5683.682617 0.000000 2914.479492 0.000000 0.952490 0.000000 -0.304570 0.810570 0.810570 0.810570
5692.417480 0.000000 2898.479980 0.000000 0.916733 0.000000 -0.399501 0.829795 0.829795 0.829795
5683.379883 0.000000 2949.010498 0.000000 0.415089 0.000000 -0.909781 0.865732 0.865732 0.865732
5712.813477 0.000000 2897.792236 0.000000 0.996492 0.000000 -0.083693 0.804619 0.804619 0.804619
5666.226562 0.000000 2993.533203 0.000000 0.321392 0.000000 0.946946 0.729213 0.729213 0.729213
5682.100098 0.000000 2888.988281 0.000000 0.333602 0.000000 -0.942714 0.837607 0.837607 0.837607
5669.414551 0.000000 2944.811768 0.000000 0.948733 0.000000 -0.316078 0.818305 0.818305 0.818305
5719.220703 0.000000 2908.898926 0.000000 0.746354 0.000000 -0.665549 0.823126 0.823126 0.823126
5677.932617 0.000000 2912.294678 0.000000 0.762387 0.000000 -0.647121 0.823615 0.823615 0.823615
5675.342773 0.000000 2893.777588 0.000000 0.748712 0.000000 -0.662895 0.885539 0.885539 0.885539
5685.863281 0.000000 2952.328857 0.000000 0.800639 0.000000 0.599147 0.778059 0.778059 0.778059
5691.335938 0.000000 2912.349121 0.000000 0.395582 0.000000 -0.918431 0.875329 0.875329 0.875329
5656.764648 0.000000 2942.831543 0.000000 0.563047 0.000000 0.826425 0.745797 0.745797 0.745797
5666.044922 0.000000 2951.994629 0.000000 0.008987 0.000000 -0.999960 0.864570 0.864570 0.864570
5688.681641 0.000000 2908.620361 0.000000 0.577835 0.000000 -0.816154 0.837183 0.837183 0.837183
5658.511719 0.000000 2950.411865 0.000000 0.675956 0.000000 0.736942 0.764753 0.764753 0.764753
5671.324219 0.000000 2954.504150 0.000000 0.902421 0.000000 0.430855 0.782652 0.782652 0.782652
5704.072754 0.000000 2913.887695 0.000000 0.958701 0.000000 -0.284414 0.816416 0.816416 0.816416
5687.496094 0.000000 2933.789307 0.000000 0.752345 0.000000 -0.658769 0.829733 0.829733 0.829733
5690.288086 0.000000 2890.424805 0.000000 0.333133 0.000000 0.942880 0.749100 0.749100 0.749100
5715.939941 0.000000 2905.830078 0.000000 0.967119 0.000000 -0.254324 0.816332 0.816332 0.816332
5681.556152 0.000000 2898.122070 0.000000 0.003051 0.000000 0.999995 0.646886 0.646886 0.646886
5696.501953 0.000000 2892.633789 0.000000 0.750682 0.000000 -0.660664 0.831567 0.831567 0.831567
5711.624023 0.000000 2911.675537 0.000000 0.958760 0.000000 -0.284217 0.814850 0.814850 0.814850
5685.383301 0.000000 2945.660645 0.000000 0.285306 0.000000 -0.958437 0.872943 0.872943 0.872943
5720.730957 0.000000 2916.952881 0.000000 0.864504 0.000000 0.502627 0.770023 0.770023 0.770023
5677.997559 0.000000 2953.945312 0.000000 0.681309 0.000000 -0.731996 0.849207 0.849207 0.849207
5669.750000 0.000000 2904.730713 0.000000 0.001644 0.000000 -0.999999 0.884617 0.884617 0.884617
5688.073730 0.000000 2897.141846 0.000000 0.965304 0.000000 -0.261130 0.813930 0.813930 0.813930
5716.815918 0.000000 2901.210205 0.000000 0.958386 0.000000 0.285475 0.783868 0.783868 0.783868
5709.251953 0.000000 2908.943848 0.000000 0.740055 0.000000 0.672546 0.743869 0.743869 0.743869
5709.476562 0.000000 2902.602051 0.000000 0.829508 0.000000 0.558495 0.779052 0.779052 0.779052
5682.057617 0.000000 2942.876465 0.000000 0.932945 0.000000 0.360018 0.783450 0.783450 0.783450
5731.384766 0.000000 2898.830078 0.000000 0.230407 0.000000 0.973094 0.723822 0.723822 0.723822
5683.962891 0.000000 2892.075928 0.000000 0.810154 0.000000 -0.586217 0.827022 0.827022 0.827022
5676.145996 0.000000 2889.888916 0.000000 0.918981 0.000000 0.394302 0.783972 0.783972 0.783972
5685.050781 0.000000 2909.627686 0.000000 0.973238 0.000000 0.229800 0.791108 0.791108 0.791108
5672.457031 0.000000 2907.054443 0.000000 0.414541 0.000000 0.910030 0.751360 0.751360 0.751360
5686.332031 0.000000 2938.083008 0.000000 0.505932 0.000000 -0.862574 0.859217 0.859217 0.859217
5690.701172 0.000000 2932.603271 0.000000 0.993616 0.000000 0.112814 0.793768 0.793768 0.793768
5680.871582 0.000000 2894.673340 0.000000 0.819401 0.000000 -0.573220 0.864738 0.864738 0.864738
5662.417969 0.000000 2902.578857 0.000000 0.895295 0.000000 -0.445473 0.825727 0.825727 0.825727
5674.864258 0.000000 2952.842773 0.000000 0.739375 0.000000 0.673294 0.757955 0.757955 0.757955
5702.510742 0.000000 2917.031006 0.000000 0.788046 0.000000 0.615616 0.761854 0.761854 0.761854
5662.979980 0.000000 2949.040527 0.000000 0.798692 0.000000 0.601740 0.766729 0.766729 0.766729
5694.777832 0.000000 2905.989990 0.000000 0.822616 0.000000 -0.568597 0.829715 0.829715 0.829715
5680.242188 0.000000 2949.662109 0.000000 0.671285 0.000000 0.741199 0.759482 0.759482 0.759482
5669.187500 0.000000 2948.406494 0.000000 0.813892 0.000000 -0.581016 0.835290 0.835290 0.835290
5701.893066 0.000000 2900.840820 0.000000 0.973916 0.000000 -0.226910 0.813029 0.813029 0.813029
5703.981445 0.000000 2905.030762 0.000000 0.589874 0.000000 0.807495 0.751005 0.751005 0.751005
5691.770508 0.000000 2901.704102 0.000000 0.333074 0.000000 -0.942901 0.910658 0.910658 0.910658
5670.434570 0.000000 2888.671875 0.000000 0.954727 0.000000 0.297483 0.770138 0.770138 0.770138
5680.925293 0.000000 2913.204834 0.000000 0.608158 0.000000 -0.793816 0.843958 0.843958 0.843958
5693.245605 0.000000 2914.784668 0.000000 0.881434 0.000000 0.472307 0.761390 0.761390 0.761390
5695.715820 0.000000 2899.841309 0.000000 0.999638 0.000000 0.026892 0.797905 0.797905 0.797905
5706.269531 0.000000 2909.671631 0.000000 0.406686 0.000000 -0.913568 0.889040 0.889040 0.889040
5687.223633 0.000000 2903.350586 0.000000 0.821448 0.000000 0.570284 0.749458 0.749458 0.749458
5665.835449 0.000000 2901.110596 0.000000 0.900127 0.000000 -0.435628 0.824306 0.824306 0.824306
5658.848145 0.000000 2944.872314 0.000000 0.695054 0.000000 -0.718958 0.845668 0.845668 0.845668
5715.607910 0.000000 2898.607910 0.000000 0.806670 0.000000 -0.591002 0.835991 0.835991 0.835991
5695.382324 0.000000 2909.703857 0.000000 0.658987 0.000000 -0.752154 0.852029 0.852029 0.852029
5698.069336 0.000000 2910.593262 0.000000 0.206086 0.000000 -0.978534 0.929055 0.929055 0.929055
5669.052246 0.000000 2890.981689 0.000000 0.459180 0.000000 -0.888343 0.900265 0.900265 0.900265
5700.995117 0.000000 2914.834473 0.000000 0.800686 0.000000 0.599084 0.750350 0.750350 0.750350
5674.982910 0.000000 2897.359375 0.000000 0.716431 0.000000 -0.697657 0.855053 0.855053 0.855053
5775.292480 0.000000 2929.947266 0.000000 0.899552 0.000000 0.436814 0.789707 0.789707 0.789707
5760.640137 0.000000 2944.830811 0.000000 0.592460 0.000000 0.805600 0.746683 0.746683 0.746683
5795.078125 0.000000 2940.613281 0.000000 0.342701 0.000000 0.939444 0.795610 0.795610 0.795610
5764.340332 0.000000 2922.601562 0.000000 0.934485 0.000000 -0.356001 0.804798 0.804798 0.804798
5787.182617 0.000000 2931.897949 0.000000 0.881823 0.000000 0.471580 0.789407 0.789407 0.789407
5764.221680 0.000000 2934.200684 0.000000 0.995858 0.000000 -0.090926 0.804965 0.804965 0.804965
5782.696289 0.000000 2940.404053 0.000000 0.301850 0.000000 -0.953355 0.824238 0.824238 0.824238
5758.743164 0.000000 2928.459961 0.000000 0.667427 0.000000 -0.744676 0.808053 0.808053 0.808053
5793.774902 0.000000 2930.400391 0.000000 0.671644 0.000000 -0.740874 0.819497 0.819497 0.819497
5768.707520 0.000000 2928.065430 0.000000 0.579301 0.000000 0.815113 0.715497 0.715497 0.715497
5767.310059 0.000000 2946.125488 0.000000 0.731852 0.000000 -0.681464 0.818419 0.818419 0.818419
5780.906250 0.000000 2933.605225 0.000000 0.996744 0.000000 -0.080627 0.802321 0.802321 0.802321
5770.824707 0.000000 2935.570557 0.000000 0.865434 0.000000 0.501023 0.760381 0.760381 0.760381
5789.291992 0.000000 2938.143555 0.000000 0.971150 0.000000 0.238469 0.793652 0.793652 0.793652
5766.035645 0.000000 2940.139893 0.000000 0.020132 0.000000 -0.999797 0.885478 0.885478 0.885478
5758.517578 0.000000 2950.571533 0.000000 0.851647 0.000000 0.524115 0.791736 0.791736 0.791736
5797.937988 0.000000 2935.487793 0.000000 0.823207 0.000000 0.567742 0.787700 0.787700 0.787700
5776.562012 0.000000 2937.233398 0.000000 0.057663 0.000000 -0.998336 0.858929 0.858929 0.858929
5769.600098 0.000000 2922.506104 0.000000 0.732141 0.000000 -0.681153 0.830082 0.830082 0.830082
5763.994629 0.000000 2929.017334 0.000000 0.247105 0.000000 -0.968989 0.870450 0.870450 0.870450
5792.887207 0.000000 2935.022949 0.000000 0.658457 0.000000 0.752618 0.751501 0.751501 0.751501
5784.829590 0.000000 2936.286133 0.000000 0.341973 0.000000 -0.939710 0.866617 0.866617 0.866617
5768.090332 0.000000 2932.198486 0.000000 0.976504 0.000000 -0.215498 0.817699 0.817699 0.817699
5756.406738 0.000000 2944.811768 0.000000 0.928742 0.000000 -0.370726 0.811833 0.811833 0.811833
5772.515137 0.000000 2926.062256 0.000000 0.811085 0.000000 0.584928 0.773046 0.773046 0.773046
5774.488281 0.000000 2933.789307 0.000000 0.026866 0.000000 -0.999639 0.857355 0.857355 0.857355
5771.648926 0.000000 2930.903564 0.000000 0.557261 0.000000 -0.830337 0.875725 0.875725 0.875725
5764.319336 0.000000 2943.762451 0.000000 0.802515 0.000000 -0.596632 0.836390 0.836390 0.836390
5767.059082 0.000000 2936.560547 0.000000 0.954660 0.000000 0.297699 0.781707 0.781707 0.781707
5769.648926 0.000000 2939.222168 0.000000 0.886737 0.000000 -0.462275 0.819292 0.819292 0.819292
5780.102051 0.000000 2937.928223 0.000000 0.260707 0.000000 0.965418 0.725601 0.725601 0.725601
5766.952637 0.000000 2925.013916 0.000000 0.957311 0.000000 -0.289060 0.814759 0.814759 0.814759
5789.435547 0.000000 2934.717529 0.000000 0.867454 0.000000 -0.497517 0.829641 0.829641 0.829641
5758.561035 0.000000 2946.769531 0.000000 0.878318 0.000000 0.478077 0.772523 0.772523 0.772523
5765.389648 0.000000 2931.591064 0.000000 0.837962 0.000000 -0.545729 0.834588 0.834588 0.834588
5770.379883 0.000000 2933.026855 0.000000 0.857701 0.000000 -0.514148 0.841092 0.841092 0.841092
5653.335449 0.000000 3028.479980 0.000000 0.809258 0.000000 -0.587453 0.827464 0.827464 0.827464
5594.515137 0.000000 3017.089355 0.000000 0.999892 0.000000 0.014687 0.799894 0.799894 0.799894
5640.126465 0.000000 3075.026367 0.000000 0.811691 0.000000 -0.584087 0.817566 0.817566 0.817566
5568.990723 0.000000 3060.676758 0.000000 0.472917 0.000000 0.881107 0.798062 0.798062 0.798062
5631.491699 0.000000 2997.481201 0.000000 0.937695 0.000000 0.347459 0.799787 0.799787 0.799787
5620.710449 0.000000 3090.182129 0.000000 0.589698 0.000000 0.807624 0.798873 0.798873 0.798873
5589.700195 0.000000 3070.623779 0.000000 0.100700 0.000000 0.994917 0.701357 0.701357 0.701357
5599.550293 0.000000 2996.271973 0.000000 0.920442 0.000000 -0.390879 0.841868 0.841868 0.841868
5636.097168 0.000000 3017.252441 0.000000 0.918884 0.000000 0.394528 0.785906 0.785906 0.785906
5620.961426 0.000000 3070.810547 0.000000 0.970243 0.000000 0.242133 0.796776 0.796776 0.796776
5647.812988 0.000000 3004.240723 0.000000 0.001516 0.000000 0.999999 0.716316 0.716316 0.716316
5605.988770 0.000000 3079.758301 0.000000 0.836397 0.000000 -0.548124 0.825374 0.825374 0.825374
5585.570312 0.000000 3003.669434 0.000000 0.156158 0.000000 -0.987732 0.809319 0.809319 0.809319
5614.334473 0.000000 2996.563232 0.000000 0.117971 0.000000 -0.993017 0.821758 0.821758 0.821758
5607.769531 0.000000 3024.408936 0.000000 0.978577 0.000000 -0.205880 0.811803 0.811803 0.811803
5573.626465 0.000000 3048.426270 0.000000 0.769051 0.000000 0.639187 0.784211 0.784211 0.784211
5626.286133 0.000000 3008.992188 0.000000 0.904882 0.000000 0.425663 0.786037 0.786037 0.786037
5632.097656 0.000000 3085.131836 0.000000 0.766755 0.000000 -0.641940 0.832158 0.832158 0.832158
5602.914551 0.000000 3067.855713 0.000000 0.861158 0.000000 -0.508338 0.853358 0.853358 0.853358
5601.796875 0.000000 3007.791260 0.000000 0.935612 0.000000 0.353031 0.780976 0.780976 0.780976
5580.314453 0.000000 3062.733643 0.000000 0.064774 0.000000 0.997900 0.775637 0.775637 0.775637
5594.669434 0.000000 3059.774658 0.000000 0.999507 0.000000 0.031384 0.799793 0.799793 0.799793
5620.900879 0.000000 3019.381836 0.000000 0.352837 0.000000 -0.935685 0.819578 0.819578 0.819578
5580.119629 0.000000 3025.614258 0.000000 0.219038 0.000000 -0.975716 0.864709 0.864709 0.864709
5650.983887 0.000000 3072.120850 0.000000 0.789259 0.000000 0.614061 0.762364 0.762364 0.762364
5596.508301 0.000000 3083.813721 0.000000 0.288486 0.000000 0.957484 0.743328 0.743328 0.743328
5630.252441 0.000000 3025.623779 0.000000 0.300717 0.000000 0.953713 0.737831 0.737831 0.737831
5616.487305 0.000000 3080.333984 0.000000 0.045391 0.000000 0.998969 0.684840 0.684840 0.684840
5629.794922 0.000000 3075.378906 0.000000 0.569374 0.000000 0.822079 0.794218 0.794218 0.794218
5641.088379 0.000000 2997.418213 0.000000 0.586019 0.000000 0.810297 0.714532 0.714532 0.714532
5646.567871 0.000000 3035.934082 0.000000 0.946433 0.000000 -0.322899 0.801773 0.801773 0.801773
5598.650879 0.000000 3025.298340 0.000000 0.026612 0.000000 -0.999646 0.878645 0.878645 0.878645
5611.514160 0.000000 3087.973633 0.000000 0.987942 0.000000 0.154826 0.796461 0.796461 0.796461
5622.640625 0.000000 3000.550049 0.000000 0.777071 0.000000 0.629413 0.765327 0.765327 0.765327
5592.819824 0.000000 3008.479248 0.000000 0.967240 0.000000 -0.253865 0.804614 0.804614 0.804614
5650.054199 0.000000 2995.919922 0.000000 0.386852 0.000000 0.922142 0.759919 0.759919 0.759919
5597.628906 0.000000 3075.259521 0.000000 0.790310 0.000000 -0.612707 0.829636 0.829636 0.829636
5605.652344 0.000000 3015.619385 0.000000 0.104198 0.000000 0.994557 0.765733 0.765733 0.765733
5609.312500 0.000000 3003.556885 0.000000 0.395892 0.000000 0.918297 0.694709 0.694709 0.694709
5587.546387 0.000000 3021.575928 0.000000 0.623630 0.000000 -0.781720 0.850545 0.850545 0.850545
5582.574707 0.000000 3076.488525 0.000000 0.648126 0.000000 -0.761533 0.806224 0.806224 0.806224
5602.776855 0.000000 3089.477783 0.000000 0.989341 0.000000 -0.145617 0.804115 0.804115 0.804115
5640.817383 0.000000 3085.374023 0.000000 0.800750 0.000000 -0.598999 0.813084 0.813084 0.813084
5624.334961 0.000000 3082.529541 0.000000 0.416653 0.000000 -0.909065 0.882725 0.882725 0.882725
5579.099609 0.000000 3054.707031 0.000000 0.987268 0.000000 -0.159064 0.803063 0.803063 0.803063
5612.249023 0.000000 3073.538574 0.000000 0.931478 0.000000 -0.363798 0.806024 0.806024 0.806024
5592.042969 0.000000 2998.826416 0.000000 0.992563 0.000000 -0.121735 0.805338 0.805338 0.805338
5587.908691 0.000000 3063.121826 0.000000 0.859924 0.000000 0.510423 0.770151 0.770151 0.770151
5628.087891 0.000000 3017.060547 0.000000 0.727385 0.000000 0.686229 0.766920 0.766920 0.766920
5590.463379 0.000000 3077.964355 0.000000 0.812829 0.000000 -0.582502 0.858120 0.858120 0.858120
5627.689941 0.000000 3092.288818 0.000000 0.568574 0.000000 0.822632 0.761219 0.761219 0.761219
5607.152832 0.000000 2996.557373 0.000000 0.471312 0.000000 -0.881966 0.875713 0.875713 0.875713
5616.394531 0.000000 3004.459961 0.000000 0.991647 0.000000 -0.128981 0.804107 0.804107 0.804107
5646.649902 0.000000 3077.532959 0.000000 0.995397 0.000000 0.095837 0.794651 0.794651 0.794651
5634.621094 0.000000 3091.822021 0.000000 0.935058 0.000000 -0.354494 0.813896 0.813896 0.813896
5581.038086 0.000000 3069.606934 0.000000 0.827374 0.000000 0.561651 0.766053 0.766053 0.766053
5651.087891 0.000000 3010.496582 0.000000 0.009046 0.000000 -0.999959 0.863631 0.863631 0.863631
5576.412109 0.000000 3020.062256 0.000000 0.193237 0.000000 -0.981152 0.843707 0.843707 0.843707
5632.565430 0.000000 3011.496094 0.000000 0.682983 0.000000 -0.730434 0.846616 0.846616 0.846616
5631.099121 0.000000 3004.134521 0.000000 0.955514 0.000000 0.294946 0.786904 0.786904 0.786904
5574.153320 0.000000 3066.248779 0.000000 0.798115 0.000000 0.602505 0.782952 0.782952 0.782952
5569.575684 0.000000 3053.761230 0.000000 0.988818 0.000000 -0.149126 0.801614 0.801614 0.801614
5597.533691 0.000000 3002.654053 0.000000 0.216706 0.000000 -0.976237 0.845376 0.845376 0.845376
5596.097656 0.000000 3068.134521 0.000000 0.389234 0.000000 0.921139 0.716506 0.716506 0.716506
5635.465332 0.000000 3079.646729 0.000000 0.095491 0.000000 0.995430 0.758458 0.758458 0.758458
5620.534668 0.000000 3012.627686 0.000000 0.729487 0.000000 0.683994 0.765249 0.765249 0.765249
5603.161133 0.000000 3061.545166 0.000000 0.984340 0.000000 0.176282 0.795116 0.795116 0.795116
5624.309082 0.000000 3024.860352 0.000000 0.991220 0.000000 0.132221 0.796981 0.796981 0.796981
5622.384277 0.000000 3076.733154 0.000000 0.933880 0.000000 -0.357585 0.835714 0.835714 0.835714
5603.504395 0.000000 3001.331543 0.000000 0.999729 0.000000 -0.023261 0.802091 0.802091 0.802091
5584.533203 0.000000 3057.555908 0.000000 0.961581 0.000000 0.274523 0.787170 0.787170 0.787170
5575.042480 0.000000 3059.114746 0.000000 0.074552 0.000000 -0.997217 0.878889 0.878889 0.878889
5600.412109 0.000000 3019.418457 0.000000 0.593400 0.000000 0.804908 0.733296 0.733296 0.733296
5653.026855 0.000000 3034.457764 0.000000 0.146236 0.000000 -0.989250 0.881058 0.881058 0.881058
5653.167969 0.000000 3001.544434 0.000000 0.972687 0.000000 0.232119 0.795930 0.795930 0.795930
5598.500488 0.000000 3012.759277 0.000000 0.919600 0.000000 0.392857 0.779438 0.779438 0.779438
5603.649414 0.000000 3073.956787 0.000000 0.618992 0.000000 -0.785397 0.822191 0.822191 0.822191
5625.962891 0.000000 2995.666748 0.000000 0.967293 0.000000 -0.253663 0.803842 0.803842 0.803842
5608.142090 0.000000 3069.686768 0.000000 0.986879 0.000000 -0.161462 0.802624 0.802624 0.802624
5585.726562 0.000000 2997.687012 0.000000 0.770628 0.000000 0.637286 0.777643 0.777643 0.777643
5642.357910 0.000000 3002.898682 0.000000 0.490540 0.000000 -0.871419 0.870371 0.870371 0.870371
5611.000000 0.000000 3082.328369 0.000000 0.793224 0.000000 0.608930 0.786662 0.786662 0.786662
5574.521484 0.000000 3025.272705 0.000000 0.968942 0.000000 -0.247287 0.813325 0.813325 0.813325
5616.654297 0.000000 3086.021240 0.000000 0.098430 0.000000 0.995144 0.716200 0.716200 0.716200
5602.041016 0.000000 3083.813232 0.000000 0.914180 0.000000 0.405309 0.785747 0.785747 0.785747
5631.951660 0.000000 3020.611816 0.000000 0.059740 0.000000 0.998214 0.742962 0.742962 0.742962
5629.228516 0.000000 3080.634033 0.000000 0.032437 0.000000 -0.999474 0.894017 0.894017 0.894017
5589.770508 0.000000 3057.158936 0.000000 0.147850 0.000000 0.989010 0.753978 0.753978 0.753978
5642.043457 0.000000 3080.104736 0.000000 0.106870 0.000000 -0.994273 0.866654 0.866654 0.866654
5617.389160 0.000000 3075.245850 0.000000 0.999950 0.000000 -0.010007 0.800725 0.800725 0.800725
5581.989258 0.000000 3020.625488 0.000000 0.650715 0.000000 -0.759322 0.845465 0.845465 0.845465
5607.147949 0.000000 3085.513184 0.000000 0.999972 0.000000 -0.007542 0.800416 0.800416 0.800416
5645.903809 0.000000 2999.345459 0.000000 0.585799 0.000000 -0.810457 0.903610 0.903610 0.903610
5598.269531 0.000000 3063.289795 0.000000 0.530828 0.000000 0.847479 0.732140 0.732140 0.732140
5646.031738 0.000000 3008.998047 0.000000 0.534957 0.000000 -0.844879 0.821104 0.821104 0.821104
5592.717285 0.000000 3064.467529 0.000000 0.993584 0.000000 -0.113098 0.812903 0.812903 0.812903
5585.456543 0.000000 3067.463867 0.000000 0.998914 0.000000 -0.046596 0.801899 0.801899 0.801899
5590.882812 0.000000 3003.966064 0.000000 0.685756 0.000000 0.727832 0.753600 0.753600 0.753600
5585.044434 0.000000 3072.327637 0.000000 0.851150 0.000000 -0.524922 0.831125 0.831125 0.831125
5637.309570 0.000000 3012.482666 0.000000 0.665243 0.000000 -0.746626 0.827275 0.827275 0.827275
5627.444824 0.000000 3000.722412 0.000000 0.784011 0.000000 0.620747 0.763485 0.763485 0.763485
5603.049805 0.000000 3023.337402 0.000000 0.955983 0.000000 0.293422 0.782156 0.782156 0.782156
5574.535156 0.000000 3052.970215 0.000000 0.082359 0.000000 0.996603 0.715282 0.715282 0.715282
5593.081055 0.000000 3074.074951 0.000000 0.658209 0.000000 -0.752836 0.891928 0.891928 0.891928
5617.819824 0.000000 2999.805664 0.000000 0.448231 0.000000 0.893918 0.774818 0.774818 0.774818
5613.033203 0.000000 3000.951660 0.000000 0.633909 0.000000 0.773407 0.744902 0.744902 0.744902
5599.789062 0.000000 3071.295654 0.000000 0.739609 0.000000 0.673037 0.770803 0.770803 0.770803
5605.948730 0.000000 3028.665039 0.000000 0.999512 0.000000 0.031224 0.799177 0.799177 0.799177
5594.871094 0.000000 3079.177246 0.000000 0.991299 0.000000 0.131633 0.788689 0.788689 0.788689
5610.114258 0.000000 3077.602295 0.000000 0.992984 0.000000 0.118252 0.796094 0.796094 0.796094
5584.524902 0.000000 3025.147217 0.000000 0.126569 0.000000 -0.991958 0.843257 0.843257 0.843257
5615.704590 0.000000 3090.339600 0.000000 0.261991 0.000000 -0.965070 0.833641 0.833641 0.833641
5597.402344 0.000000 3008.353271 0.000000 0.029619 0.000000 -0.999561 0.862793 0.862793 0.862793
5625.036133 0.000000 3013.407227 0.000000 0.809655 0.000000 0.586906 0.771062 0.771062 0.771062
5627.389648 0.000000 3021.608887 0.000000 0.834873 0.000000 -0.550443 0.833179 0.833179 0.833179
5620.994629 0.000000 3085.504395 0.000000 0.813210 0.000000 0.581971 0.778414 0.778414 0.778414
5636.827637 0.000000 2995.650391 0.000000 0.894981 0.000000 0.446104 0.783930 0.783930 0.783930
5636.725098 0.000000 3083.904541 0.000000 0.995422 0.000000 0.095573 0.794552 0.794552 0.794552
5630.979980 0.000000 3089.316895 0.000000 0.140411 0.000000 0.990093 0.724604 0.724604 0.724604
5603.226074 0.000000 3011.974121 0.000000 0.232686 0.000000 -0.972552 0.854432 0.854432 0.854432
5652.988281 0.000000 3014.449463 0.000000 0.246514 0.000000 0.969139 0.766739 0.766739 0.766739
5606.567871 0.000000 3065.549805 0.000000 0.751919 0.000000 -0.659255 0.820271 0.820271 0.820271
5652.236328 0.000000 3006.382568 0.000000 0.927939 0.000000 0.372732 0.780319 0.780319 0.780319
5596.690430 0.000000 3021.463867 0.000000 0.700877 0.000000 0.713282 0.763360 0.763360 0.763360
5605.425293 0.000000 3005.464355 0.000000 0.275917 0.000000 -0.961182 0.858026 0.858026 0.858026
5608.092285 0.000000 3073.968506 0.000000 0.889296 0.000000 0.457332 0.772963 0.772963 0.772963
5576.691406 0.000000 3069.595459 0.000000 0.221613 0.000000 -0.975135 0.854895 0.854895 0.854895
5620.582520 0.000000 3080.708740 0.000000 0.989017 0.000000 -0.147802 0.813599 0.813599 0.813599
5625.821289 0.000000 3004.776611 0.000000 0.791782 0.000000 -0.610803 0.825591 0.825591 0.825591
5595.107910 0.000000 2995.972656 0.000000 0.837450 0.000000 0.546514 0.783371 0.783371 0.783371
5632.228516 0.000000 3015.883301 0.000000 0.537857 0.000000 0.843036 0.743514 0.743514 0.743514
5626.305664 0.000000 3077.534180 0.000000 0.342019 0.000000 -0.939693 0.842458 0.842458 0.842458
5635.487305 0.000000 3087.906738 0.000000 0.627948 0.000000 0.778255 0.749233 0.749233 0.749233
5588.268066 0.000000 3007.001953 0.000000 0.913580 0.000000 -0.406659 0.812296 0.812296 0.812296
5631.031250 0.000000 3094.523682 0.000000 0.824928 0.000000 -0.565238 0.823756 0.823756 0.823756
5588.350586 0.000000 3000.761963 0.000000 0.635512 0.000000 -0.772091 0.845455 0.845455 0.845455
5633.415527 0.000000 3007.512695 0.000000 0.718299 0.000000 -0.695734 0.829967 0.829967 0.829967
5654.003418 0.000000 2996.750732 0.000000 0.934883 0.000000 0.354956 0.779345 0.779345 0.779345
5604.343750 0.000000 3019.333496 0.000000 0.432284 0.000000 0.901737 0.767007 0.767007 0.767007
5601.689453 0.000000 3015.604736 0.000000 0.541954 0.000000 -0.840408 0.856810 0.856810 0.856810
5571.519531 0.000000 3057.396240 0.000000 0.990987 0.000000 -0.133960 0.804508 0.804508 0.804508
5584.332031 0.000000 3061.488525 0.000000 0.179861 0.000000 -0.983692 0.862462 0.862462 0.862462
5588.674316 0.000000 3074.439697 0.000000 0.968816 0.000000 0.247782 0.780497 0.780497 0.780497
5578.844727 0.000000 3066.356934 0.000000 0.998051 0.000000 -0.062401 0.803554 0.803554 0.803554
5603.295898 0.000000 2997.409180 0.000000 0.299004 0.000000 -0.954252 0.925274 0.925274 0.925274
5644.651367 0.000000 2995.681396 0.000000 0.217024 0.000000 0.976166 0.726281 0.726281 0.726281
5628.947754 0.000000 3012.814453 0.000000 0.266075 0.000000 -0.963952 0.846009 0.846009 0.846009
5594.563965 0.000000 3005.106445 0.000000 0.580555 0.000000 -0.814221 0.838193 0.838193 0.838193
5649.440430 0.000000 3000.721924 0.000000 0.284433 0.000000 -0.958696 0.862238 0.862238 0.862238
5609.509766 0.000000 2999.618164 0.000000 0.932739 0.000000 -0.360552 0.828952 0.828952 0.828952
5624.631836 0.000000 3018.659912 0.000000 0.920775 0.000000 -0.390095 0.821610 0.821610 0.821610
5591.005371 0.000000 3060.929688 0.000000 0.265236 0.000000 0.964184 0.736793 0.736793 0.736793
5589.369629 0.000000 3066.732910 0.000000 0.274552 0.000000 -0.961572 0.888297 0.888297 0.888297
5650.089355 0.000000 3075.778320 0.000000 0.342694 0.000000 -0.939447 0.869502 0.869502 0.869502
5602.614258 0.000000 3027.020752 0.000000 0.847215 0.000000 0.531250 0.776509 0.776509 0.776509
5601.081543 0.000000 3004.126221 0.000000 0.356925 0.000000 -0.934133 0.856355 0.856355 0.856355
5629.823730 0.000000 3008.194580 0.000000 0.501778 0.000000 -0.864997 0.849471 0.849471 0.849471
5649.601562 0.000000 3068.672119 0.000000 0.074805 0.000000 -0.997198 0.860949 0.860949 0.860949
5595.873535 0.000000 3071.742676 0.000000 0.140065 0.000000 -0.990142 0.885698 0.885698 0.885698
5622.259766 0.000000 3015.928223 0.000000 0.752480 0.000000 -0.658615 0.840925 0.840925 0.840925
5628.528320 0.000000 3084.124268 0.000000 0.080763 0.000000 -0.996733 0.854457 0.854457 0.854457
5644.392578 0.000000 3005.814453 0.000000 0.252239 0.000000 0.967665 0.744813 0.744813 0.744813
5596.970703 0.000000 2999.060303 0.000000 0.203688 0.000000 0.979036 0.687078 0.687078 0.687078
5589.153809 0.000000 2996.873291 0.000000 0.491281 0.000000 0.871001 0.739821 0.739821 0.739821
5600.378906 0.000000 2999.736328 0.000000 0.395571 0.000000 -0.918435 0.922760 0.922760 0.922760
5598.058594 0.000000 3016.612061 0.000000 0.823133 0.000000 0.567849 0.768882 0.768882 0.768882
5614.398926 0.000000 3083.286133 0.000000 0.777294 0.000000 -0.629138 0.826093 0.826093 0.826093
5577.582031 0.000000 3023.254395 0.000000 0.987427 0.000000 0.158077 0.791725 0.791725 0.791725
5638.856445 0.000000 3078.201172 0.000000 0.609040 0.000000 -0.793139 0.852137 0.852137 0.852137
5592.659180 0.000000 3068.468506 0.000000 0.411308 0.000000 0.911496 0.697608 0.697608 0.697608
5599.409180 0.000000 3066.764160 0.000000 0.999502 0.000000 -0.031568 0.803367 0.803367 0.803367
5647.121582 0.000000 3074.174561 0.000000 0.452697 0.000000 -0.891665 0.854755 0.854755 0.854755
5593.879395 0.000000 3001.657715 0.000000 0.999961 0.000000 -0.008882 0.800399 0.800399 0.800399
5649.039551 0.000000 3007.479492 0.000000 0.945169 0.000000 -0.326581 0.818538 0.818538 0.818538
5587.872070 0.000000 3059.827148 0.000000 0.762360 0.000000 -0.647153 0.840064 0.840064 0.840064
5604.755859 0.000000 3070.846680 0.000000 0.843501 0.000000 -0.537127 0.828199 0.828199 0.828199
5639.015137 0.000000 3081.570068 0.000000 0.993269 0.000000 -0.115828 0.806608 0.806608 0.806608
5603.993652 0.000000 3086.389160 0.000000 0.340420 0.000000 0.940274 0.748687 0.748687 0.748687
5613.132812 0.000000 3004.178711 0.000000 0.730692 0.000000 0.682708 0.767131 0.767131 0.767131
5575.987793 0.000000 3056.024902 0.000000 0.500352 0.000000 -0.865822 0.859585 0.859585 0.859585
5620.518555 0.000000 3074.135254 0.000000 0.685199 0.000000 -0.728356 0.874309 0.874309 0.874309
5618.588379 0.000000 3083.162354 0.000000 0.631385 0.000000 -0.775469 0.861682 0.861682 0.861682
5602.326172 0.000000 3064.620361 0.000000 0.998758 0.000000 0.049826 0.795580 0.795580 0.795580
5652.036133 0.000000 3031.393555 0.000000 0.994888 0.000000 -0.100981 0.804909 0.804909 0.804909
5605.058594 0.000000 3082.754639 0.000000 0.654054 0.000000 0.756448 0.752197 0.752197 0.752197
5606.737305 0.000000 3001.647705 0.000000 0.275613 0.000000 -0.961269 0.930010 0.930010 0.930010
5619.125000 0.000000 3077.864990 0.000000 0.525767 0.000000 0.850629 0.684202 0.684202 0.684202
5653.196289 0.000000 3068.368408 0.000000 0.331629 0.000000 -0.943410 0.861307 0.861307 0.861307
5606.578125 0.000000 3076.689697 0.000000 0.405635 0.000000 0.914035 0.734363 0.734363 0.734363
5600.144531 0.000000 3022.462402 0.000000 0.415363 0.000000 0.909656 0.722649 0.722649 0.722649
5634.829590 0.000000 3014.205078 0.000000 0.249525 0.000000 -0.968368 0.875057 0.875057 0.875057
5584.643066 0.000000 3022.147949 0.000000 0.311549 0.000000 -0.950230 0.865367 0.865367 0.865367
5618.263672 0.000000 3072.152100 0.000000 0.696488 0.000000 0.717569 0.755884 0.755884 0.755884
5625.164551 0.000000 2998.753174 0.000000 0.168843 0.000000 -0.985643 0.879755 0.879755 0.879755
5645.288574 0.000000 3002.250000 0.000000 0.868078 0.000000 -0.496428 0.842331 0.842331 0.842331
5600.231445 0.000000 3010.334961 0.000000 0.520289 0.000000 -0.853990 0.858265 0.858265 0.858265
5628.615723 0.000000 3005.592285 0.000000 0.928941 0.000000 -0.370228 0.821588 0.821588 0.821588
5605.207031 0.000000 3025.764648 0.000000 0.087497 0.000000 -0.996165 0.884425 0.884425 0.884425
5597.557129 0.000000 3078.210693 0.000000 0.518594 0.000000 -0.855020 0.865752 0.865752 0.865752
5586.803223 0.000000 3070.162842 0.000000 0.334933 0.000000 0.942242 0.730029 0.730029 0.730029
5626.310059 0.000000 3080.518555 0.000000 0.644177 0.000000 0.764876 0.732689 0.732689 0.732689
5594.979004 0.000000 3076.107666 0.000000 0.064618 0.000000 -0.997910 0.948901 0.948901 0.948901
5592.577148 0.000000 3071.344727 0.000000 0.532433 0.000000 0.846472 0.720777 0.720777 0.720777
5592.272949 0.000000 3079.959717 0.000000 0.307147 0.000000 -0.951662 0.911610 0.911610 0.911610
5594.756836 0.000000 3062.500732 0.000000 0.987845 0.000000 0.155442 0.787282 0.787282 0.787282
5598.452637 0.000000 3069.143555 0.000000 0.087886 0.000000 0.996131 0.680059 0.680059 0.680059
5657.902344 0.000000 2997.902344 0.000000 0.329496 0.000000 0.944157 0.729701 0.729701 0.729701
5672.562500 0.000000 3003.669434 0.000000 0.395631 0.000000 0.918410 0.772102 0.772102 0.772102
5654.715332 0.000000 3007.981689 0.000000 0.033024 0.000000 0.999455 0.747481 0.747481 0.747481
5663.695312 0.000000 3006.038818 0.000000 0.985428 0.000000 -0.170092 0.807169 0.807169 0.807169
5657.490723 0.000000 3028.894043 0.000000 0.833849 0.000000 -0.551993 0.833285 0.833285 0.833285
5667.377441 0.000000 2995.650635 0.000000 0.936998 0.000000 -0.349334 0.820313 0.820313 0.820313
5654.978516 0.000000 3068.727295 0.000000 0.364644 0.000000 -0.931147 0.833724 0.833724 0.833724
5663.404297 0.000000 3020.062256 0.000000 0.579853 0.000000 -0.814721 0.810270 0.810270 0.810270
5654.955566 0.000000 3034.433838 0.000000 0.859095 0.000000 0.511817 0.772314 0.772314 0.772314
5663.566406 0.000000 3000.072266 0.000000 0.687988 0.000000 -0.725722 0.843305 0.843305 0.843305
5658.456543 0.000000 3003.404053 0.000000 0.959338 0.000000 0.282258 0.787313 0.787313 0.787313
5654.562988 0.000000 3013.964355 0.000000 0.816400 0.000000 -0.577487 0.831355 0.831355 0.831355
5661.513672 0.000000 3025.272705 0.000000 0.504856 0.000000 0.863203 0.740712 0.740712 0.740712
5668.769531 0.000000 3007.784424 0.000000 0.277854 0.000000 0.960623 0.771419 0.771419 0.771419
5654.775391 0.000000 3024.098389 0.000000 0.997775 0.000000 0.066675 0.797841 0.797841 0.797841
5668.396973 0.000000 3000.599365 0.000000 0.896531 0.000000 -0.442981 0.828047 0.828047 0.828047
5661.869141 0.000000 2995.566895 0.000000 0.483964 0.000000 0.875088 0.777014 0.777014 0.777014
5654.940918 0.000000 3000.976318 0.000000 0.903909 0.000000 0.427724 0.787818 0.787818 0.787818
5667.133789 0.000000 3004.197266 0.000000 0.840500 0.000000 -0.541812 0.837053 0.837053 0.837053
5657.500000 0.000000 3011.931152 0.000000 0.195292 0.000000 0.980745 0.743185 0.743185 0.743185
5658.080078 0.000000 3025.224121 0.000000 0.344164 0.000000 0.938910 0.730587 0.730587 0.730587
5661.991211 0.000000 3003.087891 0.000000 0.778760 0.000000 -0.627322 0.836567 0.836567 0.836567
5660.141602 0.000000 3000.341553 0.000000 0.751493 0.000000 0.659741 0.758990 0.758990 0.758990
5654.888184 0.000000 3031.060303 0.000000 0.506060 0.000000 0.862498 0.740791 0.740791 0.740791
5654.673828 0.000000 3027.314209 0.000000 0.649314 0.000000 0.760521 0.758580 0.758580 0.758580
5654.847168 0.000000 2997.291748 0.000000 0.558681 0.000000 0.829383 0.744331 0.744331 0.744331
5671.646484 0.000000 3000.501709 0.000000 0.075028 0.000000 -0.997181 0.873487 0.873487 0.873487
5654.738281 0.000000 3011.075928 0.000000 0.415808 0.000000 -0.909452 0.865002 0.865002 0.865002
5664.854492 0.000000 3002.644287 0.000000 0.779389 0.000000 0.626541 0.752533 0.752533 0.752533
5568.990723 0.000000 3167.661133 0.000000 0.989125 0.000000 0.147076 0.793101 0.793101 0.793101
5572.888672 0.000000 3193.352051 0.000000 0.262178 0.000000 -0.965019 0.856321 0.856321 0.856321
5574.309570 0.000000 3180.131104 0.000000 0.559591 0.000000 -0.828769 0.849753 0.849753 0.849753
5582.365234 0.000000 3204.729248 0.000000 0.796436 0.000000 -0.604722 0.835798 0.835798 0.835798
5568.029297 0.000000 3186.224365 0.000000 0.128348 0.000000 -0.991729 0.810369 0.810369 0.810369
5580.564941 0.000000 3197.084961 0.000000 0.824044 0.000000 0.566526 0.782678 0.782678 0.782678
5567.986328 0.000000 3175.711670 0.000000 0.965070 0.000000 -0.261991 0.815089 0.815089 0.815089
5574.866211 0.000000 3205.534668 0.000000 0.998758 0.000000 -0.049834 0.801882 0.801882 0.801882
5579.172852 0.000000 3189.590088 0.000000 0.975306 0.000000 -0.220860 0.804937 0.804937 0.804937
5574.766113 0.000000 3199.427246 0.000000 0.684716 0.000000 -0.728810 0.831803 0.831803 0.831803
5574.079102 0.000000 3186.381348 0.000000 0.112943 0.000000 -0.993601 0.882969 0.882969 0.882969
5569.046875 0.000000 3181.131348 0.000000 0.961062 0.000000 0.276333 0.785238 0.785238 0.785238
5578.917480 0.000000 3201.542236 0.000000 0.583743 0.000000 0.811938 0.738121 0.738121 0.738121
5577.584473 0.000000 3183.353027 0.000000 0.845927 0.000000 -0.533298 0.826625 0.826625 0.826625
5577.423828 0.000000 3193.691895 0.000000 0.012895 0.000000 -0.999917 0.884944 0.884944 0.884944
5570.130859 0.000000 3172.059326 0.000000 0.855428 0.000000 0.517921 0.780428 0.780428 0.780428
5579.234375 0.000000 3207.501953 0.000000 0.499531 0.000000 -0.866296 0.919277 0.919277 0.919277
5571.871094 0.000000 3177.020752 0.000000 0.757824 0.000000 0.652459 0.773168 0.773168 0.773168
5575.062012 0.000000 3190.128418 0.000000 0.468347 0.000000 -0.883544 0.861667 0.861667 0.861667
5567.778809 0.000000 3164.154785 0.000000 0.678770 0.000000 -0.734351 0.844967 0.844967 0.844967
5572.228027 0.000000 3183.123291 0.000000 0.514082 0.000000 0.857741 0.741322 0.741322 0.741322
5575.002930 0.000000 3196.152588 0.000000 0.977096 0.000000 0.212799 0.789721 0.789721 0.789721
5583.234863 0.000000 3208.001953 0.000000 0.995572 0.000000 0.094007 0.793456 0.793456 0.793456
5577.893555 0.000000 3204.466797 0.000000 0.902244 0.000000 -0.431226 0.836866 0.836866 0.836866
5577.716309 0.000000 3198.534424 0.000000 0.999876 0.000000 0.015739 0.799104 0.799104 0.799104
5576.432129 0.000000 3207.630615 0.000000 0.505146 0.000000 0.863034 0.714528 0.714528 0.714528
5728.595703 0.000000 3201.315918 0.000000 0.924188 0.000000 -0.381938 0.825594 0.825594 0.825594
5736.059570 0.000000 3191.612549 0.000000 0.849211 0.000000 -0.528054 0.830332 0.830332 0.830332
5718.508789 0.000000 3205.584229 0.000000 0.837318 0.000000 -0.546716 0.808318 0.808318 0.808318
5739.306641 0.000000 3202.462158 0.000000 0.296096 0.000000 0.955158 0.723133 0.723133 0.723133
5727.809570 0.000000 3192.358398 0.000000 0.461718 0.000000 -0.887027 0.827452 0.827452 0.827452
5721.613281 0.000000 3198.806396 0.000000 0.841979 0.000000 0.539511 0.770295 0.770295 0.770295
5733.800293 0.000000 3205.901855 0.000000 0.815498 0.000000 0.578760 0.740460 0.740460 0.740460
5734.565430 0.000000 3197.993652 0.000000 0.725618 0.000000 0.688098 0.775901 0.775901 0.775901
5741.386719 0.000000 3195.455322 0.000000 0.929438 0.000000 0.368978 0.783244 0.783244 0.783244
5724.709473 0.000000 3206.071533 0.000000 0.933927 0.000000 0.357463 0.790801 0.790801 0.790801
5726.113281 0.000000 3196.868896 0.000000 0.989464 0.000000 -0.144779 0.809315 0.809315 0.809315
5738.434570 0.000000 3207.139648 0.000000 0.770269 0.000000 -0.637719 0.852208 0.852208 0.852208
5731.900879 0.000000 3194.236328 0.000000 0.526871 0.000000 -0.849945 0.838956 0.838956 0.838956
5704.250977 0.000000 3206.341553 0.000000 0.391408 0.000000 0.920217 0.758687 0.758687 0.758687
5729.546387 0.000000 3206.951172 0.000000 0.571838 0.000000 -0.820366 0.829975 0.829975 0.829975
5721.915527 0.000000 3202.890869 0.000000 0.912771 0.000000 -0.408472 0.817900 0.817900 0.817900
5733.153320 0.000000 3201.820557 0.000000 0.013709 0.000000 0.999906 0.708570 0.708570 0.708570
5732.240234 0.000000 3190.062744 0.000000 0.960512 0.000000 -0.278238 0.816050 0.816050 0.816050
5722.479492 0.000000 3194.891113 0.000000 0.722028 0.000000 -0.691864 0.825637 0.825637 0.825637
5738.609863 0.000000 3198.469238 0.000000 0.787647 0.000000 -0.616126 0.838581 0.838581 0.838581
5729.924316 0.000000 3197.537842 0.000000 0.055234 0.000000 -0.998473 0.871737 0.871737 0.871737
5724.984375 0.000000 3200.417725 0.000000 0.574243 0.000000 0.818685 0.718396 0.718396 0.718396
5737.559082 0.000000 3195.003174 0.000000 0.780738 0.000000 -0.624858 0.838419 0.838419 0.838419
5736.151855 0.000000 3203.411865 0.000000 0.881004 0.000000 0.473109 0.767519 0.767519 0.767519
5730.684570 0.000000 3203.848145 0.000000 0.705670 0.000000 0.708540 0.749517 0.749517 0.749517
5741.417969 0.000000 3204.858154 0.000000 0.965356 0.000000 0.260935 0.782759 0.782759 0.782759
5734.425781 0.000000 3208.733887 0.000000 0.606650 0.000000 0.794969 0.720161 0.720161 0.720161
5727.228027 0.000000 3199.152100 0.000000 0.485285 0.000000 -0.874356 0.883523 0.883523 0.883523
5769.985840 0.000000 3201.274902 0.000000 0.475537 0.000000 -0.879696 0.874732 0.874732 0.874732
5746.873047 0.000000 3193.352051 0.000000 0.232802 0.000000 -0.972524 0.803202 0.803202 0.803202
5815.587891 0.000000 3201.315918 0.000000 0.352286 0.000000 -0.935892 0.802176 0.802176 0.802176
5779.973145 0.000000 3186.742676 0.000000 0.726483 0.000000 0.687185 0.772764 0.772764 0.772764
5759.919434 0.000000 3191.088623 0.000000 0.830920 0.000000 0.556393 0.794343 0.794343 0.794343
5756.349609 0.000000 3204.729248 0.000000 0.737859 0.000000 0.674955 0.780911 0.780911 0.780911
5782.137695 0.000000 3203.684814 0.000000 0.999646 0.000000 0.026603 0.796588 0.796588 0.796588
5805.500977 0.000000 3205.584229 0.000000 0.767217 0.000000 -0.641387 0.815019 0.815019 0.815019
5826.298828 0.000000 3202.462158 0.000000 0.656447 0.000000 0.754372 0.770298 0.770298 0.770298
5770.492676 0.000000 3190.798096 0.000000 0.738553 0.000000 0.674195 0.745029 0.745029 0.745029
5742.333984 0.000000 3201.938232 0.000000 0.554549 0.000000 -0.832151 0.876566 0.876566 0.876566
5764.387695 0.000000 3209.446533 0.000000 0.017028 0.000000 0.999855 0.732970 0.732970 0.732970
5796.124512 0.000000 3206.026367 0.000000 0.923556 0.000000 0.383464 0.772647 0.772647 0.772647
5785.498535 0.000000 3194.958008 0.000000 0.599224 0.000000 0.800582 0.734370 0.734370 0.734370
5776.761230 0.000000 3196.462158 0.000000 0.988940 0.000000 0.148319 0.792061 0.792061 0.792061
5762.005371 0.000000 3199.344971 0.000000 0.939672 0.000000 0.342076 0.792888 0.792888 0.792888
5789.349121 0.000000 3202.185059 0.000000 0.641888 0.000000 0.766798 0.759161 0.759161 0.759161
5748.850586 0.000000 3205.534668 0.000000 0.842568 0.000000 -0.538590 0.819766 0.819766 0.819766
5774.523438 0.000000 3206.876709 0.000000 0.541866 0.000000 -0.840465 0.834687 0.834687 0.834687
5820.792480 0.000000 3205.901855 0.000000 0.948582 0.000000 -0.316532 0.810807 0.810807 0.810807
5811.701660 0.000000 3206.071533 0.000000 0.968586 0.000000 0.248680 0.788556 0.788556 0.788556
5765.302246 0.000000 3194.028809 0.000000 0.992114 0.000000 0.125336 0.783811 0.783811 0.783811
5784.984375 0.000000 3189.312744 0.000000 0.657944 0.000000 -0.753066 0.821970 0.821970 0.821970
5786.787598 0.000000 3207.494385 0.000000 0.344101 0.000000 0.938933 0.767849 0.767849 0.767849
5741.926270 0.000000 3207.833008 0.000000 0.759421 0.000000 0.650599 0.750765 0.750765 0.750765
5769.008301 0.000000 3206.635986 0.000000 0.218880 0.000000 -0.975752 0.878469 0.878469 0.878469
5776.732910 0.000000 3201.926514 0.000000 0.857246 0.000000 -0.514906 0.848290 0.848290 0.848290
5776.025391 0.000000 3190.797607 0.000000 0.981327 0.000000 -0.192347 0.814960 0.814960 0.814960
5764.158203 0.000000 3204.080811 0.000000 0.613045 0.000000 0.790048 0.756338 0.756338 0.756338
5770.334473 0.000000 3196.110596 0.000000 0.422500 0.000000 0.906363 0.697348 0.697348 0.697348
5781.132324 0.000000 3192.497559 0.000000 0.957676 0.000000 -0.287848 0.820644 0.820644 0.820644
5781.663574 0.000000 3198.537598 0.000000 0.314765 0.000000 0.949170 0.696594 0.696594 0.696594
5743.618164 0.000000 3197.131348 0.000000 0.865617 0.000000 -0.500706 0.829850 0.829850 0.829850
5800.754395 0.000000 3204.282227 0.000000 0.964323 0.000000 0.264727 0.788602 0.788602 0.788602
5774.141113 0.000000 3186.381836 0.000000 0.803822 0.000000 -0.594870 0.817560 0.817560 0.817560
5825.426758 0.000000 3207.139648 0.000000 0.994183 0.000000 -0.107707 0.806595 0.806595 0.806595
5760.315918 0.000000 3207.099121 0.000000 0.511083 0.000000 -0.859531 0.838425 0.838425 0.838425
5765.179688 0.000000 3189.461426 0.000000 0.859240 0.000000 0.511573 0.770076 0.770076 0.770076
5779.082520 0.000000 3207.092773 0.000000 0.774716 0.000000 -0.632309 0.832402 0.832402 0.832402
5791.243164 0.000000 3206.341553 0.000000 0.010594 0.000000 0.999944 0.749519 0.749519 0.749519
5766.473633 0.000000 3198.629883 0.000000 0.989810 0.000000 -0.142397 0.807791 0.807791 0.807791
5816.538574 0.000000 3206.951172 0.000000 0.865716 0.000000 0.500535 0.769847 0.769847 0.769847
5785.327148 0.000000 3200.771973 0.000000 0.996730 0.000000 0.080806 0.792293 0.792293 0.792293
5773.447754 0.000000 3199.016113 0.000000 0.954807 0.000000 -0.297226 0.825315 0.825315 0.825315
5793.377930 0.000000 3202.261230 0.000000 0.892213 0.000000 -0.451615 0.823864 0.823864 0.823864
5746.088379 0.000000 3202.748779 0.000000 0.871648 0.000000 -0.490132 0.817187 0.817187 0.817187
5773.735352 0.000000 3193.991455 0.000000 0.730810 0.000000 -0.682581 0.860770 0.860770 0.860770
5773.209961 0.000000 3203.285400 0.000000 0.616631 0.000000 0.787252 0.725602 0.725602 0.725602
5745.642090 0.000000 3207.724365 0.000000 0.678273 0.000000 0.734810 0.745600 0.745600 0.745600
5802.605469 0.000000 3207.998535 0.000000 0.843192 0.000000 -0.537613 0.841491 0.841491 0.841491
5760.631836 0.000000 3203.072754 0.000000 0.126112 0.000000 0.992016 0.718651 0.718651 0.718651
5783.342773 0.000000 3206.942627 0.000000 0.948250 0.000000 0.317524 0.780833 0.780833 0.780833
5762.446289 0.000000 3195.940918 0.000000 0.683252 0.000000 -0.730183 0.879457 0.879457 0.879457
5785.497559 0.000000 3204.304443 0.000000 0.655883 0.000000 0.754863 0.726192 0.726192 0.726192
5799.365723 0.000000 3207.315186 0.000000 0.743329 0.000000 -0.668926 0.854442 0.854442 0.854442
5767.344727 0.000000 3203.353760 0.000000 0.285121 0.000000 -0.958492 0.865275 0.865275 0.865275
5777.978027 0.000000 3193.373535 0.000000 0.556273 0.000000 -0.831000 0.862299 0.862299 0.862299
5743.670898 0.000000 3205.151367 0.000000 0.962388 0.000000 0.271679 0.783350 0.783350 0.783350
5779.042969 0.000000 3189.739014 0.000000 0.966985 0.000000 -0.254832 0.816365 0.816365 0.816365
5780.365723 0.000000 3195.553955 0.000000 0.998437 0.000000 -0.055893 0.803619 0.803619 0.803619
5779.863770 0.000000 3201.410156 0.000000 0.959978 0.000000 0.280075 0.773636 0.773636 0.773636
5763.013184 0.000000 3191.755859 0.000000 0.808786 0.000000 -0.588104 0.855376 0.855376 0.855376
5813.675293 0.000000 3208.498779 0.000000 0.549758 0.000000 -0.835324 0.856279 0.856279 0.856279
5745.499023 0.000000 3199.781494 0.000000 0.617948 0.000000 0.786219 0.741459 0.741459 0.741459
5776.920410 0.000000 3205.079346 0.000000 0.367577 0.000000 0.929993 0.721995 0.721995 0.721995
5828.410156 0.000000 3204.858154 0.000000 0.759013 0.000000 -0.651076 0.842057 0.842057 0.842057
5777.986816 0.000000 3199.096436 0.000000 0.573416 0.000000 -0.819264 0.870184 0.870184 0.870184
5821.417969 0.000000 3208.733887 0.000000 0.140767 0.000000 -0.990043 0.917348 0.917348 0.917348
5770.166504 0.000000 3204.055664 0.000000 0.997868 0.000000 0.065265 0.795656 0.795656 0.795656
5741.850098 0.000000 3199.251953 0.000000 0.920485 0.000000 -0.390778 0.828385 0.828385 0.828385
5782.982422 0.000000 3196.160156 0.000000 0.816418 0.000000 -0.577462 0.845739 0.845739 0.845739
5760.978516 0.000000 3193.587402 0.000000 0.053295 0.000000 -0.998579 0.893651 0.893651 0.893651
5805.356934 0.000000 3208.574951 0.000000 0.994990 0.000000 0.099972 0.791720 0.791720 0.791720
5769.286133 0.000000 3198.638184 0.000000 0.227843 0.000000 -0.973698 0.898824 0.898824 0.898824
5779.465332 0.000000 3204.005127 0.000000 0.531663 0.000000 0.846956 0.718889 0.718889 0.718889
5764.958984 0.000000 3196.469727 0.000000 0.002905 0.000000 -0.999996 0.913672 0.913672 0.913672
5843.341797 0.000000 3204.729248 0.000000 0.058959 0.000000 0.998260 0.788224 0.788224 0.788224
5869.129883 0.000000 3203.684814 0.000000 0.907632 0.000000 -0.419766 0.801557 0.801557 0.801557
5892.493164 0.000000 3205.584229 0.000000 0.983775 0.000000 -0.179407 0.802378 0.802378 0.802378
5829.326172 0.000000 3201.938232 0.000000 0.471541 0.000000 -0.881844 0.813586 0.813586 0.813586
5876.341309 0.000000 3202.185059 0.000000 0.995969 0.000000 -0.089694 0.805005 0.805005 0.805005
5828.918457 0.000000 3207.833008 0.000000 0.906178 0.000000 0.422897 0.768344 0.768344 0.768344
5872.319336 0.000000 3200.771973 0.000000 0.732143 0.000000 -0.681151 0.831878 0.831878 0.831878
5894.917969 0.000000 3207.952148 0.000000 0.189139 0.000000 0.981950 0.739617 0.739617 0.739617
5844.211426 0.000000 3208.001953 0.000000 0.983523 0.000000 -0.180784 0.813288 0.813288 0.813288
5594.515137 0.000000 3231.058105 0.000000 0.972103 0.000000 0.234554 0.788368 0.788368 0.788368
5621.175781 0.000000 3244.129150 0.000000 0.417589 0.000000 0.908636 0.790437 0.790437 0.790437
5621.093750 0.000000 3261.566406 0.000000 0.974674 0.000000 -0.223632 0.807973 0.807973 0.807973
5585.570312 0.000000 3217.638184 0.000000 0.603959 0.000000 -0.797015 0.846974 0.846974 0.846974
5651.358398 0.000000 3258.150879 0.000000 0.186687 0.000000 -0.982419 0.809115 0.809115 0.809115
5607.769531 0.000000 3238.377686 0.000000 0.858437 0.000000 0.512919 0.770311 0.770311 0.770311
5626.286133 0.000000 3222.960938 0.000000 0.088363 0.000000 -0.996088 0.884376 0.884376 0.884376
5581.563477 0.000000 3229.362061 0.000000 0.144288 0.000000 0.989536 0.726520 0.726520 0.726520
5613.198242 0.000000 3252.851074 0.000000 0.997542 0.000000 -0.070065 0.805336 0.805336 0.805336
5628.225586 0.000000 3252.526367 0.000000 0.619562 0.000000 -0.784948 0.830286 0.830286 0.830286
5620.900879 0.000000 3233.350586 0.000000 0.226291 0.000000 0.974060 0.716342 0.716342 0.716342
5646.567871 0.000000 3249.902832 0.000000 0.814339 0.000000 -0.580389 0.806307 0.806307 0.806307
5598.650879 0.000000 3239.267090 0.000000 0.908073 0.000000 0.418811 0.775402 0.775402 0.775402
5576.703125 0.000000 3220.007568 0.000000 0.953911 0.000000 -0.300089 0.801826 0.801826 0.801826
5580.385254 0.000000 3209.619385 0.000000 0.994393 0.000000 0.105743 0.789463 0.789463 0.789463
5587.546387 0.000000 3235.544678 0.000000 0.948825 0.000000 0.315801 0.787102 0.787102 0.787102
5640.334961 0.000000 3255.326904 0.000000 0.677627 0.000000 -0.735406 0.847032 0.847032 0.847032
5608.324707 0.000000 3246.594482 0.000000 0.583156 0.000000 0.812360 0.762504 0.762504 0.762504
5628.087891 0.000000 3231.029297 0.000000 0.457974 0.000000 -0.888965 0.845930 0.845930 0.845930
5613.410156 0.000000 3233.238525 0.000000 0.147587 0.000000 -0.989049 0.880980 0.880980 0.880980
5614.352539 0.000000 3241.589111 0.000000 0.105509 0.000000 -0.994418 0.872861 0.872861 0.872861
5619.790527 0.000000 3251.353516 0.000000 0.168593 0.000000 -0.985686 0.946104 0.946104 0.946104
5586.251465 0.000000 3224.485107 0.000000 0.311847 0.000000 -0.950132 0.837558 0.837558 0.837558
5631.099121 0.000000 3218.103271 0.000000 0.636666 0.000000 0.771140 0.788392 0.788392 0.788392
5633.990723 0.000000 3256.505859 0.000000 0.896314 0.000000 -0.443421 0.812387 0.812387 0.812387
5620.534668 0.000000 3226.596436 0.000000 0.856293 0.000000 -0.516490 0.825691 0.825691 0.825691
5601.838867 0.000000 3244.619385 0.000000 0.330559 0.000000 -0.943785 0.848056 0.848056 0.848056
5615.307617 0.000000 3259.096680 0.000000 0.963015 0.000000 -0.269447 0.815693 0.815693 0.815693
5593.035156 0.000000 3237.596924 0.000000 0.555664 0.000000 -0.831407 0.838231 0.838231 0.838231
5576.574219 0.000000 3214.041016 0.000000 0.758732 0.000000 0.651403 0.774071 0.774071 0.774071
5615.630859 0.000000 3247.324219 0.000000 0.869914 0.000000 -0.493204 0.821014 0.821014 0.821014
5645.413574 0.000000 3258.836670 0.000000 0.484108 0.000000 0.875008 0.780848 0.780848 0.780848
5588.583496 0.000000 3229.915039 0.000000 0.520984 0.000000 0.853567 0.769359 0.769359 0.769359
5585.726562 0.000000 3211.655762 0.000000 0.996875 0.000000 0.078998 0.798294 0.798294 0.798294
5624.738770 0.000000 3248.381836 0.000000 0.605319 0.000000 -0.795983 0.852403 0.852403 0.852403
5631.951660 0.000000 3234.580566 0.000000 0.834217 0.000000 -0.551437 0.814699 0.814699 0.814699
5581.777344 0.000000 3221.753174 0.000000 0.617281 0.000000 0.786743 0.759851 0.759851 0.759851
5633.923340 0.000000 3250.798340 0.000000 0.959919 0.000000 -0.280278 0.807830 0.807830 0.807830
5650.706055 0.000000 3253.009521 0.000000 0.914563 0.000000 0.404443 0.781040 0.781040 0.781040
5595.615723 0.000000 3243.459229 0.000000 0.712089 0.000000 -0.702089 0.815390 0.815390 0.815390
5581.404785 0.000000 3214.568115 0.000000 0.473529 0.000000 0.880778 0.736730 0.736730 0.736730
5616.545410 0.000000 3229.305908 0.000000 0.866638 0.000000 -0.498937 0.820970 0.820970 0.820970
5641.873535 0.000000 3250.649902 0.000000 0.798562 0.000000 0.601913 0.781037 0.781037 0.781037
5578.258301 0.000000 3225.171387 0.000000 0.424857 0.000000 -0.905260 0.828487 0.828487 0.828487
5608.521973 0.000000 3233.443359 0.000000 0.987849 0.000000 0.155418 0.794390 0.794390 0.794390
5618.902832 0.000000 3255.976074 0.000000 0.251621 0.000000 -0.967826 0.943557 0.943557 0.943557
5644.930176 0.000000 3254.229248 0.000000 0.670361 0.000000 0.742035 0.752408 0.752408 0.752408
5574.876953 0.000000 3209.535645 0.000000 0.478340 0.000000 -0.878175 0.825051 0.825051 0.825051
5610.845215 0.000000 3257.239258 0.000000 0.987493 0.000000 0.157663 0.796300 0.796300 0.796300
5605.948730 0.000000 3242.633789 0.000000 0.165442 0.000000 0.986220 0.720049 0.720049 0.720049
5625.036133 0.000000 3227.375977 0.000000 0.999899 0.000000 -0.014185 0.800884 0.800884 0.800884
5627.389648 0.000000 3235.577637 0.000000 0.387450 0.000000 -0.921891 0.860440 0.860440 0.860440
5612.059570 0.000000 3237.645264 0.000000 0.715287 0.000000 0.698831 0.764302 0.764302 0.764302
5596.690430 0.000000 3235.432617 0.000000 0.090566 0.000000 0.995890 0.722845 0.722845 0.722845
5610.127930 0.000000 3242.333252 0.000000 0.856708 0.000000 0.515801 0.762982 0.762982 0.762982
5625.821289 0.000000 3218.745361 0.000000 0.949794 0.000000 0.312876 0.789323 0.789323 0.789323
5611.732910 0.000000 3248.993164 0.000000 0.948787 0.000000 -0.315916 0.816755 0.816755 0.816755
5637.906250 0.000000 3252.019775 0.000000 0.861051 0.000000 -0.508519 0.828767 0.828767 0.828767
5590.940430 0.000000 3233.247803 0.000000 0.441672 0.000000 0.897176 0.736628 0.736628 0.736628
5584.863281 0.000000 3231.628662 0.000000 0.681723 0.000000 0.731610 0.753286 0.753286 0.753286
5623.657227 0.000000 3252.385010 0.000000 0.240268 0.000000 -0.970707 0.863663 0.863663 0.863663
5617.131836 0.000000 3262.570801 0.000000 0.047630 0.000000 0.998865 0.714213 0.714213 0.714213
5617.080566 0.000000 3234.840820 0.000000 0.676572 0.000000 -0.736376 0.828764 0.828764 0.828764
5648.163086 0.000000 3256.162598 0.000000 0.933196 0.000000 -0.359368 0.813655 0.813655 0.813655
5624.631836 0.000000 3232.628662 0.000000 0.979163 0.000000 -0.203074 0.814458 0.814458 0.814458
5580.141602 0.000000 3218.166016 0.000000 0.330573 0.000000 0.943780 0.728287 0.728287 0.728287
5582.757812 0.000000 3225.683838 0.000000 0.010930 0.000000 0.999940 0.711210 0.711210 0.711210
5602.614258 0.000000 3240.989502 0.000000 0.999680 0.000000 -0.025312 0.801350 0.801350 0.801350
5629.823730 0.000000 3222.163330 0.000000 0.586649 0.000000 0.809842 0.760412 0.760412 0.760412
5612.580566 0.000000 3244.998047 0.000000 0.520100 0.000000 -0.854105 0.858891 0.858891 0.858891
5622.259766 0.000000 3229.896973 0.000000 0.628390 0.000000 0.777898 0.724165 0.724165 0.724165
5622.484375 0.000000 3223.555176 0.000000 0.958647 0.000000 -0.284598 0.813141 0.813141 0.813141
5628.605469 0.000000 3249.008301 0.000000 0.941969 0.000000 0.335700 0.786462 0.786462 0.786462
5616.041504 0.000000 3250.857422 0.000000 0.110174 0.000000 0.993912 0.636370 0.636370 0.636370
5585.464844 0.000000 3228.007568 0.000000 0.861870 0.000000 0.507130 0.771320 0.771320 0.771320
5615.451172 0.000000 3255.670654 0.000000 0.997356 0.000000 -0.072672 0.807365 0.807365 0.807365
5619.585449 0.000000 3264.951660 0.000000 0.791608 0.000000 -0.611029 0.825995 0.825995 0.825995
5599.097656 0.000000 3242.687012 0.000000 0.805785 0.000000 -0.592207 0.828481 0.828481 0.828481
5637.117188 0.000000 3255.641113 0.000000 0.091228 0.000000 0.995830 0.715788 0.715788 0.715788
5585.131836 0.000000 3221.518311 0.000000 0.280742 0.000000 0.959783 0.726016 0.726016 0.726016
5583.442383 0.000000 3209.625000 0.000000 0.318358 0.000000 0.947970 0.713343 0.713343 0.713343
5618.392090 0.000000 3259.811768 0.000000 0.682457 0.000000 -0.730925 0.843710 0.843710 0.843710
5577.654297 0.000000 3211.121826 0.000000 0.395901 0.000000 -0.918293 0.859966 0.859966 0.859966
5595.435059 0.000000 3239.474609 0.000000 0.906963 0.000000 -0.421211 0.822404 0.822404 0.822404
5621.320801 0.000000 3254.229004 0.000000 0.025221 0.000000 0.999682 0.695355 0.695355 0.695355
5619.277344 0.000000 3230.624756 0.000000 0.390578 0.000000 0.920570 0.727122 0.727122 0.727122
5582.993164 0.000000 3219.004395 0.000000 0.562879 0.000000 -0.826539 0.863542 0.863542 0.863542
5647.823730 0.000000 3252.730957 0.000000 0.001649 0.000000 0.999999 0.714443 0.714443 0.714443
5635.001465 0.000000 3253.648438 0.000000 0.415233 0.000000 0.909715 0.737700 0.737700 0.737700
5610.948730 0.000000 3234.918701 0.000000 0.437779 0.000000 0.899082 0.736381 0.736381 0.736381
5622.082031 0.000000 3249.628906 0.000000 0.483319 0.000000 -0.875445 0.861337 0.861337 0.861337
5587.778320 0.000000 3232.698242 0.000000 0.081739 0.000000 -0.996654 0.884754 0.884754 0.884754
5615.937500 0.000000 3232.083252 0.000000 0.935242 0.000000 -0.354010 0.820597 0.820597 0.820597
5625.686523 0.000000 3229.991455 0.000000 0.759839 0.000000 0.650111 0.743601 0.743601 0.743601
5718.483887 0.000000 3211.449951 0.000000 0.074775 0.000000 0.997200 0.714849 0.714849 0.714849
5701.326660 0.000000 3210.531982 0.000000 0.999889 0.000000 -0.014907 0.800625 0.800625 0.800625
5713.278320 0.000000 3222.960938 0.000000 0.161033 0.000000 -0.986949 0.859099 0.859099 0.859099
5728.080566 0.000000 3211.386963 0.000000 0.953866 0.000000 -0.300233 0.817357 0.817357 0.817357
5655.204590 0.000000 3254.274414 0.000000 0.610582 0.000000 -0.791953 0.804929 0.804929 0.804929
5709.632812 0.000000 3214.518799 0.000000 0.698782 0.000000 -0.715334 0.817671 0.817671 0.817671
5737.046387 0.000000 3209.888672 0.000000 0.989456 0.000000 0.144832 0.787634 0.787634 0.787634
5703.386719 0.000000 3218.428711 0.000000 0.952517 0.000000 0.304486 0.792955 0.792955 0.792955
5740.160156 0.000000 3215.513184 0.000000 0.996265 0.000000 0.086347 0.798498 0.798498 0.798498
5723.241699 0.000000 3214.735840 0.000000 0.927399 0.000000 -0.374073 0.813324 0.813324 0.813324
5729.350098 0.000000 3216.867432 0.000000 0.988785 0.000000 -0.149347 0.803413 0.803413 0.803413
5706.880371 0.000000 3209.532471 0.000000 0.852133 0.000000 0.523325 0.784820 0.784820 0.784820
5708.644043 0.000000 3219.862549 0.000000 0.800103 0.000000 0.599863 0.783425 0.783425 0.783425
5732.895996 0.000000 3213.314209 0.000000 0.124299 0.000000 0.992245 0.736745 0.736745 0.736745
5714.437012 0.000000 3214.691162 0.000000 0.995701 0.000000 -0.092621 0.802779 0.802779 0.802779
5704.812012 0.000000 3213.774414 0.000000 0.747383 0.000000 -0.664394 0.841364 0.841364 0.841364
5700.025391 0.000000 3214.920410 0.000000 0.738741 0.000000 -0.673990 0.838110 0.838110 0.838110
5723.819824 0.000000 3209.619141 0.000000 0.896371 0.000000 -0.443304 0.820089 0.820089 0.820089
5712.813477 0.000000 3218.745361 0.000000 0.380789 0.000000 -0.924662 0.860812 0.860812 0.860812
5740.995605 0.000000 3210.719482 0.000000 0.569152 0.000000 -0.822233 0.856683 0.856683 0.856683
5731.643555 0.000000 3209.650146 0.000000 0.000530 0.000000 -1.000000 0.891263 0.891263 0.891263
5719.458008 0.000000 3214.787354 0.000000 0.779965 0.000000 -0.625823 0.827145 0.827145 0.827145
5726.499023 0.000000 3214.137695 0.000000 0.668374 0.000000 -0.743826 0.840708 0.840708 0.840708
5721.735840 0.000000 3211.984375 0.000000 0.584472 0.000000 -0.811414 0.855581 0.855581 0.855581
5729.809082 0.000000 3213.885498 0.000000 0.621960 0.000000 -0.783049 0.851204 0.851204 0.851204
5827.319824 0.000000 3242.448730 0.000000 0.873107 0.000000 0.487528 0.799695 0.799695 0.799695
5805.476074 0.000000 3211.449951 0.000000 0.662617 0.000000 -0.748959 0.888251 0.888251 0.888251
5744.894531 0.000000 3211.871094 0.000000 0.967890 0.000000 0.251374 0.787059 0.787059 0.787059
5773.534668 0.000000 3210.240723 0.000000 0.914988 0.000000 -0.403481 0.802986 0.802986 0.802986
5787.755371 0.000000 3225.227295 0.000000 0.570057 0.000000 0.821605 0.779202 0.779202 0.779202
5810.081543 0.000000 3231.221191 0.000000 0.912393 0.000000 -0.409316 0.809854 0.809854 0.809854
5821.797363 0.000000 3218.209473 0.000000 0.639170 0.000000 -0.769066 0.840479 0.840479 0.840479
5759.554688 0.000000 3217.638184 0.000000 0.999878 0.000000 -0.015634 0.800497 0.800497 0.800497
5821.247559 0.000000 3275.085205 0.000000 0.922299 0.000000 0.386477 0.796671 0.796671 0.796671
5788.318848 0.000000 3210.531982 0.000000 0.526053 0.000000 0.850452 0.778067 0.778067 0.778067
5800.270508 0.000000 3222.960938 0.000000 0.909863 0.000000 0.414909 0.789746 0.789746 0.789746
5823.756348 0.000000 3231.488281 0.000000 0.923549 0.000000 -0.383481 0.815092 0.815092 0.815092
5794.885254 0.000000 3233.350586 0.000000 0.587654 0.000000 -0.809112 0.810166 0.810166 0.810166
5811.312012 0.000000 3220.482178 0.000000 0.054441 0.000000 0.998517 0.776378 0.776378 0.776378
5824.968262 0.000000 3286.089600 0.000000 0.953617 0.000000 0.301023 0.794137 0.794137 0.794137
5815.072754 0.000000 3211.386963 0.000000 0.726705 0.000000 0.686950 0.773229 0.773229 0.773229
5796.625000 0.000000 3214.518799 0.000000 0.823561 0.000000 0.567228 0.775426 0.775426 0.775426
5754.369629 0.000000 3209.619385 0.000000 0.246325 0.000000 0.969187 0.777031 0.777031 0.777031
5824.038574 0.000000 3209.888672 0.000000 0.968793 0.000000 -0.247870 0.816809 0.816809 0.816809
5819.438477 0.000000 3264.911133 0.000000 0.594036 0.000000 -0.804439 0.849846 0.849846 0.849846
5783.296875 0.000000 3217.525635 0.000000 0.982218 0.000000 -0.187742 0.801584 0.801584 0.801584
5828.326660 0.000000 3266.329102 0.000000 0.260460 0.000000 0.965484 0.789034 0.789034 0.789034
5816.664551 0.000000 3226.656982 0.000000 0.616088 0.000000 -0.787677 0.824456 0.824456 0.824456
5766.027344 0.000000 3212.795166 0.000000 0.202972 0.000000 0.979185 0.727953 0.727953 0.727953
5802.072266 0.000000 3231.029297 0.000000 0.667410 0.000000 0.744691 0.752182 0.752182 0.752182
5790.378906 0.000000 3218.428711 0.000000 0.976469 0.000000 0.215656 0.786846 0.786846 0.786846
5825.072266 0.000000 3224.465332 0.000000 0.951417 0.000000 0.307904 0.784247 0.784247 0.784247
5806.549805 0.000000 3225.464844 0.000000 0.964883 0.000000 0.262679 0.790922 0.790922 0.790922
5805.083496 0.000000 3218.103271 0.000000 0.972701 0.000000 -0.232064 0.804350 0.804350 0.804350
5794.519043 0.000000 3226.596436 0.000000 0.056967 0.000000 0.998376 0.760998 0.760998 0.760998
5825.629395 0.000000 3279.351074 0.000000 0.008579 0.000000 -0.999963 0.901092 0.901092 0.901092
5827.152344 0.000000 3215.513184 0.000000 0.079250 0.000000 0.996855 0.736551 0.736551 0.736551
5826.659180 0.000000 3272.145752 0.000000 0.381412 0.000000 0.924405 0.750531 0.750531 0.750531
5818.980469 0.000000 3285.456299 0.000000 0.789492 0.000000 -0.613761 0.821777 0.821777 0.821777
5750.558594 0.000000 3214.041016 0.000000 0.878981 0.000000 -0.476857 0.820848 0.820848 0.820848
5810.233887 0.000000 3214.735840 0.000000 0.729123 0.000000 -0.684382 0.814452 0.814452 0.814452
5799.947266 0.000000 3209.635498 0.000000 0.833797 0.000000 -0.552071 0.852914 0.852914 0.852914
5759.710938 0.000000 3211.655762 0.000000 0.689341 0.000000 -0.724437 0.827671 0.827671 0.827671
5793.872559 0.000000 3209.532471 0.000000 0.960210 0.000000 -0.279280 0.807801 0.807801 0.807801
5795.636230 0.000000 3219.862549 0.000000 0.940634 0.000000 0.339421 0.782986 0.782986 0.782986
5819.888184 0.000000 3213.314209 0.000000 0.284534 0.000000 0.958666 0.746219 0.746219 0.746219
5820.351074 0.000000 3280.628662 0.000000 0.134694 0.000000 -0.990887 0.877420 0.877420 0.877420
5820.016113 0.000000 3222.966797 0.000000 0.056935 0.000000 0.998378 0.758276 0.758276 0.758276
5755.389160 0.000000 3214.568115 0.000000 0.407459 0.000000 -0.913224 0.863454 0.863454 0.863454
5811.293945 0.000000 3226.451416 0.000000 0.930483 0.000000 0.366335 0.778651 0.778651 0.778651
5801.429199 0.000000 3214.691162 0.000000 0.093689 0.000000 -0.995602 0.892921 0.892921 0.892921
5748.861328 0.000000 3209.535645 0.000000 0.969163 0.000000 0.246422 0.779860 0.779860 0.779860
5791.804199 0.000000 3213.774414 0.000000 0.617377 0.000000 0.786667 0.767451 0.767451 0.767451
5791.860840 0.000000 3222.881104 0.000000 0.999202 0.000000 -0.039948 0.802203 0.802203 0.802203
5787.017578 0.000000 3214.920410 0.000000 0.576913 0.000000 0.816806 0.754755 0.754755 0.754755
5821.597656 0.000000 3227.491211 0.000000 0.999923 0.000000 0.012446 0.799329 0.799329 0.799329
5785.766602 0.000000 3221.223389 0.000000 0.952883 0.000000 0.303337 0.787628 0.787628 0.787628
5799.020508 0.000000 3227.375977 0.000000 0.925711 0.000000 -0.378232 0.816036 0.816036 0.816036
5810.812012 0.000000 3209.619141 0.000000 0.994980 0.000000 -0.100077 0.805706 0.805706 0.805706
5826.972656 0.000000 3228.418213 0.000000 0.708239 0.000000 0.705972 0.738479 0.738479 0.738479
5826.220703 0.000000 3220.351318 0.000000 0.181059 0.000000 0.983472 0.720951 0.720951 0.720951
5799.805664 0.000000 3218.745361 0.000000 0.022714 0.000000 0.999742 0.707243 0.707243 0.707243
5769.092285 0.000000 3209.941406 0.000000 0.041079 0.000000 -0.999156 0.886156 0.886156 0.886156
5806.212891 0.000000 3229.852051 0.000000 0.897514 0.000000 -0.440985 0.825996 0.825996 0.825996
5762.334961 0.000000 3214.730713 0.000000 0.965149 0.000000 -0.261700 0.810630 0.810630 0.810630
5827.987793 0.000000 3210.719482 0.000000 0.679545 0.000000 -0.733634 0.861195 0.861195 0.861195
5818.635742 0.000000 3209.650146 0.000000 0.917114 0.000000 0.398624 0.769291 0.769291 0.769291
5802.932129 0.000000 3226.783203 0.000000 0.973822 0.000000 -0.227314 0.807969 0.807969 0.807969
5823.424805 0.000000 3214.690674 0.000000 0.399813 0.000000 0.916597 0.715938 0.715938 0.715938
5798.616211 0.000000 3232.628662 0.000000 0.842634 0.000000 0.538487 0.781601 0.781601 0.781601
5819.234863 0.000000 3230.452881 0.000000 0.978027 0.000000 0.208481 0.792701 0.792701 0.792701
5824.980469 0.000000 3275.707764 0.000000 0.373688 0.000000 0.927554 0.737370 0.737370 0.737370
5823.585938 0.000000 3282.640869 0.000000 0.952003 0.000000 -0.306088 0.817894 0.817894 0.817894
5796.244141 0.000000 3229.896973 0.000000 0.968990 0.000000 -0.247098 0.811669 0.811669 0.811669
5796.468750 0.000000 3223.555176 0.000000 0.759884 0.000000 -0.650059 0.831801 0.831801 0.831801
5793.842773 0.000000 3216.825684 0.000000 0.532058 0.000000 0.846708 0.763699 0.763699 0.763699
5763.138184 0.000000 3210.842041 0.000000 0.950000 0.000000 -0.312250 0.813319 0.813319 0.813319
5806.450195 0.000000 3214.787354 0.000000 0.540243 0.000000 0.841509 0.721503 0.721503 0.721503
5823.023926 0.000000 3221.448242 0.000000 0.930738 0.000000 -0.365686 0.819739 0.819739 0.819739
5828.421875 0.000000 3277.780518 0.000000 0.969337 0.000000 -0.245735 0.816066 0.816066 0.816066
5787.117188 0.000000 3218.147461 0.000000 0.999812 0.000000 -0.019364 0.801091 0.801091 0.801091
5796.821777 0.000000 3210.806885 0.000000 0.809500 0.000000 -0.587120 0.839478 0.839478 0.839478
5822.533203 0.000000 3278.020508 0.000000 0.642995 0.000000 0.765870 0.761319 0.761319 0.761319
5788.885254 0.000000 3221.793945 0.000000 0.946839 0.000000 -0.321708 0.821391 0.821391 0.821391
5827.180664 0.000000 3282.337158 0.000000 0.893799 0.000000 -0.448467 0.828422 0.828422 0.828422
5808.728027 0.000000 3211.984375 0.000000 0.372130 0.000000 -0.928180 0.887663 0.887663 0.887663
5741.839355 0.000000 3211.260498 0.000000 0.873205 0.000000 0.487353 0.770109 0.770109 0.770109
5758.638672 0.000000 3214.470459 0.000000 0.912799 0.000000 -0.408408 0.821679 0.821679 0.821679
5751.638672 0.000000 3211.121826 0.000000 0.982866 0.000000 -0.184323 0.814662 0.814662 0.814662
5808.813965 0.000000 3228.173828 0.000000 0.996025 0.000000 -0.089074 0.804970 0.804970 0.804970
5824.808594 0.000000 3217.734375 0.000000 0.483598 0.000000 0.875291 0.736126 0.736126 0.736126
5825.596680 0.000000 3212.628662 0.000000 0.424596 0.000000 -0.905383 0.867843 0.867843 0.867843
5799.148926 0.000000 3212.721924 0.000000 0.985177 0.000000 -0.171539 0.812085 0.812085 0.812085
5827.604980 0.000000 3231.300781 0.000000 0.895980 0.000000 -0.444094 0.828399 0.828399 0.828399
5820.486328 0.000000 3262.139404 0.000000 0.998229 0.000000 -0.059496 0.803282 0.803282 0.803282
5798.203613 0.000000 3221.018066 0.000000 0.071960 0.000000 -0.997407 0.884414 0.884414 0.884414
5822.378418 0.000000 3212.125732 0.000000 0.537062 0.000000 -0.843543 0.864959 0.864959 0.864959
5824.407227 0.000000 3227.317871 0.000000 0.953955 0.000000 0.299949 0.781747 0.781747 0.781747
5821.276367 0.000000 3209.756592 0.000000 0.901445 0.000000 0.432894 0.763250 0.763250 0.763250
5855.491699 0.000000 3231.058105 0.000000 0.964527 0.000000 0.263982 0.784794 0.784794 0.784794
5829.967285 0.000000 3274.645508 0.000000 0.552357 0.000000 -0.833608 0.857874 0.857874 0.857874
5868.734375 0.000000 3270.541992 0.000000 0.999164 0.000000 0.040886 0.799314 0.799314 0.799314
5831.886719 0.000000 3211.871094 0.000000 0.941231 0.000000 -0.337764 0.820850 0.820850 0.820850
5860.526855 0.000000 3210.240723 0.000000 0.999689 0.000000 0.024958 0.799731 0.799731 0.799731
5874.747559 0.000000 3225.227295 0.000000 0.566451 0.000000 -0.824096 0.856295 0.856295 0.856295
5830.445312 0.000000 3233.230469 0.000000 0.502246 0.000000 0.864725 0.723641 0.723641 0.723641
5846.546875 0.000000 3217.638184 0.000000 0.964305 0.000000 0.264795 0.783300 0.783300 0.783300
5868.746094 0.000000 3238.377686 0.000000 0.945796 0.000000 -0.324762 0.802378 0.802378 0.802378
5851.332520 0.000000 3243.554688 0.000000 0.943953 0.000000 0.330080 0.795163 0.795163 0.795163
5887.262695 0.000000 3222.960938 0.000000 0.069900 0.000000 0.997554 0.719966 0.719966 0.719966
5842.540039 0.000000 3229.362061 0.000000 0.973748 0.000000 -0.227627 0.810457 0.810457 0.810457
5863.891113 0.000000 3281.824463 0.000000 0.870512 0.000000 -0.492147 0.829289 0.829289 0.829289
5862.773438 0.000000 3221.760010 0.000000 0.798900 0.000000 0.601464 0.761334 0.761334 0.761334
5841.291016 0.000000 3276.702393 0.000000 0.190113 0.000000 -0.981762 0.895882 0.895882 0.895882
5855.645996 0.000000 3273.743408 0.000000 0.967673 0.000000 0.252210 0.789917 0.789917 0.789917
5881.877441 0.000000 3233.350586 0.000000 0.002983 0.000000 0.999996 0.778394 0.778394 0.778394
5828.699707 0.000000 3221.950439 0.000000 0.679200 0.000000 -0.733953 0.846910 0.846910 0.846910
5898.304199 0.000000 3220.482178 0.000000 0.922359 0.000000 0.386335 0.773857 0.773857 0.773857
5841.096191 0.000000 3239.583008 0.000000 0.070980 0.000000 -0.997478 0.924907 0.924907 0.924907
5857.484863 0.000000 3297.782471 0.000000 0.998309 0.000000 0.058130 0.797317 0.797317 0.797317
5902.064941 0.000000 3211.386963 0.000000 0.579503 0.000000 0.814970 0.787442 0.787442 0.787442
5859.627441 0.000000 3239.267090 0.000000 0.970152 0.000000 0.242498 0.787819 0.787819 0.787819
5837.679688 0.000000 3220.007568 0.000000 0.963291 0.000000 -0.268461 0.814168 0.814168 0.814168
5883.617188 0.000000 3214.518799 0.000000 0.903760 0.000000 0.428041 0.775882 0.775882 0.775882
5831.475098 0.000000 3242.862793 0.000000 0.879216 0.000000 -0.476422 0.808926 0.808926 0.808926
5841.361816 0.000000 3209.619385 0.000000 0.005104 0.000000 0.999987 0.696807 0.696807 0.696807
5853.796387 0.000000 3222.447998 0.000000 0.017010 0.000000 -0.999855 0.824206 0.824206 0.824206
5858.605469 0.000000 3289.228271 0.000000 0.200780 0.000000 -0.979636 0.945969 0.945969 0.945969
5866.628906 0.000000 3229.588135 0.000000 0.334582 0.000000 0.942366 0.731481 0.731481 0.731481
5870.289062 0.000000 3217.525635 0.000000 0.913969 0.000000 -0.405784 0.819778 0.819778 0.819778
5848.522949 0.000000 3235.544678 0.000000 0.855138 0.000000 -0.518401 0.807837 0.807837 0.807837
5840.076172 0.000000 3268.675781 0.000000 0.692963 0.000000 -0.720974 0.809649 0.809649 0.809649
5853.019531 0.000000 3212.795166 0.000000 0.998474 0.000000 0.055224 0.798279 0.798279 0.798279
5828.962891 0.000000 3282.696045 0.000000 0.244106 0.000000 0.969748 0.734939 0.734939 0.734939
5848.885254 0.000000 3277.090576 0.000000 0.878652 0.000000 -0.477463 0.823860 0.823860 0.823860
5834.865723 0.000000 3227.117188 0.000000 0.516571 0.000000 0.856244 0.758733 0.758733 0.758733
5874.386719 0.000000 3233.238525 0.000000 0.039148 0.000000 -0.999233 0.859652 0.859652 0.859652
5877.371094 0.000000 3218.428711 0.000000 0.059861 0.000000 -0.998207 0.831685 0.831685 0.831685
5842.014648 0.000000 3283.575684 0.000000 0.999570 0.000000 0.029332 0.799525 0.799525 0.799525
5847.228027 0.000000 3224.485107 0.000000 0.395597 0.000000 0.918424 0.735134 0.735134 0.735134
5837.388672 0.000000 3234.031006 0.000000 0.197733 0.000000 -0.980256 0.911780 0.911780 0.911780
5893.541992 0.000000 3225.464844 0.000000 0.279944 0.000000 0.960016 0.776865 0.776865 0.776865
5892.075684 0.000000 3218.103271 0.000000 0.998438 0.000000 -0.055864 0.802043 0.802043 0.802043
5835.129883 0.000000 3280.217529 0.000000 0.260360 0.000000 -0.965512 0.832901 0.832901 0.832901
5830.552246 0.000000 3267.729980 0.000000 0.337262 0.000000 -0.941411 0.822787 0.822787 0.822787
5858.510254 0.000000 3216.622803 0.000000 0.998646 0.000000 0.052028 0.797037 0.797037 0.797037
5857.074219 0.000000 3282.103271 0.000000 0.601830 0.000000 0.798624 0.768963 0.768963 0.768963
5881.511230 0.000000 3226.596436 0.000000 0.850253 0.000000 -0.526374 0.861114 0.861114 0.861114
5864.137695 0.000000 3275.513916 0.000000 0.822576 0.000000 -0.568656 0.834430 0.834430 0.834430
5862.815430 0.000000 3244.619385 0.000000 0.707516 0.000000 0.706698 0.755327 0.755327 0.755327
5868.706055 0.000000 3223.799805 0.000000 0.557780 0.000000 0.829989 0.760108 0.760108 0.760108
5864.480957 0.000000 3215.300293 0.000000 0.295693 0.000000 0.955283 0.729198 0.729198 0.729198
5845.509766 0.000000 3271.524658 0.000000 0.005064 0.000000 0.999987 0.744650 0.744650 0.744650
5836.019043 0.000000 3273.083496 0.000000 0.935143 0.000000 0.354272 0.779387 0.779387 0.779387
5861.388672 0.000000 3233.387207 0.000000 0.760769 0.000000 0.649022 0.747101 0.747101 0.747101
5859.477051 0.000000 3226.728027 0.000000 0.028231 0.000000 0.999601 0.770424 0.770424 0.770424
5864.625977 0.000000 3287.925537 0.000000 0.884530 0.000000 0.466484 0.783134 0.783134 0.783134
5854.011719 0.000000 3237.596924 0.000000 0.106639 0.000000 -0.994298 0.838595 0.838595 0.838595
5837.550781 0.000000 3214.041016 0.000000 0.948316 0.000000 0.317329 0.769430 0.769430 0.769430
5897.226074 0.000000 3214.735840 0.000000 0.944813 0.000000 0.327611 0.765602 0.765602 0.765602
5886.939453 0.000000 3209.635498 0.000000 0.899899 0.000000 0.436098 0.781884 0.781884 0.781884
5849.560059 0.000000 3229.915039 0.000000 0.949052 0.000000 -0.315119 0.824395 0.824395 0.824395
5845.024902 0.000000 3243.648438 0.000000 0.874895 0.000000 0.484313 0.783642 0.783642 0.783642
5846.703125 0.000000 3211.655762 0.000000 0.643208 0.000000 0.765691 0.754016 0.754016 0.754016
5832.440918 0.000000 3217.372803 0.000000 0.572724 0.000000 -0.819748 0.852397 0.852397 0.852397
5903.334473 0.000000 3216.867432 0.000000 0.550548 0.000000 0.834804 0.728386 0.728386 0.728386
5828.547363 0.000000 3227.933105 0.000000 0.928670 0.000000 -0.370908 0.833924 0.833924 0.833924
5835.498047 0.000000 3239.241455 0.000000 0.513126 0.000000 0.858313 0.706632 0.706632 0.706632
5882.628418 0.000000 3219.862549 0.000000 0.979655 0.000000 -0.200689 0.807506 0.807506 0.807506
5839.765137 0.000000 3244.703369 0.000000 0.874065 0.000000 -0.485808 0.814286 0.814286 0.814286
5842.753906 0.000000 3221.753174 0.000000 0.700630 0.000000 -0.713525 0.868075 0.868075 0.868075
5850.747070 0.000000 3271.127686 0.000000 0.777586 0.000000 0.628777 0.762110 0.762110 0.762110
5828.759766 0.000000 3238.067139 0.000000 0.985103 0.000000 -0.171967 0.804660 0.804660 0.804660
5842.965820 0.000000 3234.594238 0.000000 0.786005 0.000000 -0.618219 0.863893 0.863893 0.863893
5856.592285 0.000000 3243.459229 0.000000 0.999922 0.000000 0.012490 0.799237 0.799237 0.799237
5859.246094 0.000000 3277.258545 0.000000 0.635591 0.000000 -0.772026 0.815854 0.815854 0.815854
5869.353027 0.000000 3275.630371 0.000000 0.704486 0.000000 0.709718 0.775414 0.775414 0.775414
5846.433105 0.000000 3281.432617 0.000000 0.769780 0.000000 -0.638310 0.815348 0.815348 0.815348
5851.859375 0.000000 3217.934814 0.000000 0.056591 0.000000 0.998397 0.713811 0.713811 0.713811
5842.381348 0.000000 3214.568115 0.000000 0.825717 0.000000 0.564084 0.730694 0.730694 0.730694
5861.133301 0.000000 3293.366211 0.000000 0.156014 0.000000 0.987755 0.700017 0.700017 0.700017
5871.446289 0.000000 3228.812256 0.000000 0.719269 0.000000 0.694732 0.761804 0.761804 0.761804
5877.521973 0.000000 3229.305908 0.000000 0.979835 0.000000 -0.199807 0.812535 0.812535 0.812535
5888.421387 0.000000 3214.691162 0.000000 0.205603 0.000000 0.978635 0.720741 0.720741 0.720741
5864.026367 0.000000 3237.306152 0.000000 0.994153 0.000000 0.107983 0.796240 0.796240 0.796240
5869.498535 0.000000 3233.443359 0.000000 0.287844 0.000000 -0.957677 0.853636 0.853636 0.853636
5854.057617 0.000000 3288.043701 0.000000 0.484054 0.000000 -0.875038 0.849797 0.849797 0.849797
5833.193359 0.000000 3222.569824 0.000000 0.993908 0.000000 0.110216 0.796030 0.796030 0.796030
5878.853027 0.000000 3222.881104 0.000000 0.482361 0.000000 -0.875972 0.865877 0.865877 0.865877
5860.765625 0.000000 3285.264404 0.000000 0.999995 0.000000 -0.003147 0.800285 0.800285 0.800285
5866.925293 0.000000 3242.633789 0.000000 0.161319 0.000000 -0.986902 0.850646 0.850646 0.850646
5855.847656 0.000000 3293.145996 0.000000 0.605896 0.000000 -0.795544 0.888189 0.888189 0.888189
5845.501465 0.000000 3239.115967 0.000000 0.998810 0.000000 0.048770 0.795966 0.795966 0.795966
5872.758789 0.000000 3221.223389 0.000000 0.976304 0.000000 -0.216406 0.811894 0.811894 0.811894
5886.012695 0.000000 3227.375977 0.000000 0.853280 0.000000 0.521452 0.786853 0.786853 0.786853
5853.206543 0.000000 3227.247559 0.000000 0.932863 0.000000 0.360232 0.779024 0.779024 0.779024
5897.804199 0.000000 3209.619141 0.000000 0.008390 0.000000 0.999965 0.716683 0.716683 0.716683
5864.202637 0.000000 3225.942871 0.000000 0.635895 0.000000 0.771776 0.777814 0.777814 0.777814
5828.925293 0.000000 3214.945068 0.000000 0.044236 0.000000 -0.999021 0.864941 0.864941 0.864941
5867.544434 0.000000 3279.518555 0.000000 0.705184 0.000000 -0.709024 0.823611 0.823611 0.823611
5857.666992 0.000000 3235.432617 0.000000 0.173395 0.000000 0.984852 0.744774 0.744774 0.744774
5834.187500 0.000000 3231.287354 0.000000 0.196100 0.000000 0.980584 0.686438 0.686438 0.686438
5866.401855 0.000000 3219.433105 0.000000 0.573381 0.000000 0.819289 0.697596 0.697596 0.697596
5837.667969 0.000000 3283.564209 0.000000 0.410323 0.000000 -0.911940 0.839207 0.839207 0.839207
5831.107422 0.000000 3279.043701 0.000000 0.989041 0.000000 -0.147641 0.805505 0.805505 0.805505
5886.797852 0.000000 3218.745361 0.000000 0.998262 0.000000 0.058933 0.796643 0.796643 0.796643
5845.839844 0.000000 3231.628662 0.000000 0.945244 0.000000 -0.326365 0.822509 0.822509 0.822509
5849.244629 0.000000 3220.970703 0.000000 0.865676 0.000000 -0.500605 0.815707 0.815707 0.815707
5849.327148 0.000000 3214.730713 0.000000 0.086562 0.000000 -0.996246 0.880032 0.880032 0.880032
5894.392090 0.000000 3221.481445 0.000000 0.753965 0.000000 0.656915 0.757486 0.757486 0.757486
5837.219727 0.000000 3276.850098 0.000000 0.959357 0.000000 0.282197 0.786116 0.786116 0.786116
5865.320312 0.000000 3233.302246 0.000000 0.900976 0.000000 -0.433870 0.826621 0.826621 0.826621
5840.029297 0.000000 3272.947754 0.000000 0.035104 0.000000 -0.999384 0.887413 0.887413 0.887413
5862.666016 0.000000 3229.573486 0.000000 0.181714 0.000000 0.983351 0.732633 0.732633 0.732633
5833.450195 0.000000 3235.848877 0.000000 0.855972 0.000000 0.517022 0.765164 0.765164 0.765164
5832.496094 0.000000 3271.364990 0.000000 0.591164 0.000000 0.806551 0.746591 0.746591 0.746591
5845.308594 0.000000 3275.457275 0.000000 0.891910 0.000000 0.452214 0.767667 0.767667 0.767667
5839.821289 0.000000 3280.325684 0.000000 0.321613 0.000000 -0.946871 0.873009 0.873009 0.873009
5864.970703 0.000000 3271.501221 0.000000 0.995946 0.000000 0.089955 0.797032 0.797032 0.797032
5855.540527 0.000000 3219.075195 0.000000 0.781819 0.000000 0.623505 0.773781 0.773781 0.773781
5851.981934 0.000000 3274.898438 0.000000 0.599590 0.000000 0.800307 0.747188 0.747188 0.747188
5833.605957 0.000000 3275.963379 0.000000 0.865547 0.000000 -0.500827 0.817915 0.817915 0.817915
5843.734375 0.000000 3225.683838 0.000000 0.991863 0.000000 0.127306 0.793422 0.793422 0.793422
5828.755371 0.000000 3271.139160 0.000000 0.164999 0.000000 0.986294 0.747805 0.747805 0.747805
5863.590820 0.000000 3240.989502 0.000000 0.909939 0.000000 -0.414742 0.826393 0.826393 0.826393
5862.058105 0.000000 3218.094971 0.000000 0.479705 0.000000 0.877430 0.715977 0.715977 0.715977
5856.850098 0.000000 3285.711426 0.000000 0.947093 0.000000 -0.320960 0.815662 0.815662 0.815662
5883.236328 0.000000 3229.896973 0.000000 0.492732 0.000000 0.870181 0.730429 0.730429 0.730429
5883.460938 0.000000 3223.555176 0.000000 0.098931 0.000000 -0.995094 0.883771 0.883771 0.883771
5831.484375 0.000000 3225.899902 0.000000 0.532883 0.000000 0.846189 0.735929 0.735929 0.735929
5899.753418 0.000000 3217.218506 0.000000 0.902321 0.000000 0.431064 0.751667 0.751667 0.751667
5843.395508 0.000000 3279.730957 0.000000 0.432865 0.000000 0.901459 0.738762 0.738762 0.738762
5850.818359 0.000000 3224.413086 0.000000 0.310715 0.000000 0.950503 0.743610 0.743610 0.743610
5853.901367 0.000000 3241.163818 0.000000 0.391486 0.000000 0.920184 0.755890 0.755890 0.755890
5859.035156 0.000000 3230.580811 0.000000 0.751079 0.000000 -0.660213 0.846663 0.846663 0.846663
5895.633789 0.000000 3218.144531 0.000000 0.903853 0.000000 0.427843 0.774570 0.774570 0.774570
5893.442383 0.000000 3214.787354 0.000000 0.650368 0.000000 0.759619 0.717809 0.717809 0.717809
5836.843262 0.000000 3242.497070 0.000000 0.134183 0.000000 0.990957 0.728576 0.728576 0.728576
5832.064453 0.000000 3239.192871 0.000000 0.292958 0.000000 -0.956125 0.885460 0.885460 0.885460
5838.558594 0.000000 3237.223145 0.000000 0.765155 0.000000 0.643846 0.748866 0.748866 0.748866
5846.441406 0.000000 3228.007568 0.000000 0.927777 0.000000 0.373134 0.771361 0.771361 0.771361
5860.385742 0.000000 3280.732910 0.000000 0.195143 0.000000 -0.980775 0.878232 0.878232 0.878232
5835.975586 0.000000 3217.056641 0.000000 0.391551 0.000000 0.920157 0.724387 0.724387 0.724387
5860.074219 0.000000 3242.687012 0.000000 0.918393 0.000000 0.395669 0.774407 0.774407 0.774407
5854.855957 0.000000 3215.626465 0.000000 0.678763 0.000000 -0.734358 0.844473 0.844473 0.844473
5829.145508 0.000000 3218.499023 0.000000 0.139871 0.000000 -0.990170 0.877996 0.877996 0.877996
5848.848633 0.000000 3273.795898 0.000000 0.998968 0.000000 0.045421 0.796978 0.796978 0.796978
5834.125977 0.000000 3214.310303 0.000000 0.481583 0.000000 0.876400 0.728307 0.728307 0.728307
5831.085938 0.000000 3230.072998 0.000000 0.855750 0.000000 0.517390 0.742003 0.742003 0.742003
5840.889160 0.000000 3232.105713 0.000000 0.558942 0.000000 0.829207 0.736148 0.736148 0.736148
5863.302734 0.000000 3278.589111 0.000000 0.536170 0.000000 0.844110 0.742800 0.742800 0.742800
5899.639648 0.000000 3223.453613 0.000000 0.916993 0.000000 0.398902 0.781561 0.781561 0.781561
5875.877441 0.000000 3221.793945 0.000000 0.285451 0.000000 -0.958393 0.866025 0.866025 0.866025
5877.965820 0.000000 3225.983887 0.000000 0.991217 0.000000 0.132245 0.790225 0.790225 0.790225
5867.713867 0.000000 3215.616455 0.000000 0.774566 0.000000 -0.632493 0.833644 0.833644 0.833644
5900.483398 0.000000 3214.137695 0.000000 0.862507 0.000000 0.506046 0.739914 0.739914 0.739914
5896.375488 0.000000 3223.915283 0.000000 0.816085 0.000000 0.577932 0.765664 0.765664 0.765664
5865.754883 0.000000 3222.657227 0.000000 0.919614 0.000000 -0.392824 0.820318 0.820318 0.820318
5874.513672 0.000000 3228.300293 0.000000 0.982928 0.000000 0.183993 0.788469 0.788469 0.788469
5828.831543 0.000000 3211.260498 0.000000 0.996210 0.000000 -0.086975 0.806783 0.806783 0.806783
5889.342285 0.000000 3211.725586 0.000000 0.781620 0.000000 -0.623755 0.862956 0.862956 0.862956
5861.747070 0.000000 3289.020264 0.000000 0.947866 0.000000 -0.318668 0.831481 0.831481 0.831481
5844.418945 0.000000 3209.625000 0.000000 0.126876 0.000000 -0.991919 0.905524 0.905524 0.905524
5843.001465 0.000000 3273.494141 0.000000 0.649824 0.000000 0.760084 0.756025 0.756025 0.756025
5856.551758 0.000000 3228.182861 0.000000 0.925247 0.000000 -0.379364 0.820517 0.820517 0.820517
5845.630859 0.000000 3214.470459 0.000000 0.929804 0.000000 -0.368055 0.831166 0.831166 0.831166
5838.630859 0.000000 3211.121826 0.000000 0.008552 0.000000 -0.999963 0.906710 0.906710 0.906710
5869.700195 0.000000 3220.794434 0.000000 0.940084 0.000000 -0.340942 0.826266 0.826266 0.826266
5834.547852 0.000000 3219.716797 0.000000 0.062613 0.000000 -0.998038 0.879520 0.879520 0.879520
5856.411621 0.000000 3239.474609 0.000000 0.329124 0.000000 0.944287 0.737821 0.737821 0.737821
5845.619629 0.000000 3236.116699 0.000000 0.031217 0.000000 -0.999513 0.942983 0.942983 0.942983
5866.789551 0.000000 3274.086182 0.000000 0.761636 0.000000 0.648005 0.762829 0.762829 0.762829
5849.213379 0.000000 3226.921143 0.000000 0.302259 0.000000 -0.953226 0.893892 0.893892 0.893892
5886.141113 0.000000 3212.721924 0.000000 0.597418 0.000000 -0.801930 0.861887 0.861887 0.861887
5831.529297 0.000000 3220.157471 0.000000 0.976414 0.000000 0.215908 0.787613 0.787613 0.787613
5828.722656 0.000000 3225.044678 0.000000 0.975782 0.000000 0.218744 0.785333 0.785333 0.785333
5884.225586 0.000000 3217.353271 0.000000 0.242545 0.000000 -0.970140 0.877850 0.877850 0.877850
5858.533691 0.000000 3292.179443 0.000000 0.603346 0.000000 0.797480 0.705973 0.705973 0.705973
5869.366699 0.000000 3230.656982 0.000000 0.000012 0.000000 -1.000000 0.889411 0.889411 0.889411
5885.195801 0.000000 3221.018066 0.000000 0.051243 0.000000 0.998686 0.713506 0.713506 0.713506
5901.290527 0.000000 3219.552246 0.000000 0.074365 0.000000 -0.997231 0.928211 0.928211 0.928211
5872.053711 0.000000 3231.546387 0.000000 0.242947 0.000000 -0.970039 0.875443 0.875443 0.875443
5828.484375 0.000000 3231.106445 0.000000 0.149393 0.000000 -0.988778 0.928551 0.928551 0.928551
5834.145020 0.000000 3241.668945 0.000000 0.718287 0.000000 -0.695747 0.860396 0.860396 0.860396
5855.955566 0.000000 3290.076416 0.000000 0.966880 0.000000 0.255231 0.779897 0.779897 0.779897
5839.953613 0.000000 3234.761719 0.000000 0.705179 0.000000 -0.709030 0.855250 0.855250 0.855250
5838.112793 0.000000 3239.861572 0.000000 0.993382 0.000000 -0.114859 0.809725 0.809725 0.809725
5898.580078 0.000000 3212.173584 0.000000 0.972663 0.000000 -0.232219 0.820361 0.820361 0.820361
5835.951172 0.000000 3236.196777 0.000000 0.149422 0.000000 0.988774 0.684222 0.684222 0.684222
5902.580078 0.000000 3415.284668 0.000000 0.499707 0.000000 0.866194 0.793096 0.793096 0.793096
5869.129883 0.000000 3417.653564 0.000000 0.401901 0.000000 -0.915683 0.834668 0.834668 0.834668
5892.493164 0.000000 3419.552979 0.000000 0.999385 0.000000 0.035062 0.796932 0.796932 0.796932
5883.116699 0.000000 3419.995117 0.000000 0.544233 0.000000 -0.838934 0.856655 0.856655 0.856655
5876.341309 0.000000 3416.153809 0.000000 0.485715 0.000000 0.874117 0.787254 0.787254 0.787254
5888.666504 0.000000 3413.241943 0.000000 0.879036 0.000000 0.476756 0.790472 0.790472 0.790472
5861.515625 0.000000 3420.845459 0.000000 0.423112 0.000000 -0.906078 0.816306 0.816306 0.816306
5895.597656 0.000000 3412.775146 0.000000 0.639671 0.000000 0.768649 0.774260 0.774260 0.774260
5907.784668 0.000000 3419.870605 0.000000 0.940875 0.000000 -0.338754 0.808283 0.808283 0.808283
5898.693848 0.000000 3420.040283 0.000000 0.831666 0.000000 0.555276 0.769313 0.769313 0.769313
5873.779785 0.000000 3421.463135 0.000000 0.797860 0.000000 -0.602843 0.836056 0.836056 0.836056
5863.725098 0.000000 3415.895264 0.000000 0.997715 0.000000 -0.067567 0.801215 0.801215 0.801215
5887.746582 0.000000 3418.250977 0.000000 0.888224 0.000000 0.459412 0.772830 0.772830 0.772830
5884.359863 0.000000 3415.030762 0.000000 0.574726 0.000000 -0.818346 0.829865 0.829865 0.829865
5866.074707 0.000000 3421.061523 0.000000 0.396699 0.000000 -0.917949 0.866193 0.866193 0.866193
5878.235352 0.000000 3420.310303 0.000000 0.990214 0.000000 0.139555 0.791108 0.791108 0.791108
5903.530762 0.000000 3420.919922 0.000000 0.627627 0.000000 -0.778514 0.850791 0.850791 0.850791
5895.899902 0.000000 3416.859619 0.000000 0.485987 0.000000 0.873966 0.704435 0.704435 0.704435
5880.370117 0.000000 3416.229980 0.000000 0.728849 0.000000 0.684674 0.777858 0.777858 0.777858
5892.007812 0.000000 3415.476807 0.000000 0.726694 0.000000 -0.686962 0.860803 0.860803 0.860803
5889.597656 0.000000 3421.967285 0.000000 0.577723 0.000000 0.816233 0.761668 0.761668 0.761668
5870.334961 0.000000 3420.911377 0.000000 0.230929 0.000000 0.972971 0.749502 0.749502 0.749502
5894.917969 0.000000 3421.920898 0.000000 0.802604 0.000000 -0.596512 0.832552 0.832552 0.832552
5886.357910 0.000000 3421.283936 0.000000 0.721772 0.000000 0.692131 0.759235 0.759235 0.759235
5901.488770 0.000000 3418.419434 0.000000 0.952338 0.000000 -0.305044 0.817459 0.817459 0.817459
5900.667480 0.000000 3422.467529 0.000000 0.655875 0.000000 0.754870 0.753869 0.753869 0.753869
5877.984863 0.000000 3423.219971 0.000000 0.998228 0.000000 -0.059509 0.805601 0.805601 0.805601
5890.508789 0.000000 3417.724609 0.000000 0.988443 0.000000 -0.151594 0.812674 0.812674 0.812674
5895.857910 0.000000 3419.531250 0.000000 0.067846 0.000000 0.997696 0.676632 0.676632 0.676632
6000.283203 0.000000 3095.477783 0.000000 0.011544 0.000000 -0.999933 0.879412 0.879412 0.879412
5994.776855 0.000000 3098.917480 0.000000 0.114421 0.000000 0.993432 0.735437 0.735437 0.735437
5999.411133 0.000000 3100.155273 0.000000 0.998606 0.000000 0.052778 0.796868 0.796868 0.796868
5997.128418 0.000000 3096.427490 0.000000 0.931339 0.000000 -0.364155 0.816080 0.816080 0.816080
6002.394531 0.000000 3097.873779 0.000000 0.663820 0.000000 0.747892 0.751908 0.751908 0.751908
5995.402344 0.000000 3101.749512 0.000000 0.996087 0.000000 -0.088382 0.805780 0.805780 0.805780
6003.310547 0.000000 3094.953857 0.000000 0.752717 0.000000 0.658344 0.759957 0.759957 0.759957
6009.827148 0.000000 3098.550293 0.000000 0.834985 0.000000 0.550273 0.788130 0.788130 0.788130
6009.727051 0.000000 3092.442871 0.000000 0.569022 0.000000 -0.822323 0.834709 0.834709 0.834709
6002.902832 0.000000 3100.848633 0.000000 0.466826 0.000000 0.884349 0.774644 0.774644 0.774644
6007.064941 0.000000 3095.764404 0.000000 0.034239 0.000000 -0.999414 0.887462 0.887462 0.887462
6001.304199 0.000000 3135.464355 0.000000 0.530886 0.000000 -0.847443 0.837563 0.837563 0.837563
5979.460449 0.000000 3104.465576 0.000000 0.315953 0.000000 -0.948775 0.897314 0.897314 0.897314
5947.519043 0.000000 3103.256348 0.000000 0.343144 0.000000 -0.939283 0.819014 0.819014 0.819014
5961.739746 0.000000 3118.242920 0.000000 0.915472 0.000000 -0.402381 0.802233 0.802233 0.802233
5995.781738 0.000000 3111.225098 0.000000 0.994886 0.000000 0.101000 0.798000 0.798000 0.798000
5985.583008 0.000000 3140.282471 0.000000 0.576805 0.000000 -0.816882 0.832077 0.832077 0.832077
5962.303223 0.000000 3103.547607 0.000000 0.819556 0.000000 -0.573000 0.803656 0.803656 0.803656
5955.738281 0.000000 3131.393311 0.000000 0.478777 0.000000 -0.877936 0.839164 0.839164 0.839164
5974.254883 0.000000 3115.976562 0.000000 0.488928 0.000000 -0.872324 0.842551 0.842551 0.842551
5949.765625 0.000000 3114.775635 0.000000 0.153261 0.000000 -0.988186 0.814433 0.814433 0.814433
5997.740723 0.000000 3124.503906 0.000000 0.893184 0.000000 0.449691 0.793572 0.793572 0.793572
5968.869629 0.000000 3126.366211 0.000000 0.958364 0.000000 -0.285550 0.802429 0.802429 0.802429
5985.296387 0.000000 3113.497803 0.000000 0.512836 0.000000 -0.858487 0.808041 0.808041 0.808041
5991.411621 0.000000 3132.166504 0.000000 0.648688 0.000000 -0.761054 0.862708 0.862708 0.862708
5989.057129 0.000000 3104.402588 0.000000 0.131343 0.000000 0.991337 0.728433 0.728433 0.728433
5994.536621 0.000000 3142.918457 0.000000 0.119153 0.000000 -0.992876 0.810435 0.810435 0.810435
5970.609375 0.000000 3107.534424 0.000000 0.738114 0.000000 -0.674676 0.845701 0.845701 0.845701
5998.022949 0.000000 3102.904297 0.000000 0.992653 0.000000 0.121000 0.790188 0.790188 0.790188
5953.621094 0.000000 3122.603760 0.000000 0.296631 0.000000 -0.954992 0.872269 0.872269 0.872269
5957.281250 0.000000 3110.541260 0.000000 0.346332 0.000000 -0.938112 0.850320 0.850320 0.850320
5961.378906 0.000000 3126.254150 0.000000 0.954313 0.000000 0.298809 0.782728 0.782728 0.782728
5955.121582 0.000000 3103.541748 0.000000 0.272603 0.000000 0.962127 0.779831 0.779831 0.779831
5964.363281 0.000000 3111.444336 0.000000 0.985454 0.000000 -0.169941 0.806958 0.806958 0.806958
5979.067871 0.000000 3111.118896 0.000000 0.273901 0.000000 -0.961758 0.891443 0.891443 0.891443
5968.503418 0.000000 3119.612061 0.000000 0.755252 0.000000 0.655434 0.759315 0.759315 0.759315
5955.698242 0.000000 3116.815430 0.000000 0.223466 0.000000 0.974712 0.760499 0.760499 0.760499
5951.473145 0.000000 3108.315918 0.000000 0.297917 0.000000 0.954592 0.739966 0.739966 0.739966
5997.312012 0.000000 3130.700195 0.000000 0.542915 0.000000 0.839788 0.706222 0.706222 0.706222
6000.995605 0.000000 3141.442139 0.000000 0.740186 0.000000 0.672402 0.765093 0.765093 0.765093
6001.136719 0.000000 3108.528809 0.000000 0.719082 0.000000 -0.694926 0.869513 0.869513 0.869513
5991.101074 0.000000 3138.068359 0.000000 0.999929 0.000000 -0.011921 0.800979 0.800979 0.800979
5984.218262 0.000000 3107.751465 0.000000 0.749821 0.000000 0.661641 0.756246 0.756246 0.756246
5973.931641 0.000000 3102.651123 0.000000 0.804187 0.000000 -0.594376 0.813348 0.813348 0.813348
5990.326660 0.000000 3109.883057 0.000000 0.867531 0.000000 -0.497383 0.821834 0.821834 0.821834
5969.620605 0.000000 3112.878174 0.000000 0.654741 0.000000 -0.755853 0.815404 0.815404 0.815404
5996.096191 0.000000 3135.781250 0.000000 0.996970 0.000000 0.077784 0.794728 0.794728 0.794728
5998.674805 0.000000 3146.025146 0.000000 0.283968 0.000000 -0.958834 0.823060 0.823060 0.823060
5993.872559 0.000000 3106.329834 0.000000 0.742535 0.000000 0.669807 0.750307 0.750307 0.750307
5964.514160 0.000000 3122.321533 0.000000 0.645722 0.000000 -0.763573 0.849455 0.849455 0.849455
5975.413574 0.000000 3107.706787 0.000000 0.579639 0.000000 -0.814873 0.886749 0.886749 0.886749
5956.490723 0.000000 3126.458984 0.000000 0.816782 0.000000 -0.576946 0.835006 0.835006 0.835006
5965.788574 0.000000 3106.790039 0.000000 0.890281 0.000000 0.455411 0.769403 0.769403 0.769403
5961.001953 0.000000 3107.936035 0.000000 0.929528 0.000000 0.368751 0.776240 0.776240 0.776240
5973.004883 0.000000 3120.391602 0.000000 0.621330 0.000000 -0.783549 0.827513 0.827513 0.827513
5960.028320 0.000000 3130.660889 0.000000 0.297726 0.000000 0.954651 0.769598 0.769598 0.769598
5951.194824 0.000000 3118.958496 0.000000 0.900588 0.000000 0.434674 0.775212 0.775212 0.775212
5982.485840 0.000000 3136.712891 0.000000 0.020650 0.000000 0.999787 0.761919 0.761919 0.761919
5973.790039 0.000000 3111.760986 0.000000 0.848930 0.000000 -0.528506 0.838369 0.838369 0.838369
5987.316406 0.000000 3136.534424 0.000000 0.515942 0.000000 -0.856624 0.864718 0.864718 0.864718
5994.903809 0.000000 3127.421875 0.000000 0.908689 0.000000 0.417473 0.780905 0.780905 0.780905
6001.972168 0.000000 3103.735107 0.000000 0.996435 0.000000 0.084363 0.794534 0.794534 0.794534
5952.312500 0.000000 3126.317871 0.000000 0.376383 0.000000 0.926464 0.751723 0.751723 0.751723
5965.049316 0.000000 3127.856445 0.000000 0.004238 0.000000 0.999991 0.743682 0.743682 0.743682
5951.264648 0.000000 3104.393555 0.000000 0.518137 0.000000 -0.855298 0.853490 0.853490 0.853490
5992.620117 0.000000 3102.665771 0.000000 0.999994 0.000000 -0.003489 0.800240 0.800240 0.800240
5997.409180 0.000000 3107.706299 0.000000 0.371736 0.000000 -0.928339 0.914787 0.914787 0.914787
5957.478516 0.000000 3106.602539 0.000000 0.995986 0.000000 -0.089512 0.804780 0.804780 0.804780
5970.453125 0.000000 3116.570801 0.000000 0.622013 0.000000 0.783007 0.748800 0.748800 0.748800
5967.827148 0.000000 3109.841309 0.000000 0.149627 0.000000 0.988742 0.722542 0.722542 0.722542
5948.347656 0.000000 3106.720703 0.000000 0.222121 0.000000 0.975019 0.727373 0.727373 0.727373
5982.625977 0.000000 3111.160156 0.000000 0.970934 0.000000 0.239347 0.791021 0.791021 0.791021
5980.434570 0.000000 3107.802979 0.000000 0.076571 0.000000 -0.997064 0.948612 0.948612 0.948612
6000.434570 0.000000 3132.057861 0.000000 0.792457 0.000000 -0.609928 0.835374 0.835374 0.835374
5961.101562 0.000000 3111.163086 0.000000 0.547986 0.000000 0.836488 0.750724 0.750724 0.750724
5992.854492 0.000000 3135.294678 0.000000 0.999827 0.000000 -0.018608 0.802118 0.802118 0.802118
5994.149414 0.000000 3138.967285 0.000000 0.374412 0.000000 -0.927262 0.874680 0.874680 0.874680
5994.578125 0.000000 3132.314453 0.000000 0.978965 0.000000 -0.204031 0.823392 0.823392 0.823392
5954.706055 0.000000 3108.632080 0.000000 0.968589 0.000000 0.248667 0.785695 0.785695 0.785695
5987.475586 0.000000 3107.153320 0.000000 0.997051 0.000000 -0.076745 0.804373 0.804373 0.804373
6001.512695 0.000000 3144.507080 0.000000 0.945058 0.000000 -0.326903 0.817360 0.817360 0.817360
5982.712402 0.000000 3105.000000 0.000000 0.898869 0.000000 0.438218 0.775267 0.775267 0.775267
5976.334473 0.000000 3104.741211 0.000000 0.756917 0.000000 0.653512 0.750498 0.750498 0.750498
5992.243652 0.000000 3129.028564 0.000000 0.944357 0.000000 -0.328922 0.823295 0.823295 0.823295
5954.222168 0.000000 3128.753418 0.000000 0.860592 0.000000 0.509296 0.773105 0.773105 0.773105
5989.309082 0.000000 3134.354492 0.000000 0.970235 0.000000 -0.242165 0.815828 0.815828 0.815828
5999.581055 0.000000 3105.644287 0.000000 0.998149 0.000000 0.060809 0.793620 0.793620 0.793620
5967.246094 0.000000 3123.640381 0.000000 0.795646 0.000000 -0.605761 0.837040 0.837040 0.837040
5990.785645 0.000000 3106.901123 0.000000 0.427656 0.000000 0.903941 0.734389 0.734389 0.734389
5958.917480 0.000000 3127.934326 0.000000 0.550106 0.000000 -0.835095 0.856256 0.856256 0.856256
5963.906250 0.000000 3125.098877 0.000000 0.515285 0.000000 -0.857019 0.858598 0.858598 0.858598
5963.548340 0.000000 3108.893066 0.000000 0.532793 0.000000 -0.846246 0.874354 0.874354 0.874354
5963.155273 0.000000 3106.054932 0.000000 0.944961 0.000000 -0.327183 0.822967 0.822967 0.822967
5995.260742 0.000000 3102.772217 0.000000 0.597150 0.000000 0.802130 0.720801 0.720801 0.720801
6029.476074 0.000000 3124.073730 0.000000 0.872817 0.000000 0.488048 0.774644 0.774644 0.774644
6005.871094 0.000000 3104.886719 0.000000 0.992264 0.000000 -0.124142 0.804176 0.804176 0.804176
6011.496582 0.000000 3142.640625 0.000000 0.956253 0.000000 -0.292539 0.809428 0.809428 0.809428
6048.731934 0.000000 3118.242920 0.000000 0.991475 0.000000 -0.130297 0.805715 0.805715 0.805715
6004.429688 0.000000 3126.246094 0.000000 0.976646 0.000000 0.214857 0.799222 0.799222 0.799222
6016.524414 0.000000 3122.377686 0.000000 0.985824 0.000000 0.167785 0.790404 0.790404 0.790404
6002.684082 0.000000 3114.966064 0.000000 0.089475 0.000000 0.995989 0.780475 0.780475 0.780475
6003.173340 0.000000 3147.290039 0.000000 0.741809 0.000000 0.670611 0.775777 0.775777 0.775777
6033.611816 0.000000 3132.282715 0.000000 0.838936 0.000000 0.544230 0.782070 0.782070 0.782070
6011.664062 0.000000 3113.023193 0.000000 0.350164 0.000000 0.936688 0.762205 0.762205 0.762205
6005.459473 0.000000 3135.878418 0.000000 0.996357 0.000000 0.085278 0.795140 0.795140 0.795140
6027.780762 0.000000 3115.463623 0.000000 0.858863 0.000000 -0.512206 0.830610 0.830610 0.830610
6040.613281 0.000000 3122.603760 0.000000 0.990934 0.000000 0.134350 0.792329 0.792329 0.792329
6022.507324 0.000000 3128.560303 0.000000 0.999332 0.000000 0.036542 0.798927 0.798927 0.798927
6048.371094 0.000000 3126.254150 0.000000 0.863286 0.000000 -0.504715 0.806340 0.806340 0.806340
6021.212402 0.000000 3117.500732 0.000000 0.452252 0.000000 0.891890 0.788780 0.788780 0.788780
6032.494629 0.000000 3109.638428 0.000000 0.158755 0.000000 -0.987318 0.832980 0.832980 0.832980
6042.690430 0.000000 3116.815430 0.000000 0.125429 0.000000 -0.992103 0.831170 0.831170 0.831170
6035.373047 0.000000 3126.402832 0.000000 0.993252 0.000000 0.115976 0.793384 0.793384 0.793384
6002.924316 0.000000 3141.418213 0.000000 0.710066 0.000000 0.704135 0.768639 0.768639 0.768639
6027.996094 0.000000 3130.612549 0.000000 0.323440 0.000000 0.946249 0.767271 0.767271 0.767271
6023.544434 0.000000 3122.930664 0.000000 0.999941 0.000000 0.010879 0.799107 0.799107 0.799107
6006.425293 0.000000 3110.388428 0.000000 0.866847 0.000000 -0.498575 0.829710 0.829710 0.829710
6009.482422 0.000000 3132.257080 0.000000 0.783531 0.000000 0.621353 0.778709 0.778709 0.778709
6013.749512 0.000000 3137.718994 0.000000 0.896796 0.000000 -0.442445 0.812907 0.812907 0.812907
6002.744141 0.000000 3131.082764 0.000000 0.648787 0.000000 0.760970 0.753883 0.753883 0.753883
6016.950195 0.000000 3127.609863 0.000000 0.971409 0.000000 -0.237413 0.805889 0.805889 0.805889
6025.843750 0.000000 3110.950439 0.000000 0.398413 0.000000 -0.917206 0.836174 0.836174 0.836174
6045.430664 0.000000 3121.827881 0.000000 0.041761 0.000000 0.999128 0.712966 0.712966 0.712966
6006.880371 0.000000 3144.214844 0.000000 0.996668 0.000000 0.081567 0.796673 0.796673 0.796673
6051.506348 0.000000 3122.321533 0.000000 0.337485 0.000000 0.941331 0.730183 0.730183 0.730183
6038.010742 0.000000 3130.321777 0.000000 0.838732 0.000000 -0.544545 0.811731 0.811731 0.811731
6007.177734 0.000000 3115.585449 0.000000 0.685630 0.000000 -0.727950 0.840547 0.840547 0.840547
6009.185059 0.000000 3138.599121 0.000000 0.996576 0.000000 0.082680 0.795288 0.795288 0.795288
6027.190918 0.000000 3120.263184 0.000000 0.355431 0.000000 0.934703 0.725484 0.725484 0.725484
6038.187012 0.000000 3118.958496 0.000000 0.996665 0.000000 -0.081603 0.802105 0.802105 0.802105
6012.306152 0.000000 3122.848877 0.000000 0.779212 0.000000 -0.626761 0.824758 0.824758 0.824758
6002.909668 0.000000 3107.960693 0.000000 0.069800 0.000000 -0.997561 0.930401 0.930401 0.930401
6031.651367 0.000000 3128.448242 0.000000 0.999752 0.000000 -0.022280 0.801268 0.801268 0.801268
6025.901367 0.000000 3126.263428 0.000000 0.968099 0.000000 0.250568 0.784066 0.784066 0.784066
6019.824219 0.000000 3124.644287 0.000000 0.880455 0.000000 -0.474129 0.828118 0.828118 0.828118
6039.304688 0.000000 3126.317871 0.000000 0.800993 0.000000 -0.598674 0.829612 0.829612 0.829612
6036.650391 0.000000 3122.589111 0.000000 0.498499 0.000000 0.866890 0.750349 0.750349 0.750349
6029.524902 0.000000 3112.090820 0.000000 0.336375 0.000000 -0.941728 0.869884 0.869884 0.869884
6024.802734 0.000000 3117.428711 0.000000 0.817431 0.000000 0.576027 0.768369 0.768369 0.768369
6029.957031 0.000000 3118.166748 0.000000 0.923242 0.000000 0.384218 0.784169 0.784169 0.784169
6006.048828 0.000000 3132.208496 0.000000 0.649951 0.000000 0.759976 0.758620 0.758620 0.758620
6006.210938 0.000000 3140.399902 0.000000 0.167402 0.000000 0.985889 0.720162 0.720162 0.720162
6020.425781 0.000000 3121.023193 0.000000 0.798889 0.000000 0.601478 0.762879 0.762879 0.762879
6009.959961 0.000000 3110.072266 0.000000 0.987707 0.000000 -0.156313 0.807053 0.807053 0.807053
6028.840332 0.000000 3108.642090 0.000000 0.740757 0.000000 -0.671773 0.841928 0.841928 0.841928
6003.129883 0.000000 3111.514648 0.000000 0.849062 0.000000 0.528294 0.770319 0.770319 0.770319
6042.746582 0.000000 3119.958740 0.000000 0.408683 0.000000 0.912677 0.749020 0.749020 0.749020
6002.642578 0.000000 3134.298584 0.000000 0.363735 0.000000 -0.931502 0.859604 0.859604 0.859604
6048.498047 0.000000 3121.315918 0.000000 0.380307 0.000000 0.924860 0.732795 0.732795 0.732795
6002.815918 0.000000 3104.276123 0.000000 0.139490 0.000000 -0.990224 0.896878 0.896878 0.896878
6035.105469 0.000000 3129.446777 0.000000 0.175724 0.000000 -0.984439 0.879357 0.879357 0.879357
6028.894043 0.000000 3127.173584 0.000000 0.371033 0.000000 0.928620 0.731512 0.731512 0.731512
6008.532227 0.000000 3112.732422 0.000000 0.123305 0.000000 -0.992369 0.876305 0.876305 0.876305
6003.446289 0.000000 3144.306396 0.000000 0.345801 0.000000 -0.938308 0.867124 0.867124 0.867124
6022.739258 0.000000 3125.713867 0.000000 0.802814 0.000000 0.596230 0.752922 0.752922 0.752922
6008.958984 0.000000 3141.484863 0.000000 0.312452 0.000000 -0.949934 0.871324 0.871324 0.871324
6026.504883 0.000000 3122.828857 0.000000 0.862294 0.000000 -0.506408 0.836908 0.836908 0.836908
6210.253418 0.000000 3036.931641 0.000000 0.834061 0.000000 -0.551672 0.823459 0.823459 0.823459
6222.143555 0.000000 3038.882324 0.000000 0.696912 0.000000 -0.717156 0.841687 0.841687 0.841687
6217.657227 0.000000 3047.388428 0.000000 0.970471 0.000000 0.241216 0.797810 0.797810 0.797810
6228.735840 0.000000 3037.384766 0.000000 0.829708 0.000000 -0.558198 0.817032 0.817032 0.817032
6215.867188 0.000000 3040.589600 0.000000 0.414109 0.000000 -0.910227 0.875389 0.875389 0.875389
6224.252930 0.000000 3045.127930 0.000000 0.184903 0.000000 0.982757 0.779256 0.779256 0.779256
6227.848145 0.000000 3042.007324 0.000000 0.969446 0.000000 0.245305 0.792724 0.792724 0.792724
6219.790527 0.000000 3043.270508 0.000000 0.805124 0.000000 0.593107 0.752447 0.752447 0.752447
6214.640625 0.000000 3036.259033 0.000000 0.601085 0.000000 0.799185 0.750623 0.750623 0.750623
6218.262207 0.000000 3037.682861 0.000000 0.754521 0.000000 0.656275 0.774264 0.774264 0.774264
6224.986816 0.000000 3036.888672 0.000000 0.716312 0.000000 -0.697780 0.830078 0.830078 0.830078
6224.396484 0.000000 3041.701904 0.000000 0.804983 0.000000 -0.593298 0.836154 0.836154 0.836154
6212.654297 0.000000 3039.587646 0.000000 0.645190 0.000000 0.764022 0.751548 0.751548 0.751548
6226.577637 0.000000 3039.373779 0.000000 0.924786 0.000000 0.380487 0.777782 0.777782 0.777782
6219.422363 0.000000 3040.338867 0.000000 0.949904 0.000000 -0.312540 0.828378 0.828378 0.828378
6217.073730 0.000000 3043.102295 0.000000 0.965762 0.000000 -0.259430 0.819498 0.819498 0.819498
6221.797363 0.000000 3041.656250 0.000000 0.777514 0.000000 0.628866 0.751916 0.751916 0.751916
5988.095215 0.000000 3395.979492 0.000000 0.435752 0.000000 0.900067 0.738266 0.738266 0.738266
5968.930176 0.000000 3391.763672 0.000000 0.766751 0.000000 -0.641945 0.813365 0.813365 0.813365
5934.624512 0.000000 3372.768311 0.000000 0.547337 0.000000 0.836912 0.795841 0.795841 0.795841
5953.957520 0.000000 3400.711426 0.000000 0.736529 0.000000 0.676405 0.782641 0.782641 0.782641
5980.703613 0.000000 3383.568848 0.000000 0.591430 0.000000 0.806356 0.776396 0.776396 0.776396
5933.903809 0.000000 3405.057373 0.000000 0.872864 0.000000 -0.487963 0.822602 0.822602 0.822602
5950.883301 0.000000 3388.808838 0.000000 0.963268 0.000000 0.268543 0.784524 0.784524 0.784524
5946.517578 0.000000 3369.713379 0.000000 0.571217 0.000000 0.820799 0.768848 0.768848 0.768848
5942.638184 0.000000 3380.727783 0.000000 0.937671 0.000000 0.347524 0.779797 0.779797 0.779797
5938.206055 0.000000 3362.138184 0.000000 0.685306 0.000000 0.728255 0.785825 0.785825 0.785825
5998.952637 0.000000 3393.073975 0.000000 0.181066 0.000000 0.983471 0.764220 0.764220 0.764220
5944.477051 0.000000 3404.766846 0.000000 0.136076 0.000000 0.990698 0.718358 0.718358 0.718358
5960.211426 0.000000 3386.509521 0.000000 0.639135 0.000000 -0.769095 0.845738 0.845738 0.845738
5945.597656 0.000000 3396.212646 0.000000 0.385512 0.000000 0.922703 0.765502 0.765502 0.765502
5960.217773 0.000000 3394.491699 0.000000 0.337251 0.000000 -0.941415 0.839693 0.839693 0.839693
5972.326172 0.000000 3384.803223 0.000000 0.999921 0.000000 0.012576 0.799284 0.799284 0.799284
5982.632812 0.000000 3390.818115 0.000000 0.596883 0.000000 -0.802328 0.853004 0.853004 0.853004
5948.583984 0.000000 3376.647949 0.000000 0.879133 0.000000 -0.476577 0.806548 0.806548 0.806548
5994.618652 0.000000 3398.486084 0.000000 0.957398 0.000000 -0.288771 0.810531 0.810531 0.810531
5941.294434 0.000000 3374.062988 0.000000 0.997531 0.000000 -0.070230 0.802737 0.802737 0.802737
5944.066406 0.000000 3389.087646 0.000000 0.170163 0.000000 -0.985416 0.819291 0.819291 0.819291
5976.329590 0.000000 3389.662842 0.000000 0.515154 0.000000 0.857098 0.763602 0.763602 0.763602
5951.129883 0.000000 3382.498291 0.000000 0.809700 0.000000 0.586845 0.771065 0.771065 0.771065
5940.020020 0.000000 3368.077393 0.000000 0.197105 0.000000 -0.980382 0.878118 0.878118 0.878118
5939.286621 0.000000 3407.997559 0.000000 0.886493 0.000000 -0.462742 0.822772 0.822772 0.822772
6000.296875 0.000000 3400.103760 0.000000 0.081690 0.000000 0.996658 0.764313 0.764313 0.764313
5951.618164 0.000000 3394.909912 0.000000 0.697286 0.000000 0.716793 0.772705 0.772705 0.772705
5992.964844 0.000000 3392.440674 0.000000 0.980722 0.000000 0.195407 0.790808 0.790808 0.790808
5966.051270 0.000000 3386.136719 0.000000 0.951423 0.000000 0.307888 0.782185 0.782185 0.782185
5956.110840 0.000000 3390.639893 0.000000 0.390480 0.000000 0.920611 0.750242 0.750242 0.750242
5950.009766 0.000000 3404.766357 0.000000 0.479039 0.000000 -0.877794 0.857125 0.857125 0.857125
5934.638672 0.000000 3367.324951 0.000000 0.993884 0.000000 -0.110426 0.806298 0.806298 0.806298
5963.799805 0.000000 3390.794678 0.000000 0.265191 0.000000 0.964196 0.748496 0.748496 0.748496
5975.943848 0.000000 3381.008057 0.000000 0.133112 0.000000 -0.991101 0.875784 0.875784 0.875784
5946.238281 0.000000 3384.242920 0.000000 0.987871 0.000000 -0.155277 0.807567 0.807567 0.807567
5940.686035 0.000000 3385.420654 0.000000 0.379970 0.000000 -0.924999 0.821937 0.821937 0.821937
5948.125488 0.000000 3400.350586 0.000000 0.127554 0.000000 -0.991832 0.863111 0.863111 0.863111
5932.962891 0.000000 3409.621582 0.000000 0.732769 0.000000 -0.680477 0.837220 0.837220 0.837220
5947.757812 0.000000 3392.248779 0.000000 0.940282 0.000000 -0.340397 0.819563 0.819563 0.819563
5942.839844 0.000000 3400.130371 0.000000 0.967284 0.000000 -0.253698 0.807070 0.807070 0.807070
5939.164062 0.000000 3403.430176 0.000000 0.623987 0.000000 0.781434 0.757543 0.757543 0.757543
5987.050781 0.000000 3391.618896 0.000000 0.477394 0.000000 0.878690 0.745347 0.745347 0.745347
5976.552734 0.000000 3385.133301 0.000000 0.297017 0.000000 -0.954872 0.872246 0.872246 0.872246
5956.061035 0.000000 3394.921631 0.000000 0.431514 0.000000 -0.902106 0.831671 0.831671 0.831671
5944.356445 0.000000 3376.947998 0.000000 0.798625 0.000000 0.601829 0.765562 0.765562 0.765562
5972.265137 0.000000 3388.936523 0.000000 0.919103 0.000000 0.394017 0.785926 0.785926 0.785926
5946.839844 0.000000 3380.266357 0.000000 0.995390 0.000000 -0.095913 0.805180 0.805180 0.805180
5979.684082 0.000000 3387.751709 0.000000 0.852180 0.000000 0.523249 0.778224 0.778224 0.778224
5947.719727 0.000000 3407.960205 0.000000 0.982186 0.000000 -0.187911 0.807589 0.807589 0.807589
5946.359863 0.000000 3373.598145 0.000000 0.150560 0.000000 0.988601 0.728548 0.728548 0.728548
5938.303711 0.000000 3371.699951 0.000000 0.682271 0.000000 0.731100 0.770032 0.770032 0.770032
5938.974121 0.000000 3381.882812 0.000000 0.940319 0.000000 0.340295 0.786477 0.786477 0.786477
5998.058105 0.000000 3396.731445 0.000000 0.090220 0.000000 -0.995922 0.884269 0.884269 0.884269
5943.633301 0.000000 3367.159668 0.000000 0.187411 0.000000 -0.982282 0.862116 0.862116 0.862116
5991.751953 0.000000 3395.935791 0.000000 0.549966 0.000000 0.835187 0.743735 0.743735 0.743735
5959.971191 0.000000 3390.881836 0.000000 0.998962 0.000000 -0.045553 0.802594 0.802594 0.802594
5943.034180 0.000000 3370.813965 0.000000 0.808551 0.000000 0.588426 0.764190 0.764190 0.764190
5984.905762 0.000000 3394.288086 0.000000 0.111064 0.000000 0.993813 0.742284 0.742284 0.742284
5968.872559 0.000000 3388.142090 0.000000 0.989129 0.000000 0.147054 0.793721 0.793721 0.793721
5995.090332 0.000000 3395.127686 0.000000 0.723171 0.000000 -0.690669 0.843398 0.843398 0.843398
5937.741211 0.000000 3365.493896 0.000000 0.990204 0.000000 0.139629 0.793201 0.793201 0.793201
6001.361328 0.000000 3396.999268 0.000000 0.791438 0.000000 -0.611249 0.837434 0.837434 0.837434
5942.515137 0.000000 3407.316162 0.000000 0.057508 0.000000 0.998345 0.734718 0.734718 0.734718
5950.294922 0.000000 3385.573486 0.000000 0.014162 0.000000 0.999900 0.711394 0.711394 0.711394
5989.939941 0.000000 3393.365234 0.000000 0.562394 0.000000 -0.826869 0.855414 0.855414 0.855414
5941.218750 0.000000 3377.599609 0.000000 0.855368 0.000000 -0.518021 0.827407 0.827407 0.827407
5936.997559 0.000000 3405.724609 0.000000 0.995063 0.000000 -0.099245 0.805658 0.805658 0.805658
5963.229980 0.000000 3387.677246 0.000000 0.977478 0.000000 0.211039 0.787896 0.787896 0.787896
5948.739258 0.000000 3396.004639 0.000000 0.012910 0.000000 -0.999917 0.873742 0.873742 0.873742
5947.176270 0.000000 3403.226562 0.000000 0.890601 0.000000 0.454786 0.774823 0.774823 0.774823
6030.962402 0.000000 3415.243652 0.000000 0.667602 0.000000 0.744519 0.798994 0.798994 0.798994
6075.087402 0.000000 3395.979492 0.000000 0.903886 0.000000 0.427773 0.798411 0.798411 0.798411
6055.671387 0.000000 3411.135254 0.000000 0.269285 0.000000 -0.963061 0.840446 0.840446 0.840446
6007.849609 0.000000 3407.320801 0.000000 0.394472 0.000000 0.918908 0.781846 0.781846 0.781846
6024.661133 0.000000 3391.576904 0.000000 0.442373 0.000000 0.896831 0.784668 0.784668 0.784668
6055.922363 0.000000 3391.763672 0.000000 0.548646 0.000000 0.836055 0.798220 0.798220 0.798220
6040.949707 0.000000 3400.711426 0.000000 0.987054 0.000000 0.160391 0.788900 0.788900 0.788900
6009.270508 0.000000 3394.099854 0.000000 0.199017 0.000000 -0.979996 0.859121 0.859121 0.859121
6043.114258 0.000000 3417.653564 0.000000 0.949123 0.000000 -0.314907 0.804991 0.804991 0.804991
6067.058594 0.000000 3406.084961 0.000000 0.886105 0.000000 -0.463485 0.815593 0.815593 0.815593
6066.477539 0.000000 3419.552979 0.000000 0.799434 0.000000 -0.600755 0.826643 0.826643 0.826643
6051.448242 0.000000 3401.287109 0.000000 0.861243 0.000000 -0.508193 0.819803 0.819803 0.819803
6064.755859 0.000000 3396.332031 0.000000 0.793983 0.000000 0.607941 0.762804 0.762804 0.762804
6046.475098 0.000000 3408.926758 0.000000 0.934960 0.000000 0.354753 0.790439 0.790439 0.790439
6002.990234 0.000000 3400.193115 0.000000 0.877209 0.000000 -0.480109 0.809902 0.809902 0.809902
6032.589844 0.000000 3396.212646 0.000000 0.845646 0.000000 0.533745 0.775711 0.775711 0.775711
6017.535645 0.000000 3397.441650 0.000000 0.686232 0.000000 -0.727383 0.833186 0.833186 0.833186
6037.737793 0.000000 3410.430908 0.000000 0.905295 0.000000 0.424784 0.775027 0.775027 0.775027
6075.778320 0.000000 3406.327148 0.000000 0.386126 0.000000 -0.922446 0.811962 0.811962 0.811962
6059.295898 0.000000 3403.482666 0.000000 0.267507 0.000000 0.963556 0.718214 0.718214 0.718214
6047.209961 0.000000 3394.491699 0.000000 0.202462 0.000000 -0.979290 0.853236 0.853236 0.853236
6002.947266 0.000000 3389.680420 0.000000 0.779964 0.000000 -0.625824 0.806482 0.806482 0.806482
6062.650879 0.000000 3413.241943 0.000000 0.998578 0.000000 -0.053313 0.802940 0.802940 0.802940
6081.610840 0.000000 3398.486084 0.000000 0.178155 0.000000 -0.984002 0.820013 0.820013 0.820013
6069.582031 0.000000 3412.775146 0.000000 0.963191 0.000000 0.268817 0.787769 0.787769 0.787769
6014.133789 0.000000 3403.558838 0.000000 0.749158 0.000000 0.662391 0.776141 0.776141 0.776141
6015.999023 0.000000 3390.560059 0.000000 0.688838 0.000000 0.724915 0.758215 0.758215 0.758215
6031.058594 0.000000 3389.087646 0.000000 0.543805 0.000000 -0.839211 0.826254 0.826254 0.826254
6070.426270 0.000000 3400.599854 0.000000 0.865591 0.000000 0.500752 0.770147 0.770147 0.770147
6086.605957 0.000000 3386.335449 0.000000 0.954512 0.000000 -0.298172 0.805805 0.805805 0.805805
6057.345215 0.000000 3397.686279 0.000000 0.536861 0.000000 0.843671 0.742846 0.742846 0.742846
6038.610352 0.000000 3394.909912 0.000000 0.829583 0.000000 -0.558384 0.827688 0.827688 0.827688
6009.040039 0.000000 3400.350098 0.000000 0.083592 0.000000 -0.996500 0.882866 0.882866 0.882866
6045.960938 0.000000 3403.281494 0.000000 0.091285 0.000000 -0.995825 0.869140 0.869140 0.869140
6051.615234 0.000000 3406.974365 0.000000 0.601768 0.000000 0.798671 0.747343 0.747343 0.747343
6037.709473 0.000000 3415.895264 0.000000 0.470718 0.000000 0.882284 0.739133 0.739133 0.739133
6037.001953 0.000000 3404.766357 0.000000 0.636907 0.000000 -0.770941 0.837450 0.837450 0.837450
6064.189453 0.000000 3401.587158 0.000000 0.373566 0.000000 -0.927604 0.849825 0.849825 0.849825
6004.007812 0.000000 3395.100098 0.000000 0.229003 0.000000 0.973426 0.723740 0.723740 0.723740
6061.636719 0.000000 3408.129883 0.000000 0.998482 0.000000 0.055082 0.796863 0.796863 0.796863
6077.004395 0.000000 3401.057861 0.000000 0.863039 0.000000 -0.505137 0.830142 0.830142 0.830142
6052.350098 0.000000 3396.198975 0.000000 0.574429 0.000000 -0.818554 0.854581 0.854581 0.854581
6042.108887 0.000000 3406.466309 0.000000 0.367483 0.000000 -0.930030 0.837217 0.837217 0.837217
6061.730957 0.000000 3418.250977 0.000000 0.857674 0.000000 0.514193 0.783497 0.783497 0.783497
6060.452637 0.000000 3393.883545 0.000000 0.939989 0.000000 -0.341206 0.809180 0.809180 0.809180
6035.117676 0.000000 3400.350586 0.000000 0.999283 0.000000 0.037872 0.798661 0.798661 0.798661
6020.005371 0.000000 3393.280762 0.000000 0.933614 0.000000 0.358281 0.791877 0.791877 0.791877
6058.344238 0.000000 3415.030762 0.000000 0.224002 0.000000 -0.974589 0.842708 0.842708 0.842708
6028.041992 0.000000 3395.028076 0.000000 0.641476 0.000000 0.767143 0.762803 0.762803 0.762803
6034.750000 0.000000 3392.248779 0.000000 0.948104 0.000000 -0.317962 0.814735 0.814735 0.814735
6012.545410 0.000000 3397.321777 0.000000 0.131541 0.000000 -0.991311 0.881903 0.881903 0.881903
6045.075195 0.000000 3398.555420 0.000000 0.509515 0.000000 0.860462 0.729844 0.729844 0.729844
6050.665527 0.000000 3411.292725 0.000000 0.789855 0.000000 -0.613293 0.815823 0.815823 0.815823
6012.384766 0.000000 3407.660645 0.000000 0.564366 0.000000 -0.825525 0.827348 0.827348 0.827348
6055.955566 0.000000 3406.457520 0.000000 0.761205 0.000000 0.648512 0.759835 0.759835 0.759835
6065.940918 0.000000 3410.270020 0.000000 0.727462 0.000000 -0.686148 0.843043 0.843043 0.843043
6069.089844 0.000000 3396.271484 0.000000 0.510597 0.000000 0.859820 0.757214 0.757214 0.757214
6043.053223 0.000000 3394.921631 0.000000 0.972828 0.000000 -0.231530 0.809520 0.809520 0.809520
6055.543457 0.000000 3401.661865 0.000000 0.885462 0.000000 0.464712 0.782335 0.782335 0.782335
6069.884277 0.000000 3416.859619 0.000000 0.639464 0.000000 0.768821 0.762166 0.762166 0.762166
6034.424316 0.000000 3412.984863 0.000000 0.998302 0.000000 -0.058248 0.802410 0.802410 0.802410
6061.266602 0.000000 3398.487305 0.000000 0.593457 0.000000 0.804866 0.743951 0.743951 0.743951
6065.992188 0.000000 3415.476807 0.000000 0.439525 0.000000 -0.898230 0.855487 0.855487 0.855487
6034.711914 0.000000 3407.960205 0.000000 0.951230 0.000000 -0.308484 0.811462 0.811462 0.811462
6010.022949 0.000000 3404.097168 0.000000 0.646568 0.000000 0.762856 0.750608 0.750608 0.750608
6015.081055 0.000000 3394.509766 0.000000 0.714301 0.000000 0.699839 0.755876 0.755876 0.755876
6048.832520 0.000000 3398.179688 0.000000 0.557149 0.000000 -0.830412 0.852252 0.852252 0.852252
6059.458984 0.000000 3411.354492 0.000000 0.998470 0.000000 0.055294 0.797116 0.797116 0.797116
6007.188965 0.000000 3397.092041 0.000000 0.925508 0.000000 -0.378729 0.822110 0.822110 0.822110
6030.834473 0.000000 3392.695801 0.000000 0.901363 0.000000 0.433064 0.774506 0.774506 0.774506
6063.489258 0.000000 3405.077393 0.000000 0.193497 0.000000 -0.981101 0.871732 0.871732 0.871732
6067.128418 0.000000 3399.313232 0.000000 0.905149 0.000000 -0.425095 0.824992 0.824992 0.824992
6049.359863 0.000000 3404.239258 0.000000 0.636366 0.000000 -0.771387 0.839591 0.839591 0.839591
6073.817383 0.000000 3399.154297 0.000000 0.024725 0.000000 0.999694 0.730523 0.730523 0.730523
6015.157227 0.000000 3400.123291 0.000000 0.903005 0.000000 -0.429630 0.818360 0.818360 0.818360
6038.395996 0.000000 3398.372314 0.000000 0.795187 0.000000 0.606364 0.755891 0.755891 0.755891
6073.976074 0.000000 3402.523193 0.000000 0.564052 0.000000 -0.825739 0.846568 0.846568 0.846568
6038.954590 0.000000 3407.342285 0.000000 0.564235 0.000000 0.825614 0.744713 0.744713 0.744713
6053.549316 0.000000 3404.115479 0.000000 0.542067 0.000000 -0.840335 0.845441 0.845441 0.845441
6040.019531 0.000000 3403.707764 0.000000 0.998626 0.000000 -0.052406 0.803110 0.803110 0.803110
6054.085938 0.000000 3398.818115 0.000000 0.989559 0.000000 -0.144130 0.807713 0.807713 0.807713
6088.157227 0.000000 3389.321533 0.000000 0.992592 0.000000 0.121498 0.793432 0.793432 0.793432
6012.135742 0.000000 3401.062744 0.000000 0.026009 0.000000 0.999662 0.712069 0.712069 0.712069
6041.539062 0.000000 3397.642822 0.000000 0.095836 0.000000 0.995397 0.702797 0.702797 0.702797
6035.731445 0.000000 3396.004639 0.000000 0.323537 0.000000 0.946215 0.733804 0.733804 0.733804
6058.150391 0.000000 3408.562256 0.000000 0.957853 0.000000 0.287260 0.783415 0.783415 0.783415
6058.522949 0.000000 3400.526123 0.000000 0.626568 0.000000 0.779367 0.743777 0.743777 0.743777
6037.942871 0.000000 3401.562500 0.000000 0.865979 0.000000 -0.500081 0.829809 0.829809 0.829809
6042.989746 0.000000 3402.861816 0.000000 0.288893 0.000000 -0.957361 0.885745 0.885745 0.885745
6038.963379 0.000000 3413.065186 0.000000 0.287794 0.000000 0.957692 0.727205 0.727205 0.727205
6061.270996 0.000000 3401.471680 0.000000 0.870844 0.000000 0.491559 0.769518 0.769518 0.769518
6249.071777 0.000000 3288.995117 0.000000 0.501669 0.000000 0.865060 0.778080 0.778080 0.778080
6229.655762 0.000000 3304.150879 0.000000 0.580870 0.000000 -0.813997 0.854132 0.854132 0.854132
6241.042969 0.000000 3299.100586 0.000000 0.390708 0.000000 -0.920515 0.839938 0.839938 0.839938
6249.762695 0.000000 3299.342773 0.000000 0.917875 0.000000 -0.396870 0.803423 0.803423 0.803423
6233.280273 0.000000 3296.498291 0.000000 0.430734 0.000000 -0.902479 0.824951 0.824951 0.824951
6224.310059 0.000000 3309.169434 0.000000 0.944861 0.000000 -0.327472 0.818191 0.818191 0.818191
6255.595215 0.000000 3291.501709 0.000000 0.616451 0.000000 -0.787393 0.832591 0.832591 0.832591
6244.410645 0.000000 3293.615479 0.000000 0.798541 0.000000 -0.601941 0.836767 0.836767 0.836767
6238.173828 0.000000 3294.602783 0.000000 0.706656 0.000000 -0.707557 0.844742 0.844742 0.844742
6235.621094 0.000000 3301.145508 0.000000 0.815807 0.000000 -0.578324 0.835102 0.835102 0.835102
6250.988770 0.000000 3294.073486 0.000000 0.984382 0.000000 0.176047 0.791517 0.791517 0.791517
6260.387695 0.000000 3314.124023 0.000000 0.286644 0.000000 0.958037 0.756282 0.756282 0.756282
6224.649902 0.000000 3304.308350 0.000000 0.766064 0.000000 0.642765 0.774485 0.774485 0.774485
6245.670410 0.000000 3297.873291 0.000000 0.172924 0.000000 0.984935 0.746429 0.746429 0.746429
6228.338867 0.000000 3309.245605 0.000000 0.283276 0.000000 -0.959038 0.856144 0.856144 0.856144
6233.443359 0.000000 3304.370117 0.000000 0.970054 0.000000 -0.242890 0.812789 0.812789 0.812789
6237.473633 0.000000 3298.093018 0.000000 0.380739 0.000000 -0.924682 0.867179 0.867179 0.867179
6241.112793 0.000000 3292.328857 0.000000 0.251099 0.000000 0.967961 0.737661 0.737661 0.737661
6247.801758 0.000000 3292.169922 0.000000 0.680108 0.000000 -0.733112 0.846840 0.846840 0.846840
6241.830078 0.000000 3295.833008 0.000000 0.013542 0.000000 0.999908 0.711359 0.711359 0.711359
6247.960449 0.000000 3295.538818 0.000000 0.999979 0.000000 0.006449 0.799664 0.799664 0.799664
6227.273438 0.000000 3306.216797 0.000000 0.990864 0.000000 -0.134868 0.807700 0.807700 0.807700
6232.134766 0.000000 3301.577881 0.000000 0.218188 0.000000 0.975907 0.727155 0.727155 0.727155
6142.663574 0.000000 3411.135254 0.000000 0.184384 0.000000 -0.982854 0.863085 0.863085 0.863085
6111.653320 0.000000 3391.576904 0.000000 0.996783 0.000000 -0.080149 0.803654 0.803654 0.803654
6096.262695 0.000000 3394.099854 0.000000 0.955222 0.000000 0.295891 0.784881 0.784881 0.784881
6107.888184 0.000000 3405.057373 0.000000 0.521787 0.000000 -0.853076 0.803674 0.803674 0.803674
6130.106445 0.000000 3417.653564 0.000000 0.855385 0.000000 -0.517993 0.846980 0.846980 0.846980
6124.867676 0.000000 3388.808838 0.000000 0.840617 0.000000 -0.541630 0.808917 0.808917 0.808917
6153.469727 0.000000 3419.552979 0.000000 0.918719 0.000000 -0.394912 0.830163 0.830163 0.830163
6112.356445 0.000000 3423.415283 0.000000 0.340604 0.000000 -0.940207 0.817590 0.817590 0.817590
6144.093262 0.000000 3419.995117 0.000000 0.982733 0.000000 0.185029 0.788626 0.788626 0.788626
6133.467285 0.000000 3408.926758 0.000000 0.990237 0.000000 -0.139391 0.802598 0.802598 0.802598
6119.582031 0.000000 3396.212646 0.000000 0.971441 0.000000 -0.237282 0.815933 0.815933 0.815933
6104.527832 0.000000 3397.441650 0.000000 0.908007 0.000000 -0.418955 0.843515 0.843515 0.843515
6124.729980 0.000000 3410.430908 0.000000 0.828521 0.000000 -0.559959 0.816381 0.816381 0.816381
6089.939453 0.000000 3389.680420 0.000000 0.850996 0.000000 -0.525172 0.829816 0.829816 0.829816
6137.317871 0.000000 3416.153809 0.000000 0.345609 0.000000 0.938379 0.704405 0.704405 0.704405
6112.416504 0.000000 3398.917480 0.000000 0.946006 0.000000 -0.324149 0.820373 0.820373 0.820373
6149.643066 0.000000 3413.241943 0.000000 0.977623 0.000000 -0.210365 0.813207 0.813207 0.813207
6101.125977 0.000000 3403.558838 0.000000 0.989857 0.000000 -0.142067 0.802392 0.802392 0.802392
6102.991211 0.000000 3390.560059 0.000000 0.999406 0.000000 -0.034475 0.802417 0.802417 0.802417
6096.106445 0.000000 3387.201904 0.000000 0.856116 0.000000 -0.516783 0.807810 0.807810 0.807810
6118.050781 0.000000 3389.087646 0.000000 0.601290 0.000000 0.799031 0.768385 0.768385 0.768385
6125.602539 0.000000 3394.909912 0.000000 0.580376 0.000000 -0.814348 0.870131 0.870131 0.870131
6096.032227 0.000000 3400.350098 0.000000 0.999192 0.000000 -0.040192 0.800723 0.800723 0.800723
6124.701660 0.000000 3415.895264 0.000000 0.709229 0.000000 0.704978 0.754059 0.754059 0.754059
6091.000000 0.000000 3395.100098 0.000000 0.851701 0.000000 0.524029 0.790085 0.790085 0.790085
6129.632324 0.000000 3412.506348 0.000000 0.087412 0.000000 0.996172 0.674688 0.674688 0.674688
6148.723145 0.000000 3418.250977 0.000000 0.814521 0.000000 0.580134 0.745860 0.745860 0.745860
6106.997559 0.000000 3393.280762 0.000000 0.915170 0.000000 -0.403067 0.830078 0.830078 0.830078
6145.336426 0.000000 3415.030762 0.000000 0.263703 0.000000 -0.964604 0.942975 0.942975 0.942975
6115.034180 0.000000 3395.028076 0.000000 0.315533 0.000000 -0.948915 0.913074 0.913074 0.913074
6121.742188 0.000000 3392.248779 0.000000 0.553955 0.000000 -0.832547 0.907860 0.907860 0.907860
6099.537598 0.000000 3397.321777 0.000000 0.363613 0.000000 0.931550 0.710943 0.710943 0.710943
6116.824219 0.000000 3400.130371 0.000000 0.497389 0.000000 -0.867528 0.833351 0.833351 0.833351
6107.940918 0.000000 3400.417725 0.000000 0.701989 0.000000 0.712188 0.766756 0.766756 0.766756
6137.657715 0.000000 3411.292725 0.000000 0.846399 0.000000 -0.532550 0.835669 0.835669 0.835669
6133.295898 0.000000 3414.740723 0.000000 0.949936 0.000000 -0.312444 0.836175 0.836175 0.836175
6098.644531 0.000000 3390.548584 0.000000 0.988494 0.000000 -0.151259 0.808370 0.808370 0.808370
6092.083984 0.000000 3386.028076 0.000000 0.783998 0.000000 -0.620763 0.818860 0.818860 0.818860
6141.346680 0.000000 3416.229980 0.000000 0.622806 0.000000 -0.782376 0.879136 0.879136 0.879136
6152.984375 0.000000 3415.476807 0.000000 0.916981 0.000000 0.398931 0.768529 0.768529 0.768529
6093.824219 0.000000 3390.989502 0.000000 0.480122 0.000000 -0.877202 0.860906 0.860906 0.860906
6110.627441 0.000000 3395.392822 0.000000 0.342147 0.000000 -0.939646 0.891493 0.891493 0.891493
6150.574219 0.000000 3421.967285 0.000000 0.974878 0.000000 -0.222737 0.810498 0.810498 0.810498
6117.826660 0.000000 3392.695801 0.000000 0.996990 0.000000 -0.077534 0.808045 0.808045 0.808045
6102.149414 0.000000 3400.123291 0.000000 0.995729 0.000000 -0.092320 0.803767 0.803767 0.803767
6133.466309 0.000000 3418.273193 0.000000 0.137176 0.000000 0.990547 0.744183 0.744183 0.744183
6140.281250 0.000000 3413.201172 0.000000 0.828033 0.000000 0.560680 0.744366 0.744366 0.744366
6127.832520 0.000000 3415.378906 0.000000 0.298892 0.000000 0.954287 0.708883 0.708883 0.708883
6107.543945 0.000000 3396.511230 0.000000 0.711987 0.000000 0.702193 0.733299 0.733299 0.733299
6122.723633 0.000000 3396.004639 0.000000 0.386926 0.000000 0.922111 0.721953 0.721953 0.721953
6134.438965 0.000000 3411.886475 0.000000 0.981603 0.000000 0.190936 0.787683 0.787683 0.787683
6099.222656 0.000000 3393.841797 0.000000 0.987986 0.000000 0.154545 0.788286 0.788286 0.788286
6116.932129 0.000000 3397.060791 0.000000 0.805931 0.000000 0.592009 0.751031 0.751031 0.751031
6114.530273 0.000000 3392.297852 0.000000 0.117997 0.000000 -0.993014 0.927065 0.927065 0.927065
6109.751953 0.000000 3398.101074 0.000000 0.687295 0.000000 0.726379 0.747388 0.747388 0.747388
6142.937988 0.000000 3413.800293 0.000000 0.656163 0.000000 -0.754619 0.876850 0.876850 0.876850
6112.875488 0.000000 3396.446045 0.000000 0.093575 0.000000 0.995612 0.693797 0.693797 0.693797
6139.291016 0.000000 3417.822754 0.000000 0.549030 0.000000 -0.835803 0.875303 0.875303 0.875303
6120.405762 0.000000 3390.096680 0.000000 0.972675 0.000000 0.232169 0.781328 0.781328 0.781328
6124.171387 0.000000 3392.699463 0.000000 0.205124 0.000000 -0.978736 0.903809 0.903809 0.903809
6203.460449 0.000000 3338.042480 0.000000 0.998473 0.000000 -0.055244 0.801325 0.801325 0.801325
6216.703125 0.000000 3377.526367 0.000000 0.997861 0.000000 0.065378 0.799686 0.799686 0.799686
6185.480957 0.000000 3356.609375 0.000000 0.209939 0.000000 -0.977714 0.808959 0.808959 0.808959
6245.767578 0.000000 3370.199707 0.000000 0.592801 0.000000 -0.805349 0.853293 0.853293 0.853293
6210.253418 0.000000 3357.884766 0.000000 0.581342 0.000000 -0.813659 0.867766 0.867766 0.867766
6222.716309 0.000000 3332.211670 0.000000 0.973161 0.000000 0.230124 0.788452 0.788452 0.788452
6256.758301 0.000000 3325.193848 0.000000 0.929228 0.000000 0.369507 0.777549 0.777549 0.777549
6230.039062 0.000000 3368.550781 0.000000 0.470124 0.000000 -0.882600 0.860257 0.860257 0.860257
6216.714844 0.000000 3345.362061 0.000000 0.206121 0.000000 -0.978527 0.889846 0.889846 0.889846
6199.301270 0.000000 3350.539062 0.000000 0.112863 0.000000 0.993611 0.694318 0.694318 0.694318
6235.231445 0.000000 3329.945312 0.000000 0.470115 0.000000 -0.882605 0.811015 0.811015 0.811015
6222.143555 0.000000 3359.835449 0.000000 0.922203 0.000000 0.386705 0.788581 0.788581 0.788581
6199.182617 0.000000 3362.138184 0.000000 0.171392 0.000000 -0.985203 0.911451 0.911451 0.911451
6237.170898 0.000000 3359.510742 0.000000 0.928373 0.000000 0.371651 0.798175 0.798175 0.798175
6246.272949 0.000000 3327.466553 0.000000 0.933956 0.000000 -0.357388 0.820803 0.820803 0.820803
6207.596191 0.000000 3346.251465 0.000000 0.485238 0.000000 0.874382 0.727312 0.727312 0.727312
6217.657227 0.000000 3368.341553 0.000000 0.724971 0.000000 0.688779 0.762669 0.762669 0.762669
6190.694336 0.000000 3365.165039 0.000000 0.765094 0.000000 0.643919 0.741314 0.741314 0.741314
6258.999512 0.000000 3316.873047 0.000000 0.963571 0.000000 0.267453 0.790429 0.790429 0.790429
6254.399414 0.000000 3371.895508 0.000000 0.924131 0.000000 0.382076 0.783087 0.783087 0.783087
6214.597656 0.000000 3336.572510 0.000000 0.518749 0.000000 -0.854927 0.809216 0.809216 0.809216
6248.184570 0.000000 3378.429932 0.000000 0.145924 0.000000 -0.989296 0.810241 0.810241 0.810241
6249.280273 0.000000 3362.311279 0.000000 0.999890 0.000000 -0.014848 0.800151 0.800151 0.800151
6217.270020 0.000000 3353.578857 0.000000 0.960408 0.000000 0.278597 0.775809 0.775809 0.775809
6193.704102 0.000000 3356.397461 0.000000 0.454041 0.000000 -0.890981 0.919241 0.919241 0.919241
6223.774414 0.000000 3372.994385 0.000000 0.100796 0.000000 -0.994907 0.859886 0.859886 0.859886
6238.437500 0.000000 3368.017578 0.000000 0.203868 0.000000 -0.978998 0.867907 0.867907 0.867907
6222.355469 0.000000 3340.222900 0.000000 0.846782 0.000000 -0.531940 0.821845 0.821845 0.821845
6203.668457 0.000000 3356.002930 0.000000 0.997774 0.000000 0.066685 0.794922 0.794922 0.794922
6241.510742 0.000000 3332.449219 0.000000 0.984380 0.000000 -0.176059 0.806363 0.806363 0.806363
6240.044434 0.000000 3325.087646 0.000000 0.652908 0.000000 -0.757438 0.814418 0.814418 0.814418
6215.867188 0.000000 3361.542725 0.000000 0.445160 0.000000 0.895451 0.761445 0.761445 0.761445
6229.479980 0.000000 3333.580811 0.000000 0.610841 0.000000 -0.791753 0.812044 0.812044 0.812044
6210.784180 0.000000 3351.603760 0.000000 0.001001 0.000000 1.000000 0.561094 0.561094 0.561094
6224.252930 0.000000 3366.081055 0.000000 0.384043 0.000000 0.923315 0.717515 0.717515 0.717515
6209.357422 0.000000 3340.371582 0.000000 0.095559 0.000000 -0.995424 0.861868 0.861868 0.861868
6262.113281 0.000000 3322.497559 0.000000 0.531150 0.000000 -0.847278 0.824832 0.824832 0.824832
6243.008789 0.000000 3375.662598 0.000000 0.851387 0.000000 -0.524538 0.810918 0.810918 0.810918
6201.980469 0.000000 3344.581299 0.000000 0.027481 0.000000 0.999622 0.716776 0.716776 0.716776
6232.898926 0.000000 3363.425293 0.000000 0.027816 0.000000 -0.999613 0.967336 0.967336 0.967336
6254.358887 0.000000 3365.821045 0.000000 0.054184 0.000000 -0.998531 0.856339 0.856339 0.856339
6192.993652 0.000000 3350.632812 0.000000 0.729014 0.000000 -0.684499 0.842914 0.842914 0.842914
6251.303223 0.000000 3323.851807 0.000000 0.026030 0.000000 -0.999661 0.862014 0.862014 0.862014
6195.615234 0.000000 3367.324951 0.000000 0.091338 0.000000 0.995820 0.714908 0.714908 0.714908
6188.350586 0.000000 3369.955322 0.000000 0.997893 0.000000 0.064884 0.797432 0.797432 0.797432
6189.746582 0.000000 3359.842285 0.000000 0.564708 0.000000 -0.825291 0.844785 0.844785 0.844785
6204.561035 0.000000 3350.443604 0.000000 0.131067 0.000000 -0.991374 0.934537 0.934537 0.934537
6254.849121 0.000000 3320.298584 0.000000 0.975808 0.000000 -0.218628 0.809905 0.809905 0.809905
6250.498047 0.000000 3368.823242 0.000000 0.903688 0.000000 -0.428191 0.825187 0.825187 0.825187
6254.977051 0.000000 3329.951172 0.000000 0.689331 0.000000 -0.724447 0.817962 0.817962 0.817962
6218.698730 0.000000 3373.088379 0.000000 0.967696 0.000000 -0.252121 0.812217 0.812217 0.812217
6249.609375 0.000000 3373.804932 0.000000 0.937293 0.000000 0.348543 0.780162 0.780162 0.780162
6219.415039 0.000000 3335.796631 0.000000 0.997739 0.000000 0.067215 0.797098 0.797098 0.797098
6198.955566 0.000000 3356.954834 0.000000 0.806800 0.000000 -0.590825 0.872337 0.872337 0.872337
6194.307617 0.000000 3361.537354 0.000000 0.941633 0.000000 -0.336640 0.834150 0.834150 0.834150
6225.490723 0.000000 3336.290283 0.000000 0.518925 0.000000 0.854820 0.755772 0.755772 0.755772
6211.995117 0.000000 3344.290527 0.000000 0.816578 0.000000 -0.577235 0.837238 0.837238 0.837238
6217.467285 0.000000 3340.427734 0.000000 0.740671 0.000000 -0.671868 0.827810 0.827810 0.827810
6219.790527 0.000000 3364.223633 0.000000 0.080071 0.000000 -0.996789 0.892888 0.892888 0.892888
6214.894043 0.000000 3349.618164 0.000000 0.748708 0.000000 0.662899 0.740947 0.740947 0.740947
6250.520020 0.000000 3329.072021 0.000000 0.297645 0.000000 0.954677 0.751354 0.751354 0.751354
6214.640625 0.000000 3357.212158 0.000000 0.464291 0.000000 0.885683 0.682010 0.682010 0.682010
6221.004883 0.000000 3344.629639 0.000000 0.065836 0.000000 0.997830 0.732372 0.732372 0.732372
6247.143066 0.000000 3366.077393 0.000000 0.987303 0.000000 -0.158846 0.804970 0.804970 0.804970
6185.972656 0.000000 3366.151123 0.000000 0.987586 0.000000 -0.157078 0.804064 0.804064 0.804064
6205.635742 0.000000 3342.416992 0.000000 0.676335 0.000000 -0.736594 0.847628 0.847628 0.847628
6219.073242 0.000000 3349.317627 0.000000 0.866250 0.000000 0.499611 0.774297 0.774297 0.774297
6203.051270 0.000000 3360.135986 0.000000 0.945993 0.000000 0.324188 0.783977 0.783977 0.783977
6220.678223 0.000000 3355.977539 0.000000 0.545963 0.000000 -0.837809 0.854752 0.854752 0.854752
6207.476074 0.000000 3353.999756 0.000000 0.979707 0.000000 -0.200435 0.827568 0.827568 0.827568
6198.020996 0.000000 3346.496582 0.000000 0.763936 0.000000 0.645292 0.764278 0.764278 0.764278
6221.598633 0.000000 3369.329590 0.000000 0.781066 0.000000 0.624448 0.740598 0.740598 0.740598
6189.609863 0.000000 3355.534424 0.000000 0.812307 0.000000 -0.583230 0.833206 0.833206 0.833206
6238.935547 0.000000 3363.280273 0.000000 0.997541 0.000000 0.070086 0.797562 0.797562 0.797562
6242.360840 0.000000 3328.465820 0.000000 0.713462 0.000000 0.700694 0.755808 0.755808 0.755808
6262.948730 0.000000 3317.703857 0.000000 0.985871 0.000000 -0.167507 0.809580 0.809580 0.809580
6196.423340 0.000000 3353.276855 0.000000 0.967307 0.000000 0.253608 0.773114 0.773114 0.773114
6226.077148 0.000000 3369.555176 0.000000 0.530416 0.000000 0.847737 0.739381 0.739381 0.739381
6242.444824 0.000000 3367.578369 0.000000 0.539890 0.000000 -0.841735 0.847358 0.847358 0.847358
6234.700195 0.000000 3366.850830 0.000000 0.993408 0.000000 -0.114636 0.808949 0.808949 0.808949
6258.385742 0.000000 3321.675049 0.000000 0.731592 0.000000 -0.681743 0.842699 0.842699 0.842699
6211.559570 0.000000 3347.973877 0.000000 0.997434 0.000000 -0.071593 0.806912 0.806912 0.806912
6192.067383 0.000000 3368.793945 0.000000 0.995773 0.000000 0.091843 0.796198 0.796198 0.796198
6238.769043 0.000000 3329.147705 0.000000 0.425607 0.000000 -0.904908 0.861676 0.861676 0.861676
6187.060059 0.000000 3362.311279 0.000000 0.272523 0.000000 0.962149 0.748022 0.748022 0.748022
6221.525879 0.000000 3351.982422 0.000000 0.935422 0.000000 0.353533 0.787443 0.787443 0.787443
6218.262207 0.000000 3358.635986 0.000000 0.079099 0.000000 0.996867 0.691858 0.691858 0.691858
6247.722168 0.000000 3324.202881 0.000000 0.971795 0.000000 0.235826 0.789159 0.789159 0.789159
6253.337891 0.000000 3326.767578 0.000000 0.999928 0.000000 -0.011988 0.800654 0.800654 0.800654
6201.913574 0.000000 3352.951416 0.000000 0.355064 0.000000 -0.934842 0.902764 0.902764 0.902764
6201.870117 0.000000 3348.148193 0.000000 0.517620 0.000000 -0.855611 0.875668 0.875668 0.875668
6228.530762 0.000000 3371.936035 0.000000 0.909146 0.000000 -0.416477 0.818017 0.818017 0.818017
6250.739746 0.000000 3365.383301 0.000000 0.954523 0.000000 -0.298139 0.813060 0.813060 0.813060
6246.424805 0.000000 3375.098389 0.000000 0.066295 0.000000 0.997800 0.722477 0.722477 0.722477
6208.042969 0.000000 3349.671387 0.000000 0.818958 0.000000 -0.573853 0.868116 0.868116 0.868116
6196.126465 0.000000 3349.392822 0.000000 0.738158 0.000000 0.674627 0.770718 0.770718 0.770718
6198.717773 0.000000 3365.493896 0.000000 0.998649 0.000000 0.051958 0.797602 0.797602 0.797602
6257.496582 0.000000 3366.969971 0.000000 0.559246 0.000000 0.829002 0.757838 0.757838 0.757838
6230.151367 0.000000 3365.417969 0.000000 0.993223 0.000000 -0.116224 0.811167 0.811167 0.811167
6225.934570 0.000000 3332.968262 0.000000 0.555186 0.000000 -0.831726 0.848847 0.848847 0.848847
6192.183594 0.000000 3353.685303 0.000000 0.042075 0.000000 -0.999114 0.935562 0.935562 0.935562
6193.835449 0.000000 3364.669922 0.000000 0.259242 0.000000 0.965812 0.680824 0.680824 0.680824
6235.983398 0.000000 3362.406982 0.000000 0.886336 0.000000 0.463042 0.755866 0.755866 0.755866
6222.482422 0.000000 3335.284668 0.000000 0.828351 0.000000 -0.560209 0.833848 0.833848 0.833848
6209.089844 0.000000 3343.415527 0.000000 0.396981 0.000000 -0.917827 0.861299 0.861299 0.861299
6227.337402 0.000000 3366.796143 0.000000 0.317898 0.000000 0.948125 0.728256 0.728256 0.728256
6204.380371 0.000000 3346.458984 0.000000 0.667252 0.000000 0.744832 0.748646 0.748646 0.748646
6230.266113 0.000000 3361.213379 0.000000 0.979392 0.000000 0.201967 0.788668 0.788668 0.788668
6260.557617 0.000000 3319.613037 0.000000 0.492882 0.000000 -0.870096 0.860075 0.860075 0.860075
6255.447266 0.000000 3369.123779 0.000000 0.528935 0.000000 0.848662 0.742313 0.742313 0.742313
6254.233887 0.000000 3323.203125 0.000000 0.336543 0.000000 -0.941668 0.883849 0.883849 0.883849
6191.398438 0.000000 3362.239990 0.000000 0.853700 0.000000 0.520765 0.754709 0.754709 0.754709
6196.589844 0.000000 3363.500000 0.000000 0.999831 0.000000 0.018369 0.798426 0.798426 0.798426
6219.894043 0.000000 3341.903076 0.000000 0.994630 0.000000 -0.103498 0.805716 0.805716 0.805716
6214.152344 0.000000 3346.717773 0.000000 0.754884 0.000000 0.655859 0.747711 0.747711 0.747711
6219.422363 0.000000 3361.291992 0.000000 0.504121 0.000000 -0.863633 0.861210 0.861210 0.861210
6249.259277 0.000000 3326.536621 0.000000 0.955104 0.000000 0.296270 0.782879 0.782879 0.782879
6192.415527 0.000000 3359.031250 0.000000 0.550784 0.000000 -0.834648 0.891118 0.891118 0.891118
6220.022461 0.000000 3338.530762 0.000000 0.950997 0.000000 -0.309199 0.817893 0.817893 0.817893
6221.469727 0.000000 3366.546631 0.000000 0.138265 0.000000 0.990395 0.679871 0.679871 0.679871
6200.350586 0.000000 3359.528564 0.000000 0.655633 0.000000 0.755080 0.727701 0.727701 0.727701
6236.932129 0.000000 3365.149658 0.000000 0.250806 0.000000 0.968037 0.701340 0.701340 0.701340
6221.090820 0.000000 3371.954590 0.000000 0.197292 0.000000 0.980345 0.701338 0.701338 0.701338
6188.233398 0.000000 3364.535156 0.000000 0.788139 0.000000 -0.615497 0.849658 0.849658 0.849658
6207.809570 0.000000 3356.589111 0.000000 0.842208 0.000000 0.539153 0.759399 0.759399 0.759399
6217.124512 0.000000 3351.066650 0.000000 0.765410 0.000000 0.643543 0.748895 0.748895 0.748895
6336.063965 0.000000 3075.026367 0.000000 0.496548 0.000000 -0.868010 0.839050 0.839050 0.839050
6328.672363 0.000000 3062.615723 0.000000 0.867527 0.000000 0.497391 0.784404 0.784404 0.784404
6337.185059 0.000000 3066.660156 0.000000 0.954153 0.000000 0.299318 0.789072 0.789072 0.789072
6330.601562 0.000000 3069.864990 0.000000 0.982891 0.000000 0.184189 0.783018 0.783018 0.783018
6342.587402 0.000000 3077.532959 0.000000 0.972261 0.000000 0.233900 0.786562 0.786562 0.786562
6342.745605 0.000000 3098.917480 0.000000 0.675189 0.000000 0.737645 0.791053 0.791053 0.791053
6340.933594 0.000000 3071.487549 0.000000 0.997130 0.000000 -0.075705 0.802997 0.802997 0.802997
6333.925781 0.000000 3062.561768 0.000000 0.907380 0.000000 -0.420312 0.808057 0.808057 0.808057
6347.379883 0.000000 3100.155273 0.000000 0.732420 0.000000 -0.680853 0.838143 0.838143 0.838143
6335.019531 0.000000 3070.665771 0.000000 0.871385 0.000000 -0.490601 0.832875 0.832875 0.832875
6331.528809 0.000000 3065.895020 0.000000 0.999572 0.000000 0.029258 0.798334 0.798334 0.798334
6327.652832 0.000000 3066.798584 0.000000 0.914917 0.000000 0.403641 0.783569 0.783569 0.783569
6339.720703 0.000000 3074.982666 0.000000 0.996561 0.000000 -0.082859 0.804672 0.804672 0.804672
6343.059082 0.000000 3074.174561 0.000000 0.455910 0.000000 -0.890026 0.851288 0.851288 0.851288
6337.908691 0.000000 3072.412109 0.000000 0.109197 0.000000 -0.994020 0.880557 0.880557 0.880557
6334.176270 0.000000 3067.658203 0.000000 0.832610 0.000000 0.553860 0.764477 0.764477 0.764477
6357.795898 0.000000 3098.550293 0.000000 0.686373 0.000000 0.727250 0.770725 0.770725 0.770725
6350.871582 0.000000 3100.848633 0.000000 0.565084 0.000000 -0.825033 0.855229 0.855229 0.855229
6354.587402 0.000000 3100.739990 0.000000 0.815568 0.000000 -0.578662 0.835495 0.835495 0.835495
6352.616211 0.000000 3098.166992 0.000000 0.183501 0.000000 -0.983020 0.859803 0.859803 0.859803
6343.750488 0.000000 3111.225098 0.000000 0.260080 0.000000 -0.965587 0.864250 0.864250 0.864250
6333.265137 0.000000 3113.497803 0.000000 0.655825 0.000000 0.754913 0.771807 0.771807 0.771807
6337.025879 0.000000 3104.402588 0.000000 0.723518 0.000000 0.690306 0.792696 0.792696 0.792696
6345.991699 0.000000 3102.904297 0.000000 0.149588 0.000000 0.988748 0.698706 0.698706 0.698706
6338.617676 0.000000 3119.672607 0.000000 0.999980 0.000000 0.006328 0.799928 0.799928 0.799928
6338.295410 0.000000 3109.883057 0.000000 0.626988 0.000000 0.779029 0.748628 0.748628 0.748628
6341.841309 0.000000 3106.329834 0.000000 0.904797 0.000000 -0.425844 0.839009 0.839009 0.839009
6341.969238 0.000000 3115.982422 0.000000 0.821876 0.000000 0.569667 0.784021 0.784021 0.784021
6333.247070 0.000000 3119.467041 0.000000 0.750510 0.000000 -0.660859 0.821196 0.821196 0.821196
6337.512207 0.000000 3115.103271 0.000000 0.516318 0.000000 0.856397 0.741471 0.741471 0.741471
6349.940918 0.000000 3103.735107 0.000000 0.119131 0.000000 0.992878 0.716516 0.716516 0.716516
6340.588867 0.000000 3102.665771 0.000000 0.666851 0.000000 0.745191 0.754155 0.754155 0.754155
6345.377930 0.000000 3107.706299 0.000000 0.897749 0.000000 -0.440508 0.838265 0.838265 0.838265
6340.330078 0.000000 3112.798828 0.000000 0.999960 0.000000 -0.008981 0.800382 0.800382 0.800382
6334.600586 0.000000 3116.469238 0.000000 0.728639 0.000000 -0.684898 0.842041 0.842041 0.842041
6347.549805 0.000000 3105.644287 0.000000 0.456095 0.000000 -0.889931 0.865083 0.865083 0.865083
6341.226074 0.000000 3109.234375 0.000000 0.478847 0.000000 0.877899 0.720394 0.720394 0.720394
6336.251465 0.000000 3112.567871 0.000000 0.867853 0.000000 0.496821 0.770405 0.770405 0.770405
6344.331543 0.000000 3105.141357 0.000000 0.822009 0.000000 0.569474 0.745547 0.745547 0.745547
6343.229492 0.000000 3102.772217 0.000000 0.937879 0.000000 0.346963 0.774099 0.774099 0.774099
6436.265137 0.000000 3135.464355 0.000000 0.997475 0.000000 0.071017 0.799361 0.799361 0.799361
6423.056152 0.000000 3182.010742 0.000000 0.394282 0.000000 -0.918989 0.801397 0.801397 0.801397
6353.839844 0.000000 3104.886719 0.000000 0.815150 0.000000 0.579250 0.782972 0.782972 0.782972
6424.533203 0.000000 3201.315918 0.000000 0.842619 0.000000 0.538510 0.790460 0.790460 0.790460
6430.192871 0.000000 3168.100830 0.000000 0.952927 0.000000 0.303200 0.799262 0.799262 0.799262
6434.288086 0.000000 3151.166504 0.000000 0.209071 0.000000 -0.977900 0.830154 0.830154 0.830154
6415.664551 0.000000 3169.600098 0.000000 0.996780 0.000000 0.080180 0.799760 0.799760 0.799760
6415.027344 0.000000 3192.116211 0.000000 0.278150 0.000000 -0.960538 0.805406 0.805406 0.805406
6431.997070 0.000000 3191.612549 0.000000 0.886746 0.000000 -0.462258 0.807774 0.807774 0.807774
6426.372559 0.000000 3132.166504 0.000000 0.843585 0.000000 0.536995 0.797283 0.797283 0.797283
6412.724609 0.000000 3182.363281 0.000000 0.705313 0.000000 -0.708896 0.805665 0.805665 0.805665
6429.497559 0.000000 3142.918457 0.000000 0.032247 0.000000 0.999480 0.783407 0.783407 0.783407
6363.314941 0.000000 3102.635010 0.000000 0.525368 0.000000 -0.850875 0.836585 0.836585 0.836585
6428.383789 0.000000 3157.926758 0.000000 0.997767 0.000000 0.066785 0.796196 0.796196 0.796196
6423.747070 0.000000 3192.358398 0.000000 0.912632 0.000000 -0.408782 0.830279 0.830279 0.830279
6422.168945 0.000000 3164.461182 0.000000 0.195475 0.000000 -0.980709 0.857631 0.857631 0.857631
6424.177246 0.000000 3173.644531 0.000000 0.998880 0.000000 0.047308 0.797618 0.797618 0.797618
6417.593750 0.000000 3176.849365 0.000000 0.193096 0.000000 0.981180 0.728247 0.728247 0.728247
6429.579590 0.000000 3184.517334 0.000000 0.916932 0.000000 -0.399044 0.810084 0.810084 0.810084
6417.550781 0.000000 3198.806396 0.000000 0.774619 0.000000 -0.632428 0.824615 0.824615 0.824615
6411.290527 0.000000 3175.694092 0.000000 0.462914 0.000000 -0.886403 0.847655 0.847655 0.847655
6435.956543 0.000000 3141.442139 0.000000 0.788996 0.000000 -0.614398 0.842021 0.842021 0.842021
6426.062012 0.000000 3138.068359 0.000000 0.942177 0.000000 -0.335115 0.805528 0.805528 0.805528
6359.503906 0.000000 3107.056641 0.000000 0.098764 0.000000 0.995111 0.736503 0.736503 0.736503
6431.057129 0.000000 3135.781250 0.000000 0.836701 0.000000 0.547661 0.770483 0.770483 0.770483
6420.917969 0.000000 3169.546143 0.000000 0.460284 0.000000 0.887772 0.711631 0.711631 0.711631
6430.801758 0.000000 3162.636963 0.000000 0.824343 0.000000 -0.566091 0.820912 0.820912 0.820912
6424.973145 0.000000 3187.089111 0.000000 0.400046 0.000000 0.916495 0.749296 0.749296 0.749296
6433.635742 0.000000 3146.025146 0.000000 0.986312 0.000000 0.164890 0.796923 0.796923 0.796923
6432.969238 0.000000 3156.216553 0.000000 0.644588 0.000000 -0.764530 0.834417 0.834417 0.834417
6408.421387 0.000000 3179.914795 0.000000 0.950099 0.000000 -0.311949 0.810455 0.810455 0.810455
6422.050781 0.000000 3196.868896 0.000000 0.992804 0.000000 -0.119750 0.806833 0.806833 0.806833
6425.468750 0.000000 3168.083496 0.000000 0.966658 0.000000 0.256070 0.783864 0.783864 0.783864
6357.806641 0.000000 3102.551270 0.000000 0.999831 0.000000 -0.018377 0.801156 0.801156 0.801156
6427.838379 0.000000 3194.236328 0.000000 0.468483 0.000000 0.883472 0.761058 0.761058 0.761058
6426.446289 0.000000 3163.750000 0.000000 0.651814 0.000000 0.758379 0.751001 0.751001 0.751001
6418.520996 0.000000 3172.879395 0.000000 0.947654 0.000000 -0.319299 0.827261 0.827261 0.827261
6428.177734 0.000000 3190.062744 0.000000 0.291251 0.000000 0.956647 0.755682 0.755682 0.755682
6418.416992 0.000000 3194.891113 0.000000 0.664449 0.000000 0.747333 0.762576 0.762576 0.762576
6432.155762 0.000000 3139.790527 0.000000 0.837143 0.000000 -0.546984 0.833290 0.833290 0.833290
6414.645020 0.000000 3173.782959 0.000000 0.581928 0.000000 0.813241 0.763582 0.763582 0.763582
6425.861816 0.000000 3197.537842 0.000000 0.986702 0.000000 0.162540 0.792761 0.792761 0.792761
6414.230469 0.000000 3178.872559 0.000000 0.289055 0.000000 -0.957313 0.849756 0.849756 0.849756
6434.965820 0.000000 3138.377930 0.000000 0.181173 0.000000 -0.983451 0.886530 0.886530 0.886530
6428.070312 0.000000 3160.983643 0.000000 0.856812 0.000000 0.515628 0.769163 0.769163 0.769163
6421.168457 0.000000 3174.642578 0.000000 0.515531 0.000000 0.856871 0.728469 0.728469 0.728469
6436.063965 0.000000 3148.495605 0.000000 0.999450 0.000000 -0.033160 0.801749 0.801749 0.801749
6360.583984 0.000000 3104.137451 0.000000 0.999686 0.000000 -0.025062 0.801442 0.801442 0.801442
6423.658691 0.000000 3170.718018 0.000000 0.695118 0.000000 0.718896 0.721171 0.721171 0.721171
6424.259766 0.000000 3195.159912 0.000000 0.614507 0.000000 0.788911 0.743354 0.743354 0.743354
6425.458496 0.000000 3190.152344 0.000000 0.985212 0.000000 -0.171337 0.812380 0.812380 0.812380
6446.457520 0.000000 3142.640625 0.000000 0.804886 0.000000 -0.593429 0.807994 0.807994 0.807994
6438.134277 0.000000 3147.290039 0.000000 0.934640 0.000000 0.355594 0.779306 0.779306 0.779306
6440.420410 0.000000 3135.878418 0.000000 0.965389 0.000000 -0.260815 0.801897 0.801897 0.801897
6437.885254 0.000000 3141.418213 0.000000 0.999339 0.000000 0.036343 0.797582 0.797582 0.797582
6441.841309 0.000000 3144.214844 0.000000 0.061955 0.000000 0.998079 0.714117 0.714117 0.714117
6441.171875 0.000000 3140.399902 0.000000 0.218120 0.000000 0.975922 0.723105 0.723105 0.723105
6437.817871 0.000000 3138.044678 0.000000 0.442060 0.000000 -0.896985 0.869349 0.869349 0.869349
6441.260742 0.000000 3147.744141 0.000000 0.430936 0.000000 -0.902382 0.862703 0.862703 0.862703
6438.407227 0.000000 3144.306396 0.000000 0.874624 0.000000 -0.484802 0.828810 0.828810 0.828810
6291.938965 0.000000 3308.259277 0.000000 0.998189 0.000000 0.060159 0.799026 0.799026 0.799026
6316.898926 0.000000 3284.779297 0.000000 0.357609 0.000000 0.933872 0.764619 0.764619 0.764619
6301.926270 0.000000 3293.727051 0.000000 0.616463 0.000000 -0.787384 0.833677 0.833677 0.833677
6298.852051 0.000000 3281.824463 0.000000 0.918343 0.000000 -0.395785 0.806339 0.806339 0.806339
6314.764648 0.000000 3272.546387 0.000000 0.997669 0.000000 0.068241 0.799673 0.799673 0.799673
6325.732422 0.000000 3289.347656 0.000000 0.981389 0.000000 -0.192029 0.810073 0.810073 0.810073
6308.180176 0.000000 3279.525146 0.000000 0.096761 0.000000 -0.995308 0.869766 0.869766 0.869766
6293.566406 0.000000 3289.228271 0.000000 0.873826 0.000000 -0.486239 0.804259 0.804259 0.804259
6298.714355 0.000000 3303.446533 0.000000 0.569973 0.000000 0.821664 0.745687 0.745687 0.745687
6308.186523 0.000000 3287.507324 0.000000 0.993510 0.000000 0.113743 0.797610 0.797610 0.797610
6320.294922 0.000000 3277.818848 0.000000 0.472210 0.000000 0.881486 0.787716 0.787716 0.787716
6292.035156 0.000000 3282.103271 0.000000 0.896444 0.000000 -0.443158 0.808803 0.808803 0.808803
6324.298340 0.000000 3282.678467 0.000000 0.249199 0.000000 -0.968452 0.833982 0.833982 0.833982
6318.321777 0.000000 3290.701904 0.000000 0.356278 0.000000 0.934380 0.782650 0.782650 0.782650
6299.586914 0.000000 3287.925537 0.000000 0.883564 0.000000 -0.468311 0.827742 0.827742 0.827742
6314.020020 0.000000 3279.152344 0.000000 0.565653 0.000000 0.824643 0.744811 0.744811 0.744811
6304.079590 0.000000 3283.655518 0.000000 0.606378 0.000000 0.795176 0.747672 0.747672 0.747672
6263.879395 0.000000 3314.817383 0.000000 0.416923 0.000000 -0.908942 0.860148 0.860148 0.860148
6298.686035 0.000000 3308.910889 0.000000 0.992068 0.000000 -0.125699 0.802114 0.802114 0.802114
6297.978516 0.000000 3297.781982 0.000000 0.358461 0.000000 -0.933545 0.832468 0.832468 0.832468
6292.287598 0.000000 3303.094971 0.000000 0.212367 0.000000 -0.977190 0.837396 0.837396 0.837396
6311.768555 0.000000 3283.810303 0.000000 0.845387 0.000000 0.534155 0.775352 0.775352 0.775352
6303.085449 0.000000 3299.481934 0.000000 0.603831 0.000000 -0.797112 0.841455 0.841455 0.841455
6321.429199 0.000000 3286.899170 0.000000 0.677208 0.000000 -0.735792 0.842606 0.842606 0.842606
6295.726562 0.000000 3285.264404 0.000000 0.493069 0.000000 0.869990 0.748789 0.748789 0.748789
6304.029785 0.000000 3287.937256 0.000000 0.999845 0.000000 0.017610 0.799156 0.799156 0.799156
6320.233887 0.000000 3281.952148 0.000000 0.990915 0.000000 0.134488 0.793776 0.793776 0.793776
6295.400879 0.000000 3306.000488 0.000000 0.997316 0.000000 -0.073223 0.804172 0.804172 0.804172
6322.243164 0.000000 3291.502930 0.000000 0.822616 0.000000 -0.568598 0.831889 0.831889 0.831889
6316.578613 0.000000 3276.115234 0.000000 0.713405 0.000000 -0.700752 0.829775 0.829775 0.829775
6310.958496 0.000000 3276.562256 0.000000 0.489601 0.000000 -0.871947 0.843154 0.843154 0.843154
6295.688477 0.000000 3300.975830 0.000000 0.953903 0.000000 -0.300114 0.810228 0.810228 0.810228
6267.595215 0.000000 3314.708740 0.000000 0.581037 0.000000 0.813877 0.762401 0.762401 0.762401
6307.939941 0.000000 3283.897461 0.000000 0.624297 0.000000 -0.781187 0.851034 0.851034 0.851034
6316.841309 0.000000 3281.157715 0.000000 0.999424 0.000000 -0.033950 0.801933 0.801933 0.801933
6300.693359 0.000000 3284.815430 0.000000 0.959848 0.000000 -0.280522 0.816185 0.816185 0.816185
6299.931152 0.000000 3300.357910 0.000000 0.622896 0.000000 -0.782304 0.851136 0.851136 0.851136
6300.996094 0.000000 3296.723389 0.000000 0.206486 0.000000 0.978449 0.722427 0.722427 0.722427
6311.198730 0.000000 3280.692871 0.000000 0.963117 0.000000 -0.269085 0.815508 0.815508 0.815508
6303.966309 0.000000 3295.877441 0.000000 0.271244 0.000000 0.962511 0.726224 0.726224 0.726224
6359.465332 0.000000 3249.625000 0.000000 0.023855 0.000000 0.999715 0.791658 0.791658 0.791658
6372.629883 0.000000 3284.592529 0.000000 0.985002 0.000000 0.172543 0.794909 0.794909 0.794909
6369.585449 0.000000 3265.783936 0.000000 0.969357 0.000000 -0.245658 0.801487 0.801487 0.801487
6356.556152 0.000000 3262.395020 0.000000 0.993837 0.000000 -0.110851 0.800799 0.800799 0.800799
6381.478516 0.000000 3262.729004 0.000000 0.131762 0.000000 0.991281 0.793104 0.793104 0.793104
6377.599121 0.000000 3273.743408 0.000000 0.792574 0.000000 -0.609775 0.825540 0.825540 0.825540
6373.166992 0.000000 3255.153809 0.000000 0.740196 0.000000 -0.672391 0.841976 0.841976 0.841976
6351.142090 0.000000 3254.274414 0.000000 0.920347 0.000000 -0.391102 0.802889 0.802889 0.802889
6380.558594 0.000000 3289.228271 0.000000 0.421204 0.000000 -0.906966 0.812933 0.812933 0.812933
6367.688477 0.000000 3249.413086 0.000000 0.390766 0.000000 0.920490 0.741848 0.741848 0.741848
6370.838379 0.000000 3277.090576 0.000000 0.098744 0.000000 -0.995113 0.828221 0.828221 0.828221
6373.393066 0.000000 3291.933105 0.000000 0.261614 0.000000 -0.965173 0.873562 0.873562 0.873562
6376.255371 0.000000 3267.078613 0.000000 0.185604 0.000000 0.982625 0.731167 0.731167 0.731167
6379.027344 0.000000 3282.103271 0.000000 0.300862 0.000000 0.953668 0.742387 0.742387 0.742387
6379.770020 0.000000 3256.523682 0.000000 0.456317 0.000000 0.889817 0.778968 0.778968 0.778968
6357.244141 0.000000 3255.729736 0.000000 0.956001 0.000000 -0.293364 0.816948 0.816948 0.816948
6374.980957 0.000000 3261.093018 0.000000 0.753525 0.000000 0.657419 0.759165 0.759165 0.759165
6372.700195 0.000000 3271.127686 0.000000 0.566518 0.000000 -0.824050 0.837720 0.837720 0.837720
6363.730957 0.000000 3252.857910 0.000000 0.823329 0.000000 0.567564 0.765646 0.765646 0.765646
6375.646973 0.000000 3278.436279 0.000000 0.386475 0.000000 0.922300 0.733175 0.733175 0.733175
6368.291992 0.000000 3254.552979 0.000000 0.607224 0.000000 0.794531 0.750484 0.750484 0.750484
6376.010742 0.000000 3288.043701 0.000000 0.621657 0.000000 -0.783290 0.851226 0.851226 0.851226
6377.800781 0.000000 3293.145996 0.000000 0.607528 0.000000 0.794299 0.768653 0.768653 0.768653
6359.957031 0.000000 3259.166748 0.000000 0.108693 0.000000 0.994075 0.750948 0.750948 0.750948
6379.317383 0.000000 3269.963623 0.000000 0.919501 0.000000 0.393088 0.786929 0.786929 0.786929
6363.594238 0.000000 3248.550049 0.000000 0.970216 0.000000 0.242242 0.791644 0.791644 0.791644
6354.587891 0.000000 3258.789307 0.000000 0.460612 0.000000 -0.887601 0.854966 0.854966 0.854966
6373.264648 0.000000 3264.715576 0.000000 0.946527 0.000000 -0.322624 0.815353 0.815353 0.815353
6372.299316 0.000000 3280.701660 0.000000 0.005156 0.000000 0.999987 0.739024 0.739024 0.739024
6376.004395 0.000000 3257.513672 0.000000 0.982086 0.000000 -0.188431 0.808064 0.808064 0.808064
6361.044434 0.000000 3255.326904 0.000000 0.025283 0.000000 0.999680 0.712028 0.712028 0.712028
6378.803223 0.000000 3285.711426 0.000000 0.789450 0.000000 0.613815 0.770697 0.770697 0.770697
6377.995117 0.000000 3263.829590 0.000000 0.259264 0.000000 -0.965806 0.858803 0.858803 0.858803
6375.588867 0.000000 3282.437256 0.000000 0.283226 0.000000 -0.959053 0.866144 0.866144 0.866144
6372.702148 0.000000 3258.509521 0.000000 0.996574 0.000000 0.082707 0.795882 0.795882 0.795882
6370.191406 0.000000 3251.833740 0.000000 0.851614 0.000000 -0.524169 0.831075 0.831075 0.831075
6358.856445 0.000000 3252.848389 0.000000 0.271508 0.000000 0.962436 0.740215 0.740215 0.740215
6376.179688 0.000000 3270.615234 0.000000 0.760944 0.000000 -0.648817 0.837227 0.837227 0.837227
6366.399902 0.000000 3252.046875 0.000000 0.512662 0.000000 -0.858590 0.869289 0.869289 0.869289
6266.847656 0.000000 3318.855469 0.000000 0.914975 0.000000 -0.403510 0.810950 0.810950 0.810950
6263.886230 0.000000 3321.929443 0.000000 0.707852 0.000000 0.706361 0.768043 0.768043 0.768043
6263.792480 0.000000 3318.244873 0.000000 0.784326 0.000000 -0.620349 0.835284 0.835284 0.835284
6390.687500 0.000000 3377.526367 0.000000 0.662853 0.000000 0.748749 0.793916 0.793916 0.793916
6384.237793 0.000000 3357.884766 0.000000 0.797001 0.000000 -0.603978 0.819428 0.819428 0.819428
6381.478516 0.000000 3369.713379 0.000000 0.017128 0.000000 0.999853 0.792553 0.792553 0.792553
6391.641602 0.000000 3368.341553 0.000000 0.215299 0.000000 -0.976548 0.875438 0.875438 0.875438
6367.688477 0.000000 3356.397461 0.000000 0.577541 0.000000 0.816362 0.747925 0.747925 0.747925
6377.652832 0.000000 3356.002930 0.000000 0.049626 0.000000 0.998768 0.769011 0.769011 0.769011
6379.770020 0.000000 3363.508057 0.000000 0.897807 0.000000 -0.440389 0.814209 0.814209 0.814209
6385.507324 0.000000 3365.170898 0.000000 0.942080 0.000000 -0.335387 0.819468 0.819468 0.819468
6387.062500 0.000000 3371.999268 0.000000 0.169421 0.000000 -0.985544 0.850350 0.850350 0.850350
6366.978027 0.000000 3350.632812 0.000000 0.975140 0.000000 -0.221591 0.803481 0.803481 0.803481
6392.683105 0.000000 3373.088379 0.000000 0.173748 0.000000 -0.984790 0.855212 0.855212 0.855212
6383.433594 0.000000 3361.726807 0.000000 0.901939 0.000000 0.431864 0.774581 0.774581 0.774581
6380.594238 0.000000 3358.841064 0.000000 0.620316 0.000000 -0.784352 0.851323 0.851323 0.851323
6384.963867 0.000000 3368.955322 0.000000 0.488881 0.000000 -0.872351 0.838742 0.838742 0.838742
6389.047363 0.000000 3365.865723 0.000000 0.426924 0.000000 0.904288 0.755325 0.755325 0.755325
6388.551270 0.000000 3369.227783 0.000000 0.917230 0.000000 0.398359 0.776678 0.776678 0.776678
6390.476074 0.000000 3371.264893 0.000000 0.916751 0.000000 0.399458 0.776610 0.776610 0.776610
7074.868652 0.000000 3201.274902 0.000000 0.001625 0.000000 0.999999 0.793419 0.793419 0.793419
7118.993652 0.000000 3182.010742 0.000000 0.275701 0.000000 0.961243 0.711011 0.711011 0.711011
7115.689453 0.000000 3156.230957 0.000000 0.837601 0.000000 0.546282 0.795152 0.795152 0.795152
7099.577637 0.000000 3197.166504 0.000000 0.737606 0.000000 0.675231 0.761359 0.761359 0.761359
7099.828613 0.000000 3177.794922 0.000000 0.849197 0.000000 0.528076 0.770666 0.770666 0.770666
7120.470703 0.000000 3201.315918 0.000000 0.450447 0.000000 0.892803 0.724623 0.724623 0.724623
7084.855957 0.000000 3186.742676 0.000000 0.482042 0.000000 0.876148 0.734100 0.734100 0.734100
7126.130371 0.000000 3168.100830 0.000000 0.253983 0.000000 -0.967209 0.832280 0.832280 0.832280
7111.602051 0.000000 3169.600098 0.000000 0.557205 0.000000 0.830375 0.753035 0.753035 0.753035
7087.020508 0.000000 3203.684814 0.000000 0.811549 0.000000 -0.584284 0.829911 0.829911 0.829911
7110.964844 0.000000 3192.116211 0.000000 0.969898 0.000000 0.243513 0.787767 0.787767 0.787767
7127.934570 0.000000 3191.612549 0.000000 0.552642 0.000000 -0.833419 0.865528 0.865528 0.865528
7110.383789 0.000000 3205.584229 0.000000 0.999979 0.000000 -0.006440 0.800193 0.800193 0.800193
7131.181641 0.000000 3202.462158 0.000000 0.107488 0.000000 -0.994206 0.885035 0.885035 0.885035
7129.851074 0.000000 3179.105225 0.000000 0.669090 0.000000 -0.743182 0.823092 0.823092 0.823092
7095.354492 0.000000 3187.318359 0.000000 0.911733 0.000000 0.410783 0.785543 0.785543 0.785543
7108.662109 0.000000 3182.363281 0.000000 0.497959 0.000000 0.867200 0.740887 0.740887 0.740887
7106.666992 0.000000 3161.546875 0.000000 0.071979 0.000000 -0.997406 0.838614 0.838614 0.838614
7101.007324 0.000000 3206.026367 0.000000 0.243087 0.000000 0.970005 0.759503 0.759503 0.759503
7090.381348 0.000000 3194.958008 0.000000 0.961903 0.000000 0.273390 0.783408 0.783408 0.783408
7081.644043 0.000000 3196.462158 0.000000 0.615618 0.000000 0.788045 0.757582 0.757582 0.757582
7119.684570 0.000000 3192.358398 0.000000 0.849400 0.000000 -0.527750 0.825649 0.825649 0.825649
7118.106445 0.000000 3164.461182 0.000000 0.992753 0.000000 0.120174 0.795669 0.795669 0.795669
7103.202148 0.000000 3189.513916 0.000000 0.372642 0.000000 0.927975 0.761531 0.761531 0.761531
7120.114746 0.000000 3173.644531 0.000000 0.781380 0.000000 -0.624055 0.840379 0.840379 0.840379
7091.116211 0.000000 3180.522949 0.000000 0.913868 0.000000 0.406011 0.780461 0.780461 0.780461
7103.224609 0.000000 3170.834473 0.000000 0.705328 0.000000 0.708881 0.763649 0.763649 0.763649
7106.557129 0.000000 3199.273193 0.000000 0.427996 0.000000 0.903780 0.755372 0.755372 0.755372
7079.406250 0.000000 3206.876709 0.000000 0.996103 0.000000 0.088196 0.799048 0.799048 0.799048
7113.531250 0.000000 3176.849365 0.000000 0.227187 0.000000 0.973851 0.718811 0.718811 0.718811
7125.517090 0.000000 3184.517334 0.000000 0.462323 0.000000 -0.886712 0.866627 0.866627 0.866627
7113.488281 0.000000 3198.806396 0.000000 0.732112 0.000000 -0.681184 0.833676 0.833676 0.833676
7126.440430 0.000000 3197.993652 0.000000 0.413172 0.000000 -0.910653 0.869969 0.869969 0.869969
7133.261719 0.000000 3195.455322 0.000000 0.671705 0.000000 -0.740819 0.849988 0.849988 0.849988
7107.228027 0.000000 3175.694092 0.000000 0.430466 0.000000 -0.902607 0.860034 0.860034 0.860034
7116.584473 0.000000 3206.071533 0.000000 0.066266 0.000000 -0.997802 0.849579 0.849579 0.849579
7101.251465 0.000000 3183.717529 0.000000 0.764827 0.000000 -0.644235 0.828102 0.828102 0.828102
7131.195312 0.000000 3186.135010 0.000000 0.753444 0.000000 0.657512 0.781514 0.781514 0.781514
7082.516602 0.000000 3180.941162 0.000000 0.683024 0.000000 -0.730396 0.812267 0.812267 0.812267
7112.930664 0.000000 3161.693848 0.000000 0.996649 0.000000 0.081795 0.798136 0.798136 0.798136
7123.863281 0.000000 3178.471924 0.000000 0.096311 0.000000 -0.995351 0.889221 0.889221 0.889221
7096.949707 0.000000 3172.167969 0.000000 0.980976 0.000000 -0.194131 0.808311 0.808311 0.808311
7089.867188 0.000000 3189.312744 0.000000 0.021628 0.000000 0.999766 0.734097 0.734097 0.734097
7091.670410 0.000000 3207.494385 0.000000 0.622604 0.000000 -0.782537 0.822078 0.822078 0.822078
7095.521484 0.000000 3193.005615 0.000000 0.569417 0.000000 -0.822049 0.853773 0.853773 0.853773
7081.615723 0.000000 3201.926514 0.000000 0.317851 0.000000 -0.948141 0.865768 0.865768 0.865768
7080.908203 0.000000 3190.797607 0.000000 0.789643 0.000000 0.613567 0.766357 0.766357 0.766357
7108.095703 0.000000 3187.618408 0.000000 0.993461 0.000000 0.114172 0.793693 0.793693 0.793693
7116.855469 0.000000 3169.546143 0.000000 0.262787 0.000000 0.964854 0.735888 0.735888 0.735888
7105.542969 0.000000 3194.161133 0.000000 0.286249 0.000000 -0.958155 0.850637 0.850637 0.850637
7120.910645 0.000000 3187.089111 0.000000 0.886261 0.000000 -0.463187 0.831741 0.831741 0.831741
7094.698242 0.000000 3176.825928 0.000000 0.962839 0.000000 0.270077 0.786891 0.786891 0.786891
7096.256348 0.000000 3182.230225 0.000000 0.886763 0.000000 0.462224 0.776968 0.776968 0.776968
7106.842285 0.000000 3167.039307 0.000000 0.999234 0.000000 -0.039124 0.801735 0.801735 0.801735
7086.015137 0.000000 3192.497559 0.000000 0.433873 0.000000 -0.900974 0.847732 0.847732 0.847732
7086.546387 0.000000 3198.537598 0.000000 0.944084 0.000000 -0.329705 0.820736 0.820736 0.820736
7125.233887 0.000000 3173.644287 0.000000 0.248551 0.000000 -0.968619 0.861673 0.861673 0.861673
7105.637207 0.000000 3204.282227 0.000000 0.295088 0.000000 -0.955470 0.836561 0.836561 0.836561
7104.358887 0.000000 3179.914795 0.000000 0.973224 0.000000 -0.229858 0.811812 0.811812 0.811812
7119.531250 0.000000 3159.836182 0.000000 0.427360 0.000000 0.904081 0.777672 0.777672 0.777672
7079.023926 0.000000 3186.381836 0.000000 0.342475 0.000000 0.939527 0.765608 0.765608 0.765608
7117.988281 0.000000 3196.868896 0.000000 0.923900 0.000000 0.382633 0.781414 0.781414 0.781414
7130.309570 0.000000 3207.139648 0.000000 0.666751 0.000000 -0.745280 0.842830 0.842830 0.842830
7102.495605 0.000000 3165.084473 0.000000 0.518840 0.000000 0.854872 0.766826 0.766826 0.766826
7121.406250 0.000000 3168.083496 0.000000 0.529586 0.000000 -0.848256 0.846721 0.846721 0.846721
7102.250488 0.000000 3201.062012 0.000000 0.570640 0.000000 0.821200 0.767671 0.767671 0.767671
7088.981445 0.000000 3184.586670 0.000000 0.916343 0.000000 -0.400393 0.825423 0.825423 0.825423
7083.965332 0.000000 3207.092773 0.000000 0.951631 0.000000 0.307243 0.792702 0.792702 0.792702
7123.775879 0.000000 3194.236328 0.000000 0.068820 0.000000 -0.997629 0.873793 0.873793 0.873793
7094.571777 0.000000 3197.323975 0.000000 0.907179 0.000000 0.420745 0.776842 0.776842 0.776842
7096.125977 0.000000 3206.341553 0.000000 0.684621 0.000000 -0.728899 0.827404 0.827404 0.827404
7099.861816 0.000000 3192.488770 0.000000 0.394490 0.000000 -0.918900 0.853064 0.853064 0.853064
7117.949219 0.000000 3177.650146 0.000000 0.992226 0.000000 0.124449 0.791851 0.791851 0.791851
7109.847168 0.000000 3196.301270 0.000000 0.724527 0.000000 0.689246 0.767194 0.767194 0.767194
7122.383789 0.000000 3163.750000 0.000000 0.993052 0.000000 0.117673 0.797032 0.797032 0.797032
7121.421387 0.000000 3206.951172 0.000000 0.850437 0.000000 0.526078 0.768135 0.768135 0.768135
7112.996094 0.000000 3182.302734 0.000000 0.181197 0.000000 0.983447 0.712639 0.712639 0.712639
7113.906738 0.000000 3165.909668 0.000000 0.013617 0.000000 -0.999907 0.855981 0.855981 0.855981
7132.000977 0.000000 3190.350342 0.000000 0.809082 0.000000 -0.587696 0.827854 0.827854 0.827854
7090.209961 0.000000 3200.771973 0.000000 0.326566 0.000000 0.945174 0.754005 0.754005 0.754005
7107.451172 0.000000 3171.164551 0.000000 0.408768 0.000000 -0.912638 0.856487 0.856487 0.856487
7086.959473 0.000000 3180.952881 0.000000 0.100234 0.000000 0.994964 0.756830 0.756830 0.756830
7113.790527 0.000000 3202.890869 0.000000 0.988902 0.000000 0.148567 0.794192 0.794192 0.794192
7125.028320 0.000000 3201.820557 0.000000 0.062336 0.000000 0.998055 0.703293 0.703293 0.703293
7114.458496 0.000000 3172.879395 0.000000 0.081564 0.000000 -0.996668 0.885656 0.885656 0.885656
7103.163574 0.000000 3174.967773 0.000000 0.999318 0.000000 -0.036922 0.801881 0.801881 0.801881
7078.330566 0.000000 3199.016113 0.000000 0.268768 0.000000 0.963205 0.758759 0.758759 0.758759
7124.115234 0.000000 3190.062744 0.000000 0.592094 0.000000 0.805869 0.738796 0.738796 0.738796
7105.172852 0.000000 3184.518555 0.000000 0.944801 0.000000 -0.327646 0.814201 0.814201 0.814201
7109.995605 0.000000 3164.424561 0.000000 0.151028 0.000000 0.988529 0.744728 0.744728 0.744728
7098.260742 0.000000 3202.261230 0.000000 0.999771 0.000000 -0.021421 0.800629 0.800629 0.800629
7114.354492 0.000000 3194.891113 0.000000 0.074830 0.000000 0.997196 0.726504 0.726504 0.726504
7109.898438 0.000000 3201.508057 0.000000 0.838085 0.000000 0.545540 0.777873 0.777873 0.777873
7130.484863 0.000000 3198.469238 0.000000 0.196338 0.000000 -0.980536 0.883922 0.883922 0.883922
7110.582520 0.000000 3173.782959 0.000000 0.722310 0.000000 0.691569 0.757904 0.757904 0.757904
7121.799316 0.000000 3197.537842 0.000000 0.627273 0.000000 0.778799 0.764161 0.764161 0.764161
7110.167969 0.000000 3178.872559 0.000000 0.970513 0.000000 0.241051 0.785413 0.785413 0.785413
7078.092773 0.000000 3203.285400 0.000000 0.632701 0.000000 0.774396 0.770280 0.770280 0.770280
7092.738770 0.000000 3184.210938 0.000000 0.370372 0.000000 -0.928883 0.870671 0.870671 0.870671
7116.859375 0.000000 3200.417725 0.000000 0.959708 0.000000 0.281000 0.785323 0.785323 0.785323
7103.365234 0.000000 3197.385742 0.000000 0.508476 0.000000 -0.861076 0.837916 0.837916 0.837916
7127.536621 0.000000 3187.929443 0.000000 0.489547 0.000000 0.871977 0.749227 0.749227 0.749227
7122.650391 0.000000 3181.967041 0.000000 0.945869 0.000000 0.324549 0.779007 0.779007 0.779007
7129.434082 0.000000 3195.003174 0.000000 0.918492 0.000000 -0.395438 0.824359 0.824359 0.824359
7107.395508 0.000000 3191.108643 0.000000 0.680379 0.000000 0.732860 0.760081 0.760081 0.760081
7088.225586 0.000000 3206.942627 0.000000 0.944173 0.000000 0.329450 0.782097 0.782097 0.782097
7111.034668 0.000000 3185.344482 0.000000 0.878349 0.000000 -0.478019 0.830460 0.830460 0.830460
7115.804199 0.000000 3180.319336 0.000000 0.562998 0.000000 -0.826458 0.863532 0.863532 0.863532
7117.723633 0.000000 3185.185547 0.000000 0.927621 0.000000 0.373523 0.774540 0.774540 0.774540
7099.770996 0.000000 3174.173340 0.000000 0.943411 0.000000 0.331625 0.781164 0.781164 0.781164
7082.302246 0.000000 3184.403564 0.000000 0.970868 0.000000 -0.239614 0.810729 0.810729 0.810729
7125.988770 0.000000 3181.158936 0.000000 0.940789 0.000000 -0.338992 0.819686 0.819686 0.819686
7123.434570 0.000000 3170.790527 0.000000 0.717645 0.000000 0.696410 0.762611 0.762611 0.762611
7111.751953 0.000000 3188.848633 0.000000 0.748047 0.000000 -0.663646 0.841307 0.841307 0.841307
7128.026855 0.000000 3203.411865 0.000000 0.745526 0.000000 0.666476 0.754981 0.754981 0.754981
7117.882324 0.000000 3188.554443 0.000000 0.987376 0.000000 0.158397 0.790564 0.790564 0.790564
7082.860840 0.000000 3193.373535 0.000000 0.822821 0.000000 -0.568301 0.837303 0.837303 0.837303
7119.379395 0.000000 3204.450684 0.000000 0.195733 0.000000 -0.980657 0.868320 0.868320 0.868320
7099.385742 0.000000 3181.119629 0.000000 0.656090 0.000000 0.754683 0.760033 0.760033 0.760033
7083.925781 0.000000 3189.739014 0.000000 0.707743 0.000000 -0.706470 0.848415 0.848415 0.848415
7085.248535 0.000000 3195.553955 0.000000 0.727507 0.000000 0.686100 0.755149 0.755149 0.755149
7122.559570 0.000000 3203.848145 0.000000 0.663071 0.000000 -0.748556 0.868422 0.868422 0.868422
7084.746582 0.000000 3201.410156 0.000000 0.873903 0.000000 -0.486101 0.831328 0.831328 0.831328
7122.692383 0.000000 3175.529053 0.000000 0.901316 0.000000 -0.433162 0.827917 0.827917 0.827917
7117.105957 0.000000 3174.642578 0.000000 0.937748 0.000000 0.347316 0.777472 0.777472 0.777472
7094.244629 0.000000 3179.887451 0.000000 0.956220 0.000000 -0.292648 0.817973 0.817973 0.817973
7091.353027 0.000000 3197.917725 0.000000 0.698776 0.000000 0.715341 0.750807 0.750807 0.750807
7119.596191 0.000000 3170.718018 0.000000 0.995814 0.000000 0.091403 0.794954 0.794954 0.794954
7097.130859 0.000000 3179.136475 0.000000 0.878353 0.000000 0.478013 0.771034 0.771034 0.771034
7107.222168 0.000000 3178.673828 0.000000 0.911132 0.000000 -0.412116 0.822652 0.822652 0.822652
7097.596680 0.000000 3195.017822 0.000000 0.221726 0.000000 -0.975109 0.883143 0.883143 0.883143
7082.869629 0.000000 3199.096436 0.000000 0.065547 0.000000 -0.997849 0.892893 0.892893 0.892893
7128.080566 0.000000 3200.450684 0.000000 0.440218 0.000000 0.897891 0.730523 0.730523 0.730523
7124.035645 0.000000 3187.014160 0.000000 0.615848 0.000000 -0.787865 0.857083 0.857083 0.857083
7097.216309 0.000000 3175.525635 0.000000 0.968880 0.000000 0.247529 0.786362 0.786362 0.786362
7126.680176 0.000000 3194.244629 0.000000 0.855004 0.000000 0.518621 0.766678 0.766678 0.766678
7120.871582 0.000000 3184.309326 0.000000 0.565590 0.000000 -0.824687 0.865651 0.865651 0.865651
7093.283691 0.000000 3194.748291 0.000000 0.765834 0.000000 0.643039 0.756895 0.756895 0.756895
7115.677246 0.000000 3183.215088 0.000000 0.992896 0.000000 -0.118988 0.807932 0.807932 0.807932
7121.395996 0.000000 3190.152344 0.000000 0.886550 0.000000 -0.462633 0.829106 0.829106 0.829106
7112.779785 0.000000 3179.503418 0.000000 0.247381 0.000000 0.968918 0.717695 0.717695 0.717695
7120.354492 0.000000 3176.683594 0.000000 0.413882 0.000000 -0.910331 0.875405 0.875405 0.875405
7123.820312 0.000000 3207.938965 0.000000 0.983621 0.000000 -0.180249 0.813140 0.813140 0.813140
7161.860840 0.000000 3201.274902 0.000000 0.527487 0.000000 -0.849563 0.822505 0.822505 0.822505
7219.194824 0.000000 3135.464355 0.000000 0.647055 0.000000 -0.762444 0.820262 0.820262 0.820262
7134.850098 0.000000 3167.661133 0.000000 0.186803 0.000000 0.982397 0.799171 0.799171 0.799171
7173.617188 0.000000 3163.557617 0.000000 0.998737 0.000000 0.050254 0.798735 0.798735 0.798735
7142.395020 0.000000 3142.640625 0.000000 0.790886 0.000000 -0.611963 0.815783 0.815783 0.815783
7202.681641 0.000000 3156.230957 0.000000 0.320545 0.000000 0.947233 0.795526 0.795526 0.795526
7138.748047 0.000000 3193.352051 0.000000 0.214717 0.000000 -0.976676 0.874659 0.874659 0.874659
7155.559570 0.000000 3177.608154 0.000000 0.963590 0.000000 0.267383 0.798054 0.798054 0.798054
7167.167480 0.000000 3143.916016 0.000000 0.971358 0.000000 -0.237620 0.802444 0.802444 0.802444
7201.956543 0.000000 3124.236816 0.000000 0.858519 0.000000 0.512781 0.790967 0.790967 0.790967
7186.820801 0.000000 3177.794922 0.000000 0.432791 0.000000 -0.901494 0.816825 0.816825 0.816825
7207.462891 0.000000 3201.315918 0.000000 0.988281 0.000000 0.152643 0.797429 0.797429 0.797429
7152.515137 0.000000 3158.799561 0.000000 0.652379 0.000000 0.757893 0.785571 0.785571 0.785571
7171.848145 0.000000 3186.742676 0.000000 0.993416 0.000000 -0.114562 0.800344 0.800344 0.800344
7186.953125 0.000000 3154.582031 0.000000 0.684979 0.000000 -0.728563 0.806847 0.806847 0.806847
7203.473633 0.000000 3140.282471 0.000000 0.774441 0.000000 0.632646 0.790971 0.790971 0.790971
7217.217773 0.000000 3151.166504 0.000000 0.514956 0.000000 -0.857216 0.840108 0.840108 0.840108
7198.594238 0.000000 3169.600098 0.000000 0.804520 0.000000 -0.593926 0.807240 0.807240 0.807240
7140.168945 0.000000 3180.131104 0.000000 0.985691 0.000000 -0.168564 0.801522 0.801522 0.801522
7148.224609 0.000000 3204.729248 0.000000 0.722256 0.000000 0.691626 0.758358 0.758358 0.758358
7156.215332 0.000000 3136.570312 0.000000 0.961384 0.000000 -0.275210 0.803341 0.803341 0.803341
7139.485840 0.000000 3155.410645 0.000000 0.948778 0.000000 0.315943 0.796726 0.796726 0.796726
7174.012695 0.000000 3203.684814 0.000000 0.935518 0.000000 0.353279 0.790481 0.790481 0.790481
7214.926758 0.000000 3191.612549 0.000000 0.370904 0.000000 0.928671 0.781449 0.781449 0.781449
7164.408203 0.000000 3155.744629 0.000000 0.676194 0.000000 0.736724 0.787098 0.787098 0.787098
7184.686523 0.000000 3165.562012 0.000000 0.667789 0.000000 0.744351 0.765793 0.765793 0.765793
7156.096680 0.000000 3148.169434 0.000000 0.936956 0.000000 -0.349448 0.812192 0.812192 0.812192
7197.375977 0.000000 3205.584229 0.000000 0.905098 0.000000 0.425202 0.792106 0.792106 0.792106
7218.173828 0.000000 3202.462158 0.000000 0.775028 0.000000 -0.631926 0.802869 0.802869 0.802869
7194.084961 0.000000 3145.541992 0.000000 0.235541 0.000000 0.971864 0.784825 0.784825 0.784825
7196.111816 0.000000 3132.608154 0.000000 0.620937 0.000000 0.783860 0.792983 0.792983 0.792983
7209.302246 0.000000 3132.166504 0.000000 0.791460 0.000000 -0.611221 0.812214 0.812214 0.812214
7178.102051 0.000000 3172.540771 0.000000 0.978603 0.000000 -0.205758 0.805215 0.805215 0.805215
7134.208984 0.000000 3201.938232 0.000000 0.058499 0.000000 -0.998287 0.890611 0.890611 0.890611
7212.427246 0.000000 3142.918457 0.000000 0.558185 0.000000 -0.829717 0.838699 0.838699 0.838699
7193.659180 0.000000 3161.546875 0.000000 0.317201 0.000000 -0.948358 0.820938 0.820938 0.820938
7156.262695 0.000000 3209.446533 0.000000 0.855010 0.000000 0.518611 0.772885 0.772885 0.772885
7174.571289 0.000000 3154.372803 0.000000 0.994601 0.000000 0.103777 0.798194 0.798194 0.798194
7136.357910 0.000000 3135.878418 0.000000 0.939078 0.000000 0.343703 0.793063 0.793063 0.793063
7211.313477 0.000000 3157.926758 0.000000 0.481534 0.000000 -0.876428 0.810242 0.810242 0.810242
7220.201660 0.000000 3159.344727 0.000000 0.983018 0.000000 -0.183512 0.802654 0.802654 0.802654
7153.405762 0.000000 3128.560303 0.000000 0.567974 0.000000 0.823047 0.778568 0.778568 0.778568
7148.434082 0.000000 3183.472900 0.000000 0.614591 0.000000 0.788846 0.759699 0.759699 0.759699
7206.194336 0.000000 3148.342529 0.000000 0.716218 0.000000 0.697877 0.768066 0.768066 0.768066
7144.958984 0.000000 3161.691406 0.000000 0.464049 0.000000 0.885810 0.788915 0.788915 0.788915
7146.424316 0.000000 3197.084961 0.000000 0.598884 0.000000 0.800836 0.716533 0.716533 0.716533
7153.880371 0.000000 3199.344971 0.000000 0.357622 0.000000 0.933866 0.703246 0.703246 0.703246
7150.618164 0.000000 3142.428711 0.000000 0.152412 0.000000 0.988317 0.760074 0.760074 0.760074
7190.216797 0.000000 3170.834473 0.000000 0.785600 0.000000 -0.618735 0.817988 0.817988 0.817988
7180.688477 0.000000 3159.025635 0.000000 0.886030 0.000000 -0.463627 0.811554 0.811554 0.811554
7193.947266 0.000000 3124.044922 0.000000 0.867262 0.000000 -0.497852 0.804371 0.804371 0.804371
7140.725586 0.000000 3205.534668 0.000000 0.998936 0.000000 0.046114 0.797651 0.797651 0.797651
7166.398438 0.000000 3206.876709 0.000000 0.007395 0.000000 0.999973 0.775645 0.775645 0.775645
7145.032227 0.000000 3189.590088 0.000000 0.986289 0.000000 0.165028 0.790563 0.790563 0.790563
7160.582520 0.000000 3142.034180 0.000000 0.795433 0.000000 -0.606042 0.812873 0.812873 0.812873
7202.730957 0.000000 3133.180420 0.000000 0.950594 0.000000 0.310438 0.796596 0.796596 0.796596
7198.424805 0.000000 3118.480469 0.000000 0.827996 0.000000 -0.560734 0.814623 0.814623 0.814623
7212.667480 0.000000 3205.901855 0.000000 0.848127 0.000000 -0.529792 0.807360 0.807360 0.807360
7213.432617 0.000000 3197.993652 0.000000 0.721115 0.000000 0.692815 0.786242 0.786242 0.786242
7220.253906 0.000000 3195.455322 0.000000 0.137251 0.000000 -0.990536 0.845510 0.845510 0.845510
7162.699707 0.000000 3149.539307 0.000000 0.909693 0.000000 -0.415282 0.809494 0.809494 0.809494
7194.220215 0.000000 3175.694092 0.000000 0.994343 0.000000 -0.106212 0.801466 0.801466 0.801466
7140.173828 0.000000 3148.745361 0.000000 0.307661 0.000000 0.951496 0.777386 0.777386 0.777386
7203.576660 0.000000 3206.071533 0.000000 0.911340 0.000000 0.411655 0.789069 0.789069 0.789069
7157.910645 0.000000 3154.108643 0.000000 0.774555 0.000000 0.632506 0.781947 0.781947 0.781947
7140.625488 0.000000 3199.427246 0.000000 0.266002 0.000000 -0.963972 0.891243 0.891243 0.891243
7215.202637 0.000000 3130.700195 0.000000 0.606830 0.000000 -0.794831 0.820368 0.820368 0.820368
7218.886230 0.000000 3141.442139 0.000000 0.762842 0.000000 -0.646585 0.823170 0.823170 0.823170
7157.177246 0.000000 3194.028809 0.000000 0.618735 0.000000 0.785600 0.738275 0.738275 0.738275
7208.991699 0.000000 3138.068359 0.000000 0.986092 0.000000 0.166198 0.796098 0.796098 0.796098
7178.912598 0.000000 3166.183105 0.000000 0.941884 0.000000 0.335937 0.786657 0.786657 0.786657
7183.941895 0.000000 3172.167969 0.000000 0.945052 0.000000 0.326919 0.791020 0.791020 0.791020
7211.272949 0.000000 3151.852295 0.000000 0.358840 0.000000 -0.933399 0.846882 0.846882 0.846882
7168.437012 0.000000 3151.202148 0.000000 0.926058 0.000000 0.377381 0.793276 0.793276 0.793276
7149.907715 0.000000 3136.664062 0.000000 0.041554 0.000000 0.999136 0.767931 0.767931 0.767931
7187.996582 0.000000 3160.429688 0.000000 0.483022 0.000000 -0.875608 0.826844 0.826844 0.826844
7133.801270 0.000000 3207.833008 0.000000 0.999907 0.000000 0.013632 0.799371 0.799371 0.799371
7140.380859 0.000000 3132.257080 0.000000 0.413897 0.000000 0.910324 0.767096 0.767096 0.767096
7160.883301 0.000000 3206.635986 0.000000 0.381482 0.000000 -0.924376 0.846640 0.846640 0.846640
7145.264648 0.000000 3155.986572 0.000000 0.251453 0.000000 0.967869 0.770023 0.770023 0.770023
7144.647949 0.000000 3137.718994 0.000000 0.884717 0.000000 -0.466128 0.813656 0.813656 0.813656
7213.986816 0.000000 3135.781250 0.000000 0.999385 0.000000 0.035068 0.799054 0.799054 0.799054
7156.033203 0.000000 3204.080811 0.000000 0.328909 0.000000 -0.944362 0.836278 0.836278 0.836278
7199.782715 0.000000 3143.813965 0.000000 0.829967 0.000000 -0.557812 0.817019 0.817019 0.817019
7216.565430 0.000000 3146.025146 0.000000 0.501897 0.000000 0.864927 0.754292 0.754292 0.754292
7146.660645 0.000000 3145.873535 0.000000 0.953304 0.000000 0.302014 0.791176 0.791176 0.791176
7193.834473 0.000000 3167.039307 0.000000 0.557891 0.000000 -0.829915 0.830501 0.830501 0.830501
7174.235840 0.000000 3168.645996 0.000000 0.994494 0.000000 0.104790 0.795848 0.795848 0.795848
7135.493164 0.000000 3197.131348 0.000000 0.865371 0.000000 0.501132 0.766977 0.766977 0.766977
7175.612793 0.000000 3159.119629 0.000000 0.291865 0.000000 -0.956459 0.829785 0.829785 0.829785
7155.869629 0.000000 3142.986084 0.000000 0.096113 0.000000 -0.995370 0.838874 0.838874 0.838874
7151.221680 0.000000 3147.568604 0.000000 0.999994 0.000000 -0.003379 0.800109 0.800109 0.800109
7134.701172 0.000000 3190.858154 0.000000 0.164788 0.000000 -0.986329 0.859781 0.859781 0.859781
7207.732910 0.000000 3143.665527 0.000000 0.641203 0.000000 0.767371 0.781132 0.781132 0.781132
7189.487793 0.000000 3165.084473 0.000000 0.870831 0.000000 -0.491582 0.818167 0.818167 0.818167
7210.789551 0.000000 3147.244873 0.000000 0.994514 0.000000 0.104607 0.795416 0.795416 0.795416
7150.853516 0.000000 3195.652832 0.000000 0.170278 0.000000 -0.985396 0.943409 0.943409 0.943409
7144.776855 0.000000 3201.542236 0.000000 0.323103 0.000000 -0.946364 0.887797 0.887797 0.887797
7140.083496 0.000000 3138.599121 0.000000 0.906086 0.000000 0.423094 0.790053 0.790053 0.790053
7152.190918 0.000000 3207.099121 0.000000 0.594163 0.000000 0.804345 0.752963 0.752963 0.752963
7157.054688 0.000000 3189.461426 0.000000 0.743595 0.000000 0.668631 0.757435 0.757435 0.757435
7151.847168 0.000000 3186.448975 0.000000 0.481710 0.000000 0.876331 0.725116 0.725116 0.725116
7170.957520 0.000000 3207.092773 0.000000 0.441530 0.000000 0.897247 0.765974 0.765974 0.765974
7143.283203 0.000000 3193.691895 0.000000 0.287551 0.000000 -0.957765 0.885839 0.885839 0.885839
7149.767090 0.000000 3200.633301 0.000000 0.093367 0.000000 0.995632 0.691126 0.691126 0.691126
7159.965332 0.000000 3146.167236 0.000000 0.755896 0.000000 -0.654692 0.820956 0.820956 0.820956
7145.093750 0.000000 3207.501953 0.000000 0.026638 0.000000 -0.999645 0.868466 0.868466 0.868466
7147.795410 0.000000 3192.791748 0.000000 0.846788 0.000000 0.531930 0.748246 0.748246 0.748246
7203.765625 0.000000 3145.035400 0.000000 0.909398 0.000000 -0.415927 0.813622 0.813622 0.813622
7186.500488 0.000000 3169.130859 0.000000 0.535411 0.000000 0.844592 0.765649 0.765649 0.765649
7215.085449 0.000000 3139.790527 0.000000 0.472033 0.000000 -0.881581 0.838151 0.838151 0.838151
7154.533691 0.000000 3181.424072 0.000000 0.113269 0.000000 -0.993564 0.871599 0.871599 0.871599
7180.880371 0.000000 3169.577881 0.000000 0.609558 0.000000 0.792742 0.767095 0.767095 0.767095
7137.963379 0.000000 3202.748779 0.000000 0.824845 0.000000 -0.565359 0.833842 0.833842 0.833842
7177.601074 0.000000 3162.474854 0.000000 0.902572 0.000000 0.430540 0.784799 0.784799 0.784799
7214.022461 0.000000 3149.178223 0.000000 0.742841 0.000000 -0.669468 0.832962 0.832962 0.832962
7140.921387 0.000000 3190.128418 0.000000 0.576144 0.000000 0.817348 0.754137 0.754137 0.754137
7165.084961 0.000000 3203.285400 0.000000 0.280782 0.000000 -0.959771 0.862422 0.862422 0.862422
7148.758789 0.000000 3188.617188 0.000000 0.986946 0.000000 0.161050 0.787982 0.787982 0.787982
7137.517090 0.000000 3207.724365 0.000000 0.167871 0.000000 0.985809 0.742032 0.742032 0.742032
7152.506836 0.000000 3203.072754 0.000000 0.835293 0.000000 -0.549804 0.833484 0.833484 0.833484
7175.217773 0.000000 3206.942627 0.000000 0.987510 0.000000 0.157553 0.793743 0.793743 0.793743
7141.726074 0.000000 3135.512695 0.000000 0.646594 0.000000 0.762835 0.757889 0.757889 0.757889
7154.321289 0.000000 3195.940918 0.000000 0.095916 0.000000 0.995389 0.678061 0.678061 0.678061
7146.055664 0.000000 3186.154541 0.000000 0.711802 0.000000 -0.702380 0.842927 0.842927 0.842927
7177.372559 0.000000 3204.304443 0.000000 0.207476 0.000000 0.978240 0.734724 0.734724 0.734724
7207.653809 0.000000 3151.414551 0.000000 0.732572 0.000000 -0.680689 0.830505 0.830505 0.830505
7140.862305 0.000000 3196.152588 0.000000 0.590384 0.000000 -0.807123 0.867534 0.867534 0.867534
7135.545898 0.000000 3205.151367 0.000000 0.969488 0.000000 0.245140 0.787832 0.787832 0.787832
7154.888184 0.000000 3191.755859 0.000000 0.836262 0.000000 -0.548330 0.844163 0.844163 0.844163
7151.450195 0.000000 3182.542480 0.000000 0.973840 0.000000 0.227234 0.788600 0.788600 0.788600
7143.752930 0.000000 3204.466797 0.000000 0.528379 0.000000 0.849008 0.747137 0.747137 0.747137
7134.539551 0.000000 3194.143799 0.000000 0.973366 0.000000 -0.229258 0.813998 0.813998 0.813998
7153.939941 0.000000 3188.779785 0.000000 0.750939 0.000000 0.660372 0.745544 0.745544 0.745544
7141.252930 0.000000 3202.472168 0.000000 0.213768 0.000000 -0.976884 0.878773 0.878773 0.878773
7143.575684 0.000000 3198.534424 0.000000 0.844849 0.000000 0.535004 0.758735 0.758735 0.758735
7137.374023 0.000000 3199.781494 0.000000 0.839580 0.000000 0.543235 0.761805 0.761805 0.761805
7138.187012 0.000000 3196.670166 0.000000 0.205774 0.000000 -0.978599 0.893954 0.893954 0.893954
7133.725098 0.000000 3199.251953 0.000000 0.963365 0.000000 0.268194 0.783081 0.783081 0.783081
7152.853516 0.000000 3193.587402 0.000000 0.497818 0.000000 -0.867281 0.896860 0.896860 0.896860
7147.160645 0.000000 3200.303955 0.000000 0.999028 0.000000 0.044087 0.796750 0.796750 0.796750
7145.375977 0.000000 3192.077393 0.000000 0.317767 0.000000 -0.948169 0.901649 0.901649 0.901649
7145.788574 0.000000 3194.602539 0.000000 0.887439 0.000000 -0.460925 0.839610 0.839610 0.839610
7229.387207 0.000000 3142.640625 0.000000 0.453569 0.000000 0.891221 0.787477 0.787477 0.787477
7225.740234 0.000000 3193.352051 0.000000 0.999979 0.000000 0.006501 0.799712 0.799712 0.799712
7226.478027 0.000000 3155.410645 0.000000 0.255151 0.000000 0.966901 0.755165 0.755165 0.755165
7221.201172 0.000000 3201.938232 0.000000 0.981913 0.000000 -0.189333 0.802853 0.802853 0.802853
7221.063965 0.000000 3147.290039 0.000000 0.970988 0.000000 0.239129 0.790596 0.790596 0.790596
7223.350098 0.000000 3135.878418 0.000000 0.928903 0.000000 -0.370323 0.803410 0.803410 0.803410
7234.600586 0.000000 3151.196289 0.000000 0.990907 0.000000 -0.134552 0.802588 0.802588 0.802588
7220.880859 0.000000 3186.224365 0.000000 0.842534 0.000000 -0.538644 0.806135 0.806135 0.806135
7231.951172 0.000000 3161.691406 0.000000 0.992818 0.000000 0.119633 0.798419 0.798419 0.798419
7227.166016 0.000000 3148.745361 0.000000 0.691689 0.000000 0.722196 0.775341 0.775341 0.775341
7220.814941 0.000000 3141.418213 0.000000 0.837568 0.000000 0.546333 0.783723 0.783723 0.783723
7220.781738 0.000000 3153.083984 0.000000 0.777636 0.000000 0.628715 0.775965 0.775965 0.775965
7232.256836 0.000000 3155.986572 0.000000 0.839435 0.000000 0.543460 0.782099 0.782099 0.782099
7222.485352 0.000000 3197.131348 0.000000 0.914072 0.000000 0.405552 0.780985 0.780985 0.780985
7224.770996 0.000000 3144.214844 0.000000 0.908288 0.000000 0.418345 0.789138 0.789138 0.789138
7221.693359 0.000000 3190.858154 0.000000 0.276186 0.000000 -0.961104 0.838676 0.838676 0.838676
7227.386719 0.000000 3159.954590 0.000000 0.252560 0.000000 0.967581 0.771625 0.771625 0.771625
7229.878906 0.000000 3152.182373 0.000000 0.783627 0.000000 -0.621232 0.823295 0.823295 0.823295
7224.509766 0.000000 3151.804932 0.000000 0.874106 0.000000 -0.485735 0.819146 0.819146 0.819146
7073.382324 0.000000 3231.058105 0.000000 0.624430 0.000000 -0.781081 0.801074 0.801074 0.801074
7110.358887 0.000000 3211.449951 0.000000 0.800300 0.000000 -0.599600 0.808476 0.808476 0.808476
7126.680176 0.000000 3218.209473 0.000000 0.870161 0.000000 0.492767 0.776228 0.776228 0.776228
7093.201660 0.000000 3210.531982 0.000000 0.825140 0.000000 0.564929 0.744964 0.744964 0.744964
7086.636719 0.000000 3238.377686 0.000000 0.924813 0.000000 -0.380423 0.805846 0.805846 0.805846
7080.664062 0.000000 3221.760010 0.000000 0.985612 0.000000 0.169023 0.797761 0.797761 0.797761
7128.639160 0.000000 3231.488281 0.000000 0.983936 0.000000 -0.178521 0.808496 0.808496 0.808496
7116.194824 0.000000 3220.482178 0.000000 0.080759 0.000000 0.996734 0.791073 0.791073 0.791073
7119.955566 0.000000 3211.386963 0.000000 0.971091 0.000000 -0.238711 0.805633 0.805633 0.805633
7128.921387 0.000000 3209.888672 0.000000 0.978644 0.000000 -0.205562 0.810917 0.810917 0.810917
7084.519531 0.000000 3229.588135 0.000000 0.999955 0.000000 -0.009442 0.800158 0.800158 0.800158
7121.547363 0.000000 3226.656982 0.000000 0.082625 0.000000 0.996581 0.775926 0.775926 0.775926
7086.020020 0.000000 3210.526123 0.000000 0.117871 0.000000 -0.993029 0.838297 0.838297 0.838297
7129.955078 0.000000 3224.465332 0.000000 0.399230 0.000000 -0.916851 0.856304 0.856304 0.856304
7086.596680 0.000000 3223.799805 0.000000 0.694599 0.000000 -0.719397 0.810584 0.810584 0.810584
7079.279297 0.000000 3233.387207 0.000000 0.312085 0.000000 -0.950054 0.832293 0.832293 0.832293
7132.035156 0.000000 3215.513184 0.000000 0.919841 0.000000 -0.392292 0.806763 0.806763 0.806763
7104.830078 0.000000 3209.635498 0.000000 0.984597 0.000000 -0.174842 0.803054 0.803054 0.803054
7121.225098 0.000000 3216.867432 0.000000 0.001663 0.000000 0.999999 0.751111 0.751111 0.751111
7098.755371 0.000000 3209.532471 0.000000 0.944201 0.000000 0.329369 0.783107 0.783107 0.783107
7124.770996 0.000000 3213.314209 0.000000 0.003760 0.000000 -0.999993 0.926755 0.926755 0.926755
7096.687012 0.000000 3213.774414 0.000000 0.162452 0.000000 -0.986716 0.849761 0.849761 0.849761
7120.441895 0.000000 3222.087646 0.000000 0.573496 0.000000 -0.819209 0.846593 0.846593 0.846593
7082.093262 0.000000 3225.942871 0.000000 0.761797 0.000000 0.647816 0.778466 0.778466 0.778466
7131.855469 0.000000 3228.418213 0.000000 0.221912 0.000000 0.975067 0.734625 0.734625 0.734625
7131.103516 0.000000 3220.351318 0.000000 0.600417 0.000000 0.799687 0.756687 0.756687 0.756687
7125.802246 0.000000 3234.406250 0.000000 0.881377 0.000000 -0.472414 0.823880 0.823880 0.823880
7132.870605 0.000000 3210.719482 0.000000 0.993388 0.000000 -0.114804 0.804136 0.804136 0.804136
7083.210938 0.000000 3233.302246 0.000000 0.946860 0.000000 -0.321646 0.810595 0.810595 0.810595
7080.556641 0.000000 3229.573486 0.000000 0.998717 0.000000 0.050630 0.798361 0.798361 0.798361
7123.518555 0.000000 3209.650146 0.000000 0.983413 0.000000 0.181380 0.788525 0.788525 0.788525
7128.307617 0.000000 3214.690674 0.000000 0.624547 0.000000 -0.780988 0.830609 0.830609 0.830609
7088.376953 0.000000 3213.586914 0.000000 0.899370 0.000000 -0.437187 0.815995 0.815995 0.815995
7124.117676 0.000000 3230.452881 0.000000 0.956690 0.000000 -0.291110 0.814336 0.814336 0.814336
7089.602051 0.000000 3210.250488 0.000000 0.705758 0.000000 0.708453 0.746695 0.746695 0.746695
7123.259766 0.000000 3219.783203 0.000000 0.507609 0.000000 -0.861588 0.853507 0.853507 0.853507
7124.155762 0.000000 3216.218750 0.000000 0.333825 0.000000 -0.942635 0.898791 0.898791 0.898791
7127.261230 0.000000 3212.125732 0.000000 0.972880 0.000000 0.231311 0.786014 0.786014 0.786014
7091.259766 0.000000 3212.285645 0.000000 0.923950 0.000000 0.382513 0.772719 0.772719 0.772719
7219.194824 0.000000 3242.448730 0.000000 0.195714 0.000000 0.980661 0.779421 0.779421 0.779421
7197.351074 0.000000 3211.449951 0.000000 0.920176 0.000000 0.391504 0.784092 0.784092 0.784092
7165.409668 0.000000 3210.240723 0.000000 0.175559 0.000000 -0.984469 0.812532 0.812532 0.812532
7179.630371 0.000000 3225.227295 0.000000 0.257717 0.000000 0.966221 0.756825 0.756825 0.756825
7213.672363 0.000000 3218.209473 0.000000 0.071488 0.000000 0.997441 0.731729 0.731729 0.731729
7215.631348 0.000000 3231.488281 0.000000 0.841185 0.000000 -0.540748 0.805135 0.805135 0.805135
7133.582520 0.000000 3221.950439 0.000000 0.619763 0.000000 -0.784789 0.839469 0.839469 0.839469
7206.947754 0.000000 3211.386963 0.000000 0.203536 0.000000 0.979067 0.778723 0.778723 0.778723
7188.500000 0.000000 3214.518799 0.000000 0.386679 0.000000 0.922214 0.778198 0.778198 0.778198
7146.244629 0.000000 3209.619385 0.000000 0.389387 0.000000 -0.921074 0.842793 0.842793 0.842793
7175.171875 0.000000 3217.525635 0.000000 0.783097 0.000000 0.621900 0.781099 0.781099 0.781099
7216.947266 0.000000 3224.465332 0.000000 0.957475 0.000000 -0.288516 0.814555 0.814555 0.814555
7186.394043 0.000000 3226.596436 0.000000 0.717054 0.000000 -0.697017 0.810628 0.810628 0.810628
7202.108887 0.000000 3214.735840 0.000000 0.931912 0.000000 0.362683 0.793551 0.793551 0.793551
7191.822266 0.000000 3209.635498 0.000000 0.411428 0.000000 0.911442 0.772515 0.772515 0.772515
7151.585938 0.000000 3211.655762 0.000000 0.838721 0.000000 0.544561 0.783438 0.783438 0.783438
7133.430176 0.000000 3227.933105 0.000000 0.501027 0.000000 0.865432 0.761142 0.761142 0.761142
7182.404785 0.000000 3229.305908 0.000000 0.998098 0.000000 0.061642 0.798226 0.798226 0.798226
7193.304199 0.000000 3214.691162 0.000000 0.978360 0.000000 0.206909 0.788636 0.788636 0.788636
7140.736328 0.000000 3209.535645 0.000000 0.999604 0.000000 -0.028147 0.800911 0.800911 0.800911
7183.735840 0.000000 3222.881104 0.000000 0.991800 0.000000 0.127800 0.795393 0.795393 0.795393
7177.641602 0.000000 3221.223389 0.000000 0.050387 0.000000 0.998730 0.726211 0.726211 0.726211
7202.687012 0.000000 3209.619141 0.000000 0.161657 0.000000 -0.986847 0.839663 0.839663 0.839663
7218.924316 0.000000 3234.208984 0.000000 0.917582 0.000000 -0.397547 0.811024 0.811024 0.811024
7218.095703 0.000000 3220.351318 0.000000 0.165984 0.000000 -0.986128 0.903475 0.903475 0.903475
7160.967285 0.000000 3209.941406 0.000000 0.158504 0.000000 -0.987358 0.868510 0.868510 0.868510
7214.898926 0.000000 3221.448242 0.000000 0.968277 0.000000 -0.249878 0.823455 0.823455 0.823455
7188.696777 0.000000 3210.806885 0.000000 0.711092 0.000000 -0.703098 0.837843 0.837843 0.837843
7182.848633 0.000000 3225.983887 0.000000 0.798371 0.000000 -0.602166 0.831363 0.831363 0.831363
7219.133301 0.000000 3222.850342 0.000000 0.658781 0.000000 0.752334 0.728564 0.728564 0.728564
7222.320312 0.000000 3233.230469 0.000000 0.810994 0.000000 -0.585055 0.827335 0.827335 0.827335
7220.574707 0.000000 3221.950439 0.000000 0.149542 0.000000 0.988755 0.723389 0.723389 0.723389
7223.350098 0.000000 3242.862793 0.000000 0.022878 0.000000 -0.999738 0.851938 0.851938 0.851938
7226.740723 0.000000 3227.117188 0.000000 0.999951 0.000000 -0.009925 0.800131 0.800131 0.800131
7229.263672 0.000000 3234.031006 0.000000 0.611294 0.000000 0.791403 0.763344 0.763344 0.763344
7220.422363 0.000000 3227.933105 0.000000 0.633177 0.000000 -0.774007 0.837125 0.837125 0.837125
7227.373047 0.000000 3239.241455 0.000000 0.042627 0.000000 0.999091 0.741400 0.741400 0.741400
7220.634766 0.000000 3238.067139 0.000000 0.965070 0.000000 0.261990 0.785864 0.785864 0.785864
7226.062500 0.000000 3231.287354 0.000000 0.273062 0.000000 -0.961997 0.847303 0.847303 0.847303
7225.325195 0.000000 3235.848877 0.000000 0.046533 0.000000 0.998917 0.740636 0.740636 0.740636
7223.939453 0.000000 3239.192871 0.000000 0.771392 0.000000 0.636361 0.766110 0.766110 0.766110
7222.960938 0.000000 3230.072998 0.000000 0.081801 0.000000 -0.996649 0.869585 0.869585 0.869585
7220.533203 0.000000 3241.282959 0.000000 0.374759 0.000000 0.927122 0.745963 0.745963 0.745963
5734.255371 0.000000 3489.053955 0.000000 0.107045 0.000000 0.994254 0.788600 0.788600 0.788600
5719.727051 0.000000 3490.553223 0.000000 0.766761 0.000000 0.641933 0.760325 0.760325 0.760325
5703.479492 0.000000 3508.271484 0.000000 0.311889 0.000000 -0.950119 0.869104 0.869104 0.869104
5716.787109 0.000000 3503.316406 0.000000 0.990622 0.000000 -0.136629 0.804352 0.804352 0.804352
5698.506348 0.000000 3515.911133 0.000000 0.800374 0.000000 0.599500 0.770340 0.770340 0.770340
5732.446289 0.000000 3478.879883 0.000000 0.327900 0.000000 -0.944712 0.824453 0.824453 0.824453
5741.334473 0.000000 3480.297852 0.000000 0.814154 0.000000 -0.580650 0.828954 0.828954 0.828954
5726.231445 0.000000 3485.414307 0.000000 0.158179 0.000000 0.987410 0.719630 0.719630 0.719630
5711.327148 0.000000 3510.467041 0.000000 0.416935 0.000000 0.908936 0.788381 0.788381 0.788381
5721.656250 0.000000 3497.802490 0.000000 0.993974 0.000000 0.109617 0.797697 0.797697 0.797697
5715.353027 0.000000 3496.647217 0.000000 0.177413 0.000000 -0.984136 0.879259 0.879259 0.879259
5709.376465 0.000000 3504.670654 0.000000 0.618922 0.000000 0.785452 0.765356 0.765356 0.765356
5721.055664 0.000000 3482.646973 0.000000 0.996261 0.000000 0.086390 0.796165 0.796165 0.796165
5739.666992 0.000000 3486.114502 0.000000 0.755374 0.000000 0.655294 0.783730 0.783730 0.783730
5697.992188 0.000000 3510.265869 0.000000 0.349397 0.000000 0.936975 0.760725 0.760725 0.760725
5703.646484 0.000000 3513.958740 0.000000 0.847742 0.000000 0.530409 0.772531 0.772531 0.772531
5734.864258 0.000000 3483.590088 0.000000 0.694517 0.000000 -0.719477 0.845711 0.845711 0.845711
5712.483887 0.000000 3500.867920 0.000000 0.268243 0.000000 0.963351 0.726046 0.726046 0.726046
5729.531250 0.000000 3489.036621 0.000000 0.643803 0.000000 0.765191 0.772330 0.772330 0.772330
5707.986816 0.000000 3513.441895 0.000000 0.963311 0.000000 -0.268388 0.807652 0.807652 0.807652
5730.508789 0.000000 3484.703125 0.000000 0.962408 0.000000 0.271608 0.784343 0.784343 0.784343
5722.031738 0.000000 3486.862793 0.000000 0.921842 0.000000 0.387566 0.779492 0.779492 0.779492
5715.576172 0.000000 3492.117676 0.000000 0.207883 0.000000 -0.978154 0.851389 0.851389 0.851389
5707.574707 0.000000 3508.646240 0.000000 0.681182 0.000000 -0.732114 0.842327 0.842327 0.842327
5713.297852 0.000000 3505.471680 0.000000 0.144391 0.000000 -0.989521 0.881164 0.881164 0.881164
5718.120605 0.000000 3485.377686 0.000000 0.866230 0.000000 0.499645 0.773981 0.773981 0.773981
5718.707520 0.000000 3494.736084 0.000000 0.832554 0.000000 0.553944 0.768692 0.768692 0.768692
5718.292969 0.000000 3499.825684 0.000000 0.633270 0.000000 0.773931 0.771365 0.771365 0.771365
5737.470703 0.000000 3480.789062 0.000000 0.043157 0.000000 -0.999068 0.886954 0.886954 0.886954
5701.391113 0.000000 3511.223633 0.000000 0.996156 0.000000 0.087595 0.795008 0.795008 0.795008
5724.471680 0.000000 3482.082764 0.000000 0.242081 0.000000 0.970256 0.746757 0.746757 0.746757
5705.580566 0.000000 3511.099854 0.000000 0.992535 0.000000 -0.121956 0.806959 0.806959 0.806959
5739.548340 0.000000 3483.009521 0.000000 0.994089 0.000000 0.108568 0.793808 0.793808 0.793808
5715.347168 0.000000 3499.626953 0.000000 0.915643 0.000000 0.401992 0.776452 0.776452 0.776452
5699.078125 0.000000 3513.061523 0.000000 0.788281 0.000000 -0.615315 0.837727 0.837727 0.837727
5718.011719 0.000000 3488.274414 0.000000 0.417763 0.000000 -0.908556 0.864880 0.864880 0.864880
5734.255371 0.000000 3596.038330 0.000000 0.021849 0.000000 -0.999761 0.838051 0.838051 0.838051
5738.350586 0.000000 3579.104004 0.000000 0.468565 0.000000 -0.883429 0.849323 0.849323 0.849323
5732.446289 0.000000 3585.864258 0.000000 0.163781 0.000000 -0.986497 0.826121 0.826121 0.826121
5741.334473 0.000000 3587.282227 0.000000 0.886785 0.000000 -0.462182 0.814106 0.814106 0.814106
5739.666992 0.000000 3593.098877 0.000000 0.116635 0.000000 0.993175 0.727696 0.727696 0.727696
5734.864258 0.000000 3590.574463 0.000000 0.713672 0.000000 0.700480 0.764195 0.764195 0.764195
5737.031738 0.000000 3584.154053 0.000000 0.837667 0.000000 -0.546181 0.832889 0.832889 0.832889
5737.470703 0.000000 3587.773438 0.000000 0.102061 0.000000 0.994778 0.716408 0.716408 0.716408
5736.171875 0.000000 3593.424805 0.000000 0.778830 0.000000 0.627235 0.761407 0.761407 0.761407
5769.985840 0.000000 3522.228027 0.000000 0.979792 0.000000 0.200021 0.796863 0.796863 0.796863
5814.110840 0.000000 3502.963867 0.000000 0.999986 0.000000 -0.005363 0.800074 0.800074 0.800074
5742.975098 0.000000 3488.614258 0.000000 0.408948 0.000000 -0.912558 0.823417 0.823417 0.823417
5763.684570 0.000000 3498.561279 0.000000 0.998548 0.000000 0.053861 0.798095 0.798095 0.798095
5794.945801 0.000000 3498.748047 0.000000 0.999745 0.000000 0.022566 0.799446 0.799446 0.799446
5815.587891 0.000000 3522.269043 0.000000 0.917496 0.000000 0.397745 0.797059 0.797059 0.797059
5760.640137 0.000000 3479.752686 0.000000 0.954999 0.000000 0.296610 0.798917 0.798917 0.798917
5779.973145 0.000000 3507.695801 0.000000 0.967974 0.000000 -0.251052 0.803041 0.803041 0.803041
5821.247559 0.000000 3489.053955 0.000000 0.947440 0.000000 -0.319934 0.818537 0.818537 0.818537
5806.719238 0.000000 3490.553223 0.000000 0.743122 0.000000 -0.669156 0.814056 0.814056 0.814056
5782.137695 0.000000 3524.637939 0.000000 0.373496 0.000000 -0.927632 0.859082 0.859082 0.859082
5806.082031 0.000000 3513.069336 0.000000 0.054586 0.000000 0.998509 0.750943 0.750943 0.750943
5776.898926 0.000000 3495.793213 0.000000 0.997706 0.000000 -0.067695 0.800447 0.800447 0.800447
5787.182617 0.000000 3466.819824 0.000000 0.369721 0.000000 -0.929143 0.855713 0.855713 0.855713
5754.298828 0.000000 3490.671143 0.000000 0.023442 0.000000 0.999725 0.775895 0.775895 0.775895
5792.811523 0.000000 3486.515137 0.000000 0.991888 0.000000 -0.127117 0.800535 0.800535 0.800535
5805.500977 0.000000 3526.537354 0.000000 0.996947 0.000000 0.078083 0.796815 0.796815 0.796815
5824.968262 0.000000 3500.058350 0.000000 0.995674 0.000000 -0.092913 0.805296 0.805296 0.805296
5770.492676 0.000000 3511.751221 0.000000 0.479006 0.000000 0.877812 0.749292 0.749292 0.749292
5790.471680 0.000000 3508.271484 0.000000 0.852001 0.000000 -0.523540 0.821459 0.821459 0.821459
5782.696289 0.000000 3475.325928 0.000000 0.517974 0.000000 -0.855396 0.841201 0.841201 0.841201
5796.124512 0.000000 3526.979492 0.000000 0.124588 0.000000 0.992209 0.730693 0.730693 0.730693
5785.498535 0.000000 3515.911133 0.000000 0.967236 0.000000 -0.253879 0.810612 0.810612 0.810612
5771.613281 0.000000 3503.197021 0.000000 0.218397 0.000000 -0.975860 0.879307 0.879307 0.879307
5814.801758 0.000000 3513.311523 0.000000 0.550277 0.000000 -0.834982 0.814801 0.814801 0.814801
5753.083984 0.000000 3482.644531 0.000000 0.765021 0.000000 0.644006 0.762267 0.762267 0.762267
5815.231934 0.000000 3494.597656 0.000000 0.128304 0.000000 -0.991735 0.881224 0.881224 0.881224
5786.233398 0.000000 3501.476074 0.000000 0.243769 0.000000 0.969833 0.762699 0.762699 0.762699
5798.341797 0.000000 3491.787598 0.000000 0.332202 0.000000 0.943208 0.729864 0.729864 0.729864
5761.893066 0.000000 3491.059326 0.000000 0.913694 0.000000 -0.406403 0.805015 0.805015 0.805015
5789.349121 0.000000 3523.138184 0.000000 0.911609 0.000000 -0.411059 0.807361 0.807361 0.807361
5764.447754 0.000000 3505.901855 0.000000 0.339141 0.000000 -0.940736 0.890265 0.890265 0.890265
5801.674316 0.000000 3520.226318 0.000000 0.251290 0.000000 0.967912 0.776331 0.776331 0.776331
5774.523438 0.000000 3527.829834 0.000000 0.627828 0.000000 -0.778352 0.850776 0.850776 0.850776
5808.648438 0.000000 3497.802490 0.000000 0.689694 0.000000 0.724101 0.769920 0.769920 0.769920
5808.605469 0.000000 3519.759521 0.000000 0.406218 0.000000 0.913776 0.734399 0.734399 0.734399
5743.560059 0.000000 3481.698730 0.000000 0.453864 0.000000 0.891071 0.757171 0.757171 0.757171
5770.082031 0.000000 3496.072021 0.000000 0.962639 0.000000 -0.270789 0.816266 0.816266 0.816266
5780.906250 0.000000 3468.527100 0.000000 0.282441 0.000000 0.959285 0.760750 0.760750 0.760750
5809.449707 0.000000 3507.584229 0.000000 0.983964 0.000000 0.178370 0.784098 0.784098 0.784098
5789.291992 0.000000 3473.065430 0.000000 0.523297 0.000000 -0.852151 0.824448 0.824448 0.824448
5825.629395 0.000000 3493.319824 0.000000 0.598204 0.000000 0.801344 0.759899 0.759899 0.759899
5758.517578 0.000000 3485.493408 0.000000 0.995347 0.000000 -0.096359 0.805493 0.805493 0.805493
5749.026855 0.000000 3487.052246 0.000000 0.991996 0.000000 -0.126267 0.807207 0.807207 0.807207
5777.633789 0.000000 3501.894287 0.000000 0.998107 0.000000 0.061499 0.796497 0.796497 0.796497
5792.066895 0.000000 3493.121094 0.000000 0.903179 0.000000 -0.429265 0.812760 0.812760 0.812760
5776.562012 0.000000 3472.155273 0.000000 0.643255 0.000000 -0.765652 0.831873 0.831873 0.831873
5784.984375 0.000000 3510.265869 0.000000 0.796308 0.000000 -0.604892 0.823744 0.823744 0.823744
5769.008301 0.000000 3527.589111 0.000000 0.987842 0.000000 -0.155463 0.805799 0.805799 0.805799
5790.638672 0.000000 3513.958740 0.000000 0.212991 0.000000 -0.977054 0.845504 0.845504 0.845504
5776.732910 0.000000 3522.879639 0.000000 0.242598 0.000000 0.970127 0.749161 0.749161 0.749161
5811.972656 0.000000 3490.499268 0.000000 0.164076 0.000000 0.986448 0.773885 0.773885 0.773885
5763.754883 0.000000 3485.096436 0.000000 0.998701 0.000000 -0.050947 0.802901 0.802901 0.802901
5791.373535 0.000000 3503.183350 0.000000 0.794601 0.000000 0.607132 0.762862 0.762862 0.762862
5801.959473 0.000000 3487.992432 0.000000 0.822965 0.000000 -0.568092 0.822083 0.822083 0.822083
5781.663574 0.000000 3519.490723 0.000000 0.642590 0.000000 -0.766210 0.821967 0.821967 0.821967
5820.351074 0.000000 3494.597412 0.000000 0.100995 0.000000 -0.994887 0.869564 0.869564 0.869564
5800.754395 0.000000 3525.235352 0.000000 0.791869 0.000000 -0.610690 0.837393 0.837393 0.837393
5774.141113 0.000000 3507.334961 0.000000 0.891834 0.000000 0.452364 0.783124 0.783124 0.783124
5813.105469 0.000000 3517.822021 0.000000 0.505809 0.000000 -0.862646 0.835535 0.835535 0.835535
5797.612793 0.000000 3486.037598 0.000000 0.579300 0.000000 0.815114 0.772594 0.772594 0.772594
5816.523438 0.000000 3489.036621 0.000000 0.257002 0.000000 -0.966411 0.874617 0.874617 0.874617
5767.065430 0.000000 3502.012451 0.000000 0.661213 0.000000 0.750198 0.737477 0.737477 0.737477
5784.829590 0.000000 3471.208008 0.000000 0.927072 0.000000 0.374883 0.778127 0.778127 0.778127
5773.773438 0.000000 3499.233154 0.000000 0.974578 0.000000 -0.224048 0.811102 0.811102 0.811102
5768.855469 0.000000 3507.114746 0.000000 0.449067 0.000000 0.893498 0.735111 0.735111 0.735111
5784.098633 0.000000 3505.539795 0.000000 0.524387 0.000000 0.851480 0.775582 0.775582 0.775582
5765.179688 0.000000 3510.414551 0.000000 0.991122 0.000000 -0.132957 0.804874 0.804874 0.804874
5779.082520 0.000000 3528.045898 0.000000 0.618825 0.000000 -0.785529 0.827069 0.827069 0.827069
5789.688965 0.000000 3518.277100 0.000000 0.101697 0.000000 0.994815 0.738390 0.738390 0.738390
5791.243164 0.000000 3527.294678 0.000000 0.469536 0.000000 0.882913 0.774067 0.774067 0.774067
5813.066406 0.000000 3498.603271 0.000000 0.768537 0.000000 -0.639805 0.837021 0.837021 0.837021
5810.709473 0.000000 3511.842041 0.000000 0.230012 0.000000 0.973188 0.723799 0.723799 0.723799
5817.500977 0.000000 3484.703125 0.000000 0.747477 0.000000 0.664287 0.777799 0.777799 0.777799
5808.113281 0.000000 3503.255859 0.000000 0.941674 0.000000 -0.336525 0.826118 0.826118 0.826118
5785.327148 0.000000 3521.725098 0.000000 0.578141 0.000000 -0.815937 0.854323 0.854323 0.854323
5802.568359 0.000000 3492.117676 0.000000 0.123253 0.000000 0.992375 0.737566 0.737566 0.737566
5808.907715 0.000000 3523.843994 0.000000 0.446259 0.000000 0.894904 0.736919 0.736919 0.736919
5809.471680 0.000000 3515.844238 0.000000 0.875619 0.000000 0.483002 0.771609 0.771609 0.771609
5805.015625 0.000000 3522.461182 0.000000 0.605431 0.000000 0.795898 0.747605 0.747605 0.747605
5753.037109 0.000000 3486.916504 0.000000 0.611118 0.000000 0.791540 0.748012 0.748012 0.748012
5794.625488 0.000000 3490.083984 0.000000 0.765462 0.000000 -0.643481 0.835602 0.835602 0.835602
5745.503906 0.000000 3485.333740 0.000000 0.991608 0.000000 0.129282 0.792620 0.792620 0.792620
5758.316406 0.000000 3489.426025 0.000000 0.005787 0.000000 -0.999983 0.859076 0.859076 0.859076
5762.658691 0.000000 3502.377197 0.000000 0.293856 0.000000 -0.955850 0.870910 0.870910 0.870910
5773.209961 0.000000 3524.238525 0.000000 0.440379 0.000000 -0.897812 0.855439 0.855439 0.855439
5787.855957 0.000000 3505.164062 0.000000 0.580289 0.000000 0.814411 0.756092 0.756092 0.756092
5824.073730 0.000000 3503.715820 0.000000 0.913717 0.000000 -0.406352 0.821312 0.821312 0.821312
5811.976562 0.000000 3521.370850 0.000000 0.442820 0.000000 0.896611 0.737367 0.737367 0.737367
5741.763184 0.000000 3485.107910 0.000000 0.985970 0.000000 0.166921 0.791358 0.791358 0.791358
5823.585938 0.000000 3496.609619 0.000000 0.697944 0.000000 0.716152 0.754561 0.754561 0.754561
5769.857910 0.000000 3499.680176 0.000000 0.991079 0.000000 -0.133274 0.808169 0.808169 0.808169
5776.018555 0.000000 3475.939697 0.000000 0.716381 0.000000 -0.697709 0.827761 0.827761 0.827761
5780.102051 0.000000 3472.850098 0.000000 0.594892 0.000000 -0.803805 0.853145 0.853145 0.853145
5806.151855 0.000000 3506.297607 0.000000 0.964951 0.000000 0.262428 0.784249 0.784249 0.784249
5788.383301 0.000000 3511.223633 0.000000 0.947294 0.000000 -0.320367 0.818368 0.818368 0.818368
5810.921387 0.000000 3501.272461 0.000000 0.863027 0.000000 0.505158 0.767635 0.767635 0.767635
5812.840820 0.000000 3506.138672 0.000000 0.709786 0.000000 0.704417 0.756915 0.756915 0.756915
5766.643555 0.000000 3496.406006 0.000000 0.711594 0.000000 0.702591 0.756590 0.756590 0.756590
5789.435547 0.000000 3469.639404 0.000000 0.993235 0.000000 0.116118 0.793794 0.793794 0.793794
5777.419434 0.000000 3505.356689 0.000000 0.203709 0.000000 0.979032 0.737812 0.737812 0.737812
5818.551758 0.000000 3491.743652 0.000000 0.663585 0.000000 0.748101 0.759487 0.759487 0.759487
5799.365723 0.000000 3528.268311 0.000000 0.154821 0.000000 -0.987942 0.880564 0.880564 0.880564
5761.856445 0.000000 3487.764648 0.000000 0.508416 0.000000 -0.861112 0.859053 0.859053 0.859053
5778.740234 0.000000 3498.784180 0.000000 0.812831 0.000000 0.582499 0.770195 0.770195 0.770195
5812.999512 0.000000 3509.507568 0.000000 0.803471 0.000000 0.595343 0.772108 0.772108 0.772108
5827.376953 0.000000 3503.983643 0.000000 0.446813 0.000000 0.894627 0.746909 0.746909 0.746909
5822.533203 0.000000 3491.989258 0.000000 0.842407 0.000000 0.538842 0.769995 0.769995 0.769995
5756.179688 0.000000 3483.328369 0.000000 0.325223 0.000000 0.945637 0.735385 0.735385 0.735385
5779.863770 0.000000 3522.363281 0.000000 0.356867 0.000000 0.934155 0.741475 0.741475 0.741475
5812.223145 0.000000 3495.595703 0.000000 0.521171 0.000000 0.853453 0.741794 0.741794 0.741794
5789.361816 0.000000 3500.840576 0.000000 0.880635 0.000000 0.473795 0.776636 0.776636 0.776636
5774.754883 0.000000 3502.989014 0.000000 0.999932 0.000000 -0.011696 0.800666 0.800666 0.800666
5756.009277 0.000000 3487.462891 0.000000 0.475200 0.000000 -0.879878 0.861225 0.861225 0.861225
5827.988770 0.000000 3499.618164 0.000000 0.635787 0.000000 0.771865 0.754035 0.754035 0.754035
5786.470215 0.000000 3518.870850 0.000000 0.891294 0.000000 0.453426 0.773213 0.773213 0.773213
5814.713379 0.000000 3491.671143 0.000000 0.975470 0.000000 0.220131 0.787366 0.787366 0.787366
5792.248047 0.000000 3500.089600 0.000000 0.717301 0.000000 0.696763 0.756121 0.756121 0.756121
5820.176270 0.000000 3486.173096 0.000000 0.967830 0.000000 0.251604 0.785675 0.785675 0.785675
5787.162598 0.000000 3508.267578 0.000000 0.772666 0.000000 -0.634813 0.838736 0.838736 0.838736
5776.920410 0.000000 3526.032471 0.000000 0.250759 0.000000 -0.968050 0.874195 0.874195 0.874195
5786.070312 0.000000 3513.061523 0.000000 0.404603 0.000000 0.914492 0.734299 0.734299 0.734299
5798.585938 0.000000 3488.800781 0.000000 0.006793 0.000000 0.999977 0.710975 0.710975 0.710975
5768.210938 0.000000 3509.976318 0.000000 0.922190 0.000000 -0.386738 0.823317 0.823317 0.823317
5784.461426 0.000000 3468.276367 0.000000 0.720889 0.000000 -0.693051 0.843585 0.843585 0.843585
5771.541504 0.000000 3506.148193 0.000000 0.738423 0.000000 -0.674338 0.844786 0.844786 0.844786
5810.794434 0.000000 3504.168213 0.000000 0.674853 0.000000 -0.737952 0.874102 0.874102 0.874102
5768.963379 0.000000 3504.045166 0.000000 0.845324 0.000000 0.534255 0.766905 0.766905 0.766905
5764.906738 0.000000 3503.430420 0.000000 0.358199 0.000000 -0.933645 0.890210 0.890210 0.890210
5855.491699 0.000000 3445.026855 0.000000 0.980829 0.000000 -0.194870 0.810341 0.810341 0.810341
5892.468262 0.000000 3425.418701 0.000000 0.395206 0.000000 0.918592 0.698828 0.698828 0.698828
5850.676758 0.000000 3498.561279 0.000000 0.339982 0.000000 0.940432 0.770667 0.770667 0.770667
5860.526855 0.000000 3424.209473 0.000000 0.238866 0.000000 0.971052 0.789643 0.789643 0.789643
5830.445312 0.000000 3447.199219 0.000000 0.497156 0.000000 0.867661 0.769159 0.769159 0.769159
5908.789551 0.000000 3432.178223 0.000000 0.933242 0.000000 -0.359249 0.803082 0.803082 0.803082
5875.311035 0.000000 3424.500732 0.000000 0.776564 0.000000 -0.630039 0.854317 0.854317 0.854317
5835.286133 0.000000 3501.084229 0.000000 0.936829 0.000000 -0.349787 0.819912 0.819912 0.819912
5842.540039 0.000000 3443.330811 0.000000 0.379180 0.000000 -0.925323 0.864442 0.864442 0.864442
5862.773438 0.000000 3435.728760 0.000000 0.882619 0.000000 0.470090 0.798241 0.798241 0.798241
5902.064941 0.000000 3425.355713 0.000000 0.000988 0.000000 1.000000 0.700298 0.700298 0.700298
5883.617188 0.000000 3428.487549 0.000000 0.927604 0.000000 0.373564 0.767197 0.767197 0.767197
5911.030762 0.000000 3423.857422 0.000000 0.248980 0.000000 -0.968509 0.861652 0.861652 0.861652
5866.628906 0.000000 3443.556885 0.000000 0.811039 0.000000 -0.584992 0.827706 0.827706 0.827706
5870.289062 0.000000 3431.494385 0.000000 0.540647 0.000000 0.841249 0.718546 0.718546 0.718546
5843.551270 0.000000 3504.426025 0.000000 0.294657 0.000000 0.955603 0.735995 0.735995 0.735995
5828.962891 0.000000 3496.664795 0.000000 0.606006 0.000000 -0.795460 0.827555 0.827555 0.827555
5834.865723 0.000000 3441.085938 0.000000 0.985395 0.000000 0.170283 0.796822 0.796822 0.796822
5868.129395 0.000000 3424.494873 0.000000 0.635830 0.000000 0.771829 0.742944 0.742944 0.742944
5877.371094 0.000000 3432.397461 0.000000 0.999541 0.000000 0.030284 0.799673 0.799673 0.799673
5842.014648 0.000000 3497.544434 0.000000 0.905360 0.000000 0.424644 0.795007 0.795007 0.795007
5847.228027 0.000000 3438.453857 0.000000 0.974568 0.000000 0.224093 0.790927 0.790927 0.790927
5837.388672 0.000000 3447.999756 0.000000 0.007128 0.000000 -0.999975 0.884322 0.884322 0.884322
5892.075684 0.000000 3432.072021 0.000000 0.251011 0.000000 -0.967984 0.819729 0.819729 0.819729
5835.129883 0.000000 3494.186279 0.000000 0.991873 0.000000 -0.127232 0.807262 0.807262 0.807262
5868.706055 0.000000 3437.768555 0.000000 0.797998 0.000000 -0.602660 0.837206 0.837206 0.837206
5864.480957 0.000000 3429.269043 0.000000 0.995817 0.000000 0.091367 0.797204 0.797204 0.797204
5861.388672 0.000000 3447.355957 0.000000 0.999549 0.000000 -0.030015 0.800378 0.800378 0.800378
5914.144531 0.000000 3429.481934 0.000000 0.855894 0.000000 -0.517151 0.818237 0.818237 0.818237
5859.477051 0.000000 3440.696777 0.000000 0.988027 0.000000 -0.154279 0.808260 0.808260 0.808260
5897.226074 0.000000 3428.704590 0.000000 0.173891 0.000000 0.984765 0.694607 0.694607 0.694607
5886.939453 0.000000 3423.604248 0.000000 0.467140 0.000000 0.884183 0.722656 0.722656 0.722656
5849.560059 0.000000 3443.883789 0.000000 0.728010 0.000000 0.685567 0.749761 0.749761 0.749761
5903.334473 0.000000 3430.836182 0.000000 0.744017 0.000000 -0.668161 0.830252 0.830252 0.830252
5880.864746 0.000000 3423.501221 0.000000 0.569433 0.000000 -0.822038 0.858397 0.858397 0.858397
5830.023438 0.000000 3502.084473 0.000000 0.050811 0.000000 0.998708 0.754464 0.754464 0.754464
5906.880371 0.000000 3427.282959 0.000000 0.986150 0.000000 -0.165854 0.814576 0.814576 0.814576
5846.020996 0.000000 3500.265137 0.000000 0.997938 0.000000 -0.064193 0.803657 0.803657 0.803657
5871.446289 0.000000 3442.781006 0.000000 0.963776 0.000000 0.266712 0.793206 0.793206 0.793206
5888.421387 0.000000 3428.659912 0.000000 0.278282 0.000000 0.960499 0.708880 0.708880 0.708880
5839.234863 0.000000 3439.140137 0.000000 0.496146 0.000000 0.868239 0.772275 0.772275 0.772275
5878.796387 0.000000 3427.743164 0.000000 0.982079 0.000000 -0.188472 0.811588 0.811588 0.811588
5874.009766 0.000000 3428.889160 0.000000 0.678172 0.000000 0.734903 0.755483 0.755483 0.755483
5846.964355 0.000000 3507.402100 0.000000 0.151045 0.000000 -0.988527 0.860373 0.860373 0.860373
5872.758789 0.000000 3435.192139 0.000000 0.681281 0.000000 -0.732022 0.838875 0.838875 0.838875
5853.206543 0.000000 3441.216309 0.000000 0.999353 0.000000 -0.035956 0.801530 0.801530 0.801530
5897.804199 0.000000 3423.587891 0.000000 0.771613 0.000000 -0.636093 0.826437 0.826437 0.826437
5864.202637 0.000000 3439.911621 0.000000 0.007776 0.000000 -0.999970 0.873048 0.873048 0.873048
5838.321777 0.000000 3443.802002 0.000000 0.516618 0.000000 -0.856216 0.858509 0.858509 0.858509
5834.187500 0.000000 3445.256104 0.000000 0.999864 0.000000 0.016497 0.799061 0.799061 0.799061
5866.401855 0.000000 3433.401855 0.000000 0.856167 0.000000 0.516700 0.785685 0.785685 0.785685
5837.667969 0.000000 3497.532959 0.000000 0.911023 0.000000 0.412356 0.777334 0.777334 0.777334
5851.916992 0.000000 3447.216553 0.000000 0.085328 0.000000 0.996353 0.757281 0.757281 0.757281
5845.839844 0.000000 3445.597412 0.000000 0.935000 0.000000 0.354649 0.788270 0.788270 0.788270
5914.979980 0.000000 3424.688232 0.000000 0.219471 0.000000 -0.975619 0.859028 0.859028 0.859028
5832.847656 0.000000 3497.973877 0.000000 0.543603 0.000000 0.839342 0.748674 0.748674 0.748674
5862.666016 0.000000 3443.542236 0.000000 0.161016 0.000000 -0.986952 0.876829 0.876829 0.876829
5833.450195 0.000000 3449.817627 0.000000 0.990491 0.000000 -0.137578 0.805541 0.805541 0.805541
5849.650879 0.000000 3502.377197 0.000000 0.476957 0.000000 -0.878927 0.835380 0.835380 0.835380
5839.821289 0.000000 3494.294434 0.000000 0.372303 0.000000 -0.928111 0.845606 0.845606 0.845606
5864.272461 0.000000 3425.346680 0.000000 0.295233 0.000000 -0.955425 0.863213 0.863213 0.863213
5905.627930 0.000000 3423.618896 0.000000 0.833968 0.000000 0.551813 0.761124 0.761124 0.761124
5910.416992 0.000000 3428.659424 0.000000 0.305803 0.000000 0.952095 0.738093 0.738093 0.738093
5870.486328 0.000000 3427.555664 0.000000 0.017649 0.000000 -0.999844 0.935868 0.935868 0.935868
5843.734375 0.000000 3439.652588 0.000000 0.593428 0.000000 -0.804887 0.839236 0.839236 0.839236
5871.711426 0.000000 3424.219238 0.000000 0.391158 0.000000 -0.920324 0.880543 0.880543 0.880543
5899.753418 0.000000 3431.187256 0.000000 0.999546 0.000000 -0.030129 0.801228 0.801228 0.801228
5880.834961 0.000000 3430.794434 0.000000 0.899338 0.000000 0.437254 0.781833 0.781833 0.781833
5859.035156 0.000000 3444.549561 0.000000 0.982624 0.000000 0.185609 0.792505 0.792505 0.792505
5893.442383 0.000000 3428.756104 0.000000 0.539879 0.000000 -0.841742 0.898913 0.898913 0.898913
5846.441406 0.000000 3441.976318 0.000000 0.160527 0.000000 -0.987031 0.888680 0.888680 0.888680
5883.813965 0.000000 3424.775635 0.000000 0.674276 0.000000 -0.738480 0.876661 0.876661 0.876661
5868.762207 0.000000 3440.911865 0.000000 0.756365 0.000000 0.654149 0.759412 0.759412 0.759412
5846.567383 0.000000 3503.495605 0.000000 0.207963 0.000000 0.978137 0.727407 0.727407 0.727407
5867.713867 0.000000 3429.585205 0.000000 0.830083 0.000000 0.557639 0.763848 0.763848 0.763848
5900.483398 0.000000 3428.106445 0.000000 0.995952 0.000000 0.089889 0.794877 0.794877 0.794877
5871.559570 0.000000 3439.109863 0.000000 0.760690 0.000000 0.649115 0.765292 0.765292 0.765292
5895.720215 0.000000 3425.953125 0.000000 0.281791 0.000000 0.959476 0.699128 0.699128 0.699128
5889.342285 0.000000 3425.694336 0.000000 0.994486 0.000000 -0.104868 0.808309 0.808309 0.808309
5856.551758 0.000000 3442.151611 0.000000 0.933636 0.000000 -0.358224 0.820854 0.820854 0.820854
5869.700195 0.000000 3434.763184 0.000000 0.088262 0.000000 -0.996097 0.874611 0.874611 0.874611
5849.213379 0.000000 3440.889893 0.000000 0.627594 0.000000 0.778540 0.747068 0.747068 0.747068
5912.588867 0.000000 3426.597412 0.000000 0.046954 0.000000 0.998897 0.713262 0.713262 0.713262
5886.141113 0.000000 3426.690674 0.000000 0.786065 0.000000 0.618144 0.728929 0.728929 0.728929
5903.793457 0.000000 3427.854248 0.000000 0.615804 0.000000 -0.787899 0.858718 0.858718 0.858718
5881.474121 0.000000 3426.457275 0.000000 0.919249 0.000000 0.393677 0.769452 0.769452 0.769452
5847.779785 0.000000 3498.100342 0.000000 0.418581 0.000000 -0.908180 0.863464 0.863464 0.863464
5866.672852 0.000000 3427.004150 0.000000 0.990721 0.000000 0.135910 0.791505 0.791505 0.791505
5909.370605 0.000000 3426.094482 0.000000 0.961898 0.000000 -0.273410 0.822401 0.822401 0.822401
5877.973145 0.000000 3425.051270 0.000000 0.929822 0.000000 0.368009 0.771097 0.771097 0.771097
5873.369141 0.000000 3426.254395 0.000000 0.736492 0.000000 -0.676446 0.856978 0.856978 0.856978
5886.005371 0.000000 3429.248535 0.000000 0.828358 0.000000 -0.560198 0.846673 0.846673 0.846673
5827.319824 0.000000 3563.401855 0.000000 0.567627 0.000000 -0.823286 0.855053 0.855053 0.855053
5768.499512 0.000000 3552.011230 0.000000 0.640338 0.000000 -0.768094 0.812595 0.812595 0.812595
5742.975098 0.000000 3595.598633 0.000000 0.395922 0.000000 -0.918284 0.804184 0.804184 0.804184
5795.160156 0.000000 3565.082275 0.000000 0.374914 0.000000 -0.927060 0.836257 0.836257 0.836257
5750.520020 0.000000 3570.578125 0.000000 0.084886 0.000000 -0.996391 0.860537 0.860537 0.860537
5810.806641 0.000000 3584.168457 0.000000 0.247203 0.000000 0.968964 0.724807 0.724807 0.724807
5773.534668 0.000000 3531.193848 0.000000 0.314411 0.000000 0.949287 0.773017 0.773017 0.773017
5775.292480 0.000000 3571.853516 0.000000 0.524622 0.000000 -0.851335 0.826242 0.826242 0.826242
5787.755371 0.000000 3546.180420 0.000000 0.937586 0.000000 0.347755 0.782550 0.782550 0.782550
5760.640137 0.000000 3586.737061 0.000000 0.833480 0.000000 0.552550 0.766677 0.766677 0.766677
5811.598633 0.000000 3568.219971 0.000000 0.988195 0.000000 0.153202 0.797512 0.797512 0.797512
5788.318848 0.000000 3531.485107 0.000000 0.973024 0.000000 0.230704 0.796094 0.796094 0.796094
5781.753906 0.000000 3559.330811 0.000000 0.976971 0.000000 0.213374 0.787503 0.787503 0.787503
5764.340332 0.000000 3564.507812 0.000000 0.957161 0.000000 0.289555 0.779582 0.779582 0.779582
5747.610840 0.000000 3583.348145 0.000000 0.917637 0.000000 0.397419 0.781879 0.781879 0.781879
5787.182617 0.000000 3573.804199 0.000000 0.444120 0.000000 -0.895967 0.817967 0.817967 0.817967
5764.221680 0.000000 3576.106934 0.000000 0.538925 0.000000 0.842354 0.767592 0.767592 0.767592
5802.209961 0.000000 3573.479492 0.000000 0.833887 0.000000 -0.551935 0.824873 0.824873 0.824873
5804.236816 0.000000 3560.545654 0.000000 0.274835 0.000000 0.961491 0.673006 0.673006 0.673006
5817.427246 0.000000 3560.104004 0.000000 0.146942 0.000000 0.989145 0.780385 0.780385 0.780385
5820.552246 0.000000 3570.855957 0.000000 0.425087 0.000000 -0.905153 0.822378 0.822378 0.822378
5742.196777 0.000000 3575.227539 0.000000 0.828211 0.000000 0.560416 0.780752 0.780752 0.780752
5772.635254 0.000000 3560.220215 0.000000 0.995627 0.000000 0.093422 0.790470 0.790470 0.790470
5782.696289 0.000000 3582.310303 0.000000 0.999692 0.000000 -0.024832 0.800223 0.800223 0.800223
5796.625000 0.000000 3535.471924 0.000000 0.290811 0.000000 -0.956781 0.826753 0.826753 0.826753
5755.733398 0.000000 3579.133789 0.000000 0.763968 0.000000 -0.645254 0.829836 0.829836 0.829836
5779.636719 0.000000 3550.541260 0.000000 0.951876 0.000000 0.306485 0.797760 0.797760 0.797760
5828.326660 0.000000 3587.282227 0.000000 0.981850 0.000000 0.189658 0.797485 0.797485 0.797485
5813.223633 0.000000 3592.398682 0.000000 0.397704 0.000000 0.917514 0.760322 0.760322 0.760322
5753.083984 0.000000 3589.628906 0.000000 0.607409 0.000000 0.794389 0.764247 0.764247 0.764247
5782.309082 0.000000 3567.547607 0.000000 0.287972 0.000000 -0.957639 0.872785 0.872785 0.872785
5758.743164 0.000000 3570.366211 0.000000 0.109768 0.000000 -0.993957 0.905908 0.905908 0.905908
5803.476562 0.000000 3581.986328 0.000000 0.816503 0.000000 0.577341 0.765336 0.765336 0.765336
5787.394531 0.000000 3554.191650 0.000000 0.130799 0.000000 0.991409 0.718055 0.718055 0.718055
5790.378906 0.000000 3539.381836 0.000000 0.159259 0.000000 0.987237 0.719692 0.719692 0.719692
5788.336914 0.000000 3562.542236 0.000000 0.346765 0.000000 -0.937952 0.813122 0.813122 0.813122
5793.774902 0.000000 3572.306641 0.000000 0.999932 0.000000 -0.011639 0.800244 0.800244 0.800244
5768.707520 0.000000 3569.971680 0.000000 0.543766 0.000000 -0.839237 0.856687 0.856687 0.856687
5810.855957 0.000000 3561.117920 0.000000 0.707144 0.000000 0.707069 0.770826 0.770826 0.770826
5804.954590 0.000000 3567.406738 0.000000 0.452288 0.000000 -0.891872 0.889096 0.889096 0.889096
5780.906250 0.000000 3575.511475 0.000000 0.991660 0.000000 0.128879 0.792644 0.792644 0.792644
5807.975098 0.000000 3577.458984 0.000000 0.651001 0.000000 -0.759077 0.817042 0.817042 0.817042
5770.824707 0.000000 3577.476807 0.000000 0.204575 0.000000 0.978851 0.759931 0.759931 0.759931
5775.823242 0.000000 3565.572510 0.000000 0.431090 0.000000 -0.902309 0.872131 0.872131 0.872131
5748.298828 0.000000 3576.682861 0.000000 0.885932 0.000000 0.463815 0.745094 0.745094 0.745094
5789.291992 0.000000 3580.049805 0.000000 0.173930 0.000000 -0.984758 0.879461 0.879461 0.879461
5766.035645 0.000000 3582.046143 0.000000 0.147632 0.000000 -0.989042 0.857963 0.857963 0.857963
5823.327637 0.000000 3558.637695 0.000000 0.576194 0.000000 -0.817313 0.861337 0.861337 0.861337
5774.396484 0.000000 3554.340332 0.000000 0.925472 0.000000 -0.378817 0.824210 0.824210 0.824210
5827.011230 0.000000 3569.379639 0.000000 0.864438 0.000000 -0.502739 0.815465 0.815465 0.815465
5817.116699 0.000000 3566.005859 0.000000 0.999804 0.000000 -0.019783 0.801126 0.801126 0.801126
5808.047852 0.000000 3589.631348 0.000000 0.876090 0.000000 0.482148 0.790655 0.790655 0.790655
5767.019531 0.000000 3558.550049 0.000000 0.568136 0.000000 0.822935 0.714288 0.714288 0.714288
5789.615234 0.000000 3568.277344 0.000000 0.449642 0.000000 -0.893209 0.862866 0.862866 0.862866
5797.937988 0.000000 3577.394043 0.000000 0.921869 0.000000 -0.387503 0.812875 0.812875 0.812875
5799.947266 0.000000 3530.588623 0.000000 0.550393 0.000000 0.834905 0.752643 0.752643 0.752643
5741.914551 0.000000 3581.021484 0.000000 0.065240 0.000000 -0.997870 0.884793 0.884793 0.884793
5776.562012 0.000000 3579.139648 0.000000 0.921308 0.000000 -0.388834 0.810050 0.810050 0.810050
5758.032715 0.000000 3564.601562 0.000000 0.658973 0.000000 -0.752167 0.846419 0.846419 0.846419
5793.872559 0.000000 3530.485596 0.000000 0.328105 0.000000 -0.944641 0.870383 0.870383 0.870383
5798.723145 0.000000 3569.334961 0.000000 0.839997 0.000000 0.542590 0.734709 0.734709 0.734709
5760.654297 0.000000 3581.293701 0.000000 0.836639 0.000000 0.547754 0.784718 0.784718 0.784718
5795.636230 0.000000 3540.815674 0.000000 0.991677 0.000000 -0.128754 0.802398 0.802398 0.802398
5753.389648 0.000000 3583.924072 0.000000 0.714111 0.000000 -0.700032 0.828342 0.828342 0.828342
5822.111816 0.000000 3563.718750 0.000000 0.327290 0.000000 -0.944924 0.875622 0.875622 0.875622
5807.907715 0.000000 3571.751465 0.000000 0.997708 0.000000 0.067668 0.798539 0.798539 0.798539
5754.785645 0.000000 3573.811035 0.000000 0.799091 0.000000 -0.601210 0.860290 0.860290 0.860290
5769.600098 0.000000 3564.412354 0.000000 0.847653 0.000000 -0.530551 0.844232 0.844232 0.844232
5800.685547 0.000000 3564.310547 0.000000 0.491010 0.000000 0.871154 0.706219 0.706219 0.706219
5815.537109 0.000000 3582.791992 0.000000 0.999997 0.000000 -0.002501 0.800061 0.800061 0.800061
5814.648438 0.000000 3587.773682 0.000000 0.422025 0.000000 -0.906584 0.861212 0.861212 0.861212
5784.454102 0.000000 3549.765381 0.000000 0.420727 0.000000 0.907187 0.765951 0.765951 0.765951
5763.994629 0.000000 3570.923584 0.000000 0.747384 0.000000 0.664392 0.764297 0.764297 0.764297
5759.346680 0.000000 3575.506104 0.000000 0.045540 0.000000 0.998963 0.673885 0.673885 0.673885
5745.903809 0.000000 3572.152344 0.000000 0.058035 0.000000 0.998315 0.767370 0.767370 0.767370
5777.034180 0.000000 3558.259277 0.000000 0.872917 0.000000 0.487868 0.759997 0.759997 0.759997
5782.506348 0.000000 3554.396484 0.000000 0.975419 0.000000 0.220359 0.788152 0.788152 0.788152
5748.519531 0.000000 3587.892090 0.000000 0.422207 0.000000 -0.906499 0.846921 0.846921 0.846921
5791.804199 0.000000 3534.727539 0.000000 0.972462 0.000000 -0.233063 0.813248 0.813248 0.813248
5784.829590 0.000000 3578.192383 0.000000 0.607223 0.000000 -0.794531 0.852267 0.852267 0.852267
5791.860840 0.000000 3543.834229 0.000000 0.871511 0.000000 0.490376 0.775433 0.775433 0.775433
5779.933105 0.000000 3563.586914 0.000000 0.943711 0.000000 0.330772 0.785254 0.785254 0.785254
5785.766602 0.000000 3542.176514 0.000000 0.306808 0.000000 -0.951771 0.850540 0.850540 0.850540
5779.679688 0.000000 3571.180908 0.000000 0.977943 0.000000 -0.208872 0.806934 0.806934 0.806934
5786.043945 0.000000 3558.598389 0.000000 0.862632 0.000000 -0.505831 0.813346 0.813346 0.813346
5817.500977 0.000000 3591.687500 0.000000 0.952322 0.000000 0.305093 0.785325 0.785325 0.785325
5808.501465 0.000000 3564.650391 0.000000 0.024561 0.000000 0.999698 0.714766 0.714766 0.714766
5751.011719 0.000000 3580.119873 0.000000 0.675851 0.000000 0.737038 0.746376 0.746376 0.746376
5827.049316 0.000000 3555.162109 0.000000 0.161563 0.000000 -0.986862 0.842197 0.842197 0.842197
5770.674805 0.000000 3556.385742 0.000000 0.867552 0.000000 -0.497347 0.842105 0.842105 0.842105
5784.112305 0.000000 3563.286377 0.000000 0.806342 0.000000 0.591449 0.783316 0.783316 0.783316
5768.090332 0.000000 3574.104736 0.000000 0.540315 0.000000 0.841463 0.771240 0.771240 0.771240
5785.717285 0.000000 3569.946289 0.000000 0.509601 0.000000 0.860411 0.752820 0.752820 0.752820
5813.332031 0.000000 3564.471924 0.000000 0.997729 0.000000 0.067361 0.796163 0.796163 0.796163
5756.406738 0.000000 3586.718018 0.000000 0.325269 0.000000 0.945622 0.729446 0.729446 0.729446
5772.515137 0.000000 3567.968506 0.000000 0.936164 0.000000 0.351562 0.783211 0.783211 0.783211
5763.060059 0.000000 3560.465332 0.000000 0.565774 0.000000 -0.824560 0.844145 0.844145 0.844145
5786.637695 0.000000 3583.298340 0.000000 0.809653 0.000000 0.586909 0.778954 0.778954 0.778954
5754.648926 0.000000 3569.503174 0.000000 0.747225 0.000000 0.664571 0.774738 0.774738 0.774738
5803.974609 0.000000 3577.249023 0.000000 0.940085 0.000000 0.340939 0.783740 0.783740 0.783740
5797.641602 0.000000 3573.338135 0.000000 0.235722 0.000000 -0.971821 0.883054 0.883054 0.883054
5745.642578 0.000000 3579.742432 0.000000 0.737488 0.000000 0.675361 0.749799 0.749799 0.749799
5778.328125 0.000000 3554.255371 0.000000 0.861727 0.000000 0.507373 0.771304 0.771304 0.771304
5761.462402 0.000000 3567.245605 0.000000 0.995363 0.000000 -0.096189 0.805657 0.805657 0.805657
5823.210449 0.000000 3567.728027 0.000000 0.349788 0.000000 0.936829 0.730929 0.730929 0.730929
5807.483887 0.000000 3581.547119 0.000000 0.545947 0.000000 0.837820 0.744057 0.744057 0.744057
5791.064941 0.000000 3555.793945 0.000000 0.057220 0.000000 -0.998362 0.852599 0.852599 0.852599
5774.488281 0.000000 3575.695557 0.000000 0.582974 0.000000 0.812491 0.746015 0.746015 0.746015
5771.648926 0.000000 3572.809814 0.000000 0.719462 0.000000 -0.694532 0.828522 0.828522 0.828522
5807.723145 0.000000 3558.859131 0.000000 0.680931 0.000000 0.732347 0.758148 0.758148 0.758148
5764.319336 0.000000 3585.668701 0.000000 0.298751 0.000000 -0.954331 0.865308 0.865308 0.865308
5776.598633 0.000000 3561.942627 0.000000 0.187739 0.000000 -0.982219 0.885286 0.885286 0.885286
5752.099121 0.000000 3576.280029 0.000000 0.975150 0.000000 0.221547 0.778717 0.778717 0.778717
5786.564941 0.000000 3565.951172 0.000000 0.939155 0.000000 -0.343493 0.814496 0.814496 0.814496
5794.019043 0.000000 3568.557129 0.000000 0.238192 0.000000 -0.971218 0.897243 0.897243 0.897243
5780.102051 0.000000 3579.834473 0.000000 0.906864 0.000000 -0.421423 0.819027 0.819027 0.819027
5778.766113 0.000000 3567.662598 0.000000 0.662087 0.000000 0.749427 0.754315 0.754315 0.754315
5793.842773 0.000000 3537.778809 0.000000 0.819769 0.000000 0.572695 0.766021 0.766021 0.766021
5766.952637 0.000000 3566.920166 0.000000 0.461056 0.000000 0.887371 0.726091 0.726091 0.726091
5766.909180 0.000000 3562.116943 0.000000 0.164530 0.000000 0.986372 0.670310 0.670310 0.670310
5802.589844 0.000000 3569.961426 0.000000 0.352518 0.000000 0.935805 0.686850 0.686850 0.686850
5790.025879 0.000000 3571.810547 0.000000 0.636637 0.000000 0.771163 0.766757 0.766757 0.766757
5804.493164 0.000000 3564.010742 0.000000 0.335929 0.000000 0.941887 0.688142 0.688142 0.688142
5826.450195 0.000000 3559.995361 0.000000 0.961254 0.000000 0.275664 0.782095 0.782095 0.782095
5777.693359 0.000000 3574.509521 0.000000 0.094252 0.000000 -0.995548 0.884039 0.884039 0.884039
5773.082031 0.000000 3563.640137 0.000000 0.219380 0.000000 -0.975640 0.919681 0.919681 0.919681
5761.165527 0.000000 3563.361572 0.000000 0.854487 0.000000 -0.519473 0.825856 0.825856 0.825856
5761.246094 0.000000 3572.786865 0.000000 0.446249 0.000000 0.894909 0.723638 0.723638 0.723638
5749.911133 0.000000 3573.801514 0.000000 0.885619 0.000000 -0.464413 0.830964 0.830964 0.830964
5796.821777 0.000000 3531.760010 0.000000 0.536807 0.000000 -0.843705 0.852344 0.852344 0.852344
5750.203613 0.000000 3585.229736 0.000000 0.896909 0.000000 0.442216 0.773926 0.773926 0.773926
5820.165039 0.000000 3566.904785 0.000000 0.894731 0.000000 0.446606 0.773647 0.773647 0.773647
5820.593750 0.000000 3560.251953 0.000000 0.177315 0.000000 -0.984154 0.879265 0.879265 0.879265
5745.323242 0.000000 3575.681641 0.000000 0.985001 0.000000 0.172546 0.791792 0.791792 0.791792
5788.885254 0.000000 3542.747070 0.000000 0.364821 0.000000 0.931078 0.731845 0.731845 0.731845
5801.022461 0.000000 3576.375732 0.000000 0.992648 0.000000 0.121040 0.793093 0.793093 0.793093
5798.120117 0.000000 3566.161621 0.000000 0.268739 0.000000 -0.963213 0.931508 0.931508 0.931508
5806.964844 0.000000 3562.018799 0.000000 0.647044 0.000000 -0.762452 0.869099 0.869099 0.869099
5774.128906 0.000000 3557.384277 0.000000 0.995335 0.000000 -0.096480 0.807295 0.807295 0.807295
5791.809082 0.000000 3566.119385 0.000000 0.153027 0.000000 0.988222 0.727824 0.727824 0.727824
5742.997559 0.000000 3578.130859 0.000000 0.013353 0.000000 -0.999911 0.888652 0.888652 0.888652
5780.237793 0.000000 3556.690918 0.000000 0.701894 0.000000 0.712282 0.751076 0.751076 0.751076
5801.029785 0.000000 3567.370117 0.000000 0.831629 0.000000 0.555332 0.736502 0.736502 0.736502
5763.228516 0.000000 3582.749512 0.000000 0.940868 0.000000 0.338774 0.780327 0.780327 0.780327
5756.437500 0.000000 3576.208740 0.000000 0.546915 0.000000 -0.837188 0.871334 0.871334 0.871334
5801.054688 0.000000 3560.930176 0.000000 0.188501 0.000000 -0.982073 0.875307 0.875307 0.875307
5784.933105 0.000000 3555.871826 0.000000 0.524206 0.000000 -0.851591 0.858004 0.858004 0.858004
5796.066406 0.000000 3570.582031 0.000000 0.834711 0.000000 0.550688 0.750381 0.750381 0.750381
5824.535156 0.000000 3562.103027 0.000000 0.307316 0.000000 -0.951607 0.871631 0.871631 0.871631
5752.836914 0.000000 3586.776611 0.000000 0.886521 0.000000 0.462688 0.772619 0.772619 0.772619
5779.191406 0.000000 3560.686523 0.000000 0.252704 0.000000 0.967544 0.727494 0.727494 0.727494
5757.454590 0.000000 3573.000000 0.000000 0.662773 0.000000 -0.748821 0.880117 0.880117 0.880117
5813.534668 0.000000 3584.947266 0.000000 0.579346 0.000000 0.815082 0.745761 0.745761 0.745761
5800.186035 0.000000 3571.650879 0.000000 0.912875 0.000000 -0.408239 0.839055 0.839055 0.839055
5748.218750 0.000000 3580.552979 0.000000 0.999998 0.000000 -0.001983 0.800141 0.800141 0.800141
5747.494629 0.000000 3574.301270 0.000000 0.258439 0.000000 -0.966028 0.900422 0.900422 0.900422
5837.512207 0.000000 3570.578125 0.000000 0.370452 0.000000 -0.928852 0.811421 0.811421 0.811421
5830.445312 0.000000 3554.183594 0.000000 0.757964 0.000000 -0.652297 0.816180 0.816180 0.816180
5834.603027 0.000000 3583.348145 0.000000 0.903113 0.000000 0.429403 0.778460 0.778460 0.778460
5829.188965 0.000000 3575.227539 0.000000 0.915496 0.000000 -0.402328 0.813397 0.813397 0.813397
5831.475098 0.000000 3563.815918 0.000000 0.577020 0.000000 0.816730 0.745599 0.745599 0.745599
5830.552246 0.000000 3588.683105 0.000000 0.977045 0.000000 -0.213031 0.807075 0.807075 0.807075
5835.291016 0.000000 3576.682861 0.000000 0.521210 0.000000 -0.853429 0.842274 0.842274 0.842274
5828.939941 0.000000 3569.355713 0.000000 0.841879 0.000000 -0.539666 0.826983 0.826983 0.826983
5828.906738 0.000000 3581.021484 0.000000 0.395275 0.000000 -0.918563 0.828605 0.828605 0.828605
5828.759766 0.000000 3559.020264 0.000000 0.304213 0.000000 0.952604 0.728183 0.728183 0.728183
5832.895996 0.000000 3572.152344 0.000000 0.612943 0.000000 0.790127 0.749236 0.749236 0.749236
5835.511719 0.000000 3587.892090 0.000000 0.186971 0.000000 0.982365 0.721294 0.721294 0.721294
5832.634766 0.000000 3579.742432 0.000000 0.226445 0.000000 -0.974024 0.876409 0.876409 0.876409
5830.749023 0.000000 3584.737793 0.000000 0.589748 0.000000 0.807588 0.761136 0.761136 0.761136
5832.226562 0.000000 3568.337402 0.000000 0.582762 0.000000 -0.812643 0.845473 0.845473 0.845473
5828.872559 0.000000 3565.982178 0.000000 0.216963 0.000000 -0.976180 0.876153 0.876153 0.876153
5832.315430 0.000000 3575.681641 0.000000 0.451148 0.000000 -0.892449 0.862770 0.862770 0.862770
5828.658203 0.000000 3562.236084 0.000000 0.866623 0.000000 0.498963 0.770264 0.770264 0.770264
5832.832520 0.000000 3586.778564 0.000000 0.953955 0.000000 0.299951 0.782659 0.782659 0.782659
5943.970215 0.000000 3522.228027 0.000000 0.986231 0.000000 0.165372 0.799204 0.799204 0.799204
5918.878906 0.000000 3425.839844 0.000000 0.906466 0.000000 -0.422278 0.802351 0.802351 0.802351
5953.957520 0.000000 3507.695801 0.000000 0.978764 0.000000 0.204989 0.788743 0.788743 0.788743
5933.903809 0.000000 3512.041748 0.000000 0.107455 0.000000 -0.994210 0.855230 0.855230 0.855230
5930.333984 0.000000 3525.682373 0.000000 0.518339 0.000000 0.855175 0.764348 0.764348 0.764348
5956.122070 0.000000 3524.637939 0.000000 0.504197 0.000000 0.863589 0.780639 0.780639 0.780639
5944.477051 0.000000 3511.751221 0.000000 0.895852 0.000000 0.444353 0.747581 0.747581 0.747581
5964.456055 0.000000 3508.271484 0.000000 0.611768 0.000000 0.791037 0.772116 0.772116 0.772116
5938.372070 0.000000 3530.399658 0.000000 0.339769 0.000000 0.940509 0.735455 0.735455 0.735455
5959.482910 0.000000 3515.911133 0.000000 0.484058 0.000000 -0.875036 0.856181 0.856181 0.856181
5950.745605 0.000000 3517.415283 0.000000 0.988424 0.000000 0.151719 0.797627 0.797627 0.797627
5960.217773 0.000000 3501.476074 0.000000 0.739349 0.000000 0.673322 0.794246 0.794246 0.794246
5922.834961 0.000000 3526.487793 0.000000 0.999061 0.000000 0.043327 0.795144 0.795144 0.795144
5948.507812 0.000000 3527.829834 0.000000 0.848621 0.000000 0.529001 0.768271 0.768271 0.768271
5939.286621 0.000000 3514.981934 0.000000 0.979167 0.000000 -0.203057 0.815682 0.815682 0.815682
5958.968750 0.000000 3510.265869 0.000000 0.247186 0.000000 -0.968968 0.849074 0.849074 0.849074
5942.992676 0.000000 3527.589111 0.000000 0.012480 0.000000 -0.999922 0.868160 0.868160 0.868160
5964.623047 0.000000 3513.958740 0.000000 0.808196 0.000000 0.588913 0.775098 0.775098 0.775098
5950.717285 0.000000 3522.879639 0.000000 0.930926 0.000000 -0.365207 0.817472 0.817472 0.817472
5950.009766 0.000000 3511.750732 0.000000 0.812394 0.000000 -0.583108 0.831706 0.831706 0.831706
5944.318848 0.000000 3517.063721 0.000000 0.151716 0.000000 0.988424 0.755804 0.755804 0.755804
5965.357910 0.000000 3503.183350 0.000000 0.835876 0.000000 -0.548919 0.810097 0.810097 0.810097
5955.116699 0.000000 3513.450684 0.000000 0.979097 0.000000 0.203393 0.795827 0.795827 0.795827
5955.647949 0.000000 3519.490723 0.000000 0.998489 0.000000 0.054954 0.796870 0.796870 0.796870
5948.125488 0.000000 3507.334961 0.000000 0.417382 0.000000 -0.908731 0.850556 0.850556 0.850556
5934.300293 0.000000 3528.052246 0.000000 0.890153 0.000000 0.455662 0.772503 0.772503 0.772503
5942.839844 0.000000 3507.114746 0.000000 0.846152 0.000000 0.532941 0.778446 0.778446 0.778446
5958.083008 0.000000 3505.539795 0.000000 0.993398 0.000000 -0.114718 0.805029 0.805029 0.805029
5939.164062 0.000000 3510.414551 0.000000 0.271050 0.000000 0.962565 0.683493 0.683493 0.683493
5953.066895 0.000000 3528.045898 0.000000 0.999388 0.000000 0.034988 0.798910 0.798910 0.798910
5963.673340 0.000000 3518.277100 0.000000 0.425541 0.000000 -0.904939 0.830501 0.830501 0.830501
5959.311523 0.000000 3521.725098 0.000000 0.792070 0.000000 0.610431 0.780722 0.780722 0.780722
5915.917480 0.000000 3428.913818 0.000000 0.978198 0.000000 0.207672 0.792981 0.792981 0.792981
5927.203125 0.000000 3528.455078 0.000000 0.539606 0.000000 -0.841918 0.889950 0.889950 0.889950
5920.072754 0.000000 3523.701904 0.000000 0.961176 0.000000 0.275935 0.789950 0.789950 0.789950
5947.719727 0.000000 3514.944580 0.000000 0.606473 0.000000 -0.795104 0.851219 0.851219 0.851219
5961.840332 0.000000 3505.164062 0.000000 0.094973 0.000000 0.995480 0.726613 0.726613 0.726613
5919.626465 0.000000 3528.677490 0.000000 0.923310 0.000000 -0.384054 0.818895 0.818895 0.818895
5962.367676 0.000000 3511.223633 0.000000 0.803343 0.000000 0.595517 0.774009 0.774009 0.774009
5931.203613 0.000000 3528.955078 0.000000 0.047185 0.000000 -0.998886 0.904070 0.904070 0.904070
5942.515137 0.000000 3514.300537 0.000000 0.953079 0.000000 0.302722 0.777150 0.777150 0.777150
5954.350098 0.000000 3516.507080 0.000000 0.984598 0.000000 0.174832 0.791471 0.791471 0.791471
5953.848145 0.000000 3522.363281 0.000000 0.818906 0.000000 -0.573928 0.834796 0.834796 0.834796
5936.997559 0.000000 3512.708984 0.000000 0.283800 0.000000 0.958884 0.701598 0.701598 0.701598
5925.862305 0.000000 3525.419922 0.000000 0.703221 0.000000 0.710971 0.745031 0.745031 0.745031
5947.176270 0.000000 3510.210938 0.000000 0.591743 0.000000 -0.806127 0.892130 0.892130 0.892130
5950.950684 0.000000 3508.546875 0.000000 0.347782 0.000000 0.937575 0.728622 0.728622 0.728622
5961.146973 0.000000 3508.267578 0.000000 0.483621 0.000000 -0.875278 0.854291 0.854291 0.854291
5955.997559 0.000000 3509.846191 0.000000 0.589893 0.000000 0.807481 0.747065 0.747065 0.747065
5950.904785 0.000000 3526.032471 0.000000 0.941142 0.000000 -0.338013 0.819627 0.819627 0.819627
5945.751465 0.000000 3528.722900 0.000000 0.827202 0.000000 -0.561905 0.833964 0.833964 0.833964
5942.195312 0.000000 3509.976318 0.000000 0.733748 0.000000 -0.679421 0.862212 0.862212 0.862212
5944.808105 0.000000 3509.068359 0.000000 0.548767 0.000000 -0.835975 0.883631 0.883631 0.883631
5945.166504 0.000000 3514.284424 0.000000 0.998142 0.000000 -0.060931 0.804749 0.804749 0.804749
6075.087402 0.000000 3502.963867 0.000000 0.080851 0.000000 -0.996726 0.846419 0.846419 0.846419
6055.922363 0.000000 3498.748047 0.000000 0.942922 0.000000 0.333014 0.797966 0.797966 0.797966
6040.949707 0.000000 3507.695801 0.000000 0.841083 0.000000 -0.540906 0.831162 0.831162 0.831162
6067.695801 0.000000 3490.553223 0.000000 0.807285 0.000000 0.590162 0.770120 0.770120 0.770120
6020.895996 0.000000 3512.041748 0.000000 0.034569 0.000000 -0.999402 0.813807 0.813807 0.813807
6017.326172 0.000000 3525.682373 0.000000 0.910215 0.000000 -0.414136 0.806652 0.806652 0.806652
6067.058594 0.000000 3513.069336 0.000000 0.234620 0.000000 -0.972087 0.811190 0.811190 0.811190
6066.477539 0.000000 3526.537354 0.000000 0.492155 0.000000 -0.870508 0.838605 0.838605 0.838605
6085.944824 0.000000 3500.058350 0.000000 0.838500 0.000000 0.544901 0.768579 0.768579 0.768579
6031.469238 0.000000 3511.751221 0.000000 0.279139 0.000000 -0.960251 0.863277 0.863277 0.863277
6051.448242 0.000000 3508.271484 0.000000 0.997198 0.000000 -0.074809 0.802288 0.802288 0.802288
6064.755859 0.000000 3503.316406 0.000000 0.985429 0.000000 0.170085 0.790271 0.790271 0.790271
6059.295898 0.000000 3510.467041 0.000000 0.100648 0.000000 0.994922 0.778862 0.778862 0.778862
6076.208496 0.000000 3494.597656 0.000000 0.129632 0.000000 -0.991562 0.847481 0.847481 0.847481
6015.525879 0.000000 3518.038086 0.000000 0.602286 0.000000 -0.798280 0.889177 0.889177 0.889177
6022.981934 0.000000 3520.298096 0.000000 0.888866 0.000000 -0.458166 0.805988 0.805988 0.805988
6009.827148 0.000000 3526.487793 0.000000 0.421980 0.000000 0.906605 0.735385 0.735385 0.735385
6062.650879 0.000000 3520.226318 0.000000 0.973943 0.000000 -0.226793 0.809459 0.809459 0.809459
6069.625000 0.000000 3497.802490 0.000000 0.296974 0.000000 0.954886 0.701894 0.701894 0.701894
6081.610840 0.000000 3505.470459 0.000000 0.034523 0.000000 -0.999404 0.905856 0.905856 0.905856
6069.582031 0.000000 3519.759521 0.000000 0.829041 0.000000 -0.559188 0.820978 0.820978 0.820978
6063.321777 0.000000 3496.647217 0.000000 0.632105 0.000000 -0.774883 0.817529 0.817529 0.817529
6072.678223 0.000000 3527.024658 0.000000 0.667482 0.000000 -0.744626 0.826171 0.826171 0.826171
6086.605957 0.000000 3493.319824 0.000000 0.860840 0.000000 -0.508875 0.820792 0.820792 0.820792
6057.345215 0.000000 3504.670654 0.000000 0.792198 0.000000 -0.610264 0.837363 0.837363 0.837363
6009.727051 0.000000 3520.380371 0.000000 0.059496 0.000000 0.998229 0.750197 0.750197 0.750197
6026.278809 0.000000 3514.981934 0.000000 0.806073 0.000000 0.591817 0.763951 0.763951 0.763951
6087.289062 0.000000 3507.088135 0.000000 0.490724 0.000000 0.871315 0.739784 0.739784 0.739784
6079.957031 0.000000 3499.425049 0.000000 0.501434 0.000000 0.865196 0.709164 0.709164 0.709164
6045.960938 0.000000 3510.265869 0.000000 0.780896 0.000000 0.624661 0.770085 0.770085 0.770085
6037.001953 0.000000 3511.750732 0.000000 0.922371 0.000000 0.386306 0.778850 0.778850 0.778850
6072.949219 0.000000 3490.499268 0.000000 0.539181 0.000000 -0.842190 0.819199 0.819199 0.819199
6061.636719 0.000000 3515.114258 0.000000 0.794723 0.000000 -0.606972 0.837127 0.837127 0.837127
6031.311035 0.000000 3517.063721 0.000000 0.964884 0.000000 -0.262678 0.808918 0.808918 0.808918
6052.350098 0.000000 3503.183350 0.000000 0.579160 0.000000 0.815214 0.756599 0.756599 0.756599
6042.108887 0.000000 3513.450684 0.000000 0.986348 0.000000 0.164677 0.795936 0.795936 0.795936
6081.327637 0.000000 3494.597412 0.000000 0.984386 0.000000 -0.176023 0.806467 0.806467 0.806467
6060.452637 0.000000 3500.867920 0.000000 0.424760 0.000000 0.905306 0.771511 0.771511 0.771511
6035.117676 0.000000 3507.334961 0.000000 0.638862 0.000000 -0.769321 0.829979 0.829979 0.829979
6019.955078 0.000000 3516.605957 0.000000 0.589161 0.000000 -0.808015 0.854114 0.854114 0.854114
6013.878418 0.000000 3522.495361 0.000000 0.269338 0.000000 0.963046 0.695000 0.695000 0.695000
6045.075195 0.000000 3505.539795 0.000000 0.979157 0.000000 0.203107 0.794240 0.794240 0.794240
6026.156250 0.000000 3510.414551 0.000000 0.588603 0.000000 0.808422 0.776308 0.776308 0.776308
6027.450195 0.000000 3519.583008 0.000000 0.650149 0.000000 0.759807 0.767423 0.767423 0.767423
6074.042969 0.000000 3498.603271 0.000000 0.495138 0.000000 0.868814 0.736288 0.736288 0.736288
6065.940918 0.000000 3517.254395 0.000000 0.553246 0.000000 0.833018 0.749858 0.749858 0.749858
6069.089844 0.000000 3503.255859 0.000000 0.846596 0.000000 0.532237 0.781505 0.781505 0.781505
6018.868652 0.000000 3521.586426 0.000000 0.045509 0.000000 -0.998964 0.867629 0.867629 0.867629
6063.544922 0.000000 3492.117676 0.000000 0.904736 0.000000 -0.425973 0.817929 0.817929 0.817929
6069.884277 0.000000 3523.843994 0.000000 0.788605 0.000000 -0.614900 0.837697 0.837697 0.837697
6070.552246 0.000000 3493.832520 0.000000 0.747190 0.000000 -0.664610 0.834846 0.834846 0.834846
6061.266602 0.000000 3505.471680 0.000000 0.524190 0.000000 0.851601 0.741995 0.741995 0.741995
6065.992188 0.000000 3522.461182 0.000000 0.754166 0.000000 0.656684 0.766947 0.766947 0.766947
6066.676270 0.000000 3494.736084 0.000000 0.677876 0.000000 0.735177 0.749028 0.749028 0.749028
6066.261719 0.000000 3499.825684 0.000000 0.993617 0.000000 0.112805 0.793430 0.793430 0.793430
6048.832520 0.000000 3505.164062 0.000000 0.950846 0.000000 0.309665 0.789813 0.789813 0.789813
6085.050293 0.000000 3503.715820 0.000000 0.959333 0.000000 0.282277 0.782854 0.782854 0.782854
6006.618652 0.000000 3528.677490 0.000000 0.793071 0.000000 0.609129 0.765466 0.765466 0.765466
6078.744141 0.000000 3502.920166 0.000000 0.894658 0.000000 0.446751 0.760873 0.760873 0.760873
6084.562500 0.000000 3496.609619 0.000000 0.672249 0.000000 -0.740325 0.845449 0.845449 0.845449
6063.489258 0.000000 3512.061768 0.000000 0.755192 0.000000 0.655504 0.770874 0.770874 0.770874
6071.897949 0.000000 3501.272461 0.000000 0.458083 0.000000 -0.888910 0.844613 0.844613 0.844613
6023.422852 0.000000 3516.894043 0.000000 0.757201 0.000000 -0.653182 0.834545 0.834545 0.834545
6082.082520 0.000000 3502.112061 0.000000 0.691752 0.000000 -0.722135 0.869619 0.869619 0.869619
6088.353516 0.000000 3503.983643 0.000000 0.472071 0.000000 -0.881560 0.861427 0.861427 0.861427
6029.507324 0.000000 3514.300537 0.000000 0.715284 0.000000 0.698834 0.755956 0.755956 0.755956
6055.479492 0.000000 3502.072754 0.000000 0.813824 0.000000 0.581111 0.770648 0.770648 0.770648
6076.932129 0.000000 3500.349609 0.000000 0.898744 0.000000 -0.438473 0.834267 0.834267 0.834267
6054.085938 0.000000 3505.802490 0.000000 0.500752 0.000000 -0.865591 0.859558 0.859558 0.859558
6088.157227 0.000000 3496.305908 0.000000 0.918967 0.000000 0.394334 0.776927 0.776927 0.776927
6012.854492 0.000000 3525.419922 0.000000 0.080463 0.000000 -0.996758 0.883934 0.883934 0.883934
6078.786133 0.000000 3496.482178 0.000000 0.998322 0.000000 0.057910 0.796251 0.796251 0.796251
6073.199707 0.000000 3495.595703 0.000000 0.969789 0.000000 -0.243944 0.815799 0.815799 0.815799
6010.354492 0.000000 3523.425293 0.000000 0.982928 0.000000 0.183990 0.787693 0.787693 0.787693
6088.965332 0.000000 3499.618164 0.000000 0.623909 0.000000 0.781497 0.748938 0.748938 0.748938
6034.168457 0.000000 3510.210938 0.000000 0.156203 0.000000 -0.987725 0.880484 0.880484 0.880484
6012.677246 0.000000 3519.487549 0.000000 0.743930 0.000000 0.668258 0.733346 0.733346 0.733346
6037.942871 0.000000 3508.546875 0.000000 0.863317 0.000000 -0.504663 0.830111 0.830111 0.830111
6042.989746 0.000000 3509.846191 0.000000 0.335922 0.000000 -0.941890 0.869911 0.869911 0.869911
6082.912598 0.000000 3499.135010 0.000000 0.502427 0.000000 -0.864620 0.871964 0.871964 0.871964
6018.531738 0.000000 3518.890625 0.000000 0.906404 0.000000 0.422412 0.773347 0.773347 0.773347
6016.262207 0.000000 3521.257080 0.000000 0.976621 0.000000 0.214968 0.783773 0.783773 0.783773
5918.878906 0.000000 3532.824219 0.000000 0.380874 0.000000 0.924627 0.786566 0.786566 0.786566
5969.144531 0.000000 3565.082275 0.000000 0.825472 0.000000 0.564443 0.786344 0.786344 0.786344
5984.791016 0.000000 3584.168457 0.000000 0.801119 0.000000 0.598505 0.745793 0.745793 0.745793
5947.519043 0.000000 3531.193848 0.000000 0.741549 0.000000 0.670898 0.762105 0.762105 0.762105
5949.276855 0.000000 3571.853516 0.000000 0.994038 0.000000 0.109035 0.797512 0.797512 0.797512
5984.065918 0.000000 3552.174316 0.000000 0.933275 0.000000 -0.359162 0.817389 0.817389 0.817389
5934.624512 0.000000 3586.737061 0.000000 0.859000 0.000000 0.511976 0.799034 0.799034 0.799034
5995.781738 0.000000 3539.162598 0.000000 0.988089 0.000000 -0.153883 0.802777 0.802777 0.802777
5985.583008 0.000000 3568.219971 0.000000 0.655851 0.000000 0.754891 0.732852 0.732852 0.732852
5933.539062 0.000000 3538.591309 0.000000 0.340277 0.000000 0.940325 0.783138 0.783138 0.783138
5995.231934 0.000000 3596.038330 0.000000 0.839285 0.000000 -0.543692 0.823076 0.823076 0.823076
5999.327148 0.000000 3579.104004 0.000000 0.513997 0.000000 -0.857792 0.811737 0.811737 0.811737
5946.517578 0.000000 3583.682129 0.000000 0.488170 0.000000 0.872749 0.676693 0.676693 0.676693
5961.166992 0.000000 3573.804199 0.000000 0.999292 0.000000 -0.037617 0.801691 0.801691 0.801691
5938.206055 0.000000 3576.106934 0.000000 0.038500 0.000000 -0.999259 0.909254 0.909254 0.909254
5976.194336 0.000000 3573.479492 0.000000 0.281853 0.000000 -0.959458 0.915497 0.915497 0.915497
5985.296387 0.000000 3541.435303 0.000000 0.402782 0.000000 -0.915296 0.810392 0.810392 0.810392
5978.221191 0.000000 3560.545654 0.000000 0.974881 0.000000 -0.222727 0.809959 0.809959 0.809959
5975.768555 0.000000 3589.484375 0.000000 0.858109 0.000000 0.513467 0.794508 0.794508 0.794508
5956.680664 0.000000 3582.310303 0.000000 0.177683 0.000000 -0.984088 0.830863 0.830863 0.830863
5928.354004 0.000000 3530.572510 0.000000 0.715253 0.000000 0.698865 0.737408 0.737408 0.737408
5993.422852 0.000000 3585.864258 0.000000 0.950950 0.000000 -0.309346 0.821671 0.821671 0.821671
6002.311035 0.000000 3587.282227 0.000000 0.992447 0.000000 -0.122677 0.802211 0.802211 0.802211
5987.208008 0.000000 3592.398682 0.000000 0.527298 0.000000 -0.849680 0.810951 0.810951 0.810951
5988.303711 0.000000 3576.280029 0.000000 0.597329 0.000000 -0.801997 0.857991 0.857991 0.857991
5990.648926 0.000000 3547.610107 0.000000 0.999158 0.000000 0.041021 0.798082 0.798082 0.798082
5956.293457 0.000000 3567.547607 0.000000 0.875113 0.000000 -0.483920 0.809988 0.809988 0.809988
5940.011719 0.000000 3533.748291 0.000000 0.926737 0.000000 0.375710 0.788461 0.788461 0.788461
5932.727539 0.000000 3570.366211 0.000000 0.999721 0.000000 0.023638 0.799703 0.799703 0.799703
5977.460938 0.000000 3581.986328 0.000000 0.335210 0.000000 -0.942143 0.859645 0.859645 0.859645
5976.056641 0.000000 3551.982422 0.000000 0.001827 0.000000 -0.999998 0.833843 0.833843 0.833843
5967.759277 0.000000 3572.306641 0.000000 0.349950 0.000000 0.936768 0.748386 0.748386 0.748386
5941.294434 0.000000 3588.031738 0.000000 0.065083 0.000000 -0.997880 0.815337 0.815337 0.815337
5999.056641 0.000000 3545.418457 0.000000 0.994116 0.000000 -0.108319 0.804682 0.804682 0.804682
5984.840332 0.000000 3561.117920 0.000000 0.093551 0.000000 -0.995614 0.858413 0.858413 0.858413
5980.534180 0.000000 3546.417969 0.000000 0.791251 0.000000 0.611492 0.787385 0.787385 0.787385
5978.938965 0.000000 3567.406738 0.000000 0.972570 0.000000 -0.232612 0.813644 0.813644 0.813644
5954.890625 0.000000 3575.511475 0.000000 0.996330 0.000000 -0.085597 0.805494 0.805494 0.805494
5981.959473 0.000000 3577.458984 0.000000 0.758074 0.000000 -0.652169 0.867683 0.867683 0.867683
5944.809082 0.000000 3577.476807 0.000000 0.434266 0.000000 0.900785 0.697182 0.697182 0.697182
5940.020020 0.000000 3582.046143 0.000000 0.999625 0.000000 0.027391 0.798096 0.798096 0.798096
5972.277832 0.000000 3559.782227 0.000000 0.836638 0.000000 -0.547757 0.807294 0.807294 0.807294
6001.136719 0.000000 3536.466309 0.000000 0.999146 0.000000 0.041313 0.797648 0.797648 0.797648
5991.101074 0.000000 3566.005859 0.000000 0.227279 0.000000 -0.973830 0.831348 0.831348 0.831348
5982.032227 0.000000 3589.631348 0.000000 0.014933 0.000000 -0.999888 0.863392 0.863392 0.863392
6000.643555 0.000000 3593.098877 0.000000 0.093537 0.000000 -0.995616 0.853103 0.853103 0.853103
5924.542969 0.000000 3534.994141 0.000000 0.846558 0.000000 0.532297 0.779821 0.779821 0.779821
5963.599609 0.000000 3568.277344 0.000000 0.999807 0.000000 -0.019670 0.800424 0.800424 0.800424
5971.922363 0.000000 3577.394043 0.000000 0.950246 0.000000 -0.311500 0.812337 0.812337 0.812337
5993.382324 0.000000 3579.789795 0.000000 0.377875 0.000000 0.925857 0.761714 0.761714 0.761714
5950.546387 0.000000 3579.139648 0.000000 0.952673 0.000000 0.303998 0.770388 0.770388 0.770388
5952.101562 0.000000 3585.968018 0.000000 0.749664 0.000000 0.661818 0.770532 0.770532 0.770532
5933.695312 0.000000 3532.608887 0.000000 0.820435 0.000000 0.571739 0.757334 0.757334 0.757334
5972.707520 0.000000 3569.334961 0.000000 0.828239 0.000000 -0.560375 0.832433 0.832433 0.832433
5934.638672 0.000000 3581.293701 0.000000 0.794536 0.000000 -0.607217 0.823460 0.823460 0.823460
5979.920410 0.000000 3555.533691 0.000000 0.017974 0.000000 -0.999838 0.877224 0.877224 0.877224
5995.840820 0.000000 3590.574463 0.000000 0.125656 0.000000 0.992074 0.707371 0.707371 0.707371
5981.892090 0.000000 3571.751465 0.000000 0.996420 0.000000 -0.084538 0.808875 0.808875 0.808875
5974.669922 0.000000 3564.310547 0.000000 0.181234 0.000000 -0.983440 0.844095 0.844095 0.844095
5989.521484 0.000000 3582.791992 0.000000 0.978915 0.000000 0.204268 0.783360 0.783360 0.783360
5994.000488 0.000000 3543.919922 0.000000 0.348385 0.000000 -0.937352 0.862605 0.862605 0.862605
5998.008301 0.000000 3584.154053 0.000000 0.562730 0.000000 0.826641 0.764433 0.764433 0.764433
5929.373535 0.000000 3535.521240 0.000000 0.682673 0.000000 0.730724 0.752378 0.752378 0.752378
5988.632812 0.000000 3587.773682 0.000000 0.955606 0.000000 0.294649 0.777420 0.777420 0.777420
5937.979004 0.000000 3570.923584 0.000000 0.519679 0.000000 0.854361 0.772382 0.772382 0.772382
5933.331055 0.000000 3575.506104 0.000000 0.827640 0.000000 0.561260 0.782147 0.782147 0.782147
5985.278320 0.000000 3547.404541 0.000000 0.887530 0.000000 0.460749 0.771309 0.771309 0.771309
5989.842285 0.000000 3571.603027 0.000000 0.322417 0.000000 0.946598 0.727041 0.727041 0.727041
5986.230469 0.000000 3556.438232 0.000000 0.935593 0.000000 0.353080 0.786162 0.786162 0.786162
5966.871582 0.000000 3576.929199 0.000000 0.341871 0.000000 0.939747 0.767787 0.767787 0.767787
5990.507812 0.000000 3596.020996 0.000000 0.831502 0.000000 -0.555522 0.814469 0.814469 0.814469
5922.845703 0.000000 3530.488770 0.000000 0.941356 0.000000 0.337415 0.772161 0.772161 0.772161
5958.813965 0.000000 3578.192383 0.000000 0.815828 0.000000 -0.578294 0.824755 0.824755 0.824755
5989.543457 0.000000 3543.040771 0.000000 0.188330 0.000000 -0.982106 0.860419 0.860419 0.860419
5953.664062 0.000000 3571.180908 0.000000 0.742751 0.000000 -0.669568 0.825495 0.825495 0.825495
5975.358398 0.000000 3556.530762 0.000000 0.393458 0.000000 -0.919342 0.832847 0.832847 0.832847
5979.001465 0.000000 3586.115234 0.000000 0.808087 0.000000 0.589063 0.773958 0.773958 0.773958
5991.485352 0.000000 3591.687500 0.000000 0.375338 0.000000 -0.926888 0.846902 0.846902 0.846902
5986.166504 0.000000 3580.046143 0.000000 0.419759 0.000000 -0.907636 0.881114 0.881114 0.881114
5982.485840 0.000000 3564.650391 0.000000 0.993637 0.000000 -0.112628 0.805342 0.805342 0.805342
6000.205078 0.000000 3541.304443 0.000000 0.980763 0.000000 0.195200 0.789053 0.789053 0.789053
5942.074707 0.000000 3574.104736 0.000000 0.748837 0.000000 -0.662754 0.849487 0.849487 0.849487
5959.701660 0.000000 3569.946289 0.000000 0.315297 0.000000 -0.948993 0.839696 0.839696 0.839696
5943.076660 0.000000 3530.894531 0.000000 0.999771 0.000000 0.021409 0.798961 0.798961 0.798961
5987.316406 0.000000 3564.471924 0.000000 0.605339 0.000000 -0.795968 0.830890 0.830890 0.830890
5985.875000 0.000000 3572.972900 0.000000 0.991464 0.000000 0.130378 0.786369 0.786369 0.786369
5980.197266 0.000000 3550.805176 0.000000 0.447430 0.000000 0.894319 0.756890 0.756890 0.756890
5977.958984 0.000000 3577.249023 0.000000 0.331103 0.000000 0.943595 0.717235 0.717235 0.717235
5971.625977 0.000000 3573.338135 0.000000 0.226225 0.000000 0.974075 0.713924 0.713924 0.713924
5981.468262 0.000000 3581.547119 0.000000 0.272831 0.000000 -0.962062 0.884541 0.884541 0.884541
5948.472656 0.000000 3575.695557 0.000000 0.940115 0.000000 0.340858 0.776241 0.776241 0.776241
5946.359863 0.000000 3587.566895 0.000000 0.582458 0.000000 0.812860 0.741999 0.741999 0.741999
5945.633301 0.000000 3572.809814 0.000000 0.828153 0.000000 0.560502 0.773975 0.773975 0.773975
5981.707520 0.000000 3558.859131 0.000000 0.847281 0.000000 -0.531145 0.834222 0.834222 0.834222
5941.043457 0.000000 3578.466797 0.000000 0.994742 0.000000 0.102409 0.790718 0.790718 0.790718
5998.964844 0.000000 3596.660889 0.000000 0.587440 0.000000 -0.809268 0.831638 0.831638 0.831638
5943.633301 0.000000 3581.128418 0.000000 0.490527 0.000000 0.871426 0.687151 0.687151 0.687151
5998.447266 0.000000 3587.773438 0.000000 0.999243 0.000000 0.038907 0.798298 0.798298 0.798298
5968.003418 0.000000 3568.557129 0.000000 0.945558 0.000000 -0.325455 0.815492 0.815492 0.815492
5957.285645 0.000000 3572.604736 0.000000 0.531941 0.000000 -0.846782 0.862326 0.862326 0.862326
5943.034180 0.000000 3584.782715 0.000000 0.932859 0.000000 -0.360243 0.826497 0.826497 0.826497
5950.002930 0.000000 3582.924072 0.000000 0.468968 0.000000 0.883215 0.713073 0.713073 0.713073
5954.086426 0.000000 3579.834473 0.000000 0.760629 0.000000 0.649187 0.758091 0.758091 0.758091
5937.122559 0.000000 3531.795166 0.000000 0.916853 0.000000 -0.399224 0.820423 0.820423 0.820423
5976.574219 0.000000 3569.961426 0.000000 0.835626 0.000000 0.549299 0.759930 0.759930 0.759930
5978.477539 0.000000 3564.010742 0.000000 0.562702 0.000000 -0.826660 0.846063 0.846063 0.846063
5989.763184 0.000000 3579.352051 0.000000 0.999795 0.000000 0.020235 0.798800 0.798800 0.798800
5947.308594 0.000000 3579.989258 0.000000 0.468564 0.000000 -0.883429 0.923955 0.923955 0.923955
5985.448242 0.000000 3589.067139 0.000000 0.950033 0.000000 -0.312149 0.816168 0.816168 0.816168
5979.605469 0.000000 3574.278076 0.000000 0.978707 0.000000 0.205262 0.780057 0.780057 0.780057
5951.677734 0.000000 3574.509521 0.000000 0.668053 0.000000 0.744113 0.743683 0.743683 0.743683
5997.008301 0.000000 3542.401367 0.000000 0.948554 0.000000 0.316614 0.781662 0.781662 0.781662
5937.741211 0.000000 3579.462646 0.000000 0.921870 0.000000 0.387498 0.776635 0.776635 0.776635
5983.150879 0.000000 3555.499023 0.000000 0.942174 0.000000 -0.335125 0.821909 0.821909 0.821909
5985.085938 0.000000 3576.594238 0.000000 0.424305 0.000000 -0.905519 0.897722 0.897722 0.897722
5982.356934 0.000000 3586.284668 0.000000 0.999271 0.000000 0.038185 0.797734 0.797734 0.797734
5986.631836 0.000000 3544.406738 0.000000 0.938045 0.000000 0.346514 0.779858 0.779858 0.779858
5997.148438 0.000000 3593.424805 0.000000 0.063207 0.000000 -0.998000 0.895748 0.895748 0.895748
5981.923828 0.000000 3568.493164 0.000000 0.210715 0.000000 -0.977548 0.915584 0.915584 0.915584
5953.590332 0.000000 3583.196533 0.000000 0.758441 0.000000 0.651742 0.760018 0.760018 0.760018
5993.109375 0.000000 3588.921143 0.000000 0.842821 0.000000 -0.538194 0.833369 0.833369 0.833369
5975.006836 0.000000 3576.375732 0.000000 0.942353 0.000000 0.334621 0.780578 0.780578 0.780578
5988.693359 0.000000 3568.612793 0.000000 0.785243 0.000000 -0.619188 0.831206 0.831206 0.831206
5931.411133 0.000000 3530.578125 0.000000 0.229021 0.000000 -0.973421 0.904354 0.904354 0.904354
5932.623047 0.000000 3535.423584 0.000000 0.909446 0.000000 -0.415821 0.823897 0.823897 0.823897
5948.990234 0.000000 3585.844727 0.000000 0.771414 0.000000 0.636333 0.745448 0.745448 0.745448
5925.623047 0.000000 3532.074951 0.000000 0.774177 0.000000 -0.632969 0.843941 0.843941 0.843941
5998.792969 0.000000 3538.687500 0.000000 0.894122 0.000000 0.447824 0.773848 0.773848 0.773848
5994.160645 0.000000 3593.157471 0.000000 0.937967 0.000000 0.346725 0.777300 0.777300 0.777300
5994.470703 0.000000 3583.092529 0.000000 0.786548 0.000000 -0.617529 0.835095 0.835095 0.835095
5970.050781 0.000000 3570.582031 0.000000 0.686537 0.000000 -0.727095 0.852192 0.852192 0.852192
5958.445801 0.000000 3575.260742 0.000000 0.872184 0.000000 0.489178 0.769986 0.769986 0.769986
5952.562988 0.000000 3577.150146 0.000000 0.012653 0.000000 0.999920 0.681433 0.681433 0.681433
5990.546387 0.000000 3585.390381 0.000000 0.233321 0.000000 0.972400 0.691990 0.691990 0.691990
5987.519043 0.000000 3584.947266 0.000000 0.992963 0.000000 0.118428 0.789829 0.789829 0.789829
5979.241211 0.000000 3579.828613 0.000000 0.980089 0.000000 -0.198561 0.813534 0.813534 0.813534
5979.479492 0.000000 3570.270264 0.000000 0.903732 0.000000 0.428098 0.756529 0.756529 0.756529
5974.170410 0.000000 3571.650879 0.000000 0.709824 0.000000 -0.704379 0.855725 0.855725 0.855725
5995.605957 0.000000 3587.608154 0.000000 0.843571 0.000000 -0.537017 0.836345 0.836345 0.836345
5930.028809 0.000000 3532.887939 0.000000 0.997141 0.000000 -0.075569 0.805801 0.805801 0.805801
5983.476562 0.000000 3579.684082 0.000000 0.547132 0.000000 0.837046 0.724524 0.724524 0.724524
5986.990723 0.000000 3570.604248 0.000000 0.638916 0.000000 -0.769277 0.872574 0.872574 0.872574
6029.476074 0.000000 3552.011230 0.000000 0.999635 0.000000 -0.027033 0.800842 0.800842 0.800842
6003.951660 0.000000 3595.598633 0.000000 0.897049 0.000000 0.441930 0.791772 0.791772 0.791772
6042.718750 0.000000 3591.495117 0.000000 0.922576 0.000000 0.385816 0.788134 0.788134 0.788134
6005.871094 0.000000 3532.824219 0.000000 0.308939 0.000000 0.951082 0.728466 0.728466 0.728466
6056.136719 0.000000 3565.082275 0.000000 0.940368 0.000000 -0.340158 0.815597 0.815597 0.815597
6048.731934 0.000000 3546.180420 0.000000 0.555369 0.000000 0.831604 0.743515 0.743515 0.743515
6071.058105 0.000000 3552.174316 0.000000 0.283460 0.000000 0.958984 0.726947 0.726947 0.726947
6056.054688 0.000000 3582.519531 0.000000 0.493501 0.000000 0.869745 0.768403 0.768403 0.768403
6020.531250 0.000000 3538.591309 0.000000 0.006503 0.000000 0.999979 0.761572 0.761572 0.761572
6049.295410 0.000000 3531.485107 0.000000 0.982814 0.000000 -0.184599 0.801001 0.801001 0.801001
6042.730469 0.000000 3559.330811 0.000000 0.401870 0.000000 -0.915697 0.862405 0.862405 0.862405
6061.247070 0.000000 3543.914062 0.000000 0.001224 0.000000 -0.999999 0.860188 0.860188 0.860188
6016.524414 0.000000 3550.315186 0.000000 0.410796 0.000000 0.911727 0.777999 0.777999 0.777999
6048.159180 0.000000 3573.804199 0.000000 0.288958 0.000000 -0.957342 0.842105 0.842105 0.842105
6036.757812 0.000000 3542.713135 0.000000 0.466864 0.000000 0.884329 0.773995 0.773995 0.773995
6063.186523 0.000000 3573.479492 0.000000 0.700512 0.000000 -0.713641 0.814285 0.814285 0.814285
6002.684082 0.000000 3542.903564 0.000000 0.019754 0.000000 -0.999805 0.832527 0.832527 0.832527
6033.611816 0.000000 3560.220215 0.000000 0.680348 0.000000 0.732890 0.787679 0.787679 0.787679
6043.672852 0.000000 3582.310303 0.000000 0.718574 0.000000 0.695451 0.755764 0.755764 0.755764
6057.601562 0.000000 3535.471924 0.000000 0.867777 0.000000 -0.496955 0.811530 0.811530 0.811530
6027.780762 0.000000 3543.401123 0.000000 0.318237 0.000000 -0.948011 0.884425 0.884425 0.884425
6040.613281 0.000000 3550.541260 0.000000 0.421820 0.000000 -0.906680 0.851700 0.851700 0.851700
6044.273438 0.000000 3538.478760 0.000000 0.542476 0.000000 0.840071 0.772509 0.772509 0.772509
6049.790039 0.000000 3586.963135 0.000000 0.632049 0.000000 0.774929 0.755377 0.755377 0.755377
6063.048828 0.000000 3551.982422 0.000000 0.420096 0.000000 0.907480 0.765930 0.765930 0.765930
6051.355469 0.000000 3539.381836 0.000000 0.195654 0.000000 -0.980673 0.874087 0.874087 0.874087
6049.313477 0.000000 3562.542236 0.000000 0.856009 0.000000 -0.516961 0.811393 0.811393 0.811393
6054.751465 0.000000 3572.306641 0.000000 0.649720 0.000000 -0.760174 0.855883 0.855883 0.855883
6021.212402 0.000000 3545.438232 0.000000 0.719637 0.000000 -0.694351 0.850126 0.850126 0.850126
6067.526367 0.000000 3546.417969 0.000000 0.429116 0.000000 0.903249 0.735834 0.735834 0.735834
6055.495605 0.000000 3547.549561 0.000000 0.000031 0.000000 -1.000000 0.891292 0.891292 0.891292
6036.799805 0.000000 3565.572510 0.000000 0.511572 0.000000 -0.859240 0.817344 0.817344 0.817344
6050.268555 0.000000 3580.049805 0.000000 0.254118 0.000000 -0.967173 0.893680 0.893680 0.893680
6042.690430 0.000000 3544.752930 0.000000 0.933928 0.000000 -0.357461 0.812704 0.812704 0.812704
6035.373047 0.000000 3554.340332 0.000000 0.992170 0.000000 -0.124895 0.806002 0.806002 0.806002
6033.461426 0.000000 3547.681152 0.000000 0.432934 0.000000 -0.901425 0.872000 0.872000 0.872000
6050.591797 0.000000 3568.277344 0.000000 0.392762 0.000000 0.919640 0.744753 0.744753 0.744753
6058.914551 0.000000 3577.394043 0.000000 0.269232 0.000000 0.963075 0.751774 0.751774 0.751774
6039.093750 0.000000 3585.968018 0.000000 0.901010 0.000000 0.433798 0.782525 0.782525 0.782525
6023.544434 0.000000 3550.868164 0.000000 0.323571 0.000000 0.946204 0.748681 0.748681 0.748681
6059.699707 0.000000 3569.334961 0.000000 0.693549 0.000000 0.720410 0.762406 0.762406 0.762406
6056.612793 0.000000 3540.815674 0.000000 0.952728 0.000000 0.303825 0.777434 0.777434 0.777434
6016.738281 0.000000 3542.706299 0.000000 0.265982 0.000000 -0.963978 0.839773 0.839773 0.839773
6061.662109 0.000000 3564.310547 0.000000 0.524167 0.000000 0.851615 0.776187 0.776187 0.776187
6025.843750 0.000000 3538.887939 0.000000 0.751209 0.000000 0.660064 0.781858 0.781858 0.781858
6044.714355 0.000000 3587.057129 0.000000 0.819749 0.000000 -0.572722 0.834712 0.834712 0.834712
6045.430664 0.000000 3549.765381 0.000000 0.641975 0.000000 -0.766726 0.834552 0.834552 0.834552
6051.506348 0.000000 3550.259033 0.000000 0.756374 0.000000 0.654140 0.776502 0.776502 0.776502
6038.010742 0.000000 3558.259277 0.000000 0.923281 0.000000 -0.384126 0.824095 0.824095 0.824095
6043.482910 0.000000 3554.396484 0.000000 0.009337 0.000000 0.999956 0.724218 0.724218 0.724218
6053.863770 0.000000 3576.929199 0.000000 0.710494 0.000000 0.703703 0.743875 0.743875 0.743875
6009.837891 0.000000 3530.488770 0.000000 0.406207 0.000000 -0.913781 0.865602 0.865602 0.865602
6052.780762 0.000000 3534.727539 0.000000 0.543713 0.000000 0.839271 0.743310 0.743310 0.743310
6045.806152 0.000000 3578.192383 0.000000 0.833348 0.000000 0.552749 0.778244 0.778244 0.778244
6052.837402 0.000000 3543.834229 0.000000 0.850496 0.000000 -0.525981 0.854425 0.854425 0.854425
6040.909668 0.000000 3563.586914 0.000000 0.704150 0.000000 -0.710051 0.829332 0.829332 0.829332
6046.743164 0.000000 3542.176514 0.000000 0.625577 0.000000 -0.780163 0.850940 0.850940 0.850940
6032.363281 0.000000 3543.275146 0.000000 0.135655 0.000000 0.990756 0.738965 0.738965 0.738965
6059.997070 0.000000 3548.329102 0.000000 0.734441 0.000000 0.678673 0.776311 0.776311 0.776311
6027.190918 0.000000 3548.200684 0.000000 0.586448 0.000000 0.809987 0.733248 0.733248 0.733248
6047.020508 0.000000 3558.598389 0.000000 0.921024 0.000000 0.389506 0.789692 0.789692 0.789692
6038.187012 0.000000 3546.895996 0.000000 0.958641 0.000000 -0.284619 0.809857 0.809857 0.809857
6002.909668 0.000000 3535.898193 0.000000 0.943103 0.000000 0.332499 0.780706 0.780706 0.780706
6067.189453 0.000000 3550.805176 0.000000 0.493814 0.000000 0.869567 0.756411 0.756411 0.756411
6075.017578 0.000000 3551.195557 0.000000 0.999565 0.000000 0.029494 0.799046 0.799046 0.799046
6047.614258 0.000000 3583.298340 0.000000 0.898530 0.000000 -0.438912 0.829131 0.829131 0.829131
6023.229004 0.000000 3541.923828 0.000000 0.781159 0.000000 -0.624332 0.829089 0.829089 0.829089
6058.618164 0.000000 3573.338135 0.000000 0.805584 0.000000 0.592482 0.770363 0.770363 0.770363
6039.304688 0.000000 3554.255371 0.000000 0.508451 0.000000 0.861091 0.733490 0.733490 0.733490
6052.092773 0.000000 3583.523926 0.000000 0.844689 0.000000 -0.535257 0.832827 0.832827 0.832827
6036.650391 0.000000 3550.526611 0.000000 0.828923 0.000000 0.559363 0.761942 0.761942 0.761942
6063.908691 0.000000 3547.736328 0.000000 0.640939 0.000000 -0.767591 0.849810 0.849810 0.849810
6029.524902 0.000000 3540.028320 0.000000 0.355548 0.000000 -0.934658 0.851360 0.851360 0.851360
6017.718750 0.000000 3546.636963 0.000000 0.929022 0.000000 -0.370026 0.812945 0.812945 0.812945
6037.575195 0.000000 3561.942627 0.000000 0.264870 0.000000 0.964284 0.746922 0.746922 0.746922
6052.972168 0.000000 3563.078125 0.000000 0.996399 0.000000 0.084787 0.797101 0.797101 0.797101
6054.995605 0.000000 3568.557129 0.000000 0.895253 0.000000 0.445559 0.770393 0.770393 0.770393
6057.445312 0.000000 3544.508301 0.000000 0.303645 0.000000 -0.952785 0.912692 0.912692 0.912692
6054.819336 0.000000 3537.778809 0.000000 0.104136 0.000000 -0.994563 0.873808 0.873808 0.873808
6024.802734 0.000000 3545.366211 0.000000 0.588306 0.000000 0.808638 0.723817 0.723817 0.723817
6029.957031 0.000000 3546.104248 0.000000 0.752034 0.000000 0.659125 0.741357 0.741357 0.741357
6033.019531 0.000000 3551.533936 0.000000 0.410118 0.000000 0.912032 0.729826 0.729826 0.729826
6051.002441 0.000000 3571.810547 0.000000 0.797480 0.000000 0.603345 0.773611 0.773611 0.773611
6020.425781 0.000000 3548.960693 0.000000 0.202190 0.000000 0.979346 0.731188 0.731188 0.731188
6050.412109 0.000000 3576.623779 0.000000 0.119536 0.000000 -0.992830 0.895632 0.895632 0.895632
6003.129883 0.000000 3539.452148 0.000000 0.993757 0.000000 -0.111568 0.805694 0.805694 0.805694
6056.166992 0.000000 3579.386719 0.000000 0.219025 0.000000 0.975719 0.732864 0.732864 0.732864
6049.861816 0.000000 3542.747070 0.000000 0.552049 0.000000 0.833812 0.740923 0.740923 0.740923
6020.092773 0.000000 3542.471436 0.000000 0.982934 0.000000 0.183959 0.790134 0.790134 0.790134
6040.582520 0.000000 3583.196533 0.000000 0.399838 0.000000 -0.916586 0.856272 0.856272 0.856272
6051.950195 0.000000 3546.937012 0.000000 0.764660 0.000000 -0.644434 0.843218 0.843218 0.843218
6048.498047 0.000000 3549.253418 0.000000 0.017200 0.000000 -0.999852 0.886571 0.886571 0.886571
6030.536133 0.000000 3549.135986 0.000000 0.948882 0.000000 0.315630 0.778450 0.778450 0.778450
6052.785645 0.000000 3566.119385 0.000000 0.489854 0.000000 -0.871805 0.863445 0.863445 0.863445
6053.353027 0.000000 3580.764893 0.000000 0.375024 0.000000 0.927015 0.719675 0.719675 0.719675
6041.214355 0.000000 3556.690918 0.000000 0.976948 0.000000 0.213478 0.786207 0.786207 0.786207
6069.790527 0.000000 3549.126953 0.000000 0.389950 0.000000 0.920836 0.733390 0.733390 0.733390
6056.281738 0.000000 3575.182129 0.000000 0.824151 0.000000 0.566370 0.765006 0.765006 0.765006
6023.197754 0.000000 3547.874268 0.000000 0.019338 0.000000 -0.999813 0.919917 0.919917 0.919917
6052.593262 0.000000 3574.295654 0.000000 0.922417 0.000000 -0.386196 0.827321 0.827321 0.827321
6057.042969 0.000000 3570.582031 0.000000 0.539044 0.000000 -0.842277 0.861207 0.861207 0.861207
6042.507324 0.000000 3585.233643 0.000000 0.402609 0.000000 -0.915372 0.874140 0.874140 0.874140
6073.619629 0.000000 3553.672363 0.000000 0.886448 0.000000 -0.462829 0.827101 0.827101 0.827101
6053.796387 0.000000 3540.761719 0.000000 0.999562 0.000000 0.029603 0.797339 0.797339 0.797339
6047.106445 0.000000 3585.923340 0.000000 0.979436 0.000000 0.201755 0.786976 0.786976 0.786976
6090.943848 0.000000 3488.614258 0.000000 0.580736 0.000000 0.814092 0.791451 0.791451 0.791451
6135.724121 0.000000 3439.196045 0.000000 0.857978 0.000000 0.513686 0.789333 0.789333 0.789333
6107.523438 0.000000 3431.606934 0.000000 0.944316 0.000000 -0.329040 0.808438 0.808438 0.808438
6089.982422 0.000000 3507.177490 0.000000 0.093085 0.000000 -0.995658 0.878794 0.878794 0.878794
6113.996094 0.000000 3426.763916 0.000000 0.271077 0.000000 -0.962558 0.869903 0.869903 0.869903
6089.939453 0.000000 3496.664795 0.000000 0.990062 0.000000 -0.140632 0.808032 0.808032 0.808032
6138.347656 0.000000 3432.397461 0.000000 0.805674 0.000000 0.592359 0.776069 0.776069 0.776069
6143.604980 0.000000 3433.831299 0.000000 0.999525 0.000000 -0.030810 0.801219 0.801219 0.801219
6091.000000 0.000000 3502.084473 0.000000 0.620573 0.000000 -0.784149 0.838883 0.838883 0.838883
6112.835938 0.000000 3431.903564 0.000000 0.986261 0.000000 -0.165194 0.809446 0.809446 0.809446
6139.829590 0.000000 3436.849854 0.000000 0.608110 0.000000 0.793853 0.747796 0.747796 0.747796
6092.083984 0.000000 3493.012451 0.000000 0.304526 0.000000 0.952504 0.762967 0.762967 0.762967
6110.303711 0.000000 3428.699463 0.000000 0.704250 0.000000 0.709952 0.755065 0.755065 0.755065
6111.106934 0.000000 3424.810791 0.000000 0.896350 0.000000 0.443348 0.781836 0.781836 0.781836
6136.854004 0.000000 3435.762695 0.000000 0.989903 0.000000 -0.141749 0.808096 0.808096 0.808096
6162.079590 0.000000 3609.948242 0.000000 0.002518 0.000000 0.999997 0.763353 0.763353 0.763353
6158.775391 0.000000 3584.168457 0.000000 0.515104 0.000000 -0.857128 0.843803 0.843803 0.843803
6142.914551 0.000000 3605.732422 0.000000 0.287859 0.000000 0.957673 0.742533 0.742533 0.742533
6163.556641 0.000000 3629.253418 0.000000 0.971867 0.000000 -0.235529 0.808833 0.808833 0.808833
6127.941895 0.000000 3614.680176 0.000000 0.201642 0.000000 0.979459 0.726243 0.726243 0.726243
6169.216309 0.000000 3596.038330 0.000000 0.684769 0.000000 0.728760 0.745696 0.745696 0.745696
6173.311523 0.000000 3579.104004 0.000000 0.999758 0.000000 -0.022018 0.801253 0.801253 0.801253
6154.687988 0.000000 3597.537598 0.000000 0.883630 0.000000 0.468187 0.762048 0.762048 0.762048
6154.050781 0.000000 3620.053711 0.000000 0.840210 0.000000 -0.542261 0.821978 0.821978 0.821978
6171.020508 0.000000 3619.550049 0.000000 0.996490 0.000000 0.083716 0.796535 0.796535 0.796535
6124.867676 0.000000 3602.777588 0.000000 0.114761 0.000000 0.993393 0.716263 0.716263 0.716263
6140.780273 0.000000 3593.499512 0.000000 0.955925 0.000000 0.293610 0.796072 0.796072 0.796072
6174.267578 0.000000 3630.399658 0.000000 0.434333 0.000000 0.900752 0.738179 0.738179 0.738179
6172.937012 0.000000 3607.042725 0.000000 0.209946 0.000000 -0.977713 0.887145 0.887145 0.887145
6138.440430 0.000000 3615.255859 0.000000 0.475968 0.000000 0.879463 0.751060 0.751060 0.751060
6151.748047 0.000000 3610.300781 0.000000 0.990718 0.000000 0.135935 0.791258 0.791258 0.791258
6134.195801 0.000000 3600.478271 0.000000 0.319385 0.000000 -0.947625 0.882104 0.882104 0.882104
6168.520996 0.000000 3570.855957 0.000000 0.970946 0.000000 -0.239298 0.804488 0.804488 0.804488
6119.582031 0.000000 3610.181396 0.000000 0.877774 0.000000 0.479075 0.793714 0.793714 0.793714
6167.407227 0.000000 3585.864258 0.000000 0.552383 0.000000 -0.833591 0.880312 0.880312 0.880312
6162.770508 0.000000 3620.295898 0.000000 0.698718 0.000000 -0.715397 0.864483 0.864483 0.864483
6162.288086 0.000000 3576.280029 0.000000 0.613649 0.000000 -0.789579 0.863802 0.863802 0.863802
6146.288086 0.000000 3617.451416 0.000000 0.030661 0.000000 0.999530 0.771393 0.771393 0.771393
6163.200684 0.000000 3601.582031 0.000000 0.176293 0.000000 0.984338 0.686441 0.686441 0.686441
6134.202148 0.000000 3608.460449 0.000000 0.222284 0.000000 0.974982 0.701562 0.701562 0.701562
6146.310547 0.000000 3598.771973 0.000000 0.148230 0.000000 0.988953 0.716501 0.716501 0.716501
6156.617188 0.000000 3604.786865 0.000000 0.876796 0.000000 0.480862 0.776255 0.776255 0.776255
6168.603027 0.000000 3612.454834 0.000000 0.995893 0.000000 0.090543 0.796849 0.796849 0.796849
6156.574219 0.000000 3626.743896 0.000000 0.895730 0.000000 -0.444599 0.809662 0.809662 0.809662
6168.761230 0.000000 3633.839355 0.000000 0.870450 0.000000 0.492258 0.793832 0.793832 0.793832
6169.526367 0.000000 3625.931152 0.000000 0.963426 0.000000 0.267974 0.788622 0.788622 0.788622
6157.418457 0.000000 3614.568604 0.000000 0.999171 0.000000 0.040718 0.797389 0.797389 0.797389
6150.313965 0.000000 3603.631592 0.000000 0.820493 0.000000 -0.571657 0.839743 0.839743 0.839743
6125.114258 0.000000 3596.467041 0.000000 0.882668 0.000000 -0.469997 0.807036 0.807036 0.807036
6173.598145 0.000000 3600.304199 0.000000 0.925417 0.000000 0.378949 0.783699 0.783699 0.783699
6144.337402 0.000000 3611.655029 0.000000 0.525367 0.000000 -0.850876 0.853048 0.853048 0.853048
6174.281250 0.000000 3614.072510 0.000000 0.192035 0.000000 -0.981388 0.832190 0.832190 0.832190
6125.602539 0.000000 3608.878662 0.000000 0.999691 0.000000 -0.024874 0.802251 0.802251 0.802251
6156.016602 0.000000 3589.631348 0.000000 0.737648 0.000000 -0.675185 0.842191 0.842191 0.842191
6166.949219 0.000000 3606.409424 0.000000 0.032478 0.000000 -0.999472 0.867285 0.867285 0.867285
6135.006348 0.000000 3594.120605 0.000000 0.996354 0.000000 0.085317 0.796878 0.796878 0.796878
6140.035645 0.000000 3600.105469 0.000000 0.491362 0.000000 0.870956 0.742993 0.742993 0.742993
6167.366699 0.000000 3579.789795 0.000000 0.998669 0.000000 -0.051583 0.805720 0.805720 0.805720
6130.095215 0.000000 3604.608643 0.000000 0.920661 0.000000 0.390363 0.767802 0.767802 0.767802
6132.953125 0.000000 3617.250244 0.000000 0.910952 0.000000 0.412512 0.782166 0.782166 0.782166
6151.181641 0.000000 3615.555908 0.000000 0.468890 0.000000 -0.883257 0.846711 0.846711 0.846711
6159.941406 0.000000 3597.483643 0.000000 0.402166 0.000000 0.915567 0.661362 0.661362 0.661362
6169.825195 0.000000 3590.574463 0.000000 0.922350 0.000000 -0.386355 0.816400 0.816400 0.816400
6163.996582 0.000000 3615.026611 0.000000 0.673918 0.000000 0.738806 0.752183 0.752183 0.752183
6137.784180 0.000000 3604.763428 0.000000 0.996825 0.000000 0.079627 0.794746 0.794746 0.794746
6172.659180 0.000000 3573.962646 0.000000 0.992717 0.000000 -0.120471 0.803184 0.803184 0.803184
6139.342285 0.000000 3610.167725 0.000000 0.549321 0.000000 0.835611 0.736578 0.736578 0.736578
6149.928223 0.000000 3594.976807 0.000000 0.831097 0.000000 -0.556128 0.823321 0.823321 0.823321
6168.319824 0.000000 3601.581787 0.000000 0.834363 0.000000 -0.551215 0.837429 0.837429 0.837429
6163.505859 0.000000 3582.791992 0.000000 0.701082 0.000000 0.713081 0.727698 0.727698 0.727698
6130.329590 0.000000 3596.583496 0.000000 0.975653 0.000000 -0.219322 0.807949 0.807949 0.807949
6171.992676 0.000000 3584.154053 0.000000 0.967264 0.000000 -0.253772 0.812299 0.812299 0.812299
6147.444824 0.000000 3607.852295 0.000000 0.339606 0.000000 -0.940568 0.865287 0.865287 0.865287
6162.617188 0.000000 3587.773682 0.000000 0.938972 0.000000 0.343994 0.772226 0.772226 0.772226
6122.109863 0.000000 3614.319336 0.000000 0.484068 0.000000 -0.875031 0.833836 0.833836 0.833836
6161.074219 0.000000 3624.806396 0.000000 0.480754 0.000000 0.876855 0.734650 0.734650 0.734650
6173.395508 0.000000 3635.077148 0.000000 0.928030 0.000000 -0.372506 0.823786 0.823786 0.823786
6164.492188 0.000000 3596.020996 0.000000 0.792312 0.000000 0.610117 0.719398 0.719398 0.719398
6166.883301 0.000000 3575.182373 0.000000 0.466077 0.000000 0.884744 0.730379 0.730379 0.730379
6121.742188 0.000000 3606.217529 0.000000 0.823750 0.000000 0.566954 0.776162 0.776162 0.776162
6132.067383 0.000000 3612.524170 0.000000 0.956223 0.000000 0.292640 0.778825 0.778825 0.778825
6166.861816 0.000000 3622.173828 0.000000 0.997961 0.000000 0.063821 0.795982 0.795982 0.795982
6161.035156 0.000000 3605.587646 0.000000 0.631202 0.000000 -0.775619 0.829253 0.829253 0.829253
6158.678223 0.000000 3618.826416 0.000000 0.271771 0.000000 -0.962362 0.901691 0.901691 0.901691
6165.469727 0.000000 3591.687500 0.000000 0.589922 0.000000 0.807460 0.710464 0.710464 0.710464
6160.150879 0.000000 3580.046143 0.000000 0.620447 0.000000 -0.784248 0.860496 0.860496 0.860496
6156.082031 0.000000 3610.240234 0.000000 0.992731 0.000000 -0.120351 0.806578 0.806578 0.806578
6156.992676 0.000000 3593.847168 0.000000 0.312402 0.000000 0.949950 0.688130 0.688130 0.688130
6128.520996 0.000000 3600.471680 0.000000 0.945747 0.000000 0.324903 0.780966 0.780966 0.780966
6150.537109 0.000000 3599.102051 0.000000 0.960611 0.000000 0.277896 0.781946 0.781946 0.781946
6130.045410 0.000000 3608.890381 0.000000 0.160686 0.000000 -0.987006 0.921605 0.921605 0.921605
6142.535645 0.000000 3615.630615 0.000000 0.182352 0.000000 -0.983233 0.849047 0.849047 0.849047
6157.544434 0.000000 3600.816895 0.000000 0.934705 0.000000 0.355425 0.776704 0.776704 0.776704
6146.249512 0.000000 3602.905273 0.000000 0.036591 0.000000 -0.999330 0.883651 0.883651 0.883651
6167.201172 0.000000 3618.000244 0.000000 0.997453 0.000000 -0.071325 0.804705 0.804705 0.804705
6148.258789 0.000000 3612.456055 0.000000 0.081112 0.000000 0.996705 0.724136 0.724136 0.724136
6153.081543 0.000000 3592.362061 0.000000 0.835827 0.000000 -0.548993 0.824723 0.824723 0.824723
6157.440430 0.000000 3622.828613 0.000000 0.736873 0.000000 0.676032 0.763526 0.763526 0.763526
6142.594238 0.000000 3597.068359 0.000000 0.829836 0.000000 -0.558007 0.827312 0.827312 0.827312
6153.668457 0.000000 3601.720459 0.000000 0.675036 0.000000 -0.737784 0.854690 0.854690 0.854690
6136.974121 0.000000 3597.515381 0.000000 0.887102 0.000000 0.461573 0.775278 0.775278 0.775278
6164.885254 0.000000 3625.475342 0.000000 0.994179 0.000000 -0.107741 0.806986 0.806986 0.806986
6153.253906 0.000000 3606.810059 0.000000 0.870958 0.000000 0.491357 0.766762 0.766762 0.766762
6170.116211 0.000000 3577.115723 0.000000 0.127784 0.000000 0.991802 0.694543 0.694543 0.694543
6135.824707 0.000000 3612.148438 0.000000 0.999899 0.000000 -0.014185 0.800927 0.800927 0.800927
6172.042480 0.000000 3610.700195 0.000000 0.723291 0.000000 -0.690543 0.836994 0.836994 0.836994
6170.622559 0.000000 3615.866943 0.000000 0.448689 0.000000 -0.893688 0.841068 0.841068 0.841068
6171.554688 0.000000 3603.593994 0.000000 0.947886 0.000000 0.318610 0.779794 0.779794 0.779794
6133.955566 0.000000 3604.850586 0.000000 0.048697 0.000000 -0.998814 0.911262 0.911262 0.911262
6154.120605 0.000000 3613.281982 0.000000 0.973460 0.000000 -0.228857 0.814804 0.814804 0.814804
6160.809570 0.000000 3613.123047 0.000000 0.129811 0.000000 -0.991539 0.864738 0.864738 0.864738
6142.856934 0.000000 3602.110840 0.000000 0.992982 0.000000 -0.118264 0.805540 0.805540 0.805540
6125.388184 0.000000 3612.341064 0.000000 0.405298 0.000000 0.914185 0.723283 0.723283 0.723283
6163.747559 0.000000 3579.352051 0.000000 0.983245 0.000000 0.182291 0.784183 0.784183 0.784183
6159.432617 0.000000 3589.067139 0.000000 0.060974 0.000000 0.998139 0.686922 0.686922 0.686922
6169.074707 0.000000 3609.096436 0.000000 0.393747 0.000000 0.919219 0.750393 0.750393 0.750393
6166.520508 0.000000 3598.728027 0.000000 0.806028 0.000000 0.591878 0.743074 0.743074 0.743074
6154.837891 0.000000 3616.786133 0.000000 0.833106 0.000000 -0.553113 0.830903 0.830903 0.830903
6126.708984 0.000000 3605.768555 0.000000 0.998385 0.000000 -0.056816 0.805279 0.805279 0.805279
6170.504395 0.000000 3580.938721 0.000000 0.407953 0.000000 -0.913003 0.891001 0.891001 0.891001
6160.968262 0.000000 3616.491943 0.000000 0.242860 0.000000 0.970061 0.699932 0.699932 0.699932
6175.345703 0.000000 3610.968018 0.000000 0.190985 0.000000 0.981593 0.733091 0.733091 0.733091
6170.501953 0.000000 3598.973633 0.000000 0.730752 0.000000 0.682643 0.766235 0.766235 0.766235
6142.471680 0.000000 3609.057129 0.000000 0.799107 0.000000 -0.601189 0.830144 0.830144 0.830144
6137.214355 0.000000 3601.645996 0.000000 0.992597 0.000000 0.121459 0.791975 0.791975 0.791975
6141.078125 0.000000 3612.786865 0.000000 0.243934 0.000000 0.969792 0.732550 0.732550 0.732550
6131.336426 0.000000 3601.713867 0.000000 0.792513 0.000000 -0.609855 0.842049 0.842049 0.842049
6167.093750 0.000000 3588.921143 0.000000 0.017199 0.000000 -0.999852 0.887502 0.887502 0.887502
6165.778320 0.000000 3603.466553 0.000000 0.999871 0.000000 0.016034 0.799116 0.799116 0.799116
6160.191895 0.000000 3602.580078 0.000000 0.960145 0.000000 -0.279502 0.814427 0.814427 0.814427
6137.330566 0.000000 3607.824951 0.000000 0.987206 0.000000 -0.159451 0.810842 0.810842 0.810842
6128.531250 0.000000 3611.611572 0.000000 0.484515 0.000000 0.874783 0.697264 0.697264 0.697264
6122.723633 0.000000 3609.973389 0.000000 0.995029 0.000000 -0.099586 0.806694 0.806694 0.806694
6175.957520 0.000000 3606.602539 0.000000 0.979374 0.000000 0.202058 0.786956 0.786956 0.786956
6150.308105 0.000000 3606.611328 0.000000 0.998964 0.000000 0.045517 0.797026 0.797026 0.797026
6168.145020 0.000000 3593.157471 0.000000 0.377374 0.000000 0.926061 0.735452 0.735452 0.735452
6135.131348 0.000000 3615.251953 0.000000 0.226240 0.000000 0.974072 0.728405 0.728405 0.728405
6168.455078 0.000000 3583.092529 0.000000 0.997928 0.000000 -0.064344 0.805478 0.805478 0.805478
6160.076660 0.000000 3621.388184 0.000000 0.859072 0.000000 0.511856 0.756857 0.756857 0.756857
6169.904785 0.000000 3606.119385 0.000000 0.991250 0.000000 0.131998 0.793099 0.793099 0.793099
6176.378906 0.000000 3632.795654 0.000000 0.099755 0.000000 0.995012 0.676617 0.676617 0.676617
6164.530762 0.000000 3585.390381 0.000000 0.452059 0.000000 -0.891988 0.898358 0.898358 0.898358
6148.319336 0.000000 3600.856201 0.000000 0.080349 0.000000 -0.996767 0.898228 0.898228 0.898228
6163.283203 0.000000 3623.097412 0.000000 0.522849 0.000000 -0.852426 0.881944 0.881944 0.881944
6161.503418 0.000000 3584.947266 0.000000 0.373851 0.000000 0.927489 0.725994 0.725994 0.725994
6131.900391 0.000000 3606.764893 0.000000 0.985033 0.000000 -0.172364 0.814116 0.814116 0.814116
6127.657715 0.000000 3603.095459 0.000000 0.212252 0.000000 -0.977215 0.896750 0.896750 0.896750
6164.481934 0.000000 3618.089844 0.000000 0.132781 0.000000 -0.991145 0.907673 0.907673 0.907673
6158.500000 0.000000 3591.596680 0.000000 0.927939 0.000000 0.372731 0.764528 0.764528 0.764528
6165.705566 0.000000 3577.522949 0.000000 0.879170 0.000000 -0.476509 0.841961 0.841961 0.841961
6160.379395 0.000000 3600.032227 0.000000 0.685839 0.000000 -0.727754 0.863485 0.863485 0.863485
6204.946777 0.000000 3629.212402 0.000000 0.718729 0.000000 -0.695291 0.831325 0.831325 0.831325
6249.071777 0.000000 3609.948242 0.000000 0.675510 0.000000 0.737351 0.773173 0.773173 0.773173
6177.936035 0.000000 3595.598633 0.000000 0.037711 0.000000 0.999289 0.799081 0.799081 0.799081
6230.121094 0.000000 3565.082275 0.000000 0.070055 0.000000 -0.997543 0.811689 0.811689 0.811689
6245.767578 0.000000 3584.168457 0.000000 0.993116 0.000000 -0.117132 0.807878 0.807878 0.807878
6229.655762 0.000000 3625.104004 0.000000 0.992286 0.000000 -0.123971 0.803947 0.803947 0.803947
6214.934082 0.000000 3614.680176 0.000000 0.779904 0.000000 -0.625899 0.822287 0.822287 0.822287
6230.039062 0.000000 3582.519531 0.000000 0.843135 0.000000 0.537702 0.776529 0.776529 0.776529
6246.559570 0.000000 3568.219971 0.000000 0.999473 0.000000 0.032466 0.799397 0.799397 0.799397
6256.208496 0.000000 3596.038330 0.000000 0.986110 0.000000 0.166092 0.788902 0.788902 0.788902
6260.303711 0.000000 3579.104004 0.000000 0.515878 0.000000 -0.856662 0.803082 0.803082 0.803082
6216.714844 0.000000 3559.330811 0.000000 0.997883 0.000000 -0.065042 0.804173 0.804173 0.804173
6241.680176 0.000000 3597.537598 0.000000 0.616760 0.000000 -0.787152 0.813031 0.813031 0.813031
6183.254883 0.000000 3608.068604 0.000000 0.914202 0.000000 -0.405259 0.803000 0.803000 0.803000
6191.310547 0.000000 3632.666748 0.000000 0.963286 0.000000 -0.268476 0.821661 0.821661 0.821661
6217.098633 0.000000 3631.622314 0.000000 0.884521 0.000000 -0.466500 0.822973 0.822973 0.822973
6241.042969 0.000000 3620.053711 0.000000 0.142913 0.000000 0.989735 0.744409 0.744409 0.744409
6258.012695 0.000000 3619.550049 0.000000 0.150645 0.000000 -0.988588 0.838276 0.838276 0.838276
6222.143555 0.000000 3573.804199 0.000000 0.549582 0.000000 0.835440 0.717637 0.717637 0.717637
6237.170898 0.000000 3573.479492 0.000000 0.801550 0.000000 -0.597928 0.846850 0.846850 0.846850
6259.929199 0.000000 3607.042725 0.000000 0.530909 0.000000 -0.847429 0.838774 0.838774 0.838774
6225.432617 0.000000 3615.255859 0.000000 0.407684 0.000000 -0.913123 0.850339 0.850339 0.850339
6238.740234 0.000000 3610.300781 0.000000 0.997530 0.000000 -0.070235 0.801474 0.801474 0.801474
6177.294922 0.000000 3629.875732 0.000000 0.699775 0.000000 0.714363 0.782836 0.782836 0.782836
6177.157715 0.000000 3575.227539 0.000000 0.096773 0.000000 0.995306 0.780572 0.780572 0.780572
6236.745117 0.000000 3589.484375 0.000000 0.742685 0.000000 0.669641 0.784613 0.784613 0.784613
6199.348633 0.000000 3637.384033 0.000000 0.918841 0.000000 0.394629 0.773992 0.773992 0.773992
6231.085449 0.000000 3633.963867 0.000000 0.754240 0.000000 -0.656599 0.847640 0.847640 0.847640
6220.459473 0.000000 3622.895508 0.000000 0.999941 0.000000 0.010876 0.799309 0.799309 0.799309
6176.974609 0.000000 3614.161865 0.000000 0.883473 0.000000 0.468483 0.792112 0.792112 0.792112
6254.399414 0.000000 3585.864258 0.000000 0.963076 0.000000 -0.269231 0.807676 0.807676 0.807676
6214.597656 0.000000 3550.541260 0.000000 0.007803 0.000000 0.999970 0.755984 0.755984 0.755984
6263.287598 0.000000 3587.282227 0.000000 0.205277 0.000000 -0.978704 0.911153 0.911153 0.911153
6249.762695 0.000000 3620.295898 0.000000 0.213791 0.000000 -0.976880 0.842228 0.842228 0.842228
6248.184570 0.000000 3592.398682 0.000000 0.919255 0.000000 0.393663 0.758302 0.758302 0.758302
6249.280273 0.000000 3576.280029 0.000000 0.655336 0.000000 -0.755337 0.826163 0.826163 0.826163
6250.192871 0.000000 3601.582031 0.000000 0.730000 0.000000 -0.683447 0.857259 0.857259 0.857259
6221.194336 0.000000 3608.460449 0.000000 0.909171 0.000000 -0.416422 0.818014 0.818014 0.818014
6217.270020 0.000000 3567.547607 0.000000 0.795134 0.000000 0.606433 0.767987 0.767987 0.767987
6189.510254 0.000000 3625.022461 0.000000 0.508244 0.000000 -0.861213 0.870256 0.870256 0.870256
6196.966309 0.000000 3627.282471 0.000000 0.465221 0.000000 -0.885195 0.856007 0.856007 0.856007
6238.437500 0.000000 3581.986328 0.000000 0.348990 0.000000 0.937126 0.663216 0.663216 0.663216
6176.931641 0.000000 3603.649170 0.000000 0.756337 0.000000 0.654182 0.774791 0.774791 0.774791
6222.355469 0.000000 3554.191650 0.000000 0.478786 0.000000 -0.877932 0.823755 0.823755 0.823755
6224.310059 0.000000 3630.122559 0.000000 0.176801 0.000000 0.984247 0.700673 0.700673 0.700673
6183.811523 0.000000 3633.472168 0.000000 0.996677 0.000000 -0.081451 0.810651 0.810651 0.810651
6209.484375 0.000000 3634.814209 0.000000 0.999815 0.000000 -0.019249 0.802065 0.802065 0.802065
6223.297852 0.000000 3562.542236 0.000000 0.973657 0.000000 0.228019 0.787733 0.787733 0.787733
6255.595215 0.000000 3612.454834 0.000000 0.546243 0.000000 0.837627 0.736342 0.736342 0.736342
6228.735840 0.000000 3572.306641 0.000000 0.995167 0.000000 -0.098196 0.805834 0.805834 0.805834
6239.915527 0.000000 3567.406738 0.000000 0.643148 0.000000 0.765742 0.769167 0.769167 0.769167
6242.936035 0.000000 3577.458984 0.000000 0.143653 0.000000 -0.989628 0.947026 0.947026 0.947026
6263.339844 0.000000 3623.392822 0.000000 0.689239 0.000000 0.724535 0.783977 0.783977 0.783977
6244.410645 0.000000 3614.568604 0.000000 0.868367 0.000000 -0.495921 0.833267 0.833267 0.833267
6210.784180 0.000000 3565.572510 0.000000 0.767443 0.000000 0.641117 0.791243 0.791243 0.791243
6224.252930 0.000000 3580.049805 0.000000 0.286375 0.000000 0.958117 0.763944 0.763944 0.763944
6183.711426 0.000000 3627.364746 0.000000 0.354052 0.000000 -0.935226 0.860844 0.860844 0.860844
6209.357422 0.000000 3554.340332 0.000000 0.081207 0.000000 -0.996697 0.825881 0.825881 0.825881
6261.273438 0.000000 3614.072510 0.000000 0.194349 0.000000 0.980932 0.711010 0.711010 0.711010
6243.008789 0.000000 3589.631348 0.000000 0.919397 0.000000 -0.393330 0.822768 0.822768 0.822768
6261.620117 0.000000 3593.098877 0.000000 0.897527 0.000000 -0.440959 0.834203 0.834203 0.834203
6253.941406 0.000000 3606.409424 0.000000 0.017074 0.000000 -0.999854 0.846547 0.846547 0.846547
6224.576172 0.000000 3568.277344 0.000000 0.973272 0.000000 0.229656 0.779729 0.779729 0.779729
6232.898926 0.000000 3577.394043 0.000000 0.580656 0.000000 0.814149 0.731034 0.731034 0.731034
6176.875488 0.000000 3581.021484 0.000000 0.321359 0.000000 -0.946957 0.819374 0.819374 0.819374
6219.945312 0.000000 3617.250244 0.000000 0.083148 0.000000 0.996537 0.715327 0.715327 0.715327
6221.748535 0.000000 3635.431885 0.000000 0.836812 0.000000 0.547490 0.716340 0.716340 0.716340
6176.887207 0.000000 3635.770508 0.000000 0.438826 0.000000 0.898572 0.702329 0.702329 0.702329
6203.969238 0.000000 3634.573486 0.000000 0.555224 0.000000 0.831701 0.712316 0.712316 0.712316
6225.599609 0.000000 3620.943115 0.000000 0.975799 0.000000 0.218669 0.788244 0.788244 0.788244
6211.693848 0.000000 3629.864014 0.000000 0.724179 0.000000 -0.689612 0.813222 0.813222 0.813222
6233.684082 0.000000 3569.334961 0.000000 0.552467 0.000000 0.833535 0.768115 0.768115 0.768115
6238.173828 0.000000 3615.555908 0.000000 0.856209 0.000000 -0.516630 0.822120 0.822120 0.822120
6246.933594 0.000000 3597.483643 0.000000 0.745489 0.000000 0.666518 0.737930 0.737930 0.737930
6256.817383 0.000000 3590.574463 0.000000 0.946728 0.000000 -0.322036 0.824753 0.824753 0.824753
6177.992188 0.000000 3609.068848 0.000000 0.799193 0.000000 -0.601074 0.832069 0.832069 0.832069
6199.119141 0.000000 3632.018311 0.000000 0.966085 0.000000 -0.258226 0.813772 0.813772 0.813772
6250.988770 0.000000 3615.026611 0.000000 0.622393 0.000000 -0.782705 0.857636 0.857636 0.857636
6242.868652 0.000000 3571.751465 0.000000 0.884702 0.000000 -0.466158 0.825860 0.825860 0.825860
6226.334473 0.000000 3610.167725 0.000000 0.903141 0.000000 0.429344 0.790428 0.790428 0.790428
6216.093262 0.000000 3620.435059 0.000000 0.736233 0.000000 0.676729 0.772832 0.772832 0.772832
6216.624512 0.000000 3626.475098 0.000000 0.777777 0.000000 -0.628541 0.817511 0.817511 0.817511
6255.312012 0.000000 3601.581787 0.000000 0.898533 0.000000 -0.438906 0.826136 0.826136 0.826136
6250.498047 0.000000 3582.791992 0.000000 0.108820 0.000000 -0.994061 0.827151 0.827151 0.827151
6258.984863 0.000000 3584.154053 0.000000 0.805355 0.000000 0.592793 0.774908 0.774908 0.774908
6249.609375 0.000000 3587.773682 0.000000 0.130413 0.000000 -0.991460 0.876790 0.876790 0.876790
6211.995117 0.000000 3558.259277 0.000000 0.767215 0.000000 -0.641390 0.822529 0.822529 0.822529
6217.467285 0.000000 3554.396484 0.000000 0.881382 0.000000 0.472403 0.771994 0.771994 0.771994
6227.848145 0.000000 3576.929199 0.000000 0.734473 0.000000 -0.678637 0.844246 0.844246 0.844246
6234.218750 0.000000 3584.803955 0.000000 0.599582 0.000000 0.800313 0.757194 0.757194 0.757194
6251.484375 0.000000 3596.020996 0.000000 0.418898 0.000000 0.908033 0.659468 0.659468 0.659468
6187.862793 0.000000 3629.479736 0.000000 0.331493 0.000000 0.943458 0.658904 0.658904 0.658904
6195.276855 0.000000 3635.036621 0.000000 0.427109 0.000000 0.904200 0.724879 0.724879 0.724879
6214.894043 0.000000 3563.586914 0.000000 0.026731 0.000000 -0.999643 0.870312 0.870312 0.870312
6219.059570 0.000000 3612.524170 0.000000 0.995171 0.000000 -0.098153 0.806126 0.806126 0.806126
6214.043457 0.000000 3635.030273 0.000000 0.983814 0.000000 -0.179191 0.821050 0.821050 0.821050
6224.649902 0.000000 3625.261475 0.000000 0.980919 0.000000 0.194416 0.787339 0.787339 0.787339
6226.204102 0.000000 3634.279053 0.000000 0.935341 0.000000 -0.353747 0.836180 0.836180 0.836180
6229.939941 0.000000 3620.426270 0.000000 0.999349 0.000000 -0.036088 0.800865 0.800865 0.800865
6201.434570 0.000000 3626.567383 0.000000 0.913210 0.000000 -0.407490 0.818861 0.818861 0.818861
6221.004883 0.000000 3558.598389 0.000000 0.804967 0.000000 -0.593320 0.831208 0.831208 0.831208
6245.670410 0.000000 3618.826416 0.000000 0.029257 0.000000 0.999572 0.717796 0.717796 0.717796
6239.978027 0.000000 3586.115234 0.000000 0.643713 0.000000 -0.765267 0.836551 0.836551 0.836551
6252.461914 0.000000 3591.687500 0.000000 0.986630 0.000000 0.162975 0.785973 0.785973 0.785973
6247.143066 0.000000 3580.046143 0.000000 0.268396 0.000000 -0.963309 0.874723 0.874723 0.874723
6243.074219 0.000000 3610.240234 0.000000 0.369184 0.000000 -0.929357 0.840733 0.840733 0.840733
6192.853027 0.000000 3628.570801 0.000000 0.763696 0.000000 0.645576 0.739871 0.739871 0.739871
6243.984863 0.000000 3593.847168 0.000000 0.335847 0.000000 0.941917 0.745539 0.745539 0.745539
6262.079102 0.000000 3618.287842 0.000000 0.979381 0.000000 -0.202021 0.809873 0.809873 0.809873
6220.288086 0.000000 3628.709473 0.000000 0.947267 0.000000 0.320446 0.781041 0.781041 0.781041
6219.073242 0.000000 3563.286377 0.000000 0.979155 0.000000 -0.203115 0.813113 0.813113 0.813113
6217.037598 0.000000 3608.890381 0.000000 0.869376 0.000000 -0.494150 0.817652 0.817652 0.817652
6244.536621 0.000000 3600.816895 0.000000 0.553673 0.000000 -0.832734 0.832428 0.832428 0.832428
6220.678223 0.000000 3569.946289 0.000000 0.391657 0.000000 -0.920111 0.905708 0.905708 0.905708
6188.179688 0.000000 3635.439453 0.000000 0.900768 0.000000 0.434300 0.759084 0.759084 0.759084
6246.851562 0.000000 3572.972900 0.000000 0.036317 0.000000 0.999340 0.752191 0.752191 0.752191
6254.193359 0.000000 3618.000244 0.000000 0.501668 0.000000 0.865060 0.768685 0.768685 0.768685
6240.073730 0.000000 3592.362061 0.000000 0.994490 0.000000 -0.104833 0.803084 0.803084 0.803084
6228.338867 0.000000 3630.198730 0.000000 0.937726 0.000000 -0.347375 0.825083 0.825083 0.825083
6238.935547 0.000000 3577.249023 0.000000 0.950848 0.000000 -0.309659 0.836030 0.836030 0.836030
6232.602539 0.000000 3573.338135 0.000000 0.176118 0.000000 0.984369 0.718160 0.718160 0.718160
6213.289062 0.000000 3554.255371 0.000000 0.151836 0.000000 0.988406 0.737111 0.737111 0.737111
6242.444824 0.000000 3581.547119 0.000000 0.749983 0.000000 -0.661457 0.875352 0.875352 0.875352
6181.049316 0.000000 3630.686279 0.000000 0.006059 0.000000 -0.999982 0.950945 0.950945 0.950945
6234.700195 0.000000 3580.819580 0.000000 0.926934 0.000000 -0.375223 0.834339 0.834339 0.834339
6208.170898 0.000000 3631.222900 0.000000 0.804516 0.000000 0.593931 0.771803 0.771803 0.771803
6222.816895 0.000000 3612.148438 0.000000 0.096772 0.000000 0.995307 0.720521 0.720521 0.720521
6259.034668 0.000000 3610.700195 0.000000 0.970468 0.000000 0.241228 0.784380 0.784380 0.784380
6257.614746 0.000000 3615.866943 0.000000 0.486333 0.000000 -0.873774 0.856681 0.856681 0.856681
6259.941406 0.000000 3596.660889 0.000000 0.391430 0.000000 -0.920208 0.851815 0.851815 0.851815
6195.592773 0.000000 3631.010254 0.000000 0.536374 0.000000 -0.843980 0.863808 0.863808 0.863808
6252.728516 0.000000 3609.904541 0.000000 0.342835 0.000000 0.939396 0.748063 0.748063 0.748063
6221.525879 0.000000 3565.951172 0.000000 0.443497 0.000000 0.896276 0.716768 0.716768 0.716768
6259.423828 0.000000 3587.773438 0.000000 0.503157 0.000000 0.864195 0.740600 0.740600 0.740600
6228.979980 0.000000 3568.557129 0.000000 0.998772 0.000000 0.049535 0.797625 0.797625 0.797625
6218.262207 0.000000 3572.604736 0.000000 0.936766 0.000000 -0.349958 0.819494 0.819494 0.819494
6241.112793 0.000000 3613.281982 0.000000 0.233898 0.000000 -0.972261 0.855181 0.855181 0.855181
6237.550781 0.000000 3569.961426 0.000000 0.327895 0.000000 0.944714 0.746647 0.746647 0.746647
6224.986816 0.000000 3571.810547 0.000000 0.063439 0.000000 -0.997986 0.938180 0.938180 0.938180
6223.344238 0.000000 3618.208008 0.000000 0.966284 0.000000 -0.257480 0.816695 0.816695 0.816695
6247.801758 0.000000 3613.123047 0.000000 0.858690 0.000000 -0.512495 0.830306 0.830306 0.830306
6220.458496 0.000000 3632.241943 0.000000 0.801990 0.000000 -0.597337 0.859838 0.859838 0.859838
6224.396484 0.000000 3576.623779 0.000000 0.833083 0.000000 -0.553148 0.828798 0.828798 0.828798
6246.424805 0.000000 3589.067139 0.000000 0.376517 0.000000 -0.926410 0.885895 0.885895 0.885895
6240.582031 0.000000 3574.278076 0.000000 0.766953 0.000000 -0.641703 0.867210 0.867210 0.867210
6256.066895 0.000000 3609.096436 0.000000 0.082658 0.000000 0.996578 0.723323 0.723323 0.723323
6253.512695 0.000000 3598.728027 0.000000 0.361710 0.000000 0.932291 0.684173 0.684173 0.684173
6241.830078 0.000000 3616.786133 0.000000 0.990957 0.000000 -0.134177 0.807661 0.807661 0.807661
6262.322754 0.000000 3584.069336 0.000000 0.600968 0.000000 0.799273 0.748951 0.748951 0.748951
6202.305664 0.000000 3631.291260 0.000000 0.993647 0.000000 0.112544 0.789323 0.789323 0.789323
6247.960449 0.000000 3616.491943 0.000000 0.633957 0.000000 -0.773368 0.855094 0.855094 0.855094
6262.337891 0.000000 3610.968018 0.000000 0.996624 0.000000 0.082097 0.795272 0.795272 0.795272
6192.180176 0.000000 3635.939453 0.000000 0.245068 0.000000 -0.969506 0.903861 0.903861 0.903861
6246.062500 0.000000 3576.594238 0.000000 0.174931 0.000000 -0.984581 0.879403 0.879403 0.879403
6257.494141 0.000000 3598.973633 0.000000 0.670180 0.000000 -0.742198 0.845601 0.845601 0.845601
6243.333496 0.000000 3586.284668 0.000000 0.728115 0.000000 0.685455 0.751581 0.751581 0.751581
6178.631836 0.000000 3633.088867 0.000000 0.242324 0.000000 0.970195 0.643479 0.643479 0.643479
6227.273438 0.000000 3627.169922 0.000000 0.256007 0.000000 -0.966675 0.871531 0.871531 0.871531
6230.151367 0.000000 3579.386719 0.000000 0.858423 0.000000 0.512942 0.764824 0.764824 0.764824
6258.125000 0.000000 3593.424805 0.000000 0.302853 0.000000 0.953037 0.709182 0.709182 0.709182
6254.085938 0.000000 3588.921143 0.000000 0.811565 0.000000 0.584262 0.759996 0.759996 0.759996
6235.983398 0.000000 3576.375732 0.000000 0.323423 0.000000 -0.946255 0.911576 0.911576 0.911576
6186.838867 0.000000 3632.404297 0.000000 0.765040 0.000000 -0.643982 0.864982 0.864982 0.864982
6252.770508 0.000000 3603.466553 0.000000 0.959065 0.000000 -0.283188 0.813763 0.813763 0.813763
6184.338867 0.000000 3630.409668 0.000000 0.672777 0.000000 -0.739845 0.889823 0.889823 0.889823
6186.661621 0.000000 3626.471924 0.000000 0.253652 0.000000 0.967296 0.676360 0.676360 0.676360
6221.431152 0.000000 3625.855225 0.000000 0.996896 0.000000 -0.078728 0.805005 0.805005 0.805005
6226.770020 0.000000 3566.119385 0.000000 0.997667 0.000000 -0.068270 0.804135 0.804135 0.804135
6215.198730 0.000000 3556.690918 0.000000 0.975643 0.000000 -0.219366 0.813649 0.813649 0.813649
6200.854492 0.000000 3634.680176 0.000000 0.688507 0.000000 -0.725229 0.860768 0.860768 0.860768
6261.501465 0.000000 3589.993896 0.000000 0.285096 0.000000 0.958499 0.688647 0.688647 0.688647
6249.674316 0.000000 3598.655518 0.000000 0.992419 0.000000 -0.122902 0.811665 0.811665 0.811665
6230.266113 0.000000 3575.182129 0.000000 0.492548 0.000000 0.870285 0.734843 0.734843 0.734843
6255.137207 0.000000 3593.157471 0.000000 0.806553 0.000000 0.591161 0.741259 0.741259 0.741259
6222.123535 0.000000 3615.251953 0.000000 0.085386 0.000000 0.996348 0.714565 0.714565 0.714565
6211.881348 0.000000 3633.016846 0.000000 0.392168 0.000000 0.919894 0.730728 0.730728 0.730728
6221.031250 0.000000 3620.045898 0.000000 0.996182 0.000000 -0.087297 0.805656 0.805656 0.805656
6199.387695 0.000000 3628.886475 0.000000 0.778774 0.000000 0.627304 0.752870 0.752870 0.752870
6206.728027 0.000000 3635.707275 0.000000 0.368279 0.000000 0.929715 0.674841 0.674841 0.674841
6226.577637 0.000000 3574.295654 0.000000 0.454307 0.000000 0.890845 0.726894 0.726894 0.726894
6243.946777 0.000000 3574.601562 0.000000 0.790509 0.000000 0.612450 0.743128 0.743128 0.743128
6254.113770 0.000000 3614.951660 0.000000 0.439061 0.000000 0.898457 0.736462 0.736462 0.736462
6223.541992 0.000000 3633.080811 0.000000 0.969603 0.000000 -0.244683 0.822365 0.822365 0.822365
6250.949707 0.000000 3612.246826 0.000000 0.504189 0.000000 -0.863594 0.866827 0.866827 0.866827
6240.456055 0.000000 3570.270264 0.000000 0.611726 0.000000 0.791070 0.740401 0.740401 0.740401
6223.361816 0.000000 3622.685791 0.000000 0.971008 0.000000 0.239048 0.783367 0.783367 0.783367
6205.127441 0.000000 3631.993164 0.000000 0.928973 0.000000 0.370147 0.772965 0.772965 0.772965
6198.018066 0.000000 3634.604736 0.000000 0.540829 0.000000 -0.841132 0.859880 0.859880 0.859880
6245.492188 0.000000 3591.596680 0.000000 0.915680 0.000000 0.401908 0.771501 0.771501 0.771501
6223.330566 0.000000 3627.676025 0.000000 0.944477 0.000000 0.328579 0.776931 0.776931 0.776931
6219.072266 0.000000 3560.616699 0.000000 0.623151 0.000000 -0.782101 0.857574 0.857574 0.857574
6244.453125 0.000000 3579.684082 0.000000 0.410657 0.000000 -0.911790 0.899018 0.899018 0.899018
6228.507324 0.000000 3632.893799 0.000000 0.632547 0.000000 0.774522 0.719843 0.719843 0.719843
6262.287598 0.000000 3595.599121 0.000000 0.580295 0.000000 0.814406 0.736704 0.736704 0.736704
6228.284180 0.000000 3635.828125 0.000000 0.047540 0.000000 -0.998869 0.932339 0.932339 0.932339
6250.167480 0.000000 3590.443115 0.000000 0.266566 0.000000 0.963817 0.686193 0.686193 0.686193
6226.997070 0.000000 3570.160645 0.000000 0.095285 0.000000 -0.995450 0.911384 0.911384 0.911384
6236.483398 0.000000 3583.579102 0.000000 0.998551 0.000000 -0.053809 0.804451 0.804451 0.804451
6226.283203 0.000000 3631.791504 0.000000 0.379854 0.000000 0.925046 0.709412 0.709412 0.709412
6175.288574 0.000000 3670.386230 0.000000 0.953386 0.000000 0.301755 0.797980 0.797980 0.797980
6116.468262 0.000000 3658.995605 0.000000 0.297064 0.000000 -0.954858 0.822053 0.822053 0.822053
6153.444824 0.000000 3639.387451 0.000000 0.106718 0.000000 0.994289 0.797369 0.797369 0.797369
6143.128906 0.000000 3672.066650 0.000000 0.597369 0.000000 -0.801967 0.842933 0.842933 0.842933
6121.503418 0.000000 3638.178223 0.000000 0.537319 0.000000 0.843379 0.781961 0.781961 0.781961
6135.724121 0.000000 3653.164795 0.000000 0.421994 0.000000 -0.906599 0.821765 0.821765 0.821765
6158.050293 0.000000 3659.158691 0.000000 0.710717 0.000000 0.703478 0.787844 0.787844 0.787844
6169.766113 0.000000 3646.146973 0.000000 0.528744 0.000000 -0.848781 0.897179 0.897179 0.897179
6143.046875 0.000000 3689.503906 0.000000 0.765810 0.000000 -0.643067 0.807952 0.807952 0.807952
6159.567383 0.000000 3675.204346 0.000000 0.562127 0.000000 -0.827051 0.833843 0.833843 0.833843
6136.287598 0.000000 3638.469482 0.000000 0.496237 0.000000 -0.868187 0.827722 0.827722 0.827722
6148.239258 0.000000 3650.898438 0.000000 0.737742 0.000000 0.675083 0.752933 0.752933 0.752933
6135.151367 0.000000 3680.788574 0.000000 0.929250 0.000000 0.369450 0.784809 0.784809 0.784809
6123.750000 0.000000 3649.697510 0.000000 0.956164 0.000000 -0.292833 0.831340 0.831340 0.831340
6150.178711 0.000000 3680.463867 0.000000 0.876134 0.000000 -0.482068 0.834057 0.834057 0.834057
6159.280762 0.000000 3648.419678 0.000000 0.999965 0.000000 0.008308 0.799900 0.799900 0.799900
6152.205566 0.000000 3667.530029 0.000000 0.995989 0.000000 -0.089476 0.805422 0.805422 0.805422
6165.395996 0.000000 3667.088379 0.000000 0.988300 0.000000 0.152521 0.789449 0.789449 0.789449
6144.593750 0.000000 3642.456299 0.000000 0.764698 0.000000 0.644389 0.760142 0.760142 0.760142
6114.772949 0.000000 3650.385498 0.000000 0.565076 0.000000 -0.825039 0.839532 0.839532 0.839532
6172.007324 0.000000 3637.826172 0.000000 0.058934 0.000000 -0.998262 0.899643 0.899643 0.899643
6127.605469 0.000000 3657.525635 0.000000 0.389400 0.000000 -0.921069 0.821046 0.821046 0.821046
6131.265625 0.000000 3645.463135 0.000000 0.522875 0.000000 -0.852410 0.865431 0.865431 0.865431
6164.633301 0.000000 3654.594482 0.000000 0.752452 0.000000 -0.658647 0.847390 0.847390 0.847390
6130.277832 0.000000 3674.531982 0.000000 0.253814 0.000000 0.967253 0.779527 0.779527 0.779527
6150.041016 0.000000 3658.966797 0.000000 0.819566 0.000000 -0.572985 0.823032 0.823032 0.823032
6129.105957 0.000000 3638.463623 0.000000 0.471131 0.000000 0.882063 0.767638 0.767638 0.767638
6138.347656 0.000000 3646.366211 0.000000 0.997880 0.000000 -0.065086 0.806127 0.806127 0.806127
6141.743652 0.000000 3679.291016 0.000000 0.731817 0.000000 0.681501 0.722277 0.722277 0.722277
6173.041016 0.000000 3652.402832 0.000000 0.514145 0.000000 0.857704 0.675859 0.675859 0.675859
6158.824707 0.000000 3668.102295 0.000000 0.232438 0.000000 0.972611 0.729545 0.729545 0.729545
6154.518555 0.000000 3653.402344 0.000000 0.744512 0.000000 -0.667609 0.821461 0.821461 0.821461
6153.052246 0.000000 3646.040771 0.000000 0.094498 0.000000 -0.995525 0.869873 0.869873 0.869873
6152.923340 0.000000 3674.391113 0.000000 0.821726 0.000000 0.569883 0.760762 0.760762 0.760762
6119.486816 0.000000 3644.560303 0.000000 0.284879 0.000000 0.958563 0.698612 0.698612 0.698612
6155.943848 0.000000 3684.443359 0.000000 0.871880 0.000000 0.489719 0.792027 0.792027 0.792027
6142.487793 0.000000 3654.533936 0.000000 0.776452 0.000000 -0.630177 0.818791 0.818791 0.818791
6129.682617 0.000000 3651.737305 0.000000 0.252562 0.000000 -0.967581 0.857538 0.857538 0.857538
6146.262207 0.000000 3666.766602 0.000000 0.797524 0.000000 0.603288 0.780986 0.780986 0.780986
6125.457520 0.000000 3643.237793 0.000000 0.799900 0.000000 0.600134 0.755263 0.755263 0.755263
6171.296387 0.000000 3665.622070 0.000000 0.605329 0.000000 0.795975 0.703469 0.703469 0.703469
6175.121094 0.000000 3643.450684 0.000000 0.726635 0.000000 -0.687024 0.883954 0.883954 0.883954
6164.694824 0.000000 3661.251709 0.000000 0.990397 0.000000 -0.138254 0.811552 0.811552 0.811552
6120.453613 0.000000 3654.665527 0.000000 0.570609 0.000000 -0.821222 0.858311 0.858311 0.858311
6137.583984 0.000000 3675.261719 0.000000 0.845630 0.000000 -0.533770 0.830025 0.830025 0.830025
6145.906738 0.000000 3684.378418 0.000000 0.618628 0.000000 0.785684 0.739348 0.739348 0.739348
6164.311035 0.000000 3644.804932 0.000000 0.257748 0.000000 0.966212 0.741127 0.741127 0.741127
6146.691895 0.000000 3676.319336 0.000000 0.761251 0.000000 -0.648458 0.862990 0.862990 0.862990
6143.604980 0.000000 3647.800049 0.000000 0.781002 0.000000 -0.624528 0.865069 0.865069 0.865069
6153.904785 0.000000 3662.518066 0.000000 0.954657 0.000000 0.297708 0.781163 0.781163 0.781163
6170.080566 0.000000 3670.703125 0.000000 0.999275 0.000000 0.038070 0.798996 0.798996 0.798996
6155.876465 0.000000 3678.735840 0.000000 0.686408 0.000000 0.727217 0.762921 0.762921 0.762921
6148.654297 0.000000 3671.294922 0.000000 0.966882 0.000000 -0.255225 0.808814 0.808814 0.808814
6167.856934 0.000000 3641.251709 0.000000 0.350822 0.000000 0.936442 0.722275 0.722275 0.722275
6167.984863 0.000000 3650.904297 0.000000 0.881649 0.000000 0.471905 0.748764 0.748764 0.748764
6149.397949 0.000000 3642.628662 0.000000 0.977380 0.000000 -0.211491 0.805746 0.805746 0.805746
6160.214844 0.000000 3663.422607 0.000000 0.987313 0.000000 0.158784 0.791688 0.791688 0.791688
6140.855957 0.000000 3683.913574 0.000000 0.034230 0.000000 -0.999414 0.921528 0.921528 0.921528
6139.772949 0.000000 3641.711914 0.000000 0.910091 0.000000 0.414408 0.778494 0.778494 0.778494
6139.829590 0.000000 3650.818604 0.000000 0.886822 0.000000 0.462111 0.770930 0.770930 0.770930
6134.986328 0.000000 3642.857910 0.000000 0.629417 0.000000 -0.777068 0.850660 0.850660 0.850660
6169.566406 0.000000 3655.428711 0.000000 0.303781 0.000000 -0.952742 0.962591 0.962591 0.962591
6163.527832 0.000000 3650.025146 0.000000 0.232750 0.000000 -0.972537 0.864835 0.864835 0.864835
6133.735352 0.000000 3649.160889 0.000000 0.224123 0.000000 0.974561 0.738764 0.738764 0.738764
6119.355469 0.000000 3650.259521 0.000000 0.263046 0.000000 0.964783 0.685873 0.685873 0.685873
6146.989258 0.000000 3655.313477 0.000000 0.893434 0.000000 0.449194 0.783252 0.783252 0.783252
6149.342773 0.000000 3663.515137 0.000000 0.989348 0.000000 0.145568 0.793173 0.793173 0.793173
6114.183105 0.000000 3655.185059 0.000000 0.853203 0.000000 -0.521580 0.815123 0.815123 0.815123
6125.179199 0.000000 3653.880371 0.000000 0.253939 0.000000 0.967220 0.710243 0.710243 0.710243
6156.470215 0.000000 3671.634766 0.000000 0.370006 0.000000 0.929029 0.730734 0.730734 0.730734
6175.018066 0.000000 3662.146484 0.000000 0.571442 0.000000 -0.820643 0.920535 0.920535 0.920535
6174.189453 0.000000 3648.288818 0.000000 0.908356 0.000000 0.418197 0.767427 0.767427 0.767427
6127.378418 0.000000 3647.370605 0.000000 0.177511 0.000000 -0.984119 0.915127 0.915127 0.915127
6147.774414 0.000000 3646.682861 0.000000 0.667899 0.000000 0.744252 0.749705 0.749705 0.749705
6133.686035 0.000000 3676.930664 0.000000 0.900460 0.000000 0.434939 0.785171 0.785171 0.785171
6161.300781 0.000000 3671.456299 0.000000 0.321485 0.000000 -0.946915 0.847685 0.847685 0.847685
6162.009766 0.000000 3658.179932 0.000000 0.170422 0.000000 -0.985371 0.863731 0.863731 0.863731
6168.888184 0.000000 3662.343750 0.000000 0.936507 0.000000 -0.350650 0.848084 0.848084 0.848084
6151.943359 0.000000 3684.233398 0.000000 0.572487 0.000000 0.819914 0.767746 0.767746 0.767746
6155.368652 0.000000 3649.418945 0.000000 0.774342 0.000000 -0.632767 0.826272 0.826272 0.826272
6175.956543 0.000000 3638.656982 0.000000 0.423141 0.000000 -0.906064 0.867939 0.867939 0.867939
6145.610352 0.000000 3680.322510 0.000000 0.673884 0.000000 0.738837 0.703365 0.703365 0.703365
6123.642578 0.000000 3657.510986 0.000000 0.638789 0.000000 -0.769382 0.833138 0.833138 0.833138
6150.900879 0.000000 3654.720703 0.000000 0.881789 0.000000 -0.471643 0.818540 0.818540 0.818540
6147.708008 0.000000 3687.803955 0.000000 0.906239 0.000000 0.422767 0.785354 0.785354 0.785354
6116.517090 0.000000 3647.012695 0.000000 0.998527 0.000000 -0.054266 0.803708 0.803708 0.803708
6171.393555 0.000000 3642.628174 0.000000 0.914484 0.000000 0.404622 0.760065 0.760065 0.760065
6131.462891 0.000000 3641.524414 0.000000 0.990180 0.000000 -0.139796 0.806387 0.806387 0.806387
6167.203613 0.000000 3658.390381 0.000000 0.886489 0.000000 0.462750 0.747537 0.747537 0.747537
6155.691895 0.000000 3665.843506 0.000000 0.493347 0.000000 0.869832 0.732371 0.732371 0.732371
6123.034668 0.000000 3646.032471 0.000000 0.448638 0.000000 0.893713 0.676128 0.676128 0.676128
6151.776855 0.000000 3650.100830 0.000000 0.884478 0.000000 0.466582 0.771206 0.771206 0.771206
6141.987793 0.000000 3675.541504 0.000000 0.998656 0.000000 -0.051827 0.803728 0.803728 0.803728
6144.437500 0.000000 3651.492676 0.000000 0.980452 0.000000 0.196759 0.786709 0.786709 0.786709
6166.345703 0.000000 3647.720703 0.000000 0.869896 0.000000 -0.493235 0.842341 0.842341 0.842341
6141.811523 0.000000 3644.763184 0.000000 0.284782 0.000000 0.958592 0.681705 0.681705 0.681705
6150.558594 0.000000 3676.945801 0.000000 0.773747 0.000000 -0.633495 0.850561 0.850561 0.850561
6116.949219 0.000000 3653.088623 0.000000 0.986703 0.000000 0.162533 0.791685 0.791685 0.791685
6122.332031 0.000000 3641.642578 0.000000 0.524306 0.000000 -0.851530 0.846398 0.846398 0.846398
6137.994629 0.000000 3678.794922 0.000000 0.687335 0.000000 -0.726341 0.856506 0.856506 0.856506
6152.461914 0.000000 3670.995117 0.000000 0.106520 0.000000 0.994311 0.711400 0.711400 0.711400
6137.404297 0.000000 3683.608154 0.000000 0.024012 0.000000 -0.999712 0.865802 0.865802 0.865802
6174.418945 0.000000 3666.979736 0.000000 0.919379 0.000000 -0.393374 0.824709 0.824709 0.824709
6162.071777 0.000000 3666.334717 0.000000 0.038221 0.000000 0.999269 0.707255 0.707255 0.707255
6153.589844 0.000000 3681.262451 0.000000 0.999796 0.000000 0.020215 0.799007 0.799007 0.799007
6170.992676 0.000000 3649.385742 0.000000 0.897438 0.000000 -0.441141 0.851464 0.851464 0.851464
6157.135254 0.000000 3662.483398 0.000000 0.282417 0.000000 0.959292 0.738430 0.738430 0.738430
6135.085938 0.000000 3646.084961 0.000000 0.664272 0.000000 0.747491 0.743343 0.743343 0.743343
6168.562500 0.000000 3667.236328 0.000000 0.655106 0.000000 0.755537 0.728156 0.728156 0.728156
6136.854004 0.000000 3649.731445 0.000000 0.877741 0.000000 -0.479136 0.833232 0.833232 0.833232
6155.908203 0.000000 3675.477539 0.000000 0.747189 0.000000 -0.664611 0.844429 0.844429 0.844429
6128.690430 0.000000 3643.553955 0.000000 0.341090 0.000000 0.940031 0.728936 0.728936 0.728936
6148.991211 0.000000 3683.360107 0.000000 0.984111 0.000000 -0.177557 0.812407 0.812407 0.812407
6126.731445 0.000000 3650.594727 0.000000 0.587961 0.000000 0.808890 0.741284 0.741284 0.741284
6154.933594 0.000000 3669.003174 0.000000 0.882450 0.000000 0.470406 0.768601 0.768601 0.768601
6143.273926 0.000000 3682.166504 0.000000 0.713396 0.000000 -0.700761 0.872111 0.872111 0.872111
6148.998535 0.000000 3674.354492 0.000000 0.942873 0.000000 0.333151 0.777614 0.777614 0.777614
6172.777344 0.000000 3645.671875 0.000000 0.106177 0.000000 0.994347 0.659610 0.659610 0.659610
6173.565430 0.000000 3640.566162 0.000000 0.849617 0.000000 -0.527401 0.851927 0.851927 0.851927
6167.241699 0.000000 3644.156250 0.000000 0.150846 0.000000 -0.988557 0.903755 0.903755 0.903755
6122.184570 0.000000 3652.241211 0.000000 0.918365 0.000000 -0.395734 0.833398 0.833398 0.833398
6139.585449 0.000000 3681.280029 0.000000 0.011619 0.000000 0.999932 0.677618 0.677618 0.677618
6150.568848 0.000000 3647.498535 0.000000 0.788989 0.000000 0.614407 0.763132 0.763132 0.763132
6144.035156 0.000000 3677.566406 0.000000 0.344487 0.000000 0.938791 0.680936 0.680936 0.680936
6145.202148 0.000000 3645.290771 0.000000 0.991917 0.000000 0.126885 0.790547 0.790547 0.790547
6163.129395 0.000000 3663.687988 0.000000 0.221051 0.000000 -0.975262 0.887224 0.887224 0.887224
6146.172363 0.000000 3648.955566 0.000000 0.840122 0.000000 -0.542397 0.838128 0.838128 0.838128
6140.788574 0.000000 3647.746094 0.000000 0.851863 0.000000 0.523765 0.746491 0.746491 0.746491
6153.463867 0.000000 3677.254639 0.000000 0.662482 0.000000 -0.749078 0.855803 0.855803 0.855803
6151.854004 0.000000 3664.744141 0.000000 0.781089 0.000000 -0.624419 0.841216 0.841216 0.841216
6170.347168 0.000000 3640.063232 0.000000 0.821442 0.000000 0.570292 0.748003 0.748003 0.748003
6148.154785 0.000000 3678.635254 0.000000 0.950799 0.000000 0.309809 0.771312 0.771312 0.771312
6164.579590 0.000000 3657.315430 0.000000 0.927940 0.000000 0.372729 0.772538 0.772538 0.772538
6137.532715 0.000000 3643.814941 0.000000 0.768980 0.000000 -0.639273 0.844465 0.844465 0.844465
6165.468750 0.000000 3651.825928 0.000000 0.957075 0.000000 0.289840 0.777447 0.777447 0.777447
6175.227051 0.000000 3650.787842 0.000000 0.640021 0.000000 -0.768357 0.876130 0.876130 0.876130
6203.460449 0.000000 3658.995605 0.000000 0.887132 0.000000 0.461516 0.799713 0.799713 0.799713
6179.855469 0.000000 3639.808594 0.000000 0.763674 0.000000 0.645602 0.747016 0.747016 0.747016
6185.480957 0.000000 3677.562500 0.000000 0.918243 0.000000 -0.396019 0.818298 0.818298 0.818298
6208.495605 0.000000 3638.178223 0.000000 0.503249 0.000000 0.864142 0.672459 0.672459 0.672459
6210.253418 0.000000 3678.837891 0.000000 0.670163 0.000000 0.742214 0.788474 0.788474 0.788474
6194.515625 0.000000 3645.575684 0.000000 0.898117 0.000000 -0.439756 0.826463 0.826463 0.826463
6223.279785 0.000000 3638.469482 0.000000 0.849038 0.000000 -0.528331 0.858366 0.858366 0.858366
6199.301270 0.000000 3671.492188 0.000000 0.805977 0.000000 -0.591948 0.861868 0.861868 0.861868
6190.508789 0.000000 3657.299561 0.000000 0.995465 0.000000 0.095123 0.793892 0.793892 0.793892
6199.182617 0.000000 3683.091309 0.000000 0.973570 0.000000 -0.228388 0.810631 0.810631 0.810631
6176.668457 0.000000 3649.887939 0.000000 0.050039 0.000000 0.998747 0.714349 0.714349 0.714349
6189.064941 0.000000 3667.520508 0.000000 0.319383 0.000000 -0.947626 0.914199 0.914199 0.914199
6185.648438 0.000000 3647.945068 0.000000 0.890426 0.000000 0.455129 0.796319 0.796319 0.796319
6179.443848 0.000000 3670.800293 0.000000 0.947631 0.000000 -0.319367 0.807596 0.807596 0.807596
6189.330566 0.000000 3637.556885 0.000000 0.984986 0.000000 -0.172632 0.817777 0.817777 0.817777
6218.257812 0.000000 3645.463135 0.000000 0.987722 0.000000 0.156219 0.787876 0.787876 0.787876
6196.491699 0.000000 3663.482178 0.000000 0.018158 0.000000 0.999835 0.729298 0.729298 0.729298
6200.988281 0.000000 3640.732666 0.000000 0.692074 0.000000 0.721826 0.766176 0.766176 0.766176
6193.704102 0.000000 3677.350586 0.000000 0.956585 0.000000 -0.291452 0.831187 0.831187 0.831187
6182.834473 0.000000 3655.054688 0.000000 0.951014 0.000000 -0.309147 0.823916 0.823916 0.823916
6216.098145 0.000000 3638.463623 0.000000 0.621311 0.000000 -0.783564 0.937568 0.937568 0.937568
6225.339844 0.000000 3646.366211 0.000000 0.473023 0.000000 0.881050 0.787081 0.787081 0.787081
6203.668457 0.000000 3676.956055 0.000000 0.501898 0.000000 0.864927 0.713593 0.713593 0.713593
6195.196777 0.000000 3652.422607 0.000000 0.995316 0.000000 -0.096676 0.802147 0.802147 0.802147
6185.357422 0.000000 3661.968506 0.000000 0.700648 0.000000 0.713507 0.712885 0.712885 0.712885
6212.449707 0.000000 3643.237793 0.000000 0.158628 0.000000 0.987338 0.695975 0.695975 0.695975
6201.980469 0.000000 3665.534424 0.000000 0.280671 0.000000 0.959804 0.766859 0.766859 0.766859
6185.519531 0.000000 3641.978516 0.000000 0.968101 0.000000 -0.250559 0.814719 0.814719 0.814719
6197.528809 0.000000 3657.852539 0.000000 0.034839 0.000000 0.999393 0.754905 0.754905 0.754905
6192.993652 0.000000 3671.585938 0.000000 0.310298 0.000000 0.950639 0.644308 0.644308 0.644308
6194.671875 0.000000 3639.593262 0.000000 0.177781 0.000000 0.984070 0.722430 0.722430 0.722430
6180.409668 0.000000 3645.310303 0.000000 0.619222 0.000000 -0.785216 0.835170 0.835170 0.835170
6176.516113 0.000000 3655.870605 0.000000 0.961903 0.000000 0.273390 0.770466 0.770466 0.770466
6228.833496 0.000000 3637.469971 0.000000 0.019231 0.000000 -0.999815 0.909699 0.909699 0.909699
6183.466797 0.000000 3667.178955 0.000000 0.780173 0.000000 -0.625564 0.848999 0.848999 0.848999
6187.733887 0.000000 3672.640869 0.000000 0.998059 0.000000 -0.062275 0.805862 0.805862 0.805862
6176.728516 0.000000 3666.004639 0.000000 0.836273 0.000000 0.548313 0.765923 0.765923 0.765923
6189.746582 0.000000 3680.795410 0.000000 0.999316 0.000000 0.036989 0.798781 0.798781 0.798781
6190.934570 0.000000 3662.531738 0.000000 0.781328 0.000000 -0.624120 0.854519 0.854519 0.854519
6204.561035 0.000000 3671.396729 0.000000 0.754249 0.000000 0.656589 0.772533 0.772533 0.772533
6190.350098 0.000000 3642.505615 0.000000 0.888705 0.000000 -0.458480 0.829964 0.829964 0.829964
6198.955566 0.000000 3677.907959 0.000000 0.700165 0.000000 0.713981 0.710429 0.710429 0.710429
6194.307617 0.000000 3682.490479 0.000000 0.981583 0.000000 0.191038 0.792859 0.792859 0.792859
6187.203613 0.000000 3653.108887 0.000000 0.601086 0.000000 -0.799184 0.834397 0.834397 0.834397
6226.765137 0.000000 3641.711914 0.000000 0.951364 0.000000 -0.308070 0.809570 0.809570 0.809570
6181.162109 0.000000 3650.507324 0.000000 0.020810 0.000000 0.999783 0.760066 0.760066 0.760066
6183.169434 0.000000 3673.520996 0.000000 0.161523 0.000000 -0.986869 0.856546 0.856546 0.856546
6221.978516 0.000000 3642.857910 0.000000 0.868137 0.000000 -0.496325 0.844811 0.844811 0.844811
6193.470215 0.000000 3667.053467 0.000000 0.614889 0.000000 -0.788613 0.889822 0.889822 0.889822
6186.290527 0.000000 3657.770752 0.000000 0.912063 0.000000 -0.410051 0.835189 0.835189 0.835189
6176.894043 0.000000 3642.882568 0.000000 0.906727 0.000000 -0.421718 0.848256 0.848256 0.848256
6182.156250 0.000000 3659.224854 0.000000 0.270181 0.000000 0.962810 0.633667 0.633667 0.633667
6214.370605 0.000000 3647.370605 0.000000 0.998374 0.000000 -0.057004 0.802631 0.802631 0.802631
6203.051270 0.000000 3681.089111 0.000000 0.861764 0.000000 0.507309 0.772265 0.772265 0.772265
6204.053223 0.000000 3637.878906 0.000000 0.582930 0.000000 0.812523 0.698844 0.698844 0.698844
6207.476074 0.000000 3674.952881 0.000000 0.846723 0.000000 -0.532034 0.824538 0.824538 0.824538
6198.020996 0.000000 3667.449707 0.000000 0.943815 0.000000 0.330475 0.783250 0.783250 0.783250
6193.808594 0.000000 3659.566162 0.000000 0.595922 0.000000 -0.803042 0.857542 0.857542 0.857542
6189.609863 0.000000 3676.487549 0.000000 0.882450 0.000000 -0.470406 0.838441 0.838441 0.838441
6197.295898 0.000000 3642.668213 0.000000 0.574362 0.000000 0.818601 0.764950 0.764950 0.764950
6196.423340 0.000000 3674.229980 0.000000 0.433983 0.000000 0.900921 0.660182 0.660182 0.660182
6181.418945 0.000000 3663.786377 0.000000 0.663747 0.000000 0.747957 0.692667 0.692667 0.692667
6218.455078 0.000000 3641.524414 0.000000 0.972480 0.000000 -0.232984 0.828883 0.828883 0.828883
6206.609863 0.000000 3679.794189 0.000000 0.902253 0.000000 -0.431207 0.818165 0.818165 0.818165
6191.703125 0.000000 3653.621338 0.000000 0.131291 0.000000 -0.991344 0.852599 0.852599 0.852599
6179.453125 0.000000 3653.837402 0.000000 0.995734 0.000000 -0.092268 0.805868 0.805868 0.805868
6205.916016 0.000000 3640.966553 0.000000 0.796143 0.000000 0.605108 0.763396 0.763396 0.763396
6201.913574 0.000000 3673.904541 0.000000 0.447611 0.000000 0.894228 0.691251 0.691251 0.691251
6198.099121 0.000000 3638.779541 0.000000 0.547002 0.000000 0.837131 0.744722 0.744722 0.744722
6201.870117 0.000000 3669.101318 0.000000 0.026534 0.000000 -0.999648 0.891602 0.891602 0.891602
6209.324219 0.000000 3641.642578 0.000000 0.996145 0.000000 0.087725 0.793632 0.793632 0.793632
6184.812012 0.000000 3670.434570 0.000000 0.773730 0.000000 -0.633515 0.846453 0.846453 0.846453
6180.033203 0.000000 3667.130371 0.000000 0.302281 0.000000 -0.953219 0.884804 0.884804 0.884804
6186.527344 0.000000 3665.160645 0.000000 0.975880 0.000000 -0.218310 0.818198 0.818198 0.818198
6196.126465 0.000000 3670.345947 0.000000 0.530117 0.000000 -0.847924 0.917034 0.917034 0.917034
6177.114258 0.000000 3646.436523 0.000000 0.161916 0.000000 -0.986804 0.875092 0.875092 0.875092
6196.207031 0.000000 3679.771240 0.000000 0.044027 0.000000 0.999030 0.654549 0.654549 0.654549
6188.857910 0.000000 3660.043213 0.000000 0.919439 0.000000 0.393234 0.768278 0.768278 0.768278
6215.682617 0.000000 3643.553955 0.000000 0.440840 0.000000 0.897586 0.693846 0.693846 0.693846
6176.800293 0.000000 3639.197998 0.000000 0.722324 0.000000 -0.691555 0.853076 0.853076 0.853076
6192.387695 0.000000 3637.562500 0.000000 0.338589 0.000000 -0.940935 0.891777 0.891777 0.891777
6193.599609 0.000000 3642.407959 0.000000 0.622547 0.000000 -0.782583 0.863009 0.863009 0.863009
6186.599609 0.000000 3639.059326 0.000000 0.803954 0.000000 0.594692 0.730930 0.730930 0.730930
6193.588379 0.000000 3664.054199 0.000000 0.973337 0.000000 0.229378 0.780863 0.780863 0.780863
6176.691406 0.000000 3652.982178 0.000000 0.925049 0.000000 0.379848 0.766849 0.766849 0.766849
6185.821289 0.000000 3674.741943 0.000000 0.998128 0.000000 -0.061156 0.803593 0.803593 0.803593
6192.415527 0.000000 3679.984375 0.000000 0.253602 0.000000 -0.967309 0.897656 0.897656 0.897656
6191.070312 0.000000 3665.391846 0.000000 0.956445 0.000000 0.291911 0.774619 0.774619 0.774619
6200.350586 0.000000 3680.481689 0.000000 0.395164 0.000000 0.918610 0.724641 0.724641 0.724641
6187.922363 0.000000 3662.699219 0.000000 0.721161 0.000000 -0.692768 0.866491 0.866491 0.866491
6186.081543 0.000000 3667.799072 0.000000 0.870718 0.000000 -0.491782 0.844360 0.844360 0.844360
6225.941895 0.000000 3639.020020 0.000000 0.953344 0.000000 0.301886 0.775745 0.775745 0.775745
6185.645508 0.000000 3655.218750 0.000000 0.985966 0.000000 0.166946 0.788744 0.788744 0.788744
6179.647949 0.000000 3642.864990 0.000000 0.929319 0.000000 0.369278 0.772578 0.772578 0.772578
6264.928223 0.000000 3595.598633 0.000000 0.685929 0.000000 0.727669 0.739942 0.739942 0.739942
6268.826172 0.000000 3621.289551 0.000000 0.274412 0.000000 -0.961612 0.864294 0.864294 0.864294
6270.247070 0.000000 3608.068604 0.000000 0.904271 0.000000 -0.426959 0.814801 0.814801 0.814801
6281.872559 0.000000 3619.026123 0.000000 0.958611 0.000000 -0.284719 0.808130 0.808130 0.808130
6269.563965 0.000000 3583.348145 0.000000 0.185773 0.000000 -0.982593 0.814926 0.814926 0.814926
6276.251953 0.000000 3597.655518 0.000000 0.998632 0.000000 0.052297 0.798715 0.798715 0.798715
6263.966797 0.000000 3614.161865 0.000000 0.381461 0.000000 0.924385 0.718732 0.718732 0.718732
6278.512207 0.000000 3611.410400 0.000000 0.995980 0.000000 0.089571 0.795647 0.795647 0.795647
6275.037109 0.000000 3589.628906 0.000000 0.259196 0.000000 0.965825 0.781182 0.781182 0.781182
6276.502441 0.000000 3625.022461 0.000000 0.414912 0.000000 -0.909861 0.808903 0.808903 0.808903
6263.923828 0.000000 3603.649170 0.000000 0.941285 0.000000 0.337614 0.794635 0.794635 0.794635
6275.110352 0.000000 3617.527588 0.000000 0.785760 0.000000 -0.618531 0.842754 0.842754 0.842754
6276.975586 0.000000 3604.528809 0.000000 0.695982 0.000000 0.718059 0.772643 0.772643 0.772643
6270.090820 0.000000 3601.170654 0.000000 0.999712 0.000000 -0.024019 0.801540 0.801540 0.801540
6265.513184 0.000000 3588.683105 0.000000 0.928152 0.000000 0.372200 0.762753 0.762753 0.762753
6270.979980 0.000000 3594.036621 0.000000 0.942658 0.000000 -0.333760 0.821001 0.821001 0.821001
6270.016602 0.000000 3614.318848 0.000000 0.988138 0.000000 -0.153572 0.808591 0.808591 0.808591
6264.984375 0.000000 3609.068848 0.000000 0.594648 0.000000 -0.803986 0.832457 0.832457 0.832457
6264.779297 0.000000 3618.795654 0.000000 0.510128 0.000000 0.860098 0.742921 0.742921 0.742921
6270.472656 0.000000 3587.892090 0.000000 0.307891 0.000000 -0.951422 0.842958 0.842958 0.842958
6273.521973 0.000000 3611.290527 0.000000 0.643894 0.000000 -0.765115 0.836019 0.836019 0.836019
6281.925293 0.000000 3614.386475 0.000000 0.696277 0.000000 0.717773 0.764502 0.764502 0.764502
6273.361328 0.000000 3621.629395 0.000000 0.872781 0.000000 0.488112 0.777391 0.777391 0.777391
6272.628906 0.000000 3604.517334 0.000000 0.953012 0.000000 -0.302932 0.814753 0.814753 0.814753
6266.068359 0.000000 3599.996826 0.000000 0.627119 0.000000 -0.778923 0.843337 0.843337 0.843337
6277.873535 0.000000 3620.729248 0.000000 0.387740 0.000000 0.921769 0.760654 0.760654 0.760654
6267.808594 0.000000 3604.958252 0.000000 0.951212 0.000000 -0.308539 0.810148 0.810148 0.810148
6272.180664 0.000000 3597.803223 0.000000 0.909518 0.000000 0.415666 0.777140 0.777140 0.777140
6265.709961 0.000000 3584.737793 0.000000 0.827581 0.000000 -0.561347 0.832854 0.832854 0.832854
6267.457031 0.000000 3592.318115 0.000000 0.555581 0.000000 -0.831463 0.890587 0.890587 0.890587
6274.782227 0.000000 3601.278809 0.000000 0.906633 0.000000 -0.421920 0.820878 0.820878 0.820878
6270.999512 0.000000 3618.065918 0.000000 0.189805 0.000000 -0.981822 0.885983 0.885983 0.885983
6276.057617 0.000000 3608.478516 0.000000 0.924205 0.000000 0.381897 0.782861 0.782861 0.782861
6278.836914 0.000000 3616.554688 0.000000 0.309594 0.000000 0.950869 0.738289 0.738289 0.738289
6268.566895 0.000000 3596.916504 0.000000 0.999125 0.000000 0.041814 0.797293 0.797293 0.797293
6263.716309 0.000000 3592.092285 0.000000 0.998222 0.000000 0.059605 0.794818 0.794818 0.794818
6266.881836 0.000000 3616.066406 0.000000 0.442818 0.000000 -0.896612 0.877292 0.877292 0.877292
6276.133789 0.000000 3614.092041 0.000000 0.754360 0.000000 0.656461 0.754089 0.754089 0.754089
6271.925293 0.000000 3590.946777 0.000000 0.141455 0.000000 0.989945 0.722948 0.722948 0.722948
6273.112305 0.000000 3615.031494 0.000000 0.373791 0.000000 0.927513 0.728836 0.728836 0.728836
6267.793457 0.000000 3586.778564 0.000000 0.860213 0.000000 0.509935 0.762167 0.762167 0.762167
6267.621582 0.000000 3618.734375 0.000000 0.899443 0.000000 0.437038 0.771815 0.771815 0.771815
6268.355469 0.000000 3589.755859 0.000000 0.609473 0.000000 0.792807 0.735279 0.735279 0.735279
6263.605469 0.000000 3586.248535 0.000000 0.622215 0.000000 0.782846 0.726724 0.726724 0.726724
"}
