object={
	name="tree_leaf_01_single_generator_1_0"
	render_pass=Map
	clamp_to_water_level=no
	generated_content=yes
	layer="tree_high_layer"
	pdxmesh="tree_leaf_01_single_a_mesh"
	count=8847
	transform="7361.983887 0.000000 3419.995117 0.000000 0.889327 0.000000 0.457272 0.684231 0.684231 0.684231
7357.102539 0.000000 3420.310303 0.000000 0.880843 0.000000 -0.473409 0.759466 0.759466 0.759466
7356.852051 0.000000 3423.219971 0.000000 0.757390 0.000000 0.652962 0.644048 0.644048 0.644048
7359.405762 0.000000 3418.925049 0.000000 0.226228 0.000000 0.974074 0.573300 0.573300 0.573300
7371.216309 0.000000 3422.543701 0.000000 0.805492 0.000000 0.592606 0.658986 0.658986 0.658986
7359.182617 0.000000 3421.859375 0.000000 0.999796 0.000000 -0.020176 0.703914 0.703914 0.703914
7358.698730 0.000000 3420.376221 0.000000 0.521796 0.000000 0.853070 0.501781 0.501781 0.501781
7306.187012 0.000000 3456.417480 0.000000 0.732351 0.000000 0.680927 0.675129 0.675129 0.675129
7273.562012 0.000000 3518.119629 0.000000 0.529567 0.000000 -0.848268 0.807957 0.807957 0.807957
7261.004883 0.000000 3524.637939 0.000000 0.218857 0.000000 0.975757 0.537194 0.537194 0.537194
7305.166016 0.000000 3523.415283 0.000000 0.827942 0.000000 -0.560814 0.703121 0.703121 0.703121
7274.991699 0.000000 3526.979492 0.000000 0.165804 0.000000 0.986159 0.690184 0.690184 0.690184
7264.365723 0.000000 3515.911133 0.000000 0.842328 0.000000 -0.538965 0.713926 0.713926 0.713926
7268.216309 0.000000 3523.138184 0.000000 0.983189 0.000000 -0.182592 0.736261 0.736261 0.736261
7265.654785 0.000000 3528.447510 0.000000 0.900516 0.000000 -0.434824 0.792764 0.792764 0.792764
7269.505859 0.000000 3513.958740 0.000000 0.074388 0.000000 -0.997229 0.715690 0.715690 0.715690
7260.530762 0.000000 3519.490723 0.000000 0.767390 0.000000 0.641181 0.642830 0.642830 0.642830
7304.293945 0.000000 3528.092773 0.000000 0.411205 0.000000 -0.911543 0.722050 0.722050 0.722050
7268.556152 0.000000 3518.277100 0.000000 0.471813 0.000000 0.881699 0.609451 0.609451 0.609451
7270.110352 0.000000 3527.294678 0.000000 0.888363 0.000000 -0.459141 0.800871 0.800871 0.800871
7273.846191 0.000000 3513.441895 0.000000 0.249424 0.000000 0.968394 0.665432 0.665432 0.665432
7287.891113 0.000000 3486.862793 0.000000 0.946949 0.000000 -0.321384 0.734879 0.734879 0.734879
7264.194336 0.000000 3521.725098 0.000000 0.571382 0.000000 -0.820684 0.885046 0.885046 0.885046
7272.245117 0.000000 3523.214355 0.000000 0.980229 0.000000 -0.197864 0.741770 0.741770 0.741770
7302.077637 0.000000 3460.743652 0.000000 0.736332 0.000000 -0.676621 0.770132 0.770132 0.770132
7262.209961 0.000000 3527.895752 0.000000 0.164238 0.000000 -0.986421 0.955504 0.955504 0.955504
7264.364746 0.000000 3525.257568 0.000000 0.750554 0.000000 -0.660809 0.840035 0.840035 0.840035
7271.179688 0.000000 3520.185547 0.000000 0.997322 0.000000 -0.073137 0.709978 0.709978 0.709978
7304.887695 0.000000 3459.331055 0.000000 0.825692 0.000000 -0.564121 0.769131 0.769131 0.769131
7258.730957 0.000000 3522.363281 0.000000 0.864620 0.000000 -0.502426 0.740477 0.740477 0.740477
7265.337402 0.000000 3518.870850 0.000000 0.951994 0.000000 -0.306116 0.723922 0.723922 0.723922
7271.581055 0.000000 3515.970947 0.000000 0.645748 0.000000 0.763551 0.560317 0.560317 0.560317
7267.448242 0.000000 3526.096436 0.000000 0.609778 0.000000 -0.792572 0.885492 0.885492 0.885492
7267.268066 0.000000 3515.701416 0.000000 0.263109 0.000000 -0.964766 0.813991 0.813991 0.813991
7288.208496 0.000000 3489.964111 0.000000 0.003737 0.000000 -0.999993 0.921824 0.921824 0.921824
7267.236816 0.000000 3520.691650 0.000000 0.978627 0.000000 0.205644 0.662718 0.662718 0.662718
7273.836426 0.000000 3520.784668 0.000000 0.930825 0.000000 -0.365466 0.779767 0.779767 0.779767
7272.413574 0.000000 3525.909424 0.000000 0.615549 0.000000 0.788098 0.525506 0.525506 0.525506
7272.190430 0.000000 3528.843750 0.000000 0.864455 0.000000 0.502710 0.600585 0.600585 0.600585
7258.332520 0.000000 3524.958252 0.000000 0.858078 0.000000 0.513520 0.643454 0.643454 0.643454
7261.527344 0.000000 3522.043457 0.000000 0.284454 0.000000 0.958690 0.498307 0.498307 0.498307
7270.189453 0.000000 3524.807129 0.000000 0.138813 0.000000 0.990319 0.414803 0.414803 0.414803
7259.911621 0.000000 3529.522217 0.000000 0.616639 0.000000 -0.787246 0.809288 0.809288 0.809288
7260.059570 0.000000 3526.826904 0.000000 0.704540 0.000000 0.709664 0.548323 0.548323 0.548323
7262.885254 0.000000 3519.203613 0.000000 0.999995 0.000000 -0.003001 0.700519 0.700519 0.700519
7268.007812 0.000000 3528.679688 0.000000 0.999965 0.000000 -0.008378 0.701113 0.701113 0.701113
7265.930664 0.000000 3523.463623 0.000000 0.197152 0.000000 -0.980373 0.999786 0.999786 0.999786
7269.342773 0.000000 3516.237061 0.000000 0.387485 0.000000 -0.921876 0.898824 0.898824 0.898824
7270.107910 0.000000 3522.079346 0.000000 0.424670 0.000000 -0.905348 0.949305 0.949305 0.949305
7273.643555 0.000000 3515.599121 0.000000 0.826459 0.000000 0.562996 0.576682 0.576682 0.576682
7270.721191 0.000000 3518.059082 0.000000 0.835476 0.000000 -0.549526 0.795573 0.795573 0.795573
7263.038574 0.000000 3523.562988 0.000000 0.566151 0.000000 -0.824302 0.796521 0.796521 0.796521
7271.588379 0.000000 3513.483398 0.000000 0.750748 0.000000 0.660589 0.623075 0.623075 0.623075
7303.986328 0.000000 3461.495361 0.000000 0.380184 0.000000 0.924911 0.588568 0.588568 0.588568
7304.191895 0.000000 3456.985107 0.000000 0.775839 0.000000 -0.630931 0.844373 0.844373 0.844373
7261.948730 0.000000 3529.981201 0.000000 0.939400 0.000000 0.342822 0.629676 0.629676 0.629676
7269.203125 0.000000 3520.315430 0.000000 0.186136 0.000000 0.982524 0.508986 0.508986 0.508986
7306.501953 0.000000 3460.566406 0.000000 0.604541 0.000000 -0.796574 0.867501 0.867501 0.867501
7265.412598 0.000000 3530.435547 0.000000 0.944762 0.000000 -0.327758 0.729762 0.729762 0.729762
7264.099609 0.000000 3527.257324 0.000000 0.471530 0.000000 0.881850 0.477335 0.477335 0.477335
7262.529297 0.000000 3525.978516 0.000000 0.464595 0.000000 0.885523 0.464313 0.464313 0.464313
7263.801758 0.000000 3529.206299 0.000000 0.999840 0.000000 -0.017875 0.703592 0.703592 0.703592
7273.973145 0.000000 3529.804932 0.000000 0.760846 0.000000 0.648933 0.566716 0.566716 0.566716
7266.807617 0.000000 3517.626709 0.000000 0.999823 0.000000 -0.018833 0.703653 0.703653 0.703653
7289.728027 0.000000 3488.965332 0.000000 0.986727 0.000000 -0.162388 0.723089 0.723089 0.723089
7263.880859 0.000000 3517.645508 0.000000 0.877887 0.000000 0.478869 0.649384 0.649384 0.649384
7306.566406 0.000000 3458.324707 0.000000 0.921427 0.000000 0.388551 0.630959 0.630959 0.630959
7306.570801 0.000000 3454.394287 0.000000 0.523598 0.000000 -0.851965 0.874642 0.874642 0.874642
7273.896484 0.000000 3522.649414 0.000000 0.848754 0.000000 -0.528787 0.816844 0.816844 0.816844
7265.746582 0.000000 3526.641846 0.000000 0.943629 0.000000 -0.331004 0.769570 0.769570 0.769570
7273.329102 0.000000 3527.479980 0.000000 0.743672 0.000000 0.668545 0.586110 0.586110 0.586110
7265.944824 0.000000 3521.767090 0.000000 0.268063 0.000000 0.963401 0.450208 0.450208 0.450208
7260.235840 0.000000 3523.115967 0.000000 0.979669 0.000000 0.200620 0.668230 0.668230 0.668230
7272.274414 0.000000 3521.422119 0.000000 0.999876 0.000000 0.015728 0.696647 0.696647 0.696647
7262.805176 0.000000 3520.823242 0.000000 0.214820 0.000000 -0.976654 0.953241 0.953241 0.953241
7268.577148 0.000000 3524.849854 0.000000 0.736183 0.000000 -0.676782 0.854596 0.854596 0.854596
7266.079102 0.000000 3525.038574 0.000000 0.967773 0.000000 -0.251824 0.750715 0.750715 0.750715
7264.316895 0.000000 3520.109863 0.000000 0.874819 0.000000 -0.484450 0.797219 0.797219 0.797219
7260.041016 0.000000 3521.394775 0.000000 0.996376 0.000000 -0.085059 0.716669 0.716669 0.716669
7270.418945 0.000000 3528.792969 0.000000 0.690588 0.000000 0.723248 0.560122 0.560122 0.560122
7271.706543 0.000000 3527.360596 0.000000 0.508760 0.000000 0.860908 0.480707 0.480707 0.480707
7268.547852 0.000000 3527.150391 0.000000 0.882070 0.000000 -0.471118 0.786586 0.786586 0.786586
7288.058594 0.000000 3488.370361 0.000000 0.857983 0.000000 -0.513678 0.776364 0.776364 0.776364
7265.367676 0.000000 3517.181396 0.000000 0.580167 0.000000 -0.814497 0.869673 0.869673 0.869673
7260.707520 0.000000 3528.214844 0.000000 0.960439 0.000000 0.278491 0.643281 0.643281 0.643281
7266.944336 0.000000 3527.604248 0.000000 0.554381 0.000000 0.832263 0.500690 0.500690 0.500690
7271.691895 0.000000 3524.617432 0.000000 0.188927 0.000000 -0.981991 0.975075 0.975075 0.975075
7270.333984 0.000000 3515.168457 0.000000 0.035995 0.000000 0.999352 0.453239 0.453239 0.453239
7266.729492 0.000000 3519.302002 0.000000 0.686265 0.000000 -0.727352 0.835216 0.835216 0.835216
7264.442871 0.000000 3523.158447 0.000000 0.023347 0.000000 -0.999727 1.038037 1.038037 1.038037
7268.635254 0.000000 3521.658203 0.000000 0.448390 0.000000 -0.893838 0.852670 0.852670 0.852670
7272.659668 0.000000 3514.525879 0.000000 0.554327 0.000000 -0.832299 0.902759 0.902759 0.902759
7270.907715 0.000000 3526.041748 0.000000 0.491963 0.000000 -0.870616 0.923395 0.923395 0.923395
7270.664551 0.000000 3523.423340 0.000000 0.574084 0.000000 0.818797 0.488764 0.488764 0.488764
7265.736816 0.000000 3520.337402 0.000000 0.834729 0.000000 0.550661 0.587898 0.587898 0.587898
7268.036621 0.000000 3516.935059 0.000000 0.403077 0.000000 -0.915166 0.895946 0.895946 0.895946
7273.073242 0.000000 3524.360596 0.000000 0.913208 0.000000 0.407494 0.619318 0.619318 0.619318
7269.451660 0.000000 3526.053223 0.000000 0.702632 0.000000 -0.711553 0.839741 0.839741 0.839741
7267.243164 0.000000 3524.216553 0.000000 0.841666 0.000000 0.539998 0.586355 0.586355 0.586355
7261.470215 0.000000 3520.492920 0.000000 0.389658 0.000000 -0.920959 0.929108 0.929108 0.929108
7305.273926 0.000000 3457.781494 0.000000 0.293108 0.000000 -0.956079 0.969253 0.969253 0.969253
7271.398438 0.000000 3529.909912 0.000000 0.963401 0.000000 -0.268064 0.746952 0.746952 0.746952
7269.375977 0.000000 3523.791504 0.000000 0.488476 0.000000 0.872577 0.490585 0.490585 0.490585
7266.028320 0.000000 3516.054443 0.000000 0.739464 0.000000 0.673196 0.556740 0.556740 0.556740
7262.266602 0.000000 3524.580322 0.000000 0.001858 0.000000 0.999998 0.360010 0.360010 0.360010
7271.363770 0.000000 3522.258057 0.000000 0.926616 0.000000 -0.376010 0.784882 0.784882 0.784882
7205.985840 0.000000 3609.948242 0.000000 0.967394 0.000000 0.253276 0.696868 0.696868 0.696868
7202.681641 0.000000 3584.168457 0.000000 0.682664 0.000000 -0.730733 0.712888 0.712888 0.712888
7167.167480 0.000000 3571.853516 0.000000 0.918999 0.000000 -0.394261 0.710624 0.710624 0.710624
7213.122559 0.000000 3596.038330 0.000000 0.495751 0.000000 0.868465 0.677936 0.677936 0.677936
7173.628906 0.000000 3559.330811 0.000000 0.776863 0.000000 -0.629670 0.708332 0.708332 0.708332
7198.594238 0.000000 3597.537598 0.000000 0.103051 0.000000 -0.994676 0.725647 0.725647 0.725647
7156.215332 0.000000 3564.507812 0.000000 0.130459 0.000000 -0.991454 0.707549 0.707549 0.707549
7216.843262 0.000000 3607.042725 0.000000 0.937697 0.000000 -0.347455 0.706201 0.706201 0.706201
7193.659180 0.000000 3589.484375 0.000000 0.191158 0.000000 0.981559 0.685546 0.685546 0.685546
7164.510254 0.000000 3560.220215 0.000000 0.113324 0.000000 -0.993558 0.743293 0.743293 0.743293
7211.313477 0.000000 3585.864258 0.000000 0.974144 0.000000 0.225930 0.697212 0.697212 0.697212
7205.098633 0.000000 3592.398682 0.000000 0.445742 0.000000 -0.895162 0.723253 0.723253 0.723253
7207.106934 0.000000 3601.582031 0.000000 0.828069 0.000000 0.560627 0.691679 0.691679 0.691679
7190.216797 0.000000 3598.771973 0.000000 0.995928 0.000000 0.090156 0.699211 0.699211 0.699211
7200.523438 0.000000 3604.786865 0.000000 0.272632 0.000000 -0.962118 0.709050 0.709050 0.709050
7212.509277 0.000000 3612.454834 0.000000 0.830053 0.000000 0.557685 0.692763 0.692763 0.692763
7160.582520 0.000000 3569.971680 0.000000 0.636861 0.000000 0.770979 0.676922 0.676922 0.676922
7162.699707 0.000000 3577.476807 0.000000 0.935367 0.000000 -0.353678 0.708213 0.708213 0.708213
7194.220215 0.000000 3603.631592 0.000000 0.428322 0.000000 0.903626 0.688171 0.688171 0.688171
7167.698242 0.000000 3565.572510 0.000000 0.630328 0.000000 0.776329 0.686020 0.686020 0.686020
7217.504395 0.000000 3600.304199 0.000000 0.699491 0.000000 -0.714642 0.716695 0.716695 0.716695
7199.922852 0.000000 3589.631348 0.000000 0.977206 0.000000 0.212293 0.696262 0.696262 0.696262
7218.534180 0.000000 3593.098877 0.000000 0.267334 0.000000 -0.963604 0.720449 0.720449 0.720449
7210.855469 0.000000 3606.409424 0.000000 0.231706 0.000000 0.972786 0.674299 0.674299 0.674299
7158.894531 0.000000 3558.550049 0.000000 0.155281 0.000000 0.987870 0.680219 0.680219 0.680219
7203.847656 0.000000 3597.483643 0.000000 0.263217 0.000000 0.964737 0.679483 0.679483 0.679483
7213.731445 0.000000 3590.574463 0.000000 0.987676 0.000000 -0.156511 0.703021 0.703021 0.703021
7193.834473 0.000000 3594.976807 0.000000 0.834386 0.000000 0.551181 0.692859 0.692859 0.692859
7161.475098 0.000000 3564.412354 0.000000 0.271437 0.000000 0.962456 0.670559 0.670559 0.670559
7212.226074 0.000000 3601.581787 0.000000 0.853935 0.000000 0.520379 0.688523 0.688523 0.688523
7206.523438 0.000000 3587.773682 0.000000 0.410553 0.000000 -0.911837 0.720058 0.720058 0.720058
7208.398438 0.000000 3596.020996 0.000000 0.775194 0.000000 0.631723 0.688050 0.688050 0.688050
7177.918945 0.000000 3558.598389 0.000000 0.053741 0.000000 0.998555 0.660233 0.660233 0.660233
7209.375977 0.000000 3591.687500 0.000000 0.799465 0.000000 0.600713 0.686486 0.686486 0.686486
7200.898926 0.000000 3593.847168 0.000000 0.755632 0.000000 -0.654997 0.714977 0.714977 0.714977
7159.965332 0.000000 3574.104736 0.000000 0.397426 0.000000 -0.917634 0.722339 0.722339 0.722339
7154.935059 0.000000 3560.465332 0.000000 0.129639 0.000000 0.991561 0.669785 0.669785 0.669785
7166.363281 0.000000 3575.695557 0.000000 0.025690 0.000000 0.999670 0.662197 0.662197 0.662197
7216.855469 0.000000 3596.660889 0.000000 0.963404 0.000000 0.268054 0.693835 0.693835 0.693835
7168.473633 0.000000 3561.942627 0.000000 0.268832 0.000000 -0.963187 0.729503 0.729503 0.729503
7158.784180 0.000000 3562.116943 0.000000 0.271126 0.000000 0.962544 0.659225 0.659225 0.659225
7164.957031 0.000000 3563.640137 0.000000 0.684098 0.000000 0.729390 0.674286 0.674286 0.674286
7161.294434 0.000000 3560.427734 0.000000 0.333667 0.000000 0.942691 0.637633 0.637633 0.637633
7306.187012 0.000000 3563.401855 0.000000 0.952206 0.000000 0.305457 0.690235 0.690235 0.690235
7221.842285 0.000000 3595.598633 0.000000 0.720678 0.000000 0.693270 0.689291 0.689291 0.689291
7260.609375 0.000000 3591.495117 0.000000 0.458878 0.000000 -0.888499 0.701912 0.701912 0.701912
7274.027344 0.000000 3565.082275 0.000000 0.254130 0.000000 0.967170 0.447433 0.447433 0.447433
7289.673828 0.000000 3584.168457 0.000000 0.999495 0.000000 -0.031785 0.705778 0.705778 0.705778
7252.401855 0.000000 3531.193848 0.000000 0.897045 0.000000 0.441939 0.699200 0.699200 0.699200
7254.159668 0.000000 3571.853516 0.000000 0.827595 0.000000 -0.561326 0.709374 0.709374 0.709374
7266.622559 0.000000 3546.180420 0.000000 0.594826 0.000000 0.803855 0.688577 0.688577 0.688577
7288.948730 0.000000 3552.174316 0.000000 0.079718 0.000000 0.996817 0.650493 0.650493 0.650493
7300.664551 0.000000 3539.162598 0.000000 0.718322 0.000000 0.695711 0.678486 0.678486 0.678486
7273.945312 0.000000 3582.519531 0.000000 0.816316 0.000000 0.577605 0.557948 0.557948 0.557948
7290.465820 0.000000 3568.219971 0.000000 0.316800 0.000000 0.948492 0.549459 0.549459 0.549459
7267.186035 0.000000 3531.485107 0.000000 0.883392 0.000000 -0.468635 0.743471 0.743471 0.743471
7260.621094 0.000000 3559.330811 0.000000 0.943533 0.000000 0.331279 0.697050 0.697050 0.697050
7285.586426 0.000000 3597.537598 0.000000 0.674413 0.000000 0.738355 0.602743 0.602743 0.602743
7279.137695 0.000000 3543.914062 0.000000 0.375610 0.000000 -0.926778 0.726938 0.726938 0.726938
7266.049805 0.000000 3573.804199 0.000000 0.984311 0.000000 0.176444 0.686671 0.686671 0.686671
7271.678711 0.000000 3593.499512 0.000000 0.825490 0.000000 0.564417 0.684279 0.684279 0.684279
7302.623535 0.000000 3552.441406 0.000000 0.220074 0.000000 0.975483 0.688213 0.688213 0.688213
7281.077148 0.000000 3573.479492 0.000000 0.880191 0.000000 0.474619 0.546166 0.546166 0.546166
7273.752441 0.000000 3554.303711 0.000000 0.035496 0.000000 0.999370 0.423646 0.423646 0.423646
7290.179199 0.000000 3541.435303 0.000000 0.023632 0.000000 0.999721 0.662147 0.662147 0.662147
7283.104004 0.000000 3560.545654 0.000000 0.929437 0.000000 -0.368980 0.868410 0.868410 0.868410
7296.294434 0.000000 3560.104004 0.000000 0.024696 0.000000 0.999695 0.659471 0.659471 0.659471
7293.939941 0.000000 3532.340088 0.000000 0.970096 0.000000 -0.242720 0.700857 0.700857 0.700857
7299.419434 0.000000 3570.855957 0.000000 0.705814 0.000000 0.708397 0.693121 0.693121 0.693121
7280.651367 0.000000 3589.484375 0.000000 0.086995 0.000000 0.996209 0.580728 0.580728 0.580728
7261.563477 0.000000 3582.310303 0.000000 0.968961 0.000000 -0.247213 0.703929 0.703929 0.703929
7275.492188 0.000000 3535.471924 0.000000 0.486582 0.000000 -0.873635 0.714856 0.714856 0.714856
7302.905762 0.000000 3530.841797 0.000000 0.720688 0.000000 -0.693260 0.713386 0.713386 0.713386
7298.305664 0.000000 3585.864258 0.000000 0.995432 0.000000 0.095469 0.697494 0.697494 0.697494
7262.164062 0.000000 3538.478760 0.000000 0.814215 0.000000 0.580563 0.695670 0.695670 0.695670
7292.090820 0.000000 3592.398682 0.000000 0.957759 0.000000 0.287570 0.694902 0.694902 0.694902
7293.186523 0.000000 3576.280029 0.000000 0.792984 0.000000 0.609242 0.689696 0.689696 0.689696
7295.531738 0.000000 3547.610107 0.000000 0.524135 0.000000 0.851635 0.666162 0.666162 0.666162
7261.176270 0.000000 3567.547607 0.000000 0.103392 0.000000 0.994641 0.664103 0.664103 0.664103
7277.208984 0.000000 3598.771973 0.000000 0.593634 0.000000 0.804735 0.693462 0.693462 0.693462
7267.680664 0.000000 3586.963135 0.000000 0.977375 0.000000 0.211515 0.669086 0.669086 0.669086
7282.343750 0.000000 3581.986328 0.000000 0.763981 0.000000 0.645239 0.528410 0.528410 0.528410
7220.837891 0.000000 3603.649170 0.000000 0.879180 0.000000 -0.476490 0.707812 0.707812 0.707812
7280.939453 0.000000 3551.982422 0.000000 0.850024 0.000000 0.526743 0.625349 0.625349 0.625349
7266.261719 0.000000 3554.191650 0.000000 0.166151 0.000000 0.986100 0.677920 0.677920 0.677920
7260.004395 0.000000 3531.479248 0.000000 0.442720 0.000000 -0.896660 0.832165 0.832165 0.832165
7269.246094 0.000000 3539.381836 0.000000 0.769205 0.000000 -0.639003 0.706057 0.706057 0.706057
7267.204102 0.000000 3562.542236 0.000000 0.670127 0.000000 0.742247 0.661996 0.661996 0.661996
7272.642090 0.000000 3572.306641 0.000000 0.571271 0.000000 0.820762 0.612511 0.612511 0.612511
7303.939453 0.000000 3545.418457 0.000000 0.958180 0.000000 0.286165 0.689856 0.689856 0.689856
7289.723145 0.000000 3561.117920 0.000000 0.358802 0.000000 0.933414 0.468586 0.468586 0.468586
7285.416992 0.000000 3546.417969 0.000000 0.619896 0.000000 0.784684 0.674774 0.674774 0.674774
7283.950684 0.000000 3539.056396 0.000000 0.910059 0.000000 0.414480 0.697013 0.697013 0.697013
7283.821777 0.000000 3567.406738 0.000000 0.937961 0.000000 -0.346740 0.751361 0.751361 0.751361
7259.773438 0.000000 3575.511475 0.000000 0.843431 0.000000 0.537238 0.688106 0.688106 0.688106
7286.842285 0.000000 3577.458984 0.000000 0.732361 0.000000 0.680917 0.672512 0.672512 0.672512
7273.386230 0.000000 3547.549561 0.000000 0.723576 0.000000 -0.690245 0.710651 0.710651 0.710651
7254.690430 0.000000 3565.572510 0.000000 0.480485 0.000000 -0.877003 0.709346 0.709346 0.709346
7268.159180 0.000000 3580.049805 0.000000 0.873849 0.000000 -0.486197 0.765660 0.765660 0.765660
7260.581055 0.000000 3544.752930 0.000000 0.774267 0.000000 -0.632859 0.707185 0.707185 0.707185
7277.160645 0.000000 3559.782227 0.000000 0.889160 0.000000 -0.457596 0.790536 0.790536 0.790536
7306.019531 0.000000 3536.466309 0.000000 0.182534 0.000000 -0.983199 0.809094 0.809094 0.809094
7295.983887 0.000000 3566.005859 0.000000 0.102830 0.000000 -0.994699 0.815428 0.815428 0.815428
7295.593262 0.000000 3554.267334 0.000000 0.611492 0.000000 0.791251 0.684047 0.684047 0.684047
7286.915039 0.000000 3589.631348 0.000000 0.935578 0.000000 0.353121 0.599717 0.599717 0.599717
7268.482422 0.000000 3568.277344 0.000000 0.435017 0.000000 -0.900422 0.741130 0.741130 0.741130
7276.805176 0.000000 3577.394043 0.000000 0.256522 0.000000 0.966538 0.115607 0.115607 0.115607
7298.265137 0.000000 3579.789795 0.000000 0.775053 0.000000 0.631896 0.682070 0.682070 0.682070
7274.988770 0.000000 3588.367188 0.000000 0.790176 0.000000 -0.612880 0.845263 0.845263 0.845263
7295.209473 0.000000 3537.820557 0.000000 0.715954 0.000000 -0.698148 0.710804 0.710804 0.710804
7272.739746 0.000000 3530.485596 0.000000 0.429603 0.000000 -0.903018 0.859495 0.859495 0.859495
7277.590332 0.000000 3569.334961 0.000000 0.271152 0.000000 0.962537 0.267341 0.267341 0.267341
7274.503418 0.000000 3540.815674 0.000000 0.748768 0.000000 0.662832 0.682272 0.682272 0.682272
7284.803223 0.000000 3555.533691 0.000000 0.942181 0.000000 -0.335104 0.722693 0.722693 0.722693
7271.573730 0.000000 3559.347900 0.000000 0.056553 0.000000 0.998400 0.398331 0.398331 0.398331
7300.979004 0.000000 3563.718750 0.000000 0.800595 0.000000 0.599206 0.679789 0.679789 0.679789
7221.898438 0.000000 3609.068848 0.000000 0.337279 0.000000 -0.941405 0.715007 0.715007 0.715007
7286.774902 0.000000 3571.751465 0.000000 0.592974 0.000000 0.805222 0.629660 0.629660 0.629660
7280.826660 0.000000 3594.976807 0.000000 0.188952 0.000000 -0.981986 0.919573 0.919573 0.919573
7279.552734 0.000000 3564.310547 0.000000 0.997394 0.000000 -0.072145 0.717288 0.717288 0.717288
7298.755371 0.000000 3534.267334 0.000000 0.984007 0.000000 0.178130 0.697496 0.697496 0.697496
7298.883301 0.000000 3543.919922 0.000000 0.975482 0.000000 0.220077 0.693796 0.693796 0.693796
7262.604980 0.000000 3587.057129 0.000000 0.854611 0.000000 -0.519269 0.709542 0.709542 0.709542
7293.515625 0.000000 3587.773682 0.000000 0.614820 0.000000 -0.788668 0.758753 0.758753 0.758753
7290.161133 0.000000 3547.404541 0.000000 0.994364 0.000000 -0.106021 0.703898 0.703898 0.703898
7269.396973 0.000000 3550.259033 0.000000 0.709886 0.000000 -0.704317 0.717754 0.717754 0.717754
7294.725098 0.000000 3571.603027 0.000000 0.456162 0.000000 -0.889897 0.732594 0.732594 0.732594
7291.113281 0.000000 3556.438232 0.000000 0.112104 0.000000 0.993696 0.669415 0.669415 0.669415
7276.479980 0.000000 3593.021973 0.000000 0.561589 0.000000 0.827416 0.556948 0.556948 0.556948
7271.754395 0.000000 3576.929199 0.000000 0.067639 0.000000 0.997710 0.615942 0.615942 0.615942
7278.125000 0.000000 3584.803955 0.000000 0.801615 0.000000 -0.597840 0.744794 0.744794 0.744794
7297.781738 0.000000 3575.182373 0.000000 0.965324 0.000000 -0.261054 0.704154 0.704154 0.704154
7270.671387 0.000000 3534.727539 0.000000 0.800949 0.000000 -0.598733 0.710096 0.710096 0.710096
7263.696777 0.000000 3578.192383 0.000000 0.335768 0.000000 0.941945 0.592665 0.592665 0.592665
7265.884766 0.000000 3535.873535 0.000000 0.140713 0.000000 0.990050 0.677515 0.677515 0.677515
7300.464844 0.000000 3548.444336 0.000000 0.475933 0.000000 0.879481 0.675583 0.675583 0.675583
7294.426270 0.000000 3543.040771 0.000000 0.962310 0.000000 -0.271955 0.708183 0.708183 0.708183
7277.887695 0.000000 3548.329102 0.000000 0.928402 0.000000 0.371577 0.636795 0.636795 0.636795
7258.546875 0.000000 3571.180908 0.000000 0.685339 0.000000 -0.728224 0.718532 0.718532 0.718532
7280.241211 0.000000 3556.530762 0.000000 0.847848 0.000000 -0.530240 0.819157 0.819157 0.819157
7264.911133 0.000000 3558.598389 0.000000 0.915115 0.000000 0.403192 0.693473 0.693473 0.693473
7283.884277 0.000000 3586.115234 0.000000 0.416732 0.000000 0.909029 0.620244 0.620244 0.620244
7287.368652 0.000000 3564.650391 0.000000 0.999809 0.000000 -0.019541 0.705977 0.705977 0.705977
7287.891113 0.000000 3593.847168 0.000000 0.994750 0.000000 0.102330 0.674562 0.674562 0.674562
7305.839844 0.000000 3549.371338 0.000000 0.831791 0.000000 -0.555089 0.717483 0.717483 0.717483
7305.087891 0.000000 3541.304443 0.000000 0.246134 0.000000 0.969236 0.637617 0.637617 0.637617
7281.435547 0.000000 3599.102051 0.000000 0.366794 0.000000 0.930302 0.677023 0.677023 0.677023
7262.979492 0.000000 3563.286377 0.000000 0.727416 0.000000 0.686197 0.685462 0.685462 0.685462
7264.584473 0.000000 3569.946289 0.000000 0.938056 0.000000 -0.346483 0.711130 0.711130 0.711130
7292.199219 0.000000 3564.471924 0.000000 0.993233 0.000000 -0.116142 0.721970 0.721970 0.721970
7290.757812 0.000000 3572.972900 0.000000 0.012169 0.000000 -0.999926 0.735410 0.735410 0.735410
7285.080078 0.000000 3550.805176 0.000000 0.975947 0.000000 -0.218010 0.708066 0.708066 0.708066
7292.908203 0.000000 3551.195557 0.000000 0.823449 0.000000 0.567390 0.683130 0.683130 0.683130
7265.504883 0.000000 3583.298340 0.000000 0.721592 0.000000 -0.692318 0.801564 0.801564 0.801564
7283.979980 0.000000 3592.362061 0.000000 0.751861 0.000000 -0.659321 0.825811 0.825811 0.825811
7271.030273 0.000000 3589.473145 0.000000 0.630972 0.000000 -0.775805 0.880013 0.880013 0.880013
7282.841797 0.000000 3577.249023 0.000000 0.123445 0.000000 0.992351 0.424359 0.424359 0.424359
7286.267090 0.000000 3542.434570 0.000000 0.727063 0.000000 0.686571 0.681485 0.681485 0.681485
7306.854980 0.000000 3531.672607 0.000000 0.956631 0.000000 0.291303 0.664873 0.664873 0.664873
7276.508789 0.000000 3573.338135 0.000000 0.954667 0.000000 0.297676 0.582207 0.582207 0.582207
7269.983398 0.000000 3583.523926 0.000000 0.431743 0.000000 -0.901997 0.906318 0.906318 0.906318
7286.351074 0.000000 3581.547119 0.000000 0.781217 0.000000 -0.624259 0.778939 0.778939 0.778939
7269.932129 0.000000 3555.793945 0.000000 0.111157 0.000000 0.993803 0.646441 0.646441 0.646441
7281.799316 0.000000 3547.736328 0.000000 0.849257 0.000000 -0.527980 0.750546 0.750546 0.750546
7278.606445 0.000000 3580.819580 0.000000 0.358895 0.000000 0.933378 0.230900 0.230900 0.230900
7302.291992 0.000000 3535.643799 0.000000 0.953612 0.000000 -0.301038 0.708550 0.708550 0.708550
7277.483398 0.000000 3553.581787 0.000000 0.801513 0.000000 -0.597978 0.879225 0.879225 0.879225
7298.102051 0.000000 3551.406006 0.000000 0.393490 0.000000 -0.919329 0.726498 0.726498 0.726498
7286.590332 0.000000 3558.859131 0.000000 0.840112 0.000000 -0.542412 0.780152 0.780152 0.780152
7270.862793 0.000000 3563.078125 0.000000 0.898031 0.000000 -0.439932 0.840904 0.840904 0.840904
7265.432129 0.000000 3565.951172 0.000000 0.448854 0.000000 0.893605 0.669094 0.669094 0.669094
7275.111328 0.000000 3550.850098 0.000000 0.351188 0.000000 0.936305 0.564448 0.564448 0.564448
7263.586426 0.000000 3531.203613 0.000000 0.608743 0.000000 0.793367 0.639149 0.639149 0.639149
7272.886230 0.000000 3568.557129 0.000000 0.999930 0.000000 0.011809 0.698968 0.698968 0.698968
7262.168457 0.000000 3572.604736 0.000000 0.787739 0.000000 0.616010 0.668685 0.668685 0.668685
7297.244141 0.000000 3540.736328 0.000000 0.803332 0.000000 0.595531 0.684392 0.684392 0.684392
7281.457031 0.000000 3569.961426 0.000000 0.437925 0.000000 0.899012 0.405106 0.405106 0.405106
7268.893066 0.000000 3571.810547 0.000000 0.882473 0.000000 -0.470363 0.717972 0.717972 0.717972
7283.360352 0.000000 3564.010742 0.000000 0.969010 0.000000 0.247023 0.638058 0.638058 0.638058
7268.302734 0.000000 3576.623779 0.000000 0.740809 0.000000 -0.671716 0.750198 0.750198 0.750198
7272.437012 0.000000 3585.904785 0.000000 0.898674 0.000000 0.438618 0.594463 0.594463 0.594463
7268.346191 0.000000 3591.664307 0.000000 0.041860 0.000000 -0.999124 0.798861 0.798861 0.798861
7290.331055 0.000000 3589.067139 0.000000 0.997373 0.000000 0.072440 0.682261 0.682261 0.682261
7284.488281 0.000000 3574.278076 0.000000 0.834761 0.000000 -0.550612 0.758084 0.758084 0.758084
7274.443359 0.000000 3561.767334 0.000000 0.406316 0.000000 -0.913732 0.963818 0.963818 0.963818
7301.891113 0.000000 3542.401367 0.000000 0.713126 0.000000 0.701036 0.675563 0.675563 0.675563
7274.584473 0.000000 3557.579346 0.000000 0.885595 0.000000 0.464459 0.550590 0.550590 0.550590
7268.370117 0.000000 3558.937256 0.000000 0.215174 0.000000 0.976576 0.515444 0.515444 0.515444
7288.033691 0.000000 3555.499023 0.000000 0.802530 0.000000 0.596612 0.682125 0.682125 0.682125
7297.737305 0.000000 3563.232178 0.000000 0.824262 0.000000 0.566208 0.670548 0.670548 0.670548
7287.239746 0.000000 3586.284668 0.000000 0.822593 0.000000 -0.568630 0.861722 0.861722 0.861722
7274.057617 0.000000 3579.386719 0.000000 0.896481 0.000000 0.443083 0.537153 0.537153 0.537153
7291.514648 0.000000 3544.406738 0.000000 0.998985 0.000000 -0.045042 0.701575 0.701575 0.701575
7286.806641 0.000000 3568.493164 0.000000 0.969395 0.000000 -0.245507 0.721674 0.721674 0.721674
7288.250488 0.000000 3544.868408 0.000000 0.961430 0.000000 -0.275049 0.708765 0.708765 0.708765
7273.903320 0.000000 3591.289307 0.000000 0.535599 0.000000 -0.844473 0.835315 0.835315 0.835315
7279.889648 0.000000 3576.375732 0.000000 0.473638 0.000000 0.880719 0.219883 0.219883 0.219883
7296.717773 0.000000 3569.135010 0.000000 0.267991 0.000000 0.963422 0.659123 0.659123 0.659123
7293.576172 0.000000 3568.612793 0.000000 0.260241 0.000000 -0.965544 0.823390 0.823390 0.823390
7276.987305 0.000000 3566.161621 0.000000 0.758575 0.000000 0.651586 0.526370 0.526370 0.526370
7285.832031 0.000000 3562.018799 0.000000 0.798767 0.000000 0.601641 0.420217 0.420217 0.420217
7270.676270 0.000000 3566.119385 0.000000 0.990436 0.000000 -0.137970 0.715964 0.715964 0.715964
7271.243652 0.000000 3580.764893 0.000000 0.938655 0.000000 0.344858 0.650161 0.650161 0.650161
7287.681152 0.000000 3549.126953 0.000000 0.114598 0.000000 0.993412 0.649112 0.649112 0.649112
7274.172363 0.000000 3575.182129 0.000000 0.999229 0.000000 0.039256 0.689089 0.689089 0.689089
7294.191895 0.000000 3562.291992 0.000000 0.839567 0.000000 0.543256 0.668887 0.668887 0.668887
7279.896973 0.000000 3567.370117 0.000000 0.985286 0.000000 0.170911 0.654977 0.654977 0.654977
7303.675781 0.000000 3538.687500 0.000000 0.236796 0.000000 0.971559 0.653454 0.653454 0.653454
7277.696289 0.000000 3589.738037 0.000000 0.999404 0.000000 -0.034530 0.705794 0.705794 0.705794
7304.463867 0.000000 3533.581787 0.000000 0.784886 0.000000 0.619640 0.653285 0.653285 0.653285
7272.128906 0.000000 3551.577881 0.000000 0.831429 0.000000 0.555631 0.671173 0.671173 0.671173
7279.643555 0.000000 3592.257324 0.000000 0.980237 0.000000 0.197827 0.660674 0.660674 0.660674
7280.611816 0.000000 3586.502686 0.000000 0.820118 0.000000 0.572195 0.669127 0.669127 0.669127
7275.315430 0.000000 3585.494629 0.000000 0.581783 0.000000 0.813344 0.542301 0.542301 0.542301
7270.483887 0.000000 3574.295654 0.000000 0.025191 0.000000 -0.999683 0.767527 0.767527 0.767527
7287.853027 0.000000 3574.601562 0.000000 0.761150 0.000000 -0.648576 0.732066 0.732066 0.732066
7279.921875 0.000000 3560.930176 0.000000 0.939651 0.000000 -0.342134 0.740886 0.740886 0.740886
7277.453125 0.000000 3595.785156 0.000000 0.532044 0.000000 0.846717 0.618825 0.618825 0.618825
7277.252441 0.000000 3556.481201 0.000000 0.773345 0.000000 -0.633985 0.869208 0.869208 0.869208
7274.933594 0.000000 3570.582031 0.000000 0.075396 0.000000 0.997154 0.368122 0.368122 0.368122
7283.871094 0.000000 3595.258789 0.000000 0.734271 0.000000 -0.678857 0.847358 0.847358 0.847358
7276.818359 0.000000 3563.328125 0.000000 0.940260 0.000000 0.340458 0.644145 0.644145 0.644145
7263.328613 0.000000 3575.260742 0.000000 0.998290 0.000000 0.058462 0.694378 0.694378 0.694378
7283.470215 0.000000 3588.939697 0.000000 0.133750 0.000000 0.991015 0.617148 0.617148 0.617148
7284.124023 0.000000 3579.828613 0.000000 0.866008 0.000000 -0.500030 0.757651 0.757651 0.757651
7284.362305 0.000000 3570.270264 0.000000 0.625409 0.000000 -0.780297 0.857998 0.857998 0.857998
7265.375977 0.000000 3580.515381 0.000000 0.836739 0.000000 0.547601 0.602779 0.602779 0.602779
7282.752441 0.000000 3557.759766 0.000000 0.768136 0.000000 -0.640287 0.946512 0.946512 0.946512
7279.053223 0.000000 3571.650879 0.000000 0.461887 0.000000 -0.886939 1.109800 1.109800 1.109800
7280.838379 0.000000 3579.118408 0.000000 0.805897 0.000000 0.592056 0.445325 0.445325 0.445325
7282.221191 0.000000 3554.490967 0.000000 0.930112 0.000000 -0.367275 0.820930 0.820930 0.820930
7289.398438 0.000000 3591.596680 0.000000 0.187053 0.000000 0.982350 0.248157 0.248157 0.248157
7268.171387 0.000000 3565.139160 0.000000 0.086498 0.000000 -0.996252 0.853031 0.853031 0.853031
7284.598633 0.000000 3583.537109 0.000000 0.295998 0.000000 0.955188 0.404747 0.404747 0.404747
7264.997070 0.000000 3585.923340 0.000000 0.991438 0.000000 -0.130575 0.712129 0.712129 0.712129
7289.460449 0.000000 3558.467285 0.000000 0.952489 0.000000 0.304573 0.679447 0.679447 0.679447
7306.125488 0.000000 3543.803467 0.000000 0.981291 0.000000 0.192529 0.688150 0.688150 0.688150
7276.594727 0.000000 3582.585938 0.000000 0.999532 0.000000 -0.030607 0.705510 0.705510 0.705510
7306.312012 0.000000 3546.403320 0.000000 0.996667 0.000000 -0.081577 0.704139 0.704139 0.704139
7289.900879 0.000000 3565.721436 0.000000 0.947023 0.000000 0.321166 0.585150 0.585150 0.585150
7265.703613 0.000000 3576.578125 0.000000 0.697421 0.000000 0.716661 0.565953 0.565953 0.565953
7306.274414 0.000000 3538.994873 0.000000 0.842383 0.000000 -0.538880 0.734810 0.734810 0.734810
7291.873535 0.000000 3570.604248 0.000000 0.971180 0.000000 0.238348 0.689065 0.689065 0.689065
7280.389648 0.000000 3583.579102 0.000000 0.310130 0.000000 -0.950694 0.950120 0.950120 0.950120
7267.097168 0.000000 3589.419922 0.000000 0.670396 0.000000 0.742003 0.622563 0.622563 0.622563
7279.598633 0.000000 3546.365967 0.000000 0.862258 0.000000 0.506470 0.613685 0.613685 0.613685
7277.209473 0.000000 3587.259277 0.000000 0.980750 0.000000 0.195269 0.678362 0.678362 0.678362
7270.229492 0.000000 3587.109863 0.000000 0.019916 0.000000 0.999802 0.325980 0.325980 0.325980
7278.538086 0.000000 3550.944580 0.000000 0.978407 0.000000 -0.206689 0.742204 0.742204 0.742204
7290.354492 0.000000 3586.592041 0.000000 0.197348 0.000000 0.980333 0.453013 0.453013 0.453013
7272.231445 0.000000 3556.831787 0.000000 0.804623 0.000000 0.593786 0.554454 0.554454 0.554454
7269.385742 0.000000 3561.135010 0.000000 0.868500 0.000000 -0.495690 0.777946 0.777946 0.777946
7275.277344 0.000000 3568.034668 0.000000 0.856645 0.000000 0.515907 0.593902 0.593902 0.593902
7282.763184 0.000000 3550.116455 0.000000 0.811886 0.000000 -0.583817 0.735953 0.735953 0.735953
7281.831055 0.000000 3565.982666 0.000000 0.429302 0.000000 -0.903161 0.971813 0.971813 0.971813
7267.699219 0.000000 3584.209473 0.000000 0.995185 0.000000 0.098011 0.683187 0.683187 0.683187
7278.732910 0.000000 3574.273682 0.000000 0.020481 0.000000 0.999790 0.036221 0.036221 0.036221
7287.172363 0.000000 3583.761963 0.000000 0.124543 0.000000 0.992214 0.470054 0.470054 0.470054
7270.157227 0.000000 3578.626953 0.000000 0.193298 0.000000 -0.981140 0.829878 0.829878 0.829878
7276.040039 0.000000 3546.765869 0.000000 0.246212 0.000000 -0.969216 0.891759 0.891759 0.891759
7262.494629 0.000000 3580.170410 0.000000 0.379031 0.000000 0.925384 0.619437 0.619437 0.619437
7279.794922 0.000000 3554.179443 0.000000 0.718734 0.000000 0.695285 0.514587 0.514587 0.514587
7276.338867 0.000000 3579.939453 0.000000 0.738179 0.000000 -0.674605 1.029960 1.029960 1.029960
7283.994141 0.000000 3552.941406 0.000000 0.875793 0.000000 -0.482686 0.795952 0.795952 0.795952
7281.819824 0.000000 3591.434326 0.000000 0.994453 0.000000 -0.105184 0.715285 0.715285 0.715285
7282.422852 0.000000 3597.017090 0.000000 0.988024 0.000000 0.154299 0.682132 0.682132 0.682132
7286.665527 0.000000 3591.898926 0.000000 0.998182 0.000000 -0.060278 0.716759 0.716759 0.716759
7281.391602 0.000000 3562.685303 0.000000 0.810445 0.000000 -0.585814 0.856411 0.856411 0.856411
7280.458984 0.000000 3549.677246 0.000000 0.449264 0.000000 0.893399 0.566773 0.566773 0.566773
7285.463379 0.000000 3587.762451 0.000000 0.619981 0.000000 -0.784617 0.833999 0.833999 0.833999
7289.403809 0.000000 3563.412598 0.000000 0.845659 0.000000 0.533723 0.502239 0.502239 0.502239
7285.167969 0.000000 3565.423340 0.000000 0.631562 0.000000 -0.775325 0.941879 0.941879 0.941879
7291.959473 0.000000 3561.710205 0.000000 0.163900 0.000000 0.986477 0.525527 0.525527 0.525527
7292.162598 0.000000 3566.756348 0.000000 0.422102 0.000000 -0.906548 0.884472 0.884472 0.884472
7264.375000 0.000000 3572.171387 0.000000 0.208349 0.000000 -0.978054 0.816537 0.816537 0.816537
7283.068848 0.000000 3572.186279 0.000000 0.454875 0.000000 -0.890555 0.978376 0.978376 0.978376
7279.518555 0.000000 3558.673096 0.000000 0.829273 0.000000 -0.558843 0.772541 0.772541 0.772541
7278.733398 0.000000 3578.540283 0.000000 0.293832 0.000000 -0.955857 1.267097 1.267097 1.267097
7286.207031 0.000000 3595.362061 0.000000 0.167654 0.000000 0.985846 0.481886 0.481886 0.481886
7282.542969 0.000000 3584.335449 0.000000 0.996360 0.000000 0.085247 0.689708 0.689708 0.689708
7294.390625 0.000000 3564.474365 0.000000 0.805493 0.000000 -0.592606 0.754315 0.754315 0.754315
7306.547852 0.000000 3534.118896 0.000000 0.204700 0.000000 0.978825 0.506830 0.506830 0.506830
7266.661621 0.000000 3578.496826 0.000000 0.267681 0.000000 0.963508 0.486476 0.486476 0.486476
7272.267090 0.000000 3561.452148 0.000000 0.850785 0.000000 0.525513 0.537549 0.537549 0.537549
7268.111816 0.000000 3574.466309 0.000000 0.086780 0.000000 0.996228 0.604050 0.604050 0.604050
7273.785645 0.000000 3559.687744 0.000000 0.262413 0.000000 0.964956 0.348714 0.348714 0.348714
7284.914551 0.000000 3590.485596 0.000000 0.995827 0.000000 0.091263 0.686584 0.686584 0.686584
7268.255859 0.000000 3582.149170 0.000000 0.868272 0.000000 -0.496088 0.795251 0.795251 0.795251
7270.491211 0.000000 3591.534668 0.000000 0.087062 0.000000 0.996203 0.557398 0.557398 0.557398
7284.863770 0.000000 3576.702148 0.000000 0.745030 0.000000 -0.667031 0.758701 0.758701 0.758701
7288.419434 0.000000 3588.091797 0.000000 0.593867 0.000000 0.804563 0.335644 0.335644 0.335644
7282.293945 0.000000 3575.199951 0.000000 0.940034 0.000000 0.341082 0.631873 0.631873 0.631873
7277.665527 0.000000 3545.440918 0.000000 0.962442 0.000000 -0.271486 0.718258 0.718258 0.718258
7275.653320 0.000000 3548.798584 0.000000 0.096758 0.000000 0.995308 0.584092 0.584092 0.584092
7272.232910 0.000000 3583.803711 0.000000 0.816794 0.000000 -0.576930 0.841861 0.841861 0.841861
7272.774414 0.000000 3588.308350 0.000000 0.157893 0.000000 0.987456 0.384095 0.384095 0.384095
7275.704102 0.000000 3555.066650 0.000000 0.889838 0.000000 0.456276 0.595670 0.595670 0.595670
7284.502441 0.000000 3558.853271 0.000000 0.831018 0.000000 0.556245 0.554653 0.554653 0.554653
7279.082520 0.000000 3588.119141 0.000000 0.687816 0.000000 -0.725885 0.806470 0.806470 0.806470
7276.450195 0.000000 3575.388184 0.000000 0.732283 0.000000 0.681001 0.367472 0.367472 0.367472
7269.070801 0.000000 3588.971436 0.000000 0.837367 0.000000 0.546641 0.604993 0.604993 0.604993
7278.026367 0.000000 3561.691162 0.000000 0.674707 0.000000 -0.738086 0.797210 0.797210 0.797210
7288.580566 0.000000 3567.470215 0.000000 0.971078 0.000000 -0.238763 0.754773 0.754773 0.754773
7287.917969 0.000000 3562.054932 0.000000 0.397417 0.000000 0.917638 0.234933 0.234933 0.234933
7275.912109 0.000000 3590.913818 0.000000 0.109670 0.000000 0.993968 0.426823 0.426823 0.426823
7278.886719 0.000000 3594.181396 0.000000 0.296437 0.000000 -0.955052 0.855340 0.855340 0.855340
7275.360840 0.000000 3553.012939 0.000000 0.800232 0.000000 -0.599690 0.813513 0.813513 0.813513
7282.291504 0.000000 3593.593506 0.000000 0.092243 0.000000 0.995736 0.441633 0.441633 0.441633
7270.309570 0.000000 3557.778076 0.000000 0.031441 0.000000 -0.999506 0.971704 0.971704 0.971704
7272.908691 0.000000 3563.409912 0.000000 0.605001 0.000000 -0.796225 0.996162 0.996162 0.996162
7276.817871 0.000000 3571.210693 0.000000 0.942221 0.000000 -0.334992 0.828348 0.828348 0.828348
7274.600586 0.000000 3572.541504 0.000000 0.669503 0.000000 -0.742809 0.894602 0.894602 0.894602
7281.831055 0.000000 3568.015625 0.000000 0.995721 0.000000 -0.092415 0.724422 0.724422 0.724422
7281.415039 0.000000 3559.508057 0.000000 0.998476 0.000000 0.055192 0.687744 0.687744 0.687744
7285.607910 0.000000 3585.242432 0.000000 0.543679 0.000000 0.839293 0.527684 0.527684 0.527684
7272.581543 0.000000 3566.612061 0.000000 0.987097 0.000000 0.160121 0.677236 0.677236 0.677236
7269.179688 0.000000 3585.454102 0.000000 0.025537 0.000000 -0.999674 1.032157 1.032157 1.032157
7294.130859 0.000000 3566.674316 0.000000 0.947240 0.000000 -0.320525 0.725659 0.725659 0.725659
7273.670898 0.000000 3577.253174 0.000000 0.363432 0.000000 -0.931621 0.894843 0.894843 0.894843
7278.566895 0.000000 3582.913086 0.000000 0.931464 0.000000 0.363834 0.628416 0.628416 0.628416
7276.804688 0.000000 3551.702637 0.000000 0.922549 0.000000 -0.385879 0.781694 0.781694 0.781694
7285.505859 0.000000 3593.493652 0.000000 0.085442 0.000000 -0.996343 0.956964 0.956964 0.956964
7280.306641 0.000000 3581.650146 0.000000 0.940357 0.000000 -0.340189 0.821930 0.821930 0.821930
7272.270996 0.000000 3575.053223 0.000000 0.361571 0.000000 0.932345 0.565691 0.565691 0.565691
7272.245605 0.000000 3578.793701 0.000000 0.168931 0.000000 -0.985628 0.969330 0.969330 0.969330
7279.665527 0.000000 3569.472412 0.000000 0.921320 0.000000 -0.388805 0.822127 0.822127 0.822127
7286.691895 0.000000 3566.553467 0.000000 0.029961 0.000000 -0.999551 0.950424 0.950424 0.950424
7289.728027 0.000000 3595.949707 0.000000 0.896462 0.000000 -0.443121 0.744125 0.744125 0.744125
7261.618164 0.000000 3530.565430 0.000000 0.145571 0.000000 -0.989348 0.869306 0.869306 0.869306
7269.042480 0.000000 3563.537598 0.000000 0.658311 0.000000 -0.752746 0.823615 0.823615 0.823615
7277.658203 0.000000 3591.569336 0.000000 0.153508 0.000000 -0.988147 1.019374 1.019374 1.019374
7285.073242 0.000000 3572.462646 0.000000 0.995043 0.000000 0.099442 0.686248 0.686248 0.686248
7284.176270 0.000000 3581.750732 0.000000 0.902636 0.000000 -0.430405 0.774647 0.774647 0.774647
7276.192871 0.000000 3561.367676 0.000000 0.708554 0.000000 0.705657 0.590482 0.590482 0.590482
7273.009766 0.000000 3570.533203 0.000000 0.455936 0.000000 0.890012 0.600277 0.600277 0.600277
7276.256348 0.000000 3558.220459 0.000000 0.277489 0.000000 -0.960729 0.945655 0.945655 0.945655
7274.948242 0.000000 3563.477295 0.000000 0.364732 0.000000 -0.931113 0.992971 0.992971 0.992971
7274.695801 0.000000 3592.883545 0.000000 0.707224 0.000000 0.706990 0.614920 0.614920 0.614920
7291.667969 0.000000 3587.811523 0.000000 0.344806 0.000000 0.938674 0.480621 0.480621 0.480621
7273.958008 0.000000 3586.838135 0.000000 0.711903 0.000000 -0.702278 0.889131 0.889131 0.889131
7283.901367 0.000000 3562.270264 0.000000 0.903737 0.000000 0.428088 0.508274 0.508274 0.508274
7285.065430 0.000000 3568.645264 0.000000 0.999996 0.000000 -0.002890 0.700465 0.700465 0.700465
7278.151855 0.000000 3567.601074 0.000000 0.962572 0.000000 0.271028 0.628054 0.628054 0.628054
7273.689941 0.000000 3552.394043 0.000000 0.178420 0.000000 -0.983954 0.828876 0.828876 0.828876
7278.835938 0.000000 3565.939209 0.000000 0.719356 0.000000 0.694642 0.516145 0.516145 0.516145
7273.851074 0.000000 3584.474365 0.000000 0.756975 0.000000 -0.653443 0.865518 0.865518 0.865518
7272.174805 0.000000 3590.917969 0.000000 0.505938 0.000000 0.862570 0.560009 0.560009 0.560009
7278.097656 0.000000 3576.173340 0.000000 0.699948 0.000000 -0.714194 1.054489 1.054489 1.054489
7275.152344 0.000000 3581.257812 0.000000 0.300128 0.000000 -0.953899 1.087168 1.087168 1.087168
7271.837402 0.000000 3564.802246 0.000000 0.620775 0.000000 0.783989 0.477969 0.477969 0.477969
7288.705078 0.000000 3589.939697 0.000000 0.277254 0.000000 0.960797 0.197326 0.197326 0.197326
7273.088379 0.000000 3581.029785 0.000000 0.756764 0.000000 0.653688 0.538142 0.538142 0.538142
7285.208984 0.000000 3563.660156 0.000000 0.989820 0.000000 0.142322 0.638107 0.638107 0.638107
7270.895020 0.000000 3585.044678 0.000000 0.550366 0.000000 -0.834924 0.917552 0.917552 0.917552
7278.435059 0.000000 3555.236084 0.000000 0.110175 0.000000 0.993912 0.347801 0.347801 0.347801
7291.104980 0.000000 3560.090820 0.000000 0.074384 0.000000 -0.997230 0.885664 0.885664 0.885664
7276.966797 0.000000 3549.995117 0.000000 0.820220 0.000000 -0.572048 0.801107 0.801107 0.801107
7266.192871 0.000000 3587.936523 0.000000 0.210419 0.000000 -0.977611 0.897092 0.897092 0.897092
7279.275391 0.000000 3590.502441 0.000000 0.294633 0.000000 -0.955611 0.940024 0.940024 0.940024
7282.375000 0.000000 3579.972656 0.000000 0.050505 0.000000 0.998724 0.367900 0.367900 0.367900
7279.306152 0.000000 3552.524658 0.000000 0.816459 0.000000 -0.577404 0.859206 0.859206 0.859206
7281.420898 0.000000 3571.807861 0.000000 0.851871 0.000000 -0.523751 0.881110 0.881110 0.881110
7279.758789 0.000000 3548.106201 0.000000 0.327657 0.000000 0.944797 0.479505 0.479505 0.479505
7275.201660 0.000000 3577.961914 0.000000 0.475186 0.000000 0.879885 0.354128 0.354128 0.354128
7275.312500 0.000000 3566.212646 0.000000 0.998436 0.000000 -0.055906 0.708602 0.708602 0.708602
7284.878418 0.000000 3560.531250 0.000000 0.860007 0.000000 -0.510283 0.902144 0.902144 0.902144
7281.882324 0.000000 3556.138672 0.000000 0.258118 0.000000 -0.966113 0.979240 0.979240 0.979240
7266.493652 0.000000 3581.771973 0.000000 0.552505 0.000000 -0.833510 0.868768 0.868768 0.868768
7277.960938 0.000000 3558.018555 0.000000 0.985400 0.000000 -0.170253 0.732590 0.732590 0.732590
7281.231934 0.000000 3564.355469 0.000000 0.934771 0.000000 0.355250 0.612413 0.612413 0.612413
7288.802246 0.000000 3585.633789 0.000000 0.998269 0.000000 -0.058810 0.710695 0.710695 0.710695
7291.098633 0.000000 3563.188721 0.000000 0.975876 0.000000 -0.218327 0.756927 0.756927 0.756927
7273.939941 0.000000 3556.032471 0.000000 0.020214 0.000000 -0.999796 1.054980 1.054980 1.054980
7266.699707 0.000000 3585.622559 0.000000 0.955678 0.000000 0.294415 0.648819 0.648819 0.648819
7279.650391 0.000000 3562.655029 0.000000 0.448523 0.000000 -0.893771 0.875837 0.875837 0.875837
7273.774414 0.000000 3589.638916 0.000000 0.995711 0.000000 0.092519 0.679275 0.679275 0.679275
7283.081543 0.000000 3569.153076 0.000000 0.935986 0.000000 0.352038 0.608211 0.608211 0.608211
7269.777344 0.000000 3581.512207 0.000000 0.163242 0.000000 0.986586 0.518068 0.518068 0.518068
7283.521973 0.000000 3565.767090 0.000000 0.971855 0.000000 -0.235581 0.759016 0.759016 0.759016
7275.437988 0.000000 3559.633545 0.000000 0.493641 0.000000 -0.869666 0.939573 0.939573 0.939573
7272.417480 0.000000 3555.218750 0.000000 0.658507 0.000000 0.752575 0.546646 0.546646 0.546646
7286.669922 0.000000 3560.635010 0.000000 0.567483 0.000000 -0.823385 0.970484 0.970484 0.970484
7284.286621 0.000000 3557.133301 0.000000 0.836743 0.000000 0.547595 0.619996 0.619996 0.619996
7281.034668 0.000000 3557.939941 0.000000 0.695631 0.000000 0.718399 0.529116 0.529116 0.529116
7277.919434 0.000000 3564.599365 0.000000 0.492266 0.000000 -0.870445 0.891946 0.891946 0.891946
7281.197266 0.000000 3577.345947 0.000000 0.527938 0.000000 -0.849283 1.054629 1.054629 1.054629
7275.169922 0.000000 3583.515137 0.000000 0.207360 0.000000 -0.978265 0.968948 0.968948 0.968948
7272.904785 0.000000 3558.337402 0.000000 0.996379 0.000000 -0.085017 0.722908 0.722908 0.722908
7271.473633 0.000000 3582.328125 0.000000 0.226993 0.000000 0.973896 0.451438 0.451438 0.451438
7283.972168 0.000000 3597.626221 0.000000 0.350045 0.000000 0.936733 0.560071 0.560071 0.560071
7266.768066 0.000000 3575.369385 0.000000 0.933948 0.000000 0.357410 0.646985 0.646985 0.646985
7279.138184 0.000000 3595.769775 0.000000 0.937757 0.000000 0.347292 0.656612 0.656612 0.656612
7264.119141 0.000000 3576.629150 0.000000 0.996404 0.000000 0.084725 0.685769 0.685769 0.685769
7276.065430 0.000000 3564.798828 0.000000 0.663650 0.000000 0.748043 0.546403 0.546403 0.546403
7270.242676 0.000000 3564.562256 0.000000 0.838483 0.000000 -0.544928 0.842007 0.842007 0.842007
7277.935547 0.000000 3572.725342 0.000000 0.374514 0.000000 0.927221 0.237442 0.237442 0.237442
7269.909668 0.000000 3559.655273 0.000000 0.994520 0.000000 -0.104550 0.714277 0.714277 0.714277
7264.923828 0.000000 3575.239014 0.000000 0.864208 0.000000 -0.503135 0.788451 0.788451 0.788451
7280.195312 0.000000 3574.824219 0.000000 0.727849 0.000000 0.685737 0.454386 0.454386 0.454386
7288.343750 0.000000 3565.909912 0.000000 0.998440 0.000000 -0.055833 0.719622 0.719622 0.719622
7276.506836 0.000000 3588.717773 0.000000 0.586368 0.000000 -0.810045 0.858411 0.858411 0.858411
7265.117676 0.000000 3578.878662 0.000000 0.895013 0.000000 -0.446039 0.777565 0.777565 0.777565
7273.901367 0.000000 3567.398926 0.000000 0.012076 0.000000 0.999927 0.479356 0.479356 0.479356
7280.760742 0.000000 3593.429688 0.000000 0.955547 0.000000 0.294840 0.642990 0.642990 0.642990
7282.735352 0.000000 3573.718018 0.000000 0.550355 0.000000 -0.834931 0.950361 0.950361 0.950361
7276.018066 0.000000 3569.460205 0.000000 0.996354 0.000000 0.085321 0.671486 0.671486 0.671486
7275.111328 0.000000 3573.982178 0.000000 0.321555 0.000000 0.946891 0.410992 0.410992 0.410992
7275.193359 0.000000 3576.402588 0.000000 0.314422 0.000000 -0.949283 1.102249 1.102249 1.102249
7289.314453 0.000000 3593.082275 0.000000 0.971444 0.000000 -0.237268 0.744376 0.744376 0.744376
7292.894043 0.000000 3563.104248 0.000000 0.600078 0.000000 -0.799941 0.828008 0.828008 0.828008
7278.967773 0.000000 3549.504883 0.000000 0.946558 0.000000 -0.322533 0.758539 0.758539 0.758539
7270.902832 0.000000 3560.762451 0.000000 0.463727 0.000000 0.885978 0.435564 0.435564 0.435564
7290.606445 0.000000 3590.580566 0.000000 0.909179 0.000000 0.416406 0.614435 0.614435 0.614435
7280.396484 0.000000 3565.597412 0.000000 0.892051 0.000000 -0.451934 0.813091 0.813091 0.813091
7282.259277 0.000000 3595.531250 0.000000 0.016151 0.000000 -0.999870 1.007007 1.007007 1.007007
7281.620605 0.000000 3561.062012 0.000000 0.639661 0.000000 0.768657 0.505414 0.505414 0.505414
7274.259277 0.000000 3569.138672 0.000000 0.296302 0.000000 -0.955094 0.948572 0.948572 0.948572
7286.743652 0.000000 3563.219971 0.000000 0.117799 0.000000 -0.993038 1.281375 1.281375 1.281375
7283.347656 0.000000 3555.844971 0.000000 0.994316 0.000000 -0.106466 0.734300 0.734300 0.734300
7275.538574 0.000000 3586.979980 0.000000 0.985983 0.000000 0.166845 0.667776 0.667776 0.667776
7278.701660 0.000000 3556.681396 0.000000 0.750705 0.000000 0.660637 0.583972 0.583972 0.583972
7283.660645 0.000000 3575.853271 0.000000 0.971117 0.000000 -0.238602 0.747156 0.747156 0.747156
7273.416504 0.000000 3531.937500 0.000000 0.402271 0.000000 0.915520 0.536250 0.536250 0.536250
7293.274414 0.000000 3565.493652 0.000000 0.757622 0.000000 0.652693 0.565781 0.565781 0.565781
7271.702148 0.000000 3587.179199 0.000000 0.615514 0.000000 -0.788126 0.918921 0.918921 0.918921
7277.152832 0.000000 3581.150146 0.000000 0.668459 0.000000 -0.743749 0.987264 0.987264 0.987264
7282.798340 0.000000 3570.600586 0.000000 0.291969 0.000000 0.956428 0.299083 0.299083 0.299083
7276.749023 0.000000 3567.887207 0.000000 0.895815 0.000000 0.444427 0.587325 0.587325 0.587325
7278.277832 0.000000 3563.202637 0.000000 0.916897 0.000000 -0.399123 0.765292 0.765292 0.765292
7284.094238 0.000000 3593.834229 0.000000 0.798309 0.000000 0.602248 0.588181 0.588181 0.588181
7277.291504 0.000000 3578.750732 0.000000 0.827731 0.000000 0.561126 0.434516 0.434516 0.434516
7288.046387 0.000000 3592.287598 0.000000 0.901064 0.000000 0.433686 0.616903 0.616903 0.616903
7278.003906 0.000000 3592.988281 0.000000 0.999960 0.000000 -0.008993 0.701776 0.701776 0.701776
7287.686523 0.000000 3582.401367 0.000000 0.814799 0.000000 -0.579743 0.798346 0.798346 0.798346
7279.504883 0.000000 3573.050049 0.000000 0.052471 0.000000 0.998622 0.110954 0.110954 0.110954
7287.003418 0.000000 3587.911865 0.000000 0.996925 0.000000 -0.078357 0.720973 0.720973 0.720973
7279.560547 0.000000 3579.760010 0.000000 0.709842 0.000000 0.704361 0.351727 0.351727 0.351727
7282.968750 0.000000 3578.673584 0.000000 0.062550 0.000000 -0.998042 1.029464 1.029464 1.029464
7275.712891 0.000000 3556.695557 0.000000 0.955761 0.000000 0.294143 0.607649 0.607649 0.607649
7281.179199 0.000000 3553.398682 0.000000 0.448122 0.000000 -0.893973 0.930034 0.930034 0.930034
7285.964844 0.000000 3582.939941 0.000000 0.513889 0.000000 -0.857856 0.939653 0.939653 0.939653
7283.709473 0.000000 3554.330078 0.000000 0.923754 0.000000 0.382986 0.573620 0.573620 0.573620
7291.338379 0.000000 3565.622314 0.000000 0.534185 0.000000 -0.845367 1.030928 1.030928 1.030928
7278.240234 0.000000 3546.748047 0.000000 0.741515 0.000000 0.670936 0.580467 0.580467 0.580467
7280.216797 0.000000 3570.785400 0.000000 0.252789 0.000000 -0.967521 1.132115 1.132115 1.132115
7266.743164 0.000000 3579.963379 0.000000 0.573798 0.000000 0.818997 0.542354 0.542354 0.542354
7287.652344 0.000000 3590.818848 0.000000 0.503115 0.000000 -0.864220 0.989980 0.989980 0.989980
7279.945312 0.000000 3551.020996 0.000000 0.145225 0.000000 0.989399 0.411113 0.411113 0.411113
7266.998535 0.000000 3577.108643 0.000000 0.742636 0.000000 0.669695 0.589716 0.589716 0.589716
7280.824707 0.000000 3555.209229 0.000000 0.241845 0.000000 0.970315 0.396313 0.396313 0.396313
7285.246582 0.000000 3580.676514 0.000000 0.804721 0.000000 0.593653 0.593368 0.593368 0.593368
7283.265137 0.000000 3583.075195 0.000000 0.884093 0.000000 0.467310 0.603978 0.603978 0.603978
7277.114258 0.000000 3554.932617 0.000000 0.306905 0.000000 0.951740 0.374406 0.374406 0.374406
7282.748535 0.000000 3559.222656 0.000000 0.960557 0.000000 0.278084 0.574421 0.574421 0.574421
7281.087891 0.000000 3580.521729 0.000000 0.703560 0.000000 -0.710636 0.977640 0.977640 0.977640
7279.947754 0.000000 3577.941650 0.000000 0.970376 0.000000 -0.241598 0.808740 0.808740 0.808740
7278.622559 0.000000 3570.356201 0.000000 0.958038 0.000000 -0.286640 0.809232 0.809232 0.809232
7275.313965 0.000000 3589.694092 0.000000 0.150094 0.000000 0.988672 0.387293 0.387293 0.387293
7266.942383 0.000000 3583.094482 0.000000 0.035921 0.000000 0.999355 0.434451 0.434451 0.434451
7290.537109 0.000000 3564.424316 0.000000 0.934863 0.000000 0.355008 0.580763 0.580763 0.580763
7281.730957 0.000000 3583.228027 0.000000 0.816591 0.000000 0.577217 0.577414 0.577414 0.577414
7288.788086 0.000000 3564.617676 0.000000 0.799077 0.000000 0.601229 0.473421 0.473421 0.473421
7290.615234 0.000000 3566.874756 0.000000 0.516235 0.000000 0.856447 0.448403 0.448403 0.448403
7288.059570 0.000000 3563.372803 0.000000 0.908791 0.000000 -0.417252 0.851191 0.851191 0.851191
7268.966797 0.000000 3587.497559 0.000000 0.856352 0.000000 0.516393 0.594739 0.594739 0.594739
7280.624512 0.000000 3568.541748 0.000000 0.982322 0.000000 0.187201 0.650307 0.650307 0.650307
7277.377930 0.000000 3574.402100 0.000000 0.755023 0.000000 0.655699 0.382573 0.382573 0.382573
7289.781738 0.000000 3587.850830 0.000000 0.228302 0.000000 -0.973590 1.086524 1.086524 1.086524
7281.169922 0.000000 3575.965332 0.000000 0.680265 0.000000 0.732966 0.432590 0.432590 0.432590
7272.427246 0.000000 3589.577637 0.000000 0.717674 0.000000 -0.696379 0.872318 0.872318 0.872318
7266.378906 0.000000 3584.337158 0.000000 0.967465 0.000000 0.253006 0.656193 0.656193 0.656193
7282.599609 0.000000 3561.968994 0.000000 0.551191 0.000000 -0.834379 1.139843 1.139843 1.139843
7282.735352 0.000000 3553.285889 0.000000 0.969462 0.000000 0.245240 0.652804 0.652804 0.652804
7275.868164 0.000000 3572.099609 0.000000 0.988005 0.000000 -0.154421 0.736036 0.736036 0.736036
7278.855957 0.000000 3577.238037 0.000000 0.531303 0.000000 0.847182 0.249616 0.249616 0.249616
7285.356445 0.000000 3571.194824 0.000000 0.428842 0.000000 -0.903379 0.899026 0.899026 0.899026
7271.602539 0.000000 3558.006104 0.000000 0.934485 0.000000 -0.356001 0.772515 0.772515 0.772515
7285.089355 0.000000 3594.722656 0.000000 0.520131 0.000000 -0.854086 0.909332 0.909332 0.909332
7283.195312 0.000000 3580.941650 0.000000 0.858093 0.000000 0.513495 0.568066 0.568066 0.568066
7268.678711 0.000000 3583.412109 0.000000 0.873563 0.000000 -0.486711 0.793275 0.793275 0.793275
7287.570312 0.000000 3585.031006 0.000000 0.533778 0.000000 -0.845625 0.937748 0.937748 0.937748
7288.949219 0.000000 3586.891846 0.000000 0.910839 0.000000 0.412761 0.577311 0.577311 0.577311
7290.122070 0.000000 3562.332275 0.000000 0.996375 0.000000 -0.085070 0.722029 0.722029 0.722029
7277.998047 0.000000 3552.142334 0.000000 0.392775 0.000000 0.919634 0.373650 0.373650 0.373650
7283.943848 0.000000 3573.111084 0.000000 0.832765 0.000000 0.553627 0.551327 0.551327 0.551327
7272.633301 0.000000 3560.220703 0.000000 0.932488 0.000000 -0.361200 0.808499 0.808499 0.808499
7282.418457 0.000000 3564.877441 0.000000 0.588891 0.000000 -0.808212 0.933543 0.933543 0.933543
7272.321777 0.000000 3580.029541 0.000000 0.467589 0.000000 0.883946 0.453677 0.453677 0.453677
7286.201172 0.000000 3590.720947 0.000000 0.413735 0.000000 0.910398 0.382054 0.382054 0.382054
7281.087402 0.000000 3567.003418 0.000000 0.779708 0.000000 0.626144 0.568752 0.568752 0.568752
7270.453613 0.000000 3588.333252 0.000000 0.761140 0.000000 0.648588 0.556935 0.556935 0.556935
7276.246094 0.000000 3553.923096 0.000000 0.621161 0.000000 0.783683 0.448188 0.448188 0.448188
7278.160645 0.000000 3579.657471 0.000000 0.153413 0.000000 -0.988162 1.331363 1.331363 1.331363
7273.269531 0.000000 3562.219482 0.000000 0.998009 0.000000 -0.063074 0.720295 0.720295 0.720295
7286.074219 0.000000 3564.577881 0.000000 0.537613 0.000000 -0.843192 1.006804 1.006804 1.006804
7275.858398 0.000000 3562.568848 0.000000 0.467279 0.000000 -0.884110 0.965357 0.965357 0.965357
7278.659668 0.000000 3568.749756 0.000000 0.876256 0.000000 -0.481847 0.853758 0.853758 0.853758
7280.149414 0.000000 3559.733398 0.000000 0.785450 0.000000 0.618925 0.551881 0.551881 0.551881
7273.426270 0.000000 3557.167236 0.000000 0.922520 0.000000 0.385949 0.609288 0.609288 0.609288
7285.533691 0.000000 3559.528076 0.000000 0.250183 0.000000 -0.968199 1.024750 1.024750 1.024750
7279.109375 0.000000 3575.458496 0.000000 0.606231 0.000000 -0.795289 1.093684 1.093684 1.093684
7279.636719 0.000000 3555.408447 0.000000 0.693158 0.000000 0.720786 0.505876 0.505876 0.505876
7291.601562 0.000000 3567.850830 0.000000 0.826832 0.000000 -0.562449 0.846148 0.846148 0.846148
7272.729492 0.000000 3582.671631 0.000000 0.321732 0.000000 -0.946831 0.986791 0.986791 0.986791
7282.152344 0.000000 3563.598877 0.000000 0.425922 0.000000 0.904760 0.209904 0.209904 0.209904
7274.701660 0.000000 3560.601562 0.000000 0.969258 0.000000 -0.246047 0.756913 0.756913 0.756913
7291.538086 0.000000 3589.161377 0.000000 0.745052 0.000000 0.667007 0.521352 0.521352 0.521352
7275.114746 0.000000 3579.917969 0.000000 0.869274 0.000000 0.494330 0.516567 0.516567 0.516567
7280.266113 0.000000 3572.115967 0.000000 0.941078 0.000000 -0.338190 0.807317 0.807317 0.807317
7278.621094 0.000000 3553.864990 0.000000 0.270938 0.000000 0.962597 0.364688 0.364688 0.364688
7286.223633 0.000000 3586.859131 0.000000 0.866245 0.000000 -0.499619 0.839883 0.839883 0.839883
7281.765137 0.000000 3578.403320 0.000000 0.660339 0.000000 0.750967 0.358538 0.358538 0.358538
7273.541504 0.000000 3560.989502 0.000000 0.932652 0.000000 -0.360778 0.808366 0.808366 0.808366
7272.879883 0.000000 3565.326172 0.000000 0.979257 0.000000 -0.202620 0.755267 0.755267 0.755267
7279.152344 0.000000 3581.850342 0.000000 0.989624 0.000000 0.143683 0.643811 0.643811 0.643811
7271.165527 0.000000 3561.952393 0.000000 0.695080 0.000000 -0.718933 0.894882 0.894882 0.894882
7287.095215 0.000000 3592.969727 0.000000 0.109705 0.000000 0.993964 0.337475 0.337475 0.337475
7275.042480 0.000000 3554.120117 0.000000 0.166955 0.000000 0.985965 0.391053 0.391053 0.391053
7284.359863 0.000000 3564.599365 0.000000 0.770206 0.000000 0.637796 0.511445 0.511445 0.511445
7274.643555 0.000000 3558.734131 0.000000 0.986006 0.000000 0.166711 0.661948 0.661948 0.661948
7271.177246 0.000000 3586.152588 0.000000 0.305900 0.000000 -0.952064 1.003849 1.003849 1.003849
7280.673340 0.000000 3561.794189 0.000000 0.492143 0.000000 -0.870514 0.934427 0.934427 0.934427
7286.106445 0.000000 3584.189209 0.000000 0.870387 0.000000 -0.492369 0.821456 0.821456 0.821456
7276.188965 0.000000 3578.501465 0.000000 0.999510 0.000000 0.031317 0.686042 0.686042 0.686042
7280.361328 0.000000 3563.523682 0.000000 0.937426 0.000000 -0.348184 0.788874 0.788874 0.788874
7273.888184 0.000000 3588.054688 0.000000 0.993116 0.000000 -0.117132 0.726262 0.726262 0.726262
7276.539062 0.000000 3552.823730 0.000000 0.834640 0.000000 -0.550796 0.863103 0.863103 0.863103
7282.017578 0.000000 3572.858643 0.000000 0.149517 0.000000 -0.988759 1.060009 1.060009 1.060009
7272.162598 0.000000 3562.575928 0.000000 0.187350 0.000000 -0.982293 1.144497 1.144497 1.144497
7272.884277 0.000000 3587.152344 0.000000 0.322653 0.000000 -0.946517 1.001764 1.001764 1.001764
7274.111328 0.000000 3580.529053 0.000000 0.723716 0.000000 0.690098 0.467075 0.467075 0.467075
7281.306641 0.000000 3574.643799 0.000000 0.998026 0.000000 -0.062802 0.720427 0.720427 0.720427
7288.998047 0.000000 3562.365967 0.000000 0.988097 0.000000 -0.153832 0.754251 0.754251 0.754251
7272.784180 0.000000 3584.825439 0.000000 0.910178 0.000000 -0.414218 0.799267 0.799267 0.799267
7276.015137 0.000000 3567.068359 0.000000 0.618901 0.000000 0.785469 0.478959 0.478959 0.478959
7287.890625 0.000000 3589.106934 0.000000 0.540378 0.000000 -0.841422 0.977841 0.977841 0.977841
7278.020020 0.000000 3581.854004 0.000000 0.523586 0.000000 0.851973 0.302595 0.302595 0.302595
7289.190430 0.000000 3588.901855 0.000000 0.200158 0.000000 -0.979764 1.233623 1.233623 1.233623
7277.967285 0.000000 3571.375732 0.000000 0.996623 0.000000 0.082118 0.669111 0.669111 0.669111
7276.923828 0.000000 3572.324707 0.000000 0.554751 0.000000 -0.832016 1.082982 1.082982 1.082982
7277.018555 0.000000 3576.332275 0.000000 0.096958 0.000000 0.995288 0.043276 0.043276 0.043276
7284.774414 0.000000 3561.635498 0.000000 0.084604 0.000000 -0.996415 1.260967 1.260967 1.260967
7273.938965 0.000000 3563.962891 0.000000 0.690371 0.000000 0.723456 0.439927 0.439927 0.439927
7271.811523 0.000000 3563.636963 0.000000 0.706237 0.000000 0.707976 0.456678 0.456678 0.456678
7277.880371 0.000000 3577.726318 0.000000 0.991403 0.000000 0.130840 0.641525 0.641525 0.641525
7275.380859 0.000000 3575.035156 0.000000 0.146560 0.000000 0.989202 0.304401 0.304401 0.304401
7283.984863 0.000000 3559.816406 0.000000 0.953778 0.000000 -0.300513 0.836021 0.836021 0.836021
7282.912598 0.000000 3568.090332 0.000000 0.642684 0.000000 -0.766132 0.922692 0.922692 0.922692
7283.982422 0.000000 3568.479980 0.000000 0.840176 0.000000 0.542314 0.553752 0.553752 0.553752
7287.839844 0.000000 3587.187012 0.000000 0.995598 0.000000 -0.093726 0.725097 0.725097 0.725097
7283.003418 0.000000 3562.964844 0.000000 0.911993 0.000000 -0.410206 0.883190 0.883190 0.883190
7276.849609 0.000000 3570.138428 0.000000 0.999961 0.000000 0.008850 0.696675 0.696675 0.696675
7284.197266 0.000000 3563.334229 0.000000 0.900518 0.000000 0.434818 0.505041 0.505041 0.505041
7286.666016 0.000000 3565.452148 0.000000 0.991683 0.000000 -0.128704 0.739471 0.739471 0.739471
7276.231445 0.000000 3574.365723 0.000000 0.600468 0.000000 0.799649 0.288646 0.288646 0.288646
7286.889648 0.000000 3561.836914 0.000000 0.782599 0.000000 0.622526 0.512109 0.512109 0.512109
7276.125488 0.000000 3581.638184 0.000000 0.787393 0.000000 -0.616451 0.927516 0.927516 0.927516
7286.332520 0.000000 3588.762939 0.000000 0.674417 0.000000 0.738351 0.469199 0.469199 0.469199
7274.002930 0.000000 3576.271729 0.000000 0.997725 0.000000 -0.067419 0.721695 0.721695 0.721695
7278.103516 0.000000 3575.120850 0.000000 0.512680 0.000000 0.858580 0.257930 0.257930 0.257930
7283.556641 0.000000 3558.489258 0.000000 0.812137 0.000000 -0.583467 0.977626 0.977626 0.977626
7289.563965 0.000000 3590.591553 0.000000 0.894539 0.000000 -0.446989 0.851437 0.851437 0.851437
7282.830566 0.000000 3556.702393 0.000000 0.552000 0.000000 -0.833844 1.049806 1.049806 1.049806
7280.093262 0.000000 3580.661865 0.000000 0.388471 0.000000 0.921461 0.288380 0.288380 0.288380
7283.945801 0.000000 3561.085205 0.000000 0.740590 0.000000 0.671957 0.371635 0.371635 0.371635
7284.895508 0.000000 3562.630615 0.000000 0.198165 0.000000 0.980169 0.105673 0.105673 0.105673
7275.023438 0.000000 3578.917725 0.000000 0.967853 0.000000 -0.251515 0.790196 0.790196 0.790196
7277.345703 0.000000 3580.189941 0.000000 0.976750 0.000000 0.214381 0.625994 0.625994 0.625994
7279.634277 0.000000 3568.309082 0.000000 0.974561 0.000000 0.224121 0.630870 0.630870 0.630870
7274.037109 0.000000 3581.526367 0.000000 0.916921 0.000000 -0.399068 0.825542 0.825542 0.825542
7282.178223 0.000000 3560.201904 0.000000 0.803934 0.000000 0.594718 0.416169 0.416169 0.416169
7288.604004 0.000000 3591.029785 0.000000 0.953586 0.000000 0.301120 0.600043 0.600043 0.600043
7285.749023 0.000000 3561.004395 0.000000 0.121258 0.000000 -0.992621 1.247056 1.247056 1.247056
7275.813477 0.000000 3577.164062 0.000000 0.899724 0.000000 -0.436459 0.845233 0.845233 0.845233
7276.764648 0.000000 3568.860352 0.000000 0.848505 0.000000 -0.529188 0.886135 0.886135 0.886135
7281.685547 0.000000 3570.885498 0.000000 0.991109 0.000000 0.133055 0.656155 0.656155 0.656155
7279.926270 0.000000 3573.931152 0.000000 0.022768 0.000000 -0.999741 1.300578 1.300578 1.300578
7274.295898 0.000000 3578.218018 0.000000 0.998913 0.000000 0.046623 0.683454 0.683454 0.683454
7277.571777 0.000000 3568.393555 0.000000 0.612970 0.000000 0.790106 0.395925 0.395925 0.395925
7281.890137 0.000000 3576.718506 0.000000 0.359554 0.000000 0.933124 0.279529 0.279529 0.279529
7278.005371 0.000000 3573.709473 0.000000 0.999632 0.000000 -0.027141 0.710531 0.710531 0.710531
7289.693359 0.000000 3564.804199 0.000000 0.837215 0.000000 0.546875 0.496749 0.496749 0.496749
7285.848633 0.000000 3562.995850 0.000000 0.990404 0.000000 -0.138205 0.760090 0.760090 0.760090
7279.702637 0.000000 3578.866211 0.000000 0.768169 0.000000 -0.640247 1.009635 1.009635 1.009635
7276.113281 0.000000 3576.230713 0.000000 0.990938 0.000000 -0.134316 0.760037 0.760037 0.760037
7278.808105 0.000000 3572.494385 0.000000 0.420967 0.000000 0.907076 0.259163 0.259163 0.259163
7281.778809 0.000000 3579.296143 0.000000 0.323218 0.000000 0.946324 0.200919 0.200919 0.200919
7280.892578 0.000000 3578.222900 0.000000 0.571760 0.000000 0.820421 0.313271 0.313271 0.313271
7289.593750 0.000000 3589.670166 0.000000 0.998810 0.000000 0.048781 0.680982 0.680982 0.680982
7280.510742 0.000000 3579.902832 0.000000 0.812020 0.000000 -0.583630 0.950489 0.950489 0.950489
7282.486816 0.000000 3561.128906 0.000000 0.874701 0.000000 0.484663 0.474519 0.474519 0.474519
7277.329102 0.000000 3575.505371 0.000000 0.337912 0.000000 0.941178 0.155752 0.155752 0.155752
7277.602051 0.000000 3576.917725 0.000000 0.510836 0.000000 0.859678 0.238930 0.238930 0.238930
7278.918945 0.000000 3576.255615 0.000000 0.759764 0.000000 0.650199 0.384559 0.384559 0.384559
7283.228027 0.000000 3561.484375 0.000000 0.901678 0.000000 0.432409 0.500729 0.500729 0.500729
7219.194824 0.000000 3670.386230 0.000000 0.848811 0.000000 0.528696 0.685397 0.685397 0.685397
7187.035156 0.000000 3672.066650 0.000000 0.875768 0.000000 0.482732 0.699120 0.699120 0.699120
7201.956543 0.000000 3659.158691 0.000000 0.223791 0.000000 0.974637 0.688247 0.688247 0.688247
7186.953125 0.000000 3689.503906 0.000000 0.706830 0.000000 0.707383 0.682148 0.682148 0.682148
7203.473633 0.000000 3675.204346 0.000000 0.465528 0.000000 -0.885033 0.726584 0.726584 0.726584
7217.217773 0.000000 3686.088379 0.000000 0.990881 0.000000 -0.134739 0.701181 0.701181 0.701181
7179.057617 0.000000 3680.788574 0.000000 0.117868 0.000000 0.993029 0.677152 0.677152 0.677152
7218.173828 0.000000 3737.384033 0.000000 0.334529 0.000000 -0.942386 0.742980 0.742980 0.742980
7194.084961 0.000000 3680.463867 0.000000 0.410678 0.000000 0.911781 0.687967 0.687967 0.687967
7196.111816 0.000000 3667.530029 0.000000 0.176377 0.000000 -0.984323 0.729223 0.729223 0.729223
7209.302246 0.000000 3667.088379 0.000000 0.926820 0.000000 -0.375505 0.708745 0.708745 0.708745
7212.427246 0.000000 3677.840332 0.000000 0.989203 0.000000 -0.146549 0.704369 0.704369 0.704369
7193.947266 0.000000 3658.966797 0.000000 0.037779 0.000000 -0.999286 0.713395 0.713395 0.713395
7185.649902 0.000000 3679.291016 0.000000 0.985482 0.000000 0.169781 0.697913 0.697913 0.697913
7202.730957 0.000000 3668.102295 0.000000 0.985005 0.000000 -0.172523 0.704545 0.704545 0.704545
7196.829590 0.000000 3674.391113 0.000000 0.831351 0.000000 -0.555747 0.718536 0.718536 0.718536
7213.432617 0.000000 3732.915527 0.000000 0.551090 0.000000 0.834446 0.691375 0.691375 0.691375
7220.253906 0.000000 3730.377197 0.000000 0.882179 0.000000 -0.470915 0.709426 0.709426 0.709426
7181.166992 0.000000 3687.034180 0.000000 0.605714 0.000000 0.795683 0.659800 0.659800 0.659800
7215.202637 0.000000 3665.622070 0.000000 0.480160 0.000000 0.877181 0.688781 0.688781 0.688781
7218.886230 0.000000 3676.364014 0.000000 0.164901 0.000000 0.986310 0.650888 0.650888 0.650888
7208.991699 0.000000 3672.990234 0.000000 0.999909 0.000000 -0.013527 0.700378 0.700378 0.700378
7189.812988 0.000000 3684.378418 0.000000 0.997909 0.000000 -0.064639 0.702374 0.702374 0.702374
7190.598145 0.000000 3676.319336 0.000000 0.401214 0.000000 -0.915984 0.742496 0.742496 0.742496
7197.811035 0.000000 3662.518066 0.000000 0.894706 0.000000 -0.446656 0.707283 0.707283 0.707283
7213.986816 0.000000 3670.703125 0.000000 0.773771 0.000000 -0.633465 0.719182 0.719182 0.719182
7216.565430 0.000000 3680.947021 0.000000 0.767876 0.000000 -0.640599 0.725516 0.725516 0.725516
7204.121094 0.000000 3663.422607 0.000000 0.583393 0.000000 -0.812190 0.716565 0.716565 0.716565
7184.762207 0.000000 3683.913574 0.000000 0.141804 0.000000 -0.989895 0.757418 0.757418 0.757418
7176.704590 0.000000 3685.176758 0.000000 0.624265 0.000000 0.781213 0.685898 0.685898 0.685898
7200.376465 0.000000 3671.634766 0.000000 0.267697 0.000000 -0.963503 0.734072 0.734072 0.734072
7205.207031 0.000000 3671.456299 0.000000 0.689025 0.000000 -0.724738 0.722667 0.722667 0.722667
7189.516602 0.000000 3680.322510 0.000000 0.746912 0.000000 -0.664923 0.738135 0.738135 0.738135
7217.477051 0.000000 3733.391113 0.000000 0.144617 0.000000 0.989488 0.670102 0.670102 0.670102
7215.085449 0.000000 3674.712402 0.000000 0.841317 0.000000 0.540542 0.680040 0.680040 0.680040
7199.598145 0.000000 3665.843506 0.000000 0.898614 0.000000 0.438741 0.690475 0.690475 0.690475
7194.464844 0.000000 3676.945801 0.000000 0.942643 0.000000 -0.333802 0.709516 0.709516 0.709516
7196.368164 0.000000 3670.995117 0.000000 0.789143 0.000000 -0.614209 0.716182 0.716182 0.716182
7181.310547 0.000000 3683.608154 0.000000 0.959544 0.000000 0.281558 0.689027 0.689027 0.689027
7210.745117 0.000000 3670.216553 0.000000 0.949882 0.000000 -0.312610 0.709446 0.709446 0.709446
7212.040039 0.000000 3673.889160 0.000000 0.999011 0.000000 -0.044464 0.701321 0.701321 0.701321
7217.895508 0.000000 3673.299805 0.000000 0.866857 0.000000 -0.498557 0.715506 0.715506 0.715506
7187.065430 0.000000 3686.371094 0.000000 0.249260 0.000000 -0.968437 0.753012 0.753012 0.753012
7216.080078 0.000000 3677.730469 0.000000 0.197543 0.000000 0.980294 0.652048 0.652048 0.652048
7219.403320 0.000000 3679.428955 0.000000 0.922395 0.000000 -0.386249 0.715246 0.715246 0.715246
7218.993652 0.000000 3683.417480 0.000000 0.911559 0.000000 -0.411169 0.719253 0.719253 0.719253
7184.251465 0.000000 3687.749268 0.000000 0.036828 0.000000 -0.999322 0.788464 0.788464 0.788464
7187.180176 0.000000 3682.166504 0.000000 0.271400 0.000000 0.962467 0.641116 0.641116 0.641116
7183.165039 0.000000 3685.611328 0.000000 0.634604 0.000000 -0.772837 0.750940 0.750940 0.750940
7247.366699 0.000000 3658.995605 0.000000 0.081468 0.000000 0.996676 0.697397 0.697397 0.697397
7292.978027 0.000000 3716.932617 0.000000 0.928472 0.000000 -0.371401 0.704655 0.704655 0.704655
7260.609375 0.000000 3698.479492 0.000000 0.999806 0.000000 0.019678 0.696836 0.696836 0.696836
7274.027344 0.000000 3672.066650 0.000000 0.178201 0.000000 0.983994 0.697568 0.697568 0.697568
7229.387207 0.000000 3677.562500 0.000000 0.998393 0.000000 0.056674 0.698117 0.698117 0.698117
7273.562012 0.000000 3732.088379 0.000000 0.150830 0.000000 -0.988560 0.717363 0.717363 0.717363
7225.740234 0.000000 3728.273926 0.000000 0.931793 0.000000 -0.362991 0.705193 0.705193 0.705193
7242.551758 0.000000 3712.530029 0.000000 0.979822 0.000000 -0.199873 0.701055 0.701055 0.701055
7266.622559 0.000000 3653.164795 0.000000 0.707207 0.000000 -0.707007 0.728818 0.728818 0.728818
7273.812988 0.000000 3712.716797 0.000000 0.080714 0.000000 0.996737 0.673961 0.673961 0.673961
7294.455078 0.000000 3736.237793 0.000000 0.714055 0.000000 -0.700090 0.718974 0.718974 0.718974
7222.320312 0.000000 3661.167969 0.000000 0.595262 0.000000 0.803532 0.698369 0.698369 0.698369
7258.840332 0.000000 3721.664551 0.000000 0.441841 0.000000 -0.897093 0.711672 0.711672 0.711672
7267.186035 0.000000 3638.469482 0.000000 0.365936 0.000000 0.930640 0.683277 0.683277 0.683277
7260.621094 0.000000 3666.315186 0.000000 0.924554 0.000000 -0.381051 0.730743 0.730743 0.730743
7285.586426 0.000000 3704.521973 0.000000 0.990410 0.000000 0.138158 0.698789 0.698789 0.698789
7235.216797 0.000000 3739.651123 0.000000 0.493548 0.000000 -0.869718 0.723960 0.723960 0.723960
7243.207520 0.000000 3671.492188 0.000000 0.708979 0.000000 0.705230 0.690425 0.690425 0.690425
7226.478027 0.000000 3690.332520 0.000000 0.498276 0.000000 -0.867018 0.709168 0.709168 0.709168
7261.004883 0.000000 3738.606689 0.000000 0.356664 0.000000 0.934233 0.695785 0.695785 0.695785
7279.137695 0.000000 3650.898438 0.000000 0.987477 0.000000 0.157766 0.694186 0.694186 0.694186
7284.949219 0.000000 3727.038086 0.000000 0.790076 0.000000 -0.613008 0.709225 0.709225 0.709225
7301.918945 0.000000 3726.534424 0.000000 0.999995 0.000000 -0.003177 0.700028 0.700028 0.700028
7255.766113 0.000000 3709.761963 0.000000 0.666530 0.000000 0.745478 0.683828 0.683828 0.683828
7271.678711 0.000000 3700.483887 0.000000 0.719794 0.000000 -0.694188 0.710727 0.710727 0.710727
7247.520996 0.000000 3701.680908 0.000000 0.920160 0.000000 0.391542 0.624069 0.624069 0.624069
7284.368164 0.000000 3740.506104 0.000000 0.654445 0.000000 0.756109 0.686515 0.686515 0.686515
7305.166016 0.000000 3737.384033 0.000000 0.873212 0.000000 0.487340 0.691994 0.691994 0.691994
7232.971191 0.000000 3667.520508 0.000000 0.746992 0.000000 -0.664833 0.715252 0.715252 0.715252
7249.359863 0.000000 3725.719971 0.000000 0.997512 0.000000 -0.070496 0.701110 0.701110 0.701110
7269.338867 0.000000 3722.240234 0.000000 0.993517 0.000000 0.113685 0.699004 0.699004 0.699004
7282.646484 0.000000 3717.285156 0.000000 0.999999 0.000000 0.001308 0.699959 0.699959 0.699959
7265.094238 0.000000 3707.462646 0.000000 0.982487 0.000000 -0.186328 0.725876 0.725876 0.725876
7221.201172 0.000000 3736.860107 0.000000 0.296467 0.000000 -0.955043 0.746601 0.746601 0.746601
7221.063965 0.000000 3682.211914 0.000000 0.510141 0.000000 0.860090 0.636666 0.636666 0.636666
7251.502441 0.000000 3667.204590 0.000000 0.872879 0.000000 0.487937 0.679512 0.679512 0.679512
7274.991699 0.000000 3740.948242 0.000000 0.641906 0.000000 -0.766783 0.713744 0.713744 0.713744
7275.492188 0.000000 3642.456299 0.000000 0.226069 0.000000 -0.974111 0.730506 0.730506 0.730506
7223.350098 0.000000 3670.800293 0.000000 0.402451 0.000000 0.915441 0.675745 0.675745 0.675745
7250.480469 0.000000 3717.165771 0.000000 0.986590 0.000000 0.163219 0.698281 0.698281 0.698281
7262.164062 0.000000 3645.463135 0.000000 0.905774 0.000000 -0.423761 0.722177 0.722177 0.722177
7240.397949 0.000000 3663.482178 0.000000 0.936530 0.000000 -0.350587 0.705634 0.705634 0.705634
7235.426270 0.000000 3718.394775 0.000000 0.422965 0.000000 0.906146 0.692072 0.692072 0.692072
7293.668945 0.000000 3727.280273 0.000000 0.333077 0.000000 0.942899 0.680635 0.680635 0.680635
7277.186523 0.000000 3724.435791 0.000000 0.984459 0.000000 -0.175617 0.701851 0.701851 0.701851
7265.100586 0.000000 3715.444824 0.000000 0.710930 0.000000 -0.703262 0.732714 0.732714 0.732714
7261.176270 0.000000 3674.531982 0.000000 0.977200 0.000000 -0.212319 0.701496 0.701496 0.701496
7233.416504 0.000000 3732.006836 0.000000 0.454096 0.000000 -0.890953 0.742270 0.742270 0.742270
7237.610352 0.000000 3677.350586 0.000000 0.974128 0.000000 0.225995 0.697211 0.697211 0.697211
7277.208984 0.000000 3705.756348 0.000000 0.921184 0.000000 -0.389128 0.703492 0.703492 0.703492
7240.760254 0.000000 3705.028076 0.000000 0.684559 0.000000 -0.728958 0.711419 0.711419 0.711419
7266.261719 0.000000 3661.176025 0.000000 0.999269 0.000000 0.038220 0.697996 0.697996 0.697996
7268.216309 0.000000 3737.106934 0.000000 0.500998 0.000000 0.865448 0.685376 0.685376 0.685376
7227.717773 0.000000 3740.456543 0.000000 0.126669 0.000000 -0.991945 0.730278 0.730278 0.730278
7280.541504 0.000000 3734.195068 0.000000 0.074481 0.000000 -0.997222 0.718304 0.718304 0.718304
7269.246094 0.000000 3646.366211 0.000000 0.982190 0.000000 0.187893 0.689099 0.689099 0.689099
7267.204102 0.000000 3669.526611 0.000000 0.354687 0.000000 -0.934985 0.773901 0.773901 0.773901
7287.515625 0.000000 3711.771240 0.000000 0.502530 0.000000 -0.864560 0.716425 0.716425 0.716425
7287.472656 0.000000 3733.728271 0.000000 0.807674 0.000000 0.589630 0.693388 0.693388 0.693388
7232.024414 0.000000 3724.511963 0.000000 0.998693 0.000000 0.051108 0.699106 0.699106 0.699106
7299.659668 0.000000 3740.823730 0.000000 0.920601 0.000000 -0.390505 0.709114 0.709114 0.709114
7300.424805 0.000000 3732.915527 0.000000 0.763852 0.000000 0.645391 0.688966 0.688966 0.688966
7248.949219 0.000000 3710.040771 0.000000 0.975371 0.000000 0.220570 0.698445 0.698445 0.698445
7307.246094 0.000000 3730.377197 0.000000 0.707839 0.000000 -0.706374 0.706854 0.706854 0.706854
7288.316895 0.000000 3721.552979 0.000000 0.695193 0.000000 -0.718823 0.719625 0.719625 0.719625
7273.386230 0.000000 3654.533936 0.000000 0.954609 0.000000 0.297861 0.684143 0.684143 0.684143
7281.212402 0.000000 3710.615967 0.000000 0.915825 0.000000 0.401578 0.692778 0.692778 0.692778
7256.012695 0.000000 3703.451416 0.000000 0.812807 0.000000 -0.582533 0.748902 0.748902 0.748902
7254.690430 0.000000 3672.556885 0.000000 0.806786 0.000000 0.590843 0.691163 0.691163 0.691163
7227.166016 0.000000 3683.667236 0.000000 0.568346 0.000000 -0.822789 0.735462 0.735462 0.735462
7290.568848 0.000000 3740.993408 0.000000 0.189557 0.000000 0.981870 0.666235 0.666235 0.666235
7275.235840 0.000000 3718.639404 0.000000 0.454732 0.000000 0.890628 0.686559 0.686559 0.686559
7227.617676 0.000000 3734.349121 0.000000 0.891205 0.000000 -0.453600 0.716455 0.716455 0.716455
7244.169434 0.000000 3728.950684 0.000000 0.999842 0.000000 0.017802 0.699596 0.699596 0.699596
7256.500977 0.000000 3715.863037 0.000000 0.951618 0.000000 -0.307284 0.706004 0.706004 0.706004
7220.814941 0.000000 3676.340088 0.000000 0.803560 0.000000 0.595224 0.676603 0.676603 0.676603
7265.904785 0.000000 3701.104980 0.000000 0.311244 0.000000 0.950330 0.570673 0.570673 0.570673
7270.934082 0.000000 3707.089844 0.000000 0.410838 0.000000 0.911708 0.675937 0.675937 0.675937
7245.886719 0.000000 3665.534424 0.000000 0.018735 0.000000 -0.999824 0.729836 0.729836 0.729836
7268.482422 0.000000 3675.261719 0.000000 0.976663 0.000000 0.214776 0.696595 0.696595 0.696595
7220.781738 0.000000 3688.005859 0.000000 0.945581 0.000000 -0.325387 0.705213 0.705213 0.705213
7236.899902 0.000000 3671.585938 0.000000 0.894762 0.000000 -0.446543 0.707281 0.707281 0.707281
7260.993652 0.000000 3711.593018 0.000000 0.160900 0.000000 0.986971 0.616269 0.616269 0.616269
7220.793457 0.000000 3742.754883 0.000000 0.218523 0.000000 -0.975832 0.723601 0.723601 0.723601
7227.373047 0.000000 3667.178955 0.000000 0.482319 0.000000 -0.875996 0.720521 0.720521 0.720521
7274.503418 0.000000 3647.800049 0.000000 0.249107 0.000000 -0.968476 0.810646 0.810646 0.810646
7271.573730 0.000000 3666.332275 0.000000 0.975541 0.000000 0.219817 0.694190 0.694190 0.694190
7231.640137 0.000000 3672.640869 0.000000 0.271864 0.000000 -0.962336 0.733959 0.733959 0.733959
7282.080078 0.000000 3722.540283 0.000000 0.604575 0.000000 -0.796548 0.717716 0.717716 0.717716
7242.622070 0.000000 3699.065186 0.000000 0.249790 0.000000 -0.968300 0.888920 0.888920 0.888920
7220.634766 0.000000 3666.004639 0.000000 0.444185 0.000000 -0.895935 0.713585 0.713585 0.713585
7294.895020 0.000000 3722.010986 0.000000 0.911328 0.000000 0.411682 0.693327 0.693327 0.693327
7268.682617 0.000000 3711.747803 0.000000 0.512560 0.000000 -0.858652 0.772184 0.772184 0.772184
7270.240723 0.000000 3717.152100 0.000000 0.908884 0.000000 -0.417048 0.706766 0.706766 0.706766
7233.652832 0.000000 3680.795410 0.000000 0.500859 0.000000 -0.865529 0.731082 0.731082 0.731082
7234.840820 0.000000 3662.531738 0.000000 0.652401 0.000000 -0.757874 0.713527 0.713527 0.713527
7248.467285 0.000000 3671.396729 0.000000 0.728815 0.000000 0.684711 0.689456 0.689456 0.689456
7261.228027 0.000000 3703.567871 0.000000 0.465232 0.000000 0.885189 0.542346 0.542346 0.542346
7222.485352 0.000000 3732.053223 0.000000 0.995567 0.000000 0.094060 0.697201 0.697201 0.697201
7279.621582 0.000000 3739.204102 0.000000 0.769511 0.000000 -0.638634 0.710895 0.710895 0.710895
7278.343262 0.000000 3714.836670 0.000000 0.309911 0.000000 0.950765 0.678056 0.678056 0.678056
7262.604980 0.000000 3694.041504 0.000000 0.933150 0.000000 -0.359487 0.770688 0.770688 0.770688
7263.321289 0.000000 3656.749756 0.000000 0.991415 0.000000 0.130754 0.693813 0.693813 0.693813
7224.770996 0.000000 3679.136719 0.000000 0.999947 0.000000 -0.010313 0.700306 0.700306 0.700306
7269.396973 0.000000 3657.243408 0.000000 0.631792 0.000000 0.775138 0.645750 0.645750 0.645750
7304.293945 0.000000 3742.061523 0.000000 0.372962 0.000000 0.927847 0.606527 0.606527 0.606527
7255.901367 0.000000 3665.243652 0.000000 0.158929 0.000000 0.987290 0.633413 0.633413 0.633413
7261.373535 0.000000 3661.380859 0.000000 0.976449 0.000000 0.215749 0.693160 0.693160 0.693160
7237.845703 0.000000 3730.574707 0.000000 0.872496 0.000000 0.488621 0.682157 0.682157 0.682157
7270.671387 0.000000 3641.711914 0.000000 0.915998 0.000000 -0.401183 0.710100 0.710100 0.710100
7231.769043 0.000000 3736.464111 0.000000 0.793792 0.000000 0.608189 0.678292 0.678292 0.678292
7227.075684 0.000000 3673.520996 0.000000 0.387938 0.000000 -0.921685 0.730733 0.730733 0.730733
7270.728027 0.000000 3650.818604 0.000000 0.030185 0.000000 0.999544 0.568075 0.568075 0.568075
7265.884766 0.000000 3642.857910 0.000000 0.138921 0.000000 -0.990303 0.787554 0.787554 0.787554
7258.800293 0.000000 3670.571289 0.000000 0.049145 0.000000 -0.998792 0.787753 0.787753 0.787753
7262.965820 0.000000 3719.508545 0.000000 0.822062 0.000000 0.569397 0.690472 0.690472 0.690472
7244.046875 0.000000 3724.383301 0.000000 0.442742 0.000000 0.896649 0.672790 0.672790 0.672790
7238.839355 0.000000 3721.370850 0.000000 0.304078 0.000000 -0.952647 0.728667 0.728667 0.728667
7237.376465 0.000000 3667.053467 0.000000 0.877115 0.000000 0.480280 0.690370 0.690370 0.690370
7264.633789 0.000000 3649.160889 0.000000 0.294453 0.000000 -0.955666 0.724450 0.724450 0.724450
7297.760254 0.000000 3729.158203 0.000000 0.841695 0.000000 -0.539953 0.708971 0.708971 0.708971
7277.887695 0.000000 3655.313477 0.000000 0.771596 0.000000 0.636113 0.689156 0.689156 0.689156
7230.275391 0.000000 3728.613770 0.000000 0.887585 0.000000 0.460643 0.688288 0.688288 0.688288
7264.911133 0.000000 3665.582764 0.000000 0.923032 0.000000 -0.384723 0.715183 0.715183 0.715183
7289.576660 0.000000 3725.810791 0.000000 0.317622 0.000000 -0.948218 0.721802 0.721802 0.721802
7295.405762 0.000000 3741.873047 0.000000 0.997696 0.000000 0.067844 0.698220 0.698220 0.698220
7286.980469 0.000000 3717.224609 0.000000 0.991103 0.000000 0.133094 0.696034 0.696034 0.696034
7236.759277 0.000000 3735.555176 0.000000 0.545545 0.000000 0.838081 0.675687 0.675687 0.675687
7229.878906 0.000000 3687.104248 0.000000 0.455088 0.000000 0.890446 0.671209 0.671209 0.671209
7259.419434 0.000000 3707.456055 0.000000 0.630253 0.000000 -0.776390 0.743497 0.743497 0.743497
7262.979492 0.000000 3670.270752 0.000000 0.213593 0.000000 -0.976923 0.775806 0.775806 0.775806
7260.943848 0.000000 3715.874756 0.000000 0.895350 0.000000 -0.445362 0.713713 0.713713 0.713713
7287.774902 0.000000 3737.812744 0.000000 0.341491 0.000000 -0.939885 0.721361 0.721361 0.721361
7299.012695 0.000000 3736.742432 0.000000 0.459643 0.000000 -0.888104 0.726746 0.726746 0.726746
7278.672852 0.000000 3646.682861 0.000000 0.004136 0.000000 -0.999991 0.743806 0.743806 0.743806
7234.787598 0.000000 3727.713623 0.000000 0.914300 0.000000 -0.405038 0.713118 0.713118 0.713118
7241.927246 0.000000 3667.449707 0.000000 0.399831 0.000000 -0.916589 0.722289 0.722289 0.722289
7265.504883 0.000000 3690.282715 0.000000 0.136143 0.000000 -0.990689 0.767674 0.767674 0.767674
7279.157227 0.000000 3719.440430 0.000000 0.387810 0.000000 0.921739 0.677460 0.677460 0.677460
7233.516113 0.000000 3676.487549 0.000000 0.257051 0.000000 0.966398 0.665638 0.665638 0.665638
7224.509766 0.000000 3686.726807 0.000000 0.322834 0.000000 -0.946455 0.745583 0.745583 0.745583
7267.872559 0.000000 3704.499756 0.000000 0.447785 0.000000 0.894141 0.570441 0.570441 0.570441
7224.955566 0.000000 3737.670654 0.000000 0.075443 0.000000 -0.997150 0.749649 0.749649 0.749649
7264.593262 0.000000 3697.396729 0.000000 0.879747 0.000000 0.475443 0.612547 0.612547 0.612547
7256.845703 0.000000 3699.438721 0.000000 0.781815 0.000000 0.623511 0.683529 0.683529 0.683529
7284.152344 0.000000 3713.794434 0.000000 0.456535 0.000000 0.889706 0.673168 0.673168 0.673168
7262.361328 0.000000 3641.524414 0.000000 0.921974 0.000000 0.387251 0.687491 0.687491 0.687491
7243.856934 0.000000 3702.835938 0.000000 0.485161 0.000000 -0.874425 0.817171 0.817171 0.817171
7255.465820 0.000000 3668.927002 0.000000 0.996656 0.000000 -0.081711 0.705432 0.705432 0.705432
7270.862793 0.000000 3670.062500 0.000000 0.999174 0.000000 0.040643 0.698153 0.698153 0.698153
7230.966309 0.000000 3683.264404 0.000000 0.029301 0.000000 0.999571 0.638041 0.638041 0.638041
7265.432129 0.000000 3672.935547 0.000000 0.482784 0.000000 -0.875739 0.739157 0.739157 0.739157
7264.854004 0.000000 3711.834961 0.000000 0.501312 0.000000 0.865267 0.581218 0.581218 0.581218
7275.335938 0.000000 3651.492676 0.000000 0.534586 0.000000 0.845114 0.603231 0.603231 0.603231
7272.709961 0.000000 3644.763184 0.000000 0.013439 0.000000 -0.999910 0.800700 0.800700 0.800700
7285.019043 0.000000 3720.266357 0.000000 0.702520 0.000000 -0.711664 0.720758 0.720758 0.720758
7228.718262 0.000000 3670.434570 0.000000 0.527442 0.000000 0.849591 0.673388 0.673388 0.673388
7224.101562 0.000000 3675.321777 0.000000 0.127326 0.000000 -0.991861 0.742874 0.742874 0.742874
7241.313477 0.000000 3730.862793 0.000000 0.910350 0.000000 -0.413839 0.710439 0.710439 0.710439
7227.854492 0.000000 3731.074463 0.000000 0.999558 0.000000 -0.029718 0.700779 0.700779 0.700779
7240.723633 0.000000 3701.733398 0.000000 0.338303 0.000000 -0.941037 0.884211 0.884211 0.884211
7259.437988 0.000000 3695.324463 0.000000 0.236770 0.000000 -0.971566 0.802404 0.802404 0.802404
7228.778320 0.000000 3680.785889 0.000000 0.934779 0.000000 -0.355231 0.714597 0.714597 0.714597
7265.984375 0.000000 3646.084961 0.000000 0.998576 0.000000 -0.053348 0.702332 0.702332 0.702332
7256.304688 0.000000 3696.106201 0.000000 0.999715 0.000000 -0.023870 0.700668 0.700668 0.700668
7220.747559 0.000000 3672.966553 0.000000 0.410836 0.000000 0.911709 0.665911 0.665911 0.665911
7264.434082 0.000000 3704.335938 0.000000 0.443416 0.000000 0.896316 0.540736 0.540736 0.540736
7224.190430 0.000000 3682.666016 0.000000 0.166343 0.000000 0.986068 0.631315 0.631315 0.631315
7246.101562 0.000000 3698.552734 0.000000 0.126972 0.000000 0.991906 0.546121 0.546121 0.546121
7241.880371 0.000000 3726.677734 0.000000 0.863046 0.000000 -0.505125 0.719433 0.719433 0.719433
7267.752441 0.000000 3649.731445 0.000000 0.774989 0.000000 -0.631975 0.720324 0.720324 0.720324
7268.112793 0.000000 3708.630371 0.000000 0.983729 0.000000 -0.179657 0.710417 0.710417 0.710417
7269.840820 0.000000 3653.921387 0.000000 0.405159 0.000000 -0.914246 0.766531 0.766531 0.766531
7243.220703 0.000000 3696.003174 0.000000 0.607305 0.000000 -0.794468 0.736904 0.736904 0.736904
7262.234863 0.000000 3708.698242 0.000000 0.613834 0.000000 -0.789435 0.811307 0.811307 0.811307
7240.932129 0.000000 3723.701660 0.000000 0.443625 0.000000 -0.896212 0.734953 0.734953 0.734953
7262.747559 0.000000 3700.874756 0.000000 0.982200 0.000000 -0.187840 0.727739 0.727739 0.727739
7266.388672 0.000000 3656.237793 0.000000 0.987728 0.000000 -0.156183 0.710963 0.710963 0.710963
7228.245117 0.000000 3737.394043 0.000000 0.160310 0.000000 -0.987067 0.746811 0.746811 0.746811
7252.996094 0.000000 3664.368652 0.000000 0.243389 0.000000 -0.969929 0.750940 0.750940 0.750940
7230.567871 0.000000 3733.456299 0.000000 0.747047 0.000000 0.664771 0.673313 0.673313 0.673313
7221.864746 0.000000 3685.115234 0.000000 0.096949 0.000000 0.995289 0.620162 0.620162 0.620162
7224.366211 0.000000 3734.703369 0.000000 0.906955 0.000000 0.421227 0.685563 0.685563 0.685563
7259.104980 0.000000 3663.675293 0.000000 0.760513 0.000000 0.649323 0.675300 0.675300 0.675300
7258.664551 0.000000 3702.023682 0.000000 0.998713 0.000000 -0.050720 0.707005 0.707005 0.707005
7221.336914 0.000000 3679.228271 0.000000 0.120981 0.000000 0.992655 0.639204 0.639204 0.639204
7307.277344 0.000000 3739.780029 0.000000 0.728921 0.000000 0.684598 0.656514 0.656514 0.656514
7263.800293 0.000000 3662.856201 0.000000 0.345681 0.000000 -0.938352 0.751078 0.751078 0.751078
7258.058594 0.000000 3667.670898 0.000000 0.660258 0.000000 -0.751039 0.772756 0.772756 0.772756
7260.397949 0.000000 3692.218018 0.000000 0.007560 0.000000 -0.999971 0.812007 0.812007 0.812007
7277.070801 0.000000 3648.955566 0.000000 0.792520 0.000000 0.609846 0.656445 0.656445 0.656445
7263.928711 0.000000 3659.483887 0.000000 0.953443 0.000000 -0.301574 0.718202 0.718202 0.718202
7271.687012 0.000000 3647.746094 0.000000 0.914592 0.000000 -0.404377 0.732738 0.732738 0.732738
7300.285156 0.000000 3743.655762 0.000000 0.387833 0.000000 0.921730 0.632381 0.632381 0.632381
7262.798828 0.000000 3713.749268 0.000000 0.238478 0.000000 -0.971148 0.769728 0.769728 0.769728
7258.556152 0.000000 3710.079834 0.000000 0.711157 0.000000 0.703034 0.670025 0.670025 0.670025
7258.370605 0.000000 3704.868652 0.000000 0.849335 0.000000 0.527853 0.654326 0.654326 0.654326
7268.431152 0.000000 3643.814941 0.000000 0.084861 0.000000 -0.996393 0.775302 0.775302 0.775302
7247.608398 0.000000 3704.406982 0.000000 0.823904 0.000000 -0.566729 0.728430 0.728430 0.728430
7262.978516 0.000000 3667.601074 0.000000 0.968827 0.000000 0.247737 0.683813 0.683813 0.683813
7262.190918 0.000000 3706.053711 0.000000 0.556828 0.000000 -0.830628 0.838756 0.838756 0.838756
7264.997070 0.000000 3692.907715 0.000000 0.030775 0.000000 0.999526 0.455091 0.455091 0.455091
7262.875977 0.000000 3691.463135 0.000000 0.876279 0.000000 0.481804 0.672765 0.672765 0.672765
7273.306152 0.000000 3650.007812 0.000000 0.796522 0.000000 0.604610 0.631920 0.631920 0.631920
7260.722656 0.000000 3668.855957 0.000000 0.925405 0.000000 -0.378979 0.729888 0.729888 0.729888
7267.097168 0.000000 3696.404297 0.000000 0.153749 0.000000 -0.988110 0.833668 0.833668 0.833668
7249.835938 0.000000 3702.909912 0.000000 0.510622 0.000000 0.859805 0.634892 0.634892 0.634892
7269.385742 0.000000 3668.119385 0.000000 0.971051 0.000000 0.238874 0.686090 0.686090 0.686090
7262.215332 0.000000 3696.504883 0.000000 1.000000 0.000000 0.000229 0.699958 0.699958 0.699958
7244.603516 0.000000 3700.518555 0.000000 0.299635 0.000000 -0.954054 0.939035 0.939035 0.939035
7306.232910 0.000000 3735.121338 0.000000 0.838027 0.000000 -0.545629 0.745387 0.745387 0.745387
7266.630859 0.000000 3658.784180 0.000000 0.738737 0.000000 0.673994 0.647007 0.647007 0.647007
7253.979980 0.000000 3666.913818 0.000000 0.673119 0.000000 -0.739534 0.743640 0.743640 0.743640
7306.361816 0.000000 3743.211670 0.000000 0.227469 0.000000 -0.973785 0.835956 0.835956 0.835956
7265.237793 0.000000 3668.193604 0.000000 1.000000 0.000000 0.000150 0.699990 0.699990 0.699990
7258.422363 0.000000 3697.644775 0.000000 0.997349 0.000000 0.072761 0.691473 0.691473 0.691473
7249.446289 0.000000 3700.306396 0.000000 0.351301 0.000000 -0.936263 0.799536 0.799536 0.799536
7272.650879 0.000000 3652.270996 0.000000 0.655133 0.000000 -0.755514 0.768848 0.768848 0.768848
7240.262207 0.000000 3699.479736 0.000000 0.928614 0.000000 -0.371046 0.743181 0.743181 0.743181
7266.066895 0.000000 3709.686035 0.000000 0.958811 0.000000 0.284045 0.668794 0.668794 0.668794
7268.612305 0.000000 3652.006592 0.000000 0.565327 0.000000 -0.824867 0.755938 0.755938 0.755938
7266.402344 0.000000 3713.487549 0.000000 0.362843 0.000000 -0.931850 0.802713 0.802713 0.802713
7265.184082 0.000000 3670.409180 0.000000 0.986718 0.000000 -0.162444 0.709980 0.709980 0.709980
7267.132812 0.000000 3706.654297 0.000000 0.999973 0.000000 0.007308 0.699183 0.699183 0.699183
7264.447754 0.000000 3695.222656 0.000000 0.856017 0.000000 -0.516947 0.804437 0.804437 0.804437
7270.565918 0.000000 3644.261230 0.000000 0.360843 0.000000 0.932627 0.624402 0.624402 0.624402
7260.614746 0.000000 3701.069092 0.000000 0.990719 0.000000 -0.135928 0.721922 0.721922 0.721922
7262.957520 0.000000 3710.771973 0.000000 0.966692 0.000000 0.255942 0.675123 0.675123 0.675123
7263.014160 0.000000 3698.718262 0.000000 0.739974 0.000000 0.672635 0.592988 0.592988 0.592988
7258.943359 0.000000 3699.878906 0.000000 0.953574 0.000000 0.301159 0.662578 0.662578 0.662578
7256.627441 0.000000 3701.479736 0.000000 0.368593 0.000000 -0.929591 0.795928 0.795928 0.795928
7266.194336 0.000000 3703.167480 0.000000 0.945955 0.000000 -0.324297 0.725973 0.725973 0.725973
7264.347656 0.000000 3702.354980 0.000000 0.644405 0.000000 -0.764684 0.821709 0.821709 0.821709
7242.721191 0.000000 3701.107178 0.000000 0.295916 0.000000 0.955214 0.462449 0.462449 0.462449
7260.226562 0.000000 3705.613281 0.000000 0.905770 0.000000 -0.423769 0.745120 0.745120 0.745120
7241.783203 0.000000 3703.377686 0.000000 0.963575 0.000000 -0.267437 0.721291 0.721291 0.721291
7264.138672 0.000000 3709.208008 0.000000 0.224253 0.000000 -0.974531 0.859789 0.859789 0.859789
7302.728027 0.000000 3743.197266 0.000000 0.712638 0.000000 0.701532 0.625265 0.625265 0.625265
7247.804688 0.000000 3699.316406 0.000000 0.739202 0.000000 -0.673483 0.778770 0.778770 0.778770
7245.600098 0.000000 3702.124023 0.000000 0.558692 0.000000 -0.829375 0.840147 0.840147 0.840147
7275.232422 0.000000 3649.607422 0.000000 0.896733 0.000000 0.442571 0.651928 0.651928 0.651928
7266.667969 0.000000 3711.447510 0.000000 0.999993 0.000000 0.003681 0.699543 0.699543 0.699543
7264.459473 0.000000 3699.835938 0.000000 0.156571 0.000000 -0.987667 0.853162 0.853162 0.853162
7266.118652 0.000000 3705.160889 0.000000 0.833505 0.000000 0.552513 0.631459 0.631459 0.631459
7264.000488 0.000000 3706.074219 0.000000 0.198732 0.000000 -0.980054 0.889242 0.889242 0.889242
7244.339844 0.000000 3698.517090 0.000000 0.137798 0.000000 0.990460 0.504726 0.504726 0.504726
7266.192871 0.000000 3694.920898 0.000000 0.056609 0.000000 -0.998396 0.858767 0.858767 0.858767
7246.337402 0.000000 3700.337646 0.000000 0.042685 0.000000 0.999089 0.411588 0.411588 0.411588
7259.544434 0.000000 3703.486816 0.000000 0.970949 0.000000 0.239287 0.666641 0.666641 0.666641
7262.921387 0.000000 3703.260010 0.000000 0.183812 0.000000 0.982961 0.494127 0.494127 0.494127
7259.986328 0.000000 3696.928223 0.000000 0.692435 0.000000 -0.721480 0.794366 0.794366 0.794366
7261.719727 0.000000 3699.645996 0.000000 0.942570 0.000000 -0.334007 0.754753 0.754753 0.754753
7263.401367 0.000000 3707.633057 0.000000 0.603999 0.000000 -0.796985 0.830554 0.830554 0.830554
7267.635254 0.000000 3710.188232 0.000000 0.081906 0.000000 -0.996640 0.884728 0.884728 0.884728
7261.816406 0.000000 3702.112793 0.000000 0.900267 0.000000 0.435339 0.634668 0.634668 0.634668
7261.048340 0.000000 3695.465332 0.000000 0.826488 0.000000 0.562954 0.616402 0.616402 0.616402
7262.923340 0.000000 3704.758301 0.000000 0.926674 0.000000 -0.375866 0.755892 0.755892 0.755892
7246.848145 0.000000 3703.131836 0.000000 0.884994 0.000000 -0.465602 0.774481 0.774481 0.774481
7241.582520 0.000000 3700.161133 0.000000 0.509298 0.000000 0.860590 0.544233 0.544233 0.544233
7263.514160 0.000000 3692.776367 0.000000 0.538656 0.000000 0.842526 0.528402 0.528402 0.528402
7265.601074 0.000000 3696.265869 0.000000 0.018603 0.000000 0.999827 0.426029 0.426029 0.426029
7263.639160 0.000000 3696.360840 0.000000 0.239400 0.000000 -0.970921 0.946198 0.946198 0.946198
7261.915527 0.000000 3697.816895 0.000000 0.840911 0.000000 -0.541174 0.810925 0.810925 0.810925
7262.958496 0.000000 3695.266846 0.000000 0.110570 0.000000 -0.993868 0.980662 0.980662 0.980662
7243.936523 0.000000 3701.589355 0.000000 0.278120 0.000000 -0.960546 0.941025 0.941025 0.941025
7197.351074 0.000000 3746.371826 0.000000 0.393462 0.000000 -0.919341 0.706115 0.706115 0.706115
7213.672363 0.000000 3753.131348 0.000000 0.800131 0.000000 -0.599826 0.706745 0.706745 0.706745
7203.187012 0.000000 3755.404053 0.000000 0.627606 0.000000 -0.778531 0.714035 0.714035 0.714035
7206.947754 0.000000 3746.308838 0.000000 0.980835 0.000000 0.194839 0.694860 0.694860 0.694860
7202.108887 0.000000 3749.657715 0.000000 0.627518 0.000000 0.778602 0.676606 0.676606 0.676606
7208.217285 0.000000 3751.789307 0.000000 0.653171 0.000000 0.757210 0.677482 0.677482 0.677482
7211.763184 0.000000 3748.236084 0.000000 0.937384 0.000000 0.348297 0.693161 0.693161 0.693161
7202.687012 0.000000 3744.541016 0.000000 0.549040 0.000000 -0.835796 0.719023 0.719023 0.719023
7204.636230 0.000000 3752.140381 0.000000 0.369513 0.000000 -0.929225 0.729171 0.729171 0.729171
7205.366211 0.000000 3749.059570 0.000000 0.249839 0.000000 0.968287 0.658531 0.658531 0.658531
7284.343262 0.000000 3746.371826 0.000000 0.686117 0.000000 -0.727491 0.705695 0.705695 0.705695
7223.761719 0.000000 3746.792969 0.000000 0.818128 0.000000 0.575036 0.695717 0.695717 0.695717
7238.421875 0.000000 3752.560059 0.000000 0.082134 0.000000 -0.996621 0.705203 0.705203 0.705203
7267.186035 0.000000 3745.453857 0.000000 0.516549 0.000000 0.856258 0.696407 0.696407 0.696407
7293.939941 0.000000 3746.308838 0.000000 0.487321 0.000000 0.873223 0.692578 0.692578 0.692578
7229.554688 0.000000 3754.929443 0.000000 0.202611 0.000000 -0.979259 0.707166 0.707166 0.707166
7233.236816 0.000000 3744.541260 0.000000 0.818245 0.000000 0.574870 0.693578 0.693578 0.693578
7302.905762 0.000000 3744.810547 0.000000 0.678207 0.000000 0.734871 0.542758 0.542758 0.542758
7306.019531 0.000000 3750.435059 0.000000 0.788086 0.000000 0.615566 0.633947 0.633947 0.633947
7306.854980 0.000000 3745.641357 0.000000 0.005121 0.000000 0.999987 0.429121 0.429121 0.429121
7302.291992 0.000000 3749.612549 0.000000 0.407814 0.000000 0.913065 0.629615 0.629615 0.629615
7304.463867 0.000000 3747.550537 0.000000 0.957362 0.000000 0.288891 0.644687 0.644687 0.644687
7301.245605 0.000000 3747.047607 0.000000 0.009083 0.000000 0.999959 0.541705 0.541705 0.541705
7300.143555 0.000000 3744.678467 0.000000 0.959894 0.000000 -0.280364 0.734763 0.734763 0.734763
7306.547852 0.000000 3748.087646 0.000000 0.296205 0.000000 -0.955124 0.941933 0.941933 0.941933
7305.005371 0.000000 3744.619873 0.000000 0.718039 0.000000 -0.696003 0.847985 0.847985 0.847985
7304.261719 0.000000 3749.666504 0.000000 0.280562 0.000000 -0.959836 0.915820 0.915820 0.915820
7303.035156 0.000000 3746.560791 0.000000 0.179817 0.000000 0.983700 0.457087 0.457087 0.457087
7305.435059 0.000000 3746.222900 0.000000 0.929267 0.000000 -0.369410 0.771414 0.771414 0.771414
7305.565430 0.000000 3749.088623 0.000000 0.567553 0.000000 -0.823337 0.862276 0.862276 0.862276
7304.049805 0.000000 3745.602783 0.000000 0.888811 0.000000 0.458274 0.608486 0.608486 0.608486
7306.501465 0.000000 3746.860596 0.000000 0.759446 0.000000 0.650571 0.562596 0.562596 0.562596
7335.845215 0.000000 3522.228027 0.000000 0.981324 0.000000 -0.192361 0.735181 0.735181 0.735181
7334.358887 0.000000 3445.026855 0.000000 0.094260 0.000000 0.995548 0.648397 0.648397 0.648397
7371.335449 0.000000 3425.418701 0.000000 0.826555 0.000000 -0.562857 0.778358 0.778358 0.778358
7347.601562 0.000000 3484.510742 0.000000 0.539803 0.000000 -0.841791 0.785682 0.785682 0.785682
7376.666016 0.000000 3477.184082 0.000000 0.996892 0.000000 0.078775 0.699724 0.699724 0.699724
7312.732422 0.000000 3514.305176 0.000000 0.996729 0.000000 -0.080817 0.700141 0.700141 0.700141
7329.543945 0.000000 3498.561279 0.000000 0.901807 0.000000 -0.432139 0.757008 0.757008 0.757008
7341.151855 0.000000 3464.869141 0.000000 0.394867 0.000000 -0.918738 0.724429 0.724429 0.724429
7353.614746 0.000000 3439.196045 0.000000 0.358701 0.000000 -0.933452 0.935643 0.935643 0.935643
7326.499512 0.000000 3479.752686 0.000000 0.767945 0.000000 0.640516 0.691496 0.691496 0.691496
7309.312500 0.000000 3447.199219 0.000000 0.174771 0.000000 -0.984609 0.914552 0.914552 0.914552
7387.656738 0.000000 3432.178223 0.000000 0.530230 0.000000 -0.847854 0.717684 0.717684 0.717684
7345.832520 0.000000 3507.695801 0.000000 0.608723 0.000000 -0.793383 0.760853 0.760853 0.760853
7325.414062 0.000000 3431.606934 0.000000 0.991403 0.000000 -0.130841 0.703440 0.703440 0.703440
7387.106934 0.000000 3489.053955 0.000000 0.725031 0.000000 -0.688716 0.729209 0.729209 0.729209
7354.178223 0.000000 3424.500732 0.000000 0.843190 0.000000 0.537616 0.608741 0.608741 0.608741
7372.578613 0.000000 3490.553223 0.000000 0.223456 0.000000 -0.974714 0.765835 0.765835 0.765835
7314.153320 0.000000 3501.084229 0.000000 0.240834 0.000000 0.970566 0.693040 0.693040 0.693040
7325.778809 0.000000 3512.041748 0.000000 0.957019 0.000000 0.290025 0.678402 0.678402 0.678402
7322.208984 0.000000 3525.682373 0.000000 0.597305 0.000000 -0.802014 0.729275 0.729275 0.729275
7347.997070 0.000000 3524.637939 0.000000 0.942019 0.000000 -0.335561 0.727509 0.727509 0.727509
7342.758301 0.000000 3495.793213 0.000000 0.800520 0.000000 0.599305 0.660693 0.660693 0.660693
7338.392578 0.000000 3476.697754 0.000000 0.295834 0.000000 0.955239 0.635613 0.635613 0.635613
7320.158203 0.000000 3490.671143 0.000000 0.532259 0.000000 -0.846582 0.721171 0.721171 0.721171
7358.670898 0.000000 3486.515137 0.000000 0.860155 0.000000 0.510032 0.468034 0.468034 0.468034
7334.513184 0.000000 3487.712158 0.000000 0.488369 0.000000 -0.872637 0.816767 0.816767 0.816767
7330.081055 0.000000 3469.122559 0.000000 0.180381 0.000000 0.983597 0.675719 0.675719 0.675719
7371.360352 0.000000 3526.537354 0.000000 0.969282 0.000000 0.245952 0.683932 0.683932 0.683932
7377.171387 0.000000 3434.450928 0.000000 0.606086 0.000000 -0.795399 0.822147 0.822147 0.822147
7336.352051 0.000000 3511.751221 0.000000 0.095444 0.000000 -0.995435 1.094441 1.094441 1.094441
7370.096191 0.000000 3453.561279 0.000000 0.375945 0.000000 0.926642 0.629567 0.629567 0.629567
7308.193359 0.000000 3522.891357 0.000000 0.851045 0.000000 -0.525092 0.706763 0.706763 0.706763
7367.643555 0.000000 3482.500000 0.000000 0.758129 0.000000 -0.652105 0.815451 0.815451 0.815451
7330.247070 0.000000 3530.399658 0.000000 0.918622 0.000000 0.395138 0.611263 0.611263 0.611263
7348.555664 0.000000 3475.325928 0.000000 0.001266 0.000000 -0.999999 0.826173 0.826173 0.826173
7351.357910 0.000000 3515.911133 0.000000 0.499559 0.000000 0.866280 0.692676 0.692676 0.692676
7310.342285 0.000000 3456.831543 0.000000 0.684527 0.000000 0.728988 0.655747 0.655747 0.655747
7332.663574 0.000000 3436.416748 0.000000 0.016764 0.000000 -0.999860 0.784190 0.784190 0.784190
7337.472656 0.000000 3503.197021 0.000000 0.916878 0.000000 0.399167 0.622502 0.622502 0.622502
7385.297852 0.000000 3478.879883 0.000000 0.017431 0.000000 -0.999848 0.719002 0.719002 0.719002
7345.496094 0.000000 3443.556885 0.000000 0.813482 0.000000 0.581590 0.668544 0.668544 0.668544
7349.156250 0.000000 3431.494385 0.000000 0.855435 0.000000 -0.517910 0.797042 0.797042 0.797042
7394.186035 0.000000 3480.297852 0.000000 0.938224 0.000000 -0.346029 0.718524 0.718524 0.718524
7322.418457 0.000000 3504.426025 0.000000 0.965166 0.000000 -0.261637 0.720818 0.720818 0.720818
7342.620605 0.000000 3517.415283 0.000000 0.873671 0.000000 -0.486517 0.734630 0.734630 0.734630
7379.083008 0.000000 3485.414307 0.000000 0.128165 0.000000 -0.991753 1.002460 1.002460 1.002460
7320.408691 0.000000 3518.038086 0.000000 0.581261 0.000000 0.813717 0.685050 0.685050 0.685050
7327.864746 0.000000 3520.298096 0.000000 0.780924 0.000000 -0.624626 0.747160 0.747160 0.747160
7364.201172 0.000000 3491.787598 0.000000 0.761461 0.000000 0.648211 0.549641 0.549641 0.549641
7354.672852 0.000000 3479.978760 0.000000 0.311428 0.000000 0.950270 0.680275 0.680275 0.680275
7327.752441 0.000000 3491.059326 0.000000 0.961600 0.000000 0.274456 0.686881 0.686881 0.686881
7313.732910 0.000000 3441.085938 0.000000 0.234613 0.000000 0.972089 0.511170 0.511170 0.511170
7330.307129 0.000000 3505.901855 0.000000 0.454372 0.000000 0.890812 0.440689 0.440689 0.440689
7314.709961 0.000000 3526.487793 0.000000 0.540514 0.000000 -0.841335 0.750667 0.750667 0.750667
7346.996582 0.000000 3424.494873 0.000000 0.999748 0.000000 -0.022464 0.700864 0.700864 0.700864
7340.382812 0.000000 3527.829834 0.000000 0.927355 0.000000 0.374182 0.648393 0.648393 0.648393
7356.238281 0.000000 3432.397461 0.000000 0.646670 0.000000 -0.762770 0.715162 0.715162 0.715162
7354.196289 0.000000 3455.557861 0.000000 0.801139 0.000000 -0.598478 0.825580 0.825580 0.825580
7340.458984 0.000000 3483.632324 0.000000 0.730416 0.000000 0.683003 0.675035 0.675035 0.675035
7319.016602 0.000000 3510.543213 0.000000 0.993858 0.000000 0.110659 0.696706 0.696706 0.696706
7334.566895 0.000000 3462.987305 0.000000 0.978082 0.000000 -0.208220 0.702932 0.702932 0.702932
7320.881836 0.000000 3497.544434 0.000000 0.992066 0.000000 -0.125716 0.705727 0.705727 0.705727
7333.169434 0.000000 3481.047363 0.000000 0.708983 0.000000 0.705225 0.672642 0.672642 0.672642
7326.095215 0.000000 3438.453857 0.000000 0.854185 0.000000 0.519969 0.685666 0.685666 0.685666
7376.715332 0.000000 3454.133545 0.000000 0.132858 0.000000 -0.991135 0.767830 0.767830 0.767830
7335.941406 0.000000 3496.072021 0.000000 0.604509 0.000000 -0.796598 0.809525 0.809525 0.809525
7346.765625 0.000000 3468.527100 0.000000 0.480748 0.000000 -0.876859 0.720555 0.720555 0.720555
7336.684082 0.000000 3470.492432 0.000000 0.999819 0.000000 0.019050 0.699334 0.699334 0.699334
7343.004883 0.000000 3489.482666 0.000000 0.865996 0.000000 -0.500051 0.722878 0.722878 0.722878
7347.573242 0.000000 3437.768555 0.000000 0.919505 0.000000 -0.393078 0.716238 0.716238 0.716238
7391.488770 0.000000 3493.319824 0.000000 0.950313 0.000000 -0.311296 0.726554 0.726554 0.726554
7331.895020 0.000000 3475.061768 0.000000 0.996900 0.000000 0.078678 0.698211 0.698211 0.698211
7343.348145 0.000000 3429.269043 0.000000 0.856023 0.000000 0.516938 0.689556 0.689556 0.689556
7324.376953 0.000000 3485.493408 0.000000 0.988943 0.000000 -0.148299 0.702341 0.702341 0.702341
7314.609863 0.000000 3520.380371 0.000000 0.954722 0.000000 -0.297500 0.704223 0.704223 0.704223
7389.187012 0.000000 3451.653320 0.000000 0.325043 0.000000 -0.945699 0.801828 0.801828 0.801828
7340.255859 0.000000 3447.355957 0.000000 0.907766 0.000000 -0.419477 0.788507 0.788507 0.788507
7393.011719 0.000000 3429.481934 0.000000 0.426512 0.000000 -0.904482 0.751351 0.751351 0.751351
7331.161621 0.000000 3514.981934 0.000000 0.511837 0.000000 -0.859083 0.839068 0.839068 0.839068
7382.585449 0.000000 3447.282959 0.000000 0.556107 0.000000 0.831111 0.633132 0.633132 0.633132
7338.344238 0.000000 3440.696777 0.000000 0.660649 0.000000 0.750695 0.689613 0.689613 0.689613
7343.493164 0.000000 3501.894287 0.000000 0.926891 0.000000 0.375330 0.661674 0.661674 0.661674
7373.907227 0.000000 3482.646973 0.000000 0.919555 0.000000 0.392961 0.626601 0.626601 0.626601
7392.518555 0.000000 3486.114502 0.000000 0.989741 0.000000 -0.142876 0.729314 0.729314 0.729314
7352.896973 0.000000 3487.136230 0.000000 0.231146 0.000000 0.972919 0.326005 0.326005 0.326005
7376.093262 0.000000 3428.704590 0.000000 0.906321 0.000000 0.422590 0.685513 0.685513 0.685513
7342.421387 0.000000 3472.155273 0.000000 0.655879 0.000000 0.754866 0.658141 0.658141 0.658141
7343.976562 0.000000 3478.983643 0.000000 0.903073 0.000000 -0.429487 0.726377 0.726377 0.726377
7361.980957 0.000000 3481.382812 0.000000 0.944756 0.000000 -0.327773 0.720426 0.720426 0.720426
7347.985840 0.000000 3497.624268 0.000000 0.739636 0.000000 -0.673007 0.727094 0.727094 0.727094
7382.201660 0.000000 3430.836182 0.000000 0.395865 0.000000 0.918309 0.563734 0.563734 0.563734
7352.646973 0.000000 3528.447510 0.000000 0.426707 0.000000 0.904390 0.672355 0.672355 0.672355
7307.785645 0.000000 3528.786133 0.000000 0.757516 0.000000 0.652817 0.667681 0.667681 0.667681
7359.731934 0.000000 3423.501221 0.000000 0.292293 0.000000 -0.956329 0.784615 0.784615 0.784615
7314.365234 0.000000 3453.210205 0.000000 0.096794 0.000000 0.995304 0.638184 0.638184 0.638184
7334.867676 0.000000 3527.589111 0.000000 0.489506 0.000000 -0.872000 0.831433 0.831433 0.831433
7342.592285 0.000000 3522.879639 0.000000 0.265627 0.000000 -0.964076 0.943452 0.943452 0.943452
7341.884766 0.000000 3511.750732 0.000000 0.795110 0.000000 0.606465 0.677225 0.677225 0.677225
7371.795410 0.000000 3448.549316 0.000000 0.975452 0.000000 -0.220214 0.722505 0.722505 0.722505
7358.565918 0.000000 3452.363525 0.000000 0.988704 0.000000 -0.149880 0.711831 0.711831 0.711831
7387.715820 0.000000 3483.590088 0.000000 0.834732 0.000000 -0.550656 0.717325 0.717325 0.717325
7329.614258 0.000000 3485.096436 0.000000 0.994924 0.000000 0.100625 0.696653 0.696653 0.696653
7330.017578 0.000000 3525.033936 0.000000 0.509102 0.000000 0.860706 0.515213 0.515213 0.515213
7336.193848 0.000000 3517.063721 0.000000 0.514523 0.000000 -0.857477 0.912472 0.912472 0.912472
7367.818848 0.000000 3487.992432 0.000000 0.866049 0.000000 -0.499959 0.931482 0.931482 0.931482
7338.113281 0.000000 3491.227295 0.000000 0.085777 0.000000 -0.996314 0.775255 0.775255 0.775255
7347.522949 0.000000 3519.490723 0.000000 0.574507 0.000000 0.818500 0.676542 0.676542 0.676542
7348.220215 0.000000 3489.599121 0.000000 0.507693 0.000000 0.861538 0.623791 0.623791 0.623791
7332.561035 0.000000 3492.405029 0.000000 0.759917 0.000000 -0.650020 0.763067 0.763067 0.763067
7325.300293 0.000000 3495.401367 0.000000 0.616413 0.000000 -0.787423 0.753869 0.753869 0.753869
7349.597168 0.000000 3480.072754 0.000000 0.015733 0.000000 -0.999876 0.860339 0.860339 0.860339
7380.507812 0.000000 3480.789307 0.000000 0.444619 0.000000 -0.895720 0.810574 0.810574 0.810574
7340.000488 0.000000 3507.334961 0.000000 0.710068 0.000000 0.704133 0.573035 0.573035 0.573035
7324.888184 0.000000 3500.265137 0.000000 0.544999 0.000000 -0.838436 0.804269 0.804269 0.804269
7350.313477 0.000000 3442.781006 0.000000 0.970817 0.000000 0.239820 0.689842 0.689842 0.689842
7356.389160 0.000000 3443.274658 0.000000 0.327535 0.000000 0.944839 0.661085 0.661085 0.661085
7378.105469 0.000000 3449.453857 0.000000 0.893482 0.000000 0.449100 0.616977 0.616977 0.616977
7391.286133 0.000000 3528.092773 0.000000 0.460441 0.000000 -0.887691 0.892798 0.892798 0.892798
7363.472168 0.000000 3486.037598 0.000000 0.774730 0.000000 -0.632292 1.005040 1.005040 1.005040
7324.837891 0.000000 3516.605957 0.000000 0.754534 0.000000 0.656261 0.657466 0.657466 0.657466
7332.924805 0.000000 3502.012451 0.000000 0.941328 0.000000 -0.337494 0.773397 0.773397 0.773397
7357.663574 0.000000 3427.743164 0.000000 0.319497 0.000000 -0.947587 0.752243 0.752243 0.752243
7318.761230 0.000000 3522.495361 0.000000 0.067304 0.000000 -0.997733 0.736783 0.736783 0.736783
7357.720215 0.000000 3436.849854 0.000000 0.385522 0.000000 -0.922698 0.761604 0.761604 0.761604
7352.876953 0.000000 3428.889160 0.000000 0.431577 0.000000 0.902076 0.466135 0.466135 0.466135
7339.632812 0.000000 3499.233154 0.000000 0.782175 0.000000 -0.623059 0.779934 0.779934 0.779934
7326.175293 0.000000 3528.052246 0.000000 0.854668 0.000000 -0.519174 0.788720 0.788720 0.788720
7317.428223 0.000000 3504.306152 0.000000 0.097840 0.000000 -0.995202 0.723165 0.723165 0.723165
7334.714844 0.000000 3507.114746 0.000000 0.989689 0.000000 -0.143236 0.764051 0.764051 0.764051
7349.958008 0.000000 3505.539795 0.000000 0.791397 0.000000 0.611302 0.668966 0.668966 0.668966
7381.418457 0.000000 3436.056396 0.000000 0.791793 0.000000 -0.610789 0.773489 0.773489 0.773489
7331.039062 0.000000 3510.414551 0.000000 0.116106 0.000000 0.993237 0.428034 0.428034 0.428034
7325.831543 0.000000 3507.402100 0.000000 0.564564 0.000000 0.825390 0.586320 0.586320 0.586320
7351.625977 0.000000 3435.192139 0.000000 0.645085 0.000000 -0.764111 0.801827 0.801827 0.801827
7344.941895 0.000000 3528.045898 0.000000 0.159029 0.000000 -0.987274 0.936736 0.936736 0.936736
7367.233398 0.000000 3449.546387 0.000000 0.613757 0.000000 -0.789495 0.793826 0.793826 0.793826
7332.073730 0.000000 3441.216309 0.000000 0.398356 0.000000 -0.917231 0.878558 0.878558 0.878558
7360.838379 0.000000 3513.441895 0.000000 0.772274 0.000000 -0.635290 0.768571 0.768571 0.768571
7332.333008 0.000000 3519.583008 0.000000 0.260311 0.000000 0.965525 0.558337 0.558337 0.558337
7383.360352 0.000000 3484.703125 0.000000 0.587658 0.000000 0.809109 0.568213 0.568213 0.568213
7382.397949 0.000000 3527.904297 0.000000 0.979814 0.000000 -0.199909 0.708441 0.708441 0.708441
7323.751465 0.000000 3521.586426 0.000000 0.866936 0.000000 0.498419 0.689058 0.689058 0.689058
7374.883301 0.000000 3486.862793 0.000000 0.622273 0.000000 -0.782801 0.849278 0.849278 0.849278
7317.188965 0.000000 3443.802002 0.000000 0.748965 0.000000 -0.662609 0.783541 0.783541 0.783541
7392.908691 0.000000 3448.177734 0.000000 0.171209 0.000000 0.985235 0.673111 0.673111 0.673111
7346.411621 0.000000 3493.487305 0.000000 0.684248 0.000000 0.729249 0.678577 0.678577 0.678577
7392.080078 0.000000 3434.320068 0.000000 0.590277 0.000000 -0.807201 0.796858 0.796858 0.796858
7368.427734 0.000000 3492.117676 0.000000 0.998845 0.000000 -0.048053 0.705965 0.705965 0.705965
7313.054688 0.000000 3445.256104 0.000000 0.697232 0.000000 -0.716846 0.898344 0.898344 0.898344
7345.269043 0.000000 3433.401855 0.000000 0.482247 0.000000 0.876035 0.629104 0.629104 0.629104
7347.936035 0.000000 3501.906006 0.000000 0.494296 0.000000 0.869294 0.633704 0.633704 0.633704
7316.535156 0.000000 3497.532959 0.000000 0.982769 0.000000 0.184839 0.695776 0.695776 0.695776
7333.949707 0.000000 3467.120361 0.000000 0.407530 0.000000 0.913192 0.677873 0.677873 0.677873
7360.426270 0.000000 3508.646240 0.000000 0.914399 0.000000 -0.404813 0.723307 0.723307 0.723307
7375.435059 0.000000 3493.832520 0.000000 0.347259 0.000000 -0.937769 0.759509 0.759509 0.759509
7336.231445 0.000000 3483.932373 0.000000 0.908307 0.000000 -0.418305 0.712068 0.712068 0.712068
7319.078125 0.000000 3528.455078 0.000000 0.039099 0.000000 -0.999235 0.823131 0.823131 0.823131
7321.779785 0.000000 3513.744873 0.000000 0.940003 0.000000 -0.341165 0.712169 0.712169 0.712169
7339.307129 0.000000 3519.969238 0.000000 0.984152 0.000000 -0.177329 0.755767 0.755767 0.755767
7352.497070 0.000000 3476.313965 0.000000 0.002628 0.000000 0.999997 0.667114 0.667114 0.667114
7370.972168 0.000000 3485.377686 0.000000 0.788106 0.000000 -0.615540 0.857593 0.857593 0.857593
7328.111816 0.000000 3434.939453 0.000000 0.816378 0.000000 0.577518 0.571961 0.571961 0.571961
7386.778809 0.000000 3448.375000 0.000000 0.977557 0.000000 0.210669 0.658455 0.658455 0.658455
7358.022461 0.000000 3482.488770 0.000000 0.822203 0.000000 0.569195 0.575131 0.575131 0.575131
7338.714844 0.000000 3487.250732 0.000000 0.911514 0.000000 0.411269 0.680742 0.680742 0.680742
7344.187500 0.000000 3447.270996 0.000000 0.071037 0.000000 -0.997474 0.807455 0.807455 0.807455
7341.533203 0.000000 3443.542236 0.000000 0.973474 0.000000 0.228799 0.662079 0.662079 0.662079
7312.317383 0.000000 3449.817627 0.000000 0.776133 0.000000 -0.630569 0.790619 0.790619 0.790619
7360.484863 0.000000 3490.083984 0.000000 0.971742 0.000000 -0.236044 0.739978 0.739978 0.739978
7324.175781 0.000000 3489.426025 0.000000 0.549096 0.000000 0.835760 0.675790 0.675790 0.675790
7328.518066 0.000000 3502.377197 0.000000 0.586264 0.000000 0.810120 0.546518 0.546518 0.546518
7371.559082 0.000000 3494.736084 0.000000 0.939106 0.000000 -0.343627 0.747815 0.747815 0.747815
7340.347656 0.000000 3468.711182 0.000000 0.965360 0.000000 -0.260920 0.708765 0.708765 0.708765
7351.585449 0.000000 3483.427979 0.000000 0.960678 0.000000 0.277664 0.665581 0.665581 0.665581
7318.688477 0.000000 3494.294434 0.000000 0.367390 0.000000 -0.930067 0.735490 0.735490 0.735490
7343.837891 0.000000 3485.469971 0.000000 0.992166 0.000000 0.124930 0.694309 0.694309 0.694309
7339.594727 0.000000 3514.944580 0.000000 0.585576 0.000000 -0.810617 0.789199 0.789199 0.789199
7349.353516 0.000000 3427.555664 0.000000 0.741451 0.000000 0.671007 0.620301 0.620301 0.620301
7338.234863 0.000000 3480.582520 0.000000 0.861451 0.000000 -0.507840 0.723272 0.723272 0.723272
7319.963867 0.000000 3501.494141 0.000000 0.327721 0.000000 0.944775 0.661091 0.661091 0.661091
7339.069336 0.000000 3524.238525 0.000000 0.973660 0.000000 -0.228005 0.738591 0.738591 0.738591
7322.743164 0.000000 3509.570312 0.000000 0.574679 0.000000 -0.818379 0.778735 0.778735 0.778735
7373.582520 0.000000 3451.874756 0.000000 0.459664 0.000000 -0.888093 0.868117 0.868117 0.868117
7330.178711 0.000000 3478.684326 0.000000 0.552388 0.000000 0.833587 0.677609 0.677609 0.677609
7330.849121 0.000000 3488.867188 0.000000 0.682515 0.000000 0.730872 0.655598 0.655598 0.655598
7329.213379 0.000000 3494.670410 0.000000 0.835260 0.000000 0.549855 0.650146 0.650146 0.650146
7332.918457 0.000000 3471.482422 0.000000 0.999894 0.000000 0.014561 0.699618 0.699618 0.699618
7311.501465 0.000000 3528.677490 0.000000 0.614851 0.000000 0.788643 0.619020 0.619020 0.619020
7368.464844 0.000000 3528.951660 0.000000 0.786893 0.000000 0.617090 0.626781 0.626781 0.626781
7390.839844 0.000000 3489.676514 0.000000 0.955245 0.000000 0.295814 0.619704 0.619704 0.619704
7335.508301 0.000000 3474.144043 0.000000 0.349151 0.000000 0.937067 0.655442 0.655442 0.655442
7357.854980 0.000000 3456.093750 0.000000 0.875412 0.000000 -0.483377 0.732622 0.732622 0.732622
7326.491211 0.000000 3524.025879 0.000000 0.423060 0.000000 0.906102 0.660366 0.660366 0.660366
7335.717285 0.000000 3499.680176 0.000000 0.183871 0.000000 0.982950 0.503824 0.503824 0.503824
7390.322266 0.000000 3480.789062 0.000000 0.272994 0.000000 0.962016 0.627620 0.627620 0.627620
7350.578613 0.000000 3424.219238 0.000000 0.662784 0.000000 0.748811 0.624575 0.624575 0.624575
7334.909180 0.000000 3477.798340 0.000000 0.310920 0.000000 -0.950436 0.750429 0.750429 0.750429
7378.620605 0.000000 3431.187256 0.000000 0.700139 0.000000 0.714007 0.676375 0.676375 0.676375
7341.877930 0.000000 3475.939697 0.000000 0.224786 0.000000 -0.974408 0.770466 0.770466 0.770466
7345.961426 0.000000 3472.850098 0.000000 0.890281 0.000000 0.455411 0.677689 0.677689 0.677689
7384.236328 0.000000 3433.751953 0.000000 0.943935 0.000000 0.330130 0.678245 0.678245 0.678245
7349.202148 0.000000 3527.895752 0.000000 0.871664 0.000000 -0.490104 0.751022 0.751022 0.751022
7322.262695 0.000000 3493.699707 0.000000 0.959081 0.000000 0.283132 0.688963 0.688963 0.688963
7329.685547 0.000000 3438.381836 0.000000 0.945156 0.000000 -0.326620 0.740703 0.740703 0.740703
7374.500977 0.000000 3432.113281 0.000000 0.136744 0.000000 0.990606 0.574731 0.574731 0.574731
7355.885254 0.000000 3464.826172 0.000000 0.799291 0.000000 0.600944 0.613249 0.613249 0.613249
7315.710449 0.000000 3456.465820 0.000000 0.252825 0.000000 -0.967512 0.791937 0.791937 0.791937
7310.931641 0.000000 3453.161621 0.000000 0.990089 0.000000 -0.140439 0.742107 0.742107 0.742107
7328.305664 0.000000 3516.894043 0.000000 0.456070 0.000000 0.889944 0.584951 0.584951 0.584951
7332.502930 0.000000 3496.406006 0.000000 0.949225 0.000000 -0.314599 0.738032 0.738032 0.738032
7320.040039 0.000000 3507.107666 0.000000 0.954618 0.000000 -0.297832 0.718498 0.718498 0.718498
7355.338379 0.000000 3484.679932 0.000000 0.518788 0.000000 -0.854903 1.035087 1.035087 1.035087
7343.278809 0.000000 3505.356689 0.000000 0.362822 0.000000 0.931858 0.555360 0.555360 0.555360
7379.962402 0.000000 3452.365967 0.000000 0.262213 0.000000 -0.965010 0.843731 0.843731 0.843731
7339.252930 0.000000 3494.701660 0.000000 0.279577 0.000000 -0.960123 0.819245 0.819245 0.819245
7339.183594 0.000000 3473.004883 0.000000 0.597497 0.000000 0.801871 0.657724 0.657724 0.657724
7377.323242 0.000000 3482.082764 0.000000 0.711631 0.000000 0.702554 0.533917 0.533917 0.533917
7361.435547 0.000000 3454.782959 0.000000 0.057319 0.000000 -0.998356 0.840178 0.840178 0.840178
7388.883301 0.000000 3435.416992 0.000000 0.821199 0.000000 -0.570642 0.728655 0.728655 0.728655
7373.785156 0.000000 3528.905273 0.000000 0.817493 0.000000 0.575939 0.659242 0.659242 0.659242
7327.715820 0.000000 3487.764648 0.000000 0.966556 0.000000 -0.256457 0.707252 0.707252 0.707252
7333.204102 0.000000 3524.306885 0.000000 0.553664 0.000000 0.832740 0.521152 0.521152 0.521152
7344.599609 0.000000 3498.784180 0.000000 0.032359 0.000000 -0.999476 0.804853 0.804853 0.804853
7346.430176 0.000000 3481.355713 0.000000 0.108505 0.000000 0.994096 0.582465 0.582465 0.582465
7394.281250 0.000000 3491.749268 0.000000 0.709199 0.000000 0.705008 0.548222 0.548222 0.548222
7343.837402 0.000000 3514.326660 0.000000 0.982203 0.000000 -0.187820 0.705283 0.705283 0.705283
7375.025879 0.000000 3448.514648 0.000000 0.920445 0.000000 -0.390871 0.735791 0.735791 0.735791
7323.078613 0.000000 3528.955078 0.000000 0.748924 0.000000 -0.662656 0.800004 0.800004 0.800004
7309.953125 0.000000 3444.041748 0.000000 0.479960 0.000000 0.877290 0.576564 0.576564 0.576564
7352.976562 0.000000 3432.116211 0.000000 0.731108 0.000000 0.682262 0.612084 0.612084 0.612084
7343.296875 0.000000 3482.137451 0.000000 0.974211 0.000000 0.225638 0.690852 0.690852 0.690852
7388.392578 0.000000 3491.989258 0.000000 0.379182 0.000000 -0.925322 0.830123 0.830123 0.830123
7374.231934 0.000000 3479.300293 0.000000 0.822477 0.000000 -0.568798 0.735950 0.735950 0.735950
7307.739746 0.000000 3458.997803 0.000000 0.716253 0.000000 -0.697840 0.833630 0.833630 0.833630
7309.530273 0.000000 3526.104492 0.000000 0.972433 0.000000 -0.233183 0.706581 0.706581 0.706581
7334.390137 0.000000 3514.300537 0.000000 0.671143 0.000000 -0.741328 0.775884 0.775884 0.775884
7358.432129 0.000000 3511.099854 0.000000 0.520603 0.000000 -0.853799 0.759010 0.759010 0.759010
7342.169922 0.000000 3492.557861 0.000000 0.421662 0.000000 -0.906753 0.763501 0.763501 0.763501
7378.506836 0.000000 3437.422363 0.000000 0.572596 0.000000 0.819838 0.661368 0.661368 0.661368
7333.093750 0.000000 3484.583984 0.000000 0.642184 0.000000 0.766550 0.670998 0.670998 0.670998
7345.723145 0.000000 3522.363281 0.000000 0.878540 0.000000 0.477668 0.641690 0.641690 0.641690
7328.872559 0.000000 3512.708984 0.000000 0.109281 0.000000 0.994011 0.541668 0.541668 0.541668
7354.744629 0.000000 3435.762695 0.000000 0.851213 0.000000 0.524820 0.674896 0.674896 0.674896
7325.434570 0.000000 3503.495605 0.000000 0.613039 0.000000 -0.790052 0.820982 0.820982 0.820982
7389.023438 0.000000 3486.440430 0.000000 0.945782 0.000000 -0.324801 0.735264 0.735264 0.735264
7324.975586 0.000000 3435.487061 0.000000 0.774772 0.000000 -0.632241 0.727511 0.727511 0.727511
7345.465332 0.000000 3476.212158 0.000000 0.353404 0.000000 0.935471 0.617559 0.617559 0.617559
7356.833008 0.000000 3439.952637 0.000000 0.841480 0.000000 0.540289 0.604241 0.604241 0.604241
7346.581055 0.000000 3429.585205 0.000000 0.970073 0.000000 -0.242813 0.729146 0.729146 0.729146
7307.525391 0.000000 3455.251709 0.000000 0.993443 0.000000 0.114330 0.680377 0.680377 0.680377
7360.895508 0.000000 3484.304932 0.000000 0.126506 0.000000 -0.991966 1.295528 1.295528 1.295528
7330.212891 0.000000 3482.034424 0.000000 0.573898 0.000000 0.818927 0.668139 0.668139 0.668139
7384.984375 0.000000 3481.936768 0.000000 0.358152 0.000000 -0.933663 0.773674 0.773674 0.773674
7317.737305 0.000000 3525.419922 0.000000 0.909112 0.000000 0.416552 0.687236 0.687236 0.687236
7379.534668 0.000000 3529.451904 0.000000 0.947917 0.000000 -0.318517 0.712463 0.712463 0.712463
7346.421875 0.000000 3504.627197 0.000000 0.995949 0.000000 -0.089924 0.705980 0.705980 0.705980
7350.426758 0.000000 3439.109863 0.000000 0.627611 0.000000 -0.778527 0.871534 0.871534 0.871534
7327.924316 0.000000 3509.732910 0.000000 0.367478 0.000000 0.930032 0.533001 0.533001 0.533001
7349.739746 0.000000 3486.906006 0.000000 0.493780 0.000000 0.869587 0.589444 0.589444 0.589444
7353.380859 0.000000 3442.269043 0.000000 0.263705 0.000000 -0.964603 0.889135 0.889135 0.889135
7368.209473 0.000000 3425.694336 0.000000 0.927725 0.000000 -0.373264 0.712701 0.712701 0.712701
7340.614258 0.000000 3502.989014 0.000000 0.398293 0.000000 -0.917258 0.862335 0.862335 0.862335
7335.418945 0.000000 3442.151611 0.000000 0.718687 0.000000 -0.695333 0.796746 0.796746 0.796746
7339.051270 0.000000 3510.210938 0.000000 0.988597 0.000000 0.150584 0.678339 0.678339 0.678339
7384.118652 0.000000 3449.981689 0.000000 0.476762 0.000000 0.879033 0.536735 0.536735 0.536735
7340.865234 0.000000 3478.860352 0.000000 0.172337 0.000000 0.985038 0.614515 0.614515 0.614515
7331.752930 0.000000 3527.695801 0.000000 0.808897 0.000000 -0.587950 0.817528 0.817528 0.817528
7335.527344 0.000000 3492.969482 0.000000 0.376261 0.000000 -0.926514 0.809761 0.809761 0.809761
7348.567383 0.000000 3434.763184 0.000000 0.263154 0.000000 0.964754 0.556377 0.556377 0.556377
7392.399902 0.000000 3483.009521 0.000000 0.142353 0.000000 0.989816 0.462930 0.462930 0.462930
7342.825684 0.000000 3508.546875 0.000000 0.981753 0.000000 -0.190160 0.707356 0.707356 0.707356
7345.656738 0.000000 3488.054932 0.000000 0.251443 0.000000 0.967872 0.610264 0.610264 0.610264
7390.667969 0.000000 3431.703125 0.000000 0.083935 0.000000 -0.996471 0.876680 0.876680 0.876680
7364.688477 0.000000 3482.753662 0.000000 0.656239 0.000000 -0.754553 0.858378 0.858378 0.858378
7328.080566 0.000000 3440.889893 0.000000 0.688112 0.000000 -0.725605 0.736891 0.736891 0.736891
7324.936523 0.000000 3492.362061 0.000000 0.599144 0.000000 -0.800641 0.743805 0.743805 0.743805
7366.635742 0.000000 3485.272949 0.000000 0.785340 0.000000 -0.619065 0.935654 0.935654 0.935654
7385.132324 0.000000 3430.187500 0.000000 0.741672 0.000000 -0.670762 0.737262 0.737262 0.737262
7342.779785 0.000000 3526.032471 0.000000 0.268362 0.000000 -0.963318 0.904326 0.904326 0.904326
7390.074707 0.000000 3448.854248 0.000000 0.927769 0.000000 -0.373156 0.723390 0.723390 0.723390
7330.286133 0.000000 3521.902100 0.000000 0.062776 0.000000 -0.998028 0.852848 0.852848 0.852848
7337.626465 0.000000 3528.722900 0.000000 0.876164 0.000000 -0.482013 0.746584 0.746584 0.746584
7343.846191 0.000000 3520.049561 0.000000 0.556081 0.000000 -0.831128 0.862888 0.862888 0.862888
7364.445312 0.000000 3488.800781 0.000000 0.926011 0.000000 -0.377495 0.844765 0.844765 0.844765
7364.244629 0.000000 3449.496826 0.000000 0.481664 0.000000 -0.876356 0.769073 0.769073 0.769073
7334.070312 0.000000 3509.976318 0.000000 0.236114 0.000000 0.971725 0.106223 0.106223 0.106223
7370.863281 0.000000 3488.274414 0.000000 0.961325 0.000000 0.275417 0.663916 0.663916 0.663916
7381.020020 0.000000 3449.719238 0.000000 0.943304 0.000000 0.331930 0.629636 0.629636 0.629636
7370.462402 0.000000 3481.955322 0.000000 0.246852 0.000000 -0.969053 0.773894 0.773894 0.773894
7344.437988 0.000000 3470.165771 0.000000 0.982799 0.000000 -0.184679 0.707141 0.707141 0.707141
7337.400879 0.000000 3506.148193 0.000000 0.995200 0.000000 0.097861 0.660088 0.660088 0.660088
7347.390137 0.000000 3478.249268 0.000000 0.926682 0.000000 0.375847 0.665658 0.665658 0.665658
7326.646973 0.000000 3498.100342 0.000000 0.937530 0.000000 0.347906 0.660878 0.660878 0.660878
7378.502441 0.000000 3446.687988 0.000000 0.534888 0.000000 -0.844923 0.740453 0.740453 0.740453
7366.209961 0.000000 3493.871826 0.000000 0.948715 0.000000 -0.316132 0.737661 0.737661 0.737661
7380.157715 0.000000 3433.520996 0.000000 0.652456 0.000000 -0.757827 0.844276 0.844276 0.844276
7357.508789 0.000000 3489.281982 0.000000 0.948056 0.000000 -0.318104 0.766192 0.766192 0.766192
7313.012207 0.000000 3455.637695 0.000000 0.123474 0.000000 0.992348 0.543217 0.543217 0.543217
7369.744629 0.000000 3450.775391 0.000000 0.063869 0.000000 0.997958 0.491961 0.491961 0.491961
7334.822754 0.000000 3504.045166 0.000000 0.651957 0.000000 -0.758256 0.906052 0.906052 0.906052
7336.025879 0.000000 3525.008789 0.000000 0.025807 0.000000 -0.999667 0.894399 0.894399 0.894399
7332.420898 0.000000 3499.282227 0.000000 0.396032 0.000000 0.918236 0.533253 0.533253 0.533253
7345.540039 0.000000 3427.004150 0.000000 0.106221 0.000000 -0.994343 0.763978 0.763978 0.763978
7328.916504 0.000000 3527.620361 0.000000 0.620408 0.000000 -0.784279 0.813436 0.813436 0.813436
7323.616699 0.000000 3497.830811 0.000000 0.941163 0.000000 -0.337953 0.721086 0.721086 0.721086
7345.548340 0.000000 3496.111084 0.000000 0.928639 0.000000 0.370985 0.680074 0.680074 0.680074
7373.361328 0.000000 3446.236816 0.000000 0.257483 0.000000 0.966283 0.640460 0.640460 0.640460
7327.642578 0.000000 3505.085449 0.000000 0.602201 0.000000 -0.798345 0.887423 0.887423 0.887423
7333.284180 0.000000 3516.877441 0.000000 0.566382 0.000000 -0.824143 0.810036 0.810036 0.810036
7379.684570 0.000000 3488.139648 0.000000 0.768345 0.000000 0.640036 0.669656 0.669656 0.669656
7376.390625 0.000000 3484.612305 0.000000 0.191603 0.000000 0.981473 0.345999 0.345999 0.345999
7323.414551 0.000000 3518.890625 0.000000 0.728065 0.000000 -0.685508 0.731679 0.731679 0.731679
7326.837891 0.000000 3514.540527 0.000000 0.989846 0.000000 0.142147 0.688285 0.688285 0.688285
7342.622070 0.000000 3529.701416 0.000000 0.457915 0.000000 -0.888996 0.837798 0.837798 0.837798
7332.116699 0.000000 3507.897217 0.000000 0.662708 0.000000 0.748878 0.322830 0.322830 0.322830
7355.423340 0.000000 3429.846191 0.000000 0.926865 0.000000 -0.375394 0.758508 0.758508 0.758508
7375.200684 0.000000 3489.964111 0.000000 0.535376 0.000000 0.844614 0.647266 0.647266 0.647266
7334.600586 0.000000 3490.438232 0.000000 0.901131 0.000000 -0.433546 0.761125 0.761125 0.761125
7331.387695 0.000000 3443.781982 0.000000 0.993103 0.000000 0.117248 0.694866 0.694866 0.694866
7322.252930 0.000000 3500.063232 0.000000 0.392912 0.000000 -0.919576 0.781577 0.781577 0.781577
7351.989258 0.000000 3478.938965 0.000000 0.579251 0.000000 0.815149 0.596744 0.596744 0.596744
7330.824707 0.000000 3434.551270 0.000000 0.381156 0.000000 -0.924511 0.823703 0.823703 0.823703
7376.452637 0.000000 3451.482910 0.000000 0.695790 0.000000 0.718245 0.561370 0.561370 0.561370
7316.543945 0.000000 3441.250000 0.000000 0.993754 0.000000 0.111591 0.681630 0.681630 0.681630
7371.216309 0.000000 3529.528076 0.000000 0.695613 0.000000 0.718416 0.543118 0.543118 0.543118
7336.683105 0.000000 3509.068359 0.000000 0.999725 0.000000 -0.023444 0.709137 0.709137 0.709137
7355.724609 0.000000 3487.224365 0.000000 0.998722 0.000000 -0.050535 0.715550 0.715550 0.715550
7352.236328 0.000000 3426.254395 0.000000 0.979562 0.000000 0.201143 0.655051 0.655051 0.655051
7316.275879 0.000000 3528.583740 0.000000 0.998698 0.000000 0.051017 0.695629 0.695629 0.695629
7393.186035 0.000000 3488.614746 0.000000 0.442927 0.000000 -0.896558 0.968162 0.968162 0.968162
7332.594238 0.000000 3512.456055 0.000000 0.453536 0.000000 -0.891238 0.842262 0.842262 0.842262
7361.246094 0.000000 3487.630127 0.000000 0.999842 0.000000 0.017754 0.692088 0.692088 0.692088
7335.145508 0.000000 3519.591309 0.000000 0.860133 0.000000 -0.510070 0.810380 0.810380 0.810380
7381.065918 0.000000 3483.458740 0.000000 0.769341 0.000000 0.638838 0.576473 0.576473 0.576473
7355.030273 0.000000 3427.008057 0.000000 0.999777 0.000000 -0.021134 0.703804 0.703804 0.703804
7345.324707 0.000000 3524.958252 0.000000 0.833149 0.000000 -0.553048 0.776809 0.776809 0.776809
7337.041504 0.000000 3514.284424 0.000000 0.957153 0.000000 0.289584 0.666627 0.666627 0.666627
7373.136719 0.000000 3423.521729 0.000000 0.634242 0.000000 -0.773134 0.755600 0.755600 0.755600
7357.895508 0.000000 3463.176270 0.000000 0.951686 0.000000 -0.307072 0.714727 0.714727 0.714727
7324.314453 0.000000 3514.131836 0.000000 0.968583 0.000000 0.248691 0.683749 0.683749 0.683749
7327.834473 0.000000 3432.281250 0.000000 0.532698 0.000000 0.846306 0.518377 0.518377 0.518377
7393.466309 0.000000 3450.756348 0.000000 0.976914 0.000000 -0.213632 0.725961 0.725961 0.725961
7349.868164 0.000000 3477.494385 0.000000 0.822014 0.000000 0.569467 0.638590 0.638590 0.638590
7393.266602 0.000000 3432.010498 0.000000 0.454062 0.000000 0.890970 0.513621 0.513621 0.513621
7366.608887 0.000000 3490.308594 0.000000 0.333562 0.000000 -0.942728 1.014014 1.014014 1.014014
7354.089355 0.000000 3482.435547 0.000000 0.769915 0.000000 0.638147 0.556072 0.556072 0.556072
7339.954102 0.000000 3517.496582 0.000000 0.503022 0.000000 -0.864274 0.918875 0.918875 0.918875
7330.818359 0.000000 3517.422852 0.000000 0.776406 0.000000 0.630234 0.610630 0.610630 0.610630
7314.818359 0.000000 3450.165527 0.000000 0.971958 0.000000 0.235154 0.677599 0.677599 0.677599
7364.201660 0.000000 3480.274902 0.000000 0.653045 0.000000 -0.757319 0.745046 0.745046 0.745046
7336.828125 0.000000 3488.941162 0.000000 0.999463 0.000000 0.032752 0.695821 0.695821 0.695821
7313.653320 0.000000 3447.664795 0.000000 0.498189 0.000000 -0.867068 0.777016 0.777016 0.777016
7330.125000 0.000000 3492.034180 0.000000 0.722862 0.000000 -0.690993 0.757326 0.757326 0.757326
7330.766113 0.000000 3503.430420 0.000000 0.990549 0.000000 0.137159 0.672588 0.672588 0.672588
7357.221680 0.000000 3480.125488 0.000000 0.306802 0.000000 0.951773 0.616394 0.616394 0.616394
7338.296387 0.000000 3497.081055 0.000000 0.982546 0.000000 0.186020 0.681035 0.681035 0.681035
7323.437012 0.000000 3506.725342 0.000000 0.955432 0.000000 0.295213 0.673291 0.673291 0.673291
7361.499512 0.000000 3511.022705 0.000000 0.761380 0.000000 -0.648306 0.824500 0.824500 0.824500
7377.322754 0.000000 3487.226807 0.000000 0.324428 0.000000 -0.945910 0.914601 0.914601 0.914601
7342.062012 0.000000 3499.683838 0.000000 0.964312 0.000000 0.264769 0.676585 0.676585 0.676585
7381.625000 0.000000 3486.495117 0.000000 0.934033 0.000000 -0.357187 0.729362 0.729362 0.729362
7343.925293 0.000000 3474.251709 0.000000 0.741917 0.000000 -0.670492 0.742380 0.742380 0.742380
7373.182129 0.000000 3492.889404 0.000000 0.992971 0.000000 0.118360 0.683206 0.683206 0.683206
7356.377930 0.000000 3454.150635 0.000000 0.577776 0.000000 -0.816195 1.072094 1.072094 1.072094
7349.207520 0.000000 3482.536133 0.000000 0.607154 0.000000 -0.794584 0.789871 0.789871 0.789871
7314.745117 0.000000 3443.443359 0.000000 0.456167 0.000000 0.889894 0.491015 0.491015 0.491015
7311.528809 0.000000 3442.168701 0.000000 0.875561 0.000000 0.483108 0.621579 0.621579 0.621579
7332.352539 0.000000 3438.814941 0.000000 0.082231 0.000000 0.996613 0.621963 0.621963 0.621963
7332.792480 0.000000 3505.522705 0.000000 0.016981 0.000000 0.999856 0.314410 0.314410 0.314410
7342.071777 0.000000 3448.950439 0.000000 0.973663 0.000000 -0.227994 0.712461 0.712461 0.712461
7390.106445 0.000000 3484.026367 0.000000 0.069171 0.000000 -0.997605 0.917802 0.917802 0.917802
7326.958496 0.000000 3530.444336 0.000000 0.989500 0.000000 0.144533 0.668316 0.668316 0.668316
7326.025391 0.000000 3518.734131 0.000000 0.998304 0.000000 0.058213 0.695521 0.695521 0.695521
7330.541992 0.000000 3500.915039 0.000000 0.855481 0.000000 -0.517835 0.794173 0.794173 0.794173
7354.061035 0.000000 3463.323730 0.000000 0.421033 0.000000 -0.907045 0.775454 0.775454 0.775454
7381.833984 0.000000 3530.388184 0.000000 0.670663 0.000000 -0.741762 0.765720 0.765720 0.765720
7325.174316 0.000000 3509.732910 0.000000 0.848972 0.000000 0.528437 0.639675 0.639675 0.639675
7327.065430 0.000000 3493.399414 0.000000 0.621734 0.000000 -0.783228 0.753467 0.753467 0.753467
7333.424805 0.000000 3529.537109 0.000000 0.997039 0.000000 0.076899 0.684396 0.684396 0.684396
7323.396484 0.000000 3502.250977 0.000000 0.253678 0.000000 -0.967289 0.796469 0.796469 0.796469
7314.012695 0.000000 3529.507080 0.000000 0.073552 0.000000 -0.997291 0.830822 0.830822 0.830822
7338.879883 0.000000 3512.625244 0.000000 0.858972 0.000000 -0.512023 0.736636 0.736636 0.736636
7333.514160 0.000000 3521.801758 0.000000 0.157070 0.000000 -0.987587 0.917313 0.917313 0.917313
7343.511230 0.000000 3444.956299 0.000000 0.926263 0.000000 -0.376877 0.749297 0.749297 0.749297
7338.044434 0.000000 3526.381104 0.000000 0.384377 0.000000 -0.923176 0.823337 0.823337 0.823337
7393.354004 0.000000 3529.242920 0.000000 0.161194 0.000000 0.986923 0.488254 0.488254 0.488254
7346.903809 0.000000 3529.522217 0.000000 0.641306 0.000000 -0.767285 0.865071 0.865071 0.865071
7315.483398 0.000000 3445.707764 0.000000 0.732302 0.000000 0.680980 0.587416 0.587416 0.587416
7388.997559 0.000000 3527.466797 0.000000 0.991138 0.000000 0.132837 0.682770 0.682770 0.682770
7347.051758 0.000000 3526.826904 0.000000 0.761269 0.000000 0.648436 0.608760 0.608760 0.608760
7345.414551 0.000000 3483.676025 0.000000 0.139777 0.000000 0.990183 0.609999 0.609999 0.609999
7327.706543 0.000000 3500.181885 0.000000 0.072136 0.000000 0.997395 0.508818 0.508818 0.508818
7336.438477 0.000000 3486.337646 0.000000 0.780163 0.000000 0.625576 0.646849 0.646849 0.646849
7369.154785 0.000000 3494.469971 0.000000 0.099578 0.000000 0.995030 0.607452 0.607452 0.607452
7350.602539 0.000000 3429.622070 0.000000 0.728892 0.000000 0.684628 0.564262 0.564262 0.564262
7323.279785 0.000000 3511.853760 0.000000 0.605370 0.000000 -0.795944 0.765959 0.765959 0.765959
7340.623535 0.000000 3496.970947 0.000000 0.120131 0.000000 -0.992758 0.829267 0.829267 0.829267
7337.935059 0.000000 3500.916748 0.000000 0.446425 0.000000 -0.894821 0.874274 0.874274 0.874274
7340.377930 0.000000 3522.163574 0.000000 0.999407 0.000000 0.034428 0.691936 0.691936 0.691936
7384.884766 0.000000 3446.764404 0.000000 0.683441 0.000000 0.730006 0.649946 0.649946 0.649946
7349.848145 0.000000 3436.723145 0.000000 0.999892 0.000000 -0.014663 0.701486 0.701486 0.701486
7328.402344 0.000000 3507.391113 0.000000 0.674541 0.000000 0.738237 0.446025 0.446025 0.446025
7382.814453 0.000000 3481.104736 0.000000 0.329673 0.000000 0.944095 0.574837 0.574837 0.574837
7368.812012 0.000000 3484.449951 0.000000 0.901709 0.000000 -0.432343 0.839857 0.839857 0.839857
7339.562012 0.000000 3505.011230 0.000000 0.258943 0.000000 -0.965893 0.983632 0.983632 0.983632
7369.415039 0.000000 3490.032715 0.000000 0.837225 0.000000 -0.546859 0.800105 0.800105 0.800105
7373.657715 0.000000 3484.914551 0.000000 0.817130 0.000000 0.576453 0.561495 0.561495 0.561495
7341.506836 0.000000 3519.395752 0.000000 0.190856 0.000000 0.981618 0.379536 0.379536 0.379536
7355.604492 0.000000 3438.037842 0.000000 0.558715 0.000000 -0.829360 0.896543 0.896543 0.896543
7343.487305 0.000000 3442.171387 0.000000 0.999509 0.000000 -0.031327 0.705147 0.705147 0.705147
7370.799805 0.000000 3492.414795 0.000000 0.577022 0.000000 -0.816728 0.848648 0.848648 0.848648
7372.455566 0.000000 3480.778076 0.000000 0.371910 0.000000 -0.928269 0.837224 0.837224 0.837224
7350.827148 0.000000 3433.050293 0.000000 0.218176 0.000000 -0.975909 0.907744 0.907744 0.907744
7334.247559 0.000000 3497.916260 0.000000 0.013719 0.000000 0.999906 0.514964 0.514964 0.514964
7333.866211 0.000000 3494.481445 0.000000 0.991422 0.000000 0.130704 0.686943 0.686943 0.686943
7345.676758 0.000000 3502.330322 0.000000 0.858839 0.000000 -0.512245 0.745113 0.745113 0.745113
7373.686035 0.000000 3495.601807 0.000000 0.729845 0.000000 -0.683612 0.803917 0.803917 0.803917
7339.371094 0.000000 3442.727783 0.000000 0.984815 0.000000 -0.173605 0.710978 0.710978 0.710978
7366.510742 0.000000 3451.688721 0.000000 0.989532 0.000000 -0.144316 0.713667 0.713667 0.713667
7326.084961 0.000000 3521.733643 0.000000 0.967801 0.000000 0.251717 0.682213 0.682213 0.682213
7347.037109 0.000000 3432.092041 0.000000 0.409139 0.000000 0.912472 0.567441 0.567441 0.567441
7385.556641 0.000000 3484.041504 0.000000 0.326011 0.000000 -0.945366 0.803908 0.803908 0.803908
7331.448242 0.000000 3494.406494 0.000000 0.804565 0.000000 0.593864 0.638884 0.638884 0.638884
7317.878418 0.000000 3530.310059 0.000000 0.839580 0.000000 0.543236 0.632758 0.632758 0.632758
7352.797363 0.000000 3437.044189 0.000000 0.891556 0.000000 -0.452911 0.759142 0.759142 0.759142
7351.439941 0.000000 3481.253906 0.000000 0.879716 0.000000 -0.475499 0.752825 0.752825 0.752825
7328.552734 0.000000 3523.309326 0.000000 0.999098 0.000000 -0.042457 0.703340 0.703340 0.703340
7327.476074 0.000000 3496.060547 0.000000 0.809718 0.000000 -0.586820 0.754798 0.754798 0.754798
7346.490234 0.000000 3435.502441 0.000000 0.293207 0.000000 -0.956049 0.800127 0.800127 0.800127
7335.452637 0.000000 3501.872559 0.000000 0.996578 0.000000 -0.082657 0.714751 0.714751 0.714751
7391.208984 0.000000 3450.833252 0.000000 0.410150 0.000000 -0.912018 0.866543 0.866543 0.866543
7338.086426 0.000000 3522.103271 0.000000 0.987931 0.000000 0.154896 0.659232 0.659232 0.659232
7333.389160 0.000000 3442.918945 0.000000 0.915580 0.000000 -0.402137 0.758582 0.758582 0.758582
7353.061523 0.000000 3484.981445 0.000000 0.239914 0.000000 0.970794 0.361032 0.361032 0.361032
7337.132812 0.000000 3478.564941 0.000000 0.159472 0.000000 0.987202 0.603857 0.603857 0.603857
7326.263672 0.000000 3433.769043 0.000000 0.892500 0.000000 -0.451048 0.784230 0.784230 0.784230
7376.634277 0.000000 3432.325684 0.000000 0.949316 0.000000 -0.314323 0.761466 0.761466 0.761466
7359.259277 0.000000 3454.467773 0.000000 0.504651 0.000000 0.863324 0.437824 0.437824 0.437824
7347.606934 0.000000 3487.100342 0.000000 0.398342 0.000000 -0.917237 0.795368 0.795368 0.795368
7340.016602 0.000000 3445.217285 0.000000 0.934876 0.000000 -0.354974 0.767222 0.767222 0.767222
7330.049316 0.000000 3441.961670 0.000000 0.085196 0.000000 -0.996364 0.915471 0.915471 0.915471
7337.557617 0.000000 3518.717285 0.000000 0.586173 0.000000 0.810186 0.416107 0.416107 0.416107
7330.333984 0.000000 3496.576660 0.000000 0.004842 0.000000 0.999988 0.519382 0.519382 0.519382
7329.969238 0.000000 3519.544922 0.000000 0.895246 0.000000 -0.445571 0.746002 0.746002 0.746002
7354.455566 0.000000 3433.675537 0.000000 0.047025 0.000000 -0.998894 0.803853 0.803853 0.803853
7312.696289 0.000000 3451.892090 0.000000 0.039323 0.000000 -0.999227 1.088072 1.088072 1.088072
7371.906738 0.000000 3483.501221 0.000000 0.768814 0.000000 -0.639472 0.804274 0.804274 0.804274
7340.059082 0.000000 3492.713379 0.000000 0.797501 0.000000 -0.603317 0.744141 0.744141 0.744141
7357.483398 0.000000 3484.550293 0.000000 0.821798 0.000000 0.569778 0.479635 0.479635 0.479635
7309.580566 0.000000 3454.846680 0.000000 0.637623 0.000000 0.770348 0.550930 0.550930 0.550930
7362.780762 0.000000 3490.140137 0.000000 0.771509 0.000000 -0.636218 0.828947 0.828947 0.828947
7375.411621 0.000000 3481.107422 0.000000 0.996880 0.000000 -0.078930 0.712289 0.712289 0.712289
7379.179199 0.000000 3435.400879 0.000000 0.079661 0.000000 0.996822 0.431609 0.431609 0.431609
7309.098633 0.000000 3460.674316 0.000000 0.021040 0.000000 -0.999779 0.905833 0.905833 0.905833
7389.415527 0.000000 3433.394531 0.000000 0.999872 0.000000 -0.016007 0.701259 0.701259 0.701259
7341.090332 0.000000 3509.744141 0.000000 0.648950 0.000000 -0.760831 0.781591 0.781591 0.781591
7350.006348 0.000000 3484.749512 0.000000 0.936636 0.000000 0.350305 0.651840 0.651840 0.651840
7383.839844 0.000000 3435.858643 0.000000 0.967638 0.000000 0.252343 0.681722 0.681722 0.681722
7390.938965 0.000000 3487.450439 0.000000 0.043255 0.000000 -0.999064 1.006991 1.006991 1.006991
7337.494629 0.000000 3493.633301 0.000000 0.943698 0.000000 -0.330807 0.731817 0.731817 0.731817
7341.146973 0.000000 3524.579346 0.000000 0.529651 0.000000 0.848216 0.498264 0.498264 0.498264
7345.935547 0.000000 3485.910156 0.000000 0.999465 0.000000 0.032704 0.697771 0.697771 0.697771
7392.225098 0.000000 3491.374512 0.000000 0.855999 0.000000 -0.516977 0.810141 0.810141 0.810141
7371.494629 0.000000 3451.868896 0.000000 0.875554 0.000000 -0.483121 0.775780 0.775780 0.775780
7342.203125 0.000000 3446.538818 0.000000 0.761131 0.000000 0.648599 0.576666 0.576666 0.576666
7355.378906 0.000000 3441.414795 0.000000 0.664586 0.000000 0.747211 0.549580 0.549580 0.549580
7313.997559 0.000000 3457.534668 0.000000 0.337089 0.000000 -0.941473 0.927289 0.927289 0.927289
7332.602051 0.000000 3490.098145 0.000000 0.506352 0.000000 -0.862327 0.803582 0.803582 0.803582
7338.144043 0.000000 3516.517822 0.000000 0.997102 0.000000 -0.076078 0.715970 0.715970 0.715970
7379.055664 0.000000 3483.310547 0.000000 0.323463 0.000000 0.946241 0.476545 0.476545 0.476545
7338.365234 0.000000 3446.645752 0.000000 0.371568 0.000000 -0.928406 0.789431 0.789431 0.789431
7353.186523 0.000000 3489.198730 0.000000 0.388787 0.000000 0.921328 0.325351 0.325351 0.325351
7362.904297 0.000000 3483.929443 0.000000 0.725566 0.000000 -0.688152 0.848547 0.848547 0.848547
7365.878906 0.000000 3487.197021 0.000000 0.837695 0.000000 0.546138 0.442537 0.442537 0.442537
7369.283691 0.000000 3486.609131 0.000000 0.995573 0.000000 -0.093989 0.734380 0.734380 0.734380
7382.186035 0.000000 3434.127930 0.000000 0.773620 0.000000 0.633649 0.650829 0.650829 0.650829
7359.900879 0.000000 3456.425537 0.000000 0.976236 0.000000 -0.216708 0.719851 0.719851 0.719851
7348.940918 0.000000 3529.981201 0.000000 0.886386 0.000000 -0.462946 0.773179 0.773179 0.773179
7329.021973 0.000000 3515.029297 0.000000 0.601252 0.000000 0.799060 0.596461 0.596461 0.596461
7329.807617 0.000000 3508.785889 0.000000 0.368177 0.000000 0.929756 0.345350 0.345350 0.345350
7389.088867 0.000000 3488.517090 0.000000 0.748414 0.000000 0.663232 0.587217 0.587217 0.587217
7333.228516 0.000000 3526.322998 0.000000 0.285627 0.000000 -0.958341 0.930606 0.930606 0.930606
7348.551270 0.000000 3429.607422 0.000000 0.637271 0.000000 -0.770640 0.839922 0.839922 0.839922
7329.735352 0.000000 3436.408203 0.000000 0.307241 0.000000 0.951632 0.565840 0.565840 0.565840
7351.339844 0.000000 3488.386230 0.000000 0.639227 0.000000 0.769018 0.583480 0.583480 0.583480
7359.311035 0.000000 3488.429199 0.000000 0.597882 0.000000 -0.801584 0.968150 0.968150 0.968150
7326.624023 0.000000 3501.837158 0.000000 0.101441 0.000000 0.994842 0.512571 0.512571 0.512571
7373.398926 0.000000 3449.794189 0.000000 0.313670 0.000000 0.949532 0.468123 0.468123 0.468123
7341.264648 0.000000 3494.507324 0.000000 0.759571 0.000000 0.650424 0.643073 0.643073 0.643073
7340.485840 0.000000 3500.969482 0.000000 0.145550 0.000000 -0.989351 0.876778 0.876778 0.876778
7345.250488 0.000000 3431.086426 0.000000 0.775231 0.000000 0.631678 0.647427 0.647427 0.647427
7376.523926 0.000000 3447.180908 0.000000 0.469057 0.000000 -0.883168 0.847567 0.847567 0.847567
7359.500000 0.000000 3491.799072 0.000000 0.738536 0.000000 -0.674214 0.782754 0.782754 0.782754
7379.852539 0.000000 3448.118408 0.000000 0.818834 0.000000 -0.574031 0.808988 0.808988 0.808988
7341.484863 0.000000 3506.086426 0.000000 0.998057 0.000000 -0.062308 0.710133 0.710133 0.710133
7383.958984 0.000000 3431.838379 0.000000 0.149133 0.000000 0.988817 0.533606 0.533606 0.533606
7345.790039 0.000000 3520.353760 0.000000 0.595466 0.000000 -0.803380 0.779890 0.779890 0.779890
7393.062012 0.000000 3527.322998 0.000000 0.516444 0.000000 0.856321 0.500567 0.500567 0.500567
7347.433594 0.000000 3427.808350 0.000000 0.475342 0.000000 -0.879801 0.790213 0.790213 0.790213
7325.690430 0.000000 3505.473633 0.000000 0.858343 0.000000 -0.513076 0.769674 0.769674 0.769674
7350.793945 0.000000 3529.206299 0.000000 0.066415 0.000000 -0.997792 0.823560 0.823560 0.823560
7340.223633 0.000000 3529.717285 0.000000 0.233248 0.000000 -0.972417 0.807350 0.807350 0.807350
7335.947266 0.000000 3529.761475 0.000000 0.468037 0.000000 0.883709 0.520079 0.520079 0.520079
7372.498047 0.000000 3486.509277 0.000000 0.051017 0.000000 0.998698 0.476904 0.476904 0.476904
7336.891113 0.000000 3520.564697 0.000000 0.124394 0.000000 0.992233 0.255222 0.255222 0.255222
7330.490234 0.000000 3440.093506 0.000000 0.978616 0.000000 -0.205695 0.730051 0.730051 0.730051
7389.720215 0.000000 3529.228516 0.000000 0.913537 0.000000 0.406755 0.659005 0.659005 0.659005
7344.205566 0.000000 3503.703125 0.000000 0.247920 0.000000 0.968780 0.589251 0.589251 0.589251
7331.379883 0.000000 3523.458984 0.000000 0.809576 0.000000 0.587015 0.587073 0.587073 0.587073
7324.907715 0.000000 3529.509521 0.000000 0.447776 0.000000 -0.894146 0.881771 0.881771 0.881771
7334.527832 0.000000 3512.330322 0.000000 0.400004 0.000000 0.916514 0.523744 0.523744 0.523744
7390.344727 0.000000 3491.584961 0.000000 0.868323 0.000000 -0.496000 0.807930 0.807930 0.807930
7388.367676 0.000000 3449.952637 0.000000 0.465287 0.000000 -0.885160 0.842450 0.842450 0.842450
7329.452148 0.000000 3433.282959 0.000000 0.995886 0.000000 -0.090617 0.707929 0.707929 0.707929
7354.046875 0.000000 3465.206055 0.000000 0.281641 0.000000 0.959520 0.527046 0.527046 0.527046
7357.794434 0.000000 3465.073242 0.000000 0.549468 0.000000 0.835515 0.528880 0.528880 0.528880
7328.595703 0.000000 3529.500488 0.000000 0.661897 0.000000 -0.749595 0.873276 0.873276 0.873276
7332.592285 0.000000 3488.155273 0.000000 0.296266 0.000000 0.955105 0.529102 0.529102 0.529102
7333.936035 0.000000 3440.886230 0.000000 0.903569 0.000000 -0.428443 0.768092 0.768092 0.768092
7345.055664 0.000000 3505.929199 0.000000 0.869020 0.000000 -0.494778 0.748844 0.748844 0.748844
7337.308105 0.000000 3498.706055 0.000000 0.913876 0.000000 0.405993 0.645205 0.645205 0.645205
7338.264648 0.000000 3508.020020 0.000000 0.621913 0.000000 -0.783086 0.894946 0.894946 0.894946
7342.409180 0.000000 3527.854980 0.000000 0.786111 0.000000 -0.618085 0.804798 0.804798 0.804798
7333.854004 0.000000 3500.428467 0.000000 0.672015 0.000000 0.740537 0.549902 0.549902 0.549902
7342.236816 0.000000 3503.867676 0.000000 0.987987 0.000000 0.154540 0.682917 0.682917 0.682917
7351.265137 0.000000 3427.925049 0.000000 0.198158 0.000000 0.980170 0.501091 0.501091 0.501091
7330.816406 0.000000 3513.144043 0.000000 0.575323 0.000000 0.817927 0.582832 0.582832 0.582832
7339.834473 0.000000 3525.938232 0.000000 0.415460 0.000000 0.909612 0.508350 0.508350 0.508350
7364.650391 0.000000 3484.584961 0.000000 0.164314 0.000000 -0.986408 1.228177 1.228177 1.228177
7351.451660 0.000000 3485.867188 0.000000 0.394877 0.000000 -0.918734 0.856748 0.856748 0.856748
7376.210449 0.000000 3430.559082 0.000000 0.387768 0.000000 -0.921757 0.841394 0.841394 0.841394
7348.569336 0.000000 3439.336914 0.000000 0.914707 0.000000 -0.404117 0.744348 0.744348 0.744348
7336.342285 0.000000 3491.027588 0.000000 0.984005 0.000000 -0.178142 0.720657 0.720657 0.720657
7343.656250 0.000000 3524.329590 0.000000 0.846781 0.000000 0.531941 0.598059 0.598059 0.598059
7344.420898 0.000000 3529.762695 0.000000 0.095550 0.000000 -0.995425 0.947475 0.947475 0.947475
7393.387695 0.000000 3484.544678 0.000000 0.820591 0.000000 -0.571516 0.816946 0.816946 0.816946
7351.397461 0.000000 3431.241943 0.000000 0.451160 0.000000 0.892443 0.497653 0.497653 0.497653
7361.940430 0.000000 3456.492920 0.000000 0.888087 0.000000 -0.459675 0.767610 0.767610 0.767610
7337.217285 0.000000 3523.685059 0.000000 0.975166 0.000000 -0.221477 0.749176 0.749176 0.749176
7361.687988 0.000000 3485.899170 0.000000 0.988292 0.000000 0.152577 0.636826 0.636826 0.636826
7366.194824 0.000000 3492.053223 0.000000 0.988128 0.000000 -0.153635 0.718060 0.718060 0.718060
7329.296875 0.000000 3510.870117 0.000000 0.302368 0.000000 -0.953191 0.894329 0.894329 0.894329
7341.791504 0.000000 3521.138916 0.000000 0.662820 0.000000 -0.748779 0.924783 0.924783 0.924783
7311.739258 0.000000 3444.010498 0.000000 0.433915 0.000000 0.900954 0.564710 0.564710 0.564710
7308.299316 0.000000 3453.659424 0.000000 0.722700 0.000000 0.691161 0.591981 0.591981 0.591981
7359.166992 0.000000 3483.933594 0.000000 0.996552 0.000000 0.082965 0.682872 0.682872 0.682872
7335.683105 0.000000 3505.620361 0.000000 0.763386 0.000000 0.645943 0.531866 0.531866 0.531866
7312.623535 0.000000 3453.797119 0.000000 0.983878 0.000000 -0.178843 0.743050 0.743050 0.743050
7388.596191 0.000000 3490.203125 0.000000 0.761434 0.000000 -0.648242 0.777649 0.777649 0.777649
7350.503906 0.000000 3426.022217 0.000000 0.863510 0.000000 -0.504332 0.776674 0.776674 0.776674
7327.438965 0.000000 3511.424805 0.000000 0.408204 0.000000 -0.912891 0.834688 0.834688 0.834688
7309.493164 0.000000 3452.168701 0.000000 0.186915 0.000000 0.982376 0.504262 0.504262 0.504262
7311.322266 0.000000 3454.970215 0.000000 0.763814 0.000000 0.645437 0.585973 0.585973 0.585973
7328.023438 0.000000 3439.093750 0.000000 0.992053 0.000000 -0.125821 0.715433 0.715433 0.715433
7390.687500 0.000000 3485.723145 0.000000 0.821550 0.000000 0.570136 0.612003 0.612003 0.612003
7375.697266 0.000000 3482.955322 0.000000 0.972645 0.000000 0.232298 0.639774 0.639774 0.639774
7382.604980 0.000000 3449.008057 0.000000 0.934253 0.000000 -0.356611 0.750342 0.750342 0.750342
7324.121094 0.000000 3504.668457 0.000000 0.845644 0.000000 0.533748 0.627189 0.627189 0.627189
7353.760254 0.000000 3430.476074 0.000000 0.633801 0.000000 -0.773496 0.836000 0.836000 0.836000
7324.076172 0.000000 3508.312012 0.000000 0.333332 0.000000 -0.942810 0.833375 0.833375 0.833375
7355.432129 0.000000 3488.910645 0.000000 0.567374 0.000000 -0.823460 0.967140 0.967140 0.967140
7331.557129 0.000000 3525.865234 0.000000 0.999772 0.000000 -0.021364 0.703808 0.703808 0.703808
7329.107910 0.000000 3504.023193 0.000000 0.999982 0.000000 -0.006061 0.701536 0.701536 0.701536
7374.965332 0.000000 3450.590576 0.000000 0.884678 0.000000 0.466203 0.608463 0.608463 0.608463
7331.242676 0.000000 3437.403564 0.000000 0.774262 0.000000 -0.632865 0.819753 0.819753 0.819753
7347.000000 0.000000 3433.813477 0.000000 0.579980 0.000000 0.814630 0.590185 0.590185 0.590185
7357.916992 0.000000 3438.593262 0.000000 0.886583 0.000000 0.462569 0.619322 0.619322 0.619322
7378.097168 0.000000 3453.106445 0.000000 0.766414 0.000000 0.642348 0.623200 0.623200 0.623200
7332.541016 0.000000 3503.719727 0.000000 0.746829 0.000000 0.665016 0.544890 0.544890 0.544890
7383.380371 0.000000 3482.927490 0.000000 0.791927 0.000000 -0.610615 0.814788 0.814788 0.814788
7324.526855 0.000000 3433.390381 0.000000 0.687444 0.000000 0.726238 0.616191 0.616191 0.616191
7353.185059 0.000000 3480.952148 0.000000 0.956131 0.000000 0.292940 0.669346 0.669346 0.669346
7366.267578 0.000000 3483.518066 0.000000 0.370666 0.000000 0.928766 0.506421 0.506421 0.506421
7393.842773 0.000000 3433.802246 0.000000 0.975997 0.000000 0.217785 0.662784 0.662784 0.662784
7334.856445 0.000000 3523.708496 0.000000 0.895424 0.000000 -0.445215 0.783861 0.783861 0.783861
7313.130371 0.000000 3442.804932 0.000000 0.851420 0.000000 0.524484 0.590006 0.590006 0.590006
7312.119141 0.000000 3457.129395 0.000000 0.947681 0.000000 -0.319218 0.760187 0.760187 0.760187
7354.651367 0.000000 3443.455566 0.000000 0.544981 0.000000 -0.838448 0.816436 0.816436 0.816436
7362.856934 0.000000 3488.168701 0.000000 0.334512 0.000000 -0.942392 1.189976 1.189976 1.189976
7312.104492 0.000000 3440.206055 0.000000 0.979170 0.000000 -0.203042 0.728943 0.728943 0.728943
7331.893066 0.000000 3521.237793 0.000000 0.311569 0.000000 -0.950224 0.827100 0.827100 0.827100
7330.242188 0.000000 3528.671143 0.000000 0.562669 0.000000 0.826683 0.475504 0.475504 0.475504
7385.066406 0.000000 3448.520020 0.000000 0.366934 0.000000 0.930247 0.518299 0.518299 0.518299
7364.953125 0.000000 3451.034180 0.000000 0.776695 0.000000 -0.629877 0.769066 0.769066 0.769066
7337.511719 0.000000 3530.394531 0.000000 0.784492 0.000000 -0.620138 0.802871 0.802871 0.802871
7331.461914 0.000000 3497.861572 0.000000 0.602961 0.000000 0.797771 0.593473 0.593473 0.593473
7344.440430 0.000000 3526.444824 0.000000 0.701269 0.000000 -0.712897 0.824823 0.824823 0.824823
7333.743652 0.000000 3518.656982 0.000000 0.137966 0.000000 0.990437 0.544800 0.544800 0.544800
7332.937988 0.000000 3515.185791 0.000000 0.596769 0.000000 -0.802413 0.809047 0.809047 0.809047
7309.149902 0.000000 3445.526367 0.000000 0.767181 0.000000 0.641430 0.619681 0.619681 0.619681
7334.769531 0.000000 3516.073975 0.000000 0.976088 0.000000 -0.217375 0.731784 0.731784 0.731784
7364.020020 0.000000 3530.380127 0.000000 0.844015 0.000000 0.536320 0.636688 0.636688 0.636688
7327.096680 0.000000 3503.445801 0.000000 0.596182 0.000000 -0.802849 0.856370 0.856370 0.856370
7352.002930 0.000000 3438.585938 0.000000 0.146129 0.000000 -0.989266 0.978746 0.978746 0.978746
7393.653809 0.000000 3490.221436 0.000000 0.944146 0.000000 0.329526 0.631926 0.631926 0.631926
7374.921875 0.000000 3446.753174 0.000000 0.336425 0.000000 -0.941710 0.848037 0.848037 0.848037
7390.791992 0.000000 3482.466309 0.000000 0.304190 0.000000 0.952611 0.558884 0.558884 0.558884
7357.025879 0.000000 3441.663330 0.000000 0.524996 0.000000 0.851105 0.586132 0.586132 0.586132
7382.326660 0.000000 3432.474854 0.000000 0.360029 0.000000 0.932941 0.479346 0.479346 0.479346
7339.225098 0.000000 3502.111572 0.000000 0.927179 0.000000 -0.374618 0.765091 0.765091 0.765091
7354.364746 0.000000 3486.249512 0.000000 0.444070 0.000000 -0.895992 1.041611 1.041611 1.041611
7307.472168 0.000000 3530.483887 0.000000 0.586390 0.000000 0.810029 0.587795 0.587795 0.587795
7332.440430 0.000000 3509.554932 0.000000 0.970152 0.000000 -0.242498 0.807013 0.807013 0.807013
7357.350586 0.000000 3487.493896 0.000000 0.255704 0.000000 0.966755 0.241357 0.241357 0.241357
7360.766602 0.000000 3482.654541 0.000000 0.000817 0.000000 1.000000 0.381734 0.381734 0.381734
7331.770020 0.000000 3529.689453 0.000000 0.690451 0.000000 -0.723379 0.886548 0.886548 0.886548
7352.352539 0.000000 3433.668213 0.000000 0.536355 0.000000 0.843992 0.582363 0.582363 0.582363
7352.426758 0.000000 3424.622314 0.000000 0.776750 0.000000 0.629809 0.582126 0.582126 0.582126
7358.861328 0.000000 3490.215088 0.000000 0.960497 0.000000 -0.278292 0.731542 0.731542 0.731542
7341.824219 0.000000 3501.871582 0.000000 0.747029 0.000000 0.664791 0.609768 0.609768 0.609768
7380.120117 0.000000 3437.043945 0.000000 0.797545 0.000000 -0.603260 0.772429 0.772429 0.772429
7383.162109 0.000000 3529.428223 0.000000 0.805629 0.000000 0.592420 0.609138 0.609138 0.609138
7360.079102 0.000000 3485.699707 0.000000 0.723000 0.000000 -0.690848 1.014544 1.014544 1.014544
7348.592773 0.000000 3433.122070 0.000000 0.906500 0.000000 -0.422207 0.766271 0.766271 0.766271
7336.331055 0.000000 3507.483643 0.000000 0.978067 0.000000 -0.208290 0.785439 0.785439 0.785439
7371.278809 0.000000 3450.148926 0.000000 0.217682 0.000000 -0.976020 0.903098 0.903098 0.903098
7391.379395 0.000000 3529.802490 0.000000 0.746146 0.000000 -0.665783 0.828592 0.828592 0.828592
7355.136719 0.000000 3439.724365 0.000000 0.780812 0.000000 -0.624766 0.835622 0.835622 0.835622
7368.026855 0.000000 3450.955566 0.000000 0.840028 0.000000 -0.542543 0.779172 0.779172 0.779172
7391.684570 0.000000 3430.445801 0.000000 0.912986 0.000000 0.407991 0.650059 0.650059 0.650059
7308.971680 0.000000 3449.044678 0.000000 0.856150 0.000000 0.516728 0.616490 0.616490 0.616490
7370.262207 0.000000 3483.640137 0.000000 0.784495 0.000000 0.620135 0.599467 0.599467 0.599467
7391.711914 0.000000 3484.458008 0.000000 0.686036 0.000000 0.727568 0.581818 0.581818 0.581818
7310.857422 0.000000 3445.391602 0.000000 0.852325 0.000000 -0.523012 0.766367 0.766367 0.766367
7333.734863 0.000000 3508.418457 0.000000 0.966199 0.000000 0.257797 0.586083 0.586083 0.586083
7330.229980 0.000000 3526.728760 0.000000 0.995282 0.000000 -0.097024 0.718171 0.718171 0.718171
7364.996582 0.000000 3490.322510 0.000000 0.109195 0.000000 -0.994020 1.011575 1.011575 1.011575
7366.130371 0.000000 3488.785400 0.000000 0.612597 0.000000 0.790395 0.370282 0.370282 0.370282
7373.183105 0.000000 3425.194824 0.000000 0.153179 0.000000 0.988199 0.524179 0.524179 0.524179
7356.573242 0.000000 3485.880859 0.000000 0.850631 0.000000 0.525763 0.498763 0.498763 0.498763
7326.680176 0.000000 3508.750977 0.000000 0.783623 0.000000 0.621237 0.606285 0.606285 0.606285
7354.530762 0.000000 3428.510498 0.000000 0.943033 0.000000 0.332699 0.648433 0.648433 0.648433
7334.076660 0.000000 3491.950684 0.000000 0.596061 0.000000 0.802939 0.572929 0.572929 0.572929
7334.460938 0.000000 3525.307617 0.000000 0.206636 0.000000 0.978418 0.528542 0.528542 0.528542
7381.085449 0.000000 3528.981689 0.000000 0.984179 0.000000 0.177175 0.674787 0.674787 0.674787
7337.883301 0.000000 3511.355225 0.000000 0.784542 0.000000 -0.620075 0.878834 0.878834 0.878834
7307.473145 0.000000 3460.558838 0.000000 0.315495 0.000000 -0.948927 0.927153 0.927153 0.927153
7350.091797 0.000000 3434.413574 0.000000 0.332654 0.000000 0.943049 0.555785 0.555785 0.555785
7380.850586 0.000000 3485.061279 0.000000 0.198872 0.000000 -0.980025 0.920360 0.920360 0.920360
7338.045410 0.000000 3504.642090 0.000000 0.283425 0.000000 -0.958995 0.978121 0.978121 0.978121
7353.302246 0.000000 3427.392090 0.000000 0.884309 0.000000 0.466903 0.592183 0.592183 0.592183
7354.297363 0.000000 3487.838379 0.000000 0.153439 0.000000 -0.988158 1.135756 1.135756 1.135756
7335.734375 0.000000 3513.374023 0.000000 0.805610 0.000000 -0.592446 0.796407 0.796407 0.796407
7312.184082 0.000000 3448.275635 0.000000 0.761152 0.000000 0.648574 0.606270 0.606270 0.606270
7385.667480 0.000000 3449.979980 0.000000 0.380823 0.000000 0.924648 0.520576 0.520576 0.520576
7341.312500 0.000000 3526.474854 0.000000 0.994475 0.000000 -0.104973 0.714152 0.714152 0.714152
7361.661621 0.000000 3489.116455 0.000000 0.476227 0.000000 -0.879322 1.088678 1.088678 1.088678
7341.402832 0.000000 3507.936035 0.000000 0.186592 0.000000 0.982438 0.475211 0.475211 0.475211
7367.752930 0.000000 3486.445312 0.000000 0.367307 0.000000 -0.930100 1.228216 1.228216 1.228216
7371.676758 0.000000 3528.036621 0.000000 0.583119 0.000000 0.812387 0.514403 0.514403 0.514403
7333.806152 0.000000 3520.304443 0.000000 0.998200 0.000000 -0.059967 0.709228 0.709228 0.709228
7392.949707 0.000000 3492.715088 0.000000 0.918591 0.000000 0.395210 0.641777 0.641777 0.641777
7356.356934 0.000000 3483.504150 0.000000 0.354837 0.000000 0.934928 0.455103 0.455103 0.455103
7341.824219 0.000000 3445.067627 0.000000 0.301022 0.000000 -0.953617 0.934339 0.934339 0.934339
7317.980957 0.000000 3440.719971 0.000000 0.565022 0.000000 -0.825076 0.859400 0.859400 0.859400
7376.306641 0.000000 3486.097900 0.000000 0.399450 0.000000 0.916755 0.499328 0.499328 0.499328
7330.889648 0.000000 3499.455566 0.000000 0.872706 0.000000 0.488246 0.628688 0.628688 0.628688
7327.058594 0.000000 3506.488525 0.000000 0.385268 0.000000 -0.922805 0.921825 0.921825 0.921825
7330.710449 0.000000 3507.332520 0.000000 0.981726 0.000000 0.190301 0.633079 0.633079 0.633079
7335.619141 0.000000 3510.376465 0.000000 0.759990 0.000000 -0.649935 0.931209 0.931209 0.931209
7391.575684 0.000000 3432.882568 0.000000 0.491095 0.000000 0.871106 0.531834 0.531834 0.531834
7339.628418 0.000000 3508.792725 0.000000 0.993399 0.000000 0.114713 0.675087 0.675087 0.675087
7333.018555 0.000000 3511.031738 0.000000 0.458656 0.000000 0.888614 0.420789 0.420789 0.420789
7333.840332 0.000000 3489.163086 0.000000 0.837602 0.000000 -0.546280 0.777767 0.777767 0.777767
7377.598633 0.000000 3483.596191 0.000000 0.996478 0.000000 -0.083853 0.717899 0.717899 0.717899
7341.247559 0.000000 3516.735107 0.000000 0.808074 0.000000 0.589081 0.608630 0.608630 0.608630
7347.699707 0.000000 3528.214844 0.000000 0.855275 0.000000 -0.518174 0.802809 0.802809 0.802809
7369.251465 0.000000 3488.546875 0.000000 0.418965 0.000000 0.908002 0.379673 0.379673 0.379673
7331.481445 0.000000 3504.804688 0.000000 0.233644 0.000000 0.972322 0.385048 0.385048 0.385048
7332.091309 0.000000 3500.739014 0.000000 0.347584 0.000000 0.937649 0.481154 0.481154 0.481154
7335.263184 0.000000 3508.555420 0.000000 0.469850 0.000000 -0.882746 1.182031 1.182031 1.182031
7381.340820 0.000000 3448.218018 0.000000 0.961096 0.000000 -0.276216 0.758199 0.758199 0.758199
7335.345215 0.000000 3489.032471 0.000000 0.344158 0.000000 0.938912 0.489021 0.489021 0.489021
7353.694336 0.000000 3425.910400 0.000000 0.894452 0.000000 -0.447165 0.780207 0.780207 0.780207
7355.392090 0.000000 3425.563477 0.000000 0.499430 0.000000 0.866354 0.531528 0.531528 0.531528
7339.209961 0.000000 3503.587891 0.000000 0.593599 0.000000 -0.804761 0.858543 0.858543 0.858543
7331.465820 0.000000 3502.084717 0.000000 0.998117 0.000000 -0.061334 0.712227 0.712227 0.712227
7336.592773 0.000000 3504.414307 0.000000 0.192447 0.000000 -0.981307 1.032120 1.032120 1.032120
7351.356934 0.000000 3437.261963 0.000000 0.982692 0.000000 0.185250 0.671671 0.671671 0.671671
7335.044922 0.000000 3517.959961 0.000000 0.197052 0.000000 0.980393 0.500928 0.500928 0.500928
7352.593262 0.000000 3482.297119 0.000000 0.391484 0.000000 -0.920185 0.910341 0.910341 0.910341
7377.836426 0.000000 3447.981445 0.000000 0.967636 0.000000 0.252351 0.665226 0.665226 0.665226
7329.046387 0.000000 3500.952148 0.000000 0.473794 0.000000 -0.880636 0.861895 0.861895 0.861895
7367.975586 0.000000 3489.443604 0.000000 0.868580 0.000000 -0.495548 0.887555 0.887555 0.887555
7369.131836 0.000000 3482.619629 0.000000 0.280206 0.000000 -0.959940 0.904638 0.904638 0.904638
7364.125977 0.000000 3487.362793 0.000000 0.445810 0.000000 -0.895128 1.194082 1.194082 1.194082
7380.024902 0.000000 3482.196045 0.000000 0.946583 0.000000 -0.322462 0.758526 0.758526 0.758526
7338.765137 0.000000 3506.614258 0.000000 0.900715 0.000000 0.434411 0.581414 0.581414 0.581414
7371.086426 0.000000 3486.849854 0.000000 0.560482 0.000000 0.828167 0.488537 0.488537 0.488537
7361.644043 0.000000 3491.129395 0.000000 0.092437 0.000000 0.995719 0.452001 0.452001 0.452001
7373.833984 0.000000 3494.176025 0.000000 0.984029 0.000000 -0.178010 0.724708 0.724708 0.724708
7375.038574 0.000000 3485.303223 0.000000 0.588877 0.000000 0.808222 0.469742 0.469742 0.469742
7364.996094 0.000000 3486.003906 0.000000 0.997723 0.000000 -0.067450 0.730081 0.730081 0.730081
7337.367676 0.000000 3512.763184 0.000000 0.984241 0.000000 -0.176835 0.725475 0.725475 0.725475
7333.158203 0.000000 3527.996338 0.000000 0.638040 0.000000 0.770003 0.541807 0.541807 0.541807
7334.222168 0.000000 3502.641357 0.000000 0.628195 0.000000 -0.778056 0.886970 0.886970 0.886970
7333.282227 0.000000 3507.014648 0.000000 0.443637 0.000000 -0.896207 1.195163 1.195163 1.195163
7354.029785 0.000000 3483.906250 0.000000 0.913014 0.000000 0.407929 0.612617 0.612617 0.612617
7340.990723 0.000000 3504.600586 0.000000 0.206209 0.000000 -0.978508 0.950123 0.950123 0.950123
7377.731445 0.000000 3485.823242 0.000000 0.890564 0.000000 -0.454857 0.821309 0.821309 0.821309
7334.974609 0.000000 3521.082520 0.000000 0.136550 0.000000 0.990633 0.399314 0.399314 0.399314
7369.773926 0.000000 3491.421143 0.000000 0.712647 0.000000 0.701523 0.565478 0.565478 0.565478
7336.454102 0.000000 3500.886230 0.000000 0.998668 0.000000 -0.051606 0.708120 0.708120 0.708120
7370.468750 0.000000 3493.773926 0.000000 0.955080 0.000000 -0.296347 0.746795 0.746795 0.746795
7372.359863 0.000000 3482.171631 0.000000 0.259731 0.000000 0.965681 0.462263 0.462263 0.462263
7334.743652 0.000000 3529.017090 0.000000 0.394001 0.000000 0.919110 0.506451 0.506451 0.506451
7393.665527 0.000000 3486.912842 0.000000 0.978159 0.000000 -0.207859 0.742812 0.742812 0.742812
7332.699219 0.000000 3522.994873 0.000000 0.976436 0.000000 0.215806 0.654384 0.654384 0.654384
7352.468750 0.000000 3439.951172 0.000000 0.048361 0.000000 -0.998830 0.997982 0.997982 0.997982
7374.644531 0.000000 3483.834473 0.000000 0.836164 0.000000 0.548479 0.550861 0.550861 0.550861
7338.927246 0.000000 3518.615723 0.000000 0.968694 0.000000 0.248258 0.621520 0.621520 0.621520
7340.753418 0.000000 3442.404541 0.000000 0.999016 0.000000 0.044361 0.692710 0.692710 0.692710
7359.896484 0.000000 3487.182373 0.000000 0.944133 0.000000 0.329566 0.554445 0.554445 0.554445
7340.446289 0.000000 3520.785645 0.000000 0.469731 0.000000 -0.882810 0.987364 0.987364 0.987364
7372.476074 0.000000 3450.891357 0.000000 0.654231 0.000000 0.756295 0.568107 0.568107 0.568107
7314.427246 0.000000 3444.795166 0.000000 0.833345 0.000000 -0.552753 0.788021 0.788021 0.788021
7392.307129 0.000000 3489.879639 0.000000 0.593995 0.000000 -0.804469 0.925438 0.925438 0.925438
7334.270996 0.000000 3505.710205 0.000000 0.946833 0.000000 -0.321727 0.778422 0.778422 0.778422
7328.903320 0.000000 3505.629639 0.000000 0.910276 0.000000 -0.414003 0.808163 0.808163 0.808163
7327.273438 0.000000 3528.951904 0.000000 0.927363 0.000000 -0.374163 0.762327 0.762327 0.762327
7329.963379 0.000000 3502.200195 0.000000 0.289487 0.000000 0.957182 0.492438 0.492438 0.492438
7330.208984 0.000000 3511.906982 0.000000 0.966642 0.000000 -0.256133 0.748434 0.748434 0.748434
7335.902832 0.000000 3503.176514 0.000000 0.846048 0.000000 0.533106 0.582087 0.582087 0.582087
7352.402344 0.000000 3430.251709 0.000000 0.351801 0.000000 -0.936075 0.886283 0.886283 0.886283
7362.306152 0.000000 3482.709717 0.000000 0.006798 0.000000 -0.999977 1.006120 1.006120 1.006120
7331.664062 0.000000 3506.279785 0.000000 0.999270 0.000000 0.038212 0.686641 0.686641 0.686641
7391.784668 0.000000 3488.564697 0.000000 0.948035 0.000000 -0.318165 0.786576 0.786576 0.786576
7331.146973 0.000000 3508.936768 0.000000 0.926215 0.000000 -0.376997 0.834431 0.834431 0.834431
7329.564941 0.000000 3435.042236 0.000000 0.517576 0.000000 -0.855637 0.913532 0.913532 0.913532
7337.985840 0.000000 3509.307373 0.000000 0.946280 0.000000 0.323349 0.571681 0.571681 0.571681
7336.178711 0.000000 3518.732666 0.000000 0.612110 0.000000 0.790773 0.425846 0.425846 0.425846
7341.361816 0.000000 3518.073975 0.000000 0.970166 0.000000 -0.242440 0.756917 0.756917 0.756917
7372.312500 0.000000 3484.809082 0.000000 0.988524 0.000000 -0.151062 0.734186 0.734186 0.734186
7391.859863 0.000000 3526.699707 0.000000 0.810726 0.000000 0.585426 0.569939 0.569939 0.569939
7368.214844 0.000000 3490.750488 0.000000 0.577985 0.000000 -0.816047 0.865145 0.865145 0.865145
7355.578125 0.000000 3455.215820 0.000000 0.703426 0.000000 -0.710768 0.854742 0.854742 0.854742
7359.419434 0.000000 3482.593262 0.000000 0.978109 0.000000 -0.208091 0.743227 0.743227 0.743227
7340.311523 0.000000 3523.497559 0.000000 0.713121 0.000000 0.701041 0.518079 0.518079 0.518079
7340.200684 0.000000 3518.998535 0.000000 0.546380 0.000000 0.837537 0.469254 0.469254 0.469254
7367.507324 0.000000 3484.232910 0.000000 0.989074 0.000000 -0.147418 0.752231 0.752231 0.752231
7326.439941 0.000000 3432.454834 0.000000 0.090915 0.000000 -0.995859 0.966358 0.966358 0.966358
7387.082520 0.000000 3449.654053 0.000000 0.811242 0.000000 0.584711 0.577762 0.577762 0.577762
7376.174316 0.000000 3433.548340 0.000000 0.918499 0.000000 0.395422 0.621852 0.621852 0.621852
7330.095215 0.000000 3523.224121 0.000000 0.970191 0.000000 -0.242341 0.744060 0.744060 0.744060
7313.546387 0.000000 3450.449707 0.000000 0.005890 0.000000 0.999983 0.303453 0.303453 0.303453
7336.918457 0.000000 3510.357178 0.000000 0.877471 0.000000 0.479629 0.566248 0.566248 0.566248
7339.190430 0.000000 3522.821533 0.000000 0.108093 0.000000 -0.994141 1.083374 1.083374 1.083374
7331.476074 0.000000 3511.656982 0.000000 0.246477 0.000000 0.969149 0.452843 0.452843 0.452843
7339.184570 0.000000 3521.413818 0.000000 0.922936 0.000000 -0.384952 0.830517 0.830517 0.830517
7342.395996 0.000000 3524.187500 0.000000 0.998889 0.000000 -0.047117 0.708567 0.708567 0.708567
7338.167969 0.000000 3520.648682 0.000000 0.999454 0.000000 0.033033 0.689087 0.689087 0.689087
7341.598633 0.000000 3447.686035 0.000000 0.999894 0.000000 0.014555 0.697024 0.697024 0.697024
7340.933594 0.000000 3446.119141 0.000000 0.781024 0.000000 -0.624501 0.837912 0.837912 0.837912
7362.452637 0.000000 3486.932617 0.000000 0.571115 0.000000 0.820870 0.270885 0.270885 0.270885
7358.658203 0.000000 3485.143311 0.000000 0.607902 0.000000 -0.794012 1.067133 1.067133 1.067133
7339.914551 0.000000 3516.167725 0.000000 0.312366 0.000000 0.949962 0.437210 0.437210 0.437210
7379.798828 0.000000 3484.350098 0.000000 0.991982 0.000000 0.126382 0.673425 0.673425 0.673425
7331.968262 0.000000 3524.637695 0.000000 0.262914 0.000000 -0.964819 0.932577 0.932577 0.932577
7327.504883 0.000000 3433.522461 0.000000 0.936485 0.000000 -0.350707 0.764499 0.764499 0.764499
7336.791504 0.000000 3502.115234 0.000000 0.684098 0.000000 -0.729390 0.854281 0.854281 0.854281
7333.627441 0.000000 3504.532715 0.000000 0.888199 0.000000 -0.459460 0.818467 0.818467 0.818467
7392.485352 0.000000 3487.403320 0.000000 0.202533 0.000000 0.979276 0.420523 0.420523 0.420523
7373.193359 0.000000 3483.736572 0.000000 0.095801 0.000000 0.995401 0.431948 0.431948 0.431948
7330.226074 0.000000 3504.578613 0.000000 0.332034 0.000000 0.943268 0.409262 0.409262 0.409262
7390.354492 0.000000 3527.251709 0.000000 0.551459 0.000000 -0.834202 0.905193 0.905193 0.905193
7355.194824 0.000000 3483.027588 0.000000 0.104743 0.000000 0.994499 0.395156 0.395156 0.395156
7356.899414 0.000000 3455.345215 0.000000 0.846015 0.000000 0.533159 0.480854 0.480854 0.480854
7337.389648 0.000000 3517.507324 0.000000 0.433923 0.000000 -0.900950 0.931364 0.931364 0.931364
7313.411621 0.000000 3444.092529 0.000000 0.048279 0.000000 -0.998834 1.077819 1.077819 1.077819
7329.532715 0.000000 3506.919678 0.000000 0.020929 0.000000 0.999781 0.226009 0.226009 0.226009
7326.476562 0.000000 3504.548584 0.000000 0.152830 0.000000 -0.988252 0.987328 0.987328 0.987328
7369.709473 0.000000 3485.440186 0.000000 0.945086 0.000000 0.326823 0.595850 0.595850 0.595850
7356.438477 0.000000 3488.273682 0.000000 0.121876 0.000000 -0.992545 0.996195 0.996195 0.996195
7362.005371 0.000000 3484.730957 0.000000 0.765559 0.000000 0.643366 0.415423 0.415423 0.415423
7334.687500 0.000000 3511.119385 0.000000 0.676509 0.000000 -0.736434 0.970518 0.970518 0.970518
7367.289062 0.000000 3491.589600 0.000000 0.987554 0.000000 0.157280 0.659703 0.659703 0.659703
7328.598145 0.000000 3508.675049 0.000000 0.656509 0.000000 0.754318 0.446103 0.446103 0.446103
7341.389160 0.000000 3522.936523 0.000000 0.902871 0.000000 0.429911 0.595934 0.595934 0.595934
7360.502930 0.000000 3488.683594 0.000000 0.774585 0.000000 0.632470 0.452296 0.452296 0.452296
7354.353516 0.000000 3489.478516 0.000000 0.868926 0.000000 0.494942 0.557035 0.557035 0.557035
7378.125488 0.000000 3484.710693 0.000000 0.356680 0.000000 -0.934226 0.952928 0.952928 0.952928
7390.325684 0.000000 3488.563721 0.000000 0.419601 0.000000 -0.907708 1.004223 1.004223 1.004223
7358.157715 0.000000 3454.968018 0.000000 0.396915 0.000000 -0.917855 0.992581 0.992581 0.992581
7374.087402 0.000000 3485.985352 0.000000 0.883781 0.000000 -0.467901 0.819129 0.819129 0.819129
7368.565918 0.000000 3485.610840 0.000000 0.357797 0.000000 -0.933800 1.076910 1.076910 1.076910
7336.968750 0.000000 3522.474121 0.000000 0.718142 0.000000 -0.695896 0.869477 0.869477 0.869477
7358.160645 0.000000 3488.318848 0.000000 0.579750 0.000000 -0.814794 0.974618 0.974618 0.974618
7329.066895 0.000000 3509.729980 0.000000 0.422314 0.000000 -0.906449 1.037137 1.037137 1.037137
7357.735840 0.000000 3485.824707 0.000000 0.989415 0.000000 0.145114 0.647065 0.647065 0.647065
7369.926270 0.000000 3487.637207 0.000000 0.946872 0.000000 0.321612 0.580407 0.580407 0.580407
7352.055664 0.000000 3489.253174 0.000000 0.940247 0.000000 -0.340493 0.811114 0.811114 0.811114
7359.154785 0.000000 3455.591553 0.000000 0.396096 0.000000 0.918209 0.407194 0.407194 0.407194
7352.440430 0.000000 3488.157715 0.000000 0.708322 0.000000 0.705889 0.449374 0.449374 0.449374
7374.882812 0.000000 3482.122559 0.000000 0.193015 0.000000 -0.981196 1.053632 1.053632 1.053632
7352.582520 0.000000 3485.979736 0.000000 0.982780 0.000000 0.184781 0.652581 0.652581 0.652581
7365.784180 0.000000 3484.524170 0.000000 0.519013 0.000000 -0.854766 1.085162 1.085162 1.085162
7312.024902 0.000000 3452.833740 0.000000 0.572944 0.000000 0.819595 0.469989 0.469989 0.469989
7366.652344 0.000000 3486.386475 0.000000 0.023819 0.000000 0.999716 0.016023 0.016023 0.016023
7313.286621 0.000000 3452.907227 0.000000 0.558012 0.000000 -0.829833 0.934345 0.934345 0.934345
7363.374512 0.000000 3489.164062 0.000000 0.754186 0.000000 -0.656660 0.985442 0.985442 0.985442
7328.013672 0.000000 3504.073486 0.000000 0.341225 0.000000 -0.939982 1.009800 1.009800 1.009800
7355.391113 0.000000 3485.775635 0.000000 0.946878 0.000000 -0.321591 0.806997 0.806997 0.806997
7354.296875 0.000000 3484.971680 0.000000 0.861287 0.000000 0.508118 0.525817 0.525817 0.525817
7363.070312 0.000000 3485.018066 0.000000 0.462144 0.000000 0.886805 0.256009 0.256009 0.256009
7365.280762 0.000000 3488.121094 0.000000 0.876129 0.000000 -0.482077 0.888122 0.888122 0.888122
7337.383789 0.000000 3507.269287 0.000000 0.401823 0.000000 -0.915717 1.171233 1.171233 1.171233
7366.763672 0.000000 3487.893066 0.000000 0.930185 0.000000 -0.367092 0.866192 0.866192 0.866192
7338.227539 0.000000 3523.325684 0.000000 0.975923 0.000000 -0.218116 0.757640 0.757640 0.757640
7330.131836 0.000000 3509.850342 0.000000 0.989036 0.000000 -0.147676 0.751545 0.751545 0.751545
7338.243652 0.000000 3519.586914 0.000000 0.808662 0.000000 0.588273 0.503262 0.503262 0.503262
7360.876953 0.000000 3486.633301 0.000000 0.108625 0.000000 0.994083 0.048503 0.048503 0.048503
7368.784180 0.000000 3487.603516 0.000000 0.310162 0.000000 -0.950684 1.158541 1.158541 1.158541
7359.636230 0.000000 3489.421387 0.000000 0.254785 0.000000 0.966998 0.321345 0.321345 0.321345
7328.096680 0.000000 3506.397461 0.000000 0.859582 0.000000 0.510998 0.535971 0.535971 0.535971
7356.487793 0.000000 3484.822021 0.000000 0.943271 0.000000 -0.332024 0.823025 0.823025 0.823025
7310.515137 0.000000 3452.235840 0.000000 0.787965 0.000000 0.615720 0.501782 0.501782 0.501782
7336.790039 0.000000 3519.551025 0.000000 0.688886 0.000000 -0.724870 0.943727 0.943727 0.943727
7335.647461 0.000000 3506.681152 0.000000 0.995572 0.000000 0.094003 0.658047 0.658047 0.658047
7365.299316 0.000000 3489.344727 0.000000 0.212678 0.000000 0.977122 0.192699 0.192699 0.192699
7358.514160 0.000000 3489.284668 0.000000 0.025421 0.000000 0.999677 0.254390 0.254390 0.254390
7329.270508 0.000000 3507.883301 0.000000 0.597728 0.000000 0.801699 0.415540 0.415540 0.415540
7311.569336 0.000000 3453.986084 0.000000 0.999992 0.000000 0.004063 0.698786 0.698786 0.698786
7359.749512 0.000000 3484.748291 0.000000 0.163278 0.000000 -0.986580 1.262990 1.262990 1.262990
7336.222656 0.000000 3521.311279 0.000000 0.874563 0.000000 0.484912 0.544286 0.544286 0.544286
7358.845215 0.000000 3487.545898 0.000000 0.042528 0.000000 -0.999095 1.362347 1.362347 1.362347
7335.385254 0.000000 3511.858154 0.000000 0.960253 0.000000 0.279131 0.607552 0.607552 0.607552
7337.232910 0.000000 3521.482178 0.000000 0.999338 0.000000 0.036392 0.688804 0.688804 0.688804
7337.311523 0.000000 3508.267334 0.000000 0.705768 0.000000 -0.708443 1.006816 1.006816 1.006816
7367.243164 0.000000 3488.806152 0.000000 0.190766 0.000000 -0.981635 1.198800 1.198800 1.198800
7335.158691 0.000000 3509.520264 0.000000 0.708850 0.000000 0.705360 0.351100 0.351100 0.351100
7332.813965 0.000000 3508.676270 0.000000 0.487471 0.000000 0.873139 0.236189 0.236189 0.236189
7353.438965 0.000000 3488.251953 0.000000 0.562575 0.000000 0.826747 0.388731 0.388731 0.388731
7356.608887 0.000000 3486.822754 0.000000 0.791602 0.000000 -0.611037 0.929762 0.929762 0.929762
7367.644531 0.000000 3485.329102 0.000000 0.066269 0.000000 0.997802 0.168901 0.168901 0.168901
7364.205566 0.000000 3485.444092 0.000000 0.834331 0.000000 0.551264 0.480619 0.480619 0.480619
7364.241211 0.000000 3489.757080 0.000000 0.473916 0.000000 -0.880570 1.102803 1.102803 1.102803
7364.959961 0.000000 3486.965088 0.000000 0.788689 0.000000 0.614792 0.404936 0.404936 0.404936
7360.974121 0.000000 3485.227783 0.000000 0.825979 0.000000 0.563701 0.453012 0.453012 0.453012
7332.296387 0.000000 3506.992432 0.000000 0.680861 0.000000 0.732413 0.333752 0.333752 0.333752
7365.898926 0.000000 3485.828857 0.000000 0.076272 0.000000 0.997087 0.138490 0.138490 0.138490
7357.287109 0.000000 3454.502197 0.000000 0.999247 0.000000 -0.038800 0.715125 0.715125 0.715125
7336.528320 0.000000 3506.480957 0.000000 0.270176 0.000000 0.962811 0.171789 0.171789 0.171789
7334.530762 0.000000 3507.993896 0.000000 0.946864 0.000000 0.321635 0.554075 0.554075 0.554075
7363.751465 0.000000 3488.239990 0.000000 0.461039 0.000000 -0.887380 1.134959 1.134959 1.134959
7334.358887 0.000000 3509.083008 0.000000 0.989864 0.000000 -0.142020 0.763503 0.763503 0.763503
7333.480957 0.000000 3509.303467 0.000000 0.962043 0.000000 0.272897 0.579241 0.579241 0.579241
7362.545898 0.000000 3485.748047 0.000000 0.680324 0.000000 -0.732911 1.034948 1.034948 1.034948
7367.343750 0.000000 3487.240234 0.000000 0.282836 0.000000 0.959168 0.132273 0.132273 0.132273
7363.342773 0.000000 3486.954590 0.000000 0.720641 0.000000 -0.693308 1.041387 1.041387 1.041387
7335.407227 0.000000 3507.697266 0.000000 0.949595 0.000000 -0.313479 0.842092 0.842092 0.842092
7333.484863 0.000000 3506.090088 0.000000 0.635238 0.000000 -0.772317 1.093263 1.093263 1.093263
7336.110840 0.000000 3508.336182 0.000000 0.998323 0.000000 0.057886 0.677429 0.677429 0.677429
7362.535645 0.000000 3489.308594 0.000000 0.995782 0.000000 -0.091749 0.736609 0.736609 0.736609
7333.048828 0.000000 3507.851074 0.000000 0.000924 0.000000 1.000000 0.000412 0.000412 0.000412
7364.236816 0.000000 3486.466064 0.000000 0.705232 0.000000 -0.708977 1.051180 1.051180 1.051180
7335.993164 0.000000 3509.633545 0.000000 0.382478 0.000000 0.923965 0.174901 0.174901 0.174901
7360.395996 0.000000 3487.852295 0.000000 0.949959 0.000000 -0.312373 0.841573 0.841573 0.841573
7334.919922 0.000000 3506.239014 0.000000 0.801265 0.000000 0.598310 0.414175 0.414175 0.414175
7333.838379 0.000000 3507.596191 0.000000 0.842427 0.000000 -0.538811 0.953577 0.953577 0.953577
7395.826660 0.000000 3488.614258 0.000000 0.474080 0.000000 -0.880482 0.856201 0.856201 0.856201
7447.546387 0.000000 3518.119629 0.000000 0.088454 0.000000 -0.996080 0.707771 0.707771 0.707771
7447.797363 0.000000 3498.748047 0.000000 0.988799 0.000000 -0.149256 0.727491 0.727491 0.727491
7458.933594 0.000000 3513.069336 0.000000 0.193560 0.000000 -0.981088 0.877947 0.877947 0.877947
7429.750488 0.000000 3495.793213 0.000000 0.330908 0.000000 -0.943663 0.773294 0.773294 0.773294
7407.150391 0.000000 3490.671143 0.000000 0.527152 0.000000 -0.849771 0.715973 0.715973 0.715973
7445.663086 0.000000 3486.515137 0.000000 0.768791 0.000000 0.639499 0.670899 0.670899 0.670899
7394.559082 0.000000 3435.919189 0.000000 0.972945 0.000000 -0.231037 0.713038 0.713038 0.713038
7423.344238 0.000000 3511.751221 0.000000 0.789974 0.000000 0.613140 0.653862 0.653862 0.653862
7424.464844 0.000000 3503.197021 0.000000 0.588603 0.000000 0.808422 0.686838 0.686838 0.686838
7405.935547 0.000000 3482.644531 0.000000 0.318156 0.000000 -0.948038 0.710896 0.710896 0.710896
7439.084961 0.000000 3501.476074 0.000000 0.192830 0.000000 -0.981232 0.887667 0.887667 0.887667
7394.822266 0.000000 3496.664795 0.000000 0.981922 0.000000 0.189287 0.698003 0.698003 0.698003
7442.200684 0.000000 3523.138184 0.000000 0.912402 0.000000 -0.409296 0.716212 0.716212 0.716212
7427.375000 0.000000 3527.829834 0.000000 0.692779 0.000000 0.721150 0.671848 0.671848 0.671848
7473.485840 0.000000 3505.470459 0.000000 0.998252 0.000000 0.059105 0.689562 0.689562 0.689562
7400.989258 0.000000 3494.186279 0.000000 0.999979 0.000000 -0.006546 0.700343 0.700343 0.700343
7396.411621 0.000000 3481.698730 0.000000 0.535104 0.000000 -0.844786 0.710550 0.710550 0.710550
7474.409180 0.000000 3518.946777 0.000000 0.946528 0.000000 0.322622 0.665555 0.665555 0.665555
7422.933594 0.000000 3496.072021 0.000000 0.960019 0.000000 -0.279935 0.707933 0.707933 0.707933
7481.230469 0.000000 3516.408447 0.000000 0.410833 0.000000 -0.911711 0.788230 0.788230 0.788230
7462.301270 0.000000 3507.584229 0.000000 0.415657 0.000000 0.909522 0.672056 0.672056 0.672056
7401.878418 0.000000 3487.052246 0.000000 0.966643 0.000000 -0.256129 0.719917 0.719917 0.719917
7430.485352 0.000000 3501.894287 0.000000 0.630276 0.000000 0.776371 0.457669 0.457669 0.457669
7434.978027 0.000000 3497.624268 0.000000 0.491749 0.000000 0.870737 0.646447 0.646447 0.646447
7443.490234 0.000000 3513.958740 0.000000 0.843737 0.000000 -0.536757 0.787134 0.787134 0.787134
7428.876953 0.000000 3511.750732 0.000000 0.915121 0.000000 0.403179 0.681144 0.681144 0.681144
7453.511719 0.000000 3515.114258 0.000000 0.239942 0.000000 -0.970787 0.855550 0.855550 0.855550
7442.666992 0.000000 3497.779053 0.000000 0.920411 0.000000 -0.390952 0.721760 0.721760 0.721760
7444.225098 0.000000 3503.183350 0.000000 0.894627 0.000000 -0.446813 0.743712 0.743712 0.743712
7476.875488 0.000000 3477.169678 0.000000 0.434029 0.000000 0.900899 0.605896 0.605896 0.605896
7426.992676 0.000000 3507.334961 0.000000 0.896474 0.000000 -0.443095 0.747331 0.747331 0.747331
7426.625000 0.000000 3499.233154 0.000000 0.938621 0.000000 0.344949 0.637222 0.637222 0.637222
7436.950195 0.000000 3505.539795 0.000000 0.999340 0.000000 -0.036320 0.701460 0.701460 0.701460
7442.540527 0.000000 3518.277100 0.000000 0.954573 0.000000 -0.297978 0.728025 0.728025 0.728025
7444.094727 0.000000 3527.294678 0.000000 0.985983 0.000000 0.166848 0.665432 0.665432 0.665432
7463.561035 0.000000 3511.842041 0.000000 0.948099 0.000000 -0.317975 0.709048 0.709048 0.709048
7457.815918 0.000000 3517.254395 0.000000 0.688201 0.000000 0.725520 0.651765 0.651765 0.651765
7410.743652 0.000000 3521.586426 0.000000 0.980326 0.000000 -0.197385 0.711806 0.711806 0.711806
7394.784668 0.000000 3428.913818 0.000000 0.943560 0.000000 -0.331203 0.706489 0.706489 0.706489
7455.419922 0.000000 3492.117676 0.000000 0.303004 0.000000 -0.952989 0.916297 0.916297 0.916297
7434.928223 0.000000 3501.906006 0.000000 0.946835 0.000000 -0.321721 0.777848 0.777848 0.777848
7396.966797 0.000000 3493.012451 0.000000 0.690045 0.000000 -0.723767 0.830109 0.830109 0.830109
7447.418457 0.000000 3508.646240 0.000000 0.183618 0.000000 0.982998 0.661242 0.661242 0.661242
7446.229492 0.000000 3523.214355 0.000000 0.301077 0.000000 -0.953600 0.830428 0.830428 0.830428
7398.707031 0.000000 3497.973877 0.000000 0.984848 0.000000 0.173422 0.694822 0.694822 0.694822
7403.079102 0.000000 3490.818848 0.000000 0.541643 0.000000 -0.840609 0.778516 0.778516 0.778516
7405.888672 0.000000 3486.916504 0.000000 0.917782 0.000000 0.397085 0.682873 0.682873 0.682873
7478.453613 0.000000 3519.422363 0.000000 0.244273 0.000000 0.969706 0.533403 0.533403 0.533403
7398.355469 0.000000 3485.333740 0.000000 0.487100 0.000000 -0.873346 0.735264 0.735264 0.735264
7441.856934 0.000000 3490.531006 0.000000 0.869818 0.000000 0.493372 0.689180 0.689180 0.689180
7476.925293 0.000000 3503.715820 0.000000 0.670529 0.000000 0.741884 0.562688 0.562688 0.562688
7399.465332 0.000000 3489.932129 0.000000 0.720792 0.000000 0.693152 0.608989 0.608989 0.608989
7451.333984 0.000000 3518.338867 0.000000 0.976241 0.000000 0.216688 0.679006 0.679006 0.679006
7394.614746 0.000000 3485.107910 0.000000 0.898753 0.000000 0.438455 0.628613 0.628613 0.628613
7422.709473 0.000000 3499.680176 0.000000 0.414894 0.000000 -0.909870 0.737951 0.737951 0.737951
7438.838379 0.000000 3497.866211 0.000000 0.137308 0.000000 -0.990528 0.782645 0.782645 0.782645
7441.234863 0.000000 3511.223633 0.000000 0.945870 0.000000 -0.324544 0.753142 0.753142 0.753142
7415.297852 0.000000 3516.894043 0.000000 0.998788 0.000000 0.049214 0.696644 0.696644 0.696644
7465.692383 0.000000 3506.138672 0.000000 0.586880 0.000000 0.809674 0.551589 0.551589 0.551589
7447.739746 0.000000 3495.126465 0.000000 0.900314 0.000000 -0.435240 0.727543 0.727543 0.727543
7442.330566 0.000000 3484.679932 0.000000 0.224868 0.000000 0.974389 0.439291 0.439291 0.439291
7430.270996 0.000000 3505.356689 0.000000 0.987956 0.000000 0.154738 0.691855 0.691855 0.691855
7426.245117 0.000000 3494.701660 0.000000 0.977118 0.000000 0.212697 0.684643 0.684643 0.684643
7473.957520 0.000000 3502.112061 0.000000 0.260840 0.000000 0.965382 0.654321 0.654321 0.654321
7395.004883 0.000000 3432.467773 0.000000 0.786287 0.000000 -0.617862 0.759360 0.759360 0.759360
7431.591797 0.000000 3498.784180 0.000000 0.360055 0.000000 0.932931 0.426816 0.426816 0.426816
7480.228516 0.000000 3503.983643 0.000000 0.488751 0.000000 0.872423 0.538817 0.538817 0.538817
7447.354492 0.000000 3502.072754 0.000000 0.758517 0.000000 0.651654 0.642943 0.642943 0.642943
7445.164062 0.000000 3520.185547 0.000000 0.970311 0.000000 -0.241862 0.734153 0.734153 0.734153
7442.213379 0.000000 3500.840576 0.000000 0.472807 0.000000 -0.881166 0.814952 0.814952 0.814952
7433.414062 0.000000 3504.627197 0.000000 0.585567 0.000000 -0.810624 0.762770 0.762770 0.762770
7426.043457 0.000000 3510.210938 0.000000 0.815530 0.000000 -0.578714 0.764711 0.764711 0.764711
7450.025391 0.000000 3515.546631 0.000000 0.851813 0.000000 -0.523847 0.726016 0.726016 0.726016
7445.099609 0.000000 3500.089600 0.000000 0.955453 0.000000 0.295144 0.649736 0.649736 0.649736
7424.618652 0.000000 3528.722900 0.000000 0.790729 0.000000 0.612166 0.658553 0.658553 0.658553
7445.565430 0.000000 3515.970947 0.000000 0.474933 0.000000 -0.880022 0.784611 0.784611 0.784611
7445.185059 0.000000 3496.478760 0.000000 0.997106 0.000000 0.076023 0.691223 0.691223 0.691223
7456.338379 0.000000 3514.758545 0.000000 0.773866 0.000000 0.633350 0.576542 0.576542 0.576542
7453.145996 0.000000 3508.456055 0.000000 0.961321 0.000000 0.275431 0.653186 0.653186 0.653186
7453.202148 0.000000 3493.871826 0.000000 0.840878 0.000000 -0.541225 0.739977 0.739977 0.739977
7468.840332 0.000000 3505.262451 0.000000 0.999535 0.000000 -0.030499 0.707143 0.707143 0.707143
7444.500977 0.000000 3489.281982 0.000000 0.968495 0.000000 -0.249032 0.736506 0.736506 0.736506
7474.269531 0.000000 3529.687012 0.000000 0.775181 0.000000 -0.631739 0.757359 0.757359 0.757359
7436.783203 0.000000 3499.780518 0.000000 0.415559 0.000000 -0.909566 0.867677 0.867677 0.867677
7432.540527 0.000000 3496.111084 0.000000 0.964243 0.000000 -0.265020 0.723437 0.723437 0.723437
7455.000977 0.000000 3517.411377 0.000000 0.804027 0.000000 0.594593 0.557563 0.557563 0.557563
7398.332520 0.000000 3495.329834 0.000000 0.995233 0.000000 0.097521 0.689587 0.689587 0.689587
7447.820801 0.000000 3520.784668 0.000000 0.705440 0.000000 -0.708769 0.783976 0.783976 0.783976
7446.397949 0.000000 3525.909424 0.000000 0.122139 0.000000 -0.992513 0.768340 0.768340 0.768340
7395.117188 0.000000 3491.142090 0.000000 0.946558 0.000000 -0.322534 0.763705 0.763705 0.763705
7449.984375 0.000000 3501.958008 0.000000 0.816409 0.000000 0.577474 0.655889 0.655889 0.655889
7417.810547 0.000000 3517.422852 0.000000 0.998708 0.000000 0.050810 0.692094 0.692094 0.692094
7444.173828 0.000000 3524.807129 0.000000 0.466383 0.000000 -0.884583 0.887820 0.887820 0.887820
7425.288574 0.000000 3497.081055 0.000000 0.976704 0.000000 -0.214590 0.721543 0.721543 0.721543
7448.491699 0.000000 3511.022705 0.000000 0.735907 0.000000 0.677082 0.549219 0.549219 0.549219
7429.054199 0.000000 3499.683838 0.000000 0.877549 0.000000 -0.479486 0.803996 0.803996 0.803996
7459.819824 0.000000 3515.460693 0.000000 0.368908 0.000000 -0.929466 0.795901 0.795901 0.795901
7460.174316 0.000000 3492.889404 0.000000 0.985516 0.000000 0.169584 0.672900 0.672900 0.672900
7394.349121 0.000000 3494.268799 0.000000 0.888303 0.000000 0.459259 0.664977 0.664977 0.664977
7405.143066 0.000000 3489.297852 0.000000 0.675592 0.000000 -0.737276 0.746362 0.746362 0.746362
7461.663086 0.000000 3513.334473 0.000000 0.083498 0.000000 0.996508 0.427104 0.427104 0.427104
7437.243652 0.000000 3503.048584 0.000000 0.883194 0.000000 0.469008 0.641988 0.641988 0.641988
7398.512207 0.000000 3487.743896 0.000000 0.945286 0.000000 0.326243 0.673865 0.673865 0.673865
7479.008301 0.000000 3479.137451 0.000000 0.001176 0.000000 0.999999 0.401008 0.401008 0.401008
7433.829590 0.000000 3499.801270 0.000000 0.850205 0.000000 0.526452 0.583732 0.583732 0.583732
7427.615723 0.000000 3496.970947 0.000000 0.989957 0.000000 -0.141367 0.722061 0.722061 0.722061
7424.927246 0.000000 3500.916748 0.000000 0.697015 0.000000 -0.717056 0.750303 0.750303 0.750303
7399.246582 0.000000 3492.241943 0.000000 0.918347 0.000000 -0.395777 0.765423 0.765423 0.765423
7457.791992 0.000000 3492.414795 0.000000 0.795405 0.000000 0.606079 0.579384 0.579384 0.579384
7471.224609 0.000000 3505.835938 0.000000 0.997805 0.000000 -0.066219 0.717140 0.717140 0.717140
7408.987305 0.000000 3523.393555 0.000000 0.993576 0.000000 -0.113168 0.723189 0.723189 0.723189
7432.668945 0.000000 3502.330322 0.000000 0.466717 0.000000 0.884407 0.483797 0.483797 0.483797
7453.410645 0.000000 3510.830566 0.000000 0.304176 0.000000 0.952616 0.494938 0.494938 0.494938
7440.386719 0.000000 3499.518799 0.000000 0.419598 0.000000 -0.907710 0.785501 0.785501 0.785501
7428.811035 0.000000 3515.288574 0.000000 0.322891 0.000000 -0.946436 0.799844 0.799844 0.799844
7394.369141 0.000000 3482.745605 0.000000 0.994975 0.000000 -0.100126 0.711042 0.711042 0.711042
7476.450684 0.000000 3518.005615 0.000000 0.984594 0.000000 0.174857 0.684949 0.684949 0.684949
7397.298828 0.000000 3490.288818 0.000000 0.860091 0.000000 0.510141 0.616735 0.616735 0.616735
7396.545898 0.000000 3486.492920 0.000000 0.999540 0.000000 -0.030328 0.702703 0.702703 0.702703
7448.965332 0.000000 3496.927246 0.000000 0.359673 0.000000 0.933078 0.594893 0.594893 0.594893
7443.327148 0.000000 3516.237061 0.000000 0.999370 0.000000 -0.035487 0.704094 0.704094 0.704094
7480.392090 0.000000 3518.465576 0.000000 0.920503 0.000000 -0.390735 0.754018 0.754018 0.754018
7444.092285 0.000000 3522.079346 0.000000 0.898175 0.000000 -0.439637 0.760457 0.760457 0.760457
7464.474121 0.000000 3507.862305 0.000000 0.141817 0.000000 -0.989893 0.924678 0.924678 0.924678
7436.941895 0.000000 3496.803223 0.000000 0.431035 0.000000 -0.902335 0.776686 0.776686 0.776686
7444.705566 0.000000 3518.059082 0.000000 0.416552 0.000000 -0.909112 0.837603 0.837603 0.837603
7401.439453 0.000000 3489.123291 0.000000 0.324585 0.000000 0.945856 0.580793 0.580793 0.580793
7445.572754 0.000000 3513.483398 0.000000 0.098735 0.000000 -0.995114 0.815752 0.815752 0.815752
7443.983887 0.000000 3491.266602 0.000000 0.570759 0.000000 0.821118 0.531644 0.531644 0.531644
7471.401855 0.000000 3526.686523 0.000000 0.772391 0.000000 0.635147 0.561691 0.561691 0.561691
7396.258301 0.000000 3495.134277 0.000000 0.974560 0.000000 0.224125 0.677878 0.677878 0.677878
7439.204102 0.000000 3503.690918 0.000000 0.334010 0.000000 -0.942570 0.798898 0.798898 0.798898
7401.187012 0.000000 3491.589355 0.000000 0.869980 0.000000 -0.493087 0.757671 0.757671 0.757671
7443.055176 0.000000 3481.987061 0.000000 0.290189 0.000000 -0.956969 0.789223 0.789223 0.789223
7394.466309 0.000000 3487.116699 0.000000 0.329392 0.000000 0.944193 0.510052 0.510052 0.510052
7435.353516 0.000000 3503.921387 0.000000 0.107577 0.000000 -0.994197 0.932663 0.932663 0.932663
7449.358398 0.000000 3509.237549 0.000000 0.792035 0.000000 -0.610476 0.813609 0.813609 0.813609
7403.367676 0.000000 3488.385010 0.000000 0.472184 0.000000 -0.881500 0.786742 0.786742 0.786742
7479.092773 0.000000 3516.969238 0.000000 0.982063 0.000000 0.188551 0.683757 0.683757 0.683757
7429.725098 0.000000 3497.762939 0.000000 0.063172 0.000000 -0.998003 0.916039 0.916039 0.916039
7446.303223 0.000000 3488.429199 0.000000 0.530636 0.000000 -0.847600 0.783077 0.783077 0.783077
7453.369629 0.000000 3518.638184 0.000000 0.941343 0.000000 0.337450 0.635035 0.635035 0.635035
7427.478027 0.000000 3500.969482 0.000000 0.072407 0.000000 0.997375 0.553367 0.553367 0.553367
7411.572266 0.000000 3523.413818 0.000000 0.145607 0.000000 -0.989343 0.901668 0.901668 0.901668
7475.372559 0.000000 3504.906982 0.000000 0.816460 0.000000 0.577402 0.631154 0.631154 0.631154
7445.895020 0.000000 3498.306641 0.000000 0.911433 0.000000 0.411448 0.630341 0.630341 0.630341
7427.215820 0.000000 3529.717285 0.000000 0.723046 0.000000 0.690800 0.566730 0.566730 0.566730
7431.197754 0.000000 3503.703125 0.000000 0.893182 0.000000 -0.449695 0.780696 0.780696 0.780696
7481.274902 0.000000 3502.348389 0.000000 0.887575 0.000000 -0.460663 0.772788 0.772788 0.772788
7478.548828 0.000000 3476.129395 0.000000 0.705689 0.000000 0.708522 0.607805 0.607805 0.607805
7443.055664 0.000000 3492.977539 0.000000 0.994950 0.000000 0.100374 0.691039 0.691039 0.691039
7424.300293 0.000000 3498.706055 0.000000 0.968894 0.000000 -0.247475 0.727533 0.727533 0.727533
7439.732910 0.000000 3510.136230 0.000000 0.876030 0.000000 -0.482257 0.744851 0.744851 0.744851
7425.256836 0.000000 3508.020020 0.000000 0.413989 0.000000 0.910282 0.566055 0.566055 0.566055
7429.229004 0.000000 3503.867676 0.000000 0.920423 0.000000 -0.390925 0.734393 0.734393 0.734393
7447.003418 0.000000 3496.801758 0.000000 0.924990 0.000000 -0.379993 0.755176 0.755176 0.755176
7431.952148 0.000000 3500.635742 0.000000 0.969564 0.000000 0.244837 0.632566 0.632566 0.632566
7443.410645 0.000000 3499.489502 0.000000 0.796993 0.000000 -0.603989 0.760065 0.760065 0.760065
7447.880859 0.000000 3522.649414 0.000000 0.500506 0.000000 -0.865733 0.807914 0.807914 0.807914
7438.617188 0.000000 3499.745117 0.000000 0.438895 0.000000 0.898538 0.561475 0.561475 0.561475
7443.901855 0.000000 3501.373047 0.000000 0.546620 0.000000 0.837381 0.594200 0.594200 0.594200
7447.109863 0.000000 3500.370605 0.000000 0.860508 0.000000 -0.509437 0.774731 0.774731 0.774731
7394.337891 0.000000 3489.539062 0.000000 0.158764 0.000000 0.987317 0.495283 0.495283 0.495283
7395.298340 0.000000 3492.843506 0.000000 0.912685 0.000000 0.408664 0.623486 0.623486 0.623486
7478.603516 0.000000 3503.424072 0.000000 0.155249 0.000000 0.987875 0.428005 0.428005 0.428005
7424.503906 0.000000 3530.394531 0.000000 0.992436 0.000000 0.122764 0.685805 0.685805 0.685805
7427.215332 0.000000 3511.536133 0.000000 0.570543 0.000000 0.821268 0.598959 0.598959 0.598959
7451.012207 0.000000 3530.380127 0.000000 0.970173 0.000000 0.242413 0.654643 0.654643 0.654643
7446.258789 0.000000 3521.422119 0.000000 0.353840 0.000000 0.935306 0.571104 0.571104 0.571104
7445.743164 0.000000 3501.626465 0.000000 0.999788 0.000000 -0.020609 0.703458 0.703458 0.703458
7431.259766 0.000000 3497.171143 0.000000 0.328908 0.000000 0.944362 0.551001 0.551001 0.551001
7438.359375 0.000000 3508.464355 0.000000 0.932815 0.000000 0.360355 0.648460 0.648460 0.648460
7436.891602 0.000000 3501.419678 0.000000 0.560784 0.000000 -0.827962 0.890927 0.890927 0.890927
7399.314453 0.000000 3493.945557 0.000000 0.999593 0.000000 -0.028542 0.704590 0.704590 0.704590
7475.596191 0.000000 3516.574219 0.000000 0.642373 0.000000 -0.766392 0.793086 0.793086 0.793086
7453.437500 0.000000 3516.895508 0.000000 0.768925 0.000000 -0.639339 0.806673 0.806673 0.806673
7428.816406 0.000000 3501.871582 0.000000 0.036050 0.000000 0.999350 0.485433 0.485433 0.485433
7470.294434 0.000000 3504.508789 0.000000 0.837202 0.000000 -0.546893 0.849663 0.849663 0.849663
7444.327148 0.000000 3497.896973 0.000000 0.335404 0.000000 0.942075 0.558274 0.558274 0.558274
7435.302734 0.000000 3499.229736 0.000000 0.999157 0.000000 0.041064 0.693827 0.693827 0.693827
7443.565430 0.000000 3485.880859 0.000000 0.919250 0.000000 0.393675 0.621510 0.621510 0.621510
7399.964844 0.000000 3488.372803 0.000000 0.524617 0.000000 0.851338 0.578962 0.578962 0.578962
7424.875488 0.000000 3511.355225 0.000000 0.996388 0.000000 0.084915 0.684697 0.684697 0.684697
7452.079590 0.000000 3511.746338 0.000000 0.449262 0.000000 0.893400 0.520433 0.520433 0.520433
7437.348633 0.000000 3498.330322 0.000000 0.779634 0.000000 -0.626235 0.799340 0.799340 0.799340
7473.329102 0.000000 3528.372803 0.000000 0.999804 0.000000 0.019782 0.696819 0.696819 0.696819
7445.690918 0.000000 3527.360596 0.000000 0.982467 0.000000 0.186439 0.661327 0.661327 0.661327
7442.532227 0.000000 3527.150391 0.000000 0.842930 0.000000 -0.538023 0.770488 0.770488 0.770488
7428.069824 0.000000 3498.498535 0.000000 0.939320 0.000000 0.343043 0.627181 0.627181 0.627181
7434.034668 0.000000 3503.166016 0.000000 0.022585 0.000000 0.999745 0.453788 0.453788 0.453788
7430.418457 0.000000 3500.348145 0.000000 0.296171 0.000000 0.955135 0.353737 0.353737 0.353737
7443.349121 0.000000 3483.504150 0.000000 0.491471 0.000000 0.870894 0.515277 0.515277 0.515277
7429.349121 0.000000 3513.561768 0.000000 0.920208 0.000000 -0.391430 0.761851 0.761851 0.761851
7416.852539 0.000000 3516.278564 0.000000 0.674763 0.000000 0.738035 0.570882 0.570882 0.570882
7460.166504 0.000000 3513.983154 0.000000 0.954461 0.000000 0.298337 0.644410 0.644410 0.644410
7397.790527 0.000000 3491.697754 0.000000 0.826946 0.000000 -0.562281 0.792876 0.792876 0.792876
7445.676270 0.000000 3524.617432 0.000000 0.913440 0.000000 -0.406973 0.772515 0.772515 0.772515
7454.733887 0.000000 3493.453613 0.000000 0.579798 0.000000 -0.814760 0.863097 0.863097 0.863097
7442.071777 0.000000 3512.500977 0.000000 0.830863 0.000000 0.556477 0.609244 0.609244 0.609244
7472.822266 0.000000 3529.953369 0.000000 0.199656 0.000000 -0.979866 0.920232 0.920232 0.920232
7409.376465 0.000000 3522.018555 0.000000 0.496488 0.000000 0.868044 0.485054 0.485054 0.485054
7444.892090 0.000000 3526.041748 0.000000 0.409381 0.000000 0.912364 0.463055 0.463055 0.463055
7475.536621 0.000000 3530.299805 0.000000 0.522793 0.000000 -0.852460 0.873020 0.873020 0.873020
7426.355469 0.000000 3496.155518 0.000000 0.950753 0.000000 0.309949 0.650985 0.650985 0.650985
7457.460938 0.000000 3493.773926 0.000000 0.848080 0.000000 -0.529868 0.803449 0.803449 0.803449
7435.689941 0.000000 3500.678711 0.000000 0.322985 0.000000 0.946404 0.404832 0.404832 0.404832
7452.428223 0.000000 3509.793701 0.000000 0.997926 0.000000 -0.064374 0.710807 0.710807 0.710807
7433.696289 0.000000 3501.229492 0.000000 0.734561 0.000000 0.678543 0.486258 0.486258 0.486258
7443.246094 0.000000 3490.092773 0.000000 0.861556 0.000000 0.507663 0.606946 0.606946 0.606946
7436.158691 0.000000 3509.386475 0.000000 0.327063 0.000000 -0.945002 0.907630 0.907630 0.907630
7426.487305 0.000000 3497.854492 0.000000 0.323060 0.000000 0.946378 0.506851 0.506851 0.506851
7449.145020 0.000000 3521.137451 0.000000 0.972990 0.000000 0.230846 0.659291 0.659291 0.659291
7442.380371 0.000000 3491.801514 0.000000 0.903887 0.000000 -0.427770 0.777247 0.777247 0.777247
7465.807617 0.000000 3507.497070 0.000000 0.999989 0.000000 0.004626 0.699272 0.699272 0.699272
7449.881836 0.000000 3511.051270 0.000000 0.986537 0.000000 -0.163536 0.733301 0.733301 0.733301
7395.972656 0.000000 3490.001953 0.000000 0.939165 0.000000 -0.343467 0.768011 0.768011 0.768011
7448.635742 0.000000 3508.078125 0.000000 0.929879 0.000000 -0.367866 0.765175 0.765175 0.765175
7458.890625 0.000000 3493.292236 0.000000 0.866006 0.000000 -0.500034 0.797001 0.797001 0.797001
7470.778809 0.000000 3527.892334 0.000000 0.247470 0.000000 -0.968895 0.965429 0.965429 0.965429
7456.473633 0.000000 3492.928711 0.000000 0.966242 0.000000 0.257635 0.651730 0.651730 0.651730
7432.544434 0.000000 3503.651367 0.000000 0.742468 0.000000 0.669881 0.553760 0.553760 0.553760
7430.283203 0.000000 3498.959717 0.000000 0.558631 0.000000 -0.829416 0.922202 0.922202 0.922202
7460.263672 0.000000 3512.697754 0.000000 0.999671 0.000000 0.025665 0.695290 0.695290 0.695290
7471.654785 0.000000 3504.660156 0.000000 0.789348 0.000000 -0.613946 0.870976 0.870976 0.870976
7470.198242 0.000000 3526.023193 0.000000 0.782104 0.000000 -0.623148 0.835206 0.835206 0.835206
7432.718750 0.000000 3499.283447 0.000000 0.910207 0.000000 -0.414154 0.789549 0.789549 0.789549
7470.043945 0.000000 3505.693848 0.000000 0.994502 0.000000 0.104721 0.672865 0.672865 0.672865
7432.960938 0.000000 3500.421387 0.000000 0.191139 0.000000 0.981563 0.304924 0.304924 0.304924
7393.179199 0.000000 3563.401855 0.000000 0.257619 0.000000 0.966247 0.686261 0.686261 0.686261
7334.358887 0.000000 3552.011230 0.000000 0.597426 0.000000 -0.801924 0.887006 0.887006 0.887006
7379.970215 0.000000 3609.948242 0.000000 0.913302 0.000000 0.407283 0.695602 0.695602 0.695602
7310.753906 0.000000 3532.824219 0.000000 0.942279 0.000000 0.334830 0.643317 0.643317 0.643317
7361.019531 0.000000 3565.082275 0.000000 0.148152 0.000000 -0.988965 0.712426 0.712426 0.712426
7376.666016 0.000000 3584.168457 0.000000 0.412111 0.000000 -0.911134 0.704005 0.704005 0.704005
7360.554199 0.000000 3625.104004 0.000000 0.998909 0.000000 -0.046695 0.700082 0.700082 0.700082
7339.394043 0.000000 3531.193848 0.000000 0.274673 0.000000 -0.961538 0.803906 0.803906 0.803906
7341.151855 0.000000 3571.853516 0.000000 0.974278 0.000000 0.225349 0.698014 0.698014 0.698014
7353.614746 0.000000 3546.180420 0.000000 0.522359 0.000000 -0.852726 0.769599 0.769599 0.769599
7375.940918 0.000000 3552.174316 0.000000 0.855455 0.000000 0.517878 0.698097 0.698097 0.698097
7381.447266 0.000000 3629.253418 0.000000 0.206309 0.000000 0.978487 0.690472 0.690472 0.690472
7309.312500 0.000000 3554.183594 0.000000 0.198560 0.000000 0.980089 0.695208 0.695208 0.695208
7345.832520 0.000000 3614.680176 0.000000 0.853437 0.000000 -0.521196 0.739283 0.739283 0.739283
7360.937500 0.000000 3582.519531 0.000000 0.656450 0.000000 0.754369 0.674608 0.674608 0.674608
7377.458008 0.000000 3568.219971 0.000000 0.696987 0.000000 -0.717084 0.711179 0.711179 0.711179
7325.414062 0.000000 3538.591309 0.000000 0.710050 0.000000 0.704151 0.626276 0.626276 0.626276
7354.178223 0.000000 3531.485107 0.000000 0.942297 0.000000 0.334777 0.698807 0.698807 0.698807
7347.613281 0.000000 3559.330811 0.000000 0.399203 0.000000 0.916862 0.582408 0.582408 0.582408
7330.199707 0.000000 3564.507812 0.000000 0.550888 0.000000 0.834579 0.565410 0.565410 0.565410
7321.407227 0.000000 3550.315186 0.000000 0.967671 0.000000 -0.252218 0.722725 0.722725 0.722725
7388.911133 0.000000 3619.550049 0.000000 0.544507 0.000000 -0.838757 0.785203 0.785203 0.785203
7338.392578 0.000000 3583.682129 0.000000 0.965836 0.000000 -0.259152 0.701832 0.701832 0.701832
7353.041992 0.000000 3573.804199 0.000000 0.623357 0.000000 0.781938 0.652932 0.652932 0.652932
7341.640625 0.000000 3542.713135 0.000000 0.547343 0.000000 0.836909 0.564832 0.564832 0.564832
7392.158203 0.000000 3630.399658 0.000000 0.485027 0.000000 0.874499 0.696280 0.696280 0.696280
7368.069336 0.000000 3573.479492 0.000000 0.051959 0.000000 0.998649 0.657532 0.657532 0.657532
7307.566895 0.000000 3542.903564 0.000000 0.421114 0.000000 -0.907008 0.769491 0.769491 0.769491
7319.963379 0.000000 3560.536133 0.000000 0.961089 0.000000 0.276239 0.651578 0.651578 0.651578
7390.827637 0.000000 3607.042725 0.000000 0.979199 0.000000 0.202903 0.692502 0.692502 0.692502
7370.096191 0.000000 3560.545654 0.000000 0.994899 0.000000 -0.100875 0.702296 0.702296 0.702296
7383.286621 0.000000 3560.104004 0.000000 0.994762 0.000000 0.102215 0.697316 0.697316 0.697316
7386.411621 0.000000 3570.855957 0.000000 0.663037 0.000000 -0.748586 0.711827 0.711827 0.711827
7316.546875 0.000000 3540.960693 0.000000 0.968400 0.000000 0.249401 0.669165 0.669165 0.669165
7348.555664 0.000000 3582.310303 0.000000 0.795664 0.000000 -0.605738 0.729566 0.729566 0.729566
7362.484375 0.000000 3535.471924 0.000000 0.996960 0.000000 -0.077920 0.703544 0.703544 0.703544
7310.342285 0.000000 3563.815918 0.000000 0.379780 0.000000 0.925077 0.380032 0.380032 0.380032
7320.229004 0.000000 3530.572510 0.000000 0.497136 0.000000 -0.867673 0.810150 0.810150 0.810150
7332.663574 0.000000 3543.401123 0.000000 0.144076 0.000000 -0.989567 0.779758 0.779758 0.779758
7337.472656 0.000000 3610.181396 0.000000 0.997626 0.000000 -0.068857 0.702047 0.702047 0.702047
7345.496094 0.000000 3550.541260 0.000000 0.769115 0.000000 -0.639110 0.706058 0.706058 0.706058
7349.156250 0.000000 3538.478760 0.000000 0.359785 0.000000 -0.933035 0.945925 0.945925 0.945925
7327.390137 0.000000 3556.497803 0.000000 0.611134 0.000000 -0.791527 0.707980 0.707980 0.707980
7331.886719 0.000000 3533.748291 0.000000 0.997565 0.000000 0.069747 0.686459 0.686459 0.686459
7369.335938 0.000000 3581.986328 0.000000 0.993007 0.000000 0.118052 0.689247 0.689247 0.689247
7313.732910 0.000000 3548.070312 0.000000 0.824011 0.000000 0.566574 0.646315 0.646315 0.646315
7355.208496 0.000000 3630.122559 0.000000 0.771679 0.000000 0.636013 0.668679 0.668679 0.668679
7367.533691 0.000000 3627.210693 0.000000 0.710874 0.000000 -0.703320 0.712269 0.712269 0.712269
7346.996582 0.000000 3531.479248 0.000000 0.989630 0.000000 0.143641 0.671284 0.671284 0.671284
7356.238281 0.000000 3539.381836 0.000000 0.870111 0.000000 -0.492856 0.705404 0.705404 0.705404
7386.493652 0.000000 3612.454834 0.000000 0.802423 0.000000 -0.596755 0.734642 0.734642 0.734642
7359.634277 0.000000 3572.306641 0.000000 0.977214 0.000000 0.212255 0.691777 0.691777 0.691777
7326.095215 0.000000 3545.438232 0.000000 0.882108 0.000000 0.471047 0.657142 0.657142 0.657142
7376.715332 0.000000 3561.117920 0.000000 0.766961 0.000000 -0.641693 0.715828 0.715828 0.715828
7316.255859 0.000000 3554.984131 0.000000 0.059072 0.000000 -0.998254 0.832090 0.832090 0.832090
7370.813965 0.000000 3567.406738 0.000000 0.030735 0.000000 -0.999528 0.729605 0.729605 0.729605
7337.377441 0.000000 3537.575928 0.000000 0.887454 0.000000 0.460895 0.610430 0.610430 0.610430
7346.765625 0.000000 3575.511475 0.000000 0.818105 0.000000 0.575069 0.636827 0.636827 0.636827
7373.834473 0.000000 3577.458984 0.000000 0.976304 0.000000 0.216403 0.689708 0.689708 0.689708
7375.309082 0.000000 3614.568604 0.000000 0.151055 0.000000 0.988525 0.600796 0.600796 0.600796
7355.151367 0.000000 3580.049805 0.000000 0.930215 0.000000 -0.367014 0.719702 0.719702 0.719702
7347.573242 0.000000 3544.752930 0.000000 0.851232 0.000000 0.524789 0.651726 0.651726 0.651726
7391.488770 0.000000 3600.304199 0.000000 0.966342 0.000000 0.257260 0.696362 0.696362 0.696362
7364.152832 0.000000 3559.782227 0.000000 0.957041 0.000000 0.289953 0.695887 0.695887 0.695887
7343.348145 0.000000 3536.253418 0.000000 0.966986 0.000000 -0.254829 0.771148 0.771148 0.771148
7389.187012 0.000000 3558.637695 0.000000 0.715974 0.000000 -0.698127 0.709453 0.709453 0.709453
7340.255859 0.000000 3554.340332 0.000000 0.577720 0.000000 -0.816235 0.856858 0.856858 0.856858
7382.976074 0.000000 3566.005859 0.000000 0.736786 0.000000 0.676126 0.680537 0.680537 0.680537
7392.171875 0.000000 3614.072510 0.000000 0.648422 0.000000 -0.761281 0.775608 0.775608 0.775608
7338.344238 0.000000 3547.681152 0.000000 0.349543 0.000000 0.936920 0.683031 0.683031 0.683031
7343.493164 0.000000 3608.878662 0.000000 0.007132 0.000000 0.999975 0.620754 0.620754 0.620754
7307.807129 0.000000 3569.355713 0.000000 0.564271 0.000000 0.825590 0.657567 0.657567 0.657567
7332.878906 0.000000 3558.550049 0.000000 0.961683 0.000000 0.274163 0.614580 0.614580 0.614580
7316.417969 0.000000 3534.994141 0.000000 0.479780 0.000000 0.877389 0.483010 0.483010 0.483010
7355.474609 0.000000 3568.277344 0.000000 1.000000 0.000000 -0.000131 0.700002 0.700002 0.700002
7363.797363 0.000000 3577.394043 0.000000 0.994957 0.000000 0.100306 0.695610 0.695610 0.695610
7365.806641 0.000000 3530.588623 0.000000 0.088564 0.000000 -0.996070 0.865768 0.865768 0.865768
7342.421387 0.000000 3579.139648 0.000000 0.750950 0.000000 0.660359 0.662184 0.662184 0.662184
7343.976562 0.000000 3585.968018 0.000000 0.651005 0.000000 -0.759073 0.715062 0.715062 0.715062
7328.427246 0.000000 3550.868164 0.000000 0.559085 0.000000 0.829110 0.633377 0.633377 0.633377
7323.892090 0.000000 3564.601562 0.000000 0.801328 0.000000 0.598226 0.602499 0.602499 0.602499
7325.570312 0.000000 3532.608887 0.000000 0.738031 0.000000 -0.674767 0.856616 0.856616 0.856616
7311.308105 0.000000 3538.325928 0.000000 0.232229 0.000000 0.972661 0.534178 0.534178 0.534178
7307.414551 0.000000 3548.886230 0.000000 0.513765 0.000000 -0.857931 0.737845 0.737845 0.737845
7352.646973 0.000000 3635.431885 0.000000 0.405084 0.000000 -0.914280 0.768552 0.768552 0.768552
7359.731934 0.000000 3530.485596 0.000000 0.205832 0.000000 0.978587 0.685703 0.685703 0.685703
7314.365234 0.000000 3560.194580 0.000000 0.965242 0.000000 -0.261356 0.744362 0.744362 0.744362
7364.582520 0.000000 3569.334961 0.000000 0.950146 0.000000 0.311805 0.693904 0.693904 0.693904
7341.884766 0.000000 3618.735107 0.000000 0.946296 0.000000 -0.323301 0.703452 0.703452 0.703452
7371.795410 0.000000 3555.533691 0.000000 0.013918 0.000000 -0.999903 0.732649 0.732649 0.732649
7318.632324 0.000000 3565.656494 0.000000 0.523268 0.000000 0.852168 0.657214 0.657214 0.657214
7387.971191 0.000000 3563.718750 0.000000 0.894761 0.000000 -0.446546 0.714561 0.714561 0.714561
7321.621094 0.000000 3542.706299 0.000000 0.875182 0.000000 -0.483794 0.763540 0.763540 0.763540
7307.626953 0.000000 3559.020264 0.000000 0.998830 0.000000 -0.048357 0.701099 0.701099 0.701099
7381.887207 0.000000 3615.026611 0.000000 0.810129 0.000000 0.586252 0.669348 0.669348 0.669348
7373.767090 0.000000 3571.751465 0.000000 0.889316 0.000000 -0.457294 0.707470 0.707470 0.707470
7321.833008 0.000000 3555.547363 0.000000 0.882241 0.000000 -0.470799 0.736836 0.736836 0.736836
7366.544922 0.000000 3564.310547 0.000000 0.994155 0.000000 -0.107961 0.701890 0.701890 0.701890
7330.726562 0.000000 3538.887939 0.000000 0.110367 0.000000 0.993891 0.536683 0.536683 0.536683
7321.248535 0.000000 3535.521240 0.000000 0.018799 0.000000 -0.999823 0.881720 0.881720 0.881720
7340.000488 0.000000 3614.319336 0.000000 0.904796 0.000000 -0.425846 0.728444 0.728444 0.728444
7350.313477 0.000000 3549.765381 0.000000 0.139001 0.000000 -0.990292 0.902613 0.902613 0.902613
7367.288574 0.000000 3535.644287 0.000000 0.292759 0.000000 -0.956186 0.737840 0.737840 0.737840
7318.102051 0.000000 3546.124512 0.000000 0.466115 0.000000 0.884724 0.569058 0.569058 0.569058
7378.105469 0.000000 3556.438232 0.000000 0.951623 0.000000 0.307269 0.695634 0.695634 0.695634
7342.893555 0.000000 3558.259277 0.000000 0.464881 0.000000 -0.885373 0.886214 0.886214 0.886214
7358.746582 0.000000 3576.929199 0.000000 0.883125 0.000000 0.469137 0.672692 0.672692 0.672692
7314.720703 0.000000 3530.488770 0.000000 0.937044 0.000000 -0.349210 0.743639 0.743639 0.743639
7363.227051 0.000000 3628.999512 0.000000 0.999358 0.000000 0.035830 0.698184 0.698184 0.698184
7357.663574 0.000000 3534.727539 0.000000 0.171392 0.000000 -0.985203 0.790431 0.790431 0.790431
7350.688965 0.000000 3578.192383 0.000000 0.856228 0.000000 0.516599 0.651615 0.651615 0.651615
7312.060547 0.000000 3543.522949 0.000000 0.994443 0.000000 -0.105276 0.710875 0.710875 0.710875
7314.067871 0.000000 3566.536621 0.000000 0.894273 0.000000 0.447523 0.630265 0.630265 0.630265
7352.876953 0.000000 3535.873535 0.000000 0.984273 0.000000 0.176655 0.693793 0.693793 0.693793
7349.958008 0.000000 3612.524170 0.000000 0.859178 0.000000 -0.511676 0.719712 0.719712 0.719712
7384.752441 0.000000 3622.173828 0.000000 0.561792 0.000000 -0.827278 0.793642 0.793642 0.793642
7337.246094 0.000000 3543.275146 0.000000 0.906383 0.000000 0.422457 0.655791 0.655791 0.655791
7357.102539 0.000000 3634.279053 0.000000 0.701714 0.000000 -0.712458 0.778992 0.778992 0.778992
7345.539062 0.000000 3571.180908 0.000000 0.506541 0.000000 -0.862216 0.732703 0.732703 0.732703
7367.233398 0.000000 3556.530762 0.000000 0.877582 0.000000 -0.479426 0.711359 0.711359 0.711359
7332.073730 0.000000 3548.200684 0.000000 0.873531 0.000000 0.486769 0.671570 0.671570 0.671570
7376.568848 0.000000 3618.826416 0.000000 0.301560 0.000000 -0.953447 0.757454 0.757454 0.757454
7373.972656 0.000000 3610.240234 0.000000 0.852604 0.000000 0.522558 0.691352 0.691352 0.691352
7343.069824 0.000000 3546.895996 0.000000 0.722205 0.000000 -0.691679 0.750723 0.750723 0.750723
7374.360840 0.000000 3564.650391 0.000000 0.966951 0.000000 -0.254961 0.705857 0.705857 0.705857
7317.188965 0.000000 3550.786377 0.000000 0.713372 0.000000 0.700786 0.626722 0.626722 0.626722
7392.977539 0.000000 3618.287842 0.000000 0.693559 0.000000 -0.720400 0.737954 0.737954 0.737954
7307.792480 0.000000 3535.898193 0.000000 0.983320 0.000000 0.181883 0.674110 0.674110 0.674110
7392.832031 0.000000 3549.371338 0.000000 0.998691 0.000000 0.051142 0.690612 0.690612 0.690612
7336.534180 0.000000 3556.385742 0.000000 0.818289 0.000000 -0.574807 0.722473 0.722473 0.722473
7313.054688 0.000000 3552.240479 0.000000 0.794687 0.000000 0.607019 0.654402 0.654402 0.654402
7345.269043 0.000000 3540.386230 0.000000 0.793831 0.000000 -0.608139 0.825666 0.825666 0.825666
7347.936035 0.000000 3608.890381 0.000000 0.740262 0.000000 -0.672318 0.724483 0.724483 0.724483
7334.951660 0.000000 3530.894531 0.000000 0.352569 0.000000 -0.935786 0.913657 0.913657 0.913657
7379.191406 0.000000 3564.471924 0.000000 0.897624 0.000000 0.440761 0.688832 0.688832 0.688832
7385.091797 0.000000 3618.000244 0.000000 0.309694 0.000000 0.950836 0.601232 0.601232 0.601232
7328.919434 0.000000 3560.465332 0.000000 0.932157 0.000000 0.362054 0.677987 0.677987 0.677987
7330.784180 0.000000 3554.200928 0.000000 0.354679 0.000000 -0.934988 0.735895 0.735895 0.735895
7352.497070 0.000000 3583.298340 0.000000 0.760936 0.000000 -0.648827 0.718508 0.718508 0.718508
7324.707031 0.000000 3552.581787 0.000000 0.959659 0.000000 0.281165 0.683563 0.683563 0.683563
7359.237305 0.000000 3630.198730 0.000000 0.164181 0.000000 0.986430 0.594354 0.594354 0.594354
7328.111816 0.000000 3541.923828 0.000000 0.904534 0.000000 -0.426401 0.730023 0.730023 0.730023
7369.833984 0.000000 3577.249023 0.000000 0.614290 0.000000 0.789080 0.658683 0.658683 0.658683
7328.194336 0.000000 3535.683838 0.000000 0.172796 0.000000 0.984958 0.345968 0.345968 0.345968
7363.500977 0.000000 3573.338135 0.000000 0.766157 0.000000 -0.642654 0.721955 0.721955 0.721955
7327.321777 0.000000 3567.245605 0.000000 0.040045 0.000000 -0.999198 0.948784 0.948784 0.948784
7356.975586 0.000000 3583.523926 0.000000 0.796205 0.000000 -0.605027 0.723847 0.723847 0.723847
7341.533203 0.000000 3550.526611 0.000000 0.482127 0.000000 -0.876101 0.759709 0.759709 0.759709
7312.317383 0.000000 3556.802002 0.000000 0.931235 0.000000 -0.364419 0.712385 0.712385 0.712385
7389.069824 0.000000 3567.728027 0.000000 0.251061 0.000000 0.967971 0.624047 0.624047 0.624047
7373.343262 0.000000 3581.547119 0.000000 0.495321 0.000000 -0.868710 0.780938 0.780938 0.780938
7340.347656 0.000000 3575.695557 0.000000 0.201489 0.000000 0.979491 0.664142 0.664142 0.664142
7382.775879 0.000000 3625.475342 0.000000 0.942436 0.000000 -0.334387 0.722046 0.722046 0.722046
7343.139648 0.000000 3532.331055 0.000000 0.981233 0.000000 -0.192825 0.719668 0.719668 0.719668
7365.598633 0.000000 3580.819580 0.000000 0.290767 0.000000 0.956794 0.644262 0.644262 0.644262
7334.407715 0.000000 3540.028320 0.000000 0.166456 0.000000 -0.986049 0.837359 0.837359 0.837359
7349.353516 0.000000 3534.540039 0.000000 0.795475 0.000000 0.605986 0.536173 0.536173 0.536173
7319.985352 0.000000 3539.119141 0.000000 0.999413 0.000000 -0.034265 0.707007 0.707007 0.707007
7373.582520 0.000000 3558.859131 0.000000 0.991454 0.000000 -0.130456 0.702972 0.702972 0.702972
7389.933105 0.000000 3610.700195 0.000000 0.707563 0.000000 -0.706651 0.738400 0.738400 0.738400
7368.464844 0.000000 3635.936035 0.000000 0.726213 0.000000 0.687470 0.665559 0.665559 0.665559
7322.601562 0.000000 3546.636963 0.000000 0.126003 0.000000 0.992030 0.533396 0.533396 0.533396
7388.513184 0.000000 3615.866943 0.000000 0.969700 0.000000 0.244300 0.677572 0.677572 0.677572
7342.458008 0.000000 3561.942627 0.000000 0.245541 0.000000 0.969386 0.628342 0.628342 0.628342
7340.925293 0.000000 3539.048096 0.000000 0.694337 0.000000 -0.719650 0.928824 0.928824 0.928824
7390.410645 0.000000 3622.940674 0.000000 0.645831 0.000000 -0.763480 0.719735 0.719735 0.719735
7350.578613 0.000000 3531.203613 0.000000 0.199775 0.000000 0.979842 0.561171 0.561171 0.561171
7310.351562 0.000000 3546.853027 0.000000 0.929889 0.000000 -0.367841 0.730281 0.730281 0.730281
7349.160645 0.000000 3572.604736 0.000000 0.990341 0.000000 -0.138653 0.710453 0.710453 0.710453
7345.961426 0.000000 3579.834473 0.000000 0.055430 0.000000 -0.998463 0.827113 0.827113 0.827113
7336.814453 0.000000 3533.982178 0.000000 0.971772 0.000000 -0.235924 0.745368 0.745368 0.745368
7359.702148 0.000000 3537.778809 0.000000 0.742294 0.000000 -0.670074 0.792395 0.792395 0.792395
7372.011230 0.000000 3613.281982 0.000000 0.724565 0.000000 -0.689206 0.725248 0.725248 0.725248
7328.997559 0.000000 3531.795166 0.000000 0.236639 0.000000 0.971598 0.418362 0.418362 0.418362
7329.685547 0.000000 3545.366211 0.000000 0.782627 0.000000 0.622490 0.649508 0.649508 0.649508
7332.768555 0.000000 3562.116943 0.000000 0.374062 0.000000 0.927404 0.459288 0.459288 0.459288
7334.839844 0.000000 3546.104248 0.000000 0.357013 0.000000 -0.934099 0.754785 0.754785 0.754785
7340.222656 0.000000 3534.658203 0.000000 0.964339 0.000000 -0.264669 0.739789 0.739789 0.739789
7337.902344 0.000000 3551.533936 0.000000 0.277716 0.000000 -0.960663 0.731546 0.731546 0.731546
7355.885254 0.000000 3571.810547 0.000000 0.185030 0.000000 -0.982733 0.738718 0.738718 0.738718
7315.710449 0.000000 3563.450195 0.000000 0.271512 0.000000 -0.962435 0.933251 0.933251 0.933251
7310.931641 0.000000 3560.145996 0.000000 0.785290 0.000000 0.619129 0.604327 0.604327 0.604327
7317.425781 0.000000 3558.176270 0.000000 0.994515 0.000000 0.104599 0.685899 0.685899 0.685899
7311.093750 0.000000 3568.337402 0.000000 0.344190 0.000000 0.938900 0.403786 0.403786 0.403786
7325.308594 0.000000 3548.960693 0.000000 0.945906 0.000000 0.324441 0.669396 0.669396 0.669396
7378.700195 0.000000 3613.123047 0.000000 0.961529 0.000000 0.274705 0.682006 0.682006 0.682006
7355.294922 0.000000 3576.623779 0.000000 0.850199 0.000000 -0.526462 0.746508 0.746508 0.746508
7343.278809 0.000000 3612.341064 0.000000 0.201466 0.000000 -0.979496 0.831483 0.831483 0.831483
7314.842773 0.000000 3538.009766 0.000000 0.857630 0.000000 0.514268 0.636754 0.636754 0.636754
7371.480469 0.000000 3574.278076 0.000000 0.881388 0.000000 -0.472392 0.714617 0.714617 0.714617
7343.552734 0.000000 3574.509521 0.000000 0.410750 0.000000 0.911748 0.643849 0.643849 0.643849
7333.723145 0.000000 3536.579590 0.000000 0.721173 0.000000 -0.692755 0.789608 0.789608 0.789608
7327.024902 0.000000 3563.361572 0.000000 0.355158 0.000000 0.934806 0.666231 0.666231 0.666231
7372.728516 0.000000 3616.786133 0.000000 0.491169 0.000000 -0.871064 0.736957 0.736957 0.736957
7308.012695 0.000000 3539.452148 0.000000 0.240239 0.000000 0.970714 0.588587 0.588587 0.588587
7315.269531 0.000000 3544.485107 0.000000 0.999629 0.000000 -0.027244 0.703381 0.703381 0.703381
7312.993164 0.000000 3535.263428 0.000000 0.143902 0.000000 -0.989592 1.031535 1.031535 1.031535
7378.858887 0.000000 3616.491943 0.000000 0.999427 0.000000 -0.033847 0.702189 0.702189 0.702189
7393.236328 0.000000 3610.968018 0.000000 0.905820 0.000000 -0.423662 0.726759 0.726759 0.726759
7309.953125 0.000000 3551.026123 0.000000 0.974655 0.000000 -0.223712 0.706703 0.706703 0.706703
7319.756348 0.000000 3553.058838 0.000000 0.991354 0.000000 -0.131214 0.711728 0.711728 0.711728
7362.681152 0.000000 3531.760010 0.000000 0.166177 0.000000 -0.986096 0.746613 0.746613 0.746613
7384.729492 0.000000 3563.232178 0.000000 0.958765 0.000000 -0.284200 0.708561 0.708561 0.708561
7307.739746 0.000000 3565.982178 0.000000 0.199213 0.000000 -0.979956 0.762260 0.762260 0.762260
7386.024414 0.000000 3566.904785 0.000000 0.979511 0.000000 -0.201390 0.711694 0.711694 0.711694
7391.879883 0.000000 3566.315430 0.000000 0.337112 0.000000 -0.941465 0.740740 0.740740 0.740740
7361.049805 0.000000 3579.386719 0.000000 0.901122 0.000000 0.433565 0.676489 0.676489 0.676489
7347.629395 0.000000 3547.896240 0.000000 0.547658 0.000000 -0.836702 0.930391 0.930391 0.930391
7344.902344 0.000000 3617.676514 0.000000 0.405311 0.000000 0.914179 0.649605 0.649605 0.649605
7324.975586 0.000000 3542.471436 0.000000 0.025120 0.000000 -0.999684 0.851267 0.851267 0.851267
7345.465332 0.000000 3583.196533 0.000000 0.750861 0.000000 0.660461 0.660916 0.660916 0.660916
7346.581055 0.000000 3536.569580 0.000000 0.963056 0.000000 0.269300 0.603746 0.603746 0.603746
7307.525391 0.000000 3562.236084 0.000000 0.234122 0.000000 0.972207 0.658022 0.658022 0.658022
7393.040039 0.000000 3603.290283 0.000000 0.289501 0.000000 0.957178 0.628582 0.628582 0.628582
7323.082031 0.000000 3567.654053 0.000000 0.119071 0.000000 0.992886 0.623905 0.623905 0.623905
7366.881836 0.000000 3576.375732 0.000000 0.803908 0.000000 0.594754 0.674398 0.674398 0.674398
7344.622070 0.000000 3543.610352 0.000000 0.718426 0.000000 -0.695603 0.798137 0.798137 0.798137
7346.421875 0.000000 3611.611572 0.000000 0.360377 0.000000 -0.932807 0.767226 0.767226 0.767226
7350.426758 0.000000 3546.094238 0.000000 0.746545 0.000000 0.665334 0.572786 0.572786 0.572786
7353.380859 0.000000 3549.253418 0.000000 0.620658 0.000000 -0.784082 0.740949 0.740949 0.740949
7307.698730 0.000000 3532.213623 0.000000 0.998027 0.000000 0.062791 0.689459 0.689459 0.689459
7368.209473 0.000000 3532.678711 0.000000 0.926623 0.000000 0.375993 0.680465 0.680465 0.680465
7340.614258 0.000000 3609.973389 0.000000 0.842905 0.000000 0.538062 0.672200 0.672200 0.672200
7323.286133 0.000000 3530.578125 0.000000 0.940979 0.000000 0.338464 0.635435 0.635435 0.635435
7321.004883 0.000000 3563.427246 0.000000 0.031600 0.000000 0.999501 0.630063 0.630063 0.630063
7393.848145 0.000000 3606.602539 0.000000 0.949128 0.000000 -0.314892 0.719594 0.719594 0.719594
7335.418945 0.000000 3549.135986 0.000000 0.806106 0.000000 -0.591771 0.725453 0.725453 0.725453
7333.776855 0.000000 3555.111084 0.000000 0.068369 0.000000 -0.997660 0.862782 0.862782 0.862782
7358.235840 0.000000 3580.764893 0.000000 0.077832 0.000000 -0.996966 0.788704 0.788704 0.788704
7324.498047 0.000000 3535.423584 0.000000 0.928744 0.000000 0.370723 0.623010 0.623010 0.623010
7317.498047 0.000000 3532.074951 0.000000 0.988423 0.000000 0.151725 0.676044 0.676044 0.676044
7346.097168 0.000000 3556.690918 0.000000 0.973908 0.000000 0.226945 0.689998 0.689998 0.689998
7348.567383 0.000000 3541.747559 0.000000 0.977706 0.000000 0.209979 0.680036 0.680036 0.680036
7313.415039 0.000000 3540.669922 0.000000 0.837619 0.000000 -0.546254 0.759584 0.759584 0.759584
7335.278809 0.000000 3560.427734 0.000000 0.237769 0.000000 -0.971322 0.834882 0.834882 0.834882
7361.164551 0.000000 3575.182129 0.000000 0.598291 0.000000 0.801279 0.661018 0.661018 0.661018
7324.486816 0.000000 3557.069824 0.000000 0.001747 0.000000 -0.999998 0.776777 0.776777 0.776777
7342.825684 0.000000 3615.531250 0.000000 0.677925 0.000000 -0.735131 0.757730 0.757730 0.757730
7328.080566 0.000000 3547.874268 0.000000 0.673891 0.000000 0.738831 0.633170 0.633170 0.633170
7365.008301 0.000000 3533.675049 0.000000 0.059371 0.000000 -0.998236 0.932433 0.932433 0.932433
7340.075195 0.000000 3545.256836 0.000000 0.989184 0.000000 0.146679 0.692539 0.692539 0.692539
7338.410645 0.000000 3540.475586 0.000000 0.807412 0.000000 -0.589988 0.833439 0.833439 0.833439
7310.396484 0.000000 3541.110596 0.000000 0.982221 0.000000 0.187727 0.683169 0.683169 0.683169
7322.836914 0.000000 3539.957520 0.000000 0.937697 0.000000 -0.347454 0.732867 0.732867 0.732867
7357.476074 0.000000 3574.295654 0.000000 0.565987 0.000000 -0.824414 0.752505 0.752505 0.752505
7318.687012 0.000000 3543.016846 0.000000 0.916103 0.000000 0.400942 0.643044 0.643044 0.643044
7307.589844 0.000000 3545.997803 0.000000 0.935883 0.000000 -0.352311 0.720764 0.720764 0.720764
7385.012207 0.000000 3614.951660 0.000000 0.006618 0.000000 -0.999978 0.768338 0.768338 0.768338
7356.852051 0.000000 3637.188721 0.000000 0.598563 0.000000 0.801076 0.630182 0.630182 0.630182
7360.341309 0.000000 3533.441650 0.000000 0.794627 0.000000 -0.607098 0.767268 0.767268 0.767268
7390.394531 0.000000 3562.103027 0.000000 0.256271 0.000000 0.966605 0.651864 0.651864 0.651864
7387.656738 0.000000 3622.182129 0.000000 0.277674 0.000000 0.960675 0.596345 0.596345 0.596345
7345.050781 0.000000 3560.686523 0.000000 0.711116 0.000000 -0.703075 0.742241 0.742241 0.742241
7354.440430 0.000000 3633.080811 0.000000 0.341592 0.000000 -0.939848 0.781163 0.781163 0.781163
7350.320801 0.000000 3575.260742 0.000000 0.857532 0.000000 0.514431 0.649008 0.649008 0.649008
7327.622070 0.000000 3553.651367 0.000000 0.815461 0.000000 -0.578812 0.731283 0.731283 0.731283
7344.437988 0.000000 3577.150146 0.000000 0.915045 0.000000 -0.403351 0.735552 0.735552 0.735552
7348.233887 0.000000 3551.610107 0.000000 0.998430 0.000000 0.056020 0.697747 0.697747 0.697747
7316.719727 0.000000 3567.757568 0.000000 0.353395 0.000000 0.935474 0.611217 0.611217 0.611217
7313.841797 0.000000 3569.422363 0.000000 0.589741 0.000000 0.807593 0.586645 0.586645 0.586645
7381.848145 0.000000 3612.246826 0.000000 0.903565 0.000000 -0.428451 0.718571 0.718571 0.718571
7381.173828 0.000000 3623.097412 0.000000 0.786160 0.000000 -0.618023 0.725614 0.725614 0.725614
7371.116211 0.000000 3579.828613 0.000000 0.774776 0.000000 -0.632236 0.755021 0.755021 0.755021
7319.136719 0.000000 3548.709717 0.000000 0.990640 0.000000 0.136501 0.686360 0.686360 0.686360
7313.012207 0.000000 3562.622070 0.000000 0.707745 0.000000 0.706468 0.421693 0.421693 0.421693
7352.368164 0.000000 3580.515381 0.000000 0.999081 0.000000 0.042863 0.697752 0.697752 0.697752
7376.653809 0.000000 3611.152588 0.000000 0.971363 0.000000 -0.237602 0.710481 0.710481 0.710481
7345.540039 0.000000 3533.988525 0.000000 0.082025 0.000000 0.996630 0.411223 0.411223 0.411223
7321.968750 0.000000 3558.407471 0.000000 0.785360 0.000000 -0.619039 0.746662 0.746662 0.746662
7367.830566 0.000000 3579.118408 0.000000 0.775881 0.000000 -0.630879 0.735792 0.735792 0.735792
7317.706055 0.000000 3537.566162 0.000000 0.646298 0.000000 -0.763085 0.851703 0.851703 0.851703
7382.372559 0.000000 3618.089844 0.000000 0.978585 0.000000 0.205843 0.688768 0.688768 0.688768
7363.912598 0.000000 3631.701660 0.000000 0.005001 0.000000 -0.999987 0.831345 0.831345 0.831345
7365.938965 0.000000 3629.447998 0.000000 0.437950 0.000000 -0.898999 0.758587 0.758587 0.758587
7369.375977 0.000000 3631.693359 0.000000 0.992078 0.000000 -0.125624 0.705063 0.705063 0.705063
7384.932129 0.000000 3627.086670 0.000000 0.572085 0.000000 0.820194 0.644536 0.644536 0.644536
7318.820801 0.000000 3555.714844 0.000000 0.764569 0.000000 -0.644542 0.758754 0.758754 0.758754
7316.979980 0.000000 3560.814697 0.000000 0.992688 0.000000 -0.120709 0.721358 0.721358 0.721358
7321.903809 0.000000 3532.887939 0.000000 0.040284 0.000000 -0.999188 0.879203 0.879203 0.879203
7331.387695 0.000000 3550.766357 0.000000 0.919488 0.000000 0.393118 0.676700 0.676700 0.676700
7371.590820 0.000000 3583.537109 0.000000 0.360039 0.000000 -0.932937 0.781956 0.781956 0.781956
7330.824707 0.000000 3541.535645 0.000000 0.509798 0.000000 0.860294 0.640262 0.640262 0.640262
7389.629395 0.000000 3613.376709 0.000000 0.755357 0.000000 -0.655313 0.752450 0.752450 0.752450
7375.351562 0.000000 3579.684082 0.000000 0.155317 0.000000 -0.987865 0.764287 0.764287 0.764287
7316.543945 0.000000 3548.234375 0.000000 0.869417 0.000000 0.494079 0.645814 0.645814 0.645814
7359.405762 0.000000 3632.893799 0.000000 0.797632 0.000000 0.603145 0.636639 0.636639 0.636639
7393.304199 0.000000 3546.403320 0.000000 0.489406 0.000000 0.872056 0.600026 0.600026 0.600026
7359.182617 0.000000 3635.828125 0.000000 0.302765 0.000000 0.953065 0.587415 0.587415 0.587415
7318.452148 0.000000 3563.073730 0.000000 0.201894 0.000000 0.979407 0.578119 0.578119 0.578119
7347.972168 0.000000 3578.024170 0.000000 0.555598 0.000000 -0.831451 0.797791 0.797791 0.797791
7309.612305 0.000000 3530.484863 0.000000 0.731471 0.000000 0.681873 0.568875 0.568875 0.568875
7330.901367 0.000000 3536.180176 0.000000 0.099799 0.000000 -0.995008 0.980174 0.980174 0.980174
7319.481445 0.000000 3533.626465 0.000000 0.680686 0.000000 0.732575 0.592249 0.592249 0.592249
7336.292480 0.000000 3553.723633 0.000000 0.055093 0.000000 0.998481 0.580805 0.580805 0.580805
7390.955078 0.000000 3616.586670 0.000000 0.428298 0.000000 -0.903638 0.778864 0.778864 0.778864
7314.183105 0.000000 3533.023682 0.000000 0.960403 0.000000 0.278615 0.651150 0.651150 0.651150
7327.834473 0.000000 3539.265625 0.000000 0.388317 0.000000 -0.921526 0.810600 0.810600 0.810600
7352.695801 0.000000 3576.578125 0.000000 0.738758 0.000000 0.673971 0.626330 0.626330 0.626330
7320.463867 0.000000 3545.105957 0.000000 0.581812 0.000000 0.813323 0.570526 0.570526 0.570526
7310.546387 0.000000 3535.880615 0.000000 0.087737 0.000000 0.996144 0.407152 0.407152 0.407152
7322.929688 0.000000 3537.433105 0.000000 0.851609 0.000000 -0.524177 0.753033 0.753033 0.753033
7367.381836 0.000000 3583.579102 0.000000 0.532023 0.000000 0.846730 0.645294 0.645294 0.645294
7314.818359 0.000000 3557.149902 0.000000 0.998698 0.000000 -0.051006 0.705975 0.705975 0.705975
7313.653320 0.000000 3554.649170 0.000000 0.384265 0.000000 -0.923223 0.774010 0.774010 0.774010
7322.206055 0.000000 3552.721436 0.000000 0.421652 0.000000 0.906758 0.620623 0.620623 0.620623
7357.181641 0.000000 3631.791504 0.000000 0.725670 0.000000 0.688043 0.653588 0.653588 0.653588
7345.515137 0.000000 3546.505615 0.000000 0.195540 0.000000 0.980696 0.392651 0.392651 0.392651
7361.471680 0.000000 3631.286865 0.000000 0.006772 0.000000 -0.999977 0.831197 0.831197 0.831197
7312.158203 0.000000 3530.541016 0.000000 0.871615 0.000000 0.490190 0.639120 0.639120 0.639120
7309.650391 0.000000 3544.341064 0.000000 0.796402 0.000000 -0.604768 0.746535 0.746535 0.746535
7334.345215 0.000000 3534.184814 0.000000 0.276353 0.000000 -0.961056 0.891741 0.891741 0.891741
7311.741699 0.000000 3565.789795 0.000000 0.724307 0.000000 0.689478 0.360976 0.360976 0.360976
7386.494141 0.000000 3619.982422 0.000000 0.347340 0.000000 -0.937739 0.814759 0.814759 0.814759
7343.423828 0.000000 3538.709473 0.000000 0.799942 0.000000 -0.600078 0.892331 0.892331 0.892331
7314.745117 0.000000 3550.427734 0.000000 0.779706 0.000000 -0.626146 0.787499 0.787499 0.787499
7311.528809 0.000000 3549.153076 0.000000 0.937821 0.000000 0.347119 0.672741 0.672741 0.672741
7332.352539 0.000000 3545.799316 0.000000 0.990125 0.000000 0.140187 0.691397 0.691397 0.691397
7385.142090 0.000000 3624.589600 0.000000 0.998747 0.000000 -0.050050 0.704288 0.704288 0.704288
7342.071777 0.000000 3555.934814 0.000000 0.962069 0.000000 -0.272808 0.718349 0.718349 0.718349
7323.132324 0.000000 3562.257080 0.000000 0.979036 0.000000 -0.203686 0.722583 0.722583 0.722583
7340.972168 0.000000 3559.929443 0.000000 0.726526 0.000000 0.687139 0.658960 0.658960 0.658960
7369.320312 0.000000 3530.584229 0.000000 0.989385 0.000000 0.145317 0.681396 0.681396 0.681396
7334.934082 0.000000 3542.440674 0.000000 0.753735 0.000000 0.657178 0.649874 0.649874 0.649874
7313.155273 0.000000 3545.747314 0.000000 0.920594 0.000000 -0.390521 0.742769 0.742769 0.742769
7389.694824 0.000000 3565.360107 0.000000 0.917182 0.000000 0.398469 0.671350 0.671350 0.671350
7331.774902 0.000000 3531.252197 0.000000 0.999997 0.000000 0.002478 0.699459 0.699459 0.699459
7315.483398 0.000000 3552.692139 0.000000 0.760558 0.000000 0.649270 0.632081 0.632081 0.632081
7323.688477 0.000000 3544.474609 0.000000 0.803312 0.000000 -0.595559 0.772468 0.772468 0.772468
7383.523438 0.000000 3620.180420 0.000000 0.986455 0.000000 0.164030 0.689633 0.689633 0.689633
7357.149414 0.000000 3578.626953 0.000000 0.965115 0.000000 0.261827 0.680093 0.680093 0.680093
7350.602539 0.000000 3536.606445 0.000000 0.442266 0.000000 0.896884 0.556108 0.556108 0.556108
7355.000000 0.000000 3635.664062 0.000000 0.087248 0.000000 -0.996187 0.827029 0.827029 0.827029
7392.395508 0.000000 3608.790771 0.000000 0.471738 0.000000 -0.881738 0.762257 0.762257 0.762257
7337.127930 0.000000 3531.683838 0.000000 0.900570 0.000000 -0.434711 0.769161 0.769161 0.769161
7347.865234 0.000000 3613.529785 0.000000 0.220006 0.000000 -0.975498 0.789583 0.789583 0.789583
7375.254883 0.000000 3616.910645 0.000000 0.023134 0.000000 -0.999732 0.791959 0.791959 0.791959
7349.486816 0.000000 3580.170410 0.000000 0.998203 0.000000 0.059928 0.695389 0.695389 0.695389
7344.631348 0.000000 3530.499023 0.000000 0.217235 0.000000 -0.976119 0.933879 0.933879 0.933879
7330.440430 0.000000 3562.201416 0.000000 0.718825 0.000000 -0.695191 0.916278 0.916278 0.916278
7339.557617 0.000000 3536.827637 0.000000 0.395495 0.000000 0.918468 0.447720 0.447720 0.447720
7339.562012 0.000000 3611.995605 0.000000 0.987558 0.000000 -0.157257 0.709107 0.709107 0.709107
7319.721680 0.000000 3558.040527 0.000000 0.875340 0.000000 -0.483507 0.752916 0.752916 0.752916
7374.218262 0.000000 3612.500244 0.000000 0.173323 0.000000 -0.984865 0.780542 0.780542 0.780542
7331.108887 0.000000 3560.031982 0.000000 0.540742 0.000000 0.841188 0.406559 0.406559 0.406559
7346.366211 0.000000 3573.275635 0.000000 0.906156 0.000000 0.422944 0.668711 0.668711 0.668711
7351.367188 0.000000 3572.171387 0.000000 0.219378 0.000000 0.975640 0.612733 0.612733 0.612733
7323.681641 0.000000 3550.546875 0.000000 0.777297 0.000000 -0.629134 0.754700 0.754700 0.754700
7347.037109 0.000000 3539.076416 0.000000 0.452455 0.000000 0.891787 0.392067 0.392067 0.392067
7325.253906 0.000000 3566.313477 0.000000 0.005366 0.000000 0.999986 0.472935 0.472935 0.472935
7387.415039 0.000000 3617.963379 0.000000 0.653798 0.000000 -0.756669 0.777989 0.777989 0.777989
7346.490234 0.000000 3542.486816 0.000000 0.999768 0.000000 0.021552 0.698682 0.698682 0.698682
7326.232422 0.000000 3550.959473 0.000000 0.964637 0.000000 -0.263580 0.722374 0.722374 0.722374
7309.211426 0.000000 3537.610840 0.000000 0.995558 0.000000 -0.094155 0.712689 0.712689 0.712689
7359.988770 0.000000 3535.615234 0.000000 0.493170 0.000000 0.869933 0.493492 0.493492 0.493492
7316.166504 0.000000 3565.633057 0.000000 0.927465 0.000000 -0.373909 0.751568 0.751568 0.751568
7342.884277 0.000000 3540.838867 0.000000 0.966071 0.000000 -0.258276 0.759349 0.759349 0.759349
7326.263672 0.000000 3540.753418 0.000000 0.912588 0.000000 -0.408880 0.734598 0.734598 0.734598
7353.653809 0.000000 3578.496826 0.000000 0.810989 0.000000 -0.585062 0.748055 0.748055 0.748055
7340.016602 0.000000 3552.201660 0.000000 0.143114 0.000000 -0.989706 0.941931 0.941931 0.941931
7327.553711 0.000000 3533.418701 0.000000 0.894748 0.000000 0.446572 0.585121 0.585121 0.585121
7314.843750 0.000000 3542.324951 0.000000 0.016247 0.000000 0.999868 0.526131 0.526131 0.526131
7330.049316 0.000000 3548.946045 0.000000 0.746913 0.000000 0.664922 0.650424 0.650424 0.650424
7329.738281 0.000000 3534.189453 0.000000 0.970156 0.000000 0.242481 0.637937 0.637937 0.637937
7351.615723 0.000000 3548.028809 0.000000 0.646469 0.000000 0.762940 0.577152 0.577152 0.577152
7355.104004 0.000000 3574.466309 0.000000 0.052400 0.000000 -0.998626 0.795525 0.795525 0.795525
7342.596191 0.000000 3544.782471 0.000000 0.741906 0.000000 -0.670504 0.780909 0.780909 0.780909
7318.777832 0.000000 3535.673340 0.000000 0.674919 0.000000 -0.737892 0.839238 0.839238 0.839238
7317.625000 0.000000 3553.319092 0.000000 0.387446 0.000000 -0.921892 0.804540 0.804540 0.804540
7335.278320 0.000000 3538.098145 0.000000 0.417699 0.000000 0.908586 0.568525 0.568525 0.568525
7319.977051 0.000000 3541.236084 0.000000 0.425856 0.000000 0.904791 0.539918 0.539918 0.539918
7308.960938 0.000000 3534.030762 0.000000 0.447228 0.000000 -0.894420 0.912829 0.912829 0.912829
7339.322754 0.000000 3542.599365 0.000000 0.673491 0.000000 -0.739196 0.801764 0.801764 0.801764
7312.696289 0.000000 3558.876465 0.000000 0.484234 0.000000 -0.874938 0.822873 0.822873 0.822873
7377.481934 0.000000 3614.846680 0.000000 0.993264 0.000000 0.115877 0.688634 0.688634 0.688634
7334.925293 0.000000 3557.856201 0.000000 0.984816 0.000000 -0.173604 0.728054 0.728054 0.728054
7327.859863 0.000000 3544.058594 0.000000 0.694362 0.000000 0.719626 0.629811 0.629811 0.629811
7332.833008 0.000000 3538.503906 0.000000 0.050287 0.000000 0.998735 0.583084 0.583084 0.583084
7335.970215 0.000000 3536.009766 0.000000 0.999685 0.000000 -0.025110 0.703116 0.703116 0.703116
7342.369141 0.000000 3534.287842 0.000000 0.987613 0.000000 -0.156908 0.730288 0.730288 0.730288
7326.214355 0.000000 3536.620850 0.000000 0.339976 0.000000 0.940434 0.477557 0.477557 0.477557
7332.422852 0.000000 3552.864990 0.000000 0.781159 0.000000 -0.624333 0.776593 0.776593 0.776593
7309.098633 0.000000 3567.658691 0.000000 0.558602 0.000000 0.829436 0.452151 0.452151 0.452151
7391.415039 0.000000 3612.134277 0.000000 0.895296 0.000000 -0.445471 0.737116 0.737116 0.737116
7338.697266 0.000000 3533.165771 0.000000 0.917404 0.000000 -0.397957 0.752930 0.752930 0.752930
7329.144531 0.000000 3537.503662 0.000000 0.055226 0.000000 -0.998474 1.020473 1.020473 1.020473
7393.517578 0.000000 3615.812012 0.000000 0.950388 0.000000 -0.311068 0.727639 0.727639 0.727639
7329.281738 0.000000 3566.350342 0.000000 0.161186 0.000000 -0.986924 0.830495 0.830495 0.830495
7348.814941 0.000000 3532.552979 0.000000 0.777294 0.000000 -0.629137 0.835561 0.835561 0.835561
7345.690918 0.000000 3558.720459 0.000000 0.674110 0.000000 0.738631 0.551865 0.551865 0.551865
7321.322754 0.000000 3548.272949 0.000000 0.659021 0.000000 0.752125 0.618177 0.618177 0.618177
7386.988770 0.000000 3614.426514 0.000000 0.716440 0.000000 -0.697648 0.756672 0.756672 0.756672
7313.997559 0.000000 3564.519043 0.000000 0.922800 0.000000 -0.385280 0.874179 0.874179 0.874179
7373.112793 0.000000 3579.433594 0.000000 0.986196 0.000000 -0.165579 0.711628 0.711628 0.711628
7338.365234 0.000000 3553.630127 0.000000 0.712768 0.000000 0.701400 0.623924 0.623924 0.623924
7336.429688 0.000000 3539.934326 0.000000 0.765669 0.000000 -0.643235 0.824549 0.824549 0.824549
7315.518066 0.000000 3546.491943 0.000000 0.833774 0.000000 -0.552106 0.768483 0.768483 0.768483
7327.084473 0.000000 3531.169434 0.000000 0.498075 0.000000 0.867134 0.470757 0.470757 0.470757
7344.081055 0.000000 3556.502686 0.000000 0.080913 0.000000 0.996721 0.541184 0.541184 0.541184
7324.694336 0.000000 3547.035889 0.000000 0.393838 0.000000 0.919180 0.579777 0.579777 0.579777
7341.525391 0.000000 3537.125977 0.000000 0.106280 0.000000 0.994336 0.331502 0.331502 0.331502
7348.551270 0.000000 3536.591797 0.000000 0.914248 0.000000 0.405156 0.588463 0.588463 0.588463
7329.735352 0.000000 3543.392578 0.000000 0.437198 0.000000 0.899365 0.617917 0.617917 0.617917
7340.484863 0.000000 3540.980225 0.000000 0.737965 0.000000 -0.674839 0.879938 0.879938 0.879938
7323.326660 0.000000 3548.492432 0.000000 0.997687 0.000000 -0.067970 0.706419 0.706419 0.706419
7318.060059 0.000000 3539.568115 0.000000 0.775971 0.000000 0.630769 0.560442 0.560442 0.560442
7345.250488 0.000000 3538.070801 0.000000 0.802642 0.000000 0.596462 0.513485 0.513485 0.513485
7333.606934 0.000000 3532.364014 0.000000 0.996804 0.000000 0.079886 0.688260 0.688260 0.688260
7337.911621 0.000000 3535.711914 0.000000 0.999968 0.000000 0.008031 0.698386 0.698386 0.698386
7341.484863 0.000000 3613.070801 0.000000 0.956652 0.000000 -0.291235 0.726339 0.726339 0.726339
7327.667480 0.000000 3565.257568 0.000000 0.999810 0.000000 0.019475 0.697311 0.697311 0.697311
7347.433594 0.000000 3534.792725 0.000000 0.830002 0.000000 -0.557760 0.881987 0.881987 0.881987
7345.413574 0.000000 3548.468994 0.000000 0.809333 0.000000 0.587350 0.626494 0.626494 0.626494
7319.522461 0.000000 3550.753418 0.000000 0.966988 0.000000 0.254822 0.675684 0.675684 0.675684
7308.339355 0.000000 3564.110107 0.000000 0.947815 0.000000 -0.318821 0.765780 0.765780 0.765780
7317.200684 0.000000 3544.307861 0.000000 0.185659 0.000000 0.982614 0.499244 0.499244 0.499244
7309.706543 0.000000 3565.736572 0.000000 0.974243 0.000000 -0.225503 0.746110 0.746110 0.746110
7330.490234 0.000000 3547.077881 0.000000 0.972148 0.000000 0.234366 0.680156 0.680156 0.680156
7312.974121 0.000000 3537.283203 0.000000 0.410142 0.000000 0.912022 0.463227 0.463227 0.463227
7346.545410 0.000000 3581.634277 0.000000 0.653638 0.000000 0.756808 0.629493 0.629493 0.629493
7364.898438 0.000000 3633.342041 0.000000 0.677659 0.000000 -0.735376 0.788077 0.788077 0.788077
7386.282715 0.000000 3616.373047 0.000000 0.757584 0.000000 0.652738 0.635371 0.635371 0.635371
7323.790039 0.000000 3533.630127 0.000000 0.947046 0.000000 -0.321099 0.754270 0.754270 0.754270
7348.151855 0.000000 3574.207031 0.000000 0.894479 0.000000 -0.447111 0.746984 0.746984 0.746984
7349.713379 0.000000 3547.900146 0.000000 0.472884 0.000000 0.881125 0.458809 0.458809 0.458809
7347.476074 0.000000 3549.797852 0.000000 0.845853 0.000000 0.533416 0.572178 0.572178 0.572178
7320.745605 0.000000 3537.354736 0.000000 0.686666 0.000000 -0.726973 0.836547 0.836547 0.836547
7348.592285 0.000000 3576.222168 0.000000 0.985481 0.000000 0.169787 0.681514 0.681514 0.681514
7319.897949 0.000000 3547.017090 0.000000 0.526571 0.000000 0.850131 0.577459 0.577459 0.577459
7314.742676 0.000000 3536.036621 0.000000 0.923962 0.000000 -0.382483 0.759673 0.759673 0.759673
7345.055664 0.000000 3612.913574 0.000000 0.195135 0.000000 0.980776 0.570298 0.570298 0.570298
7389.299316 0.000000 3617.645020 0.000000 0.409151 0.000000 0.912467 0.593552 0.593552 0.593552
7348.610352 0.000000 3530.565430 0.000000 0.393558 0.000000 0.919300 0.496180 0.496180 0.496180
7323.240723 0.000000 3541.748047 0.000000 0.992953 0.000000 -0.118511 0.712248 0.712248 0.712248
7351.265137 0.000000 3534.909424 0.000000 0.809530 0.000000 -0.587078 0.776756 0.776756 0.776756
7366.373535 0.000000 3532.370850 0.000000 0.942190 0.000000 0.335079 0.655215 0.655215 0.655215
7315.960449 0.000000 3559.254639 0.000000 0.540269 0.000000 -0.841492 0.880008 0.880008 0.880008
7371.168457 0.000000 3581.750732 0.000000 0.107018 0.000000 0.994257 0.559326 0.559326 0.559326
7333.427734 0.000000 3560.350098 0.000000 0.536976 0.000000 0.843598 0.349103 0.349103 0.349103
7348.569336 0.000000 3546.321289 0.000000 0.726791 0.000000 0.686859 0.530631 0.530631 0.530631
7338.905273 0.000000 3538.674805 0.000000 0.592656 0.000000 0.805456 0.475798 0.475798 0.475798
7316.416016 0.000000 3538.854004 0.000000 0.999839 0.000000 0.017919 0.697526 0.697526 0.697526
7325.999023 0.000000 3534.363037 0.000000 0.016046 0.000000 -0.999871 1.015178 1.015178 1.015178
7364.606445 0.000000 3531.924561 0.000000 0.993691 0.000000 0.112154 0.687430 0.687430 0.687430
7346.193848 0.000000 3577.847412 0.000000 0.033984 0.000000 0.999422 0.533487 0.533487 0.533487
7335.420898 0.000000 3532.642578 0.000000 0.345710 0.000000 -0.938341 0.904308 0.904308 0.904308
7312.814941 0.000000 3567.863037 0.000000 0.923330 0.000000 -0.384007 0.842577 0.842577 0.842577
7312.465820 0.000000 3532.303955 0.000000 0.851162 0.000000 0.524903 0.611154 0.611154 0.611154
7316.043945 0.000000 3533.262451 0.000000 0.280504 0.000000 -0.959853 0.902340 0.902340 0.902340
7345.394531 0.000000 3532.205566 0.000000 0.992756 0.000000 0.120145 0.676638 0.676638 0.676638
7325.735352 0.000000 3564.562256 0.000000 0.677390 0.000000 0.735624 0.574326 0.574326 0.574326
7312.623535 0.000000 3560.781494 0.000000 0.969704 0.000000 0.244284 0.643072 0.643072 0.643072
7345.012207 0.000000 3535.657471 0.000000 0.927005 0.000000 0.375049 0.595862 0.595862 0.595862
7314.719727 0.000000 3561.936768 0.000000 0.985945 0.000000 0.167070 0.671839 0.671839 0.671839
7350.503906 0.000000 3533.006592 0.000000 0.996183 0.000000 0.087285 0.690531 0.690531 0.690531
7327.301270 0.000000 3549.463867 0.000000 0.794169 0.000000 0.607697 0.633796 0.633796 0.633796
7311.322266 0.000000 3561.954590 0.000000 0.787642 0.000000 -0.616133 0.795127 0.795127 0.795127
7311.498535 0.000000 3534.407471 0.000000 0.215883 0.000000 -0.976419 0.967226 0.967226 0.967226
7333.375488 0.000000 3556.908447 0.000000 0.294438 0.000000 -0.955670 0.886715 0.886715 0.886715
7367.575195 0.000000 3530.658203 0.000000 0.126322 0.000000 -0.991989 0.939756 0.939756 0.939756
7317.688965 0.000000 3533.809082 0.000000 0.897139 0.000000 0.441748 0.628036 0.628036 0.628036
7312.864258 0.000000 3539.042480 0.000000 0.993367 0.000000 0.114984 0.684090 0.684090 0.684090
7347.000000 0.000000 3540.797852 0.000000 0.977908 0.000000 0.209037 0.666878 0.666878 0.666878
7330.629883 0.000000 3532.525146 0.000000 0.998606 0.000000 -0.052785 0.710244 0.710244 0.710244
7344.387695 0.000000 3541.905762 0.000000 0.463158 0.000000 -0.886276 0.909389 0.909389 0.909389
7315.049316 0.000000 3540.014893 0.000000 0.586342 0.000000 -0.810064 0.805611 0.805611 0.805611
7318.364746 0.000000 3559.770996 0.000000 0.981686 0.000000 -0.190504 0.720098 0.720098 0.720098
7312.119141 0.000000 3564.113770 0.000000 0.859734 0.000000 0.510742 0.463930 0.463930 0.463930
7317.230957 0.000000 3564.293457 0.000000 0.305333 0.000000 0.952246 0.530381 0.530381 0.530381
7312.104492 0.000000 3547.190430 0.000000 0.055996 0.000000 -0.998431 0.877362 0.877362 0.877362
7344.110352 0.000000 3545.571289 0.000000 0.718983 0.000000 -0.695028 0.835638 0.835638 0.835638
7324.956055 0.000000 3530.988770 0.000000 0.990746 0.000000 -0.135731 0.729266 0.729266 0.729266
7336.820801 0.000000 3541.626709 0.000000 0.820555 0.000000 -0.571567 0.796756 0.796756 0.796756
7313.766113 0.000000 3543.688721 0.000000 0.993277 0.000000 -0.115762 0.711963 0.711963 0.711963
7316.499023 0.000000 3542.755859 0.000000 0.957756 0.000000 0.287582 0.663806 0.663806 0.663806
7318.223145 0.000000 3541.365967 0.000000 0.332830 0.000000 0.942987 0.525677 0.525677 0.525677
7345.798828 0.000000 3544.811035 0.000000 0.719937 0.000000 -0.694040 0.835395 0.835395 0.835395
7316.120605 0.000000 3536.978516 0.000000 0.285092 0.000000 -0.958500 0.923987 0.923987 0.923987
7322.857422 0.000000 3535.105225 0.000000 0.797783 0.000000 -0.602944 0.775778 0.775778 0.775778
7332.613770 0.000000 3535.283691 0.000000 0.889163 0.000000 0.457590 0.641858 0.641858 0.641858
7318.849121 0.000000 3544.654053 0.000000 0.223276 0.000000 -0.974755 0.909291 0.909291 0.909291
7335.395996 0.000000 3555.177979 0.000000 0.736211 0.000000 0.676752 0.568796 0.568796 0.568796
7321.725098 0.000000 3538.696533 0.000000 0.850071 0.000000 0.526668 0.611790 0.611790 0.611790
7334.683105 0.000000 3553.720215 0.000000 0.665922 0.000000 0.746021 0.530768 0.530768 0.530768
7316.293457 0.000000 3530.971680 0.000000 0.949488 0.000000 -0.313805 0.737374 0.737374 0.737374
7346.982422 0.000000 3533.247314 0.000000 0.529320 0.000000 -0.848422 0.944301 0.944301 0.944301
7321.600586 0.000000 3541.093506 0.000000 0.902446 0.000000 -0.430802 0.754484 0.754484 0.754484
7322.092773 0.000000 3545.000000 0.000000 0.374767 0.000000 -0.927119 0.834795 0.834795 0.834795
7322.261719 0.000000 3564.445801 0.000000 0.993835 0.000000 0.110872 0.683108 0.683108 0.683108
7333.293457 0.000000 3530.633301 0.000000 0.902553 0.000000 0.430578 0.603540 0.603540 0.603540
7311.505859 0.000000 3539.976318 0.000000 0.971948 0.000000 0.235195 0.670541 0.670541 0.670541
7327.529297 0.000000 3537.614746 0.000000 0.465417 0.000000 0.885091 0.502495 0.502495 0.502495
7314.907715 0.000000 3534.458496 0.000000 0.861534 0.000000 -0.507700 0.799576 0.799576 0.799576
7333.965820 0.000000 3563.883301 0.000000 0.441225 0.000000 0.897397 0.474204 0.474204 0.474204
7329.872559 0.000000 3530.508301 0.000000 0.893736 0.000000 -0.448593 0.798368 0.798368 0.798368
7315.121582 0.000000 3548.898926 0.000000 0.358119 0.000000 -0.933676 0.853668 0.853668 0.853668
7324.750488 0.000000 3537.127686 0.000000 0.651183 0.000000 0.758921 0.578029 0.578029 0.578029
7320.210449 0.000000 3543.420654 0.000000 0.376039 0.000000 -0.926604 0.849139 0.849139 0.849139
7318.418457 0.000000 3561.427002 0.000000 0.908570 0.000000 0.417732 0.625441 0.625441 0.625441
7316.914551 0.000000 3562.359375 0.000000 0.786360 0.000000 -0.617768 0.786115 0.786115 0.786115
7331.599121 0.000000 3537.558838 0.000000 0.465447 0.000000 -0.885076 0.906994 0.906994 0.906994
7347.050781 0.000000 3546.192871 0.000000 0.979989 0.000000 0.199054 0.653423 0.653423 0.653423
7323.335449 0.000000 3532.111572 0.000000 0.848293 0.000000 0.529527 0.607353 0.607353 0.607353
7314.186523 0.000000 3558.579834 0.000000 0.962247 0.000000 -0.272176 0.749618 0.749618 0.749618
7340.500977 0.000000 3555.915527 0.000000 0.980179 0.000000 0.198114 0.667239 0.667239 0.667239
7319.211914 0.000000 3537.757324 0.000000 0.544926 0.000000 0.838484 0.458423 0.458423 0.458423
7307.459473 0.000000 3533.741699 0.000000 0.345104 0.000000 -0.938564 0.904416 0.904416 0.904416
7340.587402 0.000000 3543.803955 0.000000 0.995778 0.000000 0.091797 0.687469 0.687469 0.687469
7341.824219 0.000000 3552.052002 0.000000 0.361144 0.000000 -0.932510 0.903639 0.903639 0.903639
7343.131348 0.000000 3543.308838 0.000000 0.225241 0.000000 -0.974303 0.880801 0.880801 0.880801
7348.885742 0.000000 3549.259277 0.000000 0.857540 0.000000 -0.514417 0.817089 0.817089 0.817089
7341.597168 0.000000 3535.632080 0.000000 0.524486 0.000000 -0.851419 0.851320 0.851320 0.851320
7359.156738 0.000000 3534.367920 0.000000 0.911427 0.000000 0.411462 0.616999 0.616999 0.616999
7309.329102 0.000000 3532.364014 0.000000 0.998975 0.000000 -0.045267 0.708151 0.708151 0.708151
7361.148926 0.000000 3534.662354 0.000000 0.504603 0.000000 -0.863352 0.840199 0.840199 0.840199
7310.637695 0.000000 3566.906250 0.000000 0.092974 0.000000 -0.995669 1.358508 1.358508 1.358508
7334.409668 0.000000 3559.227539 0.000000 0.171756 0.000000 0.985139 0.411674 0.411674 0.411674
7312.839844 0.000000 3533.768311 0.000000 0.860233 0.000000 0.509901 0.613973 0.613973 0.613973
7347.530273 0.000000 3537.689697 0.000000 0.945065 0.000000 -0.326882 0.817554 0.817554 0.817554
7335.761230 0.000000 3552.362305 0.000000 0.393422 0.000000 0.919358 0.465577 0.465577 0.465577
7317.386230 0.000000 3536.097900 0.000000 0.896006 0.000000 0.444043 0.619593 0.619593 0.619593
7344.099121 0.000000 3547.852539 0.000000 0.993098 0.000000 0.117284 0.673704 0.673704 0.673704
7334.770508 0.000000 3556.460938 0.000000 0.698382 0.000000 -0.715725 0.828246 0.828246 0.828246
7329.613770 0.000000 3535.597656 0.000000 0.671026 0.000000 0.741434 0.488360 0.488360 0.488360
7309.804688 0.000000 3568.904785 0.000000 0.479567 0.000000 0.877505 0.527866 0.527866 0.527866
7311.923340 0.000000 3536.200439 0.000000 0.328162 0.000000 -0.944621 0.929043 0.929043 0.929043
7338.770996 0.000000 3534.581299 0.000000 0.862475 0.000000 -0.506099 0.789954 0.789954 0.789954
7309.173828 0.000000 3535.452393 0.000000 0.997218 0.000000 -0.074540 0.714342 0.714342 0.714342
7308.239746 0.000000 3530.939453 0.000000 0.746086 0.000000 0.665850 0.572665 0.572665 0.572665
7328.383789 0.000000 3530.552734 0.000000 0.795614 0.000000 -0.605804 0.837612 0.837612 0.837612
7335.796875 0.000000 3559.141602 0.000000 0.826094 0.000000 -0.563532 0.823452 0.823452 0.823452
7331.123535 0.000000 3563.493652 0.000000 0.911093 0.000000 -0.412200 0.819541 0.819541 0.819541
7339.709473 0.000000 3539.792236 0.000000 0.999983 0.000000 0.005806 0.698610 0.698610 0.698610
7342.254395 0.000000 3539.532959 0.000000 0.287735 0.000000 0.957710 0.317807 0.317807 0.317807
7343.992676 0.000000 3537.463867 0.000000 0.951398 0.000000 0.307964 0.613561 0.613561 0.613561
7337.500977 0.000000 3539.010010 0.000000 0.574646 0.000000 -0.818402 0.870878 0.870878 0.870878
7346.022461 0.000000 3530.491943 0.000000 0.337762 0.000000 -0.941232 0.944301 0.944301 0.944301
7344.537109 0.000000 3559.430420 0.000000 0.577574 0.000000 0.816338 0.529760 0.529760 0.529760
7338.147949 0.000000 3541.950684 0.000000 0.810454 0.000000 -0.585802 0.832345 0.832345 0.832345
7331.063965 0.000000 3534.831055 0.000000 0.928439 0.000000 -0.371485 0.771170 0.771170 0.771170
7331.701172 0.000000 3561.245605 0.000000 0.897447 0.000000 -0.441121 0.834128 0.834128 0.834128
7326.873535 0.000000 3535.425537 0.000000 0.868882 0.000000 0.495020 0.573300 0.573300 0.573300
7313.079102 0.000000 3565.583008 0.000000 0.845866 0.000000 0.533395 0.452232 0.452232 0.452232
7320.021973 0.000000 3536.133301 0.000000 0.749170 0.000000 -0.662378 0.821462 0.821462 0.821462
7326.630859 0.000000 3566.097168 0.000000 0.903298 0.000000 0.429013 0.627936 0.627936 0.627936
7328.885254 0.000000 3533.187744 0.000000 0.252936 0.000000 0.967483 0.382846 0.382846 0.382846
7315.654297 0.000000 3560.745850 0.000000 0.998828 0.000000 -0.048398 0.708123 0.708123 0.708123
7344.622559 0.000000 3539.198242 0.000000 0.955497 0.000000 -0.295000 0.787395 0.787395 0.787395
7314.220215 0.000000 3563.125732 0.000000 0.293908 0.000000 0.955834 0.470952 0.470952 0.470952
7346.391602 0.000000 3547.502686 0.000000 0.970267 0.000000 -0.242035 0.756820 0.756820 0.756820
7310.517090 0.000000 3537.187012 0.000000 0.958168 0.000000 -0.286207 0.753770 0.753770 0.753770
7340.388184 0.000000 3537.856934 0.000000 0.222543 0.000000 -0.974923 1.038818 1.038818 1.038818
7348.219238 0.000000 3533.754150 0.000000 0.947652 0.000000 0.319306 0.635253 0.635253 0.635253
7328.802246 0.000000 3564.518311 0.000000 0.586663 0.000000 -0.809831 0.861649 0.861649 0.861649
7342.183594 0.000000 3559.340820 0.000000 0.974561 0.000000 -0.224121 0.738713 0.738713 0.738713
7310.180664 0.000000 3534.576660 0.000000 0.790154 0.000000 0.612909 0.569717 0.569717 0.569717
7346.172852 0.000000 3535.151855 0.000000 0.113911 0.000000 0.993491 0.251975 0.251975 0.251975
7346.250977 0.000000 3549.476074 0.000000 0.985606 0.000000 0.169058 0.661407 0.661407 0.661407
7343.493164 0.000000 3534.985840 0.000000 0.463975 0.000000 0.885848 0.490788 0.490788 0.490788
7315.311035 0.000000 3564.657227 0.000000 0.944062 0.000000 0.329769 0.626001 0.626001 0.626001
7342.662598 0.000000 3537.676758 0.000000 0.617451 0.000000 -0.786610 0.949969 0.949969 0.949969
7330.132324 0.000000 3560.847412 0.000000 0.899722 0.000000 -0.436464 0.832606 0.832606 0.832606
7326.807617 0.000000 3532.377441 0.000000 0.984245 0.000000 -0.176808 0.744108 0.744108 0.744108
7349.641602 0.000000 3535.825928 0.000000 0.992919 0.000000 -0.118795 0.729966 0.729966 0.729966
7328.416016 0.000000 3534.455811 0.000000 0.937597 0.000000 0.347724 0.610007 0.610007 0.610007
7330.372070 0.000000 3537.325439 0.000000 0.902238 0.000000 -0.431239 0.784931 0.784931 0.784931
7341.746582 0.000000 3541.470215 0.000000 0.399349 0.000000 0.916799 0.418222 0.418222 0.418222
7310.748047 0.000000 3565.014160 0.000000 0.051281 0.000000 0.998684 0.022863 0.022863 0.022863
7337.498047 0.000000 3532.972412 0.000000 0.865733 0.000000 -0.500505 0.799850 0.799850 0.799850
7345.229004 0.000000 3536.855713 0.000000 0.924358 0.000000 -0.381525 0.829292 0.829292 0.829292
7332.362793 0.000000 3559.735107 0.000000 0.844581 0.000000 0.535428 0.526216 0.526216 0.526216
7310.795410 0.000000 3569.636230 0.000000 0.814866 0.000000 0.579649 0.549807 0.549807 0.549807
7344.053711 0.000000 3540.293945 0.000000 0.643960 0.000000 -0.765059 0.867461 0.867461 0.867461
7311.912109 0.000000 3567.028076 0.000000 0.965443 0.000000 0.260614 0.582505 0.582505 0.582505
7339.236328 0.000000 3541.411133 0.000000 0.593587 0.000000 0.804770 0.502226 0.502226 0.502226
7311.364258 0.000000 3563.151123 0.000000 0.767034 0.000000 0.641606 0.511311 0.511311 0.511311
7345.832520 0.000000 3539.239746 0.000000 0.836958 0.000000 -0.547268 0.869007 0.869007 0.869007
7313.681641 0.000000 3561.306152 0.000000 0.113712 0.000000 0.993514 0.363935 0.363935 0.363935
7324.964844 0.000000 3533.784912 0.000000 0.519713 0.000000 -0.854341 0.916592 0.916592 0.916592
7338.324219 0.000000 3536.840820 0.000000 0.776925 0.000000 -0.629593 0.847579 0.847579 0.847579
7348.495117 0.000000 3535.386230 0.000000 0.098096 0.000000 -0.995177 1.070568 1.070568 1.070568
7349.704590 0.000000 3537.370361 0.000000 0.296112 0.000000 0.955153 0.360380 0.360380 0.360380
7308.789062 0.000000 3566.554688 0.000000 0.875118 0.000000 -0.483910 0.827996 0.827996 0.827996
7346.401855 0.000000 3538.016846 0.000000 0.572615 0.000000 0.819824 0.431263 0.431263 0.431263
7344.363281 0.000000 3546.729248 0.000000 0.575771 0.000000 -0.817611 0.914128 0.914128 0.914128
7313.979492 0.000000 3567.697754 0.000000 0.533475 0.000000 0.845816 0.335323 0.335323 0.335323
7331.628906 0.000000 3562.464844 0.000000 0.280456 0.000000 -0.959867 1.061979 1.061979 1.061979
7313.749512 0.000000 3534.423828 0.000000 0.597524 0.000000 0.801851 0.483751 0.483751 0.483751
7341.347656 0.000000 3540.210449 0.000000 0.603493 0.000000 0.797368 0.475809 0.475809 0.475809
7318.630859 0.000000 3536.764893 0.000000 0.744666 0.000000 0.667438 0.522487 0.522487 0.522487
7328.018555 0.000000 3532.400879 0.000000 0.282966 0.000000 -0.959130 1.009636 1.009636 1.009636
7347.553223 0.000000 3535.984375 0.000000 0.198413 0.000000 0.980119 0.278297 0.278297 0.278297
7341.710449 0.000000 3538.270264 0.000000 0.999744 0.000000 0.022633 0.693552 0.693552 0.693552
7310.344727 0.000000 3562.627686 0.000000 0.790276 0.000000 0.612751 0.521348 0.521348 0.521348
7344.611816 0.000000 3534.576904 0.000000 0.504931 0.000000 0.863160 0.417885 0.417885 0.417885
7310.139160 0.000000 3567.859375 0.000000 0.047948 0.000000 0.998850 0.021376 0.021376 0.021376
7313.029297 0.000000 3566.810059 0.000000 0.804619 0.000000 0.593792 0.470013 0.470013 0.470013
7313.244141 0.000000 3563.687256 0.000000 0.309779 0.000000 0.950808 0.254480 0.254480 0.254480
7346.585938 0.000000 3534.217041 0.000000 0.171360 0.000000 -0.985208 1.130170 1.130170 1.130170
7347.582520 0.000000 3539.928223 0.000000 0.950566 0.000000 0.310523 0.611714 0.611714 0.611714
7394.333496 0.000000 3549.885498 0.000000 0.923672 0.000000 0.383185 0.585921 0.585921 0.585921
7332.726562 0.000000 3561.089111 0.000000 0.930523 0.000000 -0.366233 0.831054 0.831054 0.831054
7344.322754 0.000000 3536.490479 0.000000 0.158940 0.000000 0.987288 0.233897 0.233897 0.233897
7312.938477 0.000000 3564.614990 0.000000 0.203671 0.000000 -0.979039 1.301438 1.301438 1.301438
7310.638184 0.000000 3565.926514 0.000000 0.881651 0.000000 0.471902 0.480995 0.480995 0.480995
7313.885742 0.000000 3562.268311 0.000000 0.932648 0.000000 0.360788 0.569054 0.569054 0.569054
7311.212402 0.000000 3564.119629 0.000000 0.167410 0.000000 0.985887 0.074957 0.074957 0.074957
7311.674805 0.000000 3564.881836 0.000000 0.959384 0.000000 0.282104 0.572555 0.572555 0.572555
7311.186523 0.000000 3567.529297 0.000000 0.541498 0.000000 0.840702 0.255000 0.255000 0.255000
7434.593750 0.000000 3591.495117 0.000000 0.818437 0.000000 -0.574596 0.729952 0.729952 0.729952
7463.658203 0.000000 3584.168457 0.000000 0.143174 0.000000 -0.989697 0.817219 0.817219 0.817219
7399.724609 0.000000 3621.289551 0.000000 0.992415 0.000000 -0.122930 0.704954 0.704954 0.704954
7416.536133 0.000000 3605.545654 0.000000 0.936070 0.000000 0.351814 0.686178 0.686178 0.686178
7426.386230 0.000000 3531.193848 0.000000 0.761986 0.000000 0.647594 0.617521 0.617521 0.617521
7428.144043 0.000000 3571.853516 0.000000 0.993386 0.000000 -0.114826 0.700402 0.700402 0.700402
7447.797363 0.000000 3605.732422 0.000000 0.994265 0.000000 -0.106946 0.716104 0.716104 0.716104
7413.491699 0.000000 3586.737061 0.000000 0.740593 0.000000 0.671953 0.670383 0.670383 0.670383
7432.824707 0.000000 3614.680176 0.000000 0.832683 0.000000 -0.553749 0.719486 0.719486 0.719486
7447.929688 0.000000 3582.519531 0.000000 0.709031 0.000000 0.705177 0.600152 0.600152 0.600152
7401.145508 0.000000 3608.068604 0.000000 0.141391 0.000000 -0.989954 0.714983 0.714983 0.714983
7412.770996 0.000000 3619.026123 0.000000 0.101972 0.000000 0.994787 0.556271 0.556271 0.556271
7458.933594 0.000000 3620.053711 0.000000 0.899430 0.000000 0.437065 0.669171 0.669171 0.669171
7475.903320 0.000000 3619.550049 0.000000 0.409558 0.000000 0.912284 0.687954 0.687954 0.687954
7429.750488 0.000000 3602.777588 0.000000 0.064637 0.000000 -0.997909 1.005319 1.005319 1.005319
7425.384766 0.000000 3583.682129 0.000000 0.839446 0.000000 -0.543444 0.718073 0.718073 0.718073
7421.505371 0.000000 3594.696533 0.000000 0.413684 0.000000 0.910421 0.604012 0.604012 0.604012
7417.073242 0.000000 3576.106934 0.000000 0.750818 0.000000 0.660509 0.697478 0.697478 0.697478
7464.163574 0.000000 3541.435303 0.000000 0.983912 0.000000 0.178656 0.698744 0.698744 0.698744
7423.344238 0.000000 3618.735596 0.000000 0.880950 0.000000 0.473210 0.672434 0.672434 0.672434
7395.185547 0.000000 3629.875732 0.000000 0.940372 0.000000 -0.340147 0.701820 0.701820 0.701820
7403.539062 0.000000 3540.960693 0.000000 0.308362 0.000000 -0.951269 1.042776 1.042776 1.042776
7435.547852 0.000000 3582.310303 0.000000 0.955991 0.000000 0.293396 0.694796 0.694796 0.694796
7394.865234 0.000000 3614.161865 0.000000 0.402496 0.000000 0.915422 0.596920 0.596920 0.596920
7424.464844 0.000000 3610.181396 0.000000 0.855198 0.000000 -0.518301 0.719044 0.719044 0.719044
7409.410645 0.000000 3611.410400 0.000000 0.727636 0.000000 -0.685963 0.707926 0.707926 0.707926
7466.075195 0.000000 3592.398682 0.000000 0.992634 0.000000 -0.121150 0.709339 0.709339 0.709339
7407.400879 0.000000 3625.022461 0.000000 0.895070 0.000000 0.445925 0.591762 0.591762 0.591762
7414.856934 0.000000 3627.282471 0.000000 0.062277 0.000000 0.998059 0.602461 0.602461 0.602461
7456.328125 0.000000 3581.986328 0.000000 0.949420 0.000000 0.314010 0.677672 0.677672 0.677672
7394.822266 0.000000 3603.649170 0.000000 0.669190 0.000000 -0.743091 0.758556 0.758556 0.758556
7414.744629 0.000000 3598.043701 0.000000 0.997917 0.000000 0.064512 0.696841 0.696841 0.696841
7417.299316 0.000000 3612.886230 0.000000 0.048886 0.000000 -0.998804 0.737235 0.737235 0.737235
7427.375000 0.000000 3634.814209 0.000000 0.216270 0.000000 0.976333 0.655081 0.655081 0.655081
7441.188477 0.000000 3562.542236 0.000000 0.735570 0.000000 -0.677448 0.798854 0.798854 0.798854
7427.451172 0.000000 3590.616699 0.000000 0.476464 0.000000 0.879194 0.630544 0.630544 0.630544
7473.485840 0.000000 3612.454834 0.000000 0.034386 0.000000 0.999409 0.616765 0.616765 0.616765
7406.008789 0.000000 3617.527588 0.000000 0.983730 0.000000 0.179654 0.695581 0.695581 0.695581
7420.161621 0.000000 3588.031738 0.000000 0.878996 0.000000 -0.476829 0.726927 0.726927 0.726927
7477.923828 0.000000 3545.418457 0.000000 0.097925 0.000000 -0.995194 0.754048 0.754048 0.754048
7463.707520 0.000000 3561.117920 0.000000 0.411560 0.000000 0.911383 0.563739 0.563739 0.563739
7422.933594 0.000000 3603.056396 0.000000 0.400138 0.000000 0.916455 0.588588 0.588588 0.588588
7429.997070 0.000000 3596.467041 0.000000 0.901829 0.000000 -0.432093 0.705466 0.705466 0.705466
7442.143555 0.000000 3580.049805 0.000000 0.379115 0.000000 0.925350 0.518230 0.518230 0.518230
7478.480957 0.000000 3600.304199 0.000000 0.696469 0.000000 0.717587 0.635662 0.635662 0.635662
7418.887207 0.000000 3582.046143 0.000000 0.402715 0.000000 -0.915325 0.756581 0.756581 0.756581
7411.369141 0.000000 3592.477783 0.000000 0.568660 0.000000 0.822572 0.635855 0.635855 0.635855
7401.602051 0.000000 3627.364746 0.000000 0.785370 0.000000 -0.619026 0.817818 0.817818 0.817818
7430.485352 0.000000 3608.878662 0.000000 0.914034 0.000000 0.405638 0.695620 0.695620 0.695620
7400.915039 0.000000 3614.318848 0.000000 0.657920 0.000000 -0.753087 0.720863 0.720863 0.720863
7439.889160 0.000000 3594.120605 0.000000 0.831558 0.000000 -0.555438 0.777185 0.777185 0.777185
7444.918457 0.000000 3600.105469 0.000000 0.737164 0.000000 0.675714 0.604052 0.604052 0.604052
7403.410156 0.000000 3534.994141 0.000000 0.857708 0.000000 0.514137 0.681126 0.681126 0.681126
7450.789551 0.000000 3577.394043 0.000000 0.993624 0.000000 0.112745 0.690720 0.690720 0.690720
7452.798828 0.000000 3530.588623 0.000000 0.041432 0.000000 -0.999141 0.849670 0.849670 0.849670
7429.413574 0.000000 3579.139648 0.000000 0.714724 0.000000 0.699407 0.624197 0.624197 0.624197
7430.968750 0.000000 3585.968018 0.000000 0.627403 0.000000 -0.778695 0.726518 0.726518 0.726518
7398.300293 0.000000 3538.325928 0.000000 0.605324 0.000000 -0.795979 0.788488 0.788488 0.788488
7394.406738 0.000000 3548.886230 0.000000 0.709792 0.000000 0.704411 0.473261 0.473261 0.473261
7413.505859 0.000000 3581.293701 0.000000 0.555482 0.000000 -0.831529 0.727454 0.727454 0.727454
7395.882812 0.000000 3609.068848 0.000000 0.473782 0.000000 -0.880642 0.765888 0.765888 0.765888
7416.606445 0.000000 3592.080811 0.000000 0.889237 0.000000 -0.457447 0.733213 0.733213 0.733213
7425.105469 0.000000 3598.211670 0.000000 0.965858 0.000000 0.259071 0.684429 0.684429 0.684429
7435.212402 0.000000 3596.583496 0.000000 0.699916 0.000000 0.714225 0.638830 0.638830 0.638830
7419.553223 0.000000 3599.389404 0.000000 0.099051 0.000000 0.995082 0.579129 0.579129 0.579129
7412.292480 0.000000 3602.385742 0.000000 0.937122 0.000000 0.349003 0.691278 0.691278 0.691278
7436.589355 0.000000 3587.057129 0.000000 0.993212 0.000000 0.116321 0.675755 0.675755 0.675755
7454.280762 0.000000 3535.644287 0.000000 0.940181 0.000000 -0.340676 0.709720 0.709720 0.709720
7395.677734 0.000000 3618.795654 0.000000 0.283857 0.000000 0.958867 0.639463 0.639463 0.639463
7465.957031 0.000000 3624.806396 0.000000 0.855246 0.000000 -0.518223 0.779019 0.779019 0.779019
7465.097656 0.000000 3556.438232 0.000000 0.997052 0.000000 0.076727 0.693155 0.693155 0.693155
7411.830078 0.000000 3623.590332 0.000000 0.869818 0.000000 -0.493373 0.726149 0.726149 0.726149
7419.916992 0.000000 3608.996826 0.000000 0.827445 0.000000 -0.561547 0.720840 0.720840 0.720840
7426.625000 0.000000 3606.217529 0.000000 0.897197 0.000000 0.441630 0.670423 0.670423 0.670423
7421.707031 0.000000 3614.099121 0.000000 0.885265 0.000000 0.465086 0.661959 0.661959 0.661959
7468.410645 0.000000 3543.040771 0.000000 0.974154 0.000000 -0.225886 0.711946 0.711946 0.711946
7412.823730 0.000000 3614.386475 0.000000 0.300369 0.000000 -0.953823 0.726543 0.726543 0.726543
7431.934082 0.000000 3635.030273 0.000000 0.190164 0.000000 0.981752 0.666250 0.666250 0.666250
7471.744629 0.000000 3622.173828 0.000000 0.899700 0.000000 0.436508 0.658161 0.658161 0.658161
7404.259766 0.000000 3621.629395 0.000000 0.845352 0.000000 -0.534209 0.839854 0.839854 0.839854
7438.895508 0.000000 3558.598389 0.000000 0.719478 0.000000 0.694515 0.622181 0.622181 0.622181
7465.033691 0.000000 3580.046143 0.000000 0.581716 0.000000 0.813392 0.636915 0.636915 0.636915
7479.969727 0.000000 3618.287842 0.000000 0.641216 0.000000 0.767361 0.568537 0.568537 0.568537
7434.928223 0.000000 3608.890381 0.000000 0.999403 0.000000 0.034563 0.697704 0.697704 0.697704
7423.223633 0.000000 3590.916748 0.000000 0.151400 0.000000 -0.988473 0.789262 0.789262 0.789262
7408.771973 0.000000 3620.729248 0.000000 0.910240 0.000000 0.414082 0.689555 0.689555 0.689555
7466.183594 0.000000 3564.471924 0.000000 0.954308 0.000000 -0.298825 0.752502 0.752502 0.752502
7472.083984 0.000000 3618.000244 0.000000 0.460542 0.000000 -0.887638 0.929043 0.929043 0.929043
7439.489258 0.000000 3583.298340 0.000000 0.726887 0.000000 -0.686757 0.889182 0.889182 0.889182
7462.323242 0.000000 3622.828613 0.000000 0.393632 0.000000 0.919268 0.569564 0.569564 0.569564
7460.251465 0.000000 3542.434570 0.000000 0.963349 0.000000 0.268251 0.682914 0.682914 0.682914
7425.707031 0.000000 3594.235107 0.000000 0.154670 0.000000 0.987966 0.603525 0.603525 0.603525
7398.707031 0.000000 3604.958252 0.000000 0.879300 0.000000 -0.476269 0.725158 0.725158 0.725158
7443.967773 0.000000 3583.523926 0.000000 0.984981 0.000000 -0.172665 0.711524 0.711524 0.711524
7405.888672 0.000000 3593.900879 0.000000 0.695954 0.000000 -0.718087 0.718199 0.718199 0.718199
7460.335449 0.000000 3581.547119 0.000000 0.982697 0.000000 -0.185222 0.727674 0.727674 0.727674
7411.167969 0.000000 3596.410400 0.000000 0.987778 0.000000 -0.155866 0.711214 0.711214 0.711214
7415.510254 0.000000 3609.361572 0.000000 0.802374 0.000000 -0.596822 0.714529 0.714529 0.714529
7427.339844 0.000000 3575.695557 0.000000 0.823119 0.000000 -0.567869 0.716886 0.716886 0.716886
7441.856934 0.000000 3597.515381 0.000000 0.634584 0.000000 -0.772854 0.767922 0.767922 0.767922
7438.577637 0.000000 3590.412354 0.000000 0.121982 0.000000 0.992532 0.591150 0.591150 0.591150
7452.590820 0.000000 3580.819580 0.000000 0.252944 0.000000 -0.967481 0.849383 0.849383 0.849383
7430.830078 0.000000 3592.454346 0.000000 0.861634 0.000000 -0.507530 0.717675 0.717675 0.717675
7401.897949 0.000000 3618.065918 0.000000 0.411318 0.000000 0.911492 0.647888 0.647888 0.647888
7425.227051 0.000000 3587.566895 0.000000 0.846642 0.000000 -0.532164 0.727459 0.727459 0.727459
7409.735352 0.000000 3616.554688 0.000000 0.762752 0.000000 0.646691 0.681565 0.681565 0.681565
7460.574707 0.000000 3558.859131 0.000000 0.010975 0.000000 -0.999940 0.784503 0.784503 0.784503
7417.170898 0.000000 3585.668701 0.000000 0.863087 0.000000 0.505055 0.657438 0.657438 0.657438
7417.841309 0.000000 3595.851562 0.000000 0.638944 0.000000 0.769253 0.620242 0.620242 0.620242
7416.205566 0.000000 3601.654785 0.000000 0.001467 0.000000 0.999999 0.645149 0.645149 0.645149
7464.828125 0.000000 3628.355225 0.000000 0.999302 0.000000 -0.037354 0.703852 0.703852 0.703852
7475.505371 0.000000 3615.866943 0.000000 0.865061 0.000000 0.501667 0.666938 0.666938 0.666938
7422.500488 0.000000 3581.128418 0.000000 0.526983 0.000000 -0.849876 0.905913 0.905913 0.905913
7399.063965 0.000000 3611.060791 0.000000 0.760699 0.000000 0.649105 0.681482 0.681482 0.681482
7476.437500 0.000000 3603.593994 0.000000 0.750319 0.000000 -0.661076 0.736604 0.736604 0.736604
7439.416504 0.000000 3565.951172 0.000000 0.335677 0.000000 0.941977 0.669944 0.669944 0.669944
7422.709473 0.000000 3606.664551 0.000000 0.999601 0.000000 0.028259 0.698568 0.698568 0.698568
7397.343750 0.000000 3546.853027 0.000000 0.962528 0.000000 -0.271183 0.711038 0.711038 0.711038
7421.901367 0.000000 3584.782715 0.000000 0.801854 0.000000 0.597520 0.673140 0.673140 0.673140
7428.870117 0.000000 3582.924072 0.000000 0.189867 0.000000 0.981810 0.659009 0.659009 0.659009
7461.493164 0.000000 3539.097656 0.000000 0.007633 0.000000 0.999971 0.659024 0.659024 0.659024
7419.495117 0.000000 3603.390381 0.000000 0.407843 0.000000 -0.913052 0.756307 0.756307 0.756307
7447.739746 0.000000 3602.110840 0.000000 0.999495 0.000000 0.031772 0.694558 0.694558 0.694558
7397.780273 0.000000 3616.066406 0.000000 0.176403 0.000000 -0.984318 0.782797 0.782797 0.782797
7426.245117 0.000000 3601.686035 0.000000 0.142745 0.000000 0.989759 0.612683 0.612683 0.612683
7401.834961 0.000000 3538.009766 0.000000 0.330378 0.000000 -0.943849 0.874691 0.874691 0.874691
7426.175781 0.000000 3579.989258 0.000000 0.816269 0.000000 -0.577672 0.727984 0.727984 0.727984
7464.315430 0.000000 3589.067139 0.000000 0.824780 0.000000 0.565454 0.528806 0.528806 0.528806
7401.838867 0.000000 3624.090088 0.000000 0.219420 0.000000 -0.975630 0.959435 0.959435 0.959435
7414.708008 0.000000 3594.749023 0.000000 0.877349 0.000000 0.479853 0.654519 0.654519 0.654519
7431.591797 0.000000 3605.768555 0.000000 0.985321 0.000000 0.170713 0.668521 0.668521 0.668521
7413.879883 0.000000 3590.201416 0.000000 0.264302 0.000000 -0.964440 0.759219 0.759219 0.759219
7433.422363 0.000000 3588.340088 0.000000 0.990450 0.000000 -0.137875 0.703867 0.703867 0.703867
7462.018066 0.000000 3555.499023 0.000000 0.894681 0.000000 0.446706 0.674913 0.674913 0.674913
7396.945312 0.000000 3551.026123 0.000000 0.479771 0.000000 0.877394 0.419407 0.419407 0.419407
7449.673340 0.000000 3531.760010 0.000000 0.608055 0.000000 -0.793895 0.808995 0.808995 0.808995
7430.289062 0.000000 3589.121826 0.000000 0.257291 0.000000 0.966334 0.651903 0.651903 0.651903
7461.224121 0.000000 3586.284668 0.000000 0.922995 0.000000 0.384812 0.672388 0.672388 0.672388
7429.162109 0.000000 3599.542236 0.000000 0.665737 0.000000 -0.746186 0.857506 0.857506 0.857506
7420.085938 0.000000 3591.568359 0.000000 0.948611 0.000000 0.316445 0.680306 0.680306 0.680306
7409.031250 0.000000 3590.312744 0.000000 0.923721 0.000000 -0.383067 0.716488 0.716488 0.716488
7417.205078 0.000000 3589.018799 0.000000 0.781613 0.000000 0.623764 0.664688 0.664688 0.664688
7453.874023 0.000000 3576.375732 0.000000 0.959769 0.000000 0.280792 0.653742 0.653742 0.653742
7433.414062 0.000000 3611.611572 0.000000 0.414531 0.000000 0.910035 0.628067 0.628067 0.628067
7436.731934 0.000000 3593.890381 0.000000 0.829997 0.000000 0.557768 0.572814 0.572814 0.572814
7402.229492 0.000000 3630.409668 0.000000 0.840266 0.000000 0.542175 0.622892 0.622892 0.622892
7427.606445 0.000000 3609.973389 0.000000 0.112657 0.000000 0.993634 0.615923 0.615923 0.615923
7408.860840 0.000000 3594.447266 0.000000 0.391150 0.000000 0.920327 0.606032 0.606032 0.606032
7480.840332 0.000000 3606.602539 0.000000 0.723925 0.000000 0.689879 0.570944 0.570944 0.570944
7445.228027 0.000000 3580.764893 0.000000 0.849484 0.000000 -0.527614 0.740794 0.740794 0.740794
7427.857422 0.000000 3585.844727 0.000000 0.603282 0.000000 0.797528 0.664506 0.664506 0.664506
7404.490234 0.000000 3532.074951 0.000000 0.249071 0.000000 -0.968485 0.836006 0.836006 0.836006
7422.519531 0.000000 3599.953857 0.000000 0.703016 0.000000 0.711174 0.629486 0.629486 0.629486
7400.407227 0.000000 3540.669922 0.000000 0.687386 0.000000 0.726293 0.628968 0.628968 0.628968
7432.648926 0.000000 3595.039307 0.000000 0.260034 0.000000 -0.965600 0.871404 0.871404 0.871404
7478.448242 0.000000 3533.581787 0.000000 0.965293 0.000000 -0.261169 0.745715 0.745715 0.745715
7411.928711 0.000000 3599.346436 0.000000 0.812318 0.000000 -0.583215 0.729381 0.729381 0.729381
7429.771973 0.000000 3633.016846 0.000000 0.818350 0.000000 -0.574721 0.728889 0.728889 0.728889
7464.959473 0.000000 3621.388184 0.000000 0.053559 0.000000 -0.998565 0.768938 0.768938 0.768938
7416.080078 0.000000 3582.749512 0.000000 0.779888 0.000000 -0.625919 0.744913 0.744913 0.744913
7405.679199 0.000000 3543.016846 0.000000 0.857699 0.000000 -0.514152 0.776442 0.776442 0.776442
7453.906250 0.000000 3560.930176 0.000000 0.562998 0.000000 0.826458 0.552098 0.552098 0.552098
7472.004395 0.000000 3614.951660 0.000000 0.357074 0.000000 -0.934076 0.923342 0.923342 0.923342
7448.917969 0.000000 3570.582031 0.000000 0.908585 0.000000 0.417700 0.684186 0.684186 0.684186
7450.802734 0.000000 3563.328125 0.000000 0.749964 0.000000 0.661479 0.652001 0.652001 0.652001
7412.509766 0.000000 3583.984863 0.000000 0.917377 0.000000 -0.398018 0.717169 0.717169 0.717169
7458.108398 0.000000 3579.828613 0.000000 0.721701 0.000000 -0.692205 0.742755 0.742755 0.742755
7479.607422 0.000000 3621.093750 0.000000 0.099066 0.000000 0.995081 0.602276 0.602276 0.602276
7419.413086 0.000000 3606.266602 0.000000 0.964400 0.000000 -0.264446 0.710757 0.710757 0.710757
7475.229980 0.000000 3533.078857 0.000000 0.975275 0.000000 -0.220994 0.727649 0.727649 0.727649
7396.351074 0.000000 3606.361328 0.000000 0.994613 0.000000 0.103660 0.693467 0.693467 0.693467
7399.163574 0.000000 3624.607666 0.000000 0.938047 0.000000 0.346509 0.680212 0.680212 0.680212
7477.258789 0.000000 3548.270996 0.000000 0.972448 0.000000 0.233118 0.689721 0.689721 0.689721
7410.406738 0.000000 3625.875000 0.000000 0.972520 0.000000 0.232819 0.674540 0.674540 0.674540
7432.354980 0.000000 3597.884277 0.000000 0.665633 0.000000 -0.746279 0.755946 0.755946 0.755946
7398.332520 0.000000 3602.314209 0.000000 0.997923 0.000000 -0.064423 0.702704 0.702704 0.702704
7413.830078 0.000000 3621.524902 0.000000 0.635842 0.000000 -0.771819 0.820186 0.820186 0.820186
7428.302734 0.000000 3593.447021 0.000000 0.729979 0.000000 0.683469 0.661863 0.661863 0.661863
7442.155762 0.000000 3565.139160 0.000000 0.049375 0.000000 0.998780 0.622895 0.622895 0.622895
7398.520020 0.000000 3618.734375 0.000000 0.586278 0.000000 -0.810110 0.741258 0.741258 0.741258
7421.592773 0.000000 3597.422607 0.000000 0.746067 0.000000 -0.665871 0.764943 0.764943 0.764943
7397.433105 0.000000 3613.185059 0.000000 0.031615 0.000000 -0.999500 0.788765 0.788765 0.788765
7436.962891 0.000000 3560.616699 0.000000 0.708236 0.000000 0.705976 0.653428 0.653428 0.653428
7438.981445 0.000000 3585.923340 0.000000 0.240628 0.000000 -0.970617 0.804419 0.804419 0.804419
7423.675293 0.000000 3616.052734 0.000000 0.948246 0.000000 0.317535 0.644095 0.644095 0.644095
7450.579102 0.000000 3582.585938 0.000000 0.781502 0.000000 0.623902 0.625824 0.625824 0.625824
7455.612793 0.000000 3537.846436 0.000000 0.990799 0.000000 -0.135343 0.725149 0.725149 0.725149
7394.343750 0.000000 3611.393555 0.000000 0.739217 0.000000 -0.673467 0.743903 0.743903 0.743903
7406.352539 0.000000 3620.014893 0.000000 0.859915 0.000000 -0.510437 0.742128 0.742128 0.742128
7406.765137 0.000000 3622.540039 0.000000 0.330940 0.000000 -0.943652 1.083704 1.083704 1.083704
7406.473633 0.000000 3533.626465 0.000000 0.881582 0.000000 0.472031 0.639004 0.639004 0.639004
7477.947266 0.000000 3616.586670 0.000000 0.156508 0.000000 -0.987677 0.880343 0.880343 0.880343
7425.700195 0.000000 3570.557861 0.000000 0.000218 0.000000 -1.000000 0.809789 0.809789 0.809789
7411.306641 0.000000 3621.116211 0.000000 0.609895 0.000000 -0.792482 0.799126 0.799126 0.799126
7422.727051 0.000000 3587.202148 0.000000 0.085045 0.000000 0.996377 0.627304 0.627304 0.627304
7474.127930 0.000000 3530.709717 0.000000 0.056861 0.000000 -0.998382 0.956630 0.956630 0.956630
7436.860352 0.000000 3584.478760 0.000000 0.815242 0.000000 -0.579121 0.878100 0.878100 0.878100
7463.449219 0.000000 3625.221436 0.000000 0.532348 0.000000 0.846526 0.632966 0.632966 0.632966
7423.820312 0.000000 3595.925537 0.000000 0.658469 0.000000 -0.752608 0.769981 0.769981 0.769981
7394.433105 0.000000 3616.589111 0.000000 0.964295 0.000000 0.264829 0.680796 0.680796 0.680796
7417.117188 0.000000 3599.018555 0.000000 0.512070 0.000000 -0.858944 0.759585 0.759585 0.759585
7425.288574 0.000000 3604.065430 0.000000 0.109268 0.000000 -0.994012 0.830242 0.830242 0.830242
7464.314941 0.000000 3594.211182 0.000000 0.756008 0.000000 0.654563 0.652611 0.652611 0.652611
7464.338867 0.000000 3586.592041 0.000000 0.491489 0.000000 -0.870884 0.930899 0.930899 0.930899
7409.370117 0.000000 3623.544922 0.000000 0.801164 0.000000 0.598445 0.648426 0.648426 0.648426
7473.486328 0.000000 3619.982422 0.000000 0.739083 0.000000 -0.673615 0.854994 0.854994 0.854994
7436.199707 0.000000 3589.520508 0.000000 0.996330 0.000000 0.085600 0.680978 0.680978 0.680978
7418.587891 0.000000 3593.534180 0.000000 0.586931 0.000000 0.809637 0.634044 0.634044 0.634044
7419.508789 0.000000 3584.476562 0.000000 0.392034 0.000000 -0.919951 0.767356 0.767356 0.767356
7461.663086 0.000000 3620.318848 0.000000 0.809027 0.000000 0.587772 0.585807 0.585807 0.585807
7413.017578 0.000000 3625.718506 0.000000 0.941501 0.000000 0.337011 0.681378 0.681378 0.681378
7402.015625 0.000000 3620.505371 0.000000 0.089405 0.000000 -0.995995 0.907092 0.907092 0.907092
7425.872070 0.000000 3619.609619 0.000000 0.816698 0.000000 0.577065 0.583901 0.583901 0.583901
7404.134277 0.000000 3619.155273 0.000000 0.725085 0.000000 0.688659 0.641589 0.641589 0.641589
7439.222168 0.000000 3561.209229 0.000000 0.502226 0.000000 0.864736 0.495536 0.495536 0.495536
7433.829590 0.000000 3606.785645 0.000000 0.400191 0.000000 -0.916432 0.886353 0.886353 0.886353
7463.013672 0.000000 3581.916016 0.000000 0.986204 0.000000 -0.165536 0.730225 0.730225 0.730225
7423.430664 0.000000 3593.322021 0.000000 0.014566 0.000000 -0.999894 0.814225 0.814225 0.814225
7410.271973 0.000000 3618.838135 0.000000 0.018072 0.000000 -0.999837 0.944216 0.944216 0.944216
7425.374512 0.000000 3591.911865 0.000000 0.712652 0.000000 0.701518 0.649725 0.649725 0.649725
7427.615723 0.000000 3603.955322 0.000000 0.947357 0.000000 -0.320178 0.718226 0.718226 0.718226
7424.927246 0.000000 3607.901123 0.000000 0.320675 0.000000 -0.947189 0.810905 0.810905 0.810905
7414.980957 0.000000 3584.851074 0.000000 0.263510 0.000000 -0.964657 0.788884 0.788884 0.788884
7424.120117 0.000000 3531.683838 0.000000 0.996046 0.000000 -0.088834 0.710260 0.710260 0.710260
7434.857422 0.000000 3613.529785 0.000000 0.027042 0.000000 -0.999634 0.988668 0.988668 0.988668
7414.246582 0.000000 3592.495361 0.000000 0.988666 0.000000 0.150131 0.689466 0.689466 0.689466
7471.224609 0.000000 3612.820312 0.000000 0.962166 0.000000 -0.272463 0.722183 0.722183 0.722183
7421.239746 0.000000 3604.900635 0.000000 0.241360 0.000000 -0.970436 0.776530 0.776530 0.776530
7480.546875 0.000000 3578.924072 0.000000 0.907615 0.000000 0.419804 0.654574 0.654574 0.654574
7420.858398 0.000000 3601.465820 0.000000 0.957463 0.000000 0.288557 0.674422 0.674422 0.674422
7432.668945 0.000000 3609.314697 0.000000 0.935145 0.000000 -0.354265 0.746831 0.746831 0.746831
7478.351074 0.000000 3604.826416 0.000000 0.948261 0.000000 -0.317492 0.764366 0.764366 0.764366
7439.168457 0.000000 3563.424805 0.000000 0.056967 0.000000 -0.998376 0.819047 0.819047 0.819047
7412.566406 0.000000 3594.332031 0.000000 0.617782 0.000000 -0.786349 0.779067 0.779067 0.779067
7474.407227 0.000000 3617.963379 0.000000 0.969565 0.000000 -0.244833 0.738904 0.738904 0.738904
7418.440430 0.000000 3601.390869 0.000000 0.605569 0.000000 -0.795793 0.761116 0.761116 0.761116
7468.375000 0.000000 3564.474365 0.000000 0.499808 0.000000 0.866136 0.624951 0.624951 0.624951
7434.599121 0.000000 3594.084717 0.000000 0.751835 0.000000 -0.659351 0.806945 0.806945 0.806945
7426.627930 0.000000 3573.533447 0.000000 0.858082 0.000000 -0.513512 0.779164 0.779164 0.779164
7429.386719 0.000000 3576.478271 0.000000 0.833362 0.000000 0.552728 0.613007 0.613007 0.613007
7405.770020 0.000000 3535.673340 0.000000 0.999843 0.000000 0.017712 0.698112 0.698112 0.698112
7403.530762 0.000000 3628.545410 0.000000 0.581773 0.000000 0.813351 0.615339 0.615339 0.615339
7478.070312 0.000000 3619.572021 0.000000 0.898467 0.000000 -0.439040 0.768312 0.768312 0.768312
7428.145996 0.000000 3580.870850 0.000000 0.240730 0.000000 0.970592 0.539904 0.539904 0.539904
7442.240234 0.000000 3582.149170 0.000000 0.923437 0.000000 -0.383751 0.726155 0.726155 0.726155
7424.589844 0.000000 3581.452393 0.000000 0.905989 0.000000 0.423301 0.619796 0.619796 0.619796
7400.127930 0.000000 3628.958984 0.000000 0.827008 0.000000 0.562190 0.621748 0.621748 0.621748
7462.403809 0.000000 3588.091797 0.000000 0.851649 0.000000 -0.524112 0.747241 0.747241 0.747241
7437.839844 0.000000 3582.010498 0.000000 0.615721 0.000000 -0.787964 0.853835 0.853835 0.853835
7394.458984 0.000000 3607.166748 0.000000 0.731112 0.000000 0.682258 0.646201 0.646201 0.646201
7443.983887 0.000000 3598.250977 0.000000 0.704612 0.000000 0.709593 0.637958 0.637958 0.637958
7446.217285 0.000000 3583.803711 0.000000 0.817293 0.000000 -0.576222 0.778343 0.778343 0.778343
7425.689453 0.000000 3533.165771 0.000000 0.408799 0.000000 0.912624 0.585480 0.585480 0.585480
7436.998535 0.000000 3591.733887 0.000000 0.406430 0.000000 0.913682 0.341569 0.341569 0.341569
7413.223145 0.000000 3596.315918 0.000000 0.119621 0.000000 0.992820 0.593507 0.593507 0.593507
7424.486816 0.000000 3600.617676 0.000000 0.457512 0.000000 0.889203 0.621499 0.621499 0.621499
7458.486816 0.000000 3558.853271 0.000000 0.819990 0.000000 0.572378 0.649946 0.649946 0.649946
7450.434570 0.000000 3575.388184 0.000000 0.923201 0.000000 0.384318 0.624859 0.624859 0.624859
7463.712402 0.000000 3543.420654 0.000000 0.898153 0.000000 0.439683 0.626011 0.626011 0.626011
7473.980957 0.000000 3614.426514 0.000000 0.852174 0.000000 0.523259 0.597992 0.597992 0.597992
7459.785645 0.000000 3540.274170 0.000000 0.986235 0.000000 -0.165352 0.714805 0.714805 0.714805
7419.594238 0.000000 3597.082520 0.000000 0.459907 0.000000 -0.887967 0.795497 0.795497 0.795497
7452.010742 0.000000 3561.691162 0.000000 0.998742 0.000000 -0.050145 0.707627 0.707627 0.707627
7396.810059 0.000000 3604.150391 0.000000 0.484313 0.000000 -0.874895 0.783770 0.783770 0.783770
7440.178711 0.000000 3596.183105 0.000000 0.378683 0.000000 -0.925526 0.790921 0.790921 0.790921
7478.147461 0.000000 3602.419189 0.000000 0.564308 0.000000 0.825565 0.547247 0.547247 0.547247
7435.353516 0.000000 3610.905762 0.000000 0.725567 0.000000 0.688151 0.587264 0.587264 0.587264
7464.396973 0.000000 3623.419434 0.000000 0.532596 0.000000 0.846370 0.601242 0.601242 0.601242
7450.802246 0.000000 3571.210693 0.000000 0.541234 0.000000 0.840872 0.534163 0.534163 0.534163
7400.671387 0.000000 3631.666748 0.000000 0.915046 0.000000 -0.403349 0.734101 0.734101 0.734101
7438.332031 0.000000 3595.370605 0.000000 0.665683 0.000000 0.746234 0.589589 0.589589 0.589589
7416.705566 0.000000 3594.122803 0.000000 0.508733 0.000000 -0.860924 0.794244 0.794244 0.794244
7396.476074 0.000000 3548.746094 0.000000 0.261516 0.000000 0.965199 0.421511 0.421511 0.421511
7429.725098 0.000000 3604.747314 0.000000 0.449317 0.000000 0.893373 0.589949 0.589949 0.589949
7470.191895 0.000000 3623.548828 0.000000 0.980357 0.000000 -0.197230 0.718388 0.718388 0.718388
7428.256836 0.000000 3601.491699 0.000000 0.886850 0.000000 0.462058 0.607667 0.607667 0.607667
7465.362793 0.000000 3558.324463 0.000000 0.508657 0.000000 0.860969 0.406368 0.406368 0.406368
7399.966309 0.000000 3537.283203 0.000000 0.677142 0.000000 -0.735853 0.769366 0.769366 0.769366
7462.158691 0.000000 3559.926514 0.000000 0.278557 0.000000 -0.960420 0.808085 0.808085 0.808085
7428.466797 0.000000 3574.057861 0.000000 0.902721 0.000000 0.430227 0.610619 0.610619 0.610619
7444.009766 0.000000 3601.806152 0.000000 0.991190 0.000000 -0.132450 0.717179 0.717179 0.717179
7473.956543 0.000000 3623.942383 0.000000 0.999527 0.000000 -0.030759 0.703602 0.703602 0.703602
7419.584473 0.000000 3595.139648 0.000000 0.350379 0.000000 -0.936608 0.808095 0.808095 0.808095
7424.300293 0.000000 3605.690430 0.000000 0.325478 0.000000 -0.945550 0.810453 0.810453 0.810453
7465.139160 0.000000 3626.470215 0.000000 0.776697 0.000000 0.629875 0.579730 0.579730 0.579730
7476.291504 0.000000 3617.645020 0.000000 0.933571 0.000000 -0.358392 0.746762 0.746762 0.746762
7400.336426 0.000000 3623.068359 0.000000 0.819280 0.000000 0.573394 0.613561 0.613561 0.613561
7438.443848 0.000000 3592.851562 0.000000 0.312923 0.000000 -0.949779 0.894812 0.894812 0.894812
7402.547852 0.000000 3622.322021 0.000000 0.954064 0.000000 -0.299603 0.731905 0.731905 0.731905
7445.940918 0.000000 3601.750000 0.000000 0.157543 0.000000 0.987512 0.517322 0.517322 0.517322
7458.160645 0.000000 3581.750732 0.000000 0.931980 0.000000 -0.362510 0.757049 0.757049 0.757049
7412.006836 0.000000 3627.276367 0.000000 0.906754 0.000000 -0.421661 0.777590 0.777590 0.777590
7450.177246 0.000000 3561.367676 0.000000 0.731239 0.000000 -0.682121 0.781334 0.781334 0.781334
7408.698730 0.000000 3626.536377 0.000000 0.776879 0.000000 0.629650 0.516696 0.516696 0.516696
7423.334473 0.000000 3598.011963 0.000000 0.925152 0.000000 -0.379597 0.734702 0.734702 0.734702
7451.598633 0.000000 3531.924561 0.000000 0.829730 0.000000 -0.558165 0.809696 0.809696 0.809696
7447.003418 0.000000 3603.786133 0.000000 0.562266 0.000000 -0.826957 0.866754 0.866754 0.866754
7465.652344 0.000000 3587.811523 0.000000 0.470625 0.000000 -0.882333 0.936098 0.936098 0.936098
7403.036133 0.000000 3533.262451 0.000000 0.286586 0.000000 -0.958054 0.910291 0.910291 0.910291
7452.082031 0.000000 3576.173340 0.000000 0.825678 0.000000 0.564142 0.602583 0.602583 0.602583
7449.136719 0.000000 3581.257812 0.000000 0.987847 0.000000 -0.155428 0.718000 0.718000 0.718000
7404.681152 0.000000 3533.809082 0.000000 0.341337 0.000000 0.939941 0.573956 0.573956 0.573956
7463.328613 0.000000 3620.732666 0.000000 0.998787 0.000000 0.049244 0.691477 0.691477 0.691477
7463.388672 0.000000 3556.626465 0.000000 0.793311 0.000000 -0.608817 0.790369 0.790369 0.790369
7402.041504 0.000000 3540.014893 0.000000 0.009530 0.000000 -0.999955 1.125637 1.125637 1.125637
7395.234863 0.000000 3550.462891 0.000000 0.642806 0.000000 0.766029 0.506323 0.506323 0.506323
7458.862793 0.000000 3560.531250 0.000000 0.007348 0.000000 0.999973 0.503278 0.503278 0.503278
7440.478027 0.000000 3581.771973 0.000000 0.339691 0.000000 -0.940537 0.824086 0.824086 0.824086
7477.019531 0.000000 3532.592041 0.000000 0.801334 0.000000 0.598217 0.595777 0.595777 0.595777
7440.604980 0.000000 3564.456299 0.000000 0.425146 0.000000 -0.905125 0.921502 0.921502 0.921502
7465.083008 0.000000 3563.188721 0.000000 0.876556 0.000000 -0.481301 0.778978 0.778978 0.778978
7434.429688 0.000000 3615.198242 0.000000 0.330332 0.000000 0.943865 0.559810 0.559810 0.559810
7448.337402 0.000000 3530.802246 0.000000 0.771253 0.000000 -0.636528 0.781995 0.781995 0.781995
7431.259766 0.000000 3604.155518 0.000000 0.990010 0.000000 -0.141000 0.725959 0.725959 0.725959
7476.687988 0.000000 3546.669434 0.000000 0.299608 0.000000 0.954062 0.443253 0.443253 0.443253
7443.761719 0.000000 3581.512207 0.000000 0.686428 0.000000 -0.727198 0.825218 0.825218 0.825218
7455.806152 0.000000 3536.179688 0.000000 0.984413 0.000000 0.175875 0.667250 0.667250 0.667250
7473.543945 0.000000 3545.501709 0.000000 0.547362 0.000000 -0.836896 0.906213 0.906213 0.906213
7450.819336 0.000000 3530.545410 0.000000 0.810250 0.000000 0.586084 0.583997 0.583997 0.583997
7445.458008 0.000000 3582.328125 0.000000 0.261232 0.000000 -0.965276 0.878091 0.878091 0.878091
7424.875488 0.000000 3618.339600 0.000000 0.919976 0.000000 0.391974 0.623980 0.623980 0.623980
7400.775391 0.000000 3625.294678 0.000000 0.935569 0.000000 0.353144 0.630617 0.630617 0.630617
7426.125977 0.000000 3572.066162 0.000000 0.093074 0.000000 0.995659 0.483095 0.483095 0.483095
7451.919922 0.000000 3572.725342 0.000000 0.838192 0.000000 -0.545375 0.813912 0.813912 0.813912
7405.185547 0.000000 3622.916016 0.000000 0.969631 0.000000 0.244571 0.630050 0.630050 0.630050
7435.800781 0.000000 3595.128418 0.000000 0.554836 0.000000 0.831960 0.554036 0.554036 0.554036
7399.495117 0.000000 3636.942383 0.000000 0.932218 0.000000 -0.361896 0.766007 0.766007 0.766007
7441.289551 0.000000 3594.822754 0.000000 0.810548 0.000000 -0.585672 0.789665 0.789665 0.789665
7471.857910 0.000000 3545.192871 0.000000 0.989474 0.000000 0.144711 0.672591 0.672591 0.672591
7473.199707 0.000000 3621.539795 0.000000 0.050407 0.000000 -0.998729 0.963040 0.963040 0.963040
7401.684082 0.000000 3628.959229 0.000000 0.882088 0.000000 0.471084 0.635708 0.635708 0.635708
7427.542969 0.000000 3570.458740 0.000000 0.998524 0.000000 -0.054317 0.707598 0.707598 0.707598
7456.424805 0.000000 3539.230469 0.000000 0.999823 0.000000 -0.018826 0.702797 0.702797 0.702797
7434.034668 0.000000 3610.150391 0.000000 0.992624 0.000000 0.121237 0.681946 0.681946 0.681946
7479.419434 0.000000 3532.254150 0.000000 0.848278 0.000000 -0.529551 0.796552 0.796552 0.796552
7408.984863 0.000000 3625.037842 0.000000 0.796007 0.000000 0.605288 0.519352 0.519352 0.519352
7478.140137 0.000000 3549.546143 0.000000 0.678430 0.000000 0.734665 0.532721 0.532721 0.532721
7405.744141 0.000000 3621.397217 0.000000 0.728548 0.000000 0.684994 0.512742 0.512742 0.512742
7464.913574 0.000000 3585.201172 0.000000 0.975947 0.000000 -0.218009 0.734183 0.734183 0.734183
7422.611328 0.000000 3617.360840 0.000000 0.078308 0.000000 0.996929 0.441797 0.441797 0.441797
7472.011230 0.000000 3619.682861 0.000000 0.449052 0.000000 0.893506 0.468251 0.468251 0.468251
7464.590820 0.000000 3590.580566 0.000000 0.930878 0.000000 0.365331 0.583663 0.583663 0.583663
7460.166504 0.000000 3620.967529 0.000000 0.503455 0.000000 0.864022 0.510399 0.510399 0.510399
7455.604980 0.000000 3561.062012 0.000000 0.447715 0.000000 -0.894176 0.908856 0.908856 0.908856
7475.398926 0.000000 3531.478760 0.000000 0.381170 0.000000 0.924505 0.500017 0.500017 0.500017
7467.258789 0.000000 3565.493652 0.000000 0.618537 0.000000 0.785756 0.543613 0.543613 0.543613
7429.698242 0.000000 3601.254150 0.000000 0.200491 0.000000 0.979695 0.436843 0.436843 0.436843
7471.270508 0.000000 3625.775635 0.000000 0.999876 0.000000 0.015739 0.697387 0.697387 0.697387
7437.498535 0.000000 3585.791992 0.000000 0.925627 0.000000 -0.378437 0.811911 0.811911 0.811911
7478.211914 0.000000 3618.100098 0.000000 0.786708 0.000000 -0.617326 0.799995 0.799995 0.799995
7411.486328 0.000000 3618.004639 0.000000 0.918047 0.000000 -0.396471 0.764119 0.764119 0.764119
7452.672363 0.000000 3560.019043 0.000000 0.873029 0.000000 0.487668 0.622548 0.622548 0.622548
7443.924805 0.000000 3580.080322 0.000000 0.100118 0.000000 -0.994976 0.926146 0.926146 0.926146
7424.359863 0.000000 3619.747559 0.000000 0.982724 0.000000 -0.185079 0.735134 0.735134 0.735134
7436.833984 0.000000 3583.030518 0.000000 0.861714 0.000000 -0.507394 0.790209 0.790209 0.790209
7464.723633 0.000000 3592.807617 0.000000 0.941188 0.000000 -0.337885 0.801193 0.801193 0.801193
7461.285645 0.000000 3621.868408 0.000000 0.045177 0.000000 -0.998979 0.977277 0.977277 0.977277
7411.518555 0.000000 3619.724609 0.000000 0.484236 0.000000 0.874937 0.532446 0.532446 0.532446
7409.793945 0.000000 3627.404297 0.000000 0.089633 0.000000 0.995975 0.301410 0.301410 0.301410
7461.687988 0.000000 3580.988281 0.000000 0.070791 0.000000 0.997491 0.477191 0.477191 0.477191
7435.578125 0.000000 3612.353027 0.000000 0.979484 0.000000 -0.201522 0.737943 0.737943 0.737943
7463.582520 0.000000 3580.277832 0.000000 0.006440 0.000000 0.999979 0.415680 0.415680 0.415680
7413.496582 0.000000 3627.023926 0.000000 0.226453 0.000000 0.974022 0.460719 0.460719 0.460719
7406.370117 0.000000 3623.946777 0.000000 0.829395 0.000000 0.558663 0.515606 0.515606 0.515606
7402.666992 0.000000 3619.290039 0.000000 0.999940 0.000000 -0.010927 0.702330 0.702330 0.702330
7437.623535 0.000000 3589.376465 0.000000 0.509558 0.000000 -0.860436 0.929961 0.929961 0.929961
7459.230957 0.000000 3580.676514 0.000000 0.792980 0.000000 0.609248 0.599252 0.599252 0.599252
7426.096191 0.000000 3581.465332 0.000000 0.994007 0.000000 0.109315 0.676838 0.676838 0.676838
7443.246094 0.000000 3597.077148 0.000000 0.109964 0.000000 0.993936 0.431983 0.431983 0.431983
7404.929199 0.000000 3620.298828 0.000000 0.043186 0.000000 -0.999067 1.079084 1.079084 1.079084
7453.932129 0.000000 3577.941650 0.000000 0.756137 0.000000 0.654413 0.584053 0.584053 0.584053
7465.719238 0.000000 3593.972656 0.000000 0.984361 0.000000 0.176162 0.648009 0.648009 0.648009
7463.011230 0.000000 3542.177246 0.000000 0.878666 0.000000 0.477437 0.619105 0.619105 0.619105
7465.026855 0.000000 3543.117920 0.000000 0.367770 0.000000 0.929917 0.455828 0.455828 0.455828
7451.362305 0.000000 3574.402100 0.000000 0.916477 0.000000 0.400088 0.621593 0.621593 0.621593
7463.766113 0.000000 3587.850830 0.000000 0.688362 0.000000 -0.725368 0.865939 0.865939 0.865939
7397.359375 0.000000 3549.772461 0.000000 0.999997 0.000000 0.002418 0.699485 0.699485 0.699485
7454.651367 0.000000 3536.915039 0.000000 0.607323 0.000000 -0.794455 0.870074 0.870074 0.870074
7397.743652 0.000000 3548.093506 0.000000 0.235468 0.000000 -0.971882 0.984223 0.984223 0.984223
7423.218750 0.000000 3530.594482 0.000000 0.466109 0.000000 -0.884727 0.912544 0.912544 0.912544
7430.283203 0.000000 3605.944092 0.000000 0.871934 0.000000 -0.489624 0.793887 0.793887 0.793887
7423.910645 0.000000 3617.341553 0.000000 0.813705 0.000000 -0.581278 0.807318 0.807318 0.807318
7429.292480 0.000000 3575.143066 0.000000 0.696379 0.000000 0.717675 0.539130 0.539130 0.539130
7403.291016 0.000000 3618.106934 0.000000 0.477702 0.000000 -0.878522 0.928718 0.928718 0.928718
7436.942871 0.000000 3588.282471 0.000000 0.325138 0.000000 -0.945666 0.975129 0.975129 0.975129
7473.213379 0.000000 3618.650391 0.000000 0.806009 0.000000 0.591904 0.567166 0.567166 0.567166
7462.933594 0.000000 3586.891846 0.000000 0.378900 0.000000 0.925438 0.458281 0.458281 0.458281
7478.900391 0.000000 3605.977539 0.000000 0.992262 0.000000 -0.124164 0.724800 0.724800 0.724800
7428.826172 0.000000 3603.633789 0.000000 0.686616 0.000000 0.727020 0.534992 0.534992 0.534992
7440.654297 0.000000 3565.739502 0.000000 0.825597 0.000000 -0.564261 0.817347 0.817347 0.817347
7480.485840 0.000000 3532.891846 0.000000 0.988844 0.000000 0.148958 0.669952 0.669952 0.669952
7437.341797 0.000000 3590.566650 0.000000 0.988832 0.000000 0.149032 0.653467 0.653467 0.653467
7477.889160 0.000000 3547.151855 0.000000 0.560401 0.000000 0.828221 0.502160 0.502160 0.502160
7438.159668 0.000000 3583.198486 0.000000 0.996393 0.000000 0.084860 0.678768 0.678768 0.678768
7410.947266 0.000000 3616.622070 0.000000 0.903786 0.000000 0.427985 0.600297 0.600297 0.600297
7402.360352 0.000000 3541.164795 0.000000 0.300544 0.000000 -0.953768 1.045014 1.045014 1.045014
7423.461914 0.000000 3581.915771 0.000000 0.598562 0.000000 -0.801076 0.888345 0.888345 0.888345
7465.522461 0.000000 3589.161377 0.000000 0.731323 0.000000 0.682031 0.486205 0.486205 0.486205
7465.117676 0.000000 3591.695068 0.000000 0.163485 0.000000 0.986546 0.262457 0.262457 0.262457
7410.251465 0.000000 3617.600342 0.000000 0.580069 0.000000 -0.814568 0.914613 0.914613 0.914613
7464.814941 0.000000 3561.422852 0.000000 0.456099 0.000000 -0.889929 0.955018 0.955018 0.955018
7395.450684 0.000000 3549.257812 0.000000 0.878502 0.000000 -0.477739 0.844492 0.844492 0.844492
7396.304199 0.000000 3550.157959 0.000000 0.997513 0.000000 -0.070479 0.718490 0.718490 0.718490
7464.520996 0.000000 3558.988037 0.000000 0.983086 0.000000 0.183146 0.647855 0.647855 0.647855
7553.954590 0.000000 3502.963867 0.000000 0.252287 0.000000 -0.967652 0.932238 0.932238 0.932238
7486.716797 0.000000 3514.305176 0.000000 0.401679 0.000000 -0.915780 0.712136 0.712136 0.712136
7519.816895 0.000000 3507.695801 0.000000 0.449441 0.000000 0.893310 0.694209 0.694209 0.694209
7488.137695 0.000000 3501.084229 0.000000 0.933735 0.000000 0.357965 0.692323 0.692323 0.692323
7504.184082 0.000000 3457.523438 0.000000 0.191389 0.000000 0.981514 0.420608 0.420608 0.420608
7495.391602 0.000000 3443.330811 0.000000 0.131553 0.000000 0.991309 0.413344 0.413344 0.413344
7512.376953 0.000000 3476.697754 0.000000 0.655705 0.000000 -0.755018 0.857014 0.857014 0.857014
7493.947754 0.000000 3453.551758 0.000000 0.528102 0.000000 -0.849181 0.829415 0.829415 0.829415
7482.177734 0.000000 3522.891357 0.000000 0.973726 0.000000 -0.227722 0.716862 0.716862 0.716862
7516.604980 0.000000 3517.415283 0.000000 0.965498 0.000000 -0.260410 0.753406 0.753406 0.753406
7498.586914 0.000000 3463.381836 0.000000 0.563078 0.000000 0.826404 0.652404 0.652404 0.652404
7493.000977 0.000000 3510.543213 0.000000 0.674495 0.000000 -0.738280 0.803049 0.803049 0.803049
7508.551270 0.000000 3462.987305 0.000000 0.276276 0.000000 -0.961078 0.887241 0.887241 0.887241
7507.153809 0.000000 3481.047363 0.000000 0.152014 0.000000 0.988378 0.538904 0.538904 0.538904
7490.240234 0.000000 3447.999756 0.000000 0.978368 0.000000 -0.206870 0.752074 0.752074 0.752074
7487.981445 0.000000 3494.186279 0.000000 0.942829 0.000000 0.333277 0.653684 0.653684 0.653684
7549.293457 0.000000 3507.584229 0.000000 0.321652 0.000000 -0.946858 0.912935 0.912935 0.912935
7510.668457 0.000000 3470.492432 0.000000 0.991269 0.000000 -0.131855 0.716177 0.716177 0.716177
7497.876465 0.000000 3457.617188 0.000000 0.510066 0.000000 -0.860135 0.839346 0.839346 0.839346
7521.970215 0.000000 3497.624268 0.000000 0.138691 0.000000 0.990336 0.482331 0.482331 0.482331
7482.875000 0.000000 3502.084473 0.000000 0.967224 0.000000 -0.253924 0.732753 0.732753 0.732753
7555.871582 0.000000 3508.042236 0.000000 0.145871 0.000000 -0.989304 0.831931 0.831931 0.831931
7509.443848 0.000000 3457.427979 0.000000 0.810194 0.000000 -0.586162 0.821493 0.821493 0.821493
7512.097656 0.000000 3491.227295 0.000000 0.082916 0.000000 0.996557 0.335996 0.335996 0.335996
7521.507324 0.000000 3519.490723 0.000000 0.987827 0.000000 0.155555 0.671340 0.671340 0.671340
7483.461914 0.000000 3518.084473 0.000000 0.996110 0.000000 0.088119 0.693524 0.693524 0.693524
7492.086426 0.000000 3439.140137 0.000000 0.296530 0.000000 0.955024 0.648964 0.648964 0.648964
7492.745605 0.000000 3522.495361 0.000000 0.733187 0.000000 -0.680027 0.740512 0.740512 0.740512
7498.353027 0.000000 3453.084717 0.000000 0.047711 0.000000 0.998861 0.133060 0.133060 0.133060
7518.926270 0.000000 3528.045898 0.000000 0.509180 0.000000 0.860660 0.584065 0.584065 0.584065
7491.251953 0.000000 3514.645020 0.000000 0.962078 0.000000 -0.272776 0.738625 0.738625 0.738625
7547.957031 0.000000 3503.255859 0.000000 0.977838 0.000000 -0.209362 0.708847 0.708847 0.708847
7491.173340 0.000000 3443.802002 0.000000 0.973584 0.000000 -0.228330 0.754750 0.754750 0.754750
7521.920410 0.000000 3501.906006 0.000000 0.925809 0.000000 0.377991 0.647162 0.647162 0.647162
7507.934082 0.000000 3467.120361 0.000000 0.105182 0.000000 -0.994453 0.817803 0.817803 0.817803
7510.215820 0.000000 3483.932373 0.000000 0.722440 0.000000 -0.691433 0.886792 0.886792 0.886792
7559.076172 0.000000 3511.015869 0.000000 0.418785 0.000000 0.908086 0.654231 0.654231 0.654231
7502.903809 0.000000 3453.480957 0.000000 0.938088 0.000000 0.346398 0.665382 0.665382 0.665382
7512.699219 0.000000 3487.250732 0.000000 0.353621 0.000000 -0.935389 0.943047 0.943047 0.943047
7485.699219 0.000000 3497.973877 0.000000 0.185547 0.000000 -0.982635 0.983017 0.983017 0.983017
7501.306152 0.000000 3460.261230 0.000000 0.986336 0.000000 0.164744 0.667318 0.667318 0.667318
7485.932129 0.000000 3523.701904 0.000000 0.929273 0.000000 0.369393 0.625945 0.625945 0.625945
7488.890137 0.000000 3511.081543 0.000000 0.473249 0.000000 -0.880929 0.732021 0.732021 0.732021
7512.219238 0.000000 3480.582520 0.000000 0.171465 0.000000 -0.985190 0.875965 0.875965 0.875965
7496.727539 0.000000 3509.570312 0.000000 0.992180 0.000000 -0.124816 0.718152 0.718152 0.718152
7504.163086 0.000000 3478.684326 0.000000 0.309775 0.000000 -0.950810 0.735115 0.735115 0.735115
7506.902832 0.000000 3471.482422 0.000000 0.243224 0.000000 -0.969970 0.783367 0.783367 0.783367
7509.492676 0.000000 3474.144043 0.000000 0.494299 0.000000 0.869292 0.501113 0.501113 0.501113
7557.611328 0.000000 3502.920166 0.000000 0.463047 0.000000 0.886334 0.654310 0.654310 0.654310
7486.056152 0.000000 3504.076416 0.000000 0.806789 0.000000 0.590840 0.658023 0.658023 0.658023
7508.893555 0.000000 3477.798340 0.000000 0.952692 0.000000 0.303937 0.655745 0.655745 0.655745
7506.796387 0.000000 3459.935791 0.000000 0.999222 0.000000 -0.039433 0.702412 0.702412 0.702412
7491.410156 0.000000 3451.191895 0.000000 0.594116 0.000000 0.804380 0.592199 0.592199 0.592199
7550.765137 0.000000 3501.272461 0.000000 0.075641 0.000000 0.997135 0.585038 0.585038 0.585038
7502.290039 0.000000 3516.894043 0.000000 0.199177 0.000000 0.979964 0.520399 0.520399 0.520399
7552.684570 0.000000 3506.138672 0.000000 0.878949 0.000000 0.476915 0.639184 0.639184 0.639184
7513.237305 0.000000 3494.701660 0.000000 0.543767 0.000000 0.839236 0.435462 0.435462 0.435462
7513.167969 0.000000 3473.004883 0.000000 0.874640 0.000000 0.484773 0.646933 0.646933 0.646933
7501.009277 0.000000 3456.377197 0.000000 0.427051 0.000000 0.904227 0.512469 0.512469 0.512469
7489.253906 0.000000 3437.500732 0.000000 0.808275 0.000000 -0.588805 0.745110 0.745110 0.745110
7488.831055 0.000000 3517.105713 0.000000 0.759875 0.000000 -0.650069 0.802648 0.802648 0.802648
7552.843262 0.000000 3509.507568 0.000000 0.956860 0.000000 -0.290551 0.760792 0.760792 0.760792
7517.821777 0.000000 3514.326660 0.000000 0.980110 0.000000 0.198453 0.679401 0.679401 0.679401
7493.740723 0.000000 3446.074463 0.000000 0.596805 0.000000 0.802387 0.540505 0.540505 0.540505
7520.209473 0.000000 3516.507080 0.000000 0.727650 0.000000 -0.685949 0.723778 0.723778 0.723778
7519.707520 0.000000 3522.363281 0.000000 0.026186 0.000000 -0.999657 0.899750 0.899750 0.899750
7502.856934 0.000000 3512.708984 0.000000 0.906174 0.000000 0.422906 0.640480 0.640480 0.640480
7497.066406 0.000000 3460.669678 0.000000 0.799834 0.000000 0.600221 0.616746 0.616746 0.616746
7491.721680 0.000000 3525.419922 0.000000 0.368864 0.000000 -0.929483 0.964780 0.964780 0.964780
7491.002930 0.000000 3508.047119 0.000000 0.251760 0.000000 0.967790 0.534375 0.534375 0.534375
7520.406250 0.000000 3504.627197 0.000000 0.204701 0.000000 0.978825 0.437670 0.437670 0.437670
7489.221680 0.000000 3523.425293 0.000000 0.900667 0.000000 -0.434510 0.719638 0.719638 0.719638
7494.989258 0.000000 3456.442871 0.000000 0.344471 0.000000 -0.938797 0.778829 0.778829 0.778829
7485.342773 0.000000 3520.734619 0.000000 0.032306 0.000000 0.999478 0.646227 0.646227 0.646227
7498.471191 0.000000 3450.085449 0.000000 0.381651 0.000000 0.924307 0.646420 0.646420 0.646420
7516.764160 0.000000 3526.032471 0.000000 0.134108 0.000000 -0.990967 0.843071 0.843071 0.843071
7558.996582 0.000000 3507.967285 0.000000 0.652466 0.000000 -0.757818 0.742080 0.742080 0.742080
7555.832520 0.000000 3505.262451 0.000000 0.976402 0.000000 0.215962 0.685164 0.685164 0.685164
7493.121094 0.000000 3441.725342 0.000000 0.704629 0.000000 0.709576 0.497337 0.497337 0.497337
7550.638184 0.000000 3504.168213 0.000000 0.922670 0.000000 0.385590 0.661952 0.661952 0.661952
7483.343262 0.000000 3499.376953 0.000000 0.177179 0.000000 -0.984179 0.962852 0.962852 0.962852
7486.155762 0.000000 3517.623291 0.000000 0.995676 0.000000 -0.092890 0.711867 0.711867 0.711867
7519.532715 0.000000 3496.111084 0.000000 0.846263 0.000000 0.532765 0.666615 0.666615 0.666615
7556.356934 0.000000 3511.105469 0.000000 0.115376 0.000000 -0.993322 0.969560 0.969560 0.969560
7485.378418 0.000000 3501.131104 0.000000 0.991504 0.000000 0.130074 0.685410 0.685410 0.685410
7485.324707 0.000000 3495.329834 0.000000 0.024462 0.000000 0.999701 0.475705 0.475705 0.475705
7500.822266 0.000000 3514.540527 0.000000 0.943088 0.000000 -0.332543 0.715403 0.715403 0.715403
7547.740723 0.000000 3500.456543 0.000000 0.983696 0.000000 0.179837 0.690520 0.690520 0.690520
7492.805176 0.000000 3448.730469 0.000000 0.874791 0.000000 -0.484500 0.762758 0.762758 0.762758
7490.964355 0.000000 3453.830322 0.000000 0.515825 0.000000 0.856694 0.615496 0.615496 0.615496
7515.294922 0.000000 3486.462646 0.000000 0.469248 0.000000 0.883066 0.599750 0.599750 0.599750
7509.697266 0.000000 3460.302734 0.000000 0.077588 0.000000 0.996985 0.488641 0.488641 0.488641
7514.372070 0.000000 3489.407227 0.000000 0.865324 0.000000 -0.501212 0.754131 0.754131 0.754131
7490.528320 0.000000 3441.250000 0.000000 0.879709 0.000000 -0.475512 0.796993 0.796993 0.796993
7488.754395 0.000000 3504.839600 0.000000 0.395022 0.000000 0.918672 0.522919 0.522919 0.522919
7492.436523 0.000000 3456.089355 0.000000 0.174883 0.000000 0.984589 0.619549 0.619549 0.619549
7519.309082 0.000000 3524.958252 0.000000 0.600242 0.000000 0.799818 0.549340 0.549340 0.549340
7504.318359 0.000000 3461.339111 0.000000 0.811828 0.000000 0.583897 0.650966 0.650966 0.650966
7493.344727 0.000000 3513.030518 0.000000 0.531436 0.000000 0.847098 0.579916 0.579916 0.579916
7493.757324 0.000000 3515.555664 0.000000 0.344190 0.000000 0.938900 0.582793 0.582793 0.582793
7509.719238 0.000000 3480.217773 0.000000 0.849789 0.000000 -0.527122 0.751425 0.751425 0.751425
7510.812500 0.000000 3488.941162 0.000000 0.547612 0.000000 -0.836732 0.783153 0.783153 0.783153
7496.190430 0.000000 3445.737061 0.000000 0.940292 0.000000 -0.340369 0.768586 0.768586 0.768586
7506.322754 0.000000 3464.284180 0.000000 0.910491 0.000000 0.413529 0.650082 0.650082 0.650082
7488.729492 0.000000 3443.443359 0.000000 0.737775 0.000000 -0.675047 0.755685 0.755685 0.755685
7497.116699 0.000000 3455.272705 0.000000 0.902384 0.000000 0.430933 0.610462 0.610462 0.610462
7511.671387 0.000000 3458.712646 0.000000 0.669194 0.000000 0.743088 0.648763 0.648763 0.648763
7499.511230 0.000000 3447.911133 0.000000 0.373793 0.000000 0.927512 0.616976 0.616976 0.616976
7506.589355 0.000000 3469.127197 0.000000 0.974609 0.000000 -0.223914 0.716575 0.716575 0.716575
7520.888184 0.000000 3529.522217 0.000000 0.602837 0.000000 -0.797865 0.814617 0.814617 0.814617
7491.126465 0.000000 3512.170898 0.000000 0.627579 0.000000 -0.778553 0.763938 0.763938 0.763938
7520.821777 0.000000 3499.801270 0.000000 0.968940 0.000000 -0.247294 0.752840 0.752840 0.752840
7510.422852 0.000000 3486.337646 0.000000 0.841230 0.000000 -0.540678 0.765887 0.765887 0.765887
7497.264160 0.000000 3511.853760 0.000000 0.003626 0.000000 0.999993 0.439818 0.439818 0.439818
7512.366699 0.000000 3484.927490 0.000000 0.563562 0.000000 0.826074 0.436680 0.436680 0.436680
7521.849609 0.000000 3506.545410 0.000000 0.035024 0.000000 -0.999386 0.810039 0.810039 0.810039
7504.424805 0.000000 3455.217041 0.000000 0.881446 0.000000 0.472284 0.638968 0.638968 0.638968
7493.706055 0.000000 3451.056152 0.000000 0.083216 0.000000 0.996531 0.575224 0.575224 0.575224
7489.797363 0.000000 3502.693359 0.000000 0.992935 0.000000 -0.118656 0.710808 0.710808 0.710808
7548.202637 0.000000 3505.515869 0.000000 0.937178 0.000000 0.348851 0.645821 0.645821 0.645821
7515.803223 0.000000 3515.288574 0.000000 0.999525 0.000000 -0.030832 0.703180 0.703180 0.703180
7497.666016 0.000000 3443.562500 0.000000 0.089845 0.000000 -0.995956 0.816454 0.816454 0.816454
7500.348633 0.000000 3454.160645 0.000000 0.712637 0.000000 0.701533 0.444540 0.444540 0.444540
7509.438477 0.000000 3465.054443 0.000000 0.977591 0.000000 -0.210513 0.720016 0.720016 0.720016
7509.037598 0.000000 3471.973145 0.000000 0.318968 0.000000 0.947766 0.447380 0.447380 0.447380
7495.020996 0.000000 3511.583008 0.000000 0.470361 0.000000 -0.882474 0.830362 0.830362 0.830362
7511.117188 0.000000 3478.564941 0.000000 0.995556 0.000000 0.094167 0.680882 0.680882 0.680882
7488.828125 0.000000 3435.340576 0.000000 0.855867 0.000000 0.517195 0.647754 0.647754 0.647754
7506.541504 0.000000 3462.129395 0.000000 0.870761 0.000000 0.491706 0.600284 0.600284 0.600284
7490.522949 0.000000 3521.561035 0.000000 0.985220 0.000000 -0.171292 0.721058 0.721058 0.721058
7508.694824 0.000000 3469.659424 0.000000 0.730532 0.000000 -0.682878 0.790642 0.790642 0.790642
7491.609375 0.000000 3446.334717 0.000000 0.912866 0.000000 -0.408260 0.805097 0.805097 0.805097
7506.348145 0.000000 3457.192383 0.000000 0.992714 0.000000 0.120493 0.680369 0.680369 0.680369
7518.651855 0.000000 3518.008545 0.000000 0.809409 0.000000 -0.587246 0.753747 0.753747 0.753747
7551.466309 0.000000 3507.862305 0.000000 0.441773 0.000000 -0.897127 0.875090 0.875090 0.875090
7514.043457 0.000000 3492.713379 0.000000 0.973162 0.000000 0.230123 0.670377 0.670377 0.670377
7510.304688 0.000000 3476.127686 0.000000 0.180031 0.000000 0.983661 0.602850 0.602850 0.602850
7481.533203 0.000000 3516.956299 0.000000 0.396568 0.000000 0.918005 0.610571 0.610571 0.610571
7503.266113 0.000000 3459.365967 0.000000 0.435662 0.000000 -0.900110 0.872245 0.872245 0.872245
7512.004395 0.000000 3482.805176 0.000000 0.765426 0.000000 0.643524 0.635249 0.635249 0.635249
7557.493164 0.000000 3509.388916 0.000000 0.518478 0.000000 -0.855091 0.836233 0.836233 0.836233
7507.395996 0.000000 3473.540527 0.000000 0.211130 0.000000 0.977458 0.590827 0.590827 0.590827
7499.681152 0.000000 3461.628418 0.000000 0.669363 0.000000 0.742935 0.527306 0.527306 0.527306
7489.235840 0.000000 3509.097656 0.000000 0.455391 0.000000 -0.890292 0.943690 0.943690 0.943690
7522.345703 0.000000 3503.921387 0.000000 0.983337 0.000000 0.181790 0.686902 0.686902 0.686902
7496.014648 0.000000 3453.431641 0.000000 0.203083 0.000000 -0.979162 1.077258 1.077258 1.077258
7503.006348 0.000000 3515.029297 0.000000 0.784336 0.000000 -0.620337 0.811096 0.811096 0.811096
7487.663574 0.000000 3524.682373 0.000000 0.512636 0.000000 0.858606 0.544817 0.544817 0.544817
7497.576660 0.000000 3447.438965 0.000000 0.730893 0.000000 0.682492 0.594982 0.594982 0.594982
7491.025391 0.000000 3510.054932 0.000000 0.971578 0.000000 0.236720 0.677864 0.677864 0.677864
7494.458984 0.000000 3509.057617 0.000000 0.670094 0.000000 -0.742276 0.776013 0.776013 0.776013
7499.027344 0.000000 3455.852783 0.000000 0.961724 0.000000 -0.274020 0.766941 0.766941 0.766941
7487.826660 0.000000 3503.031006 0.000000 0.716445 0.000000 0.697644 0.543479 0.543479 0.543479
7505.233398 0.000000 3480.349365 0.000000 0.963008 0.000000 0.269473 0.673775 0.673775 0.673775
7511.231445 0.000000 3472.518066 0.000000 0.879282 0.000000 -0.476302 0.765068 0.765068 0.765068
7515.249023 0.000000 3494.507324 0.000000 0.948275 0.000000 0.317449 0.648063 0.648063 0.648063
7513.966797 0.000000 3475.568359 0.000000 0.842102 0.000000 0.539318 0.600453 0.600453 0.600453
7554.918457 0.000000 3509.789307 0.000000 0.229069 0.000000 0.973410 0.575917 0.575917 0.575917
7501.651855 0.000000 3458.273193 0.000000 0.751307 0.000000 -0.659952 0.780613 0.780613 0.780613
7483.458496 0.000000 3521.219971 0.000000 0.925187 0.000000 -0.379512 0.765987 0.765987 0.765987
7493.506836 0.000000 3443.769043 0.000000 0.065795 0.000000 0.997833 0.465927 0.465927 0.465927
7491.185059 0.000000 3437.323486 0.000000 0.412008 0.000000 -0.911180 0.868250 0.868250 0.868250
7489.704102 0.000000 3506.573975 0.000000 0.510669 0.000000 -0.859777 0.886271 0.886271 0.886271
7551.982910 0.000000 3502.747803 0.000000 0.548797 0.000000 0.835956 0.525282 0.525282 0.525282
7491.143066 0.000000 3523.606934 0.000000 0.157910 0.000000 -0.987453 0.939394 0.939394 0.939394
7486.817383 0.000000 3519.529297 0.000000 0.754155 0.000000 -0.656697 0.778877 0.778877 0.778877
7507.549805 0.000000 3479.183105 0.000000 1.000000 0.000000 0.000546 0.699924 0.699924 0.699924
7550.245605 0.000000 3505.991699 0.000000 0.274244 0.000000 -0.961660 0.824279 0.824279 0.824279
7493.882324 0.000000 3440.032715 0.000000 0.987655 0.000000 0.156642 0.659593 0.659593 0.659593
7546.838867 0.000000 3498.819092 0.000000 0.989581 0.000000 0.143979 0.676771 0.676771 0.676771
7518.138184 0.000000 3516.184814 0.000000 0.218131 0.000000 0.975919 0.511136 0.511136 0.511136
7555.812500 0.000000 3502.268555 0.000000 0.909244 0.000000 -0.416263 0.780281 0.780281 0.780281
7513.024414 0.000000 3478.532471 0.000000 0.573703 0.000000 -0.819063 0.896243 0.896243 0.896243
7516.393555 0.000000 3527.854980 0.000000 0.471275 0.000000 0.881986 0.592413 0.592413 0.592413
7487.328613 0.000000 3516.083984 0.000000 0.656142 0.000000 0.754638 0.590912 0.590912 0.590912
7489.549316 0.000000 3518.791260 0.000000 0.206570 0.000000 -0.978432 0.892900 0.892900 0.892900
7502.869629 0.000000 3456.204346 0.000000 0.226092 0.000000 -0.974106 1.091872 1.091872 1.091872
7489.540039 0.000000 3515.337646 0.000000 0.901847 0.000000 -0.432056 0.767927 0.767927 0.767927
7489.920410 0.000000 3525.123047 0.000000 0.376181 0.000000 0.926546 0.499103 0.499103 0.499103
7508.382324 0.000000 3458.924072 0.000000 0.972123 0.000000 -0.234470 0.733089 0.733089 0.733089
7518.405273 0.000000 3529.762695 0.000000 0.687661 0.000000 0.726032 0.609122 0.609122 0.609122
7553.870605 0.000000 3504.746582 0.000000 0.946212 0.000000 -0.323548 0.738002 0.738002 0.738002
7515.643066 0.000000 3490.847168 0.000000 0.208918 0.000000 0.977933 0.554985 0.554985 0.554985
7520.211426 0.000000 3497.961670 0.000000 0.991440 0.000000 -0.130562 0.719907 0.719907 0.719907
7549.015625 0.000000 3501.719971 0.000000 0.959418 0.000000 -0.281989 0.780432 0.780432 0.780432
7505.079102 0.000000 3459.246094 0.000000 0.300589 0.000000 -0.953754 0.899039 0.899039 0.899039
7508.187500 0.000000 3461.263916 0.000000 0.994749 0.000000 0.102346 0.685487 0.685487 0.685487
7515.756836 0.000000 3488.181885 0.000000 0.826756 0.000000 -0.562560 0.761605 0.761605 0.761605
7510.580078 0.000000 3481.777588 0.000000 0.998549 0.000000 -0.053856 0.717609 0.717609 0.717609
7501.423340 0.000000 3511.424805 0.000000 0.059371 0.000000 -0.998236 0.990541 0.990541 0.990541
7484.753906 0.000000 3522.413818 0.000000 0.989704 0.000000 -0.143132 0.728112 0.728112 0.728112
7512.515625 0.000000 3489.493652 0.000000 0.984389 0.000000 0.176004 0.662279 0.662279 0.662279
7554.687012 0.000000 3511.492432 0.000000 0.626534 0.000000 -0.779394 0.817136 0.817136 0.817136
7492.349121 0.000000 3452.786621 0.000000 0.115339 0.000000 0.993326 0.514355 0.514355 0.514355
7491.091797 0.000000 3449.494873 0.000000 0.587776 0.000000 0.809023 0.541880 0.541880 0.541880
7507.661621 0.000000 3465.351807 0.000000 0.299225 0.000000 -0.954183 0.848341 0.848341 0.848341
7484.491699 0.000000 3502.603760 0.000000 0.292876 0.000000 0.956150 0.570912 0.570912 0.570912
7521.212402 0.000000 3523.115967 0.000000 0.708005 0.000000 -0.706207 0.783590 0.783590 0.783590
7501.835938 0.000000 3454.878174 0.000000 0.835099 0.000000 -0.550100 0.891373 0.891373 0.891373
7481.368652 0.000000 3502.766602 0.000000 0.961717 0.000000 -0.274045 0.742206 0.742206 0.742206
7557.430176 0.000000 3507.288330 0.000000 0.832916 0.000000 0.553400 0.604689 0.604689 0.604689
7514.005859 0.000000 3491.031982 0.000000 0.329327 0.000000 0.944216 0.568324 0.568324 0.568324
7520.342773 0.000000 3518.321533 0.000000 0.755850 0.000000 0.654745 0.569012 0.569012 0.569012
7487.001465 0.000000 3495.604980 0.000000 0.905321 0.000000 -0.424728 0.759795 0.759795 0.759795
7497.068359 0.000000 3459.029541 0.000000 0.798110 0.000000 -0.602512 0.805096 0.805096 0.805096
7557.286621 0.000000 3504.508789 0.000000 0.835389 0.000000 0.549659 0.610503 0.610503 0.610503
7513.677734 0.000000 3485.897949 0.000000 0.914245 0.000000 0.405162 0.587003 0.587003 0.587003
7513.814453 0.000000 3480.144287 0.000000 0.721718 0.000000 -0.692188 0.796196 0.796196 0.796196
7496.845215 0.000000 3449.980713 0.000000 0.633733 0.000000 0.773552 0.517618 0.517618 0.517618
7496.246094 0.000000 3457.461426 0.000000 0.612521 0.000000 -0.790454 0.822662 0.822662 0.822662
7552.287109 0.000000 3504.445801 0.000000 0.336335 0.000000 -0.941742 0.841612 0.841612 0.841612
7495.083984 0.000000 3454.709473 0.000000 0.822746 0.000000 -0.568410 0.803541 0.803541 0.803541
7483.462891 0.000000 3516.496826 0.000000 0.992396 0.000000 0.123089 0.682963 0.682963 0.682963
7507.950195 0.000000 3456.898926 0.000000 0.884011 0.000000 -0.467465 0.779056 0.779056 0.779056
7521.017578 0.000000 3521.394775 0.000000 0.636130 0.000000 0.771582 0.518258 0.518258 0.518258
7497.502930 0.000000 3451.692871 0.000000 0.983565 0.000000 0.180553 0.661293 0.661293 0.661293
7492.402832 0.000000 3454.442627 0.000000 0.992761 0.000000 -0.120109 0.720620 0.720620 0.720620
7555.394531 0.000000 3503.760254 0.000000 0.655895 0.000000 0.754852 0.540042 0.540042 0.540042
7498.165527 0.000000 3461.824463 0.000000 0.863421 0.000000 -0.504484 0.809043 0.809043 0.809043
7521.026855 0.000000 3503.166016 0.000000 0.625521 0.000000 -0.780208 0.832947 0.832947 0.832947
7491.734863 0.000000 3442.394775 0.000000 0.951051 0.000000 0.309033 0.625329 0.625329 0.625329
7481.529785 0.000000 3518.694580 0.000000 0.879841 0.000000 -0.475267 0.766645 0.766645 0.766645
7491.965332 0.000000 3440.719971 0.000000 0.823081 0.000000 0.567923 0.581783 0.581783 0.581783
7550.318848 0.000000 3508.894775 0.000000 0.288437 0.000000 0.957499 0.396208 0.396208 0.396208
7493.733887 0.000000 3455.329346 0.000000 0.945350 0.000000 -0.326056 0.756881 0.756881 0.756881
7503.844727 0.000000 3516.278564 0.000000 0.978232 0.000000 0.207514 0.672602 0.672602 0.672602
7550.120117 0.000000 3502.750732 0.000000 0.296761 0.000000 0.954952 0.475926 0.475926 0.475926
7549.151855 0.000000 3504.153564 0.000000 0.197533 0.000000 0.980296 0.491408 0.491408 0.491408
7557.679199 0.000000 3511.746338 0.000000 0.544458 0.000000 -0.838788 0.884328 0.884328 0.884328
7498.390137 0.000000 3454.541748 0.000000 0.978856 0.000000 0.204550 0.650319 0.650319 0.650319
7488.104980 0.000000 3514.749756 0.000000 0.321041 0.000000 -0.947065 0.889133 0.889133 0.889133
7498.478516 0.000000 3511.020264 0.000000 0.993223 0.000000 0.116225 0.681475 0.681475 0.681475
7484.749512 0.000000 3517.297363 0.000000 0.382091 0.000000 0.924125 0.481646 0.481646 0.481646
7500.339355 0.000000 3510.482178 0.000000 0.956754 0.000000 -0.290899 0.756741 0.756741 0.756741
7501.486816 0.000000 3453.348877 0.000000 0.408202 0.000000 -0.912892 1.007571 1.007571 1.007571
7497.731445 0.000000 3448.832275 0.000000 0.180359 0.000000 0.983601 0.413476 0.413476 0.413476
7492.819824 0.000000 3447.293701 0.000000 0.881734 0.000000 0.471748 0.615863 0.615863 0.615863
7512.615234 0.000000 3492.791260 0.000000 0.621916 0.000000 0.783084 0.431164 0.431164 0.431164
7496.451660 0.000000 3444.300049 0.000000 0.965718 0.000000 0.259593 0.648142 0.648142 0.648142
7498.477539 0.000000 3460.471680 0.000000 0.189704 0.000000 0.981841 0.415437 0.415437 0.415437
7505.107910 0.000000 3456.509277 0.000000 0.531125 0.000000 -0.847293 0.904923 0.904923 0.904923
7490.353516 0.000000 3438.415039 0.000000 0.467897 0.000000 -0.883783 0.910254 0.910254 0.910254
7490.846191 0.000000 3439.917725 0.000000 0.951989 0.000000 0.306131 0.639647 0.639647 0.639647
7494.402832 0.000000 3442.360596 0.000000 0.992699 0.000000 0.120618 0.675911 0.675911 0.675911
7490.094727 0.000000 3442.945068 0.000000 0.312255 0.000000 0.949998 0.402143 0.402143 0.402143
7513.088379 0.000000 3474.480957 0.000000 0.161830 0.000000 -0.986819 0.946104 0.946104 0.946104
7482.790039 0.000000 3498.124512 0.000000 0.812237 0.000000 -0.583328 0.817550 0.817550 0.817550
7485.911133 0.000000 3496.606689 0.000000 0.116055 0.000000 0.993243 0.402607 0.402607 0.402607
7556.267090 0.000000 3506.601318 0.000000 0.444994 0.000000 -0.895534 0.880343 0.880343 0.880343
7499.743164 0.000000 3452.826904 0.000000 0.991128 0.000000 0.132907 0.650380 0.650380 0.650380
7488.206055 0.000000 3506.052490 0.000000 0.515278 0.000000 -0.857023 0.885305 0.885305 0.885305
7509.841309 0.000000 3478.899658 0.000000 0.745292 0.000000 -0.666738 0.847950 0.847950 0.847950
7491.543457 0.000000 3448.208008 0.000000 0.640610 0.000000 0.767867 0.553118 0.553118 0.553118
7497.208496 0.000000 3453.979736 0.000000 0.953440 0.000000 0.301582 0.615411 0.615411 0.615411
7548.191895 0.000000 3506.868652 0.000000 0.238484 0.000000 0.971146 0.472221 0.472221 0.472221
7507.208008 0.000000 3463.322021 0.000000 0.770049 0.000000 0.637985 0.565788 0.565788 0.565788
7490.957520 0.000000 3445.209961 0.000000 0.970207 0.000000 0.242277 0.620456 0.620456 0.620456
7503.156738 0.000000 3454.761475 0.000000 0.971470 0.000000 -0.237161 0.773646 0.773646 0.773646
7490.327148 0.000000 3446.693848 0.000000 0.998531 0.000000 0.054188 0.686451 0.686451 0.686451
7502.786621 0.000000 3457.533936 0.000000 0.999880 0.000000 -0.015503 0.704525 0.704525 0.704525
7510.976562 0.000000 3479.917236 0.000000 0.686964 0.000000 0.726691 0.535089 0.535089 0.535089
7497.416992 0.000000 3445.176270 0.000000 0.974656 0.000000 -0.223710 0.744555 0.744555 0.744555
7501.063965 0.000000 3461.805420 0.000000 0.939659 0.000000 0.342113 0.631048 0.631048 0.631048
7489.078125 0.000000 3507.808350 0.000000 0.617580 0.000000 0.786508 0.537075 0.537075 0.537075
7516.877930 0.000000 3516.005127 0.000000 0.788035 0.000000 -0.615630 0.834441 0.834441 0.834441
7509.249512 0.000000 3475.403076 0.000000 0.180581 0.000000 0.983560 0.437800 0.437800 0.437800
7509.353027 0.000000 3470.746094 0.000000 0.981272 0.000000 0.192627 0.660705 0.660705 0.660705
7488.279785 0.000000 3509.920166 0.000000 0.047972 0.000000 -0.998849 1.037976 1.037976 1.037976
7500.224121 0.000000 3455.394043 0.000000 0.000752 0.000000 -1.000000 1.215831 1.215831 1.215831
7549.670898 0.000000 3500.694824 0.000000 0.996814 0.000000 0.079758 0.677535 0.677535 0.677535
7512.094238 0.000000 3479.347412 0.000000 0.917484 0.000000 0.397773 0.616355 0.616355 0.616355
7500.030273 0.000000 3460.481445 0.000000 0.675600 0.000000 0.737269 0.536288 0.536288 0.536288
7513.046387 0.000000 3488.394775 0.000000 0.000154 0.000000 1.000000 0.365131 0.365131 0.365131
7511.524414 0.000000 3483.950195 0.000000 0.138314 0.000000 -0.990388 1.050365 1.050365 1.050365
7513.821777 0.000000 3484.739990 0.000000 0.117404 0.000000 0.993084 0.306385 0.306385 0.306385
7521.255371 0.000000 3498.621338 0.000000 0.206337 0.000000 0.978481 0.411790 0.411790 0.411790
7551.766113 0.000000 3509.023438 0.000000 0.610823 0.000000 0.791767 0.482840 0.482840 0.482840
7510.860840 0.000000 3482.904541 0.000000 0.032774 0.000000 -0.999463 1.076294 1.076294 1.076294
7511.843750 0.000000 3481.669922 0.000000 0.457048 0.000000 0.889442 0.341789 0.341789 0.341789
7513.269531 0.000000 3491.881836 0.000000 0.558283 0.000000 0.829650 0.460603 0.460603 0.460603
7497.238281 0.000000 3452.847168 0.000000 0.349418 0.000000 0.936967 0.364835 0.364835 0.364835
7513.455078 0.000000 3490.067871 0.000000 0.855165 0.000000 -0.518357 0.833323 0.833323 0.833323
7499.275879 0.000000 3453.890137 0.000000 0.864186 0.000000 0.503172 0.503733 0.503733 0.503733
7503.968750 0.000000 3456.289307 0.000000 0.999363 0.000000 -0.035678 0.710415 0.710415 0.710415
7512.171875 0.000000 3494.463379 0.000000 0.423003 0.000000 0.906128 0.398762 0.398762 0.398762
7512.445312 0.000000 3495.578857 0.000000 0.031740 0.000000 0.999496 0.291178 0.291178 0.291178
7548.778320 0.000000 3500.057373 0.000000 0.830705 0.000000 -0.556713 0.866122 0.866122 0.866122
7496.191895 0.000000 3452.432129 0.000000 0.727839 0.000000 0.685748 0.491357 0.491357 0.491357
7501.920898 0.000000 3455.894531 0.000000 0.016870 0.000000 0.999858 0.189464 0.189464 0.189464
7511.126465 0.000000 3480.923828 0.000000 0.215607 0.000000 -0.976480 1.142316 1.142316 1.142316
7513.137695 0.000000 3493.694824 0.000000 0.315238 0.000000 -0.949013 1.073573 1.073573 1.073573
7498.344238 0.000000 3452.130859 0.000000 0.900776 0.000000 -0.434284 0.867224 0.867224 0.867224
7488.137695 0.000000 3608.068604 0.000000 0.106099 0.000000 -0.994356 0.884272 0.884272 0.884272
7487.454590 0.000000 3583.348145 0.000000 0.985616 0.000000 0.168998 0.671214 0.671214 0.671214
7521.981445 0.000000 3631.622314 0.000000 0.933516 0.000000 -0.358535 0.736528 0.736528 0.736528
7515.625000 0.000000 3542.713135 0.000000 0.900695 0.000000 -0.434451 0.789537 0.789537 0.789537
7523.140625 0.000000 3538.478760 0.000000 0.970670 0.000000 0.240418 0.682603 0.682603 0.682603
7492.927734 0.000000 3589.628906 0.000000 0.377084 0.000000 0.926179 0.488921 0.488921 0.488921
7498.586914 0.000000 3570.366211 0.000000 0.025142 0.000000 0.999684 0.645977 0.645977 0.645977
7527.238281 0.000000 3554.191650 0.000000 0.182285 0.000000 -0.983246 0.787291 0.787291 0.787291
7520.980957 0.000000 3531.479248 0.000000 0.851702 0.000000 -0.524027 0.769402 0.769402 0.769402
7490.240234 0.000000 3554.984131 0.000000 0.879493 0.000000 0.475913 0.679197 0.679197 0.679197
7488.870605 0.000000 3594.036621 0.000000 0.923670 0.000000 0.383188 0.693815 0.693815 0.693815
7512.328613 0.000000 3547.681152 0.000000 0.123252 0.000000 -0.992375 0.849220 0.849220 0.849220
7481.758301 0.000000 3581.021484 0.000000 0.977793 0.000000 0.209574 0.669374 0.669374 0.669374
7526.631348 0.000000 3635.431885 0.000000 0.028849 0.000000 0.999584 0.433227 0.433227 0.433227
7500.498047 0.000000 3581.293701 0.000000 0.280127 0.000000 0.959963 0.639279 0.639279 0.639279
7532.550293 0.000000 3559.347900 0.000000 0.923596 0.000000 -0.383368 0.752255 0.752255 0.752255
7482.875000 0.000000 3609.068848 0.000000 0.904104 0.000000 -0.427313 0.788733 0.788733 0.788733
7495.817383 0.000000 3555.547363 0.000000 0.048294 0.000000 -0.998833 1.032583 1.032583 1.032583
7524.297852 0.000000 3549.765381 0.000000 0.417307 0.000000 -0.908766 0.827539 0.827539 0.827539
7503.838379 0.000000 3570.923584 0.000000 0.092125 0.000000 0.995747 0.632819 0.632819 0.632819
7499.190430 0.000000 3575.506104 0.000000 0.474186 0.000000 0.880425 0.649193 0.649193 0.649193
7488.363281 0.000000 3587.892090 0.000000 0.196397 0.000000 -0.980525 0.846378 0.846378 0.846378
7526.861328 0.000000 3535.873535 0.000000 0.874026 0.000000 0.485880 0.678720 0.678720 0.678720
7491.412598 0.000000 3611.290527 0.000000 0.865337 0.000000 -0.501190 0.726606 0.726606 0.726606
7511.230469 0.000000 3543.275146 0.000000 0.721780 0.000000 -0.692122 0.776146 0.776146 0.776146
7490.855469 0.000000 3580.119873 0.000000 0.989093 0.000000 0.147295 0.687341 0.687341 0.687341
7485.486328 0.000000 3579.742432 0.000000 0.970432 0.000000 0.241375 0.690627 0.690627 0.690627
7490.071289 0.000000 3597.803223 0.000000 0.994217 0.000000 -0.107392 0.711658 0.711658 0.711658
7501.306152 0.000000 3567.245605 0.000000 0.926243 0.000000 -0.376927 0.750655 0.750655 0.750655
7530.908691 0.000000 3555.793945 0.000000 0.999555 0.000000 -0.029823 0.700678 0.700678 0.700678
7523.337891 0.000000 3534.540039 0.000000 0.095545 0.000000 0.995425 0.524705 0.524705 0.524705
7523.186523 0.000000 3634.880127 0.000000 0.981590 0.000000 -0.191001 0.734593 0.734593 0.734593
7501.009277 0.000000 3563.361572 0.000000 0.829225 0.000000 0.558915 0.611902 0.611902 0.611902
7503.600586 0.000000 3579.462646 0.000000 0.990107 0.000000 -0.140314 0.720174 0.720174 0.720174
7501.089844 0.000000 3572.786865 0.000000 0.200976 0.000000 0.979596 0.506291 0.506291 0.506291
7526.960938 0.000000 3539.100586 0.000000 0.648689 0.000000 0.761054 0.665234 0.665234 0.665234
7490.047363 0.000000 3585.229736 0.000000 0.989013 0.000000 -0.147826 0.722817 0.722817 0.722817
7521.613770 0.000000 3547.896240 0.000000 0.267531 0.000000 0.963549 0.659108 0.659108 0.659108
7504.197266 0.000000 3589.018799 0.000000 0.877540 0.000000 -0.479504 0.742823 0.742823 0.742823
7482.841309 0.000000 3578.130859 0.000000 0.824351 0.000000 0.566079 0.615873 0.615873 0.615873
7501.472656 0.000000 3577.468750 0.000000 0.375697 0.000000 -0.926743 0.867833 0.867833 0.867833
7528.424805 0.000000 3633.080811 0.000000 0.487440 0.000000 -0.873156 0.759370 0.759370 0.759370
7529.765625 0.000000 3553.036377 0.000000 0.514454 0.000000 -0.857518 0.910688 0.910688 0.910688
7483.343262 0.000000 3606.361328 0.000000 0.748017 0.000000 0.663680 0.658147 0.658147 0.658147
7505.233398 0.000000 3573.497314 0.000000 0.780664 0.000000 0.624951 0.602082 0.602082 0.602082
7485.378418 0.000000 3608.115479 0.000000 0.921978 0.000000 0.387241 0.669424 0.669424 0.669424
7484.280762 0.000000 3582.153809 0.000000 0.849762 0.000000 0.527167 0.676711 0.676711 0.676711
7488.062500 0.000000 3580.552979 0.000000 0.699094 0.000000 -0.715030 0.814164 0.814164 0.814164
7501.355469 0.000000 3570.031250 0.000000 0.949142 0.000000 -0.314847 0.755974 0.755974 0.755974
7490.941895 0.000000 3582.729492 0.000000 0.310404 0.000000 -0.950605 0.822838 0.822838 0.822838
7488.754395 0.000000 3611.823975 0.000000 0.916933 0.000000 0.399040 0.643331 0.643331 0.643331
7522.503906 0.000000 3629.027832 0.000000 0.579877 0.000000 0.814704 0.591835 0.591835 0.591835
7504.318359 0.000000 3568.323486 0.000000 0.591667 0.000000 0.806183 0.578739 0.578739 0.578739
7484.530762 0.000000 3535.880615 0.000000 0.970546 0.000000 0.240917 0.679165 0.679165 0.679165
7485.513184 0.000000 3549.153076 0.000000 0.966647 0.000000 -0.256113 0.712673 0.712673 0.712673
7492.135254 0.000000 3596.282227 0.000000 0.715938 0.000000 0.698164 0.614913 0.614913 0.614913
7490.702637 0.000000 3588.537842 0.000000 0.257051 0.000000 0.966398 0.461759 0.461759 0.461759
7527.607422 0.000000 3551.799805 0.000000 0.887014 0.000000 0.461743 0.605219 0.605219 0.605219
7494.062012 0.000000 3591.789795 0.000000 0.390609 0.000000 -0.920557 0.769489 0.769489 0.769489
7481.390137 0.000000 3583.365723 0.000000 0.999537 0.000000 -0.030428 0.702287 0.702287 0.702287
7521.036133 0.000000 3633.811279 0.000000 0.996378 0.000000 -0.085035 0.707886 0.707886 0.707886
7524.586914 0.000000 3536.606445 0.000000 0.779077 0.000000 -0.626928 0.834995 0.834995 0.834995
7528.984375 0.000000 3635.664062 0.000000 0.669659 0.000000 0.742669 0.628322 0.628322 0.628322
7518.615723 0.000000 3530.499023 0.000000 0.838522 0.000000 0.544867 0.645621 0.645621 0.645621
7501.925781 0.000000 3574.929443 0.000000 0.835880 0.000000 0.548912 0.636026 0.636026 0.636026
7489.797363 0.000000 3609.677734 0.000000 0.511917 0.000000 -0.859035 0.830026 0.830026 0.830026
7524.811523 0.000000 3540.034668 0.000000 0.808728 0.000000 0.588183 0.657143 0.657143 0.657143
7511.066406 0.000000 3545.567139 0.000000 0.869347 0.000000 -0.494203 0.794852 0.794852 0.794852
7487.689453 0.000000 3585.615479 0.000000 0.897048 0.000000 -0.441934 0.786396 0.786396 0.786396
7513.355469 0.000000 3549.712158 0.000000 0.706539 0.000000 0.707674 0.607945 0.607945 0.607945
7500.348633 0.000000 3561.145020 0.000000 0.253297 0.000000 0.967389 0.546063 0.546063 0.546063
7499.238281 0.000000 3566.313477 0.000000 0.028523 0.000000 -0.999593 0.813200 0.813200 0.813200
7494.800293 0.000000 3588.474609 0.000000 0.804292 0.000000 -0.594235 0.796745 0.796745 0.796745
7533.243652 0.000000 3561.452148 0.000000 0.806600 0.000000 0.591098 0.627056 0.627056 0.627056
7525.600098 0.000000 3548.028809 0.000000 0.921124 0.000000 -0.389268 0.744720 0.744720 0.744720
7482.945312 0.000000 3534.030762 0.000000 0.831409 0.000000 -0.555661 0.756628 0.756628 0.756628
7513.307129 0.000000 3542.599365 0.000000 0.439580 0.000000 -0.898204 0.906670 0.906670 0.906670
7481.451172 0.000000 3607.166748 0.000000 0.957730 0.000000 -0.287670 0.749463 0.749463 0.749463
7503.266113 0.000000 3566.350342 0.000000 0.402740 0.000000 0.915314 0.506012 0.506012 0.506012
7503.195801 0.000000 3572.883057 0.000000 0.312686 0.000000 0.949857 0.603669 0.603669 0.603669
7522.799316 0.000000 3532.552979 0.000000 0.892605 0.000000 -0.450839 0.758849 0.758849 0.758849
7486.341797 0.000000 3581.672607 0.000000 0.565302 0.000000 -0.824884 0.900028 0.900028 0.900028
7489.502441 0.000000 3546.491943 0.000000 0.686696 0.000000 0.726945 0.573416 0.573416 0.573416
7531.286133 0.000000 3557.778076 0.000000 0.937008 0.000000 0.349307 0.644500 0.644500 0.644500
7529.032715 0.000000 3555.008545 0.000000 0.997378 0.000000 -0.072367 0.710886 0.710886 0.710886
7490.359863 0.000000 3595.369385 0.000000 0.764527 0.000000 -0.644592 0.812623 0.812623 0.812623
7483.468262 0.000000 3548.746094 0.000000 0.952409 0.000000 -0.304823 0.728149 0.728149 0.728149
7500.571289 0.000000 3579.247559 0.000000 0.792716 0.000000 -0.609591 0.771028 0.771028 0.771028
7499.168457 0.000000 3572.478516 0.000000 0.876580 0.000000 0.481256 0.659638 0.659638 0.659638
7501.651855 0.000000 3565.257568 0.000000 0.422885 0.000000 -0.906183 0.908116 0.908116 0.908116
7519.397949 0.000000 3548.468994 0.000000 0.643886 0.000000 0.765122 0.588854 0.588854 0.588854
7525.076172 0.000000 3634.241699 0.000000 0.943168 0.000000 0.332317 0.634879 0.634879 0.634879
7523.505859 0.000000 3632.962891 0.000000 0.737828 0.000000 0.674989 0.580872 0.580872 0.580872
7524.778320 0.000000 3636.190674 0.000000 0.982765 0.000000 -0.184858 0.723070 0.723070 0.723070
7525.902832 0.000000 3550.892578 0.000000 0.376997 0.000000 0.926215 0.582035 0.582035 0.582035
7510.294922 0.000000 3547.454102 0.000000 0.999174 0.000000 -0.040646 0.706537 0.706537 0.706537
7498.797852 0.000000 3590.630615 0.000000 0.352207 0.000000 -0.935922 0.814269 0.814269 0.814269
7521.460449 0.000000 3549.797852 0.000000 0.994530 0.000000 0.104453 0.682444 0.682444 0.682444
7502.789551 0.000000 3590.334961 0.000000 0.965620 0.000000 0.259959 0.635659 0.635659 0.635659
7489.188965 0.000000 3582.195312 0.000000 0.021489 0.000000 -0.999769 0.873283 0.873283 0.873283
7525.249512 0.000000 3534.909424 0.000000 0.893799 0.000000 0.448467 0.629294 0.629294 0.629294
7525.381836 0.000000 3538.226318 0.000000 0.755631 0.000000 0.654997 0.563958 0.563958 0.563958
7529.575684 0.000000 3557.133789 0.000000 0.303564 0.000000 0.952811 0.578665 0.578665 0.578665
7496.588379 0.000000 3588.570312 0.000000 0.983292 0.000000 -0.182033 0.718874 0.718874 0.718874
7481.365723 0.000000 3579.147949 0.000000 0.544079 0.000000 0.839034 0.595616 0.595616 0.595616
7491.782715 0.000000 3584.955078 0.000000 0.622543 0.000000 -0.782586 0.838225 0.838225 0.838225
7494.319824 0.000000 3554.690918 0.000000 0.406597 0.000000 0.913608 0.448333 0.448333 0.448333
7482.227051 0.000000 3550.462891 0.000000 0.644165 0.000000 -0.764886 0.801968 0.801968 0.801968
7486.088867 0.000000 3547.190430 0.000000 0.595512 0.000000 0.803346 0.528817 0.528817 0.528817
7503.742676 0.000000 3574.462646 0.000000 0.833839 0.000000 -0.552008 0.817522 0.817522 0.817522
7494.970703 0.000000 3556.990723 0.000000 0.924555 0.000000 -0.381049 0.775833 0.775833 0.775833
7501.835938 0.000000 3561.862549 0.000000 0.891281 0.000000 -0.453452 0.755106 0.755106 0.755106
7490.676270 0.000000 3586.803955 0.000000 0.017337 0.000000 0.999850 0.461098 0.461098 0.461098
7526.336914 0.000000 3540.652588 0.000000 0.137993 0.000000 -0.990433 0.922782 0.922782 0.922782
7499.090332 0.000000 3558.622314 0.000000 0.914639 0.000000 0.404271 0.653452 0.653452 0.653452
7520.966797 0.000000 3533.247314 0.000000 0.952159 0.000000 -0.305603 0.738535 0.738535 0.738535
7505.116211 0.000000 3569.871338 0.000000 0.198369 0.000000 -0.980127 0.877313 0.877313 0.877313
7500.291504 0.000000 3571.294922 0.000000 0.680518 0.000000 0.732731 0.556292 0.556292 0.556292
7527.312012 0.000000 3541.963379 0.000000 0.697395 0.000000 0.716687 0.575721 0.575721 0.575721
7533.881348 0.000000 3558.337402 0.000000 0.017520 0.000000 -0.999847 0.906300 0.906300 0.906300
7497.256836 0.000000 3591.272949 0.000000 0.101938 0.000000 -0.994791 0.925865 0.925865 0.925865
7482.726562 0.000000 3582.335693 0.000000 0.970664 0.000000 0.240440 0.667325 0.667325 0.667325
7497.502930 0.000000 3558.677246 0.000000 0.990128 0.000000 0.140163 0.679357 0.679357 0.679357
7502.138184 0.000000 3579.021484 0.000000 0.794653 0.000000 -0.607064 0.793484 0.793484 0.793484
7492.240723 0.000000 3588.248291 0.000000 0.366969 0.000000 -0.930233 0.913022 0.913022 0.913022
7491.734863 0.000000 3549.379150 0.000000 0.591057 0.000000 -0.806629 0.886958 0.886958 0.886958
7481.443848 0.000000 3533.741699 0.000000 0.454770 0.000000 -0.890609 0.920805 0.920805 0.920805
7514.571777 0.000000 3543.803955 0.000000 0.061990 0.000000 0.998077 0.399417 0.399417 0.399417
7517.115723 0.000000 3543.308838 0.000000 0.628529 0.000000 0.777786 0.544266 0.544266 0.544266
7522.870117 0.000000 3549.259277 0.000000 0.541103 0.000000 -0.840957 0.872846 0.872846 0.872846
7527.920898 0.000000 3634.588623 0.000000 0.724967 0.000000 0.688784 0.568545 0.568545 0.568545
7504.965820 0.000000 3571.958008 0.000000 0.988364 0.000000 0.152110 0.645827 0.645827 0.645827
7500.929199 0.000000 3576.087402 0.000000 0.881360 0.000000 0.472444 0.630346 0.630346 0.630346
7491.394043 0.000000 3594.295654 0.000000 0.964759 0.000000 0.263134 0.657190 0.657190 0.657190
7489.491699 0.000000 3580.789307 0.000000 0.836590 0.000000 -0.547829 0.783082 0.783082 0.783082
7492.819824 0.000000 3554.278076 0.000000 0.167933 0.000000 0.985798 0.339817 0.339817 0.339817
7528.292480 0.000000 3553.165283 0.000000 0.950236 0.000000 0.311531 0.635224 0.635224 0.635224
7490.094727 0.000000 3549.929443 0.000000 0.253952 0.000000 0.967217 0.438212 0.438212 0.438212
7502.287598 0.000000 3591.605225 0.000000 0.333659 0.000000 -0.942694 1.001084 1.001084 1.001084
7484.678711 0.000000 3576.968506 0.000000 0.641777 0.000000 0.766891 0.551846 0.551846 0.551846
7486.402344 0.000000 3585.696045 0.000000 0.927319 0.000000 0.374272 0.627597 0.627597 0.627597
7494.214844 0.000000 3555.951416 0.000000 0.321777 0.000000 -0.946815 0.971572 0.971572 0.971572
7487.012207 0.000000 3584.539551 0.000000 0.836121 0.000000 -0.548545 0.809586 0.809586 0.809586
7527.102539 0.000000 3550.603027 0.000000 0.910031 0.000000 -0.414539 0.784409 0.784409 0.784409
7500.820801 0.000000 3591.354980 0.000000 0.999873 0.000000 -0.015957 0.703932 0.703932 0.703932
7505.325195 0.000000 3570.969482 0.000000 0.998941 0.000000 0.046011 0.683671 0.683671 0.683671
7647.628418 0.000000 3633.839355 0.000000 0.116399 0.000000 0.993203 0.677129 0.677129 0.677129
7652.262695 0.000000 3635.077148 0.000000 0.981536 0.000000 0.191279 0.696973 0.696973 0.696973
7643.374512 0.000000 3634.888672 0.000000 0.191412 0.000000 0.981510 0.671098 0.671098 0.671098
7312.732422 0.000000 3728.273926 0.000000 0.527374 0.000000 0.849634 0.698226 0.698226 0.698226
7383.286621 0.000000 3667.088379 0.000000 0.607597 0.000000 0.794245 0.691981 0.691981 0.691981
7308.193359 0.000000 3736.860107 0.000000 0.356603 0.000000 0.934256 0.453378 0.453378 0.453378
7351.357910 0.000000 3729.879883 0.000000 0.889861 0.000000 -0.456232 0.709935 0.709935 0.709935
7320.408691 0.000000 3732.006836 0.000000 0.726538 0.000000 0.687126 0.696028 0.696028 0.696028
7353.253906 0.000000 3661.176025 0.000000 0.476273 0.000000 -0.879298 0.868982 0.868982 0.868982
7314.709961 0.000000 3740.456543 0.000000 0.012201 0.000000 0.999926 0.375871 0.375871 0.375871
7376.715332 0.000000 3668.102295 0.000000 0.969285 0.000000 0.245939 0.680459 0.680459 0.680459
7336.684082 0.000000 3684.461182 0.000000 0.887170 0.000000 -0.461443 0.761187 0.761187 0.761187
7341.682617 0.000000 3672.556885 0.000000 0.203500 0.000000 -0.979075 0.776383 0.776383 0.776383
7314.609863 0.000000 3734.349121 0.000000 0.988586 0.000000 -0.150659 0.723787 0.723787 0.723787
7389.187012 0.000000 3665.622070 0.000000 0.779269 0.000000 -0.626689 0.781671 0.781671 0.781671
7382.585449 0.000000 3661.251709 0.000000 0.995802 0.000000 -0.091536 0.722266 0.722266 0.722266
7342.421387 0.000000 3686.124023 0.000000 0.546816 0.000000 -0.837252 0.885540 0.885540 0.885540
7307.785645 0.000000 3742.754883 0.000000 0.361086 0.000000 0.932533 0.578230 0.578230 0.578230
7319.249023 0.000000 3690.908447 0.000000 0.427800 0.000000 -0.903874 0.749314 0.749314 0.749314
7318.632324 0.000000 3672.640869 0.000000 0.032008 0.000000 0.999488 0.651595 0.651595 0.651595
7387.971191 0.000000 3670.703125 0.000000 0.016336 0.000000 -0.999867 0.803229 0.803229 0.803229
7347.522949 0.000000 3733.459473 0.000000 0.740579 0.000000 0.671970 0.562213 0.562213 0.562213
7309.477539 0.000000 3732.053223 0.000000 0.963085 0.000000 0.269198 0.668563 0.668563 0.668563
7377.153320 0.000000 3654.388916 0.000000 0.999926 0.000000 0.012179 0.699106 0.699106 0.699106
7378.105469 0.000000 3663.422607 0.000000 0.746186 0.000000 0.665737 0.526861 0.526861 0.526861
7314.378906 0.000000 3694.876465 0.000000 0.895374 0.000000 -0.445316 0.708872 0.708872 0.708872
7357.663574 0.000000 3641.711914 0.000000 0.757992 0.000000 -0.652263 0.714901 0.714901 0.714901
7318.761230 0.000000 3736.464111 0.000000 0.766608 0.000000 0.642116 0.567182 0.567182 0.567182
7314.067871 0.000000 3673.520996 0.000000 0.926397 0.000000 -0.376547 0.714168 0.714168 0.714168
7323.751465 0.000000 3735.555176 0.000000 0.483404 0.000000 0.875397 0.659006 0.659006 0.659006
7392.908691 0.000000 3662.146484 0.000000 0.009000 0.000000 -0.999960 0.992043 0.992043 0.992043
7351.186523 0.000000 3735.693848 0.000000 0.369282 0.000000 0.929317 0.608300 0.608300 0.608300
7319.078125 0.000000 3742.423828 0.000000 0.824378 0.000000 0.566040 0.579076 0.579076 0.579076
7372.072266 0.000000 3657.789551 0.000000 0.435432 0.000000 -0.900222 0.772438 0.772438 0.772438
7379.900391 0.000000 3658.179932 0.000000 0.875057 0.000000 0.484021 0.518994 0.518994 0.518994
7386.778809 0.000000 3662.343750 0.000000 0.753798 0.000000 0.657106 0.580968 0.580968 0.580968
7356.924316 0.000000 3662.778320 0.000000 0.276037 0.000000 -0.961147 0.806049 0.806049 0.806049
7340.347656 0.000000 3682.679932 0.000000 0.033579 0.000000 -0.999436 0.742982 0.742982 0.742982
7311.947754 0.000000 3737.670654 0.000000 0.628206 0.000000 -0.778047 0.885409 0.885409 0.885409
7385.094238 0.000000 3658.390381 0.000000 0.895161 0.000000 0.445742 0.615224 0.615224 0.615224
7373.582520 0.000000 3665.843506 0.000000 0.997831 0.000000 -0.065833 0.715543 0.715543 0.715543
7332.918457 0.000000 3685.451172 0.000000 0.633138 0.000000 0.774039 0.652044 0.652044 0.652044
7311.501465 0.000000 3742.646240 0.000000 0.059282 0.000000 -0.998241 0.935088 0.935088 0.935088
7335.508301 0.000000 3688.112793 0.000000 0.154232 0.000000 -0.988035 0.964770 0.964770 0.964770
7342.458008 0.000000 3668.927002 0.000000 0.539887 0.000000 0.841738 0.644050 0.644050 0.644050
7322.965820 0.000000 3689.747070 0.000000 0.886516 0.000000 -0.462699 0.751280 0.751280 0.751280
7326.491211 0.000000 3737.994629 0.000000 0.884088 0.000000 0.467321 0.688953 0.688953 0.688953
7334.909180 0.000000 3691.767090 0.000000 0.954158 0.000000 -0.299304 0.723373 0.723373 0.723373
7341.877930 0.000000 3689.908447 0.000000 0.305468 0.000000 0.952202 0.466525 0.466525 0.466525
7345.961426 0.000000 3686.818848 0.000000 0.959152 0.000000 0.282891 0.674939 0.674939 0.674939
7332.768555 0.000000 3669.101318 0.000000 0.985414 0.000000 0.170175 0.658161 0.658161 0.658161
7392.309570 0.000000 3666.979736 0.000000 0.023833 0.000000 -0.999716 0.916275 0.916275 0.916275
7379.962402 0.000000 3666.334717 0.000000 0.756001 0.000000 -0.654571 0.827204 0.827204 0.827204
7339.183594 0.000000 3686.973633 0.000000 0.955336 0.000000 0.295522 0.643902 0.643902 0.643902
7338.941406 0.000000 3670.624512 0.000000 0.669633 0.000000 -0.742692 0.856527 0.856527 0.856527
7329.616211 0.000000 3686.447021 0.000000 0.444601 0.000000 0.895729 0.523466 0.523466 0.523466
7355.362305 0.000000 3665.921631 0.000000 0.494645 0.000000 0.869095 0.648456 0.648456 0.648456
7375.025879 0.000000 3662.483398 0.000000 0.201355 0.000000 -0.979518 1.266618 1.266618 1.266618
7323.078613 0.000000 3742.923828 0.000000 0.985526 0.000000 -0.169527 0.732449 0.732449 0.732449
7309.530273 0.000000 3740.073242 0.000000 0.377282 0.000000 -0.926098 0.786899 0.786899 0.786899
7316.062988 0.000000 3692.214111 0.000000 0.205235 0.000000 -0.978713 0.797738 0.797738 0.797738
7346.225098 0.000000 3730.475830 0.000000 0.690655 0.000000 -0.723184 0.851164 0.851164 0.851164
7386.453125 0.000000 3667.236328 0.000000 0.973774 0.000000 -0.227516 0.742919 0.742919 0.742919
7322.039062 0.000000 3697.297119 0.000000 0.341180 0.000000 0.939998 0.650857 0.650857 0.650857
7345.465332 0.000000 3690.180908 0.000000 0.826606 0.000000 -0.562781 0.806550 0.806550 0.806550
7317.737305 0.000000 3739.388672 0.000000 0.948829 0.000000 0.315792 0.648344 0.648344 0.648344
7315.237305 0.000000 3737.394043 0.000000 0.898894 0.000000 0.438166 0.609640 0.609640 0.609640
7321.004883 0.000000 3670.411621 0.000000 0.427392 0.000000 -0.904066 0.745387 0.745387 0.745387
7339.988281 0.000000 3664.368652 0.000000 0.984936 0.000000 -0.172922 0.709112 0.709112 0.709112
7384.118652 0.000000 3663.950439 0.000000 0.797556 0.000000 -0.603244 0.771295 0.771295 0.771295
7317.560059 0.000000 3733.456299 0.000000 0.669226 0.000000 -0.743059 0.726349 0.726349 0.726349
7352.329590 0.000000 3732.839600 0.000000 0.328973 0.000000 0.944340 0.656814 0.656814 0.656814
7311.358398 0.000000 3734.703369 0.000000 0.995205 0.000000 -0.097807 0.719688 0.719688 0.719688
7374.673340 0.000000 3656.111328 0.000000 0.900102 0.000000 -0.435679 0.770114 0.770114 0.770114
7335.278809 0.000000 3667.412109 0.000000 0.041763 0.000000 -0.999128 0.985914 0.985914 0.985914
7324.486816 0.000000 3664.054199 0.000000 0.832783 0.000000 0.553600 0.675393 0.675393 0.675393
7390.074707 0.000000 3662.822998 0.000000 0.376247 0.000000 -0.926519 0.921595 0.921595 0.921595
7329.087891 0.000000 3689.733887 0.000000 0.596246 0.000000 0.802801 0.525728 0.525728 0.525728
7327.488281 0.000000 3684.453125 0.000000 0.982429 0.000000 -0.186638 0.706890 0.706890 0.706890
7330.283203 0.000000 3664.062256 0.000000 0.998106 0.000000 -0.061521 0.705056 0.705056 0.705056
7324.420410 0.000000 3695.660156 0.000000 0.616525 0.000000 -0.787335 0.741188 0.741188 0.741188
7350.792480 0.000000 3662.856201 0.000000 0.644676 0.000000 0.764456 0.668064 0.668064 0.668064
7390.394531 0.000000 3669.087402 0.000000 0.325803 0.000000 0.945438 0.541945 0.541945 0.541945
7318.696289 0.000000 3693.760986 0.000000 0.999389 0.000000 -0.034964 0.705195 0.705195 0.705195
7381.020020 0.000000 3663.687988 0.000000 0.906786 0.000000 0.421592 0.625466 0.625466 0.625466
7378.502441 0.000000 3660.656738 0.000000 0.904912 0.000000 -0.425598 0.863643 0.863643 0.863643
7325.517578 0.000000 3690.969238 0.000000 0.998662 0.000000 0.051709 0.690326 0.690326 0.690326
7355.781250 0.000000 3660.020752 0.000000 0.764825 0.000000 -0.644238 0.830899 0.830899 0.830899
7313.012207 0.000000 3669.606445 0.000000 0.622933 0.000000 -0.782275 0.739247 0.739247 0.739247
7307.709473 0.000000 3734.173828 0.000000 0.709094 0.000000 0.705114 0.638457 0.638457 0.638457
7373.361328 0.000000 3660.205566 0.000000 0.062318 0.000000 -0.998056 1.145505 1.145505 1.145505
7382.470215 0.000000 3657.315430 0.000000 0.987125 0.000000 0.159953 0.685402 0.685402 0.685402
7348.841797 0.000000 3731.082031 0.000000 0.820247 0.000000 -0.572010 0.803227 0.803227 0.803227
7316.979980 0.000000 3667.799072 0.000000 0.636310 0.000000 -0.771434 0.781608 0.781608 0.781608
7356.840332 0.000000 3639.020020 0.000000 0.575499 0.000000 -0.817802 0.746857 0.746857 0.746857
7321.145020 0.000000 3735.225830 0.000000 0.580630 0.000000 -0.814168 0.759849 0.759849 0.759849
7353.846680 0.000000 3663.725098 0.000000 0.733281 0.000000 -0.679926 0.799302 0.799302 0.799302
7376.452637 0.000000 3665.451660 0.000000 0.936008 0.000000 -0.351978 0.819430 0.819430 0.819430
7316.275879 0.000000 3742.552490 0.000000 0.959628 0.000000 0.281274 0.641204 0.641204 0.641204
7318.452148 0.000000 3670.058105 0.000000 0.635059 0.000000 -0.772464 0.807983 0.807983 0.807983
7349.406738 0.000000 3726.483887 0.000000 0.764796 0.000000 0.644273 0.642499 0.642499 0.642499
7377.664551 0.000000 3656.924805 0.000000 0.989809 0.000000 0.142401 0.672033 0.672033 0.672033
7393.466309 0.000000 3664.725098 0.000000 0.296836 0.000000 0.954929 0.462629 0.462629 0.462629
7326.809570 0.000000 3665.934814 0.000000 0.253891 0.000000 -0.967233 0.778081 0.778081 0.778081
7343.925293 0.000000 3688.220459 0.000000 0.010097 0.000000 0.999949 0.408163 0.408163 0.408163
7312.259277 0.000000 3740.113770 0.000000 0.973740 0.000000 0.227662 0.651433 0.651433 0.651433
7387.219727 0.000000 3659.926270 0.000000 0.000410 0.000000 -1.000000 0.916806 0.916806 0.916806
7332.516602 0.000000 3691.460938 0.000000 0.744871 0.000000 0.667208 0.641280 0.641280 0.641280
7316.718262 0.000000 3695.522217 0.000000 0.710343 0.000000 0.703855 0.620857 0.620857 0.620857
7323.132324 0.000000 3669.241455 0.000000 0.937476 0.000000 0.348051 0.657755 0.657755 0.657755
7353.623047 0.000000 3658.784180 0.000000 0.962134 0.000000 -0.272578 0.719298 0.719298 0.719298
7340.972168 0.000000 3666.913818 0.000000 0.802013 0.000000 0.597306 0.657490 0.657490 0.657490
7320.014160 0.000000 3738.584473 0.000000 0.196276 0.000000 -0.980549 0.961583 0.961583 0.961583
7324.679688 0.000000 3739.511230 0.000000 0.356416 0.000000 -0.934327 0.925580 0.925580 0.925580
7314.012695 0.000000 3743.475830 0.000000 0.047638 0.000000 0.998865 0.388568 0.388568 0.388568
7337.018555 0.000000 3669.150635 0.000000 0.425080 0.000000 0.905156 0.488373 0.488373 0.488373
7349.877441 0.000000 3733.172363 0.000000 0.121430 0.000000 0.992600 0.429037 0.429037 0.429037
7327.988770 0.000000 3691.835449 0.000000 0.779101 0.000000 0.626899 0.587510 0.587510 0.587510
7384.884766 0.000000 3660.733154 0.000000 0.992238 0.000000 0.124350 0.675380 0.675380 0.675380
7370.986328 0.000000 3659.925781 0.000000 0.206419 0.000000 0.978464 0.607112 0.607112 0.607112
7330.440430 0.000000 3669.185791 0.000000 0.339465 0.000000 -0.940619 1.070190 1.070190 1.070190
7386.856445 0.000000 3664.999023 0.000000 0.431465 0.000000 -0.902130 0.772722 0.772722 0.772722
7321.995117 0.000000 3737.362305 0.000000 0.846157 0.000000 -0.532933 0.805101 0.805101 0.805101
7348.987793 0.000000 3728.788086 0.000000 0.340243 0.000000 0.940338 0.623018 0.623018 0.623018
7339.099121 0.000000 3684.583008 0.000000 0.399546 0.000000 0.916713 0.554070 0.554070 0.554070
7331.108887 0.000000 3667.016357 0.000000 0.061129 0.000000 0.998130 0.275249 0.275249 0.275249
7326.364258 0.000000 3668.129395 0.000000 0.925922 0.000000 -0.377714 0.772427 0.772427 0.772427
7388.594238 0.000000 3667.735840 0.000000 0.847599 0.000000 -0.530637 0.804594 0.804594 0.804594
7335.053223 0.000000 3685.941895 0.000000 0.976085 0.000000 -0.217387 0.719531 0.719531 0.719531
7317.878418 0.000000 3744.278809 0.000000 0.799137 0.000000 0.601150 0.590673 0.590673 0.590673
7337.070801 0.000000 3665.496582 0.000000 0.932848 0.000000 0.360269 0.669084 0.669084 0.669084
7321.337891 0.000000 3691.719238 0.000000 0.833364 0.000000 -0.552724 0.766523 0.766523 0.766523
7324.376465 0.000000 3692.923340 0.000000 0.967820 0.000000 0.251644 0.662214 0.662214 0.662214
7320.815918 0.000000 3695.458984 0.000000 0.297759 0.000000 -0.954641 0.937190 0.937190 0.937190
7391.208984 0.000000 3664.802002 0.000000 0.095967 0.000000 0.995385 0.424247 0.424247 0.424247
7327.893066 0.000000 3739.666260 0.000000 0.605812 0.000000 0.795608 0.611571 0.611571 0.611571
7321.148926 0.000000 3741.576416 0.000000 0.586826 0.000000 0.809713 0.574666 0.574666 0.574666
7316.538574 0.000000 3735.529785 0.000000 0.974309 0.000000 -0.225216 0.728980 0.728980 0.728980
7333.996582 0.000000 3689.825684 0.000000 0.948081 0.000000 0.318028 0.639480 0.639480 0.639480
7332.363770 0.000000 3671.161133 0.000000 0.652142 0.000000 -0.758097 0.760144 0.760144 0.760144
7344.667480 0.000000 3731.977295 0.000000 0.640046 0.000000 -0.768336 0.863849 0.863849 0.863849
7341.153809 0.000000 3687.855225 0.000000 0.466933 0.000000 -0.884293 0.902881 0.902881 0.902881
7334.925293 0.000000 3664.840576 0.000000 0.989551 0.000000 -0.144182 0.713148 0.713148 0.713148
7340.182129 0.000000 3668.901611 0.000000 0.442190 0.000000 -0.896921 0.898353 0.898353 0.898353
7337.597656 0.000000 3688.436768 0.000000 0.977254 0.000000 -0.212071 0.733610 0.733610 0.733610
7313.135742 0.000000 3735.943359 0.000000 0.375213 0.000000 0.926939 0.463686 0.463686 0.463686
7391.416992 0.000000 3660.575195 0.000000 0.343805 0.000000 -0.939041 0.883331 0.883331 0.883331
7380.564941 0.000000 3660.235840 0.000000 0.987237 0.000000 -0.159259 0.750032 0.750032 0.750032
7383.184082 0.000000 3659.251465 0.000000 0.779105 0.000000 -0.626893 0.859852 0.859852 0.859852
7374.094238 0.000000 3658.261719 0.000000 0.766244 0.000000 0.642550 0.485368 0.485368 0.485368
7333.411621 0.000000 3687.509277 0.000000 0.952874 0.000000 0.303368 0.646674 0.646674 0.646674
7371.494629 0.000000 3665.837646 0.000000 0.687244 0.000000 -0.726426 0.790942 0.790942 0.790942
7322.030273 0.000000 3667.400391 0.000000 0.954382 0.000000 0.298588 0.672976 0.672976 0.672976
7355.048340 0.000000 3661.992920 0.000000 0.432841 0.000000 -0.901470 0.910020 0.910020 0.910020
7313.679199 0.000000 3738.651123 0.000000 0.763381 0.000000 0.645949 0.553955 0.553955 0.553955
7388.639648 0.000000 3661.300049 0.000000 0.781682 0.000000 -0.623677 0.825927 0.825927 0.825927
7319.500000 0.000000 3740.497559 0.000000 0.131982 0.000000 -0.991252 0.898588 0.898588 0.898588
7309.986816 0.000000 3738.045654 0.000000 0.988986 0.000000 -0.148011 0.723365 0.723365 0.723365
7325.042969 0.000000 3669.821533 0.000000 0.936159 0.000000 0.351576 0.632823 0.632823 0.632823
7337.247070 0.000000 3686.486816 0.000000 0.606661 0.000000 0.794961 0.528166 0.528166 0.528166
7334.892578 0.000000 3669.448242 0.000000 0.156490 0.000000 0.987679 0.462833 0.462833 0.462833
7373.398926 0.000000 3663.762939 0.000000 0.793748 0.000000 -0.608246 0.912534 0.912534 0.912534
7386.428223 0.000000 3669.290039 0.000000 0.991045 0.000000 0.133527 0.674957 0.674957 0.674957
7339.982422 0.000000 3689.537109 0.000000 0.709876 0.000000 0.704327 0.600305 0.600305 0.600305
7343.648438 0.000000 3691.028320 0.000000 0.998677 0.000000 0.051429 0.690379 0.690379 0.690379
7376.523926 0.000000 3661.149658 0.000000 0.915394 0.000000 0.402560 0.526229 0.526229 0.526229
7379.852539 0.000000 3662.087158 0.000000 0.911726 0.000000 -0.410798 0.800613 0.800613 0.800613
7324.580078 0.000000 3737.382568 0.000000 0.027988 0.000000 -0.999608 0.824024 0.824024 0.824024
7326.586914 0.000000 3686.231934 0.000000 0.221871 0.000000 0.975076 0.516380 0.516380 0.516380
7331.530273 0.000000 3686.866455 0.000000 0.238873 0.000000 0.971051 0.481584 0.481584 0.481584
7341.298828 0.000000 3670.662354 0.000000 0.988575 0.000000 -0.150731 0.726707 0.726707 0.726707
7309.474121 0.000000 3735.188721 0.000000 0.461062 0.000000 0.887368 0.478710 0.478710 0.478710
7309.634277 0.000000 3742.089600 0.000000 0.357927 0.000000 -0.933750 0.895802 0.895802 0.895802
7324.788574 0.000000 3689.210205 0.000000 0.390444 0.000000 -0.920627 0.918721 0.918721 0.918721
7378.370605 0.000000 3665.308838 0.000000 0.983216 0.000000 0.182445 0.655752 0.655752 0.655752
7313.277832 0.000000 3741.726074 0.000000 0.952636 0.000000 -0.304112 0.765342 0.765342 0.765342
7330.724121 0.000000 3690.786621 0.000000 0.676964 0.000000 -0.736016 0.775168 0.775168 0.775168
7320.680664 0.000000 3743.632568 0.000000 0.156490 0.000000 0.987680 0.423305 0.423305 0.423305
7324.314941 0.000000 3741.379639 0.000000 0.438434 0.000000 0.898764 0.491141 0.491141 0.491141
7375.166504 0.000000 3666.910889 0.000000 0.186397 0.000000 0.982474 0.395403 0.395403 0.395403
7317.158691 0.000000 3737.575684 0.000000 0.808172 0.000000 -0.588946 0.821060 0.821060 0.821060
7324.907715 0.000000 3743.478271 0.000000 0.278888 0.000000 0.960324 0.501897 0.501897 0.501897
7388.367676 0.000000 3663.921387 0.000000 0.997851 0.000000 0.065517 0.687740 0.687740 0.687740
7346.883789 0.000000 3725.474609 0.000000 0.968854 0.000000 -0.247633 0.731924 0.731924 0.731924
7328.595703 0.000000 3743.469238 0.000000 0.817219 0.000000 -0.576327 0.814855 0.814855 0.814855
7344.153809 0.000000 3730.153564 0.000000 0.932859 0.000000 0.360241 0.631089 0.631089 0.631089
7340.936035 0.000000 3684.841309 0.000000 1.000000 0.000000 0.000040 0.699995 0.699995 0.699995
7327.184082 0.000000 3690.111328 0.000000 0.933128 0.000000 0.359543 0.638941 0.638941 0.638941
7377.872559 0.000000 3658.854492 0.000000 0.606497 0.000000 -0.795085 1.038927 1.038927 1.038927
7390.361328 0.000000 3667.190918 0.000000 0.511066 0.000000 0.859541 0.506581 0.506581 0.506581
7317.653320 0.000000 3741.249268 0.000000 0.426691 0.000000 -0.904397 0.921167 0.921167 0.921167
7328.235352 0.000000 3687.645020 0.000000 0.779361 0.000000 0.626575 0.592313 0.592313 0.592313
7315.936035 0.000000 3739.091797 0.000000 0.987366 0.000000 -0.158458 0.726975 0.726975 0.726975
7308.145508 0.000000 3738.878418 0.000000 0.977772 0.000000 0.209673 0.666776 0.666776 0.666776
7333.427734 0.000000 3667.334473 0.000000 0.887702 0.000000 -0.460419 0.812882 0.812882 0.812882
7345.662109 0.000000 3728.694580 0.000000 0.989912 0.000000 -0.141680 0.726582 0.726582 0.726582
7330.016602 0.000000 3688.194336 0.000000 0.958659 0.000000 0.284556 0.646045 0.646045 0.646045
7350.873047 0.000000 3731.614258 0.000000 0.422964 0.000000 0.906147 0.592977 0.592977 0.592977
7322.604004 0.000000 3695.554688 0.000000 0.104208 0.000000 -0.994556 0.907575 0.907575 0.907575
7375.837891 0.000000 3657.415527 0.000000 0.967990 0.000000 0.250989 0.660540 0.660540 0.660540
7325.735352 0.000000 3671.546631 0.000000 0.805187 0.000000 0.593021 0.633437 0.633437 0.633437
7320.437988 0.000000 3693.511963 0.000000 0.879411 0.000000 0.476063 0.607220 0.607220 0.607220
7310.987793 0.000000 3732.981689 0.000000 0.299919 0.000000 0.953965 0.553957 0.553957 0.553957
7314.719727 0.000000 3668.921143 0.000000 0.992409 0.000000 0.122981 0.681255 0.681255 0.681255
7382.604980 0.000000 3662.976807 0.000000 0.115971 0.000000 -0.993253 0.855060 0.855060 0.855060
7310.769531 0.000000 3736.382568 0.000000 0.525173 0.000000 0.850996 0.488320 0.488320 0.488320
7374.965332 0.000000 3664.559326 0.000000 0.988909 0.000000 0.148522 0.646333 0.646333 0.646333
7376.396484 0.000000 3663.610840 0.000000 0.993834 0.000000 -0.110881 0.740582 0.740582 0.740582
7378.097168 0.000000 3667.075195 0.000000 0.821607 0.000000 -0.570055 0.808124 0.808124 0.808124
7326.262207 0.000000 3740.305908 0.000000 0.039478 0.000000 0.999220 0.413658 0.413658 0.413658
7323.047852 0.000000 3691.468994 0.000000 0.306313 0.000000 0.951931 0.464488 0.464488 0.464488
7317.230957 0.000000 3671.277832 0.000000 0.874735 0.000000 -0.484601 0.785759 0.785759 0.785759
7352.135254 0.000000 3663.876465 0.000000 0.625594 0.000000 -0.780149 0.818858 0.818858 0.818858
7385.066406 0.000000 3662.488770 0.000000 0.494668 0.000000 -0.869082 0.815971 0.815971 0.815971
7327.851562 0.000000 3668.846924 0.000000 0.193533 0.000000 0.981094 0.442693 0.442693 0.442693
7374.921875 0.000000 3660.721924 0.000000 0.803569 0.000000 0.595211 0.457119 0.457119 0.457119
7307.472168 0.000000 3744.452637 0.000000 0.330815 0.000000 0.943696 0.486569 0.486569 0.486569
7347.372070 0.000000 3729.235840 0.000000 0.942946 0.000000 -0.332944 0.763469 0.763469 0.763469
7346.358398 0.000000 3732.290283 0.000000 0.015608 0.000000 0.999878 0.409193 0.409193 0.409193
7323.365234 0.000000 3738.490723 0.000000 0.348958 0.000000 0.937138 0.472929 0.472929 0.472929
7349.797363 0.000000 3734.791992 0.000000 0.817313 0.000000 0.576194 0.629174 0.629174 0.629174
7342.071777 0.000000 3691.730469 0.000000 0.889046 0.000000 0.457819 0.611078 0.611078 0.611078
7381.510742 0.000000 3658.718018 0.000000 0.214712 0.000000 -0.976677 1.109478 1.109478 1.109478
7310.079590 0.000000 3743.807373 0.000000 0.715725 0.000000 0.698382 0.579750 0.579750 0.579750
7373.662109 0.000000 3667.619385 0.000000 0.934776 0.000000 0.355239 0.657477 0.657477 0.657477
7373.493164 0.000000 3661.825928 0.000000 0.890887 0.000000 0.454225 0.560746 0.560746 0.560746
7310.937500 0.000000 3741.125244 0.000000 0.958007 0.000000 -0.286745 0.746758 0.746758 0.746758
7371.278809 0.000000 3664.117676 0.000000 0.980571 0.000000 -0.196166 0.722083 0.722083 0.722083
7320.328125 0.000000 3736.963379 0.000000 0.267036 0.000000 -0.963687 0.943179 0.943179 0.943179
7322.716309 0.000000 3741.179932 0.000000 0.899352 0.000000 0.437226 0.621711 0.621711 0.621711
7345.137695 0.000000 3691.867676 0.000000 0.823423 0.000000 0.567428 0.592445 0.592445 0.592445
7393.742188 0.000000 3666.306641 0.000000 0.592597 0.000000 -0.805499 0.830931 0.830931 0.830931
7392.183105 0.000000 3663.554199 0.000000 0.979809 0.000000 -0.199937 0.737640 0.737640 0.737640
7336.847168 0.000000 3667.145752 0.000000 0.450654 0.000000 0.892699 0.493693 0.493693 0.493693
7379.570312 0.000000 3664.310547 0.000000 0.999152 0.000000 0.041180 0.690066 0.690066 0.690066
7314.801758 0.000000 3742.086670 0.000000 0.285162 0.000000 -0.958479 0.962050 0.962050 0.962050
7312.502930 0.000000 3743.926758 0.000000 0.969796 0.000000 0.243918 0.670288 0.670288 0.670288
7338.571777 0.000000 3669.106201 0.000000 0.235775 0.000000 0.971808 0.450781 0.450781 0.450781
7387.767090 0.000000 3666.358887 0.000000 0.837860 0.000000 -0.545885 0.807977 0.807977 0.807977
7318.418457 0.000000 3668.411377 0.000000 0.247154 0.000000 -0.968976 0.896236 0.896236 0.896236
7314.691895 0.000000 3735.943604 0.000000 0.878188 0.000000 -0.478316 0.778442 0.778442 0.778442
7316.914551 0.000000 3669.343750 0.000000 0.545349 0.000000 -0.838209 0.885868 0.885868 0.885868
7311.101562 0.000000 3739.077881 0.000000 0.996108 0.000000 0.088140 0.681184 0.681184 0.681184
7388.146484 0.000000 3669.191406 0.000000 0.999082 0.000000 -0.042845 0.707789 0.707789 0.707789
7328.153809 0.000000 3686.005859 0.000000 0.540282 0.000000 0.841484 0.540966 0.540966 0.540966
7340.572754 0.000000 3686.364746 0.000000 0.233978 0.000000 -0.972242 0.949564 0.949564 0.949564
7340.201660 0.000000 3671.733398 0.000000 0.680894 0.000000 -0.732382 0.845055 0.845055 0.845055
7318.256348 0.000000 3695.232666 0.000000 0.336935 0.000000 0.941528 0.470536 0.470536 0.470536
7319.749512 0.000000 3669.298096 0.000000 0.918810 0.000000 -0.394700 0.760271 0.760271 0.760271
7316.192383 0.000000 3740.603516 0.000000 0.708891 0.000000 0.705318 0.546769 0.546769 0.546769
7370.339844 0.000000 3662.829346 0.000000 0.103726 0.000000 -0.994606 0.925588 0.925588 0.925588
7372.108887 0.000000 3661.002441 0.000000 0.353685 0.000000 0.935365 0.342847 0.342847 0.342847
7381.340820 0.000000 3662.186768 0.000000 0.247274 0.000000 -0.968946 0.926227 0.926227 0.926227
7319.590332 0.000000 3692.327637 0.000000 0.944300 0.000000 -0.329086 0.749812 0.749812 0.749812
7327.517090 0.000000 3741.161621 0.000000 0.407638 0.000000 -0.913144 0.915214 0.915214 0.915214
7324.405762 0.000000 3668.510498 0.000000 0.222458 0.000000 0.974942 0.448223 0.448223 0.448223
7325.796875 0.000000 3692.442871 0.000000 0.089942 0.000000 0.995947 0.480045 0.480045 0.480045
7334.409668 0.000000 3666.211914 0.000000 0.687982 0.000000 0.725728 0.548146 0.548146 0.548146
7391.436035 0.000000 3662.095947 0.000000 0.717473 0.000000 0.696586 0.555899 0.555899 0.555899
7377.836426 0.000000 3661.950195 0.000000 0.981312 0.000000 0.192425 0.618786 0.618786 0.618786
7390.111816 0.000000 3661.193604 0.000000 0.446382 0.000000 0.894843 0.533464 0.533464 0.533464
7348.595703 0.000000 3732.496582 0.000000 0.131454 0.000000 0.991322 0.430927 0.430927 0.430927
7318.558594 0.000000 3737.875488 0.000000 0.599328 0.000000 0.800504 0.523203 0.523203 0.523203
7342.560059 0.000000 3688.640625 0.000000 0.176659 0.000000 -0.984272 0.960517 0.960517 0.960517
7317.686523 0.000000 3742.783203 0.000000 0.997174 0.000000 0.075125 0.684493 0.684493 0.684493
7323.526855 0.000000 3694.384766 0.000000 0.936480 0.000000 0.350721 0.649275 0.649275 0.649275
7379.201660 0.000000 3656.877686 0.000000 0.242539 0.000000 0.970142 0.449767 0.449767 0.449767
7344.165039 0.000000 3689.646240 0.000000 0.940221 0.000000 0.340566 0.638053 0.638053 0.638053
7327.502441 0.000000 3667.317627 0.000000 0.003787 0.000000 0.999993 0.415198 0.415198 0.415198
7347.377441 0.000000 3731.300537 0.000000 0.535749 0.000000 -0.844378 0.888002 0.888002 0.888002
7324.154297 0.000000 3690.585205 0.000000 0.016326 0.000000 -0.999867 0.990672 0.990672 0.990672
7385.848145 0.000000 3659.643555 0.000000 0.984587 0.000000 0.174898 0.667741 0.667741 0.667741
7354.308105 0.000000 3660.149658 0.000000 0.606873 0.000000 -0.794799 0.871785 0.871785 0.871785
7372.224121 0.000000 3659.301514 0.000000 0.974452 0.000000 -0.224597 0.736025 0.736025 0.736025
7335.796875 0.000000 3666.125977 0.000000 0.814789 0.000000 0.579758 0.584359 0.584359 0.584359
7383.913086 0.000000 3661.713867 0.000000 0.215031 0.000000 0.976607 0.371077 0.371077 0.371077
7382.012207 0.000000 3659.997070 0.000000 0.943360 0.000000 -0.331770 0.779785 0.779785 0.779785
7372.476074 0.000000 3664.860107 0.000000 0.289392 0.000000 -0.957211 1.001323 1.001323 1.001323
7313.870605 0.000000 3737.279541 0.000000 0.652113 0.000000 0.758122 0.524071 0.524071 0.524071
7320.841309 0.000000 3739.778564 0.000000 0.539728 0.000000 0.841840 0.509383 0.509383 0.509383
7327.273438 0.000000 3742.920654 0.000000 0.249903 0.000000 -0.968271 0.946495 0.946495 0.946495
7379.274902 0.000000 3659.467041 0.000000 0.945284 0.000000 -0.326249 0.819060 0.819060 0.819060
7386.298828 0.000000 3660.989990 0.000000 0.999587 0.000000 -0.028741 0.705375 0.705375 0.705375
7347.978027 0.000000 3726.352051 0.000000 0.821343 0.000000 0.570435 0.586490 0.586490 0.586490
7322.085449 0.000000 3743.843506 0.000000 0.926853 0.000000 0.375423 0.626691 0.626691 0.626691
7331.701172 0.000000 3668.229980 0.000000 0.150824 0.000000 -0.988561 1.129128 1.129128 1.129128
7339.679199 0.000000 3666.530029 0.000000 0.381397 0.000000 -0.924411 0.897880 0.897880 0.897880
7319.657227 0.000000 3694.700195 0.000000 0.776179 0.000000 -0.630513 0.827568 0.827568 0.827568
7329.971680 0.000000 3666.249512 0.000000 0.421578 0.000000 -0.906792 0.942118 0.942118 0.942118
7327.875977 0.000000 3688.931885 0.000000 0.546192 0.000000 0.837660 0.514320 0.514320 0.514320
7330.625488 0.000000 3689.406738 0.000000 0.978294 0.000000 0.207223 0.660968 0.660968 0.660968
7308.736328 0.000000 3743.789551 0.000000 0.924549 0.000000 -0.381064 0.763539 0.763539 0.763539
7316.578125 0.000000 3743.874756 0.000000 0.009485 0.000000 -0.999955 1.021966 1.021966 1.021966
7338.776367 0.000000 3671.929932 0.000000 0.858330 0.000000 0.513097 0.599251 0.599251 0.599251
7319.192871 0.000000 3743.867188 0.000000 0.766386 0.000000 -0.642380 0.840198 0.840198 0.840198
7323.467285 0.000000 3740.097656 0.000000 0.201281 0.000000 -0.979533 0.936701 0.936701 0.936701
7388.226562 0.000000 3662.598877 0.000000 0.196011 0.000000 0.980602 0.443166 0.443166 0.443166
7392.272949 0.000000 3665.643066 0.000000 0.721377 0.000000 0.692542 0.556950 0.556950 0.556950
7334.023438 0.000000 3668.486328 0.000000 0.894224 0.000000 0.447620 0.622138 0.622138 0.622138
7315.326660 0.000000 3743.559814 0.000000 0.190388 0.000000 -0.981709 0.982009 0.982009 0.982009
7321.396484 0.000000 3738.545410 0.000000 0.887933 0.000000 0.459972 0.608954 0.608954 0.608954
7309.530273 0.000000 3736.799316 0.000000 0.671682 0.000000 -0.740840 0.870591 0.870591 0.870591
7345.202637 0.000000 3688.580078 0.000000 0.549144 0.000000 -0.835728 0.876374 0.876374 0.876374
7329.172363 0.000000 3668.730225 0.000000 0.641566 0.000000 -0.767068 0.887924 0.887924 0.887924
7377.210449 0.000000 3659.972900 0.000000 0.978196 0.000000 0.207685 0.622856 0.622856 0.622856
7374.473145 0.000000 3659.499756 0.000000 0.947298 0.000000 -0.320355 0.800301 0.800301 0.800301
7341.334961 0.000000 3668.256836 0.000000 0.043004 0.000000 0.999075 0.427668 0.427668 0.427668
7333.226562 0.000000 3688.787109 0.000000 0.997055 0.000000 0.076689 0.685646 0.685646 0.685646
7376.849121 0.000000 3666.783447 0.000000 0.999990 0.000000 0.004538 0.698803 0.698803 0.698803
7342.986328 0.000000 3687.369629 0.000000 0.193281 0.000000 0.981143 0.442645 0.442645 0.442645
7325.942871 0.000000 3689.746094 0.000000 0.704731 0.000000 0.709475 0.552510 0.552510 0.552510
7390.786621 0.000000 3665.999023 0.000000 0.999112 0.000000 -0.042130 0.707880 0.707880 0.707880
7383.644043 0.000000 3660.442383 0.000000 0.884340 0.000000 0.466844 0.582012 0.582012 0.582012
7335.938965 0.000000 3686.908691 0.000000 0.351560 0.000000 -0.936165 0.926551 0.926551 0.926551
7335.265137 0.000000 3689.371826 0.000000 0.907854 0.000000 0.419287 0.619096 0.619096 0.619096
7377.355957 0.000000 3664.455078 0.000000 0.085840 0.000000 0.996309 0.206969 0.206969 0.206969
7376.794922 0.000000 3658.243896 0.000000 0.823935 0.000000 -0.566684 0.922157 0.922157 0.922157
7325.927246 0.000000 3739.109131 0.000000 0.864277 0.000000 0.503016 0.601440 0.601440 0.601440
7330.132324 0.000000 3667.831787 0.000000 0.843675 0.000000 0.536854 0.540552 0.540552 0.540552
7388.453125 0.000000 3660.072021 0.000000 0.758202 0.000000 -0.652019 0.832810 0.832810 0.832810
7387.327148 0.000000 3668.251709 0.000000 0.747790 0.000000 0.663935 0.564231 0.564231 0.564231
7318.972168 0.000000 3739.285889 0.000000 0.780198 0.000000 0.625533 0.572447 0.572447 0.572447
7393.480957 0.000000 3663.267578 0.000000 0.609165 0.000000 0.793043 0.528755 0.528755 0.528755
7386.163086 0.000000 3666.026855 0.000000 0.388652 0.000000 0.921385 0.480915 0.480915 0.480915
7312.677246 0.000000 3734.740479 0.000000 0.563513 0.000000 -0.826107 0.893679 0.893679 0.893679
7321.591797 0.000000 3742.727539 0.000000 0.919449 0.000000 -0.393209 0.779098 0.779098 0.779098
7332.362793 0.000000 3666.719482 0.000000 0.999871 0.000000 -0.016084 0.703795 0.703795 0.703795
7313.428711 0.000000 3740.476807 0.000000 0.774395 0.000000 0.632702 0.555144 0.555144 0.555144
7376.370605 0.000000 3662.352783 0.000000 0.984763 0.000000 0.173901 0.636159 0.636159 0.636159
7311.895996 0.000000 3735.920898 0.000000 0.488855 0.000000 0.872365 0.486966 0.486966 0.486966
7312.449219 0.000000 3738.802979 0.000000 0.988662 0.000000 -0.150159 0.731346 0.731346 0.731346
7312.065430 0.000000 3741.569580 0.000000 0.981603 0.000000 0.190934 0.659376 0.659376 0.659376
7310.247070 0.000000 3734.213379 0.000000 0.504806 0.000000 -0.863233 0.909341 0.909341 0.909341
7374.811523 0.000000 3665.766357 0.000000 0.730143 0.000000 0.683294 0.429183 0.429183 0.429183
7378.705566 0.000000 3658.027344 0.000000 0.081626 0.000000 0.996663 0.166530 0.166530 0.166530
7333.774902 0.000000 3669.701172 0.000000 0.951447 0.000000 0.307812 0.623447 0.623447 0.623447
7379.398926 0.000000 3663.175537 0.000000 0.840259 0.000000 -0.542185 0.836194 0.836194 0.836194
7381.479492 0.000000 3660.984131 0.000000 0.250032 0.000000 -0.968238 1.112319 1.112319 1.112319
7331.628906 0.000000 3669.449219 0.000000 0.590881 0.000000 0.806759 0.416217 0.416217 0.416217
7374.525879 0.000000 3663.505127 0.000000 0.808354 0.000000 -0.588697 0.960702 0.960702 0.960702
7379.598633 0.000000 3660.944336 0.000000 0.929710 0.000000 -0.368292 0.840397 0.840397 0.840397
7372.336426 0.000000 3663.480957 0.000000 0.008373 0.000000 -0.999965 1.207867 1.207867 1.207867
7383.994141 0.000000 3658.468018 0.000000 0.670717 0.000000 -0.741713 0.897143 0.897143 0.897143
7380.487793 0.000000 3659.097412 0.000000 0.960487 0.000000 0.278324 0.614728 0.614728 0.614728
7375.263184 0.000000 3658.303955 0.000000 0.312334 0.000000 -0.949972 1.085436 1.085436 1.085436
7377.528809 0.000000 3665.972412 0.000000 0.718794 0.000000 -0.695223 0.955250 0.955250 0.955250
7378.845703 0.000000 3661.665527 0.000000 0.883828 0.000000 -0.467811 0.881209 0.881209 0.881209
7375.869629 0.000000 3660.296143 0.000000 0.300926 0.000000 0.953648 0.218018 0.218018 0.218018
7375.581055 0.000000 3661.596924 0.000000 0.732879 0.000000 -0.680359 0.985064 0.985064 0.985064
7377.258301 0.000000 3662.819580 0.000000 0.214117 0.000000 -0.976808 1.194910 1.194910 1.194910
7373.803711 0.000000 3662.789062 0.000000 0.124852 0.000000 -0.992175 1.169899 1.169899 1.169899
7376.003418 0.000000 3664.546143 0.000000 0.866001 0.000000 -0.500042 0.873872 0.873872 0.873872
7377.501953 0.000000 3660.964111 0.000000 0.592924 0.000000 0.805258 0.307376 0.307376 0.307376
7380.546387 0.000000 3661.334473 0.000000 0.934147 0.000000 -0.356890 0.814158 0.814158 0.814158
7374.518066 0.000000 3661.645264 0.000000 0.746262 0.000000 0.665652 0.422512 0.422512 0.422512
7372.764648 0.000000 3662.569336 0.000000 0.129821 0.000000 -0.991537 1.168270 1.168270 1.168270
7378.177734 0.000000 3659.740723 0.000000 0.946098 0.000000 0.323881 0.581837 0.581837 0.581837
7375.473633 0.000000 3663.444092 0.000000 0.420643 0.000000 -0.907226 1.170771 1.170771 1.170771
7374.014648 0.000000 3660.893555 0.000000 0.984907 0.000000 0.173084 0.633726 0.633726 0.633726
7376.950195 0.000000 3659.114258 0.000000 0.270287 0.000000 -0.962780 1.178295 1.178295 1.178295
7426.386230 0.000000 3638.178223 0.000000 0.575752 0.000000 -0.817624 0.728440 0.728440 0.728440
7412.406250 0.000000 3645.575684 0.000000 0.939102 0.000000 -0.343640 0.700613 0.700613 0.700613
7434.605469 0.000000 3666.315186 0.000000 0.963245 0.000000 0.268625 0.699525 0.699525 0.699525
7428.632812 0.000000 3649.697510 0.000000 0.641698 0.000000 -0.766957 0.750409 0.750409 0.750409
7419.655762 0.000000 3650.385498 0.000000 0.757097 0.000000 0.653302 0.667652 0.667652 0.667652
7436.148438 0.000000 3645.463135 0.000000 0.648490 0.000000 -0.761223 0.755944 0.755944 0.755944
7418.878906 0.000000 3640.732666 0.000000 0.939253 0.000000 0.343224 0.696939 0.696939 0.696939
7433.988770 0.000000 3638.463623 0.000000 0.236856 0.000000 -0.971545 0.739562 0.739562 0.739562
7421.559082 0.000000 3676.956055 0.000000 0.704288 0.000000 -0.709914 0.705518 0.705518 0.705518
7413.087402 0.000000 3652.422607 0.000000 0.072860 0.000000 -0.997342 0.736647 0.736647 0.736647
7424.369629 0.000000 3644.560303 0.000000 0.795406 0.000000 -0.606077 0.722758 0.722758 0.722758
7428.674805 0.000000 3672.556885 0.000000 0.741730 0.000000 -0.670699 0.710278 0.710278 0.710278
7434.565430 0.000000 3651.737305 0.000000 0.971393 0.000000 0.237476 0.682401 0.682401 0.682401
7430.340332 0.000000 3643.237793 0.000000 0.988314 0.000000 0.152435 0.694116 0.694116 0.694116
7425.336426 0.000000 3654.665527 0.000000 0.885159 0.000000 -0.465289 0.748208 0.748208 0.748208
7448.487793 0.000000 3647.800049 0.000000 0.432897 0.000000 -0.901444 0.733366 0.733366 0.733366
7394.619141 0.000000 3666.004639 0.000000 0.914805 0.000000 0.403895 0.669483 0.669483 0.669483
7417.718750 0.000000 3645.872314 0.000000 0.135403 0.000000 -0.990791 0.717554 0.717554 0.717554
7401.712891 0.000000 3637.473145 0.000000 0.602244 0.000000 0.798312 0.664456 0.664456 0.664456
7444.655762 0.000000 3641.711914 0.000000 0.949797 0.000000 -0.312868 0.713346 0.713346 0.713346
7444.712402 0.000000 3650.818604 0.000000 0.396193 0.000000 0.918167 0.673569 0.673569 0.673569
7439.869141 0.000000 3642.857910 0.000000 0.673593 0.000000 0.739103 0.653487 0.653487 0.653487
7411.360840 0.000000 3667.053467 0.000000 0.707649 0.000000 -0.706564 0.716454 0.716454 0.716454
7438.618164 0.000000 3649.160889 0.000000 0.388635 0.000000 -0.921392 0.773712 0.773712 0.773712
7424.238281 0.000000 3650.259521 0.000000 0.651823 0.000000 -0.758371 0.755660 0.755660 0.755660
7419.065918 0.000000 3655.185059 0.000000 0.928081 0.000000 0.372378 0.669326 0.669326 0.669326
7430.062012 0.000000 3653.880371 0.000000 0.717634 0.000000 0.696420 0.644800 0.644800 0.644800
7432.261230 0.000000 3647.370605 0.000000 0.987975 0.000000 -0.154616 0.709224 0.709224 0.709224
7411.699219 0.000000 3659.566162 0.000000 0.693435 0.000000 0.720520 0.677504 0.677504 0.677504
7415.104004 0.000000 3648.908203 0.000000 0.781025 0.000000 -0.624500 0.712966 0.712966 0.712966
7431.179688 0.000000 3661.239746 0.000000 0.977741 0.000000 -0.209816 0.712930 0.712930 0.712930
7428.525391 0.000000 3657.510986 0.000000 0.752321 0.000000 -0.658796 0.764102 0.764102 0.764102
7430.131836 0.000000 3639.315430 0.000000 0.950633 0.000000 0.310318 0.689523 0.689523 0.689523
7421.399902 0.000000 3647.012695 0.000000 0.910819 0.000000 -0.412807 0.713386 0.713386 0.713386
7436.345703 0.000000 3641.524414 0.000000 0.960834 0.000000 0.277126 0.691167 0.691167 0.691167
7427.917480 0.000000 3646.032471 0.000000 0.837655 0.000000 -0.546199 0.726255 0.726255 0.726255
7423.806641 0.000000 3640.966553 0.000000 0.958106 0.000000 -0.286415 0.707107 0.707107 0.707107
7446.694336 0.000000 3644.763184 0.000000 0.821901 0.000000 0.569630 0.666108 0.666108 0.666108
7419.804199 0.000000 3673.904541 0.000000 0.927053 0.000000 0.374931 0.689254 0.689254 0.689254
7416.677734 0.000000 3652.350586 0.000000 0.471262 0.000000 0.881993 0.649037 0.649037 0.649037
7421.832031 0.000000 3653.088623 0.000000 0.985196 0.000000 0.171432 0.687957 0.687957 0.687957
7427.214844 0.000000 3641.642578 0.000000 0.859972 0.000000 -0.510341 0.717783 0.717783 0.717783
7424.894531 0.000000 3658.518311 0.000000 0.976597 0.000000 0.215079 0.674618 0.674618 0.674618
7412.300781 0.000000 3655.945068 0.000000 0.942975 0.000000 0.332863 0.689326 0.689326 0.689326
7401.834961 0.000000 3644.994141 0.000000 0.462216 0.000000 0.886767 0.534230 0.534230 0.534230
7414.017090 0.000000 3670.345947 0.000000 0.958923 0.000000 0.283667 0.690953 0.690953 0.690953
7399.985352 0.000000 3642.247803 0.000000 0.861912 0.000000 -0.507058 0.715798 0.715798 0.715798
7439.968750 0.000000 3646.084961 0.000000 0.720348 0.000000 -0.693613 0.754920 0.754920 0.754920
7434.621582 0.000000 3654.880615 0.000000 0.865147 0.000000 -0.501519 0.733970 0.733970 0.733970
7441.736816 0.000000 3649.731445 0.000000 0.678910 0.000000 -0.734222 0.743227 0.743227 0.743227
7433.573242 0.000000 3643.553955 0.000000 0.084608 0.000000 -0.996414 0.757135 0.757135 0.757135
7431.614258 0.000000 3650.594727 0.000000 0.965563 0.000000 -0.260169 0.716559 0.716559 0.716559
7437.418945 0.000000 3653.078613 0.000000 0.953880 0.000000 -0.300188 0.717050 0.717050 0.717050
7422.411133 0.000000 3656.120361 0.000000 0.616634 0.000000 0.787250 0.597046 0.597046 0.597046
7426.980469 0.000000 3664.368652 0.000000 0.646479 0.000000 -0.762932 0.765215 0.765215 0.765215
7420.769043 0.000000 3662.095459 0.000000 0.102022 0.000000 -0.994782 0.892487 0.892487 0.892487
7435.559570 0.000000 3648.731934 0.000000 0.988241 0.000000 -0.152906 0.711804 0.711804 0.711804
7422.270996 0.000000 3667.412109 0.000000 0.397074 0.000000 0.917787 0.600456 0.600456 0.600456
7415.072754 0.000000 3654.858643 0.000000 0.859107 0.000000 0.511795 0.675588 0.675588 0.675588
7427.067383 0.000000 3652.241211 0.000000 0.879913 0.000000 0.475135 0.661063 0.661063 0.661063
7425.402832 0.000000 3647.459961 0.000000 0.199026 0.000000 -0.979994 0.757479 0.757479 0.757479
7417.275391 0.000000 3664.062256 0.000000 0.385715 0.000000 -0.922618 0.810867 0.810867 0.810867
7414.614258 0.000000 3660.635742 0.000000 0.569644 0.000000 -0.821891 0.774181 0.774181 0.774181
7394.362305 0.000000 3663.225342 0.000000 0.994623 0.000000 -0.103559 0.718674 0.718674 0.718674
7445.671387 0.000000 3647.746094 0.000000 0.073902 0.000000 -0.997266 0.791554 0.791554 0.791554
7442.415527 0.000000 3643.814941 0.000000 0.659503 0.000000 -0.751702 0.752030 0.752030 0.752030
7418.379883 0.000000 3657.750732 0.000000 0.460613 0.000000 -0.887601 0.804971 0.804971 0.804971
7396.778320 0.000000 3664.412842 0.000000 0.834172 0.000000 0.551504 0.666311 0.666311 0.666311
7423.284668 0.000000 3660.708008 0.000000 0.142964 0.000000 -0.989728 0.892069 0.892069 0.892069
7401.175293 0.000000 3640.008057 0.000000 0.773714 0.000000 0.633534 0.614868 0.614868 0.614868
7413.801758 0.000000 3665.934814 0.000000 0.983302 0.000000 0.181981 0.690726 0.690726 0.690726
7432.507324 0.000000 3653.489990 0.000000 0.957881 0.000000 -0.287166 0.722906 0.722906 0.722906
7399.150391 0.000000 3637.525391 0.000000 0.590282 0.000000 0.807197 0.532551 0.532551 0.532551
7419.344727 0.000000 3652.783691 0.000000 0.180787 0.000000 0.983522 0.612613 0.612613 0.612613
7429.063965 0.000000 3662.919189 0.000000 0.013677 0.000000 -0.999906 0.808848 0.808848 0.808848
7427.964355 0.000000 3666.913818 0.000000 0.254576 0.000000 -0.967053 0.775743 0.775743 0.775743
7427.741699 0.000000 3654.789062 0.000000 0.518798 0.000000 -0.854897 0.794970 0.794970 0.794970
7433.199707 0.000000 3659.893555 0.000000 0.124112 0.000000 -0.992268 0.778357 0.778357 0.778357
7412.519043 0.000000 3661.879883 0.000000 0.998858 0.000000 -0.047774 0.702506 0.702506 0.702506
7430.503418 0.000000 3658.925049 0.000000 0.264884 0.000000 0.964280 0.611213 0.611213 0.611213
7424.010742 0.000000 3669.150635 0.000000 0.999905 0.000000 -0.013761 0.700746 0.700746 0.700746
7436.840332 0.000000 3650.691895 0.000000 0.536949 0.000000 -0.843615 0.761409 0.761409 0.761409
7417.432617 0.000000 3669.185791 0.000000 0.498517 0.000000 0.866880 0.635843 0.635843 0.635843
7430.479492 0.000000 3656.140137 0.000000 0.937155 0.000000 0.348914 0.673217 0.673217 0.673217
7437.819336 0.000000 3647.019043 0.000000 0.976941 0.000000 0.213507 0.683831 0.683831 0.683831
7424.074219 0.000000 3652.551514 0.000000 0.677600 0.000000 0.735431 0.630686 0.630686 0.630686
7418.101074 0.000000 3667.016357 0.000000 0.877188 0.000000 0.480147 0.654488 0.654488 0.654488
7426.363281 0.000000 3656.696533 0.000000 0.538451 0.000000 0.842656 0.598417 0.598417 0.598417
7434.029297 0.000000 3646.060791 0.000000 0.857565 0.000000 0.514375 0.663177 0.663177 0.663177
7424.062988 0.000000 3665.496582 0.000000 0.229706 0.000000 0.973260 0.571297 0.571297 0.571297
7433.482422 0.000000 3649.471191 0.000000 0.730647 0.000000 0.682756 0.650092 0.650092 0.650092
7444.550293 0.000000 3644.261230 0.000000 0.720604 0.000000 -0.693347 0.756232 0.756232 0.756232
7420.381348 0.000000 3656.887695 0.000000 0.300309 0.000000 -0.953842 0.837147 0.837147 0.837147
7427.008789 0.000000 3659.186035 0.000000 0.029486 0.000000 0.999565 0.541080 0.541080 0.541080
7417.041504 0.000000 3655.930420 0.000000 0.900194 0.000000 -0.435489 0.728347 0.728347 0.728347
7429.588379 0.000000 3651.766846 0.000000 0.463307 0.000000 0.886198 0.629580 0.629580 0.629580
7425.601074 0.000000 3662.701904 0.000000 0.034489 0.000000 -0.999405 0.871828 0.871828 0.871828
7441.447754 0.000000 3647.644287 0.000000 0.119231 0.000000 -0.992867 0.796377 0.796377 0.796377
7421.917480 0.000000 3664.840576 0.000000 0.862550 0.000000 -0.505972 0.761189 0.761189 0.761189
7419.415039 0.000000 3659.849365 0.000000 0.957408 0.000000 0.288738 0.668263 0.668263 0.668263
7429.195312 0.000000 3660.507568 0.000000 0.439399 0.000000 0.898292 0.606397 0.606397 0.606397
7416.726562 0.000000 3659.449219 0.000000 0.242280 0.000000 -0.970206 0.818189 0.818189 0.818189
7425.357422 0.000000 3660.614502 0.000000 0.181838 0.000000 -0.983328 0.867362 0.867362 0.867362
7416.045410 0.000000 3662.222168 0.000000 0.744412 0.000000 -0.667721 0.774108 0.774108 0.774108
7415.899414 0.000000 3665.476318 0.000000 0.970215 0.000000 -0.242245 0.717959 0.717959 0.717959
7424.395020 0.000000 3656.610107 0.000000 0.747903 0.000000 0.663808 0.620080 0.620080 0.620080
7418.895020 0.000000 3662.808594 0.000000 0.976853 0.000000 -0.213910 0.725995 0.725995 0.725995
7423.302734 0.000000 3654.438477 0.000000 0.980259 0.000000 -0.197718 0.719826 0.719826 0.719826
7423.124512 0.000000 3657.963623 0.000000 0.972604 0.000000 0.232468 0.673349 0.673349 0.673349
7401.734863 0.000000 3643.020996 0.000000 0.595525 0.000000 0.803337 0.528820 0.528820 0.528820
7420.928223 0.000000 3654.854980 0.000000 0.379792 0.000000 -0.925072 0.809407 0.809407 0.809407
7420.419922 0.000000 3667.334473 0.000000 0.899682 0.000000 -0.436545 0.741842 0.741842 0.741842
7399.458008 0.000000 3639.288330 0.000000 0.981260 0.000000 0.192690 0.673908 0.673908 0.673908
7420.367676 0.000000 3663.892822 0.000000 0.549038 0.000000 -0.835797 0.829703 0.829703 0.829703
7422.388184 0.000000 3662.162354 0.000000 0.949649 0.000000 0.313316 0.659344 0.659344 0.659344
7421.675293 0.000000 3660.704590 0.000000 0.985227 0.000000 -0.171252 0.723158 0.723158 0.723158
7395.963867 0.000000 3663.013428 0.000000 0.791531 0.000000 -0.611129 0.818348 0.818348 0.818348
7401.899902 0.000000 3641.442871 0.000000 0.798570 0.000000 0.601902 0.619860 0.619860 0.619860
7419.417969 0.000000 3661.381836 0.000000 0.835727 0.000000 0.549146 0.628884 0.628884 0.628884
7395.186523 0.000000 3664.554932 0.000000 0.935086 0.000000 0.354420 0.635420 0.635420 0.635420
7395.043457 0.000000 3662.129395 0.000000 0.274775 0.000000 0.961508 0.467359 0.467359 0.467359
7310.753906 0.000000 3746.792969 0.000000 0.320492 0.000000 -0.947251 0.954469 0.954469 0.954469
7325.414062 0.000000 3752.560059 0.000000 0.939835 0.000000 -0.341627 0.748134 0.748134 0.748134
7316.546875 0.000000 3754.929443 0.000000 0.659588 0.000000 0.751628 0.695541 0.695541 0.695541
7320.229004 0.000000 3744.541260 0.000000 0.500303 0.000000 0.865850 0.539008 0.539008 0.539008
7326.095215 0.000000 3759.406982 0.000000 0.762138 0.000000 -0.647415 0.733227 0.733227 0.733227
7316.417969 0.000000 3748.962891 0.000000 0.979751 0.000000 -0.200218 0.726773 0.726773 0.726773
7325.570312 0.000000 3746.577637 0.000000 0.272621 0.000000 -0.962121 0.745251 0.745251 0.745251
7371.795410 0.000000 3769.502441 0.000000 0.946350 0.000000 -0.323144 0.743128 0.743128 0.743128
7321.621094 0.000000 3756.675049 0.000000 0.202683 0.000000 0.979244 0.649843 0.649843 0.649843
7321.248535 0.000000 3749.489990 0.000000 0.038977 0.000000 -0.999240 1.005174 1.005174 1.005174
7314.720703 0.000000 3744.457520 0.000000 0.506552 0.000000 0.862209 0.527403 0.527403 0.527403
7367.233398 0.000000 3770.499512 0.000000 0.011174 0.000000 0.999938 0.566447 0.566447 0.566447
7307.792480 0.000000 3749.866943 0.000000 0.851736 0.000000 0.523971 0.594945 0.594945 0.594945
7372.072266 0.000000 3764.773926 0.000000 0.879807 0.000000 -0.475331 0.713850 0.713850 0.713850
7328.111816 0.000000 3755.892578 0.000000 0.558333 0.000000 0.829617 0.517043 0.517043 0.517043
7334.407715 0.000000 3753.997070 0.000000 0.676317 0.000000 0.736610 0.682635 0.682635 0.682635
7364.475586 0.000000 3767.550537 0.000000 0.931756 0.000000 -0.363086 0.769482 0.769482 0.769482
7319.985352 0.000000 3753.087891 0.000000 0.838898 0.000000 -0.544288 0.728163 0.728163 0.728163
7314.842773 0.000000 3751.978516 0.000000 0.512834 0.000000 -0.858488 0.752318 0.752318 0.752318
7333.723145 0.000000 3750.548340 0.000000 0.096640 0.000000 -0.995319 0.885468 0.885468 0.885468
7312.993164 0.000000 3749.232178 0.000000 0.243971 0.000000 0.969782 0.500962 0.500962 0.500962
7324.975586 0.000000 3756.440186 0.000000 0.737450 0.000000 0.675401 0.578190 0.578190 0.578190
7307.698730 0.000000 3746.182373 0.000000 0.739270 0.000000 0.673409 0.556684 0.556684 0.556684
7323.286133 0.000000 3744.546875 0.000000 0.951219 0.000000 -0.308516 0.756454 0.756454 0.756454
7324.498047 0.000000 3749.392334 0.000000 0.994110 0.000000 0.108376 0.694686 0.694686 0.694686
7317.498047 0.000000 3746.043701 0.000000 0.460303 0.000000 0.887762 0.468991 0.468991 0.468991
7359.121094 0.000000 3765.546631 0.000000 0.631317 0.000000 -0.775525 0.769798 0.769798 0.769798
7322.836914 0.000000 3753.926270 0.000000 0.402234 0.000000 0.915537 0.481659 0.481659 0.481659
7364.244629 0.000000 3770.449951 0.000000 0.569681 0.000000 0.821866 0.635937 0.635937 0.635937
7369.744629 0.000000 3771.728516 0.000000 0.442626 0.000000 -0.896707 0.797189 0.797189 0.797189
7317.706055 0.000000 3751.534912 0.000000 0.136521 0.000000 -0.990637 0.762644 0.762644 0.762644
7321.903809 0.000000 3746.856689 0.000000 0.179511 0.000000 0.983756 0.449743 0.449743 0.449743
7330.824707 0.000000 3755.504395 0.000000 0.880689 0.000000 -0.473695 0.743120 0.743120 0.743120
7309.612305 0.000000 3744.453613 0.000000 0.854486 0.000000 0.519474 0.589267 0.589267 0.589267
7319.481445 0.000000 3747.595215 0.000000 0.984695 0.000000 -0.174286 0.736125 0.736125 0.736125
7314.183105 0.000000 3746.992432 0.000000 0.855071 0.000000 0.518512 0.582827 0.582827 0.582827
7327.834473 0.000000 3753.234375 0.000000 0.257986 0.000000 0.966149 0.475669 0.475669 0.475669
7310.546387 0.000000 3749.849365 0.000000 0.427459 0.000000 -0.904035 0.818394 0.818394 0.818394
7322.929688 0.000000 3751.401855 0.000000 0.380775 0.000000 0.924668 0.475195 0.475195 0.475195
7365.530273 0.000000 3764.913330 0.000000 0.830391 0.000000 0.557181 0.641130 0.641130 0.641130
7312.158203 0.000000 3744.509766 0.000000 0.902553 0.000000 0.430578 0.617542 0.617542 0.617542
7369.755371 0.000000 3764.085205 0.000000 0.730769 0.000000 0.682625 0.559504 0.559504 0.559504
7366.787109 0.000000 3768.148193 0.000000 0.674304 0.000000 -0.738454 0.855348 0.855348 0.855348
7358.435547 0.000000 3767.811523 0.000000 0.135629 0.000000 0.990760 0.564604 0.564604 0.564604
7370.986328 0.000000 3766.910156 0.000000 0.889948 0.000000 -0.456062 0.766208 0.766208 0.766208
7367.451172 0.000000 3763.645996 0.000000 0.425493 0.000000 -0.904962 0.769196 0.769196 0.769196
7309.211426 0.000000 3751.579590 0.000000 0.320568 0.000000 0.947225 0.604308 0.604308 0.604308
7326.263672 0.000000 3754.722168 0.000000 0.911143 0.000000 -0.412091 0.779424 0.779424 0.779424
7327.553711 0.000000 3747.387451 0.000000 0.677741 0.000000 0.735301 0.637921 0.637921 0.637921
7318.777832 0.000000 3749.642090 0.000000 0.689770 0.000000 -0.724028 0.866957 0.866957 0.866957
7308.960938 0.000000 3747.999512 0.000000 0.467128 0.000000 -0.884189 0.918006 0.918006 0.918006
7332.833008 0.000000 3752.472656 0.000000 0.966326 0.000000 -0.257321 0.725014 0.725014 0.725014
7326.214355 0.000000 3750.589600 0.000000 0.939628 0.000000 0.342198 0.672534 0.672534 0.672534
7362.696289 0.000000 3769.035400 0.000000 0.193753 0.000000 0.981050 0.502844 0.502844 0.502844
7329.144531 0.000000 3751.472412 0.000000 0.537278 0.000000 0.843405 0.515845 0.515845 0.515845
7362.353027 0.000000 3766.981689 0.000000 0.810311 0.000000 -0.585999 0.817078 0.817078 0.817078
7329.735352 0.000000 3757.361328 0.000000 0.565511 0.000000 0.824741 0.613570 0.613570 0.613570
7333.606934 0.000000 3746.332764 0.000000 0.716286 0.000000 -0.697807 0.770185 0.770185 0.770185
7363.796875 0.000000 3765.671387 0.000000 0.996585 0.000000 -0.082574 0.711991 0.711991 0.711991
7320.745605 0.000000 3751.323486 0.000000 0.176389 0.000000 0.984321 0.427255 0.427255 0.427255
7329.452148 0.000000 3754.236084 0.000000 0.757221 0.000000 -0.653158 0.833091 0.833091 0.833091
7323.240723 0.000000 3755.716797 0.000000 0.202110 0.000000 -0.979363 0.955671 0.955671 0.955671
7312.465820 0.000000 3746.272705 0.000000 0.697738 0.000000 -0.716353 0.868862 0.868862 0.868862
7360.682129 0.000000 3766.362793 0.000000 0.436719 0.000000 0.899598 0.490785 0.490785 0.490785
7316.043945 0.000000 3747.231201 0.000000 0.445175 0.000000 0.895443 0.465403 0.465403 0.465403
7311.498535 0.000000 3748.376221 0.000000 0.105388 0.000000 -0.994431 0.853635 0.853635 0.853635
7317.688965 0.000000 3747.777832 0.000000 0.664180 0.000000 -0.747573 0.878555 0.878555 0.878555
7365.427246 0.000000 3769.204834 0.000000 0.828180 0.000000 -0.560463 0.811250 0.811250 0.811250
7324.526855 0.000000 3754.343506 0.000000 0.556411 0.000000 0.830907 0.516611 0.516611 0.516611
7307.493652 0.000000 3751.716553 0.000000 0.945694 0.000000 0.325059 0.667021 0.667021 0.667021
7366.298340 0.000000 3766.493408 0.000000 0.487205 0.000000 -0.873288 0.898568 0.898568 0.898568
7324.956055 0.000000 3744.957520 0.000000 0.641948 0.000000 0.766748 0.588531 0.588531 0.588531
7326.111328 0.000000 3757.676270 0.000000 0.998658 0.000000 -0.051799 0.708151 0.708151 0.708151
7322.857422 0.000000 3749.073975 0.000000 0.315703 0.000000 -0.948858 0.903091 0.903091 0.903091
7369.580566 0.000000 3765.841797 0.000000 0.398510 0.000000 -0.917164 0.917079 0.917079 0.917079
7332.613770 0.000000 3749.252441 0.000000 0.999433 0.000000 -0.033668 0.703825 0.703825 0.703825
7319.191406 0.000000 3745.965820 0.000000 0.470660 0.000000 -0.882315 0.866207 0.866207 0.866207
7321.725098 0.000000 3752.665283 0.000000 0.734698 0.000000 0.678394 0.589249 0.589249 0.589249
7316.293457 0.000000 3744.940430 0.000000 0.999235 0.000000 -0.039100 0.706630 0.706630 0.706630
7321.600586 0.000000 3755.062256 0.000000 0.662215 0.000000 -0.749314 0.794736 0.794736 0.794736
7318.341797 0.000000 3744.471680 0.000000 0.927294 0.000000 -0.374334 0.759005 0.759005 0.759005
7314.907715 0.000000 3748.427246 0.000000 0.921096 0.000000 0.389336 0.638499 0.638499 0.638499
7321.700195 0.000000 3745.151855 0.000000 0.376332 0.000000 0.926485 0.517768 0.517768 0.517768
7329.872559 0.000000 3744.477051 0.000000 0.388808 0.000000 -0.921319 0.919053 0.919053 0.919053
7307.459473 0.000000 3747.710449 0.000000 0.998226 0.000000 -0.059538 0.711556 0.711556 0.711556
7370.339844 0.000000 3769.813721 0.000000 0.716977 0.000000 0.697096 0.598901 0.598901 0.598901
7309.329102 0.000000 3746.332764 0.000000 0.881472 0.000000 0.472236 0.601157 0.601157 0.601157
7323.967773 0.000000 3752.919189 0.000000 0.329372 0.000000 0.944200 0.466877 0.466877 0.466877
7310.882812 0.000000 3745.250244 0.000000 0.894448 0.000000 0.447172 0.603588 0.603588 0.603588
7313.764160 0.000000 3745.570068 0.000000 0.186514 0.000000 0.982452 0.443774 0.443774 0.443774
7320.890625 0.000000 3748.005859 0.000000 0.910845 0.000000 -0.412749 0.784764 0.784764 0.784764
7312.839844 0.000000 3747.737061 0.000000 0.916790 0.000000 0.399370 0.613127 0.613127 0.613127
7326.485352 0.000000 3756.261719 0.000000 0.185563 0.000000 0.982632 0.482297 0.482297 0.482297
7368.171387 0.000000 3767.367432 0.000000 0.820154 0.000000 -0.572143 0.813900 0.813900 0.813900
7315.164551 0.000000 3745.938232 0.000000 0.687764 0.000000 -0.725935 0.834874 0.834874 0.834874
7320.570801 0.000000 3746.200684 0.000000 0.077221 0.000000 0.997014 0.431169 0.431169 0.431169
7329.613770 0.000000 3749.566406 0.000000 0.997047 0.000000 0.076790 0.687910 0.687910 0.687910
7309.173828 0.000000 3749.421143 0.000000 0.736517 0.000000 0.676419 0.570174 0.570174 0.570174
7308.239746 0.000000 3744.908203 0.000000 0.557596 0.000000 -0.830112 0.898525 0.898525 0.898525
7368.483398 0.000000 3764.624268 0.000000 0.275098 0.000000 0.961416 0.458387 0.458387 0.458387
7328.383789 0.000000 3744.521484 0.000000 0.672862 0.000000 -0.739768 0.855713 0.855713 0.855713
7366.937500 0.000000 3764.989746 0.000000 0.333885 0.000000 0.942614 0.469931 0.469931 0.469931
7367.816895 0.000000 3769.177979 0.000000 0.762174 0.000000 -0.647373 0.831667 0.831667 0.831667
7364.106445 0.000000 3768.901367 0.000000 0.894633 0.000000 -0.446802 0.786612 0.786612 0.786612
7360.387695 0.000000 3764.837891 0.000000 0.357357 0.000000 -0.933968 0.893795 0.893795 0.893795
7329.564941 0.000000 3755.995361 0.000000 0.901591 0.000000 -0.432589 0.783653 0.783653 0.783653
7329.145020 0.000000 3752.909424 0.000000 0.988183 0.000000 0.153277 0.671225 0.671225 0.671225
7320.021973 0.000000 3750.102051 0.000000 0.607005 0.000000 0.794698 0.520221 0.520221 0.520221
7328.885254 0.000000 3747.156494 0.000000 0.606908 0.000000 0.794772 0.528224 0.528224 0.528224
7326.439941 0.000000 3753.407959 0.000000 0.259337 0.000000 -0.965787 0.924091 0.924091 0.924091
7369.727539 0.000000 3767.254639 0.000000 0.932355 0.000000 -0.361544 0.769172 0.769172 0.769172
7319.779785 0.000000 3748.844727 0.000000 0.080046 0.000000 0.996791 0.392603 0.392603 0.392603
7321.964355 0.000000 3750.552246 0.000000 0.966066 0.000000 0.258295 0.648864 0.648864 0.648864
7327.504883 0.000000 3754.475586 0.000000 0.938769 0.000000 0.344548 0.634224 0.634224 0.634224
7364.990234 0.000000 3766.111084 0.000000 0.926868 0.000000 -0.375388 0.771957 0.771957 0.771957
7363.238281 0.000000 3767.891846 0.000000 0.072398 0.000000 -0.997376 0.980176 0.980176 0.980176
7330.372070 0.000000 3751.294189 0.000000 0.458293 0.000000 0.888801 0.495296 0.495296 0.495296
7323.548828 0.000000 3750.239990 0.000000 0.997523 0.000000 0.070340 0.686590 0.686590 0.686590
7553.954590 0.000000 3716.932617 0.000000 0.131497 0.000000 -0.991317 0.956492 0.956492 0.956492
7561.091309 0.000000 3703.022705 0.000000 0.672696 0.000000 -0.739919 0.782972 0.782972 0.782972
7565.186523 0.000000 3686.088379 0.000000 0.604834 0.000000 0.796352 0.540616 0.540616 0.540616
7559.282227 0.000000 3692.848633 0.000000 0.310701 0.000000 -0.950508 0.855702 0.855702 0.855702
7568.170410 0.000000 3694.266602 0.000000 0.852320 0.000000 0.523021 0.666335 0.666335 0.666335
7553.067383 0.000000 3699.383057 0.000000 0.969460 0.000000 0.245249 0.685278 0.685278 0.685278
7538.163086 0.000000 3724.435791 0.000000 0.746342 0.000000 -0.665563 0.712727 0.712727 0.712727
7555.075684 0.000000 3708.566406 0.000000 0.114408 0.000000 0.993434 0.267397 0.267397 0.267397
7565.473145 0.000000 3707.288574 0.000000 0.298101 0.000000 -0.954534 0.746538 0.746538 0.746538
7566.854980 0.000000 3676.364014 0.000000 0.708187 0.000000 -0.706025 0.721918 0.721918 0.721918
7566.502930 0.000000 3700.083252 0.000000 0.667747 0.000000 -0.744388 0.771898 0.771898 0.771898
7558.824219 0.000000 3713.393799 0.000000 0.772678 0.000000 0.634798 0.643511 0.643511 0.643511
7543.056641 0.000000 3722.540283 0.000000 0.999531 0.000000 0.030611 0.694382 0.694382 0.694382
7551.816406 0.000000 3704.468018 0.000000 0.906347 0.000000 0.422533 0.691614 0.691614 0.691614
7561.700195 0.000000 3697.558838 0.000000 0.955724 0.000000 0.294266 0.688516 0.688516 0.688516
7540.503906 0.000000 3729.083008 0.000000 0.505584 0.000000 0.862778 0.596330 0.596330 0.596330
7564.534180 0.000000 3680.947021 0.000000 0.436856 0.000000 -0.899531 0.872041 0.872041 0.872041
7560.194824 0.000000 3708.566162 0.000000 0.131733 0.000000 0.991285 0.446064 0.446064 0.446064
7563.867676 0.000000 3691.138428 0.000000 0.019250 0.000000 -0.999815 1.022663 1.022663 1.022663
7554.492188 0.000000 3694.758057 0.000000 0.612489 0.000000 0.790479 0.682476 0.682476 0.682476
7556.367188 0.000000 3703.005371 0.000000 0.626585 0.000000 0.779353 0.546953 0.546953 0.546953
7552.910156 0.000000 3712.572021 0.000000 0.336682 0.000000 0.941619 0.657100 0.657100 0.657100
7544.808105 0.000000 3731.223145 0.000000 0.904113 0.000000 0.427294 0.691513 0.691513 0.691513
7557.344727 0.000000 3698.671875 0.000000 0.749599 0.000000 -0.661892 0.777110 0.777110 0.777110
7564.824219 0.000000 3703.645264 0.000000 0.457378 0.000000 0.889272 0.514253 0.514253 0.514253
7557.611328 0.000000 3716.888916 0.000000 0.914569 0.000000 -0.404429 0.711642 0.711642 0.711642
7563.429688 0.000000 3710.578369 0.000000 0.770103 0.000000 0.637919 0.684283 0.684283 0.684283
7564.306641 0.000000 3694.757812 0.000000 0.158499 0.000000 -0.987359 0.848016 0.848016 0.848016
7545.995605 0.000000 3720.266357 0.000000 0.527165 0.000000 0.849763 0.662731 0.662731 0.662731
7550.765137 0.000000 3715.241211 0.000000 0.997642 0.000000 0.068637 0.696399 0.696399 0.696399
7558.395508 0.000000 3705.712402 0.000000 0.301767 0.000000 -0.953382 0.841401 0.841401 0.841401
7546.712891 0.000000 3723.770508 0.000000 0.902830 0.000000 0.429998 0.685241 0.685241 0.685241
7567.205566 0.000000 3691.053711 0.000000 0.933497 0.000000 0.358585 0.669235 0.669235 0.669235
7562.379395 0.000000 3687.923096 0.000000 0.569149 0.000000 0.822234 0.573476 0.573476 0.573476
7568.265625 0.000000 3705.718018 0.000000 0.996399 0.000000 0.084789 0.694214 0.694214 0.694214
7562.376953 0.000000 3705.958008 0.000000 0.999305 0.000000 -0.037271 0.705929 0.705929 0.705929
7555.799316 0.000000 3714.318359 0.000000 0.945197 0.000000 0.326499 0.662800 0.662800 0.662800
7563.007812 0.000000 3700.409180 0.000000 0.945006 0.000000 -0.327054 0.754733 0.754733 0.754733
7558.968750 0.000000 3695.905518 0.000000 0.988458 0.000000 0.151498 0.669701 0.669701 0.669701
7557.653320 0.000000 3710.450928 0.000000 0.734329 0.000000 -0.678794 0.911233 0.911233 0.911233
7552.066895 0.000000 3709.564453 0.000000 0.982203 0.000000 -0.187823 0.721463 0.721463 0.721463
7567.372070 0.000000 3679.428955 0.000000 0.969604 0.000000 -0.244681 0.726783 0.726783 0.726783
7566.962402 0.000000 3683.417480 0.000000 0.987060 0.000000 0.160352 0.674107 0.674107 0.674107
7566.384277 0.000000 3696.978271 0.000000 0.866843 0.000000 -0.498580 0.771149 0.771149 0.771149
7554.557129 0.000000 3705.639893 0.000000 0.295571 0.000000 -0.955321 1.013123 1.013123 1.013123
7560.020020 0.000000 3700.141846 0.000000 0.838601 0.000000 0.544746 0.627513 0.627513 0.627513
7560.330078 0.000000 3690.076904 0.000000 0.119596 0.000000 -0.992823 1.032163 1.032163 1.032163
7543.330566 0.000000 3728.727295 0.000000 0.743918 0.000000 -0.668271 0.738371 0.738371 0.738371
7540.138184 0.000000 3722.424805 0.000000 0.435311 0.000000 -0.900280 0.917340 0.917340 0.917340
7550.638184 0.000000 3718.136963 0.000000 0.633109 0.000000 0.774063 0.655136 0.655136 0.655136
7561.465332 0.000000 3694.592529 0.000000 0.975017 0.000000 -0.222131 0.728185 0.728185 0.728185
7541.993164 0.000000 3731.380127 0.000000 0.581503 0.000000 0.813545 0.555528 0.555528 0.555528
7553.668945 0.000000 3702.108398 0.000000 0.992018 0.000000 -0.126093 0.715466 0.715466 0.715466
7555.315430 0.000000 3711.605469 0.000000 0.139642 0.000000 0.990202 0.377466 0.377466 0.377466
7567.170410 0.000000 3702.583496 0.000000 0.626626 0.000000 -0.779320 0.846791 0.846791 0.846791
7555.050293 0.000000 3697.427490 0.000000 0.364345 0.000000 0.931264 0.597425 0.597425 0.597425
7552.254395 0.000000 3707.016602 0.000000 0.892093 0.000000 -0.451852 0.753257 0.753257 0.753257
7560.234375 0.000000 3711.140625 0.000000 0.697387 0.000000 0.716695 0.620405 0.620405 0.620405
7564.445312 0.000000 3683.501709 0.000000 0.962937 0.000000 -0.269726 0.732932 0.732932 0.732932
7544.418457 0.000000 3724.683350 0.000000 0.983097 0.000000 -0.183086 0.711262 0.711262 0.711262
7555.609375 0.000000 3700.463867 0.000000 0.729633 0.000000 -0.683839 0.838175 0.838175 0.838175
7558.727539 0.000000 3702.328613 0.000000 0.786732 0.000000 -0.617294 0.732555 0.732555 0.732555
7564.090820 0.000000 3697.995117 0.000000 0.793780 0.000000 -0.608205 0.799403 0.799403 0.799403
7557.542480 0.000000 3708.013916 0.000000 0.999613 0.000000 0.027805 0.693391 0.693391 0.693391
7566.000488 0.000000 3693.106201 0.000000 0.265263 0.000000 -0.964176 0.916212 0.916212 0.916212
7561.692383 0.000000 3692.177979 0.000000 0.407836 0.000000 -0.913055 1.059963 1.059963 1.059963
7556.798828 0.000000 3695.073486 0.000000 0.999402 0.000000 0.034578 0.697099 0.697099 0.697099
7567.539062 0.000000 3685.908447 0.000000 0.961545 0.000000 0.274646 0.642140 0.642140 0.642140
7564.580078 0.000000 3688.442383 0.000000 0.633210 0.000000 -0.773980 0.764965 0.764965 0.764965
7540.402832 0.000000 3724.799316 0.000000 0.307725 0.000000 0.951475 0.594474 0.594474 0.594474
7553.540039 0.000000 3714.713867 0.000000 0.153885 0.000000 0.988089 0.558919 0.558919 0.558919
7545.284180 0.000000 3722.238770 0.000000 0.999994 0.000000 0.003453 0.699553 0.699553 0.699553
7560.333496 0.000000 3705.003418 0.000000 0.906467 0.000000 -0.422277 0.768568 0.768568 0.768568
7564.923340 0.000000 3701.419189 0.000000 0.809800 0.000000 0.586706 0.652884 0.652884 0.652884
7566.209473 0.000000 3705.343262 0.000000 0.907297 0.000000 -0.420490 0.752331 0.752331 0.752331
7566.827148 0.000000 3681.369141 0.000000 0.223039 0.000000 -0.974809 0.869345 0.869345 0.869345
7556.397461 0.000000 3706.398438 0.000000 0.865147 0.000000 0.501519 0.566876 0.566876 0.566876
7563.073242 0.000000 3702.485840 0.000000 0.118603 0.000000 -0.992942 0.971495 0.971495 0.971495
7557.046387 0.000000 3712.544434 0.000000 0.404133 0.000000 0.914700 0.609188 0.609188 0.609188
7557.513184 0.000000 3700.811035 0.000000 0.204046 0.000000 0.978961 0.587859 0.587859 0.587859
7565.463867 0.000000 3679.094971 0.000000 0.502031 0.000000 0.864849 0.603224 0.603224 0.603224
7551.982910 0.000000 3716.716553 0.000000 0.648871 0.000000 -0.760899 0.840535 0.840535 0.840535
7564.329102 0.000000 3705.553711 0.000000 0.977471 0.000000 -0.211069 0.729732 0.729732 0.729732
7563.438965 0.000000 3693.060547 0.000000 0.994211 0.000000 -0.107445 0.718625 0.718625 0.718625
7562.253418 0.000000 3689.986328 0.000000 0.961710 0.000000 -0.274068 0.759675 0.759675 0.759675
7555.812500 0.000000 3716.237305 0.000000 0.370008 0.000000 -0.929028 0.831212 0.831212 0.831212
7554.438965 0.000000 3703.763672 0.000000 0.960057 0.000000 0.279804 0.639537 0.639537 0.639537
7561.771484 0.000000 3709.596191 0.000000 0.678588 0.000000 -0.734519 0.845610 0.845610 0.845610
7542.151855 0.000000 3724.079590 0.000000 0.160718 0.000000 0.987000 0.559609 0.559609 0.559609
7567.372070 0.000000 3698.513428 0.000000 0.173139 0.000000 -0.984897 0.853782 0.853782 0.853782
7560.533203 0.000000 3688.082520 0.000000 0.527657 0.000000 0.849458 0.602445 0.602445 0.602445
7559.874512 0.000000 3706.786621 0.000000 0.121148 0.000000 0.992635 0.515101 0.515101 0.515101
7566.482422 0.000000 3695.055908 0.000000 0.303319 0.000000 0.952889 0.468313 0.468313 0.468313
7557.953613 0.000000 3703.988281 0.000000 0.192794 0.000000 -0.981239 0.935793 0.935793 0.935793
7562.580566 0.000000 3704.171875 0.000000 0.850595 0.000000 0.525822 0.611948 0.611948 0.611948
7564.671875 0.000000 3699.691895 0.000000 0.799453 0.000000 0.600728 0.618916 0.618916 0.618916
7553.958496 0.000000 3707.255859 0.000000 0.967871 0.000000 -0.251449 0.728873 0.728873 0.728873
7561.553223 0.000000 3707.471436 0.000000 0.786020 0.000000 -0.618202 0.824621 0.824621 0.824621
7557.364746 0.000000 3696.896240 0.000000 0.378811 0.000000 0.925474 0.462394 0.462394 0.462394
7561.524902 0.000000 3701.303955 0.000000 0.858945 0.000000 -0.512068 0.767643 0.767643 0.767643
7554.551758 0.000000 3713.126709 0.000000 0.940619 0.000000 -0.339465 0.735711 0.735711 0.735711
7567.638184 0.000000 3704.190186 0.000000 0.273709 0.000000 -0.961812 0.855980 0.855980 0.855980
7564.776367 0.000000 3696.435059 0.000000 0.963671 0.000000 0.267092 0.658892 0.658892 0.658892
7556.110352 0.000000 3709.842529 0.000000 0.130879 0.000000 -0.991398 1.042138 1.042138 1.042138
7556.183105 0.000000 3704.744629 0.000000 0.874414 0.000000 -0.485180 0.826594 0.826594 0.826594
7567.600586 0.000000 3692.659180 0.000000 0.492842 0.000000 -0.870119 0.875225 0.875225 0.875225
7540.429688 0.000000 3730.864258 0.000000 0.797449 0.000000 -0.603387 0.798482 0.798482 0.798482
7565.716797 0.000000 3684.539062 0.000000 0.999719 0.000000 -0.023702 0.702693 0.702693 0.702693
7558.604492 0.000000 3711.798828 0.000000 0.915360 0.000000 0.402636 0.608752 0.608752 0.608752
7559.184570 0.000000 3709.835693 0.000000 0.599488 0.000000 -0.800384 0.837840 0.837840 0.837840
7565.696289 0.000000 3698.426758 0.000000 0.041382 0.000000 0.999143 0.507561 0.507561 0.507561
7559.875488 0.000000 3694.335449 0.000000 0.570482 0.000000 -0.821310 0.891993 0.891993 0.891993
7554.834961 0.000000 3699.030029 0.000000 0.252665 0.000000 0.967554 0.458636 0.458636 0.458636
7565.641113 0.000000 3682.400391 0.000000 0.693598 0.000000 0.720362 0.603012 0.603012 0.603012
7554.023926 0.000000 3700.603516 0.000000 0.995716 0.000000 0.092468 0.683008 0.683008 0.683008
7552.325195 0.000000 3702.940674 0.000000 0.382866 0.000000 -0.923804 0.844093 0.844093 0.844093
7563.958008 0.000000 3687.019287 0.000000 0.694246 0.000000 0.719738 0.594696 0.594696 0.594696
7555.204590 0.000000 3701.896729 0.000000 0.214120 0.000000 0.976807 0.451362 0.451362 0.451362
7560.306641 0.000000 3691.603271 0.000000 0.651345 0.000000 0.758782 0.502787 0.502787 0.502787
7550.120117 0.000000 3716.719482 0.000000 0.611487 0.000000 -0.791254 0.848362 0.848362 0.848362
7563.660645 0.000000 3689.692871 0.000000 0.506197 0.000000 -0.862418 0.923557 0.923557 0.923557
7541.524414 0.000000 3722.756592 0.000000 0.986995 0.000000 -0.160750 0.731318 0.731318 0.731318
7567.649902 0.000000 3695.943359 0.000000 0.996266 0.000000 0.086339 0.684137 0.684137 0.684137
7560.735352 0.000000 3693.233643 0.000000 0.978422 0.000000 0.206617 0.634898 0.634898 0.634898
7566.291504 0.000000 3703.848389 0.000000 0.904215 0.000000 0.427077 0.627513 0.627513 0.627513
7556.152344 0.000000 3707.739014 0.000000 0.845650 0.000000 0.533738 0.557332 0.557332 0.557332
7565.769043 0.000000 3702.533447 0.000000 0.461193 0.000000 -0.887300 0.885019 0.885019 0.885019
7558.532227 0.000000 3694.612305 0.000000 0.999964 0.000000 -0.008471 0.701688 0.701688 0.701688
7554.005371 0.000000 3711.598633 0.000000 0.984305 0.000000 -0.176473 0.739993 0.739993 0.739993
7556.610352 0.000000 3711.287354 0.000000 0.946311 0.000000 0.323259 0.606809 0.606809 0.606809
7561.031250 0.000000 3706.111572 0.000000 0.629007 0.000000 -0.777400 0.866520 0.866520 0.866520
7555.212891 0.000000 3706.837158 0.000000 0.909048 0.000000 0.416692 0.596346 0.596346 0.596346
7567.257324 0.000000 3684.665039 0.000000 0.984060 0.000000 -0.177834 0.737181 0.737181 0.737181
7557.616211 0.000000 3706.702637 0.000000 0.860905 0.000000 -0.508766 0.835252 0.835252 0.835252
7561.423828 0.000000 3690.910889 0.000000 0.322384 0.000000 0.946609 0.415539 0.415539 0.415539
7566.352539 0.000000 3685.624756 0.000000 0.294749 0.000000 0.955575 0.435554 0.435554 0.435554
7557.362793 0.000000 3705.068115 0.000000 0.978244 0.000000 0.207455 0.647777 0.647777 0.647777
7562.891602 0.000000 3691.888184 0.000000 0.995872 0.000000 0.090774 0.681096 0.681096 0.681096
7563.398926 0.000000 3688.530518 0.000000 0.604354 0.000000 0.796716 0.501848 0.501848 0.501848
7556.735840 0.000000 3708.848145 0.000000 0.813580 0.000000 0.581453 0.552522 0.552522 0.552522
7554.439453 0.000000 3709.382568 0.000000 0.512276 0.000000 -0.858821 1.006882 1.006882 1.006882
7557.599121 0.000000 3711.614014 0.000000 0.673350 0.000000 0.739324 0.464435 0.464435 0.464435
7654.155762 0.000000 3670.386230 0.000000 0.812633 0.000000 -0.582776 0.747839 0.747839 0.747839
7595.335449 0.000000 3658.995605 0.000000 0.155562 0.000000 0.987826 0.497285 0.497285 0.497285
7569.811035 0.000000 3702.583008 0.000000 0.905305 0.000000 0.424763 0.634834 0.634834 0.634834
7621.996094 0.000000 3672.066650 0.000000 0.982065 0.000000 0.188542 0.690719 0.690719 0.690719
7577.355957 0.000000 3677.562500 0.000000 0.844811 0.000000 -0.535065 0.703947 0.703947 0.703947
7637.642578 0.000000 3691.152832 0.000000 0.407609 0.000000 -0.913157 0.927289 0.927289 0.927289
7590.520508 0.000000 3712.530029 0.000000 0.014608 0.000000 -0.999893 0.751672 0.751672 0.751672
7570.289062 0.000000 3661.167969 0.000000 0.963827 0.000000 -0.266529 0.718859 0.718859 0.718859
7648.633301 0.000000 3646.146973 0.000000 0.232335 0.000000 -0.972636 0.735030 0.735030 0.735030
7606.809082 0.000000 3721.664551 0.000000 0.005073 0.000000 -0.999987 0.897009 0.897009 0.897009
7621.914062 0.000000 3689.503906 0.000000 0.250019 0.000000 -0.968241 0.812871 0.812871 0.812871
7648.083496 0.000000 3703.022705 0.000000 0.430088 0.000000 0.902787 0.471696 0.471696 0.471696
7652.178711 0.000000 3686.088379 0.000000 0.993122 0.000000 0.117087 0.696308 0.696308 0.696308
7633.555176 0.000000 3704.521973 0.000000 0.697653 0.000000 0.716436 0.673481 0.673481 0.673481
7574.446777 0.000000 3690.332520 0.000000 0.896334 0.000000 -0.443380 0.715253 0.715253 0.715253
7582.383789 0.000000 3657.299561 0.000000 0.208914 0.000000 -0.977934 0.704755 0.704755 0.704755
7603.734863 0.000000 3709.761963 0.000000 0.122599 0.000000 0.992456 0.368530 0.368530 0.368530
7595.489746 0.000000 3701.680908 0.000000 0.737907 0.000000 0.674903 0.498032 0.498032 0.498032
7591.057617 0.000000 3683.091309 0.000000 0.496000 0.000000 0.868323 0.560302 0.560302 0.560302
7580.939941 0.000000 3667.520508 0.000000 0.288917 0.000000 0.957354 0.536999 0.536999 0.536999
7597.328613 0.000000 3725.719971 0.000000 0.876881 0.000000 -0.480707 0.714898 0.714898 0.714898
7644.263184 0.000000 3667.088379 0.000000 0.968555 0.000000 0.248798 0.689015 0.689015 0.689015
7641.908691 0.000000 3639.324463 0.000000 0.982670 0.000000 -0.185364 0.701303 0.701303 0.701303
7569.032715 0.000000 3682.211914 0.000000 0.450914 0.000000 -0.892567 0.752045 0.752045 0.752045
7628.620117 0.000000 3696.468750 0.000000 0.915751 0.000000 -0.401746 0.715172 0.715172 0.715172
7612.334473 0.000000 3729.879883 0.000000 0.259780 0.000000 0.965668 0.610852 0.610852 0.610852
7650.874512 0.000000 3637.826172 0.000000 0.055755 0.000000 -0.998444 0.737067 0.737067 0.737067
7646.274414 0.000000 3692.848633 0.000000 0.923089 0.000000 -0.384587 0.717247 0.717247 0.717247
7606.472656 0.000000 3657.525635 0.000000 0.716811 0.000000 0.697267 0.686516 0.686516 0.686516
7655.162598 0.000000 3694.266602 0.000000 0.381267 0.000000 0.924465 0.471173 0.471173 0.471173
7588.366699 0.000000 3663.482178 0.000000 0.084612 0.000000 0.996414 0.564953 0.564953 0.564953
7640.059570 0.000000 3699.383057 0.000000 0.128690 0.000000 0.991685 0.586619 0.586619 0.586619
7641.155273 0.000000 3683.264404 0.000000 0.971920 0.000000 -0.235312 0.711623 0.711623 0.711623
7585.579102 0.000000 3677.350586 0.000000 0.863217 0.000000 0.504832 0.607520 0.607520 0.607520
7630.312500 0.000000 3688.970703 0.000000 0.032383 0.000000 0.999476 0.691935 0.691935 0.691935
7574.709473 0.000000 3655.054688 0.000000 0.928140 0.000000 0.372232 0.681337 0.681337 0.681337
7591.283691 0.000000 3719.870605 0.000000 0.475811 0.000000 -0.879548 0.797682 0.797682 0.797682
7594.145996 0.000000 3695.016113 0.000000 0.816714 0.000000 0.577043 0.690325 0.690325 0.690325
7577.232422 0.000000 3661.968506 0.000000 0.881249 0.000000 -0.472652 0.735274 0.735274 0.735274
7570.395996 0.000000 3695.667480 0.000000 0.408398 0.000000 -0.912804 0.730148 0.730148 0.730148
7596.917969 0.000000 3710.040771 0.000000 0.389163 0.000000 -0.921169 0.822793 0.822793 0.822793
7634.811035 0.000000 3684.443359 0.000000 0.621804 0.000000 -0.783173 0.797488 0.797488 0.797488
7575.134766 0.000000 3683.667236 0.000000 0.035318 0.000000 0.999376 0.638283 0.638283 0.638283
7616.127930 0.000000 3687.034180 0.000000 0.948586 0.000000 -0.316518 0.727015 0.727015 0.727015
7601.232422 0.000000 3661.324707 0.000000 0.508291 0.000000 0.861185 0.683680 0.683680 0.683680
7653.988281 0.000000 3643.450684 0.000000 0.989161 0.000000 0.146835 0.695879 0.695879 0.695879
7643.562012 0.000000 3661.251709 0.000000 0.969605 0.000000 -0.244674 0.704752 0.704752 0.704752
7599.320801 0.000000 3654.665527 0.000000 0.171924 0.000000 0.985110 0.675569 0.675569 0.675569
7604.469727 0.000000 3715.863037 0.000000 0.883474 0.000000 -0.468480 0.721302 0.721302 0.721302
7634.883789 0.000000 3696.615723 0.000000 0.516218 0.000000 0.856457 0.595765 0.595765 0.595765
7653.495117 0.000000 3700.083252 0.000000 0.766082 0.000000 0.642743 0.607284 0.607284 0.607284
7593.855469 0.000000 3665.534424 0.000000 0.180923 0.000000 -0.983497 0.738835 0.738835 0.738835
7616.451172 0.000000 3675.261719 0.000000 0.395331 0.000000 0.918539 0.673547 0.673547 0.673547
7624.773926 0.000000 3684.378418 0.000000 0.505077 0.000000 0.863075 0.599911 0.599911 0.599911
7646.233887 0.000000 3686.774170 0.000000 0.333176 0.000000 -0.942865 0.869968 0.869968 0.869968
7568.750488 0.000000 3688.005859 0.000000 0.979231 0.000000 -0.202747 0.723548 0.723548 0.723548
7622.957520 0.000000 3695.351562 0.000000 0.977369 0.000000 -0.211541 0.708940 0.708940 0.708940
7608.962402 0.000000 3711.593018 0.000000 0.149706 0.000000 -0.988730 0.724825 0.724825 0.724825
7611.820312 0.000000 3724.234619 0.000000 0.120985 0.000000 0.992654 0.421354 0.421354 0.421354
7575.341797 0.000000 3667.178955 0.000000 0.887880 0.000000 -0.460076 0.796916 0.796916 0.796916
7579.608887 0.000000 3672.640869 0.000000 0.656222 0.000000 -0.754568 0.835970 0.835970 0.835970
7638.808594 0.000000 3704.468018 0.000000 0.185648 0.000000 -0.982616 0.849964 0.849964 0.849964
7648.692383 0.000000 3697.558838 0.000000 0.034484 0.000000 0.999405 0.469105 0.469105 0.469105
7581.621582 0.000000 3680.795410 0.000000 0.849015 0.000000 -0.528368 0.726267 0.726267 0.726267
7582.809570 0.000000 3662.531738 0.000000 0.792170 0.000000 0.610301 0.679351 0.679351 0.679351
7646.724121 0.000000 3641.251709 0.000000 0.939713 0.000000 0.341965 0.689021 0.689021 0.689021
7599.089844 0.000000 3705.196045 0.000000 0.983994 0.000000 -0.178202 0.737572 0.737572 0.737572
7608.499512 0.000000 3733.459473 0.000000 0.972546 0.000000 -0.232712 0.709030 0.709030 0.709030
7642.373047 0.000000 3689.776367 0.000000 0.985146 0.000000 0.171722 0.688841 0.688841 0.688841
7650.859863 0.000000 3691.138428 0.000000 0.881382 0.000000 0.472404 0.595100 0.595100 0.595100
7641.484375 0.000000 3694.758057 0.000000 0.982940 0.000000 0.183925 0.689655 0.689655 0.689655
7585.864746 0.000000 3714.233887 0.000000 0.989417 0.000000 0.145099 0.695674 0.695674 0.695674
7586.182617 0.000000 3682.490479 0.000000 0.919202 0.000000 0.393787 0.614413 0.614413 0.614413
7626.093750 0.000000 3691.788330 0.000000 0.887367 0.000000 -0.461063 0.741871 0.741871 0.741871
7643.359375 0.000000 3703.005371 0.000000 0.984281 0.000000 0.176609 0.675489 0.675489 0.675489
7645.750488 0.000000 3682.166748 0.000000 0.992591 0.000000 -0.121502 0.702980 0.702980 0.702980
7575.044434 0.000000 3673.520996 0.000000 0.996627 0.000000 0.082068 0.697128 0.697128 0.697128
7600.609375 0.000000 3713.201904 0.000000 0.266512 0.000000 -0.963832 0.829598 0.829598 0.829598
7595.691406 0.000000 3721.083496 0.000000 0.506647 0.000000 -0.862154 0.803548 0.803548 0.803548
7610.934570 0.000000 3719.508545 0.000000 0.489852 0.000000 0.871806 0.653738 0.653738 0.653738
7592.015625 0.000000 3724.383301 0.000000 0.262207 0.000000 -0.965012 0.786695 0.786695 0.786695
7586.808105 0.000000 3721.370850 0.000000 0.237437 0.000000 0.971403 0.651151 0.651151 0.651151
7585.345215 0.000000 3667.053467 0.000000 0.935043 0.000000 -0.354534 0.730401 0.730401 0.730401
7631.853027 0.000000 3693.099609 0.000000 0.476695 0.000000 0.879068 0.510449 0.510449 0.510449
7644.336914 0.000000 3698.671875 0.000000 0.767986 0.000000 0.640467 0.574880 0.574880 0.574880
7639.018066 0.000000 3687.030518 0.000000 0.271235 0.000000 0.962513 0.620722 0.620722 0.620722
7577.847656 0.000000 3687.104248 0.000000 0.997852 0.000000 -0.065504 0.709394 0.709394 0.709394
7635.859863 0.000000 3700.831543 0.000000 0.731074 0.000000 -0.682298 0.819416 0.819416 0.819416
7578.165527 0.000000 3657.770752 0.000000 0.725342 0.000000 -0.688388 0.729191 0.729191 0.729191
7574.031250 0.000000 3659.224854 0.000000 0.292571 0.000000 -0.956244 0.871419 0.871419 0.871419
7608.912598 0.000000 3715.874756 0.000000 0.001253 0.000000 -0.999999 0.897489 0.897489 0.897489
7594.926270 0.000000 3681.089111 0.000000 0.969786 0.000000 -0.243958 0.705168 0.705168 0.705168
7636.411621 0.000000 3707.801270 0.000000 0.362438 0.000000 0.932008 0.643382 0.643382 0.643382
7597.208008 0.000000 3697.901123 0.000000 0.806285 0.000000 0.591527 0.615934 0.615934 0.615934
7638.726562 0.000000 3679.957275 0.000000 0.008021 0.000000 0.999968 0.609874 0.609874 0.609874
7591.760742 0.000000 3661.185303 0.000000 0.853188 0.000000 -0.521604 0.752742 0.752742 0.752742
7631.948730 0.000000 3699.346436 0.000000 0.064784 0.000000 0.997899 0.642100 0.642100 0.642100
7647.755371 0.000000 3662.343750 0.000000 0.874309 0.000000 -0.485370 0.736312 0.736312 0.736312
7581.484863 0.000000 3676.487549 0.000000 0.939302 0.000000 0.343091 0.658383 0.658383 0.658383
7630.810547 0.000000 3684.233398 0.000000 0.350338 0.000000 -0.936623 0.947991 0.947991 0.947991
7599.691406 0.000000 3701.219482 0.000000 0.550007 0.000000 0.835160 0.660271 0.660271 0.660271
7654.823730 0.000000 3638.656982 0.000000 0.568722 0.000000 0.822530 0.678057 0.678057 0.678057
7572.478516 0.000000 3686.726807 0.000000 0.091931 0.000000 -0.995765 0.875726 0.875726 0.875726
7605.164062 0.000000 3661.239746 0.000000 0.938508 0.000000 0.345258 0.677206 0.677206 0.677206
7570.592773 0.000000 3691.722168 0.000000 0.849406 0.000000 0.527739 0.638793 0.638793 0.638793
7602.509766 0.000000 3657.510986 0.000000 0.997091 0.000000 0.076226 0.694800 0.694800 0.694800
7573.293945 0.000000 3663.786377 0.000000 0.802281 0.000000 -0.596946 0.809555 0.809555 0.809555
7572.339844 0.000000 3699.302490 0.000000 0.201829 0.000000 -0.979421 0.788428 0.788428 0.788428
7634.319824 0.000000 3688.531494 0.000000 0.850189 0.000000 -0.526477 0.793019 0.793019 0.793019
7589.494629 0.000000 3716.345947 0.000000 0.160750 0.000000 -0.986995 0.980776 0.980776 0.980776
7645.471680 0.000000 3637.587646 0.000000 0.751774 0.000000 -0.659420 0.722650 0.722650 0.722650
7626.575195 0.000000 3687.803955 0.000000 0.951399 0.000000 0.307961 0.652404 0.652404 0.652404
7648.983398 0.000000 3684.100098 0.000000 0.948589 0.000000 0.316511 0.653850 0.653850 0.653850
7650.260742 0.000000 3642.628174 0.000000 0.986285 0.000000 -0.165052 0.705216 0.705216 0.705216
7593.895020 0.000000 3685.451172 0.000000 0.164486 0.000000 -0.986379 0.800710 0.800710 0.800710
7568.599121 0.000000 3699.076660 0.000000 0.814966 0.000000 -0.579508 0.778856 0.778856 0.778856
7651.816406 0.000000 3703.645264 0.000000 0.788420 0.000000 0.615137 0.572633 0.572633 0.572633
7618.831543 0.000000 3670.062500 0.000000 0.208114 0.000000 0.978105 0.559655 0.559655 0.559655
7578.935059 0.000000 3683.264404 0.000000 0.921512 0.000000 0.388351 0.625420 0.625420 0.625420
7596.693848 0.000000 3713.648926 0.000000 0.495046 0.000000 0.868867 0.674239 0.674239 0.674239
7651.298828 0.000000 3694.757812 0.000000 0.802084 0.000000 -0.597211 0.842048 0.842048 0.842048
7598.878906 0.000000 3658.518311 0.000000 0.715891 0.000000 0.698212 0.672986 0.672986 0.672986
7576.687012 0.000000 3670.434570 0.000000 0.978788 0.000000 -0.204877 0.731372 0.731372 0.731372
7620.405762 0.000000 3692.889160 0.000000 0.090072 0.000000 0.995935 0.627551 0.627551 0.627551
7653.286133 0.000000 3666.979736 0.000000 0.443604 0.000000 0.896223 0.595138 0.595138 0.595138
7604.255371 0.000000 3719.325439 0.000000 0.199780 0.000000 -0.979841 0.740691 0.740691 0.740691
7600.229492 0.000000 3708.670410 0.000000 0.868319 0.000000 0.496007 0.583906 0.583906 0.583906
7642.614746 0.000000 3686.336426 0.000000 0.991385 0.000000 -0.130979 0.725481 0.725481 0.725481
7645.387695 0.000000 3705.712402 0.000000 0.840780 0.000000 0.541377 0.684004 0.684004 0.684004
7654.197754 0.000000 3691.053711 0.000000 0.908875 0.000000 -0.417068 0.804506 0.804506 0.804506
7590.592773 0.000000 3686.447021 0.000000 0.012066 0.000000 -0.999927 0.768100 0.768100 0.768100
7588.082031 0.000000 3679.771240 0.000000 0.048087 0.000000 0.998843 0.660085 0.660085 0.660085
7605.576172 0.000000 3712.752930 0.000000 0.529093 0.000000 0.848564 0.588442 0.588442 0.588442
7649.371582 0.000000 3687.923096 0.000000 0.979393 0.000000 0.201963 0.656287 0.656287 0.656287
7655.257812 0.000000 3705.718018 0.000000 0.073617 0.000000 -0.997287 0.838665 0.838665 0.838665
7576.747070 0.000000 3680.785889 0.000000 0.140289 0.000000 -0.990111 0.757480 0.757480 0.757480
7570.929688 0.000000 3658.010498 0.000000 0.012408 0.000000 0.999923 0.604681 0.604681 0.604681
7580.732910 0.000000 3660.043213 0.000000 0.645769 0.000000 -0.763533 0.816905 0.816905 0.816905
7637.937500 0.000000 3683.578613 0.000000 0.989611 0.000000 0.143774 0.672518 0.672518 0.672518
7649.369141 0.000000 3705.958008 0.000000 0.399186 0.000000 0.916870 0.620928 0.620928 0.620928
7635.208496 0.000000 3693.269043 0.000000 0.923842 0.000000 -0.382774 0.722653 0.722653 0.722653
7603.146484 0.000000 3706.526611 0.000000 0.808374 0.000000 0.588669 0.592205 0.592205 0.592205
7622.026367 0.000000 3686.371094 0.000000 0.815119 0.000000 -0.579294 0.741031 0.741031 0.741031
7607.201660 0.000000 3730.475830 0.000000 0.190029 0.000000 0.981778 0.644548 0.644548 0.644548
7647.429688 0.000000 3667.236328 0.000000 0.697480 0.000000 -0.716604 0.761432 0.761432 0.761432
7594.070312 0.000000 3698.552734 0.000000 0.830212 0.000000 -0.557448 0.831237 0.831237 0.831237
7586.411133 0.000000 3717.464355 0.000000 0.199706 0.000000 -0.979856 0.790962 0.790962 0.790962
7650.000000 0.000000 3700.409180 0.000000 0.998030 0.000000 0.062736 0.694624 0.694624 0.694624
7584.058594 0.000000 3674.638428 0.000000 0.861226 0.000000 0.508222 0.640373 0.640373 0.640373
7585.710449 0.000000 3685.623047 0.000000 0.802926 0.000000 0.596079 0.673215 0.673215 0.673215
7627.858398 0.000000 3683.360107 0.000000 0.729279 0.000000 -0.684217 0.725020 0.725020 0.725020
7607.398438 0.000000 3718.595947 0.000000 0.994093 0.000000 -0.108530 0.714063 0.714063 0.714063
7588.900879 0.000000 3723.701660 0.000000 0.644026 0.000000 -0.765004 0.808078 0.808078 0.808078
7581.981445 0.000000 3670.411621 0.000000 0.974941 0.000000 -0.222465 0.707841 0.707841 0.707841
7596.395508 0.000000 3656.120361 0.000000 0.914421 0.000000 0.404764 0.685435 0.685435 0.685435
7594.753418 0.000000 3662.095459 0.000000 0.622673 0.000000 -0.782482 0.739261 0.739261 0.739261
7645.095215 0.000000 3663.950439 0.000000 0.996985 0.000000 0.077588 0.690228 0.690228 0.690228
7618.645020 0.000000 3673.103760 0.000000 0.825052 0.000000 -0.565057 0.787103 0.787103 0.787103
7619.212402 0.000000 3687.749268 0.000000 0.874810 0.000000 0.484467 0.613383 0.613383 0.613383
7569.833496 0.000000 3685.115234 0.000000 0.965938 0.000000 0.258773 0.680788 0.680788 0.680788
7596.503906 0.000000 3706.938232 0.000000 0.379341 0.000000 -0.925257 0.794997 0.794997 0.794997
7653.376465 0.000000 3696.978271 0.000000 0.484507 0.000000 -0.874787 1.044317 1.044317 1.044317
7641.549316 0.000000 3705.639893 0.000000 0.822918 0.000000 -0.568160 0.805601 0.805601 0.805601
7585.463379 0.000000 3664.054199 0.000000 0.345737 0.000000 0.938331 0.444621 0.444621 0.444621
7651.644531 0.000000 3645.671875 0.000000 0.164246 0.000000 0.986419 0.643495 0.643495 0.643495
7625.665039 0.000000 3696.722412 0.000000 0.983091 0.000000 -0.183120 0.707080 0.707080 0.707080
7647.012207 0.000000 3700.141846 0.000000 0.528692 0.000000 0.848813 0.524613 0.524613 0.524613
7608.849121 0.000000 3723.814941 0.000000 0.959613 0.000000 0.281323 0.640196 0.640196 0.640196
7647.322266 0.000000 3690.076904 0.000000 0.544721 0.000000 -0.838617 0.840810 0.840810 0.840810
7627.612305 0.000000 3699.241699 0.000000 0.972102 0.000000 -0.234560 0.707862 0.707862 0.707862
7646.108887 0.000000 3644.156250 0.000000 0.989489 0.000000 0.144607 0.693914 0.693914 0.693914
7628.580566 0.000000 3693.487061 0.000000 0.909951 0.000000 0.414717 0.649929 0.649929 0.649929
7612.906250 0.000000 3727.030273 0.000000 0.795903 0.000000 0.605424 0.623858 0.623858 0.623858
7643.637207 0.000000 3641.822998 0.000000 0.896848 0.000000 -0.442339 0.746444 0.746444 0.746444
7583.273438 0.000000 3683.193115 0.000000 0.967543 0.000000 -0.252706 0.710715 0.710715 0.710715
7588.464844 0.000000 3684.453125 0.000000 0.800058 0.000000 0.599923 0.621292 0.621292 0.621292
7623.284180 0.000000 3692.479004 0.000000 0.994802 0.000000 0.101830 0.693939 0.693939 0.693939
7591.259766 0.000000 3664.062256 0.000000 0.326314 0.000000 -0.945261 0.808210 0.808210 0.808210
7595.046875 0.000000 3723.945068 0.000000 0.960436 0.000000 -0.278499 0.752282 0.752282 0.752282
7631.438965 0.000000 3695.924072 0.000000 0.478607 0.000000 -0.878029 0.801138 0.801138 0.801138
7587.623535 0.000000 3712.069092 0.000000 0.805320 0.000000 -0.592840 0.794264 0.794264 0.794264
7577.696289 0.000000 3674.741943 0.000000 0.064018 0.000000 -0.997949 0.771095 0.771095 0.771095
7584.290527 0.000000 3679.984375 0.000000 0.792015 0.000000 -0.610502 0.745905 0.745905 0.745905
7632.092773 0.000000 3686.812988 0.000000 0.631267 0.000000 0.775566 0.655016 0.655016 0.655016
7582.945312 0.000000 3665.391846 0.000000 0.347899 0.000000 0.937532 0.564056 0.564056 0.564056
7592.225586 0.000000 3680.481689 0.000000 0.961521 0.000000 0.274731 0.675195 0.675195 0.675195
7648.457520 0.000000 3694.592529 0.000000 0.771837 0.000000 -0.635820 0.792724 0.792724 0.792724
7606.524902 0.000000 3710.079834 0.000000 0.507288 0.000000 0.861776 0.618311 0.618311 0.618311
7628.807129 0.000000 3686.102783 0.000000 0.609344 0.000000 0.792906 0.595998 0.595998 0.595998
7653.798828 0.000000 3688.343262 0.000000 0.372800 0.000000 -0.927912 0.862043 0.862043 0.862043
7588.619141 0.000000 3719.054199 0.000000 0.746975 0.000000 -0.664853 0.837269 0.837269 0.837269
7640.661133 0.000000 3702.108398 0.000000 0.919889 0.000000 0.392178 0.645771 0.645771 0.645771
7637.367188 0.000000 3698.581055 0.000000 0.563631 0.000000 -0.826026 0.745865 0.745865 0.745865
7609.818359 0.000000 3731.082031 0.000000 0.759046 0.000000 -0.651037 0.797877 0.797877 0.797877
7571.272949 0.000000 3689.138184 0.000000 0.376047 0.000000 -0.926601 0.884351 0.884351 0.884351
7593.093262 0.000000 3721.865967 0.000000 0.187723 0.000000 -0.982222 0.808679 0.808679 0.808679
7579.797363 0.000000 3662.699219 0.000000 0.545542 0.000000 -0.838083 0.759047 0.759047 0.759047
7577.956543 0.000000 3667.799072 0.000000 0.850888 0.000000 0.525347 0.654568 0.654568 0.654568
7616.140137 0.000000 3672.123535 0.000000 0.439778 0.000000 0.898106 0.612280 0.612280 0.612280
7575.054688 0.000000 3687.537354 0.000000 0.099014 0.000000 -0.995086 0.921173 0.921173 0.921173
7636.177246 0.000000 3703.932861 0.000000 0.398355 0.000000 -0.917231 0.797395 0.797395 0.797395
7632.567383 0.000000 3690.521484 0.000000 0.323810 0.000000 0.946122 0.628429 0.628429 0.628429
7588.347656 0.000000 3677.015625 0.000000 0.372334 0.000000 0.928099 0.598161 0.598161 0.598161
7636.328125 0.000000 3686.668457 0.000000 0.789943 0.000000 -0.613180 0.776134 0.776134 0.776134
7597.659668 0.000000 3723.037109 0.000000 0.647764 0.000000 0.761841 0.601611 0.601611 0.601611
7569.101562 0.000000 3705.110840 0.000000 0.977246 0.000000 0.212109 0.685433 0.685433 0.685433
7624.563477 0.000000 3689.570312 0.000000 0.235940 0.000000 -0.971768 0.816442 0.816442 0.816442
7644.572754 0.000000 3684.507324 0.000000 0.130529 0.000000 -0.991444 0.838398 0.838398 0.838398
7644.856445 0.000000 3689.040771 0.000000 0.131058 0.000000 -0.991375 0.954056 0.954056 0.954056
7577.934082 0.000000 3689.713867 0.000000 0.576742 0.000000 0.816926 0.639851 0.639851 0.639851
7654.162598 0.000000 3702.583496 0.000000 0.720896 0.000000 0.693043 0.520691 0.520691 0.520691
7579.428711 0.000000 3670.058105 0.000000 0.488621 0.000000 0.872496 0.622176 0.622176 0.622176
7642.042480 0.000000 3697.427490 0.000000 0.024990 0.000000 0.999688 0.462275 0.462275 0.462275
7610.383301 0.000000 3726.483887 0.000000 0.909132 0.000000 -0.416509 0.771323 0.771323 0.771323
7568.488281 0.000000 3693.232910 0.000000 0.105874 0.000000 0.994380 0.533618 0.533618 0.533618
7597.269043 0.000000 3660.708008 0.000000 0.608070 0.000000 0.793884 0.640695 0.640695 0.640695
7639.246582 0.000000 3707.016602 0.000000 0.062486 0.000000 -0.998046 0.768532 0.768532 0.768532
7628.358398 0.000000 3690.563477 0.000000 0.668380 0.000000 0.743820 0.631107 0.631107 0.631107
7575.794922 0.000000 3664.134277 0.000000 0.456073 0.000000 -0.889942 0.893666 0.893666 0.893666
7625.178223 0.000000 3694.243652 0.000000 0.999920 0.000000 -0.012634 0.700640 0.700640 0.700640
7597.804688 0.000000 3702.909912 0.000000 0.518941 0.000000 -0.854810 0.931116 0.931116 0.931116
7587.786133 0.000000 3665.934814 0.000000 0.541748 0.000000 -0.840541 0.797696 0.797696 0.797696
7574.629883 0.000000 3661.633545 0.000000 0.218136 0.000000 -0.975918 0.841648 0.841648 0.841648
7591.742676 0.000000 3717.399170 0.000000 0.494498 0.000000 0.869179 0.626354 0.626354 0.626354
7599.272949 0.000000 3711.049805 0.000000 0.842279 0.000000 0.539041 0.578623 0.578623 0.578623
7603.038574 0.000000 3713.652588 0.000000 0.001406 0.000000 -0.999999 0.782279 0.782279 0.782279
7642.601562 0.000000 3700.463867 0.000000 0.967362 0.000000 -0.253400 0.748354 0.748354 0.748354
7638.323242 0.000000 3693.576416 0.000000 0.988331 0.000000 0.152320 0.670070 0.670070 0.670070
7645.719727 0.000000 3702.328613 0.000000 0.703354 0.000000 -0.710840 0.784290 0.784290 0.784290
7575.721680 0.000000 3657.412109 0.000000 0.506453 0.000000 0.862268 0.525566 0.525566 0.525566
7572.505371 0.000000 3656.137451 0.000000 0.938873 0.000000 0.344265 0.671133 0.671133 0.671133
7592.572266 0.000000 3700.518555 0.000000 0.365335 0.000000 -0.930876 0.792027 0.792027 0.792027
7651.083008 0.000000 3697.995117 0.000000 0.095696 0.000000 -0.995411 0.988692 0.988692 0.988692
7652.992676 0.000000 3693.106201 0.000000 0.329300 0.000000 0.944225 0.358929 0.358929 0.358929
7568.382324 0.000000 3690.350098 0.000000 0.368617 0.000000 -0.929581 0.948157 0.948157 0.948157
7604.487793 0.000000 3658.925049 0.000000 0.216025 0.000000 0.976388 0.562855 0.562855 0.562855
7593.581543 0.000000 3683.095947 0.000000 0.997000 0.000000 -0.077408 0.713270 0.713270 0.713270
7576.459961 0.000000 3659.676514 0.000000 0.807799 0.000000 0.589458 0.637206 0.637206 0.637206
7648.684570 0.000000 3692.177979 0.000000 0.895495 0.000000 0.445071 0.663726 0.663726 0.663726
7635.141113 0.000000 3690.746338 0.000000 0.682270 0.000000 -0.731100 0.813199 0.813199 0.813199
7607.813965 0.000000 3713.770020 0.000000 0.682598 0.000000 0.730794 0.539603 0.539603 0.539603
7618.125977 0.000000 3685.611328 0.000000 0.936576 0.000000 -0.350465 0.720650 0.720650 0.720650
7636.998047 0.000000 3688.900391 0.000000 0.118619 0.000000 -0.992940 0.793881 0.793881 0.793881
7588.683105 0.000000 3714.150635 0.000000 0.969535 0.000000 -0.244952 0.739355 0.739355 0.739355
7597.415039 0.000000 3700.306396 0.000000 0.769900 0.000000 -0.638164 0.837885 0.837885 0.837885
7641.042969 0.000000 3680.350830 0.000000 0.337664 0.000000 0.941267 0.622846 0.622846 0.622846
7601.600098 0.000000 3710.939697 0.000000 0.026057 0.000000 0.999660 0.505632 0.505632 0.505632
7608.841797 0.000000 3720.514160 0.000000 0.843112 0.000000 0.537738 0.610702 0.610702 0.610702
7589.378906 0.000000 3721.359863 0.000000 0.972166 0.000000 0.234293 0.665284 0.665284 0.665284
7624.307617 0.000000 3686.923828 0.000000 0.629006 0.000000 -0.777401 0.821389 0.821389 0.821389
7577.034668 0.000000 3684.960693 0.000000 0.068558 0.000000 0.997647 0.421729 0.421729 0.421729
7647.833008 0.000000 3664.999023 0.000000 0.688906 0.000000 0.724850 0.538465 0.538465 0.538465
7634.634277 0.000000 3698.883301 0.000000 0.920139 0.000000 -0.391592 0.753440 0.753440 0.753440
7604.463867 0.000000 3656.140137 0.000000 0.131428 0.000000 -0.991326 0.785501 0.785501 0.785501
7633.432129 0.000000 3694.746826 0.000000 0.181839 0.000000 0.983328 0.522935 0.522935 0.522935
7609.964355 0.000000 3728.788086 0.000000 0.019170 0.000000 -0.999816 0.862696 0.862696 0.862696
7651.572266 0.000000 3688.442383 0.000000 0.634196 0.000000 -0.773172 0.856001 0.856001 0.856001
7606.653320 0.000000 3716.299072 0.000000 0.996079 0.000000 -0.088467 0.711765 0.711765 0.711765
7582.347168 0.000000 3678.593262 0.000000 0.999924 0.000000 0.012308 0.698946 0.698946 0.698946
7568.353516 0.000000 3696.714355 0.000000 0.909268 0.000000 -0.416212 0.726257 0.726257 0.726257
7626.702148 0.000000 3685.524658 0.000000 0.457885 0.000000 0.889011 0.552628 0.552628 0.552628
7634.175781 0.000000 3702.346436 0.000000 0.622698 0.000000 0.782463 0.549242 0.549242 0.549242
7646.533203 0.000000 3698.010254 0.000000 0.276035 0.000000 0.961148 0.451801 0.451801 0.451801
7630.511719 0.000000 3691.319824 0.000000 0.654242 0.000000 0.756285 0.646045 0.646045 0.646045
7640.544434 0.000000 3685.427246 0.000000 0.944413 0.000000 0.328762 0.677168 0.677168 0.677168
7577.143066 0.000000 3672.617432 0.000000 0.713245 0.000000 -0.700915 0.799084 0.799084 0.799084
7641.005371 0.000000 3687.853516 0.000000 0.519281 0.000000 -0.854603 0.834318 0.834318 0.834318
7579.310059 0.000000 3680.822266 0.000000 0.920851 0.000000 0.389915 0.660101 0.660101 0.660101
7570.530273 0.000000 3700.461670 0.000000 0.819107 0.000000 0.573640 0.647684 0.647684 0.647684
7570.742676 0.000000 3697.780762 0.000000 0.651189 0.000000 -0.758916 0.796371 0.796371 0.796371
7646.854004 0.000000 3684.722656 0.000000 0.923097 0.000000 -0.384566 0.763465 0.763465 0.763465
7580.194824 0.000000 3674.745117 0.000000 0.737505 0.000000 -0.675342 0.821796 0.821796 0.821796
7572.542969 0.000000 3660.819092 0.000000 0.965192 0.000000 -0.261544 0.765205 0.765205 0.765205
7578.601562 0.000000 3660.303467 0.000000 0.190463 0.000000 0.981694 0.456570 0.456570 0.456570
7573.672852 0.000000 3665.860840 0.000000 0.712696 0.000000 -0.701473 0.782879 0.782879 0.782879
7632.883301 0.000000 3697.469971 0.000000 0.985422 0.000000 0.170130 0.677293 0.677293 0.677293
7601.035645 0.000000 3706.682129 0.000000 0.541445 0.000000 -0.840736 1.024609 1.024609 1.024609
7581.034668 0.000000 3683.487061 0.000000 0.985700 0.000000 -0.168511 0.714203 0.714203 0.714203
7630.262695 0.000000 3682.184326 0.000000 0.474555 0.000000 0.880226 0.624760 0.624760 0.624760
7639.548828 0.000000 3681.903564 0.000000 0.982375 0.000000 0.186919 0.661555 0.661555 0.661555
7595.861816 0.000000 3696.270996 0.000000 0.188778 0.000000 0.982020 0.574513 0.574513 0.574513
7583.601562 0.000000 3676.776367 0.000000 0.190853 0.000000 0.981619 0.413269 0.413269 0.413269
7651.915527 0.000000 3701.419189 0.000000 0.850414 0.000000 -0.526114 0.747442 0.747442 0.747442
7637.285156 0.000000 3705.903564 0.000000 0.999889 0.000000 0.014912 0.698019 0.698019 0.698019
7598.471191 0.000000 3707.602051 0.000000 0.995602 0.000000 0.093681 0.685244 0.685244 0.685244
7586.673340 0.000000 3675.597168 0.000000 0.851885 0.000000 -0.523729 0.739496 0.739496 0.739496
7568.450684 0.000000 3701.085449 0.000000 0.145891 0.000000 -0.989301 0.986261 0.986261 0.986261
7573.333984 0.000000 3688.656982 0.000000 0.135939 0.000000 0.990717 0.466868 0.466868 0.466868
7634.089355 0.000000 3686.417969 0.000000 0.822541 0.000000 -0.568706 0.749687 0.749687 0.749687
7645.900391 0.000000 3665.878906 0.000000 0.976621 0.000000 -0.214967 0.733698 0.733698 0.733698
7649.810547 0.000000 3685.936523 0.000000 0.770548 0.000000 0.637382 0.600965 0.600965 0.600965
7643.233398 0.000000 3665.338379 0.000000 0.947621 0.000000 0.319397 0.663640 0.663640 0.663640
7590.029785 0.000000 3662.222168 0.000000 0.994394 0.000000 -0.105734 0.721845 0.721845 0.721845
7609.337891 0.000000 3717.890137 0.000000 0.744541 0.000000 -0.667577 0.809856 0.809856 0.809856
7591.916016 0.000000 3684.910156 0.000000 0.252633 0.000000 -0.967562 0.906889 0.906889 0.906889
7583.006836 0.000000 3667.400391 0.000000 0.623598 0.000000 -0.781745 0.852133 0.852133 0.852133
7645.377441 0.000000 3691.013672 0.000000 0.999108 0.000000 0.042232 0.696825 0.696825 0.696825
7590.784180 0.000000 3722.754639 0.000000 0.596893 0.000000 -0.802321 0.903413 0.903413 0.903413
7650.065430 0.000000 3702.485840 0.000000 0.954885 0.000000 -0.296977 0.757963 0.757963 0.757963
7592.879395 0.000000 3662.808594 0.000000 0.934077 0.000000 -0.357071 0.742752 0.742752 0.742752
7603.709473 0.000000 3711.731689 0.000000 0.808557 0.000000 -0.588417 0.781356 0.781356 0.781356
7587.600586 0.000000 3715.805908 0.000000 0.133185 0.000000 -0.991091 0.878327 0.878327 0.878327
7576.966797 0.000000 3682.786865 0.000000 0.754005 0.000000 0.656869 0.601059 0.601059 0.601059
7602.241211 0.000000 3708.476074 0.000000 0.309597 0.000000 -0.950868 0.987547 0.987547 0.987547
7586.160645 0.000000 3679.462891 0.000000 0.914474 0.000000 0.404644 0.665055 0.665055 0.665055
7633.576660 0.000000 3692.226807 0.000000 0.109039 0.000000 -0.994037 0.835371 0.835371 0.835371
7630.323730 0.000000 3694.347900 0.000000 0.229078 0.000000 -0.973408 0.826424 0.826424 0.826424
7626.535645 0.000000 3689.897461 0.000000 0.793781 0.000000 0.608203 0.639444 0.639444 0.639444
7647.643066 0.000000 3682.544434 0.000000 0.793904 0.000000 0.608043 0.639463 0.639463 0.639463
7644.505371 0.000000 3700.811035 0.000000 0.968916 0.000000 -0.247390 0.740192 0.740192 0.740192
7633.474609 0.000000 3700.478027 0.000000 0.349226 0.000000 -0.937038 0.803961 0.803961 0.803961
7570.648438 0.000000 3687.351562 0.000000 0.976586 0.000000 -0.215126 0.721219 0.721219 0.721219
7642.637207 0.000000 3684.415527 0.000000 0.998205 0.000000 -0.059883 0.705026 0.705026 0.705026
7652.533203 0.000000 3690.098145 0.000000 0.041415 0.000000 -0.999142 1.151686 1.151686 1.151686
7650.431152 0.000000 3693.060547 0.000000 0.364123 0.000000 0.931351 0.519934 0.519934 0.519934
7649.988281 0.000000 3696.202148 0.000000 0.688532 0.000000 -0.725206 0.821937 0.821937 0.821937
7644.294434 0.000000 3687.137451 0.000000 0.847841 0.000000 -0.530251 0.801579 0.801579 0.801579
7649.245605 0.000000 3689.986328 0.000000 0.207605 0.000000 0.978213 0.371611 0.371611 0.371611
7595.773438 0.000000 3699.316406 0.000000 0.995886 0.000000 -0.090615 0.720139 0.720139 0.720139
7606.032227 0.000000 3719.897949 0.000000 0.759616 0.000000 -0.650371 0.791569 0.791569 0.791569
7598.284668 0.000000 3712.674805 0.000000 0.668228 0.000000 0.743956 0.614962 0.614962 0.614962
7637.866699 0.000000 3685.478760 0.000000 0.781575 0.000000 0.623811 0.554029 0.554029 0.554029
7582.041016 0.000000 3674.746338 0.000000 0.478637 0.000000 -0.878013 0.816118 0.816118 0.816118
7641.431152 0.000000 3703.763672 0.000000 0.476158 0.000000 0.879360 0.555409 0.555409 0.555409
7584.974609 0.000000 3683.956543 0.000000 0.056593 0.000000 -0.998397 0.919630 0.919630 0.919630
7647.991211 0.000000 3686.277832 0.000000 0.629872 0.000000 -0.776699 0.822791 0.822791 0.822791
7597.318848 0.000000 3704.996338 0.000000 0.476048 0.000000 -0.879420 0.820194 0.820194 0.820194
7654.539551 0.000000 3668.363037 0.000000 0.989543 0.000000 -0.144236 0.730606 0.730606 0.730606
7647.525391 0.000000 3688.082520 0.000000 0.931841 0.000000 -0.362867 0.773980 0.773980 0.773980
7653.474609 0.000000 3695.055908 0.000000 0.360148 0.000000 0.932895 0.273448 0.273448 0.273448
7574.643066 0.000000 3685.773193 0.000000 0.617891 0.000000 0.786264 0.611458 0.611458 0.611458
7639.636719 0.000000 3694.795898 0.000000 0.625292 0.000000 0.780391 0.613947 0.613947 0.613947
7637.598633 0.000000 3681.400879 0.000000 0.968514 0.000000 0.248961 0.670540 0.670540 0.670540
7636.178223 0.000000 3683.321045 0.000000 0.850761 0.000000 -0.525553 0.805409 0.805409 0.805409
7644.945801 0.000000 3703.988281 0.000000 0.687910 0.000000 -0.725796 0.786582 0.786582 0.786582
7635.288086 0.000000 3705.487793 0.000000 0.194732 0.000000 -0.980857 0.848961 0.848961 0.848961
7575.696289 0.000000 3668.921143 0.000000 0.274270 0.000000 0.961653 0.550869 0.550869 0.550869
7619.806152 0.000000 3671.786621 0.000000 0.683919 0.000000 -0.729558 0.784308 0.784308 0.784308
7611.637207 0.000000 3728.257080 0.000000 0.690420 0.000000 0.723409 0.541708 0.541708 0.541708
7581.312012 0.000000 3661.675293 0.000000 0.979808 0.000000 0.199938 0.672913 0.672913 0.672913
7644.356934 0.000000 3696.896240 0.000000 0.367579 0.000000 -0.929992 0.821063 0.821063 0.821063
7574.106934 0.000000 3656.773682 0.000000 0.102178 0.000000 -0.994766 0.946357 0.946357 0.946357
7594.306152 0.000000 3700.337646 0.000000 0.999571 0.000000 -0.029295 0.707988 0.707988 0.707988
7568.322266 0.000000 3703.507812 0.000000 0.225473 0.000000 0.974249 0.500450 0.500450 0.500450
7608.414062 0.000000 3722.182617 0.000000 0.468475 0.000000 0.883477 0.472835 0.472835 0.472835
7588.073242 0.000000 3717.414551 0.000000 0.381828 0.000000 -0.924233 0.934890 0.934890 0.934890
7639.593262 0.000000 3683.818115 0.000000 0.980557 0.000000 -0.196233 0.739350 0.739350 0.739350
7598.410156 0.000000 3709.248779 0.000000 0.976243 0.000000 0.216676 0.664885 0.664885 0.664885
7651.768555 0.000000 3696.435059 0.000000 0.036505 0.000000 -0.999334 1.000304 1.000304 1.000304
7605.244141 0.000000 3711.139893 0.000000 0.912962 0.000000 -0.408044 0.777860 0.777860 0.777860
7600.998047 0.000000 3705.000732 0.000000 0.787720 0.000000 0.616034 0.609530 0.609530 0.609530
7593.416992 0.000000 3723.523682 0.000000 0.425570 0.000000 -0.904925 0.927341 0.927341 0.927341
7654.592773 0.000000 3692.659180 0.000000 0.308514 0.000000 0.951220 0.418784 0.418784 0.418784
7647.642090 0.000000 3696.197998 0.000000 0.155396 0.000000 0.987852 0.460175 0.460175 0.460175
7595.659668 0.000000 3660.704590 0.000000 0.096877 0.000000 0.995296 0.475929 0.475929 0.475929
7576.159180 0.000000 3686.333984 0.000000 0.305045 0.000000 0.952338 0.519323 0.519323 0.519323
7590.167969 0.000000 3684.875977 0.000000 0.058673 0.000000 -0.998277 0.937825 0.937825 0.937825
7610.231934 0.000000 3724.797607 0.000000 0.686065 0.000000 -0.727540 0.856619 0.856619 0.856619
7629.166016 0.000000 3684.330322 0.000000 0.850878 0.000000 0.525363 0.604301 0.604301 0.604301
7653.046387 0.000000 3669.031982 0.000000 0.673621 0.000000 0.739076 0.598258 0.598258 0.598258
7632.611328 0.000000 3685.283203 0.000000 0.652272 0.000000 -0.757985 0.821768 0.821768 0.821768
7652.688477 0.000000 3698.426758 0.000000 0.574457 0.000000 -0.818535 0.842433 0.842433 0.842433
7594.711426 0.000000 3722.387207 0.000000 0.217080 0.000000 -0.976154 0.950445 0.950445 0.950445
7619.442383 0.000000 3689.312500 0.000000 0.405743 0.000000 0.913987 0.564997 0.564997 0.564997
7597.070801 0.000000 3708.414062 0.000000 0.432928 0.000000 0.901428 0.507662 0.507662 0.507662
7579.380859 0.000000 3658.907227 0.000000 0.671512 0.000000 -0.740993 0.799174 0.799174 0.799174
7611.766113 0.000000 3725.782715 0.000000 0.994914 0.000000 -0.100723 0.719395 0.719395 0.719395
7592.287109 0.000000 3682.106934 0.000000 0.955576 0.000000 0.294746 0.648760 0.648760 0.648760
7573.160645 0.000000 3662.244385 0.000000 0.849344 0.000000 0.527839 0.604768 0.604768 0.604768
7636.353027 0.000000 3685.003662 0.000000 0.559324 0.000000 0.828949 0.488235 0.488235 0.488235
7584.495117 0.000000 3665.661621 0.000000 0.990150 0.000000 0.140013 0.670541 0.670541 0.670541
7652.360352 0.000000 3691.651611 0.000000 0.910591 0.000000 -0.413309 0.825841 0.825841 0.825841
7569.029297 0.000000 3691.771240 0.000000 0.999454 0.000000 -0.033031 0.706870 0.706870 0.706870
7645.716797 0.000000 3699.332520 0.000000 0.577465 0.000000 -0.816415 0.871933 0.871933 0.871933
7646.459961 0.000000 3703.670654 0.000000 0.614620 0.000000 0.788823 0.553870 0.553870 0.553870
7593.402344 0.000000 3661.381836 0.000000 0.821380 0.000000 -0.570382 0.807134 0.807134 0.807134
7630.010742 0.000000 3692.854004 0.000000 0.565307 0.000000 -0.824881 0.871209 0.871209 0.871209
7575.163086 0.000000 3665.564209 0.000000 0.368475 0.000000 0.929638 0.489353 0.489353 0.489353
7587.234863 0.000000 3713.532959 0.000000 0.675833 0.000000 0.737055 0.576901 0.576901 0.576901
7572.600586 0.000000 3689.997803 0.000000 0.998033 0.000000 -0.062697 0.710197 0.710197 0.710197
7589.553223 0.000000 3683.340088 0.000000 0.984095 0.000000 -0.177644 0.729650 0.729650 0.729650
7608.019043 0.000000 3717.134766 0.000000 0.948260 0.000000 0.317493 0.651443 0.651443 0.651443
7642.196777 0.000000 3701.896729 0.000000 0.419678 0.000000 0.907673 0.485271 0.485271 0.485271
7647.298828 0.000000 3691.603271 0.000000 0.810738 0.000000 -0.585409 0.788526 0.788526 0.788526
7638.897949 0.000000 3692.185547 0.000000 0.999137 0.000000 -0.041539 0.708133 0.708133 0.708133
7588.035156 0.000000 3720.457275 0.000000 0.820645 0.000000 -0.571439 0.789290 0.789290 0.789290
7591.687012 0.000000 3721.301270 0.000000 0.145926 0.000000 0.989295 0.513313 0.513313 0.513313
7594.816895 0.000000 3703.131836 0.000000 0.661092 0.000000 -0.750305 0.830492 0.830492 0.830492
7587.921387 0.000000 3683.071777 0.000000 0.469111 0.000000 0.883139 0.471095 0.471095 0.471095
7596.321777 0.000000 3703.001221 0.000000 0.552980 0.000000 -0.833195 0.922025 0.922025 0.922025
7646.333008 0.000000 3688.917725 0.000000 0.612761 0.000000 -0.790268 0.881543 0.881543 0.881543
7589.070312 0.000000 3712.353516 0.000000 0.564007 0.000000 -0.825770 0.832436 0.832436 0.832436
7603.682617 0.000000 3708.238525 0.000000 0.582778 0.000000 -0.812632 0.917179 0.917179 0.917179
7647.107422 0.000000 3701.849854 0.000000 0.437084 0.000000 0.899421 0.506497 0.506497 0.506497
7578.364746 0.000000 3673.475342 0.000000 0.999787 0.000000 0.020634 0.696718 0.696718 0.696718
7576.483887 0.000000 3687.773682 0.000000 0.367764 0.000000 -0.929919 0.871130 0.871130 0.871130
7635.655273 0.000000 3689.385742 0.000000 0.195762 0.000000 0.980651 0.469527 0.469527 0.469527
7650.652832 0.000000 3689.692871 0.000000 0.484631 0.000000 0.874719 0.512047 0.512047 0.512047
7627.529297 0.000000 3686.744385 0.000000 0.995320 0.000000 0.096630 0.685285 0.685285 0.685285
7630.937500 0.000000 3685.657959 0.000000 0.993151 0.000000 0.116840 0.676055 0.676055 0.676055
7634.754395 0.000000 3703.703613 0.000000 0.324363 0.000000 0.945933 0.491891 0.491891 0.491891
7654.642090 0.000000 3695.943359 0.000000 0.282447 0.000000 0.959283 0.450840 0.450840 0.450840
7610.772949 0.000000 3729.983887 0.000000 0.403176 0.000000 0.915123 0.473774 0.473774 0.473774
7579.812012 0.000000 3661.262451 0.000000 0.895358 0.000000 -0.445347 0.781468 0.781468 0.781468
7599.607422 0.000000 3706.760010 0.000000 0.885078 0.000000 0.465442 0.623854 0.623854 0.623854
7570.005859 0.000000 3698.988525 0.000000 0.861244 0.000000 0.508191 0.598455 0.598455 0.598455
7586.967773 0.000000 3676.944580 0.000000 0.570663 0.000000 -0.821185 0.900368 0.900368 0.900368
7609.562500 0.000000 3719.337402 0.000000 0.123900 0.000000 0.992295 0.472479 0.472479 0.472479
7607.680664 0.000000 3715.198242 0.000000 0.998150 0.000000 -0.060808 0.709464 0.709464 0.709464
7653.283691 0.000000 3703.848389 0.000000 0.948586 0.000000 -0.316519 0.756845 0.756845 0.756845
7644.614258 0.000000 3665.390869 0.000000 0.828974 0.000000 0.559287 0.607686 0.607686 0.607686
7589.879883 0.000000 3719.598389 0.000000 0.815920 0.000000 0.578164 0.583647 0.583647 0.583647
7652.761230 0.000000 3702.533447 0.000000 0.756260 0.000000 0.654272 0.574113 0.574113 0.574113
7596.881836 0.000000 3701.664062 0.000000 0.936006 0.000000 -0.351984 0.771659 0.771659 0.771659
7592.123535 0.000000 3722.905518 0.000000 0.108001 0.000000 0.994151 0.406061 0.406061 0.406061
7592.357422 0.000000 3683.630615 0.000000 0.449231 0.000000 -0.893416 0.889227 0.889227 0.889227
7643.059570 0.000000 3698.330078 0.000000 0.670433 0.000000 -0.741970 0.885545 0.885545 0.885545
7636.482910 0.000000 3690.441895 0.000000 0.863749 0.000000 -0.503922 0.804294 0.804294 0.804294
7640.200195 0.000000 3704.166992 0.000000 0.920124 0.000000 -0.391627 0.770323 0.770323 0.770323
7643.565430 0.000000 3701.721680 0.000000 0.190580 0.000000 0.981672 0.439721 0.439721 0.439721
7598.347656 0.000000 3704.087402 0.000000 0.509154 0.000000 0.860675 0.482616 0.482616 0.482616
7591.436523 0.000000 3662.462891 0.000000 0.994913 0.000000 -0.100738 0.720809 0.720809 0.720809
7574.522949 0.000000 3664.418457 0.000000 0.777320 0.000000 0.629106 0.579905 0.579905 0.579905
7601.583008 0.000000 3709.620850 0.000000 0.870629 0.000000 0.491941 0.584952 0.584952 0.584952
7569.729980 0.000000 3690.685059 0.000000 0.759468 0.000000 0.650545 0.552700 0.552700 0.552700
7645.450684 0.000000 3687.820801 0.000000 0.036341 0.000000 0.999339 0.421116 0.421116 0.421116
7648.245605 0.000000 3689.196533 0.000000 0.271070 0.000000 -0.962560 1.012622 1.012622 1.012622
7596.125977 0.000000 3700.567627 0.000000 0.202583 0.000000 0.979265 0.427700 0.427700 0.427700
7598.110840 0.000000 3710.543701 0.000000 0.936028 0.000000 -0.351925 0.776674 0.776674 0.776674
7653.988281 0.000000 3693.859863 0.000000 0.089443 0.000000 -0.995992 1.108996 1.108996 1.108996
7652.480469 0.000000 3694.280029 0.000000 0.762675 0.000000 0.646782 0.450477 0.450477 0.450477
7648.416016 0.000000 3690.910889 0.000000 0.789930 0.000000 0.613197 0.576567 0.576567 0.576567
7582.487793 0.000000 3677.350098 0.000000 0.391305 0.000000 0.920261 0.456944 0.456944 0.456944
7643.655273 0.000000 3699.767090 0.000000 0.221168 0.000000 0.975236 0.400868 0.400868 0.400868
7647.731445 0.000000 3698.358154 0.000000 0.655125 0.000000 -0.755520 0.864639 0.864639 0.864639
7638.388672 0.000000 3682.443604 0.000000 0.433218 0.000000 0.901289 0.476323 0.476323 0.476323
7637.177246 0.000000 3682.629639 0.000000 0.862775 0.000000 -0.505587 0.800970 0.800970 0.800970
7569.384277 0.000000 3700.063965 0.000000 0.463488 0.000000 -0.886103 0.918832 0.918832 0.918832
7639.776855 0.000000 3680.675781 0.000000 0.996321 0.000000 0.085701 0.682455 0.682455 0.682455
7573.766602 0.000000 3660.621094 0.000000 0.996457 0.000000 -0.084108 0.720749 0.720749 0.720749
7606.703125 0.000000 3713.252197 0.000000 0.139634 0.000000 -0.990203 0.980031 0.980031 0.980031
7601.177246 0.000000 3707.936768 0.000000 0.996799 0.000000 0.079945 0.673986 0.673986 0.673986
7572.952637 0.000000 3659.689941 0.000000 0.857556 0.000000 0.514391 0.581029 0.581029 0.581029
7652.390137 0.000000 3695.470947 0.000000 0.267952 0.000000 0.963432 0.238980 0.238980 0.238980
7653.424805 0.000000 3692.025879 0.000000 0.889333 0.000000 0.457260 0.568868 0.568868 0.568868
7652.312012 0.000000 3697.393799 0.000000 0.532514 0.000000 0.846421 0.373713 0.373713 0.373713
7594.450195 0.000000 3701.575684 0.000000 0.463539 0.000000 0.886076 0.403165 0.403165 0.403165
7653.138672 0.000000 3690.968994 0.000000 0.006102 0.000000 0.999981 0.237881 0.237881 0.237881
7600.129883 0.000000 3707.663574 0.000000 0.056683 0.000000 -0.998392 1.192153 1.192153 1.192153
7653.202637 0.000000 3695.991455 0.000000 0.970391 0.000000 0.241538 0.613456 0.613456 0.613456
7653.603516 0.000000 3697.928467 0.000000 0.995950 0.000000 0.089905 0.670894 0.670894 0.670894
7653.134766 0.000000 3844.368408 0.000000 0.928293 0.000000 0.371849 0.667374 0.667374 0.667374
7652.437988 0.000000 3840.375488 0.000000 0.127362 0.000000 0.991856 0.634430 0.634430 0.634430
7655.246094 0.000000 3846.764404 0.000000 0.381489 0.000000 0.924374 0.601068 0.601068 0.601068
7654.201660 0.000000 3842.105713 0.000000 0.610393 0.000000 -0.792098 0.893323 0.893323 0.893323
7652.324219 0.000000 3842.610352 0.000000 0.899731 0.000000 -0.436445 0.743411 0.743411 0.743411
7654.778809 0.000000 3844.572266 0.000000 0.945866 0.000000 0.324556 0.628949 0.628949 0.628949
7654.049805 0.000000 3843.409912 0.000000 0.866696 0.000000 -0.498836 0.810435 0.810435 0.810435
7655.754395 0.000000 3635.770508 0.000000 0.999382 0.000000 0.035142 0.699631 0.699631 0.699631
7683.813965 0.000000 3736.196777 0.000000 0.625876 0.000000 -0.779923 0.831316 0.831316 0.831316
7727.938965 0.000000 3716.932617 0.000000 0.296678 0.000000 0.954978 0.695563 0.695563 0.695563
7656.803223 0.000000 3702.583008 0.000000 0.886176 0.000000 -0.463348 0.895328 0.895328 0.895328
7695.570312 0.000000 3698.479492 0.000000 0.608518 0.000000 0.793540 0.467733 0.467733 0.467733
7658.722656 0.000000 3639.808594 0.000000 0.592891 0.000000 0.805283 0.695092 0.695092 0.695092
7660.701172 0.000000 3728.273926 0.000000 0.917137 0.000000 -0.398572 0.704299 0.704299 0.704299
7689.120605 0.000000 3678.837891 0.000000 0.777441 0.000000 0.628955 0.678603 0.678603 0.678603
7708.773926 0.000000 3712.716797 0.000000 0.968505 0.000000 -0.248994 0.702199 0.702199 0.702199
7693.801270 0.000000 3721.664551 0.000000 0.990156 0.000000 0.139969 0.678158 0.678158 0.678158
7662.122070 0.000000 3715.052979 0.000000 0.655742 0.000000 -0.754985 0.934760 0.934760 0.934760
7673.747559 0.000000 3726.010498 0.000000 0.879825 0.000000 -0.475297 0.706925 0.706925 0.706925
7695.965820 0.000000 3738.606689 0.000000 0.946636 0.000000 0.322305 0.698853 0.698853 0.698853
7719.910156 0.000000 3727.038086 0.000000 0.722197 0.000000 0.691687 0.673303 0.673303 0.673303
7682.481934 0.000000 3701.680908 0.000000 0.894969 0.000000 0.446128 0.697576 0.697576 0.697576
7667.932129 0.000000 3667.520508 0.000000 0.979065 0.000000 0.203548 0.666686 0.666686 0.666686
7704.299805 0.000000 3722.240234 0.000000 0.306862 0.000000 0.951754 0.658199 0.658199 0.658199
7686.463379 0.000000 3667.204590 0.000000 0.999855 0.000000 0.017033 0.698988 0.698988 0.698988
7696.524414 0.000000 3689.294678 0.000000 0.311039 0.000000 0.950397 0.675884 0.675884 0.675884
7699.326660 0.000000 3729.879883 0.000000 0.599800 0.000000 0.800150 0.516831 0.516831 0.516831
7675.358887 0.000000 3663.482178 0.000000 0.556395 0.000000 0.830918 0.677719 0.677719 0.677719
7670.387207 0.000000 3718.394775 0.000000 0.424307 0.000000 -0.905518 0.713855 0.713855 0.713855
7690.589355 0.000000 3731.384033 0.000000 0.650430 0.000000 0.759566 0.556783 0.556783 0.556783
7712.147461 0.000000 3724.435791 0.000000 0.961303 0.000000 -0.275492 0.701463 0.701463 0.701463
7666.912109 0.000000 3696.613281 0.000000 0.060199 0.000000 -0.998186 0.879508 0.879508 0.879508
7696.137207 0.000000 3674.531982 0.000000 0.454300 0.000000 0.890849 0.659660 0.659660 0.659660
7668.377441 0.000000 3732.006836 0.000000 0.500082 0.000000 -0.865978 0.710979 0.710979 0.710979
7675.833496 0.000000 3734.266846 0.000000 0.903834 0.000000 0.427883 0.662138 0.662138 0.662138
7703.177246 0.000000 3737.106934 0.000000 0.675860 0.000000 0.737031 0.568217 0.568217 0.568217
7688.351562 0.000000 3741.798584 0.000000 0.529241 0.000000 0.848472 0.522954 0.522954 0.522954
7688.427734 0.000000 3697.601074 0.000000 0.756790 0.000000 0.653658 0.624056 0.624056 0.624056
7666.985352 0.000000 3724.511963 0.000000 0.333061 0.000000 -0.942905 0.745186 0.745186 0.745186
7668.850586 0.000000 3711.513184 0.000000 0.526267 0.000000 -0.850320 0.723096 0.723096 0.723096
7681.138184 0.000000 3695.016113 0.000000 0.893014 0.000000 -0.450029 0.720394 0.720394 0.720394
7661.965820 0.000000 3708.155029 0.000000 0.447967 0.000000 -0.894050 1.001605 1.001605 1.001605
7657.388184 0.000000 3695.667480 0.000000 0.151575 0.000000 0.988446 0.652896 0.652896 0.652896
7694.734375 0.000000 3682.495850 0.000000 0.868376 0.000000 0.495907 0.667356 0.667356 0.667356
7703.120117 0.000000 3687.034180 0.000000 0.911753 0.000000 -0.410739 0.722930 0.722930 0.722930
7672.345703 0.000000 3699.462158 0.000000 0.790178 0.000000 -0.612877 0.786466 0.786466 0.786466
7662.854980 0.000000 3701.020996 0.000000 0.420213 0.000000 -0.907426 0.956350 0.956350 0.956350
7679.130371 0.000000 3728.950684 0.000000 0.972890 0.000000 -0.231270 0.702447 0.702447 0.702447
7661.891602 0.000000 3721.303223 0.000000 0.998519 0.000000 0.054410 0.696861 0.696861 0.696861
7700.865723 0.000000 3701.104980 0.000000 0.720785 0.000000 -0.693158 0.803057 0.803057 0.803057
7655.742676 0.000000 3688.005859 0.000000 0.782794 0.000000 -0.622281 0.744603 0.744603 0.744603
7676.395996 0.000000 3657.852539 0.000000 0.884146 0.000000 -0.467211 0.705097 0.705097 0.705097
7698.812500 0.000000 3724.234619 0.000000 0.363583 0.000000 -0.931562 0.798456 0.798456 0.798456
7700.615723 0.000000 3742.416260 0.000000 0.297914 0.000000 0.954593 0.500520 0.500520 0.500520
7704.466797 0.000000 3727.927490 0.000000 0.733850 0.000000 -0.679312 0.707831 0.707831 0.707831
7690.561035 0.000000 3736.848389 0.000000 0.226690 0.000000 -0.973967 1.061201 1.061201 1.061201
7689.853516 0.000000 3725.719482 0.000000 0.019088 0.000000 -0.999818 0.721694 0.721694 0.721694
7714.488281 0.000000 3729.083008 0.000000 0.023750 0.000000 0.999718 0.383680 0.383680 0.383680
7677.986328 0.000000 3739.002686 0.000000 0.623171 0.000000 0.782086 0.689015 0.689015 0.689015
7655.595703 0.000000 3666.004639 0.000000 0.901924 0.000000 -0.431895 0.735121 0.735121 0.735121
7684.162598 0.000000 3731.032471 0.000000 0.850713 0.000000 0.525631 0.682590 0.682590 0.682590
7705.201660 0.000000 3717.152100 0.000000 0.091531 0.000000 0.995802 0.537150 0.537150 0.537150
7669.801758 0.000000 3662.531738 0.000000 0.933570 0.000000 0.358396 0.668612 0.668612 0.668612
7694.960449 0.000000 3727.419434 0.000000 0.171010 0.000000 0.985269 0.484860 0.484860 0.484860
7695.491699 0.000000 3733.459473 0.000000 0.663119 0.000000 -0.748514 0.971978 0.971978 0.971978
7696.188965 0.000000 3703.567871 0.000000 0.999978 0.000000 0.006559 0.699152 0.699152 0.699152
7690.862305 0.000000 3665.243652 0.000000 0.722656 0.000000 0.691207 0.669325 0.669325 0.669325
7662.347656 0.000000 3694.876465 0.000000 0.033678 0.000000 0.999433 0.632844 0.632844 0.632844
7672.806641 0.000000 3730.574707 0.000000 0.506079 0.000000 -0.862487 0.716360 0.716360 0.716360
7698.657715 0.000000 3685.176758 0.000000 0.671624 0.000000 -0.740892 0.788949 0.788949 0.788949
7693.761230 0.000000 3670.571289 0.000000 0.912139 0.000000 -0.409881 0.770852 0.770852 0.770852
7665.396973 0.000000 3718.274902 0.000000 0.452688 0.000000 -0.891669 0.884716 0.884716 0.884716
7692.910645 0.000000 3742.014648 0.000000 0.029903 0.000000 0.999553 0.611137 0.611137 0.611137
7703.517090 0.000000 3732.245850 0.000000 0.297572 0.000000 0.954699 0.566976 0.566976 0.566976
7705.071289 0.000000 3741.263428 0.000000 0.999951 0.000000 -0.009849 0.701015 0.701015 0.701015
7665.236328 0.000000 3728.613770 0.000000 0.195338 0.000000 0.980736 0.678386 0.678386 0.678386
7693.507812 0.000000 3678.165283 0.000000 0.993203 0.000000 -0.116396 0.718756 0.718756 0.718756
7680.301758 0.000000 3733.551758 0.000000 0.071403 0.000000 -0.997447 0.768125 0.768125 0.768125
7724.537598 0.000000 3725.810791 0.000000 0.399244 0.000000 0.916845 0.464824 0.464824 0.464824
7699.155273 0.000000 3735.693848 0.000000 0.968538 0.000000 -0.248865 0.716263 0.716263 0.716263
7655.761230 0.000000 3642.882568 0.000000 0.928188 0.000000 0.372111 0.691338 0.691338 0.691338
7684.502930 0.000000 3663.370117 0.000000 0.873536 0.000000 0.486759 0.689339 0.689339 0.689339
7697.940430 0.000000 3670.270752 0.000000 0.957671 0.000000 0.287864 0.694897 0.694897 0.694897
7664.503906 0.000000 3711.501709 0.000000 0.706688 0.000000 -0.707525 0.856588 0.856588 0.856588
7657.943359 0.000000 3706.981201 0.000000 0.995391 0.000000 0.095903 0.686907 0.686907 0.686907
7684.200195 0.000000 3697.901123 0.000000 0.632850 0.000000 0.774274 0.532859 0.532859 0.532859
7669.748535 0.000000 3727.713623 0.000000 0.239235 0.000000 0.970962 0.672125 0.672125 0.672125
7687.275879 0.000000 3733.937988 0.000000 0.851054 0.000000 0.525078 0.605325 0.605325 0.605325
7678.752930 0.000000 3661.185303 0.000000 0.503215 0.000000 -0.864161 0.772943 0.772943 0.772943
7707.206055 0.000000 3737.183105 0.000000 0.281980 0.000000 -0.959420 0.735929 0.735929 0.735929
7686.683594 0.000000 3701.219482 0.000000 0.886278 0.000000 0.463153 0.672229 0.672229 0.672229
7659.683594 0.000000 3711.942627 0.000000 0.988552 0.000000 0.150883 0.686236 0.686236 0.686236
7704.944336 0.000000 3690.508301 0.000000 0.772822 0.000000 0.634623 0.663955 0.663955 0.663955
7657.584961 0.000000 3691.722168 0.000000 0.619473 0.000000 -0.785018 0.756793 0.756793 0.756793
7666.865234 0.000000 3700.885254 0.000000 0.546381 0.000000 -0.837537 0.826650 0.826650 0.826650
7659.332031 0.000000 3699.302490 0.000000 0.331817 0.000000 0.943344 0.671998 0.671998 0.671998
7699.554199 0.000000 3697.396729 0.000000 0.986237 0.000000 0.165338 0.695356 0.695356 0.695356
7666.657227 0.000000 3708.263184 0.000000 0.182461 0.000000 0.983213 0.627267 0.627267 0.627267
7691.806641 0.000000 3699.438721 0.000000 0.182016 0.000000 -0.983296 1.012854 1.012854 1.012854
7687.563477 0.000000 3728.913330 0.000000 0.865224 0.000000 -0.501386 0.720192 0.720192 0.720192
7662.874512 0.000000 3725.050293 0.000000 0.850347 0.000000 0.526222 0.679663 0.679663 0.679663
7686.203613 0.000000 3694.551270 0.000000 0.794712 0.000000 0.606987 0.686321 0.686321 0.686321
7667.932617 0.000000 3715.462891 0.000000 0.967611 0.000000 -0.252444 0.711596 0.711596 0.711596
7687.038086 0.000000 3738.207275 0.000000 0.088043 0.000000 -0.996117 0.852871 0.852871 0.852871
7660.441895 0.000000 3703.900879 0.000000 0.245677 0.000000 -0.969352 0.799387 0.799387 0.799387
7712.310547 0.000000 3732.307617 0.000000 0.238157 0.000000 -0.971227 0.751147 0.751147 0.751147
7655.591309 0.000000 3699.076660 0.000000 0.023901 0.000000 0.999714 0.581054 0.581054 0.581054
7690.426758 0.000000 3668.927002 0.000000 0.824448 0.000000 -0.565937 0.832463 0.832463 0.832463
7674.459961 0.000000 3737.994629 0.000000 0.703671 0.000000 -0.710526 0.722096 0.722096 0.722096
7731.595703 0.000000 3716.888916 0.000000 0.803429 0.000000 0.595400 0.567369 0.567369 0.567369
7660.040527 0.000000 3718.045166 0.000000 0.502803 0.000000 0.864401 0.630673 0.630673 0.630673
7716.340820 0.000000 3726.030518 0.000000 0.589872 0.000000 -0.807497 0.824834 0.824834 0.824834
7692.594238 0.000000 3674.646973 0.000000 0.015567 0.000000 0.999879 0.580413 0.580413 0.580413
7702.211426 0.000000 3725.192383 0.000000 0.899948 0.000000 -0.435997 0.727595 0.727595 0.727595
7676.274414 0.000000 3730.862793 0.000000 0.803108 0.000000 -0.595834 0.717848 0.717848 0.717848
7668.008789 0.000000 3721.076416 0.000000 0.226958 0.000000 -0.973904 0.753935 0.753935 0.753935
7691.247559 0.000000 3719.325439 0.000000 0.393732 0.000000 -0.919225 0.881371 0.881371 0.881371
7691.521484 0.000000 3681.493896 0.000000 0.684459 0.000000 0.729051 0.588642 0.588642 0.588642
7655.981445 0.000000 3646.436523 0.000000 0.504332 0.000000 -0.863510 0.760103 0.760103 0.760103
7681.172852 0.000000 3738.275635 0.000000 0.591632 0.000000 0.806208 0.660670 0.660670 0.660670
7674.856445 0.000000 3697.185791 0.000000 0.820207 0.000000 -0.572067 0.737251 0.737251 0.737251
7691.806152 0.000000 3728.295410 0.000000 0.063734 0.000000 -0.997967 0.881721 0.881721 0.881721
7691.265625 0.000000 3696.106201 0.000000 0.732260 0.000000 0.681025 0.597881 0.597881 0.597881
7663.800293 0.000000 3697.931152 0.000000 0.991793 0.000000 -0.127856 0.721061 0.721061 0.721061
7708.331055 0.000000 3716.041504 0.000000 0.459284 0.000000 0.888290 0.646487 0.646487 0.646487
7699.395020 0.000000 3704.335938 0.000000 0.861357 0.000000 -0.508000 0.724212 0.724212 0.724212
7692.871094 0.000000 3724.660889 0.000000 0.782042 0.000000 0.623225 0.605930 0.605930 0.605930
7694.193848 0.000000 3730.475830 0.000000 0.057565 0.000000 0.998342 0.427622 0.427622 0.427622
7670.007812 0.000000 3697.297119 0.000000 0.928017 0.000000 0.372539 0.674649 0.674649 0.674649
7693.691895 0.000000 3736.332031 0.000000 0.882656 0.000000 -0.470019 0.768409 0.768409 0.768409
7655.494141 0.000000 3669.220459 0.000000 0.925402 0.000000 -0.378988 0.782194 0.782194 0.782194
7706.937500 0.000000 3719.771240 0.000000 0.914810 0.000000 0.403884 0.635335 0.635335 0.635335
7664.987305 0.000000 3722.015869 0.000000 0.761135 0.000000 0.648593 0.655600 0.655600 0.655600
7697.708496 0.000000 3700.874756 0.000000 0.772163 0.000000 -0.635424 0.922613 0.922613 0.922613
7688.583008 0.000000 3716.957764 0.000000 0.923618 0.000000 0.383314 0.654627 0.654627 0.654627
7669.837402 0.000000 3701.431641 0.000000 0.646884 0.000000 -0.762588 0.730314 0.730314 0.730314
7668.973633 0.000000 3670.411621 0.000000 0.336058 0.000000 -0.941841 0.755800 0.755800 0.755800
7687.957031 0.000000 3664.368652 0.000000 0.802183 0.000000 0.597079 0.608308 0.608308 0.608308
7700.298340 0.000000 3732.839600 0.000000 0.251027 0.000000 0.967980 0.550392 0.550392 0.550392
7672.455566 0.000000 3664.054199 0.000000 0.683049 0.000000 -0.730372 0.740069 0.740069 0.740069
7690.794434 0.000000 3722.515625 0.000000 0.999279 0.000000 -0.037976 0.702323 0.702323 0.702323
7693.625488 0.000000 3702.023682 0.000000 0.869086 0.000000 0.494660 0.681914 0.681914 0.681914
7706.076172 0.000000 3714.058350 0.000000 0.626913 0.000000 0.779089 0.553270 0.553270 0.553270
7700.990723 0.000000 3722.236328 0.000000 0.591321 0.000000 -0.806436 0.759019 0.759019 0.759019
7695.841309 0.000000 3723.814941 0.000000 0.160250 0.000000 0.987077 0.581736 0.581736 0.581736
7690.748535 0.000000 3740.001221 0.000000 0.371926 0.000000 -0.928262 0.841380 0.841380 0.841380
7699.898438 0.000000 3727.030273 0.000000 0.663152 0.000000 -0.748484 0.819723 0.819723 0.819723
7678.254883 0.000000 3735.870850 0.000000 0.816344 0.000000 -0.577566 0.776401 0.776401 0.776401
7691.814941 0.000000 3734.018311 0.000000 0.623102 0.000000 -0.782141 0.850671 0.850671 0.850671
7704.820801 0.000000 3744.173096 0.000000 0.666204 0.000000 -0.745770 0.747069 0.747069 0.747069
7665.082031 0.000000 3714.794922 0.000000 0.318933 0.000000 0.947777 0.510529 0.510529 0.510529
7672.389160 0.000000 3695.660156 0.000000 0.763796 0.000000 -0.645458 0.731880 0.731880 0.731880
7717.314941 0.000000 3728.727295 0.000000 0.996285 0.000000 0.086116 0.693219 0.693219 0.693219
7702.409180 0.000000 3740.065186 0.000000 0.945629 0.000000 0.325248 0.639791 0.639791 0.639791
7729.816895 0.000000 3719.231201 0.000000 0.882843 0.000000 -0.469669 0.723069 0.723069 0.723069
7700.336914 0.000000 3687.499756 0.000000 0.529999 0.000000 -0.847998 0.772525 0.772525 0.772525
7683.994629 0.000000 3738.977539 0.000000 0.983909 0.000000 -0.178671 0.707848 0.707848 0.707848
7669.937500 0.000000 3665.391846 0.000000 0.772715 0.000000 -0.634753 0.853830 0.853830 0.853830
7715.977539 0.000000 3731.380127 0.000000 0.877788 0.000000 0.479049 0.653729 0.653729 0.653729
7659.309082 0.000000 3709.298584 0.000000 0.037787 0.000000 -0.999286 1.029523 1.029523 1.029523
7696.810547 0.000000 3731.082031 0.000000 0.781769 0.000000 -0.623568 0.876497 0.876497 0.876497
7690.590820 0.000000 3743.670166 0.000000 0.493192 0.000000 0.869920 0.615186 0.615186 0.615186
7664.948730 0.000000 3667.799072 0.000000 0.639799 0.000000 -0.768542 0.736765 0.736765 0.736765
7689.279297 0.000000 3700.431396 0.000000 0.997173 0.000000 0.075139 0.696714 0.696714 0.696714
7679.356445 0.000000 3657.750732 0.000000 0.930921 0.000000 0.365221 0.675825 0.675825 0.675825
7702.197754 0.000000 3734.660400 0.000000 0.668640 0.000000 -0.743587 0.846521 0.846521 0.846521
7660.230469 0.000000 3696.740234 0.000000 0.262482 0.000000 0.964937 0.499276 0.499276 0.499276
7656.093750 0.000000 3705.110840 0.000000 0.933061 0.000000 0.359718 0.591967 0.591967 0.591967
7662.738770 0.000000 3718.808350 0.000000 0.961407 0.000000 0.275129 0.659571 0.659571 0.659571
7695.940918 0.000000 3685.008545 0.000000 0.573838 0.000000 -0.818969 0.827452 0.827452 0.827452
7683.114258 0.000000 3733.560059 0.000000 0.349004 0.000000 0.937121 0.625728 0.625728 0.625728
7693.293457 0.000000 3738.927002 0.000000 0.113082 0.000000 0.993586 0.618494 0.618494 0.618494
7697.375488 0.000000 3726.483887 0.000000 0.163609 0.000000 -0.986525 0.840100 0.840100 0.840100
7655.480469 0.000000 3693.232910 0.000000 0.687095 0.000000 -0.726567 0.881930 0.881930 0.881930
7695.928223 0.000000 3677.383789 0.000000 0.365143 0.000000 -0.930951 0.875717 0.875717 0.875717
7683.703613 0.000000 3694.186523 0.000000 0.978401 0.000000 0.206715 0.669798 0.669798 0.669798
7695.991699 0.000000 3672.019775 0.000000 0.300301 0.000000 0.953845 0.458884 0.458884 0.458884
7687.922852 0.000000 3731.465332 0.000000 0.997044 0.000000 -0.076836 0.705645 0.705645 0.705645
7704.160645 0.000000 3719.483154 0.000000 0.892162 0.000000 0.451715 0.651675 0.651675 0.651675
7705.150391 0.000000 3738.775879 0.000000 0.614752 0.000000 0.788720 0.584071 0.584071 0.584071
7666.663574 0.000000 3712.899658 0.000000 0.992171 0.000000 0.124886 0.691685 0.691685 0.691685
7662.110352 0.000000 3710.864014 0.000000 0.990575 0.000000 -0.136974 0.732417 0.732417 0.732417
7664.295898 0.000000 3708.969971 0.000000 0.892984 0.000000 -0.450088 0.749769 0.749769 0.749769
7688.940918 0.000000 3666.913818 0.000000 0.996392 0.000000 -0.084866 0.716334 0.716334 0.716334
7668.046387 0.000000 3698.774170 0.000000 0.451584 0.000000 -0.892229 0.815577 0.815577 0.815577
7681.482910 0.000000 3735.770508 0.000000 0.078145 0.000000 -0.996942 0.864329 0.864329 0.864329
7655.374512 0.000000 3690.350098 0.000000 0.329393 0.000000 -0.944193 1.000032 1.000032 1.000032
7686.013184 0.000000 3740.349854 0.000000 0.369265 0.000000 -0.929324 0.764608 0.764608 0.764608
7694.872559 0.000000 3743.490967 0.000000 0.645812 0.000000 -0.763497 0.763762 0.763762 0.763762
7693.383301 0.000000 3697.644775 0.000000 0.672099 0.000000 0.740461 0.644632 0.644632 0.644632
7686.351074 0.000000 3698.896240 0.000000 0.748485 0.000000 -0.663152 0.834306 0.834306 0.834306
7697.846191 0.000000 3733.172363 0.000000 0.910554 0.000000 -0.413390 0.842252 0.842252 0.842252
7702.968750 0.000000 3742.648438 0.000000 0.933967 0.000000 0.357358 0.636775 0.636775 0.636775
7688.346680 0.000000 3736.132324 0.000000 0.281506 0.000000 -0.959559 1.012250 1.012250 1.012250
7695.833984 0.000000 3720.514160 0.000000 0.440893 0.000000 -0.897560 0.766204 0.766204 0.766204
7697.455566 0.000000 3687.154785 0.000000 0.001532 0.000000 -0.999999 0.839863 0.839863 0.839863
7667.698242 0.000000 3718.651123 0.000000 0.216352 0.000000 0.976315 0.565252 0.565252 0.565252
7660.223145 0.000000 3706.210693 0.000000 0.545152 0.000000 -0.838337 0.939774 0.939774 0.939774
7687.530762 0.000000 3718.979980 0.000000 0.824226 0.000000 0.566260 0.665285 0.665285 0.665285
7661.720703 0.000000 3698.998535 0.000000 0.202078 0.000000 -0.979369 0.829033 0.829033 0.829033
7689.475586 0.000000 3733.364502 0.000000 0.891593 0.000000 -0.452838 0.769808 0.769808 0.769808
7726.866211 0.000000 3725.765137 0.000000 0.996363 0.000000 -0.085212 0.708498 0.708498 0.708498
7732.201172 0.000000 3719.804688 0.000000 0.757154 0.000000 -0.653237 0.741053 0.741053 0.741053
7667.690430 0.000000 3665.024902 0.000000 0.089120 0.000000 0.996021 0.534295 0.534295 0.534295
7663.781738 0.000000 3716.662109 0.000000 0.588129 0.000000 0.808767 0.502442 0.502442 0.502442
7696.956543 0.000000 3728.788086 0.000000 0.787476 0.000000 0.616345 0.614119 0.614119 0.614119
7689.787598 0.000000 3729.257324 0.000000 0.240033 0.000000 -0.970765 0.839289 0.839289 0.839289
7655.345703 0.000000 3696.714355 0.000000 0.555317 0.000000 0.831639 0.528378 0.528378 0.528378
7674.053711 0.000000 3735.702393 0.000000 0.749533 0.000000 0.661967 0.638051 0.638051 0.638051
7666.671387 0.000000 3710.570312 0.000000 0.398052 0.000000 -0.917363 0.827868 0.827868 0.827868
7664.827148 0.000000 3699.858887 0.000000 0.996104 0.000000 -0.088183 0.727621 0.727621 0.727621
7676.521484 0.000000 3737.278076 0.000000 0.943856 0.000000 -0.330358 0.723535 0.723535 0.723535
7658.275391 0.000000 3704.257568 0.000000 0.460754 0.000000 0.887528 0.362235 0.362235 0.362235
7686.055176 0.000000 3736.072021 0.000000 0.816164 0.000000 0.577820 0.572960 0.572960 0.572960
7657.522461 0.000000 3700.461670 0.000000 0.976519 0.000000 0.215433 0.665089 0.665089 0.665089
7695.575684 0.000000 3701.069092 0.000000 0.835523 0.000000 -0.549455 0.855538 0.855538 0.855538
7662.881836 0.000000 3712.956543 0.000000 0.183809 0.000000 0.982962 0.360914 0.360914 0.360914
7685.526367 0.000000 3732.686035 0.000000 0.965477 0.000000 -0.260489 0.725790 0.725790 0.725790
7686.577637 0.000000 3662.701904 0.000000 0.999872 0.000000 0.016013 0.698573 0.698573 0.698573
7705.068848 0.000000 3736.048096 0.000000 0.878427 0.000000 0.477877 0.636438 0.636438 0.636438
7677.937988 0.000000 3733.513672 0.000000 0.942274 0.000000 0.334843 0.673746 0.673746 0.673746
7694.186035 0.000000 3673.227783 0.000000 0.945772 0.000000 -0.324832 0.763020 0.763020 0.763020
7694.414062 0.000000 3675.739014 0.000000 0.876129 0.000000 -0.482077 0.775600 0.775600 0.775600
7692.636230 0.000000 3731.977295 0.000000 0.999956 0.000000 -0.009399 0.702152 0.702152 0.702152
7703.216797 0.000000 3689.133545 0.000000 0.994598 0.000000 0.103802 0.686370 0.686370 0.686370
7688.150879 0.000000 3668.901611 0.000000 0.982016 0.000000 -0.188796 0.729542 0.729542 0.729542
7662.416016 0.000000 3703.092041 0.000000 0.197082 0.000000 -0.980387 0.853498 0.853498 0.853498
7657.549316 0.000000 3668.815430 0.000000 0.992320 0.000000 0.123695 0.688080 0.688080 0.688080
7680.391602 0.000000 3659.849365 0.000000 0.518280 0.000000 0.855211 0.594216 0.594216 0.594216
7682.854004 0.000000 3696.270996 0.000000 0.183487 0.000000 -0.983022 0.850202 0.850202 0.850202
7697.975098 0.000000 3698.718262 0.000000 0.950693 0.000000 -0.310134 0.753454 0.753454 0.753454
7689.115723 0.000000 3738.548096 0.000000 0.287613 0.000000 0.957747 0.429532 0.429532 0.429532
7693.904297 0.000000 3699.878906 0.000000 0.908315 0.000000 0.418287 0.617794 0.617794 0.617794
7685.988770 0.000000 3696.773926 0.000000 0.235498 0.000000 0.971875 0.448399 0.448399 0.448399
7691.588379 0.000000 3701.479736 0.000000 0.279802 0.000000 0.960058 0.585275 0.585275 0.585275
7691.596191 0.000000 3679.183838 0.000000 0.310415 0.000000 0.950601 0.542067 0.542067 0.542067
7655.442871 0.000000 3701.085449 0.000000 0.947998 0.000000 0.318277 0.661508 0.661508 0.661508
7686.112793 0.000000 3730.486572 0.000000 0.106944 0.000000 -0.994265 0.807429 0.807429 0.807429
7701.155273 0.000000 3703.167480 0.000000 0.727306 0.000000 0.686313 0.598215 0.598215 0.598215
7666.069824 0.000000 3720.216309 0.000000 0.916358 0.000000 0.400359 0.666167 0.666167 0.666167
7733.474121 0.000000 3717.680664 0.000000 0.490985 0.000000 0.871168 0.622375 0.622375 0.622375
7669.999023 0.000000 3667.400391 0.000000 0.557903 0.000000 0.829906 0.520368 0.520368 0.520368
7670.243164 0.000000 3699.464600 0.000000 0.965424 0.000000 0.260685 0.671885 0.671885 0.671885
7712.867676 0.000000 3730.347656 0.000000 0.336864 0.000000 0.941553 0.532717 0.532717 0.532717
7699.308594 0.000000 3702.354980 0.000000 0.747044 0.000000 -0.664774 0.875374 0.875374 0.875374
7714.605469 0.000000 3727.029541 0.000000 0.948821 0.000000 0.315815 0.661255 0.661255 0.661255
7666.079590 0.000000 3716.463135 0.000000 0.442813 0.000000 -0.896614 0.783567 0.783567 0.783567
7704.164062 0.000000 3734.284180 0.000000 0.973432 0.000000 0.228976 0.677391 0.677391 0.677391
7690.357910 0.000000 3697.863770 0.000000 0.816379 0.000000 0.577517 0.616075 0.616075 0.616075
7693.758789 0.000000 3734.322510 0.000000 0.903447 0.000000 -0.428700 0.806850 0.806850 0.806850
7693.125000 0.000000 3726.578369 0.000000 0.239246 0.000000 -0.970959 0.860280 0.860280 0.860280
7700.373535 0.000000 3744.404297 0.000000 0.936275 0.000000 -0.351268 0.782170 0.782170 0.782170
7660.957031 0.000000 3713.395264 0.000000 0.828442 0.000000 -0.560075 0.794540 0.794540 0.794540
7663.688477 0.000000 3720.542725 0.000000 0.573320 0.000000 0.819331 0.607704 0.607704 0.607704
7684.859863 0.000000 3734.533447 0.000000 0.614162 0.000000 0.789180 0.460004 0.460004 0.460004
7672.782227 0.000000 3697.614990 0.000000 0.956740 0.000000 0.290944 0.653052 0.653052 0.653052
7679.348633 0.000000 3737.427734 0.000000 0.786055 0.000000 0.618156 0.630125 0.630125 0.630125
7694.852539 0.000000 3725.474609 0.000000 0.634449 0.000000 -0.772965 0.809623 0.809623 0.809623
7692.122559 0.000000 3730.153564 0.000000 0.798520 0.000000 0.601968 0.552117 0.552117 0.552117
7700.709473 0.000000 3724.104980 0.000000 0.811324 0.000000 0.584596 0.599613 0.599613 0.599613
7666.012695 0.000000 3698.294434 0.000000 0.496472 0.000000 -0.868053 0.988437 0.988437 0.988437
7690.377930 0.000000 3741.823730 0.000000 0.287013 0.000000 -0.957927 0.852073 0.852073 0.852073
7691.226074 0.000000 3667.142090 0.000000 0.638730 0.000000 -0.769431 0.819675 0.819675 0.819675
7687.803223 0.000000 3739.906982 0.000000 0.206790 0.000000 -0.978385 0.840484 0.840484 0.840484
7699.420410 0.000000 3699.835938 0.000000 0.990671 0.000000 0.136276 0.686622 0.686622 0.686622
7662.034180 0.000000 3697.029053 0.000000 0.224792 0.000000 -0.974407 0.920794 0.920794 0.920794
7693.630859 0.000000 3728.694580 0.000000 0.253823 0.000000 -0.967251 0.915882 0.915882 0.915882
7705.453125 0.000000 3720.832520 0.000000 0.973772 0.000000 -0.227528 0.722062 0.722062 0.722062
7698.841797 0.000000 3731.614258 0.000000 0.911014 0.000000 0.412375 0.602690 0.602690 0.602690
7691.625000 0.000000 3738.298340 0.000000 0.866102 0.000000 0.499866 0.609438 0.609438 0.609438
7685.186035 0.000000 3737.653809 0.000000 0.231530 0.000000 0.972828 0.407903 0.407903 0.407903
7694.162598 0.000000 3684.831787 0.000000 0.814625 0.000000 -0.579988 0.782175 0.782175 0.782175
7689.760254 0.000000 3735.107666 0.000000 0.769051 0.000000 -0.639187 0.807854 0.807854 0.807854
7704.878418 0.000000 3715.341797 0.000000 0.926024 0.000000 -0.377465 0.744643 0.744643 0.744643
7691.978516 0.000000 3735.777832 0.000000 0.389634 0.000000 0.920970 0.503617 0.503617 0.503617
7698.629395 0.000000 3728.257080 0.000000 0.977382 0.000000 0.211482 0.657919 0.657919 0.657919
7666.333496 0.000000 3666.755371 0.000000 0.846875 0.000000 -0.531791 0.791130 0.791130 0.791130
7682.825195 0.000000 3737.677246 0.000000 0.030520 0.000000 -0.999534 0.926107 0.926107 0.926107
7655.314453 0.000000 3703.507812 0.000000 0.837543 0.000000 0.546372 0.564640 0.564640 0.564640
7656.274902 0.000000 3706.812256 0.000000 0.955265 0.000000 0.295750 0.659074 0.659074 0.659074
7679.861816 0.000000 3735.206543 0.000000 0.896387 0.000000 -0.443273 0.756983 0.756983 0.756983
7692.822754 0.000000 3676.552002 0.000000 0.673809 0.000000 0.738906 0.573587 0.573587 0.573587
7655.812500 0.000000 3695.080322 0.000000 0.269027 0.000000 0.963133 0.448131 0.448131 0.448131
7725.287109 0.000000 3724.159180 0.000000 0.861547 0.000000 -0.507677 0.807946 0.807946 0.807946
7691.009766 0.000000 3670.587646 0.000000 0.832467 0.000000 -0.554075 0.800575 0.800575 0.800575
7697.882324 0.000000 3703.260010 0.000000 0.954352 0.000000 0.298683 0.660775 0.660775 0.660775
7707.296387 0.000000 3721.384033 0.000000 0.590719 0.000000 0.806877 0.591713 0.591713 0.591713
7706.719727 0.000000 3715.595215 0.000000 0.938910 0.000000 0.344162 0.642283 0.642283 0.642283
7686.749512 0.000000 3665.511230 0.000000 0.353821 0.000000 0.935313 0.526727 0.526727 0.526727
7660.291016 0.000000 3707.914307 0.000000 0.535787 0.000000 0.844353 0.457542 0.457542 0.457542
7695.340820 0.000000 3729.235840 0.000000 0.171165 0.000000 0.985242 0.504441 0.504441 0.504441
7692.355469 0.000000 3723.030273 0.000000 0.998287 0.000000 0.058504 0.690793 0.690793 0.690793
7704.738281 0.000000 3688.496582 0.000000 0.401874 0.000000 -0.915695 0.890102 0.890102 0.890102
7694.327148 0.000000 3732.290283 0.000000 0.922448 0.000000 0.386121 0.572528 0.572528 0.572528
7660.985840 0.000000 3709.573730 0.000000 0.864829 0.000000 -0.502067 0.843396 0.843396 0.843396
7706.464844 0.000000 3718.209717 0.000000 0.248489 0.000000 -0.968635 0.905256 0.905256 0.905256
7697.766113 0.000000 3734.791992 0.000000 0.241409 0.000000 0.970423 0.498246 0.498246 0.498246
7731.270996 0.000000 3718.477539 0.000000 0.668033 0.000000 0.744132 0.569470 0.569470 0.569470
7687.662109 0.000000 3699.866699 0.000000 0.310925 0.000000 0.950434 0.467587 0.467587 0.467587
7703.538086 0.000000 3738.818604 0.000000 0.096124 0.000000 0.995369 0.480967 0.480967 0.480967
7670.829590 0.000000 3663.949463 0.000000 0.170236 0.000000 -0.985403 0.920153 0.920153 0.920153
7669.068359 0.000000 3668.678223 0.000000 0.862721 0.000000 -0.505680 0.782460 0.782460 0.782460
7696.680664 0.000000 3699.645996 0.000000 0.602068 0.000000 -0.798445 0.856753 0.856753 0.856753
7664.461914 0.000000 3713.227783 0.000000 0.999946 0.000000 -0.010363 0.702101 0.702101 0.702101
7692.669434 0.000000 3680.374023 0.000000 0.307772 0.000000 -0.951460 0.851687 0.851687 0.851687
7701.998535 0.000000 3743.973633 0.000000 0.819650 0.000000 0.572864 0.604058 0.604058 0.604058
7689.301758 0.000000 3665.317871 0.000000 0.919184 0.000000 0.393829 0.640577 0.640577 0.640577
7695.001953 0.000000 3735.363525 0.000000 0.692699 0.000000 -0.721226 0.959036 0.959036 0.959036
7660.761719 0.000000 3715.806641 0.000000 0.775147 0.000000 -0.631781 0.787241 0.787241 0.787241
7696.777344 0.000000 3702.112793 0.000000 0.163597 0.000000 -0.986527 0.881885 0.881885 0.881885
7716.033203 0.000000 3727.730225 0.000000 0.913848 0.000000 0.406055 0.644465 0.644465 0.644465
7671.487305 0.000000 3665.661621 0.000000 0.846437 0.000000 -0.532489 0.780469 0.780469 0.780469
7715.937988 0.000000 3729.653320 0.000000 0.995899 0.000000 0.090470 0.681476 0.681476 0.681476
7673.772949 0.000000 3698.853027 0.000000 0.332275 0.000000 -0.943183 0.861487 0.861487 0.861487
7700.711426 0.000000 3725.747314 0.000000 0.451774 0.000000 -0.892133 0.877184 0.877184 0.877184
7689.281250 0.000000 3740.443604 0.000000 0.348272 0.000000 -0.937393 0.912343 0.912343 0.912343
7663.203125 0.000000 3699.521973 0.000000 0.342076 0.000000 0.939672 0.463018 0.463018 0.463018
7703.508789 0.000000 3741.119141 0.000000 0.522610 0.000000 0.852572 0.514455 0.514455 0.514455
7663.426758 0.000000 3696.433838 0.000000 0.304032 0.000000 -0.952662 0.907292 0.907292 0.907292
7663.565918 0.000000 3714.561523 0.000000 0.959506 0.000000 0.281690 0.621652 0.621652 0.621652
7665.035156 0.000000 3696.998779 0.000000 0.790872 0.000000 0.611981 0.602174 0.602174 0.602174
7691.841797 0.000000 3697.941895 0.000000 0.201789 0.000000 -0.979429 0.886421 0.886421 0.886421
7665.213867 0.000000 3710.167969 0.000000 0.985731 0.000000 -0.168330 0.733696 0.733696 0.733696
7689.216309 0.000000 3730.703857 0.000000 0.886179 0.000000 -0.463344 0.786718 0.786718 0.786718
7663.531738 0.000000 3710.272217 0.000000 0.784873 0.000000 -0.619656 0.857669 0.857669 0.857669
7689.164062 0.000000 3698.915039 0.000000 0.688453 0.000000 0.725281 0.552521 0.552521 0.552521
7658.767090 0.000000 3705.666504 0.000000 0.114029 0.000000 -0.993477 1.150534 1.150534 1.150534
7677.225586 0.000000 3734.839600 0.000000 0.978546 0.000000 0.206030 0.665911 0.665911 0.665911
7658.325684 0.000000 3702.779785 0.000000 0.305120 0.000000 -0.952314 0.893885 0.893885 0.893885
7668.587402 0.000000 3666.205566 0.000000 0.951383 0.000000 -0.308011 0.757453 0.757453 0.757453
7698.893555 0.000000 3686.752197 0.000000 0.982529 0.000000 -0.186107 0.732060 0.732060 0.732060
7703.596191 0.000000 3735.626953 0.000000 0.739848 0.000000 0.672775 0.571037 0.571037 0.571037
7664.233887 0.000000 3719.152100 0.000000 0.998903 0.000000 0.046830 0.692141 0.692141 0.692141
7697.346680 0.000000 3684.493408 0.000000 0.903341 0.000000 0.428923 0.613233 0.613233 0.613233
7665.378418 0.000000 3701.280029 0.000000 0.939399 0.000000 0.342826 0.632733 0.632733 0.632733
7696.564453 0.000000 3732.496582 0.000000 0.290057 0.000000 0.957009 0.273916 0.273916 0.273916
7693.416504 0.000000 3671.981689 0.000000 0.045537 0.000000 0.998963 0.444113 0.444113 0.444113
7688.959473 0.000000 3718.569336 0.000000 0.973351 0.000000 -0.229320 0.734370 0.734370 0.734370
7707.176758 0.000000 3716.915771 0.000000 0.846698 0.000000 -0.532074 0.792165 0.792165 0.792165
7682.943359 0.000000 3735.051270 0.000000 0.874115 0.000000 0.485719 0.613138 0.613138 0.613138
7671.715820 0.000000 3662.801025 0.000000 0.510066 0.000000 0.860135 0.537129 0.537129 0.537129
7702.204102 0.000000 3738.185303 0.000000 0.710296 0.000000 -0.703903 0.815995 0.815995 0.815995
7695.346191 0.000000 3731.300537 0.000000 0.815122 0.000000 -0.579289 0.811215 0.811215 0.811215
7679.119141 0.000000 3659.258545 0.000000 0.386211 0.000000 -0.922410 0.927788 0.927788 0.927788
7661.546875 0.000000 3706.787354 0.000000 0.765578 0.000000 0.643343 0.531459 0.531459 0.531459
7686.895996 0.000000 3732.584473 0.000000 0.497074 0.000000 -0.867708 0.879924 0.879924 0.879924
7692.841309 0.000000 3700.793457 0.000000 0.667635 0.000000 0.744489 0.564984 0.564984 0.564984
7688.415039 0.000000 3734.754395 0.000000 0.497084 0.000000 0.867702 0.536601 0.536601 0.536601
7661.614746 0.000000 3712.190430 0.000000 0.372194 0.000000 -0.928155 0.889154 0.889154 0.889154
7695.946777 0.000000 3726.352051 0.000000 0.199967 0.000000 -0.979803 0.910608 0.910608 0.910608
7702.216797 0.000000 3736.094238 0.000000 0.821356 0.000000 -0.570416 0.796533 0.796533 0.796533
7657.291992 0.000000 3705.773682 0.000000 0.814886 0.000000 -0.579621 0.881519 0.881519 0.881519
7666.549316 0.000000 3699.528320 0.000000 0.941766 0.000000 -0.336268 0.794096 0.794096 0.794096
7658.750977 0.000000 3708.062744 0.000000 0.138425 0.000000 -0.990373 1.007796 1.007796 1.007796
7656.949219 0.000000 3703.970703 0.000000 0.605653 0.000000 0.795729 0.326911 0.326911 0.326911
7697.083496 0.000000 3685.790527 0.000000 0.500134 0.000000 0.865948 0.495063 0.495063 0.495063
7662.526367 0.000000 3709.389893 0.000000 0.939581 0.000000 0.342328 0.641383 0.641383 0.641383
7695.278809 0.000000 3699.783203 0.000000 0.044820 0.000000 0.998995 0.313322 0.313322 0.313322
7665.926270 0.000000 3711.798340 0.000000 0.582354 0.000000 -0.812935 0.889099 0.889099 0.889099
7692.435059 0.000000 3670.758545 0.000000 0.538962 0.000000 -0.842330 0.868035 0.868035 0.868035
7688.280273 0.000000 3737.466309 0.000000 0.677387 0.000000 -0.735627 0.900791 0.900791 0.900791
7693.003418 0.000000 3698.899658 0.000000 0.803452 0.000000 -0.595370 0.821478 0.821478 0.821478
7687.159180 0.000000 3736.790283 0.000000 0.891215 0.000000 0.453581 0.602918 0.602918 0.602918
7687.153320 0.000000 3735.382568 0.000000 0.340199 0.000000 -0.940354 0.933092 0.933092 0.933092
7690.364746 0.000000 3738.156250 0.000000 0.366724 0.000000 0.930330 0.493198 0.493198 0.493198
7686.136719 0.000000 3734.617432 0.000000 0.991678 0.000000 -0.128741 0.724592 0.724592 0.724592
7694.229004 0.000000 3698.585693 0.000000 0.975830 0.000000 -0.218532 0.755827 0.755827 0.755827
7695.866211 0.000000 3673.282227 0.000000 0.998248 0.000000 -0.059162 0.711276 0.711276 0.711276
7663.846191 0.000000 3717.944336 0.000000 0.999985 0.000000 0.005490 0.698849 0.698849 0.698849
7692.899902 0.000000 3733.340576 0.000000 0.229101 0.000000 0.973403 0.400335 0.400335 0.400335
7663.242676 0.000000 3711.697998 0.000000 0.822049 0.000000 0.569416 0.557078 0.557078 0.557078
7664.952637 0.000000 3717.064697 0.000000 0.749488 0.000000 0.662018 0.564710 0.564710 0.564710
7690.384766 0.000000 3699.116455 0.000000 0.504078 0.000000 0.863658 0.464984 0.464984 0.464984
7658.202637 0.000000 3709.875244 0.000000 0.907362 0.000000 -0.420351 0.793253 0.793253 0.793253
7664.178711 0.000000 3700.999268 0.000000 0.220498 0.000000 0.975387 0.440778 0.440778 0.440778
7698.088867 0.000000 3702.059570 0.000000 0.828392 0.000000 -0.560149 0.843389 0.843389 0.843389
7665.626953 0.000000 3713.596924 0.000000 0.806144 0.000000 0.591720 0.571640 0.571640 0.571640
7691.817871 0.000000 3668.212891 0.000000 0.999779 0.000000 0.021016 0.695372 0.695372 0.695372
7659.668945 0.000000 3704.850342 0.000000 0.892519 0.000000 0.451010 0.555269 0.555269 0.555269
7694.360352 0.000000 3701.047607 0.000000 0.531000 0.000000 0.847372 0.429674 0.429674 0.429674
7699.070312 0.000000 3701.036865 0.000000 0.574564 0.000000 0.818460 0.413498 0.413498 0.413498
7724.128906 0.000000 3724.689941 0.000000 0.051517 0.000000 0.998672 0.392017 0.392017 0.392017
7689.357910 0.000000 3736.905273 0.000000 0.251618 0.000000 -0.967827 1.019783 1.019783 1.019783
7655.635254 0.000000 3702.290527 0.000000 0.991479 0.000000 0.130269 0.669407 0.669407 0.669407
7697.662109 0.000000 3731.921875 0.000000 0.368258 0.000000 0.929724 0.387096 0.387096 0.387096
7730.552734 0.000000 3717.506104 0.000000 0.484904 0.000000 0.874567 0.478615 0.478615 0.478615
7659.146973 0.000000 3706.901367 0.000000 0.786739 0.000000 -0.617286 0.908114 0.908114 0.908114
7662.664551 0.000000 3716.111084 0.000000 0.795610 0.000000 -0.605809 0.836476 0.836476 0.836476
7662.076660 0.000000 3713.868164 0.000000 0.478471 0.000000 0.878103 0.437751 0.437751 0.437751
7693.076172 0.000000 3735.340332 0.000000 0.994025 0.000000 -0.109149 0.726376 0.726376 0.726376
7693.082520 0.000000 3730.836914 0.000000 0.816957 0.000000 0.576699 0.559279 0.559279 0.559279
7662.072754 0.000000 3701.886963 0.000000 0.912656 0.000000 -0.408728 0.794923 0.794923 0.794923
7691.663574 0.000000 3737.147217 0.000000 0.995280 0.000000 0.097047 0.673841 0.673841 0.673841
7684.937500 0.000000 3736.442871 0.000000 0.274626 0.000000 -0.961551 0.982365 0.982365 0.982365
7662.061523 0.000000 3700.159668 0.000000 0.977303 0.000000 0.211847 0.651877 0.651877 0.651877
7664.710938 0.000000 3698.675781 0.000000 0.956321 0.000000 -0.292319 0.792798 0.792798 0.792798
7667.621582 0.000000 3699.828613 0.000000 0.958266 0.000000 -0.285878 0.779546 0.779546 0.779546
7694.404785 0.000000 3733.366211 0.000000 0.727180 0.000000 -0.686447 0.943286 0.943286 0.943286
7696.604004 0.000000 3700.730225 0.000000 0.848769 0.000000 0.528763 0.519874 0.519874 0.519874
7663.585449 0.000000 3715.630859 0.000000 0.998326 0.000000 -0.057841 0.715879 0.715879 0.715879
7695.334961 0.000000 3732.454834 0.000000 0.998796 0.000000 -0.049050 0.715779 0.715779 0.715779
7696.890625 0.000000 3733.479004 0.000000 0.585424 0.000000 -0.810727 1.015561 1.015561 1.015561
7665.589844 0.000000 3699.203613 0.000000 0.573043 0.000000 0.819525 0.399513 0.399513 0.399513
7694.806152 0.000000 3734.404053 0.000000 0.999463 0.000000 -0.032766 0.710538 0.710538 0.710538
7657.469238 0.000000 3703.217285 0.000000 0.588882 0.000000 0.808219 0.318432 0.318432 0.318432
7656.187988 0.000000 3703.239990 0.000000 0.208703 0.000000 0.977979 0.148380 0.148380 0.148380
7657.541504 0.000000 3702.152588 0.000000 0.984662 0.000000 -0.174473 0.771102 0.771102 0.771102
7795.515137 0.000000 3732.088379 0.000000 0.012424 0.000000 -0.999923 0.724510 0.724510 0.724510
7796.944824 0.000000 3740.948242 0.000000 0.908324 0.000000 -0.418268 0.747511 0.747511 0.747511
7790.169434 0.000000 3737.106934 0.000000 0.992171 0.000000 -0.124883 0.706564 0.706564 0.706564
7801.574707 0.000000 3739.204102 0.000000 0.726103 0.000000 0.687586 0.666876 0.666876 0.666876
7790.509277 0.000000 3732.245850 0.000000 0.412757 0.000000 -0.910841 0.738029 0.738029 0.738029
7794.198242 0.000000 3737.183105 0.000000 0.941118 0.000000 -0.338078 0.771118 0.771118 0.771118
7803.425781 0.000000 3742.920410 0.000000 0.421692 0.000000 -0.906739 0.858749 0.858749 0.858749
7800.186035 0.000000 3742.237061 0.000000 0.905244 0.000000 0.424892 0.626376 0.626376 0.626376
7793.132812 0.000000 3734.154297 0.000000 0.790544 0.000000 -0.612405 0.804817 0.804817 0.804817
7798.873535 0.000000 3738.686035 0.000000 0.998551 0.000000 0.053822 0.693977 0.693977 0.693977
7795.789551 0.000000 3734.753418 0.000000 0.799826 0.000000 -0.600232 0.754004 0.754004 0.754004
7794.366699 0.000000 3739.878174 0.000000 0.955430 0.000000 0.295218 0.675385 0.675385 0.675385
7796.432617 0.000000 3738.271240 0.000000 0.066466 0.000000 0.997789 0.379279 0.379279 0.379279
7792.061035 0.000000 3736.048096 0.000000 0.047546 0.000000 -0.998869 0.883676 0.883676 0.883676
7791.156250 0.000000 3734.284180 0.000000 0.590968 0.000000 -0.806695 0.811532 0.811532 0.811532
7799.859375 0.000000 3740.326416 0.000000 0.517539 0.000000 -0.855660 0.850735 0.850735 0.850735
7801.560547 0.000000 3743.729004 0.000000 0.999992 0.000000 0.004121 0.699309 0.699309 0.699309
7801.853516 0.000000 3741.549316 0.000000 0.053748 0.000000 0.998555 0.517072 0.517072 0.517072
7795.849609 0.000000 3736.618164 0.000000 0.329443 0.000000 0.944175 0.445308 0.445308 0.445308
7798.573242 0.000000 3741.546875 0.000000 0.585133 0.000000 0.810938 0.561166 0.561166 0.561166
7797.475098 0.000000 3739.480225 0.000000 0.925971 0.000000 0.377595 0.617447 0.617447 0.617447
7800.088379 0.000000 3743.565186 0.000000 0.080750 0.000000 -0.996734 0.949967 0.949967 0.949967
7683.813965 0.000000 3843.181152 0.000000 0.997361 0.000000 0.072607 0.699365 0.699365 0.699365
7695.570312 0.000000 3805.463867 0.000000 0.676303 0.000000 -0.736623 0.849052 0.849052 0.849052
7660.701172 0.000000 3835.258301 0.000000 0.074794 0.000000 -0.997199 0.762742 0.762742 0.762742
7677.512695 0.000000 3819.514404 0.000000 0.345100 0.000000 0.938566 0.644637 0.644637 0.644637
7687.362793 0.000000 3745.162598 0.000000 0.528484 0.000000 0.848943 0.698228 0.698228 0.698228
7701.583496 0.000000 3760.149170 0.000000 0.714254 0.000000 0.699886 0.687807 0.687807 0.687807
7729.416016 0.000000 3843.222168 0.000000 0.979513 0.000000 -0.201379 0.702480 0.702480 0.702480
7693.801270 0.000000 3828.648926 0.000000 0.354312 0.000000 0.935127 0.617626 0.617626 0.617626
7702.146973 0.000000 3745.453857 0.000000 0.933663 0.000000 0.358152 0.651351 0.651351 0.651351
7673.747559 0.000000 3832.994873 0.000000 0.873509 0.000000 0.486808 0.643134 0.643134 0.643134
7670.177734 0.000000 3846.635498 0.000000 0.887674 0.000000 -0.460472 0.713380 0.713380 0.713380
7690.727051 0.000000 3816.746338 0.000000 0.998433 0.000000 -0.055962 0.701370 0.701370 0.701370
7701.010742 0.000000 3787.772949 0.000000 0.936242 0.000000 0.351357 0.693726 0.693726 0.693726
7706.639648 0.000000 3807.468262 0.000000 0.942604 0.000000 0.333913 0.648238 0.648238 0.648238
7682.481934 0.000000 3808.665283 0.000000 0.561430 0.000000 -0.827524 0.720440 0.720440 0.720440
7719.329102 0.000000 3847.490479 0.000000 0.859646 0.000000 0.510890 0.698126 0.698126 0.698126
7740.126953 0.000000 3844.368408 0.000000 0.967342 0.000000 -0.253475 0.702239 0.702239 0.702239
7684.320801 0.000000 3832.704346 0.000000 0.624826 0.000000 -0.780764 0.775151 0.775151 0.775151
7704.299805 0.000000 3829.224609 0.000000 0.261373 0.000000 0.965238 0.690868 0.690868 0.690868
7700.055176 0.000000 3814.447021 0.000000 0.951603 0.000000 -0.307329 0.724020 0.724020 0.724020
7656.162109 0.000000 3843.844482 0.000000 0.882809 0.000000 -0.469733 0.787164 0.787164 0.787164
7696.524414 0.000000 3796.279053 0.000000 0.588863 0.000000 -0.808233 0.747697 0.747697 0.747697
7710.453125 0.000000 3749.440674 0.000000 0.820149 0.000000 0.572151 0.696806 0.696806 0.696806
7685.441406 0.000000 3824.150146 0.000000 0.999517 0.000000 0.031065 0.697882 0.697882 0.697882
7693.464844 0.000000 3764.510010 0.000000 0.956214 0.000000 -0.292668 0.701557 0.701557 0.701557
7697.125000 0.000000 3752.447510 0.000000 0.610807 0.000000 -0.791779 0.781437 0.781437 0.781437
7670.387207 0.000000 3825.379150 0.000000 0.676302 0.000000 0.736625 0.681187 0.681187 0.681187
7690.589355 0.000000 3838.368408 0.000000 0.822109 0.000000 -0.569330 0.830195 0.830195 0.830195
7700.061523 0.000000 3822.429199 0.000000 0.632150 0.000000 0.774846 0.692254 0.692254 0.692254
7668.377441 0.000000 3838.991211 0.000000 0.578522 0.000000 0.815667 0.561640 0.561640 0.561640
7702.641602 0.000000 3800.931885 0.000000 0.900364 0.000000 -0.435137 0.762153 0.762153 0.762153
7701.222656 0.000000 3768.160400 0.000000 0.667479 0.000000 -0.744629 0.723487 0.723487 0.723487
7678.275879 0.000000 3826.854980 0.000000 0.885124 0.000000 -0.465355 0.739757 0.739757 0.739757
7662.678711 0.000000 3847.440918 0.000000 0.513101 0.000000 0.858328 0.674751 0.674751 0.674751
7694.965332 0.000000 3745.447998 0.000000 0.817022 0.000000 0.576607 0.579711 0.579711 0.579711
7704.207031 0.000000 3753.350586 0.000000 0.610209 0.000000 -0.792241 0.723972 0.723972 0.723972
7702.165039 0.000000 3776.510986 0.000000 0.211503 0.000000 0.977377 0.417653 0.417653 0.417653
7688.427734 0.000000 3804.585449 0.000000 0.872025 0.000000 -0.489461 0.799216 0.799216 0.799216
7666.985352 0.000000 3831.496338 0.000000 0.494447 0.000000 0.869208 0.676064 0.676064 0.676064
7668.850586 0.000000 3818.497559 0.000000 0.382771 0.000000 0.923843 0.673237 0.673237 0.673237
7734.620605 0.000000 3847.808105 0.000000 0.540994 0.000000 0.841026 0.675554 0.675554 0.675554
7683.910156 0.000000 3817.025146 0.000000 0.999999 0.000000 -0.001415 0.700274 0.700274 0.700274
7694.734375 0.000000 3789.480225 0.000000 0.295798 0.000000 0.955250 0.673356 0.673356 0.673356
7690.973633 0.000000 3810.435791 0.000000 0.910631 0.000000 -0.413221 0.807945 0.807945 0.807945
7703.120117 0.000000 3794.018555 0.000000 0.546200 0.000000 0.837655 0.661823 0.661823 0.661823
7725.529785 0.000000 3847.977783 0.000000 0.309384 0.000000 0.950937 0.614379 0.614379 0.614379
7695.541992 0.000000 3758.721680 0.000000 0.020917 0.000000 0.999781 0.540196 0.540196 0.540196
7739.457520 0.000000 3814.272949 0.000000 0.890968 0.000000 0.454066 0.694234 0.694234 0.694234
7662.578613 0.000000 3841.333496 0.000000 0.984489 0.000000 0.175444 0.695993 0.695993 0.695993
7679.130371 0.000000 3835.935059 0.000000 0.559217 0.000000 0.829021 0.544571 0.544571 0.544571
7691.461914 0.000000 3822.847412 0.000000 0.559510 0.000000 -0.828823 0.754637 0.754637 0.754637
7661.891602 0.000000 3828.287598 0.000000 0.860010 0.000000 0.510278 0.679411 0.679411 0.679411
7700.865723 0.000000 3808.089355 0.000000 0.996894 0.000000 0.078750 0.694076 0.694076 0.694076
7705.895020 0.000000 3814.074219 0.000000 0.590229 0.000000 -0.807236 0.808357 0.808357 0.808357
7690.390137 0.000000 3793.108398 0.000000 0.995303 0.000000 0.096809 0.693730 0.693730 0.693730
7709.949707 0.000000 3802.335938 0.000000 0.394475 0.000000 0.918907 0.642979 0.642979 0.642979
7695.954590 0.000000 3818.577393 0.000000 0.716211 0.000000 -0.697884 0.911935 0.911935 0.911935
7707.700684 0.000000 3744.454346 0.000000 0.006890 0.000000 -0.999976 0.721864 0.721864 0.721864
7690.561035 0.000000 3843.832764 0.000000 0.115853 0.000000 -0.993266 0.715253 0.715253 0.715253
7689.853516 0.000000 3832.703857 0.000000 0.147104 0.000000 -0.989121 0.881557 0.881557 0.881557
7684.162598 0.000000 3838.016846 0.000000 0.588416 0.000000 -0.808558 0.867861 0.867861 0.867861
7705.201660 0.000000 3824.136475 0.000000 0.993103 0.000000 0.117249 0.687678 0.687678 0.687678
7686.082031 0.000000 3812.180420 0.000000 0.998298 0.000000 0.058321 0.698164 0.698164 0.698164
7695.491699 0.000000 3840.443848 0.000000 0.480108 0.000000 -0.877209 0.716829 0.716829 0.716829
7696.188965 0.000000 3810.552246 0.000000 0.745689 0.000000 0.666294 0.649025 0.649025 0.649025
7657.446289 0.000000 3839.037598 0.000000 0.655089 0.000000 -0.755552 0.785317 0.785317 0.785317
7673.269043 0.000000 3816.354492 0.000000 0.968718 0.000000 -0.248166 0.723667 0.723667 0.723667
7714.582520 0.000000 3846.188477 0.000000 0.839383 0.000000 -0.543540 0.735149 0.735149 0.735149
7697.565918 0.000000 3801.025879 0.000000 0.048470 0.000000 0.998825 0.503133 0.503133 0.503133
7687.969238 0.000000 3828.288086 0.000000 0.933044 0.000000 -0.359763 0.750164 0.750164 0.750164
7672.856934 0.000000 3821.218262 0.000000 0.288982 0.000000 0.957335 0.588361 0.588361 0.588361
7698.282227 0.000000 3763.734131 0.000000 0.898952 0.000000 0.438047 0.665927 0.665927 0.665927
7656.654297 0.000000 3832.764404 0.000000 0.639954 0.000000 -0.768413 0.735225 0.735225 0.735225
7739.254883 0.000000 3849.045898 0.000000 0.911816 0.000000 -0.410600 0.753978 0.753978 0.753978
7711.440918 0.000000 3806.990723 0.000000 0.270192 0.000000 -0.962806 1.103521 1.103521 1.103521
7696.334473 0.000000 3768.365234 0.000000 0.891252 0.000000 0.453509 0.682726 0.682726 0.682726
7672.806641 0.000000 3837.559082 0.000000 0.941896 0.000000 -0.335904 0.760465 0.760465 0.760465
7680.893555 0.000000 3822.965576 0.000000 0.152933 0.000000 -0.988237 0.888235 0.888235 0.888235
7705.632324 0.000000 3748.696289 0.000000 0.277266 0.000000 -0.960793 0.801435 0.801435 0.801435
7698.657715 0.000000 3792.161133 0.000000 0.257431 0.000000 0.966297 0.645038 0.645038 0.645038
7666.729980 0.000000 3843.448486 0.000000 0.774609 0.000000 -0.632440 0.826836 0.826836 0.826836
7700.845703 0.000000 3749.842285 0.000000 0.898632 0.000000 0.438703 0.672221 0.672221 0.672221
7687.601562 0.000000 3820.186279 0.000000 0.274519 0.000000 -0.961582 0.797142 0.797142 0.797142
7682.683594 0.000000 3828.067871 0.000000 0.846479 0.000000 0.532422 0.676451 0.676451 0.676451
7679.007812 0.000000 3831.367676 0.000000 0.837671 0.000000 -0.546176 0.711107 0.711107 0.711107
7673.800293 0.000000 3828.355225 0.000000 0.406063 0.000000 -0.913845 0.762445 0.762445 0.762445
7699.594727 0.000000 3756.145264 0.000000 0.934600 0.000000 0.355701 0.679027 0.679027 0.679027
7665.236328 0.000000 3835.598145 0.000000 0.058990 0.000000 -0.998259 0.869085 0.869085 0.869085
7680.301758 0.000000 3840.536133 0.000000 0.550122 0.000000 -0.835084 0.874438 0.874438 0.874438
7730.366699 0.000000 3848.857422 0.000000 0.999871 0.000000 -0.016072 0.701966 0.701966 0.701966
7671.720215 0.000000 3842.539551 0.000000 0.748220 0.000000 0.663451 0.648023 0.648023 0.648023
7694.380371 0.000000 3814.440430 0.000000 0.399603 0.000000 0.916688 0.596639 0.596639 0.596639
7693.237793 0.000000 3754.354980 0.000000 0.752618 0.000000 -0.658457 0.718842 0.718842 0.718842
7695.904785 0.000000 3822.859131 0.000000 0.004671 0.000000 0.999989 0.664420 0.664420 0.664420
7684.200195 0.000000 3804.885498 0.000000 0.456743 0.000000 0.889599 0.665509 0.665509 0.665509
7667.046875 0.000000 3849.408203 0.000000 0.932334 0.000000 0.361597 0.632757 0.632757 0.632757
7669.748535 0.000000 3834.697998 0.000000 0.862872 0.000000 -0.505423 0.739818 0.739818 0.739818
7687.275879 0.000000 3840.922363 0.000000 0.105759 0.000000 0.994392 0.508005 0.508005 0.508005
7700.465820 0.000000 3797.267090 0.000000 0.916074 0.000000 0.401008 0.670436 0.670436 0.670436
7705.991211 0.000000 3803.441895 0.000000 0.996998 0.000000 0.077421 0.692145 0.692145 0.692145
7686.683594 0.000000 3808.203857 0.000000 0.120953 0.000000 -0.992658 0.955853 0.955853 0.955853
7708.453613 0.000000 3811.037109 0.000000 0.655380 0.000000 0.755300 0.644643 0.644643 0.644643
7676.486816 0.000000 3823.330322 0.000000 0.937282 0.000000 0.348572 0.686933 0.686933 0.686933
7702.833496 0.000000 3811.484131 0.000000 0.672933 0.000000 -0.739704 0.759659 0.759659 0.759659
7659.916504 0.000000 3844.655029 0.000000 0.885749 0.000000 -0.464164 0.778449 0.778449 0.778449
7699.554199 0.000000 3804.381104 0.000000 0.396065 0.000000 0.918222 0.614596 0.614596 0.614596
7691.806641 0.000000 3806.423096 0.000000 0.860557 0.000000 0.509354 0.591660 0.591660 0.591660
7687.563477 0.000000 3835.897705 0.000000 0.916851 0.000000 -0.399229 0.715071 0.715071 0.715071
7697.322266 0.000000 3748.508789 0.000000 0.944495 0.000000 -0.328525 0.738024 0.738024 0.738024
7662.874512 0.000000 3832.034668 0.000000 0.593010 0.000000 -0.805195 0.806323 0.806323 0.806323
7670.711914 0.000000 3830.523438 0.000000 0.730668 0.000000 -0.682732 0.728893 0.728893 0.728893
7701.684082 0.000000 3826.117188 0.000000 0.226605 0.000000 -0.973987 0.871230 0.871230 0.871230
7659.470215 0.000000 3849.630615 0.000000 0.991758 0.000000 -0.128124 0.724698 0.724698 0.724698
7716.433594 0.000000 3849.904785 0.000000 0.337106 0.000000 -0.941467 0.824364 0.824364 0.824364
7705.823730 0.000000 3777.046875 0.000000 0.483628 0.000000 -0.875274 0.778243 0.778243 0.778243
7683.686035 0.000000 3820.633301 0.000000 0.489520 0.000000 0.871992 0.490821 0.490821 0.490821
7699.814941 0.000000 3818.819336 0.000000 0.271518 0.000000 0.962433 0.473543 0.473543 0.473543
7698.547363 0.000000 3745.172363 0.000000 0.872883 0.000000 -0.487930 0.755228 0.755228 0.755228
7697.129395 0.000000 3786.573486 0.000000 0.996381 0.000000 0.084996 0.698067 0.698067 0.698067
7693.930176 0.000000 3793.803223 0.000000 0.237869 0.000000 -0.971297 0.767436 0.767436 0.767436
7676.274414 0.000000 3837.847168 0.000000 0.999878 0.000000 0.015622 0.697516 0.697516 0.697516
7680.471680 0.000000 3817.359131 0.000000 0.813308 0.000000 -0.581834 0.809607 0.809607 0.809607
7658.756836 0.000000 3830.035156 0.000000 0.184944 0.000000 -0.982749 0.777441 0.777441 0.777441
7703.263672 0.000000 3790.592529 0.000000 0.077561 0.000000 0.996988 0.660859 0.660859 0.660859
7703.307129 0.000000 3805.633057 0.000000 0.999960 0.000000 0.008925 0.699236 0.699236 0.699236
7691.247559 0.000000 3826.309814 0.000000 0.112677 0.000000 -0.993632 0.835032 0.835032 0.835032
7721.753906 0.000000 3849.858398 0.000000 0.724147 0.000000 -0.689645 0.729258 0.729258 0.729258
7713.193848 0.000000 3849.221436 0.000000 0.554548 0.000000 0.832152 0.639876 0.639876 0.639876
7692.568359 0.000000 3819.737305 0.000000 0.056606 0.000000 0.998397 0.588863 0.588863 0.588863
7694.398926 0.000000 3802.308838 0.000000 0.901992 0.000000 -0.431752 0.774897 0.774897 0.774897
7703.331055 0.000000 3772.906006 0.000000 0.993761 0.000000 0.111531 0.696680 0.696680 0.696680
7742.250000 0.000000 3812.702393 0.000000 0.889827 0.000000 -0.456299 0.723186 0.723186 0.723186
7691.806152 0.000000 3835.279785 0.000000 0.100797 0.000000 0.994907 0.602391 0.602391 0.602391
7671.047363 0.000000 3849.908203 0.000000 0.920928 0.000000 0.389732 0.665718 0.665718 0.665718
7700.945312 0.000000 3753.069336 0.000000 0.167049 0.000000 0.985949 0.626446 0.626446 0.626446
7728.324707 0.000000 3846.356934 0.000000 0.938563 0.000000 0.345108 0.675985 0.675985 0.675985
7691.265625 0.000000 3803.090576 0.000000 0.847607 0.000000 -0.530624 0.723460 0.723460 0.723460
7657.499023 0.000000 3847.057617 0.000000 0.748833 0.000000 0.662759 0.629097 0.629097 0.629097
7682.358887 0.000000 3835.253662 0.000000 0.805218 0.000000 0.592979 0.526952 0.526952 0.526952
7690.138672 0.000000 3813.510986 0.000000 0.999986 0.000000 0.005247 0.698661 0.698661 0.698661
7699.395020 0.000000 3811.320312 0.000000 0.210607 0.000000 -0.977571 0.851953 0.851953 0.851953
7695.598145 0.000000 3761.864990 0.000000 0.932741 0.000000 -0.360546 0.732875 0.732875 0.732875
7692.871094 0.000000 3831.645264 0.000000 0.063071 0.000000 0.998009 0.523468 0.523468 0.523468
7694.193848 0.000000 3837.460205 0.000000 0.939189 0.000000 -0.343400 0.753295 0.753295 0.753295
7676.841309 0.000000 3833.662109 0.000000 0.225714 0.000000 -0.974194 0.927680 0.927680 0.927680
7673.403320 0.000000 3824.448730 0.000000 0.786577 0.000000 0.617492 0.677901 0.677901 0.677901
7703.073730 0.000000 3815.614746 0.000000 0.812035 0.000000 0.583608 0.643370 0.643370 0.643370
7693.434082 0.000000 3797.165283 0.000000 0.782451 0.000000 -0.622712 0.745815 0.745815 0.745815
7694.549805 0.000000 3750.538330 0.000000 0.934745 0.000000 0.355319 0.666355 0.666355 0.666355
7708.864258 0.000000 3805.258057 0.000000 0.156106 0.000000 -0.987740 0.959473 0.959473 0.959473
7697.195801 0.000000 3815.682617 0.000000 0.934705 0.000000 -0.355426 0.780012 0.780012 0.780012
7665.706055 0.000000 3846.373047 0.000000 0.686879 0.000000 0.726772 0.597627 0.597627 0.597627
7727.503418 0.000000 3850.405029 0.000000 0.076648 0.000000 0.997058 0.538117 0.538117 0.538117
7694.390625 0.000000 3825.580322 0.000000 0.900772 0.000000 0.434292 0.685083 0.685083 0.685083
7698.395508 0.000000 3760.062988 0.000000 0.996633 0.000000 -0.081993 0.704017 0.704017 0.704017
7675.893066 0.000000 3830.686035 0.000000 0.348632 0.000000 -0.937260 0.799770 0.799770 0.799770
7697.708496 0.000000 3807.859131 0.000000 0.847865 0.000000 0.530213 0.616009 0.616009 0.616009
7663.206055 0.000000 3844.378418 0.000000 0.077446 0.000000 -0.996997 0.775679 0.775679 0.775679
7688.583008 0.000000 3823.942139 0.000000 0.794710 0.000000 -0.606990 0.738756 0.738756 0.738756
7687.020020 0.000000 3831.164062 0.000000 0.364643 0.000000 0.931147 0.595359 0.595359 0.595359
7665.528809 0.000000 3840.440674 0.000000 0.977249 0.000000 -0.212097 0.723530 0.723530 0.723530
7659.327148 0.000000 3841.687744 0.000000 0.710644 0.000000 0.703552 0.603171 0.603171 0.603171
7696.536133 0.000000 3755.716309 0.000000 0.510986 0.000000 -0.859589 0.860895 0.860895 0.860895
7690.794434 0.000000 3829.500000 0.000000 0.412192 0.000000 0.911097 0.569830 0.569830 0.569830
7693.625488 0.000000 3809.008057 0.000000 0.961147 0.000000 -0.276038 0.742032 0.742032 0.742032
7700.990723 0.000000 3829.220703 0.000000 0.119129 0.000000 -0.992879 0.753265 0.753265 0.753265
7678.254883 0.000000 3842.855225 0.000000 0.387722 0.000000 0.921776 0.591388 0.591388 0.591388
7691.814941 0.000000 3841.002686 0.000000 0.743666 0.000000 0.668551 0.616821 0.616821 0.616821
7698.761230 0.000000 3769.840576 0.000000 0.801104 0.000000 0.598525 0.640568 0.640568 0.640568
7682.039062 0.000000 3830.929443 0.000000 0.828443 0.000000 0.560074 0.670911 0.670911 0.670911
7685.369629 0.000000 3827.101318 0.000000 0.096347 0.000000 0.995348 0.586636 0.586636 0.586636
7695.358887 0.000000 3799.202393 0.000000 0.862335 0.000000 0.506339 0.654535 0.654535 0.654535
7674.615723 0.000000 3819.053467 0.000000 0.188769 0.000000 -0.982021 0.842380 0.842380 0.842380
7696.202637 0.000000 3765.578857 0.000000 0.898184 0.000000 -0.439620 0.761250 0.761250 0.761250
7705.477539 0.000000 3810.235107 0.000000 0.966055 0.000000 0.258336 0.684017 0.684017 0.684017
7698.889648 0.000000 3766.468262 0.000000 0.256627 0.000000 0.966510 0.514385 0.514385 0.514385
7700.336914 0.000000 3794.484131 0.000000 0.759778 0.000000 -0.650183 0.733399 0.733399 0.733399
7697.759766 0.000000 3820.733643 0.000000 0.966725 0.000000 -0.255817 0.730742 0.730742 0.730742
7682.791504 0.000000 3824.998291 0.000000 0.982227 0.000000 0.187697 0.688781 0.688781 0.688781
7680.389648 0.000000 3820.235352 0.000000 0.474521 0.000000 -0.880244 0.882463 0.882463 0.882463
7693.508789 0.000000 3747.957275 0.000000 0.310037 0.000000 0.950725 0.649533 0.649533 0.649533
7655.678223 0.000000 3841.158203 0.000000 0.804229 0.000000 0.594320 0.585444 0.585444 0.585444
7671.585449 0.000000 3818.783936 0.000000 0.980925 0.000000 0.194386 0.681538 0.681538 0.681538
7693.517090 0.000000 3817.064209 0.000000 0.594028 0.000000 -0.804444 0.739205 0.739205 0.739205
7675.611328 0.000000 3826.038574 0.000000 0.194111 0.000000 0.980980 0.579815 0.579815 0.579815
7681.252930 0.000000 3837.830566 0.000000 0.732777 0.000000 0.680469 0.553516 0.553516 0.553516
7671.383301 0.000000 3839.843750 0.000000 0.225927 0.000000 -0.974144 0.944071 0.944071 0.944071
7693.331543 0.000000 3811.853027 0.000000 0.997831 0.000000 -0.065823 0.710475 0.710475 0.710475
7674.806641 0.000000 3835.493652 0.000000 0.576253 0.000000 -0.817271 0.883903 0.883903 0.883903
7680.085449 0.000000 3828.850342 0.000000 0.979974 0.000000 0.199127 0.691592 0.691592 0.691592
7689.279297 0.000000 3807.415771 0.000000 0.774574 0.000000 0.632483 0.612643 0.612643 0.612643
7703.132324 0.000000 3779.107910 0.000000 0.939317 0.000000 -0.343051 0.726313 0.726313 0.726313
7659.496582 0.000000 3832.703125 0.000000 0.836722 0.000000 -0.547628 0.786086 0.786086 0.786086
7703.392090 0.000000 3750.799316 0.000000 0.347690 0.000000 -0.937609 0.755237 0.755237 0.755237
7704.809082 0.000000 3746.004395 0.000000 0.934546 0.000000 0.355844 0.654222 0.654222 0.654222
7669.113770 0.000000 3842.210205 0.000000 0.391950 0.000000 -0.919986 0.940868 0.940868 0.940868
7697.151855 0.000000 3813.038086 0.000000 0.977726 0.000000 0.209887 0.671545 0.671545 0.671545
7699.958008 0.000000 3799.892090 0.000000 0.520958 0.000000 -0.853582 0.762561 0.762561 0.762561
7688.356445 0.000000 3810.360352 0.000000 0.787655 0.000000 0.616116 0.559634 0.559634 0.559634
7719.185059 0.000000 3850.481201 0.000000 0.331492 0.000000 0.943458 0.594424 0.594424 0.594424
7703.693359 0.000000 3808.177490 0.000000 0.507568 0.000000 0.861612 0.625595 0.625595 0.625595
7700.205078 0.000000 3747.207520 0.000000 0.598960 0.000000 0.800779 0.547457 0.547457 0.547457
7664.244629 0.000000 3849.536865 0.000000 0.345656 0.000000 0.938361 0.559532 0.559532 0.559532
7680.562988 0.000000 3833.409180 0.000000 0.069165 0.000000 -0.997605 0.980782 0.980782 0.980782
7709.214844 0.000000 3808.583252 0.000000 0.930450 0.000000 0.366419 0.662630 0.662630 0.662630
7683.114258 0.000000 3840.544434 0.000000 0.861367 0.000000 0.507983 0.663684 0.663684 0.663684
7722.693848 0.000000 3847.468750 0.000000 0.754883 0.000000 0.655859 0.652497 0.652497 0.652497
7702.999023 0.000000 3747.961182 0.000000 0.328992 0.000000 0.944333 0.479757 0.479757 0.479757
7685.010254 0.000000 3835.237549 0.000000 0.988748 0.000000 0.149589 0.676646 0.676646 0.676646
7667.741699 0.000000 3836.508789 0.000000 0.725731 0.000000 -0.687979 0.828612 0.828612 0.828612
7672.283203 0.000000 3835.084961 0.000000 0.684638 0.000000 0.728883 0.534441 0.534441 0.534441
7732.765625 0.000000 3849.845215 0.000000 0.970116 0.000000 0.242642 0.686722 0.686722 0.686722
7697.836914 0.000000 3798.447510 0.000000 0.359776 0.000000 -0.933039 0.815607 0.815607 0.815607
7702.058105 0.000000 3803.388672 0.000000 0.942140 0.000000 0.335220 0.676702 0.676702 0.676702
7687.922852 0.000000 3838.449707 0.000000 0.072529 0.000000 -0.997366 0.912077 0.912077 0.912077
7678.787109 0.000000 3838.375977 0.000000 0.974057 0.000000 0.226304 0.679255 0.679255 0.679255
7704.160645 0.000000 3826.467529 0.000000 0.944969 0.000000 -0.327161 0.716309 0.716309 0.716309
7684.796875 0.000000 3809.894287 0.000000 0.999559 0.000000 0.029682 0.697406 0.697406 0.697406
7678.734863 0.000000 3824.383545 0.000000 0.949857 0.000000 -0.312684 0.752242 0.752242 0.752242
7705.190430 0.000000 3801.078613 0.000000 0.757712 0.000000 -0.652589 0.777037 0.777037 0.777037
7691.894043 0.000000 3795.204834 0.000000 0.798480 0.000000 -0.602021 0.811770 0.811770 0.811770
7660.228027 0.000000 3847.098145 0.000000 0.732178 0.000000 0.681114 0.654170 0.654170 0.654170
7670.346680 0.000000 3837.513672 0.000000 0.567269 0.000000 -0.823532 0.867407 0.867407 0.867407
7697.176270 0.000000 3803.489258 0.000000 0.999215 0.000000 -0.039605 0.704639 0.704639 0.704639
7680.761230 0.000000 3826.475830 0.000000 0.812914 0.000000 0.582383 0.667408 0.667408 0.667408
7667.982910 0.000000 3845.568848 0.000000 0.993854 0.000000 -0.110701 0.720161 0.720161 0.720161
7673.994141 0.000000 3839.687256 0.000000 0.729724 0.000000 -0.683742 0.748681 0.748681 0.748681
7678.510742 0.000000 3821.868164 0.000000 0.956270 0.000000 0.292485 0.684438 0.684438 0.684438
7729.802734 0.000000 3851.341309 0.000000 0.640636 0.000000 -0.767845 0.839226 0.839226 0.839226
7673.143066 0.000000 3830.686035 0.000000 0.420220 0.000000 -0.907422 0.763590 0.763590 0.763590
7661.981445 0.000000 3850.460205 0.000000 0.063400 0.000000 -0.997988 0.844882 0.844882 0.844882
7681.482910 0.000000 3842.754883 0.000000 0.995354 0.000000 -0.096281 0.705224 0.705224 0.705224
7724.631348 0.000000 3850.178955 0.000000 0.488279 0.000000 -0.872688 0.772291 0.772291 0.772291
7702.660156 0.000000 3798.178223 0.000000 0.781134 0.000000 0.624364 0.618689 0.618689 0.618689
7736.966309 0.000000 3848.419922 0.000000 0.424974 0.000000 -0.905206 0.876044 0.876044 0.876044
7688.999512 0.000000 3802.244385 0.000000 0.536255 0.000000 0.844056 0.575326 0.575326 0.575326
7739.081055 0.000000 3846.558350 0.000000 0.966411 0.000000 -0.257003 0.744969 0.744969 0.744969
7665.110840 0.000000 3833.124023 0.000000 0.792615 0.000000 -0.609722 0.748128 0.748128 0.748128
7700.198730 0.000000 3775.177979 0.000000 0.956331 0.000000 0.292285 0.668898 0.668898 0.668898
7694.806152 0.000000 3820.754395 0.000000 0.874788 0.000000 -0.484506 0.775134 0.775134 0.775134
7693.383301 0.000000 3804.629150 0.000000 0.975563 0.000000 0.219722 0.681417 0.681417 0.681417
7675.675293 0.000000 3821.135010 0.000000 0.937550 0.000000 -0.347851 0.740357 0.740357 0.740357
7665.194336 0.000000 3838.132812 0.000000 0.817635 0.000000 -0.575736 0.753608 0.753608 0.753608
7684.407227 0.000000 3807.290771 0.000000 0.418046 0.000000 0.908426 0.562595 0.562595 0.562595
7686.351074 0.000000 3805.880615 0.000000 0.995523 0.000000 0.094523 0.691563 0.691563 0.691563
7685.903809 0.000000 3821.869873 0.000000 0.216571 0.000000 -0.976267 0.896179 0.896179 0.896179
7688.346680 0.000000 3843.116699 0.000000 0.462452 0.000000 -0.886644 0.766673 0.766673 0.766673
7697.816895 0.000000 3757.676270 0.000000 0.258128 0.000000 0.966111 0.477983 0.477983 0.477983
7692.600098 0.000000 3744.467773 0.000000 0.995572 0.000000 -0.094000 0.709706 0.709706 0.709706
7702.846680 0.000000 3824.116211 0.000000 0.705203 0.000000 0.709005 0.577425 0.577425 0.577425
7701.027832 0.000000 3816.670410 0.000000 0.548817 0.000000 -0.835942 0.808980 0.808980 0.808980
7687.530762 0.000000 3825.964355 0.000000 0.747042 0.000000 -0.664777 0.778792 0.778792 0.778792
7689.475586 0.000000 3840.348877 0.000000 0.972869 0.000000 0.231357 0.644102 0.644102 0.644102
7661.035645 0.000000 3830.640869 0.000000 0.683269 0.000000 -0.730167 0.815871 0.815871 0.815871
7669.963867 0.000000 3844.346680 0.000000 0.619600 0.000000 -0.784918 0.837226 0.837226 0.837226
7682.216309 0.000000 3818.869385 0.000000 0.736241 0.000000 -0.676720 0.984476 0.984476 0.984476
7692.062988 0.000000 3814.667236 0.000000 0.998420 0.000000 -0.056200 0.705699 0.705699 0.705699
7689.787598 0.000000 3836.241699 0.000000 0.030025 0.000000 -0.999549 0.837324 0.837324 0.837324
7695.005859 0.000000 3753.045166 0.000000 0.082684 0.000000 -0.996576 0.827421 0.827421 0.827421
7700.145020 0.000000 3777.393555 0.000000 0.923621 0.000000 -0.383307 0.736435 0.736435 0.736435
7702.093750 0.000000 3813.638672 0.000000 0.332109 0.000000 0.943241 0.607401 0.607401 0.607401
7694.458984 0.000000 3756.455566 0.000000 0.693567 0.000000 0.720392 0.618469 0.618469 0.618469
7683.421387 0.000000 3822.825684 0.000000 0.907904 0.000000 0.419178 0.662961 0.662961 0.662961
7701.030273 0.000000 3805.934570 0.000000 0.719317 0.000000 0.694682 0.639605 0.639605 0.639605
7670.348633 0.000000 3816.811523 0.000000 0.099500 0.000000 0.995038 0.556028 0.556028 0.556028
7669.117676 0.000000 3848.560791 0.000000 0.926243 0.000000 -0.376928 0.788477 0.788477 0.788477
7685.526367 0.000000 3839.670410 0.000000 0.966521 0.000000 -0.256586 0.746255 0.746255 0.746255
7664.507324 0.000000 3842.514160 0.000000 0.627733 0.000000 0.778429 0.536292 0.536292 0.536292
7678.302734 0.000000 3817.529785 0.000000 0.507539 0.000000 -0.861629 0.883296 0.883296 0.883296
7692.636230 0.000000 3838.961670 0.000000 0.736270 0.000000 -0.676687 0.800015 0.800015 0.800015
7688.027832 0.000000 3813.666504 0.000000 0.423793 0.000000 -0.905759 0.890109 0.890109 0.890109
7697.918457 0.000000 3817.756348 0.000000 0.055433 0.000000 -0.998462 1.068096 1.068096 1.068096
7705.452148 0.000000 3805.503418 0.000000 0.199913 0.000000 0.979814 0.501351 0.501351 0.501351
7710.749512 0.000000 3811.093262 0.000000 0.612295 0.000000 -0.790629 0.840229 0.840229 0.840229
7704.960449 0.000000 3812.219727 0.000000 1.000000 0.000000 -0.000547 0.700041 0.700041 0.700041
7727.965332 0.000000 3848.398682 0.000000 0.205789 0.000000 0.978596 0.487924 0.487924 0.487924
7707.735352 0.000000 3802.277100 0.000000 0.138194 0.000000 0.990405 0.587373 0.587373 0.587373
7689.059082 0.000000 3830.697266 0.000000 0.909682 0.000000 0.415304 0.598959 0.598959 0.598959
7697.975098 0.000000 3805.702637 0.000000 0.994513 0.000000 -0.104617 0.714103 0.714103 0.714103
7693.904297 0.000000 3806.863281 0.000000 0.994115 0.000000 0.108330 0.685773 0.685773 0.685773
7691.588379 0.000000 3808.464111 0.000000 0.334183 0.000000 0.942508 0.521581 0.521581 0.521581
7696.783691 0.000000 3746.521729 0.000000 0.451552 0.000000 -0.892245 0.856034 0.856034 0.856034
7704.031738 0.000000 3802.940186 0.000000 0.188387 0.000000 -0.982095 0.840006 0.840006 0.840006
7701.155273 0.000000 3810.151855 0.000000 0.975286 0.000000 0.220944 0.682091 0.682091 0.682091
7710.873047 0.000000 3804.882568 0.000000 0.334965 0.000000 0.942231 0.480886 0.480886 0.480886
7663.220215 0.000000 3830.050781 0.000000 0.999388 0.000000 0.034994 0.693822 0.693822 0.693822
7667.572266 0.000000 3840.885254 0.000000 0.949085 0.000000 -0.315021 0.763287 0.763287 0.763287
7696.330078 0.000000 3824.874512 0.000000 0.997861 0.000000 -0.065373 0.705145 0.705145 0.705145
7676.990723 0.000000 3835.982422 0.000000 0.230077 0.000000 -0.973172 0.926920 0.926920 0.926920
7667.468750 0.000000 3847.481934 0.000000 0.784639 0.000000 -0.619953 0.844904 0.844904 0.844904
7665.009766 0.000000 3831.008057 0.000000 0.135136 0.000000 -0.990827 0.840460 0.840460 0.840460
7657.955566 0.000000 3845.030029 0.000000 0.890684 0.000000 0.454622 0.616698 0.616698 0.616698
7699.308594 0.000000 3809.339355 0.000000 0.669669 0.000000 0.742660 0.618084 0.618084 0.618084
7702.750977 0.000000 3827.985107 0.000000 0.047806 0.000000 0.998857 0.479094 0.479094 0.479094
7689.453613 0.000000 3827.039551 0.000000 0.581189 0.000000 0.813769 0.512277 0.512277 0.512277
7690.357910 0.000000 3804.848145 0.000000 0.025155 0.000000 0.999684 0.546035 0.546035 0.546035
7657.442871 0.000000 3842.173096 0.000000 0.188432 0.000000 -0.982086 0.946209 0.946209 0.946209
7693.125000 0.000000 3833.562744 0.000000 0.152581 0.000000 0.988291 0.583562 0.583562 0.583562
7695.402344 0.000000 3748.761475 0.000000 0.951971 0.000000 -0.306189 0.754383 0.754383 0.754383
7699.099609 0.000000 3816.192383 0.000000 0.025989 0.000000 -0.999662 0.972667 0.972667 0.972667
7702.087402 0.000000 3774.561523 0.000000 0.231841 0.000000 0.972754 0.548146 0.548146 0.548146
7699.887207 0.000000 3764.861328 0.000000 0.119480 0.000000 0.992837 0.560531 0.560531 0.560531
7661.328125 0.000000 3833.283203 0.000000 0.988479 0.000000 0.151357 0.678492 0.678492 0.678492
7737.688965 0.000000 3850.181641 0.000000 0.943406 0.000000 -0.331639 0.727765 0.727765 0.727765
7661.246582 0.000000 3848.710449 0.000000 0.080555 0.000000 -0.996750 0.822396 0.822396 0.822396
7668.649414 0.000000 3850.616943 0.000000 0.924792 0.000000 0.380472 0.620195 0.620195 0.620195
7665.127441 0.000000 3844.560059 0.000000 0.994916 0.000000 -0.100709 0.718687 0.718687 0.718687
7695.535156 0.000000 3816.690918 0.000000 0.982537 0.000000 -0.186066 0.726493 0.726493 0.726493
7682.496582 0.000000 3833.283447 0.000000 0.655038 0.000000 -0.755596 0.816759 0.816759 0.816759
7714.568359 0.000000 3850.713379 0.000000 0.269966 0.000000 0.962870 0.588898 0.588898 0.588898
7697.682129 0.000000 3761.868896 0.000000 0.008400 0.000000 -0.999965 0.899321 0.899321 0.899321
7704.986328 0.000000 3815.774902 0.000000 0.858088 0.000000 0.513503 0.637801 0.637801 0.637801
7692.122559 0.000000 3837.137939 0.000000 0.938543 0.000000 0.345164 0.648267 0.648267 0.648267
7685.276855 0.000000 3819.659180 0.000000 0.495338 0.000000 -0.868700 0.865551 0.865551 0.865551
7686.233398 0.000000 3828.973145 0.000000 0.649694 0.000000 0.760196 0.582279 0.582279 0.582279
7681.822754 0.000000 3821.381592 0.000000 0.382537 0.000000 -0.923940 0.899733 0.899733 0.899733
7696.579102 0.000000 3744.534180 0.000000 0.937039 0.000000 0.349225 0.668828 0.668828 0.668828
7691.073730 0.000000 3831.353271 0.000000 0.913004 0.000000 -0.407950 0.794731 0.794731 0.794731
7678.785156 0.000000 3834.097168 0.000000 0.110863 0.000000 -0.993836 0.932137 0.932137 0.932137
7712.619141 0.000000 3805.538086 0.000000 0.805152 0.000000 0.593069 0.627884 0.627884 0.627884
7665.622070 0.000000 3848.233643 0.000000 0.997295 0.000000 0.073509 0.691514 0.691514 0.691514
7699.420410 0.000000 3806.820312 0.000000 0.485729 0.000000 -0.874109 0.800371 0.800371 0.800371
7656.114258 0.000000 3845.862793 0.000000 0.572488 0.000000 -0.819913 0.869668 0.869668 0.869668
7696.538086 0.000000 3760.290039 0.000000 0.897602 0.000000 -0.440806 0.758237 0.758237 0.758237
7669.675293 0.000000 3840.505127 0.000000 0.922862 0.000000 0.385130 0.634364 0.634364 0.634364
7691.823242 0.000000 3812.859375 0.000000 0.542228 0.000000 -0.840231 0.954563 0.954563 0.954563
7714.861328 0.000000 3848.533691 0.000000 0.992413 0.000000 -0.122952 0.723049 0.723049 0.723049
7709.656738 0.000000 3806.852295 0.000000 0.951025 0.000000 0.309115 0.639588 0.639588 0.639588
7689.627441 0.000000 3811.800293 0.000000 0.877491 0.000000 -0.479593 0.805769 0.805769 0.805769
7694.195801 0.000000 3818.914795 0.000000 0.548135 0.000000 -0.836390 0.971809 0.971809 0.971809
7698.961426 0.000000 3813.058594 0.000000 0.970289 0.000000 -0.241948 0.735446 0.735446 0.735446
7674.577148 0.000000 3837.390869 0.000000 0.044334 0.000000 -0.999017 0.966760 0.966760 0.966760
7707.135742 0.000000 3804.886719 0.000000 0.798884 0.000000 0.601485 0.565790 0.565790 0.565790
7689.741211 0.000000 3809.135010 0.000000 0.410219 0.000000 -0.911987 0.882583 0.882583 0.882583
7695.768066 0.000000 3800.906250 0.000000 0.843063 0.000000 -0.537816 0.787327 0.787327 0.787327
7698.472656 0.000000 3746.975342 0.000000 0.301891 0.000000 0.953343 0.580705 0.580705 0.580705
7675.407715 0.000000 3832.377930 0.000000 0.523038 0.000000 -0.852310 0.901502 0.901502 0.901502
7666.654297 0.000000 3839.134277 0.000000 0.770905 0.000000 0.636950 0.599838 0.599838 0.599838
7658.738281 0.000000 3843.366943 0.000000 0.792846 0.000000 0.609422 0.611816 0.611816 0.611816
7677.076660 0.000000 3824.976318 0.000000 0.760660 0.000000 0.649150 0.606170 0.606170 0.606170
7694.968750 0.000000 3754.766602 0.000000 0.654730 0.000000 -0.755863 0.801839 0.801839 0.801839
7691.988281 0.000000 3828.247070 0.000000 0.985835 0.000000 0.167720 0.680858 0.680858 0.680858
7710.825684 0.000000 3809.121826 0.000000 0.108623 0.000000 0.994083 0.370418 0.370418 0.370418
7679.430664 0.000000 3818.814697 0.000000 0.955663 0.000000 -0.294464 0.730818 0.730818 0.730818
7691.444336 0.000000 3833.516602 0.000000 0.957411 0.000000 0.288728 0.639088 0.639088 0.639088
7681.712402 0.000000 3839.610107 0.000000 0.683443 0.000000 0.730004 0.595603 0.595603 0.595603
7680.906738 0.000000 3836.138916 0.000000 0.995338 0.000000 0.096449 0.681093 0.681093 0.681093
7673.134766 0.000000 3818.056641 0.000000 0.947255 0.000000 -0.320481 0.766705 0.766705 0.766705
7723.285645 0.000000 3849.094238 0.000000 0.155279 0.000000 -0.987871 0.895338 0.895338 0.895338
7682.738281 0.000000 3837.027100 0.000000 0.873480 0.000000 0.486860 0.581812 0.581812 0.581812
7688.191895 0.000000 3832.489258 0.000000 0.985380 0.000000 -0.170371 0.721841 0.721841 0.721841
7685.402344 0.000000 3816.233154 0.000000 0.878824 0.000000 0.477146 0.632198 0.632198 0.632198
7696.142578 0.000000 3814.352051 0.000000 0.556785 0.000000 0.830657 0.484145 0.484145 0.484145
7695.340820 0.000000 3836.220215 0.000000 0.965805 0.000000 0.259271 0.660125 0.660125 0.660125
7692.355469 0.000000 3830.014648 0.000000 0.979904 0.000000 -0.199470 0.723513 0.723513 0.723513
7700.395508 0.000000 3745.575439 0.000000 0.996539 0.000000 -0.083123 0.719052 0.719052 0.719052
7694.947266 0.000000 3803.912598 0.000000 0.157177 0.000000 -0.987571 0.937050 0.937050 0.937050
7703.964355 0.000000 3744.467285 0.000000 0.167923 0.000000 0.985800 0.513782 0.513782 0.513782
7687.662109 0.000000 3806.851074 0.000000 0.986803 0.000000 -0.161928 0.722170 0.722170 0.722170
7704.180664 0.000000 3817.194336 0.000000 0.630094 0.000000 0.776519 0.513542 0.513542 0.513542
7694.951172 0.000000 3747.216064 0.000000 0.951343 0.000000 -0.308132 0.747076 0.747076 0.747076
7708.047852 0.000000 3806.652832 0.000000 0.315292 0.000000 -0.948995 0.940299 0.940299 0.940299
7696.561523 0.000000 3754.075195 0.000000 0.934327 0.000000 -0.356416 0.756681 0.756681 0.756681
7658.048340 0.000000 3850.791748 0.000000 0.986170 0.000000 -0.165734 0.728807 0.728807 0.728807
7658.906250 0.000000 3848.109619 0.000000 0.385577 0.000000 0.922676 0.474132 0.474132 0.474132
7668.296875 0.000000 3843.947754 0.000000 0.692751 0.000000 0.721176 0.533894 0.533894 0.533894
7696.279297 0.000000 3820.182861 0.000000 0.457904 0.000000 0.889002 0.569856 0.569856 0.569856
7696.680664 0.000000 3806.630371 0.000000 0.334523 0.000000 -0.942388 0.884814 0.884814 0.884814
7698.362305 0.000000 3814.617432 0.000000 0.109826 0.000000 0.993951 0.480461 0.480461 0.480461
7729.054199 0.000000 3849.934814 0.000000 0.869065 0.000000 0.494697 0.622226 0.622226 0.622226
7704.528320 0.000000 3747.563721 0.000000 0.961583 0.000000 0.274516 0.665010 0.665010 0.665010
7692.562500 0.000000 3810.180664 0.000000 0.978906 0.000000 -0.204310 0.732722 0.732722 0.732722
7702.596191 0.000000 3817.172607 0.000000 0.746870 0.000000 -0.664970 0.811873 0.811873 0.811873
7666.162109 0.000000 3836.884766 0.000000 0.109744 0.000000 -0.993960 0.947634 0.947634 0.947634
7696.267090 0.000000 3757.286133 0.000000 0.806375 0.000000 0.591405 0.592731 0.592731 0.592731
7675.310059 0.000000 3833.960205 0.000000 0.436032 0.000000 0.899931 0.478903 0.478903 0.478903
7683.703125 0.000000 3834.327148 0.000000 0.200443 0.000000 -0.979705 1.073217 1.073217 1.073217
7697.811035 0.000000 3765.208008 0.000000 0.866804 0.000000 -0.498649 0.770248 0.770248 0.770248
7726.124512 0.000000 3849.596680 0.000000 0.022602 0.000000 -0.999745 0.940798 0.940798 0.940798
7698.325195 0.000000 3819.283447 0.000000 0.179326 0.000000 -0.983790 0.943001 0.943001 0.943001
7683.935547 0.000000 3818.721436 0.000000 0.825896 0.000000 -0.563823 0.929253 0.929253 0.929253
7669.284180 0.000000 3836.313477 0.000000 0.192330 0.000000 0.981330 0.485788 0.485788 0.485788
7659.070312 0.000000 3846.062256 0.000000 0.000483 0.000000 -1.000000 0.996379 0.996379 0.996379
7688.146484 0.000000 3808.801270 0.000000 0.138232 0.000000 0.990400 0.472250 0.472250 0.472250
7689.371582 0.000000 3828.889160 0.000000 0.898894 0.000000 0.438167 0.602506 0.602506 0.602506
7672.919922 0.000000 3819.570801 0.000000 0.669384 0.000000 0.742917 0.528776 0.528776 0.528776
7681.774902 0.000000 3841.257568 0.000000 0.990628 0.000000 0.136585 0.675816 0.675816 0.675816
7682.383301 0.000000 3816.875488 0.000000 0.257490 0.000000 -0.966281 0.954188 0.954188 0.954188
7669.961426 0.000000 3839.006592 0.000000 0.712294 0.000000 -0.701881 0.812854 0.812854 0.812854
7657.145020 0.000000 3840.580566 0.000000 0.829518 0.000000 0.558480 0.594375 0.594375 0.594375
7704.325684 0.000000 3804.457275 0.000000 0.999452 0.000000 -0.033105 0.704803 0.704803 0.704803
7696.854492 0.000000 3763.228027 0.000000 0.124773 0.000000 -0.992185 0.897065 0.897065 0.897065
7666.720703 0.000000 3835.365967 0.000000 0.432839 0.000000 -0.901471 0.849174 0.849174 0.849174
7701.281250 0.000000 3827.729736 0.000000 0.688251 0.000000 -0.725473 0.803554 0.803554 0.803554
7687.597168 0.000000 3829.745850 0.000000 0.926009 0.000000 0.377502 0.647234 0.647234 0.647234
7677.829102 0.000000 3837.231689 0.000000 0.506033 0.000000 -0.862514 0.865426 0.865426 0.865426
7717.540039 0.000000 3850.900879 0.000000 0.404124 0.000000 -0.914704 0.932078 0.932078 0.932078
7690.910156 0.000000 3839.817871 0.000000 0.011541 0.000000 0.999933 0.364834 0.364834 0.364834
7679.450195 0.000000 3825.757812 0.000000 0.998528 0.000000 -0.054230 0.708913 0.708913 0.708913
7680.060059 0.000000 3821.692139 0.000000 0.976961 0.000000 -0.213416 0.736458 0.736458 0.736458
7689.164062 0.000000 3805.899414 0.000000 0.249923 0.000000 -0.968266 0.955706 0.955706 0.955706
7701.663086 0.000000 3746.863525 0.000000 0.330910 0.000000 0.943662 0.497365 0.497365 0.497365
7703.360840 0.000000 3746.516602 0.000000 0.957585 0.000000 0.288151 0.647897 0.647897 0.647897
7693.146973 0.000000 3813.625977 0.000000 0.877259 0.000000 -0.480017 0.772622 0.772622 0.772622
7680.148438 0.000000 3834.817383 0.000000 0.003907 0.000000 -0.999992 1.102526 1.102526 1.102526
7679.827148 0.000000 3837.221924 0.000000 0.963650 0.000000 0.267167 0.659353 0.659353 0.659353
7684.142090 0.000000 3836.559082 0.000000 0.163183 0.000000 0.986596 0.476264 0.476264 0.476264
7697.332031 0.000000 3759.057373 0.000000 0.334560 0.000000 0.942374 0.523788 0.523788 0.523788
7673.350098 0.000000 3836.133789 0.000000 0.161488 0.000000 0.986875 0.451374 0.451374 0.451374
7686.733887 0.000000 3827.567383 0.000000 0.615050 0.000000 0.788488 0.549196 0.549196 0.549196
7666.527344 0.000000 3844.859863 0.000000 0.510094 0.000000 0.860119 0.511799 0.511799 0.511799
7712.964844 0.000000 3806.957031 0.000000 0.305519 0.000000 0.952186 0.473142 0.473142 0.473142
7690.528809 0.000000 3795.625000 0.000000 0.725151 0.000000 -0.688590 0.831409 0.831409 0.831409
7703.019531 0.000000 3825.554688 0.000000 0.879633 0.000000 -0.475653 0.777100 0.777100 0.777100
7690.689453 0.000000 3807.329590 0.000000 0.836490 0.000000 -0.547982 0.817567 0.817567 0.817567
7699.790039 0.000000 3817.421875 0.000000 0.117031 0.000000 -0.993128 0.956551 0.956551 0.956551
7684.422852 0.000000 3821.839355 0.000000 0.999132 0.000000 -0.041664 0.706045 0.706045 0.706045
7671.504395 0.000000 3838.333984 0.000000 0.962270 0.000000 -0.272096 0.750085 0.750085 0.750085
7673.713379 0.000000 3834.456787 0.000000 0.148483 0.000000 0.988915 0.411781 0.411781 0.411781
7736.258301 0.000000 3849.674805 0.000000 0.574396 0.000000 -0.818578 0.849147 0.849147 0.849147
7655.462402 0.000000 3842.616699 0.000000 0.821700 0.000000 0.569921 0.571770 0.571770 0.571770
7668.979980 0.000000 3837.711426 0.000000 0.999650 0.000000 -0.026455 0.704115 0.704115 0.704115
7688.415039 0.000000 3841.738770 0.000000 0.743130 0.000000 -0.669147 0.875509 0.875509 0.875509
7691.993652 0.000000 3811.472168 0.000000 0.131293 0.000000 0.991344 0.335327 0.335327 0.335327
7667.346680 0.000000 3837.915527 0.000000 0.256866 0.000000 0.966447 0.477762 0.477762 0.477762
7667.399902 0.000000 3842.240967 0.000000 0.362845 0.000000 -0.931849 0.922196 0.922196 0.922196
7675.689941 0.000000 3836.547852 0.000000 0.999816 0.000000 -0.019185 0.703353 0.703353 0.703353
7684.147461 0.000000 3839.685791 0.000000 0.999979 0.000000 0.006450 0.698850 0.698850 0.698850
7677.598633 0.000000 3834.755127 0.000000 0.999922 0.000000 0.012508 0.697880 0.697880 0.697880
7680.880371 0.000000 3818.968506 0.000000 0.944717 0.000000 0.327887 0.624105 0.624105 0.624105
7689.330566 0.000000 3839.027100 0.000000 0.858806 0.000000 0.512301 0.541147 0.541147 0.541147
7739.828613 0.000000 3847.652832 0.000000 0.170445 0.000000 -0.985367 0.942131 0.942131 0.942131
7703.546875 0.000000 3776.168945 0.000000 0.061501 0.000000 0.998107 0.386131 0.386131 0.386131
7688.169434 0.000000 3839.951660 0.000000 0.922740 0.000000 0.385423 0.583143 0.583143 0.583143
7664.815918 0.000000 3836.847900 0.000000 0.982323 0.000000 0.187192 0.665447 0.665447 0.665447
7680.562500 0.000000 3816.064697 0.000000 0.277974 0.000000 -0.960589 0.927536 0.927536 0.927536
7678.775391 0.000000 3841.488037 0.000000 0.177403 0.000000 -0.984138 0.962810 0.962810 0.962810
7657.499023 0.000000 3843.783691 0.000000 0.387746 0.000000 -0.921766 0.909022 0.909022 0.909022
7679.329102 0.000000 3816.746094 0.000000 0.919367 0.000000 -0.393400 0.771366 0.771366 0.771366
7672.089844 0.000000 3836.418701 0.000000 0.725379 0.000000 0.688349 0.565995 0.565995 0.565995
7702.694336 0.000000 3777.765137 0.000000 0.689094 0.000000 0.724672 0.531434 0.531434 0.531434
7696.769043 0.000000 3817.110840 0.000000 0.901939 0.000000 0.431863 0.591525 0.591525 0.591525
7694.141602 0.000000 3749.120605 0.000000 0.347113 0.000000 0.937823 0.487440 0.487440 0.487440
7694.229004 0.000000 3805.570068 0.000000 0.994667 0.000000 0.103141 0.681401 0.681401 0.681401
7710.421387 0.000000 3807.885742 0.000000 0.326173 0.000000 0.945310 0.314726 0.314726 0.314726
7681.583008 0.000000 3834.185059 0.000000 0.924216 0.000000 0.381871 0.599343 0.599343 0.599343
7690.384766 0.000000 3806.100830 0.000000 0.842534 0.000000 -0.538643 0.815312 0.815312 0.815312
7666.940918 0.000000 3846.270264 0.000000 0.341040 0.000000 0.940049 0.435024 0.435024 0.435024
7655.323242 0.000000 3844.760742 0.000000 0.695642 0.000000 -0.718388 0.872281 0.872281 0.872281
7669.560547 0.000000 3849.711914 0.000000 0.971426 0.000000 0.237342 0.645141 0.645141 0.645141
7724.565918 0.000000 3848.947021 0.000000 0.990698 0.000000 -0.136077 0.727433 0.727433 0.727433
7682.999023 0.000000 3817.936035 0.000000 0.855546 0.000000 0.517726 0.594437 0.594437 0.594437
7697.151855 0.000000 3818.845703 0.000000 0.989117 0.000000 0.147132 0.651226 0.651226 0.651226
7683.541504 0.000000 3835.513916 0.000000 0.667420 0.000000 -0.744682 0.929019 0.929019 0.929019
7690.828613 0.000000 3811.976562 0.000000 0.912157 0.000000 -0.409841 0.807006 0.807006 0.807006
7691.881836 0.000000 3832.340332 0.000000 0.077250 0.000000 0.997012 0.389414 0.389414 0.389414
7701.159180 0.000000 3744.495605 0.000000 0.492422 0.000000 -0.870356 0.941737 0.941737 0.941737
7695.239746 0.000000 3819.574463 0.000000 0.984143 0.000000 0.177377 0.651074 0.651074 0.651074
7689.885742 0.000000 3831.525146 0.000000 0.982578 0.000000 -0.185853 0.744104 0.744104 0.744104
7683.019043 0.000000 3819.696045 0.000000 0.441504 0.000000 -0.897259 1.126168 1.126168 1.126168
7691.231934 0.000000 3813.859619 0.000000 0.884854 0.000000 -0.465869 0.823649 0.823649 0.823649
7668.291504 0.000000 3849.478271 0.000000 0.036541 0.000000 -0.999332 1.051240 1.051240 1.051240
7697.974121 0.000000 3816.584473 0.000000 0.101338 0.000000 -0.994852 1.056910 1.056910 1.056910
7697.263672 0.000000 3819.852783 0.000000 0.979266 0.000000 0.202580 0.632623 0.632623 0.632623
7770.806152 0.000000 3843.181152 0.000000 0.156632 0.000000 -0.987657 0.712351 0.712351 0.712351
7743.795410 0.000000 3809.567383 0.000000 0.964479 0.000000 0.264161 0.698131 0.698131 0.698131
7806.296387 0.000000 3746.371826 0.000000 0.784651 0.000000 -0.619938 0.874113 0.874113 0.874113
7782.562500 0.000000 3805.463867 0.000000 0.474295 0.000000 0.880366 0.634147 0.634147 0.634147
7751.340332 0.000000 3784.546875 0.000000 0.431182 0.000000 -0.902265 0.961481 0.961481 0.961481
7795.515137 0.000000 3839.072754 0.000000 0.254320 0.000000 0.967120 0.564553 0.564553 0.564553
7761.460449 0.000000 3800.705811 0.000000 0.629509 0.000000 0.776993 0.690669 0.690669 0.690669
7780.793457 0.000000 3828.648926 0.000000 0.981370 0.000000 0.192126 0.683445 0.683445 0.683445
7826.163086 0.000000 3793.072754 0.000000 0.575159 0.000000 0.818042 0.641404 0.641404 0.641404
7807.539551 0.000000 3811.506348 0.000000 0.988891 0.000000 -0.148640 0.700261 0.700261 0.700261
7749.114258 0.000000 3822.037354 0.000000 0.858032 0.000000 -0.513597 0.712254 0.712254 0.712254
7760.739746 0.000000 3832.994873 0.000000 0.828909 0.000000 -0.559383 0.701037 0.701037 0.701037
7757.169922 0.000000 3846.635498 0.000000 0.795939 0.000000 0.605377 0.571593 0.571593 0.571593
7748.431152 0.000000 3797.316895 0.000000 0.814715 0.000000 -0.579861 0.819989 0.819989 0.819989
7782.958008 0.000000 3845.591064 0.000000 0.874969 0.000000 -0.484178 0.750346 0.750346 0.750346
7806.902344 0.000000 3834.022461 0.000000 0.999995 0.000000 0.003167 0.699873 0.699873 0.699873
7777.719238 0.000000 3816.746338 0.000000 0.632709 0.000000 -0.774389 0.822286 0.822286 0.822286
7773.353516 0.000000 3797.650879 0.000000 0.976219 0.000000 0.216788 0.664485 0.664485 0.664485
7769.474121 0.000000 3808.665283 0.000000 0.824097 0.000000 0.566449 0.651591 0.651591 0.651591
7827.119141 0.000000 3844.368408 0.000000 0.852253 0.000000 0.523129 0.692303 0.692303 0.692303
7771.312988 0.000000 3832.704346 0.000000 0.127168 0.000000 0.991881 0.594065 0.594065 0.594065
7791.291992 0.000000 3829.224609 0.000000 0.963951 0.000000 -0.266081 0.711767 0.711767 0.711767
7804.599609 0.000000 3824.269531 0.000000 0.799863 0.000000 -0.600183 0.762998 0.762998 0.762998
7815.893066 0.000000 3746.308838 0.000000 0.816344 0.000000 0.577566 0.690315 0.690315 0.690315
7787.047363 0.000000 3814.447021 0.000000 0.113110 0.000000 0.993582 0.496240 0.496240 0.496240
7821.372559 0.000000 3784.824707 0.000000 0.775353 0.000000 0.631528 0.692833 0.692833 0.692833
7765.208008 0.000000 3851.352783 0.000000 0.406883 0.000000 -0.913480 0.730192 0.730192 0.730192
7796.944824 0.000000 3847.932617 0.000000 0.608150 0.000000 0.793822 0.653523 0.653523 0.653523
7786.318848 0.000000 3836.864258 0.000000 0.580654 0.000000 -0.814151 0.736573 0.736573 0.736573
7745.303223 0.000000 3777.784668 0.000000 0.854862 0.000000 -0.518856 0.735273 0.735273 0.735273
7756.553711 0.000000 3793.102539 0.000000 0.271513 0.000000 0.962435 0.548274 0.548274 0.548274
7772.433594 0.000000 3824.150146 0.000000 0.953276 0.000000 0.302102 0.680692 0.680692 0.680692
7777.581543 0.000000 3838.368408 0.000000 0.896113 0.000000 0.443825 0.624457 0.624457 0.624457
7815.622070 0.000000 3834.264648 0.000000 0.942371 0.000000 0.334570 0.632035 0.632035 0.632035
7815.139648 0.000000 3790.248779 0.000000 0.094854 0.000000 0.995491 0.545255 0.545255 0.545255
7755.369629 0.000000 3838.991211 0.000000 0.822449 0.000000 -0.568839 0.780366 0.780366 0.780366
7762.825684 0.000000 3841.251221 0.000000 0.662372 0.000000 0.749175 0.482457 0.482457 0.482457
7742.791016 0.000000 3817.617920 0.000000 0.867839 0.000000 -0.496845 0.725443 0.725443 0.725443
7809.425781 0.000000 3840.712646 0.000000 0.235228 0.000000 -0.971940 0.830487 0.830487 0.830487
7753.977539 0.000000 3831.496338 0.000000 0.863078 0.000000 -0.505071 0.779574 0.779574 0.779574
7768.130371 0.000000 3802.000488 0.000000 0.998772 0.000000 0.049543 0.691772 0.691772 0.691772
7751.216797 0.000000 3768.952881 0.000000 0.994972 0.000000 0.100152 0.697020 0.697020 0.697020
7821.612793 0.000000 3847.808105 0.000000 0.143755 0.000000 -0.989613 0.737395 0.737395 0.737395
7803.165527 0.000000 3817.600342 0.000000 0.582278 0.000000 -0.812990 0.714930 0.714930 0.714930
7777.965820 0.000000 3810.435791 0.000000 0.082300 0.000000 0.996608 0.684393 0.684393 0.684393
7749.119141 0.000000 3790.651611 0.000000 0.967001 0.000000 0.254774 0.646876 0.646876 0.646876
7766.855957 0.000000 3796.014893 0.000000 0.548925 0.000000 -0.835872 0.746700 0.746700 0.746700
7766.122559 0.000000 3835.935059 0.000000 0.889403 0.000000 0.457123 0.651049 0.651049 0.651049
7778.454102 0.000000 3822.847412 0.000000 0.016218 0.000000 0.999868 0.640231 0.640231 0.640231
7827.479492 0.000000 3807.067627 0.000000 0.972449 0.000000 -0.233118 0.705756 0.705756 0.705756
7742.768066 0.000000 3783.324463 0.000000 0.998450 0.000000 0.055656 0.698735 0.698735 0.698735
7748.883789 0.000000 3828.287598 0.000000 0.394668 0.000000 -0.918824 0.773299 0.773299 0.773299
7811.054199 0.000000 3749.657715 0.000000 0.592543 0.000000 -0.805539 0.884954 0.884954 0.884954
7800.767578 0.000000 3744.557373 0.000000 0.965752 0.000000 -0.259468 0.714219 0.714219 0.714219
7820.218262 0.000000 3793.758545 0.000000 0.676121 0.000000 0.736790 0.650784 0.650784 0.650784
7742.734863 0.000000 3794.990234 0.000000 0.999296 0.000000 0.037526 0.699410 0.699410 0.699410
7778.937500 0.000000 3799.936768 0.000000 0.726839 0.000000 0.686808 0.627231 0.627231 0.627231
7782.946777 0.000000 3818.577393 0.000000 0.744048 0.000000 0.668126 0.679541 0.679541 0.679541
7817.162598 0.000000 3751.789307 0.000000 0.969013 0.000000 0.247011 0.657690 0.657690 0.657690
7785.804688 0.000000 3831.218994 0.000000 0.062938 0.000000 0.998017 0.549803 0.549803 0.549803
7787.607910 0.000000 3849.400635 0.000000 0.992976 0.000000 -0.118312 0.710984 0.710984 0.710984
7749.326172 0.000000 3774.163330 0.000000 0.161609 0.000000 0.986855 0.387399 0.387399 0.387399
7769.828613 0.000000 3848.542236 0.000000 0.049540 0.000000 -0.998772 0.928630 0.928630 0.928630
7791.458984 0.000000 3834.911865 0.000000 0.969489 0.000000 0.245135 0.667972 0.667972 0.667972
7777.553223 0.000000 3843.832764 0.000000 0.724034 0.000000 -0.689764 0.813067 0.813067 0.813067
7776.845703 0.000000 3832.703857 0.000000 0.335044 0.000000 -0.942202 0.766589 0.766589 0.766589
7761.474609 0.000000 3795.262451 0.000000 0.109055 0.000000 -0.994036 0.970738 0.970738 0.970738
7754.209961 0.000000 3797.892822 0.000000 0.646453 0.000000 -0.762954 0.759150 0.759150 0.759150
7822.676758 0.000000 3804.543213 0.000000 0.555231 0.000000 -0.831696 0.773805 0.773805 0.773805
7801.480469 0.000000 3836.067383 0.000000 0.174698 0.000000 0.984622 0.597595 0.597595 0.597595
7764.978516 0.000000 3845.987061 0.000000 0.874336 0.000000 0.485322 0.672548 0.672548 0.672548
7825.510742 0.000000 3787.931396 0.000000 0.989726 0.000000 0.142979 0.696490 0.696490 0.696490
7792.193848 0.000000 3824.136475 0.000000 0.116787 0.000000 0.993157 0.641568 0.641568 0.641568
7755.605957 0.000000 3787.779785 0.000000 0.328602 0.000000 0.944468 0.678400 0.678400 0.678400
7781.952637 0.000000 3834.403809 0.000000 0.151622 0.000000 -0.988439 0.885933 0.885933 0.885933
7820.708496 0.000000 3748.236084 0.000000 0.926296 0.000000 0.376796 0.672994 0.672994 0.672994
7773.074219 0.000000 3812.180420 0.000000 0.597454 0.000000 0.801903 0.669104 0.669104 0.669104
7782.483887 0.000000 3840.443848 0.000000 0.997775 0.000000 0.066673 0.682510 0.682510 0.682510
7816.357422 0.000000 3796.760742 0.000000 0.774709 0.000000 -0.632318 0.722730 0.722730 0.722730
7801.574707 0.000000 3846.188477 0.000000 0.969406 0.000000 0.245463 0.647992 0.647992 0.647992
7800.296387 0.000000 3821.821045 0.000000 0.853966 0.000000 -0.520329 0.762162 0.762162 0.762162
7784.558105 0.000000 3801.025879 0.000000 0.976848 0.000000 0.213933 0.689073 0.689073 0.689073
7774.961426 0.000000 3828.288086 0.000000 0.761007 0.000000 -0.648744 0.755515 0.755515 0.755515
7760.166992 0.000000 3789.474854 0.000000 0.895167 0.000000 -0.445731 0.712918 0.712918 0.712918
7746.724121 0.000000 3786.121094 0.000000 0.955898 0.000000 -0.293698 0.718233 0.718233 0.718233
7813.925781 0.000000 3838.775146 0.000000 0.485863 0.000000 -0.874035 0.750178 0.750178 0.750178
7826.247070 0.000000 3849.045898 0.000000 0.330144 0.000000 0.943930 0.497231 0.497231 0.497231
7819.734863 0.000000 3789.151123 0.000000 0.833891 0.000000 0.551929 0.604975 0.604975 0.604975
7749.339844 0.000000 3801.860840 0.000000 0.999690 0.000000 -0.024894 0.700740 0.700740 0.700740
7759.798828 0.000000 3837.559082 0.000000 0.821457 0.000000 0.570270 0.583346 0.583346 0.583346
7753.722168 0.000000 3843.448486 0.000000 0.984522 0.000000 -0.175264 0.708005 0.708005 0.708005
7749.028809 0.000000 3780.505371 0.000000 0.383608 0.000000 -0.923496 0.755541 0.755541 0.755541
7774.593750 0.000000 3820.186279 0.000000 0.244117 0.000000 0.969746 0.487100 0.487100 0.487100
7761.136230 0.000000 3849.005371 0.000000 0.826060 0.000000 0.563582 0.645592 0.645592 0.645592
7769.675781 0.000000 3828.067871 0.000000 0.364696 0.000000 0.931127 0.676980 0.676980 0.676980
7779.902832 0.000000 3848.999023 0.000000 0.960315 0.000000 0.278917 0.688638 0.688638 0.688638
7819.713379 0.000000 3836.142578 0.000000 0.004978 0.000000 -0.999988 0.765674 0.765674 0.765674
7790.509277 0.000000 3839.230225 0.000000 0.001336 0.000000 -0.999999 0.834395 0.834395 0.834395
7792.063477 0.000000 3848.247803 0.000000 0.999515 0.000000 -0.031128 0.702231 0.702231 0.702231
7752.228516 0.000000 3835.598145 0.000000 0.231929 0.000000 0.972733 0.636926 0.636926 0.636926
7795.799316 0.000000 3834.395020 0.000000 0.535740 0.000000 -0.844383 0.752711 0.752711 0.752711
7767.293945 0.000000 3840.536133 0.000000 0.641101 0.000000 0.767456 0.661778 0.661778 0.661778
7811.632324 0.000000 3744.541016 0.000000 0.991212 0.000000 -0.132283 0.702087 0.702087 0.702087
7811.529785 0.000000 3832.795166 0.000000 0.744676 0.000000 0.667426 0.660412 0.660412 0.660412
7805.784668 0.000000 3838.207520 0.000000 0.059241 0.000000 0.998244 0.546792 0.546792 0.546792
7808.933594 0.000000 3824.208984 0.000000 0.897821 0.000000 0.440362 0.672108 0.672108 0.672108
7758.712402 0.000000 3842.539551 0.000000 0.287706 0.000000 0.957719 0.657533 0.657533 0.657533
7751.832031 0.000000 3794.088623 0.000000 0.035158 0.000000 -0.999382 0.979099 0.979099 0.979099
7786.147461 0.000000 3842.678223 0.000000 0.795491 0.000000 0.605966 0.654494 0.654494 0.654494
7781.372559 0.000000 3814.440430 0.000000 0.131190 0.000000 -0.991357 0.845880 0.845880 0.845880
7744.935547 0.000000 3813.965576 0.000000 0.388472 0.000000 0.921461 0.603751 0.603751 0.603751
7795.387207 0.000000 3829.599365 0.000000 0.234537 0.000000 0.972107 0.627727 0.627727 0.627727
7820.965820 0.000000 3843.726807 0.000000 0.882214 0.000000 -0.470848 0.794243 0.794243 0.794243
7810.395996 0.000000 3814.785645 0.000000 0.981809 0.000000 -0.189869 0.706009 0.706009 0.706009
7771.192383 0.000000 3804.885498 0.000000 0.214721 0.000000 0.976675 0.666863 0.666863 0.666863
7754.039062 0.000000 3849.408203 0.000000 0.883077 0.000000 -0.469227 0.710243 0.710243 0.710243
7799.101074 0.000000 3816.874023 0.000000 0.987368 0.000000 -0.158445 0.705839 0.705839 0.705839
7756.740723 0.000000 3834.697998 0.000000 0.998973 0.000000 -0.045308 0.703168 0.703168 0.703168
7774.268066 0.000000 3840.922363 0.000000 0.378743 0.000000 0.925502 0.427252 0.427252 0.427252
7794.198242 0.000000 3844.167480 0.000000 0.916275 0.000000 -0.400549 0.710803 0.710803 0.710803
7810.291992 0.000000 3836.797363 0.000000 0.493133 0.000000 -0.869954 0.888077 0.888077 0.888077
7773.675781 0.000000 3808.203857 0.000000 0.756064 0.000000 -0.654498 0.724939 0.724939 0.724939
7746.462891 0.000000 3793.711182 0.000000 0.886000 0.000000 0.463685 0.614055 0.614055 0.614055
7744.577148 0.000000 3798.706543 0.000000 0.377146 0.000000 -0.926154 0.760009 0.760009 0.760009
7747.278320 0.000000 3770.770752 0.000000 0.990576 0.000000 -0.136965 0.706003 0.706003 0.706003
7806.520020 0.000000 3815.689209 0.000000 0.951302 0.000000 0.308260 0.649071 0.649071 0.649071
7789.825684 0.000000 3811.484131 0.000000 0.777767 0.000000 0.628553 0.666741 0.666741 0.666741
7817.736816 0.000000 3839.444092 0.000000 0.830934 0.000000 -0.556371 0.795892 0.795892 0.795892
7786.546387 0.000000 3804.381104 0.000000 0.757065 0.000000 0.653339 0.648985 0.648985 0.648985
7819.456055 0.000000 3744.572021 0.000000 0.183146 0.000000 -0.983086 0.748464 0.748464 0.748464
7774.555664 0.000000 3835.897705 0.000000 0.005737 0.000000 0.999984 0.519485 0.519485 0.519485
7806.105469 0.000000 3820.778809 0.000000 0.999669 0.000000 0.025741 0.699415 0.699415 0.699415
7822.967773 0.000000 3791.084473 0.000000 0.449351 0.000000 0.893355 0.665248 0.665248 0.665248
7773.195801 0.000000 3801.535645 0.000000 0.024443 0.000000 0.999701 0.629738 0.629738 0.629738
7774.030273 0.000000 3845.191650 0.000000 0.197337 0.000000 -0.980336 0.999745 0.999745 0.999745
7757.704102 0.000000 3830.523438 0.000000 0.541021 0.000000 -0.841009 0.740160 0.740160 0.740160
7767.879395 0.000000 3792.435547 0.000000 0.082764 0.000000 0.996569 0.647994 0.647994 0.647994
7747.434082 0.000000 3810.885254 0.000000 0.458745 0.000000 -0.888568 0.724859 0.724859 0.724859
7803.425781 0.000000 3849.904785 0.000000 0.373776 0.000000 -0.927519 0.783026 0.783026 0.783026
7799.302734 0.000000 3839.291992 0.000000 0.793386 0.000000 -0.608719 0.791496 0.791496 0.791496
7770.469238 0.000000 3795.097168 0.000000 0.217998 0.000000 0.975949 0.473340 0.473340 0.473340
7757.926758 0.000000 3796.731445 0.000000 0.342887 0.000000 0.939377 0.567725 0.567725 0.567725
7747.032715 0.000000 3825.029541 0.000000 0.935850 0.000000 0.352397 0.689930 0.689930 0.689930
7752.919434 0.000000 3790.248779 0.000000 0.292918 0.000000 0.956137 0.541984 0.541984 0.541984
7825.283203 0.000000 3801.742188 0.000000 0.846178 0.000000 -0.532901 0.722590 0.722590 0.722590
7813.581543 0.000000 3752.140381 0.000000 0.994625 0.000000 0.103546 0.695649 0.695649 0.695649
7776.838867 0.000000 3796.892822 0.000000 0.887052 0.000000 -0.461669 0.711741 0.711741 0.711741
7806.972168 0.000000 3827.250732 0.000000 0.342466 0.000000 0.939530 0.512186 0.512186 0.512186
7789.203613 0.000000 3832.176758 0.000000 0.376335 0.000000 0.926484 0.621309 0.621309 0.621309
7807.270508 0.000000 3749.709229 0.000000 0.745905 0.000000 -0.666053 0.882156 0.882156 0.882156
7750.671387 0.000000 3777.418945 0.000000 0.665483 0.000000 -0.746413 0.723562 0.723562 0.723562
7745.892578 0.000000 3774.114746 0.000000 0.945609 0.000000 0.325304 0.661784 0.661784 0.661784
7752.386719 0.000000 3772.145020 0.000000 0.992742 0.000000 -0.120266 0.705899 0.705899 0.705899
7746.054688 0.000000 3782.306152 0.000000 0.965424 0.000000 -0.260683 0.710600 0.710600 0.710600
7763.266602 0.000000 3837.847168 0.000000 0.909405 0.000000 0.415912 0.664018 0.664018 0.664018
7755.000977 0.000000 3828.060791 0.000000 0.177848 0.000000 -0.984058 0.758383 0.758383 0.758383
7786.317871 0.000000 3846.210693 0.000000 0.052326 0.000000 0.998630 0.636313 0.636313 0.636313
7778.239746 0.000000 3826.309814 0.000000 0.950557 0.000000 -0.310550 0.756839 0.756839 0.756839
7774.213867 0.000000 3815.654785 0.000000 0.989402 0.000000 0.145205 0.678609 0.678609 0.678609
7816.599121 0.000000 3793.320801 0.000000 0.566945 0.000000 0.823756 0.464858 0.464858 0.464858
7823.964355 0.000000 3845.318115 0.000000 0.688560 0.000000 0.725179 0.544041 0.544041 0.544041
7800.186035 0.000000 3849.221436 0.000000 0.344391 0.000000 -0.938826 0.974856 0.974856 0.974856
7768.165039 0.000000 3845.260010 0.000000 0.346372 0.000000 -0.938097 0.753174 0.753174 0.753174
7779.560547 0.000000 3819.737305 0.000000 0.861554 0.000000 0.507665 0.566933 0.566933 0.566933
7823.355957 0.000000 3794.907471 0.000000 0.938943 0.000000 -0.344072 0.760770 0.760770 0.760770
7781.391113 0.000000 3802.308838 0.000000 0.743254 0.000000 0.669010 0.641085 0.641085 0.641085
7778.798340 0.000000 3835.279785 0.000000 0.969937 0.000000 -0.243358 0.726635 0.726635 0.726635
7750.731445 0.000000 3787.770264 0.000000 0.972332 0.000000 0.233604 0.645197 0.645197 0.645197
7758.039551 0.000000 3849.908203 0.000000 0.580236 0.000000 0.814448 0.510382 0.510382 0.510382
7778.257812 0.000000 3803.090576 0.000000 0.236153 0.000000 -0.971716 0.781496 0.781496 0.781496
7769.351074 0.000000 3835.253662 0.000000 0.829753 0.000000 -0.558131 0.725870 0.725870 0.725870
7777.130859 0.000000 3813.510986 0.000000 0.950527 0.000000 0.310642 0.681232 0.681232 0.681232
7786.387207 0.000000 3811.320312 0.000000 0.177601 0.000000 0.984103 0.656205 0.656205 0.656205
7751.023926 0.000000 3799.198486 0.000000 0.988480 0.000000 0.151355 0.695752 0.695752 0.695752
7779.863281 0.000000 3831.645264 0.000000 0.246092 0.000000 -0.969246 0.901019 0.901019 0.901019
7781.186035 0.000000 3837.460205 0.000000 0.780692 0.000000 0.624916 0.620963 0.620963 0.620963
7746.143555 0.000000 3789.650391 0.000000 0.049716 0.000000 -0.998763 0.771771 0.771771 0.771771
7768.054688 0.000000 3805.537109 0.000000 0.788500 0.000000 0.615035 0.634014 0.634014 0.634014
7780.684082 0.000000 3843.316406 0.000000 0.486171 0.000000 -0.873863 0.809613 0.809613 0.809613
7790.065918 0.000000 3815.614746 0.000000 0.673253 0.000000 -0.739412 0.746539 0.746539 0.746539
7814.311523 0.000000 3749.059570 0.000000 0.668460 0.000000 -0.743748 0.758625 0.758625 0.758625
7765.173828 0.000000 3802.987549 0.000000 0.676385 0.000000 0.736548 0.665274 0.665274 0.665274
7793.929688 0.000000 3826.755615 0.000000 0.576234 0.000000 0.817285 0.557890 0.557890 0.557890
7784.187988 0.000000 3815.682617 0.000000 0.020361 0.000000 0.999793 0.494077 0.494077 0.494077
7759.694824 0.000000 3792.607422 0.000000 0.702124 0.000000 0.712055 0.603063 0.603063 0.603063
7828.348633 0.000000 3786.413330 0.000000 0.862255 0.000000 0.506475 0.619253 0.619253 0.619253
7751.979492 0.000000 3829.000244 0.000000 0.185692 0.000000 -0.982608 0.898333 0.898333 0.898333
7827.938965 0.000000 3790.401855 0.000000 0.872150 0.000000 -0.489239 0.792020 0.792020 0.792020
7781.382812 0.000000 3825.580322 0.000000 0.370634 0.000000 -0.928779 0.779099 0.779099 0.779099
7809.548340 0.000000 3746.906250 0.000000 0.558777 0.000000 -0.829318 0.896528 0.896528 0.896528
7784.700684 0.000000 3807.859131 0.000000 0.784153 0.000000 0.620568 0.660222 0.660222 0.660222
7803.170410 0.000000 3746.647461 0.000000 0.419342 0.000000 -0.907829 0.753700 0.753700 0.753700
7775.575195 0.000000 3823.942139 0.000000 0.536529 0.000000 0.843882 0.577121 0.577121 0.577121
7774.012207 0.000000 3831.164062 0.000000 0.138297 0.000000 -0.990391 0.780084 0.780084 0.780084
7752.520996 0.000000 3840.440674 0.000000 0.359137 0.000000 0.933285 0.613771 0.613771 0.613771
7797.994141 0.000000 3836.499756 0.000000 0.108891 0.000000 -0.994054 0.947779 0.947779 0.947779
7743.817871 0.000000 3792.099609 0.000000 0.695518 0.000000 -0.718509 0.754637 0.754637 0.754637
7775.826172 0.000000 3799.813477 0.000000 0.243024 0.000000 0.970020 0.512396 0.512396 0.512396
7766.713867 0.000000 3848.648926 0.000000 0.172118 0.000000 0.985076 0.519233 0.519233 0.519233
7770.488281 0.000000 3813.922607 0.000000 0.155155 0.000000 -0.987890 0.754403 0.754403 0.754403
7827.360840 0.000000 3803.962646 0.000000 0.998372 0.000000 0.057042 0.698005 0.698005 0.698005
7777.786621 0.000000 3829.500000 0.000000 0.528773 0.000000 0.848763 0.607886 0.607886 0.607886
7803.159668 0.000000 3820.580078 0.000000 0.841794 0.000000 0.539799 0.586402 0.586402 0.586402
7782.833496 0.000000 3830.799316 0.000000 0.704006 0.000000 0.710194 0.655834 0.655834 0.655834
7821.306641 0.000000 3797.061279 0.000000 0.705314 0.000000 -0.708895 0.763341 0.763341 0.763341
7820.093262 0.000000 3751.140625 0.000000 0.352037 0.000000 -0.935986 0.799471 0.799471 0.799471
7777.740723 0.000000 3846.985596 0.000000 0.399882 0.000000 -0.916566 0.827648 0.827648 0.827648
7812.928223 0.000000 3835.356934 0.000000 0.267334 0.000000 0.963604 0.522772 0.522772 0.522772
7764.048828 0.000000 3796.718262 0.000000 0.526740 0.000000 0.850026 0.636078 0.636078 0.636078
7743.290039 0.000000 3786.212646 0.000000 0.483284 0.000000 -0.875464 0.744727 0.744727 0.744727
7786.890625 0.000000 3834.014648 0.000000 0.869404 0.000000 0.494102 0.627748 0.627748 0.627748
7817.621582 0.000000 3748.807373 0.000000 0.373883 0.000000 -0.927476 0.799621 0.799621 0.799621
7765.247070 0.000000 3842.855225 0.000000 0.316355 0.000000 -0.948641 0.824407 0.824407 0.824407
7793.534180 0.000000 3836.924072 0.000000 0.999941 0.000000 0.010867 0.697854 0.697854 0.697854
7778.807129 0.000000 3841.002686 0.000000 0.512771 0.000000 0.858525 0.633245 0.633245 0.633245
7746.660645 0.000000 3800.747314 0.000000 0.974072 0.000000 0.226239 0.690029 0.690029 0.690029
7791.812988 0.000000 3851.157471 0.000000 0.830473 0.000000 -0.557059 0.772278 0.772278 0.772278
7804.307129 0.000000 3835.711670 0.000000 0.952901 0.000000 -0.303281 0.717770 0.717770 0.717770
7789.401367 0.000000 3847.049561 0.000000 0.985642 0.000000 -0.168848 0.713935 0.713935 0.713935
7772.361816 0.000000 3827.101318 0.000000 0.993746 0.000000 -0.111660 0.706649 0.706649 0.706649
7782.351074 0.000000 3799.202393 0.000000 0.944783 0.000000 -0.327696 0.712252 0.712252 0.712252
7760.478516 0.000000 3797.953613 0.000000 0.909337 0.000000 -0.416060 0.810236 0.810236 0.810236
7748.802734 0.000000 3783.391113 0.000000 0.440064 0.000000 -0.897967 0.848107 0.848107 0.848107
7816.134766 0.000000 3837.066162 0.000000 0.500977 0.000000 -0.865460 0.849904 0.849904 0.849904
7747.973145 0.000000 3776.590820 0.000000 0.438627 0.000000 0.898669 0.479472 0.479472 0.479472
7789.221191 0.000000 3836.654541 0.000000 0.800040 0.000000 0.599947 0.622413 0.622413 0.622413
7769.783691 0.000000 3824.998291 0.000000 0.573505 0.000000 -0.819202 0.773819 0.773819 0.773819
7822.441895 0.000000 3801.576904 0.000000 0.836971 0.000000 0.547248 0.674701 0.674701 0.674701
7780.509277 0.000000 3817.064209 0.000000 0.179739 0.000000 0.983714 0.425492 0.425492 0.425492
7802.969727 0.000000 3838.364502 0.000000 0.356928 0.000000 0.934132 0.651533 0.651533 0.651533
7768.245117 0.000000 3837.830566 0.000000 0.839062 0.000000 -0.544036 0.741216 0.741216 0.741216
7798.873535 0.000000 3845.670410 0.000000 0.768807 0.000000 0.639481 0.653924 0.653924 0.653924
7800.899902 0.000000 3843.416748 0.000000 0.292881 0.000000 -0.956149 0.784575 0.784575 0.784575
7817.177734 0.000000 3788.284424 0.000000 0.028245 0.000000 0.999601 0.457384 0.457384 0.457384
7758.375488 0.000000 3839.843750 0.000000 0.803789 0.000000 0.594915 0.628737 0.628737 0.628737
7783.802734 0.000000 3838.066406 0.000000 0.461243 0.000000 -0.887274 0.812532 0.812532 0.812532
7745.257324 0.000000 3796.122559 0.000000 0.775892 0.000000 0.630865 0.627226 0.627226 0.627226
7819.893066 0.000000 3841.055420 0.000000 0.342294 0.000000 0.939593 0.595406 0.595406 0.595406
7754.351562 0.000000 3795.101562 0.000000 0.240233 0.000000 0.970715 0.361116 0.361116 0.361116
7751.940918 0.000000 3774.783447 0.000000 0.738608 0.000000 -0.674135 0.740078 0.740078 0.740078
7753.819336 0.000000 3785.685303 0.000000 0.997692 0.000000 -0.067903 0.707838 0.707838 0.707838
7749.039062 0.000000 3794.521729 0.000000 0.450625 0.000000 0.892713 0.541891 0.541891 0.541891
7769.561523 0.000000 3811.391357 0.000000 0.226795 0.000000 0.973943 0.587427 0.587427 0.587427
7798.458496 0.000000 3819.630859 0.000000 0.460852 0.000000 0.887477 0.591239 0.591239 0.591239
7756.105957 0.000000 3842.210205 0.000000 0.725789 0.000000 0.687917 0.604546 0.604546 0.604546
7784.144043 0.000000 3813.038086 0.000000 0.165420 0.000000 -0.986223 0.857099 0.857099 0.857099
7794.366699 0.000000 3846.862549 0.000000 0.557192 0.000000 -0.830383 0.813010 0.813010 0.813010
7771.644043 0.000000 3830.021484 0.000000 0.710989 0.000000 -0.703203 0.746339 0.746339 0.746339
7743.085938 0.000000 3812.095215 0.000000 0.905229 0.000000 -0.424923 0.721475 0.721475 0.721475
7818.557129 0.000000 3791.491699 0.000000 0.362042 0.000000 -0.932162 0.773419 0.773419 0.773419
7818.840820 0.000000 3796.025146 0.000000 0.909562 0.000000 -0.415568 0.731456 0.731456 0.731456
7751.918457 0.000000 3796.698242 0.000000 0.841785 0.000000 -0.539813 0.737867 0.737867 0.737867
7749.730957 0.000000 3825.792725 0.000000 0.702940 0.000000 -0.711249 0.773289 0.773289 0.773289
7804.792480 0.000000 3748.796875 0.000000 0.978982 0.000000 -0.203948 0.714716 0.714716 0.714716
7794.143555 0.000000 3849.796875 0.000000 0.829608 0.000000 0.558346 0.609933 0.609933 0.609933
7780.285645 0.000000 3845.911377 0.000000 0.430430 0.000000 -0.902624 0.849528 0.849528 0.849528
7772.002441 0.000000 3835.237549 0.000000 0.709830 0.000000 -0.704373 0.761461 0.761461 0.761461
7784.367676 0.000000 3833.468262 0.000000 0.692773 0.000000 -0.721156 0.843578 0.843578 0.843578
7783.480469 0.000000 3842.996582 0.000000 0.038055 0.000000 0.999276 0.341071 0.341071 0.341071
7808.097656 0.000000 3744.474854 0.000000 0.750008 0.000000 -0.661429 0.739154 0.739154 0.739154
7754.321289 0.000000 3833.983643 0.000000 0.548613 0.000000 -0.836076 0.874757 0.874757 0.874757
7754.733887 0.000000 3836.508789 0.000000 0.235378 0.000000 0.971904 0.627774 0.627774 0.627774
7754.092773 0.000000 3792.472656 0.000000 0.292664 0.000000 0.956215 0.526368 0.526368 0.526368
7800.917969 0.000000 3818.830566 0.000000 0.870848 0.000000 0.491553 0.604808 0.604808 0.604808
7759.275391 0.000000 3835.084961 0.000000 0.433876 0.000000 0.900972 0.615686 0.615686 0.615686
7819.276367 0.000000 3786.480469 0.000000 0.536144 0.000000 0.844126 0.577066 0.577066 0.577066
7774.915039 0.000000 3838.449707 0.000000 0.944989 0.000000 -0.327103 0.739600 0.739600 0.739600
7765.779297 0.000000 3838.375977 0.000000 0.176764 0.000000 0.984253 0.437068 0.437068 0.437068
7749.779297 0.000000 3771.118652 0.000000 0.488663 0.000000 -0.872473 0.785231 0.785231 0.785231
7811.417969 0.000000 3839.190186 0.000000 0.994233 0.000000 -0.107242 0.715585 0.715585 0.715585
7771.789062 0.000000 3809.894287 0.000000 0.318091 0.000000 0.948060 0.540905 0.540905 0.540905
7748.314941 0.000000 3788.270020 0.000000 0.005066 0.000000 -0.999987 0.959943 0.959943 0.959943
7825.421875 0.000000 3790.486084 0.000000 0.970475 0.000000 -0.241201 0.714900 0.714900 0.714900
7777.022949 0.000000 3820.636963 0.000000 0.556631 0.000000 0.830760 0.511520 0.511520 0.511520
7807.788574 0.000000 3836.413818 0.000000 0.795610 0.000000 0.605809 0.604467 0.604467 0.604467
7757.338867 0.000000 3837.513672 0.000000 0.904444 0.000000 0.426593 0.653788 0.653788 0.653788
7746.702637 0.000000 3779.758545 0.000000 0.998497 0.000000 0.054805 0.689843 0.689843 0.689843
7784.168457 0.000000 3803.489258 0.000000 0.994171 0.000000 -0.107816 0.715858 0.715858 0.715858
7742.317871 0.000000 3815.221924 0.000000 0.291861 0.000000 -0.956461 0.769053 0.769053 0.769053
7809.631836 0.000000 3834.287598 0.000000 0.404884 0.000000 -0.914368 0.766548 0.766548 0.766548
7825.067383 0.000000 3804.979492 0.000000 0.725921 0.000000 0.687778 0.539626 0.539626 0.539626
7761.919434 0.000000 3851.397461 0.000000 0.929160 0.000000 -0.369677 0.766174 0.766174 0.766174
7754.975098 0.000000 3845.568848 0.000000 0.999999 0.000000 0.001062 0.699861 0.699861 0.699861
7760.986328 0.000000 3839.687256 0.000000 0.834670 0.000000 0.550750 0.552202 0.552202 0.552202
7759.640625 0.000000 3846.495605 0.000000 0.601682 0.000000 -0.798735 0.788927 0.788927 0.788927
7804.281250 0.000000 3744.552979 0.000000 0.493336 0.000000 -0.869839 0.864070 0.864070 0.864070
7768.385742 0.000000 3850.490234 0.000000 0.288779 0.000000 -0.957396 0.932247 0.932247 0.932247
7806.732910 0.000000 3823.184814 0.000000 0.904480 0.000000 -0.426515 0.742353 0.742353 0.742353
7773.840820 0.000000 3833.578369 0.000000 0.608906 0.000000 -0.793242 0.850493 0.850493 0.850493
7749.075684 0.000000 3785.761475 0.000000 0.750241 0.000000 -0.661165 0.874211 0.874211 0.874211
7828.314941 0.000000 3850.196045 0.000000 0.787229 0.000000 0.616661 0.623357 0.623357 0.623357
7826.073242 0.000000 3846.558350 0.000000 0.457581 0.000000 0.889168 0.627248 0.627248 0.627248
7752.103027 0.000000 3833.124023 0.000000 0.863623 0.000000 0.504139 0.668604 0.668604 0.668604
7782.012695 0.000000 3847.780029 0.000000 0.406007 0.000000 0.913870 0.625465 0.625465 0.625465
7808.090332 0.000000 3838.782715 0.000000 0.995074 0.000000 0.099132 0.685597 0.685597 0.685597
7752.186523 0.000000 3838.132812 0.000000 0.910386 0.000000 -0.413761 0.777531 0.777531 0.777531
7784.838379 0.000000 3840.156738 0.000000 0.819848 0.000000 0.572582 0.588131 0.588131 0.588131
7789.960938 0.000000 3849.632812 0.000000 0.978665 0.000000 0.205463 0.660943 0.660943 0.660943
7772.895996 0.000000 3821.869873 0.000000 0.479263 0.000000 0.877672 0.623263 0.623263 0.623263
7744.835449 0.000000 3784.448975 0.000000 0.982911 0.000000 -0.184080 0.728795 0.728795 0.728795
7775.338867 0.000000 3843.116699 0.000000 0.831392 0.000000 -0.555686 0.846211 0.846211 0.846211
7762.949707 0.000000 3798.819824 0.000000 0.989959 0.000000 0.141357 0.690085 0.690085 0.690085
7797.764648 0.000000 3850.154785 0.000000 0.257564 0.000000 0.966261 0.450406 0.450406 0.450406
7818.538086 0.000000 3746.646729 0.000000 0.772626 0.000000 -0.634862 0.792557 0.792557 0.792557
7774.522949 0.000000 3825.964355 0.000000 0.990122 0.000000 0.140210 0.690658 0.690658 0.690658
7751.019043 0.000000 3791.945068 0.000000 0.782682 0.000000 -0.622422 0.845587 0.845587 0.845587
7776.467773 0.000000 3840.348877 0.000000 0.446189 0.000000 -0.894939 0.862694 0.862694 0.862694
7813.858398 0.000000 3832.749512 0.000000 0.875236 0.000000 -0.483696 0.728234 0.728234 0.728234
7818.667480 0.000000 3843.005127 0.000000 0.690781 0.000000 0.723064 0.649152 0.649152 0.649152
7758.380859 0.000000 3794.489502 0.000000 0.996457 0.000000 -0.084100 0.716774 0.716774 0.716774
7756.956055 0.000000 3844.346680 0.000000 0.816521 0.000000 -0.577316 0.795722 0.795722 0.795722
7809.179199 0.000000 3826.468994 0.000000 0.884509 0.000000 -0.466523 0.749196 0.749196 0.749196
7779.055176 0.000000 3814.667236 0.000000 0.608853 0.000000 -0.793283 0.816881 0.816881 0.816881
7825.556641 0.000000 3795.426758 0.000000 0.993675 0.000000 -0.112295 0.708063 0.708063 0.708063
7748.666016 0.000000 3799.584229 0.000000 0.357436 0.000000 -0.933938 0.836911 0.836911 0.836911
7745.084961 0.000000 3787.692139 0.000000 0.826469 0.000000 0.562982 0.651928 0.651928 0.651928
7776.779785 0.000000 3836.241699 0.000000 0.243221 0.000000 0.969971 0.568003 0.568003 0.568003
7803.432617 0.000000 3847.680664 0.000000 0.654468 0.000000 0.756089 0.640071 0.640071 0.640071
7756.298828 0.000000 3798.703613 0.000000 0.530884 0.000000 0.847444 0.624016 0.624016 0.624016
7814.528809 0.000000 3792.411621 0.000000 0.867094 0.000000 -0.498145 0.758323 0.758323 0.758323
7789.085938 0.000000 3813.638672 0.000000 0.272457 0.000000 -0.962168 0.914972 0.914972 0.914972
7755.997559 0.000000 3832.536133 0.000000 0.957341 0.000000 0.288959 0.648259 0.648259 0.648259
7759.337402 0.000000 3799.907715 0.000000 0.401353 0.000000 0.915924 0.459220 0.459220 0.459220
7745.267578 0.000000 3811.241943 0.000000 0.768344 0.000000 0.640038 0.655090 0.655090 0.655090
7773.047363 0.000000 3843.056396 0.000000 0.628095 0.000000 -0.778137 0.781032 0.781032 0.781032
7753.294434 0.000000 3787.806641 0.000000 0.974820 0.000000 -0.222994 0.724366 0.724366 0.724366
7772.093750 0.000000 3799.518066 0.000000 0.915542 0.000000 0.402222 0.666724 0.666724 0.666724
7789.010742 0.000000 3834.485352 0.000000 0.591812 0.000000 0.806076 0.511590 0.511590 0.511590
7756.109863 0.000000 3848.560791 0.000000 0.995289 0.000000 0.096948 0.690837 0.690837 0.690837
7791.295898 0.000000 3837.190186 0.000000 0.580939 0.000000 0.813947 0.513878 0.513878 0.513878
7747.149902 0.000000 3791.649902 0.000000 0.328543 0.000000 0.944489 0.596316 0.596316 0.596316
7768.957520 0.000000 3796.810059 0.000000 0.845334 0.000000 -0.534238 0.744323 0.744323 0.744323
7764.930176 0.000000 3840.498047 0.000000 0.819915 0.000000 0.572486 0.602000 0.602000 0.602000
7746.720703 0.000000 3798.550293 0.000000 0.870274 0.000000 -0.492569 0.779207 0.779207 0.779207
7779.628418 0.000000 3838.961670 0.000000 0.602747 0.000000 -0.797933 0.816245 0.816245 0.816245
7747.657227 0.000000 3772.845215 0.000000 0.839216 0.000000 -0.543799 0.804498 0.804498 0.804498
7775.020020 0.000000 3813.666504 0.000000 0.335965 0.000000 -0.941875 0.830926 0.830926 0.830926
7795.596680 0.000000 3836.552246 0.000000 0.954711 0.000000 -0.297533 0.751740 0.751740 0.751740
7771.281250 0.000000 3797.080811 0.000000 0.593909 0.000000 0.804532 0.601972 0.601972 0.601972
7792.674316 0.000000 3839.012207 0.000000 0.070210 0.000000 -0.997532 0.859960 0.859960 0.859960
7772.558594 0.000000 3795.421143 0.000000 0.462581 0.000000 -0.886577 0.831423 0.831423 0.831423
7744.541504 0.000000 3775.799805 0.000000 0.636600 0.000000 -0.771194 0.801582 0.801582 0.801582
7793.541504 0.000000 3834.436523 0.000000 0.462816 0.000000 -0.886455 0.785690 0.785690 0.785690
7769.846191 0.000000 3803.255371 0.000000 0.943505 0.000000 0.331359 0.643928 0.643928 0.643928
7791.952637 0.000000 3812.219727 0.000000 0.815864 0.000000 -0.578243 0.756031 0.756031 0.756031
7784.967285 0.000000 3805.702637 0.000000 0.308389 0.000000 -0.951260 0.935104 0.935104 0.935104
7776.107910 0.000000 3845.532471 0.000000 0.756363 0.000000 0.654152 0.546725 0.546725 0.546725
7820.705078 0.000000 3845.915039 0.000000 0.969375 0.000000 -0.245586 0.721247 0.721247 0.721247
7768.372559 0.000000 3794.493652 0.000000 0.809606 0.000000 -0.586974 0.827169 0.827169 0.827169
7793.308105 0.000000 3829.720947 0.000000 0.694399 0.000000 -0.719590 0.816505 0.816505 0.816505
7804.537109 0.000000 3822.131104 0.000000 0.712241 0.000000 -0.701935 0.855019 0.855019 0.855019
7767.100098 0.000000 3803.758301 0.000000 0.960486 0.000000 -0.278327 0.740419 0.740419 0.740419
7747.318359 0.000000 3795.641357 0.000000 0.990488 0.000000 -0.137600 0.726536 0.726536 0.726536
7823.794922 0.000000 3792.920898 0.000000 0.239948 0.000000 0.970786 0.544450 0.544450 0.544450
7815.351562 0.000000 3750.833496 0.000000 0.661314 0.000000 0.750109 0.560659 0.560659 0.560659
7750.212402 0.000000 3830.050781 0.000000 0.997544 0.000000 0.070040 0.694120 0.694120 0.694120
7754.564453 0.000000 3840.885254 0.000000 0.999245 0.000000 0.038861 0.692256 0.692256 0.692256
7812.365723 0.000000 3837.388184 0.000000 0.998114 0.000000 0.061380 0.694204 0.694204 0.694204
7806.574219 0.000000 3825.268555 0.000000 0.733132 0.000000 0.680087 0.560153 0.560153 0.560153
7819.361816 0.000000 3797.998047 0.000000 0.240456 0.000000 0.970660 0.602530 0.602530 0.602530
7827.803711 0.000000 3788.353516 0.000000 0.059572 0.000000 -0.998224 1.019552 1.019552 1.019552
7775.828125 0.000000 3834.391602 0.000000 0.833566 0.000000 -0.552420 0.767505 0.767505 0.767505
7799.859863 0.000000 3837.332031 0.000000 0.281617 0.000000 -0.959527 0.870711 0.870711 0.870711
7768.189453 0.000000 3847.276123 0.000000 0.839044 0.000000 0.544063 0.634653 0.634653 0.634653
7752.001953 0.000000 3831.008057 0.000000 0.630641 0.000000 -0.776075 0.833522 0.833522 0.833522
7755.435547 0.000000 3830.010742 0.000000 0.990032 0.000000 0.140843 0.679997 0.679997 0.679997
7777.693848 0.000000 3818.716064 0.000000 0.465289 0.000000 -0.885159 0.842450 0.842450 0.842450
7750.951172 0.000000 3789.771240 0.000000 0.991993 0.000000 -0.126290 0.721244 0.721244 0.721244
7776.225586 0.000000 3815.460449 0.000000 0.301656 0.000000 -0.953417 0.923168 0.923168 0.923168
7797.429199 0.000000 3838.692871 0.000000 0.619777 0.000000 -0.784778 0.791461 0.791461 0.791461
7746.948730 0.000000 3784.159668 0.000000 0.495651 0.000000 0.868522 0.582315 0.582315 0.582315
7801.338379 0.000000 3839.591309 0.000000 0.224750 0.000000 0.974416 0.594297 0.594297 0.594297
7774.943359 0.000000 3796.521484 0.000000 0.168983 0.000000 0.985619 0.545753 0.545753 0.545753
7775.446777 0.000000 3821.922607 0.000000 0.894472 0.000000 -0.447124 0.774528 0.774528 0.774528
7778.609375 0.000000 3798.012695 0.000000 0.595033 0.000000 -0.803701 0.789724 0.789724 0.789724
7776.445801 0.000000 3827.039551 0.000000 0.686608 0.000000 -0.727028 0.833715 0.833715 0.833715
7818.919922 0.000000 3752.791504 0.000000 0.960168 0.000000 0.279423 0.676740 0.676740 0.676740
7761.547852 0.000000 3793.216309 0.000000 0.124436 0.000000 0.992228 0.500361 0.500361 0.500361
7780.750977 0.000000 3841.306885 0.000000 0.134290 0.000000 -0.990942 0.868150 0.868150 0.868150
7780.117188 0.000000 3833.562744 0.000000 0.000940 0.000000 -1.000000 0.881068 0.881068 0.881068
7807.727539 0.000000 3747.718018 0.000000 0.170547 0.000000 0.985350 0.335607 0.335607 0.335607
7750.680664 0.000000 3827.527100 0.000000 0.410391 0.000000 0.911910 0.583648 0.583648 0.583648
7786.052734 0.000000 3848.210449 0.000000 0.249471 0.000000 0.968382 0.577863 0.577863 0.577863
7744.667480 0.000000 3779.705322 0.000000 0.131745 0.000000 0.991284 0.546634 0.546634 0.546634
7826.440430 0.000000 3786.079346 0.000000 0.906877 0.000000 -0.421396 0.747131 0.747131 0.747131
7795.926270 0.000000 3850.758057 0.000000 0.499940 0.000000 -0.866060 0.809811 0.809811 0.809811
7759.749512 0.000000 3796.194580 0.000000 0.640034 0.000000 -0.768347 0.906729 0.906729 0.906729
7744.632812 0.000000 3794.335938 0.000000 0.348796 0.000000 -0.937199 0.848572 0.848572 0.848572
7780.797852 0.000000 3800.319336 0.000000 0.198208 0.000000 -0.980160 0.970794 0.970794 0.970794
7814.233887 0.000000 3836.821777 0.000000 0.953614 0.000000 -0.301033 0.743818 0.743818 0.743818
7759.275879 0.000000 3848.364014 0.000000 0.997120 0.000000 -0.075834 0.715123 0.715123 0.715123
7779.166504 0.000000 3824.656250 0.000000 0.865958 0.000000 -0.500116 0.747594 0.747594 0.747594
7766.340820 0.000000 3844.412109 0.000000 0.801264 0.000000 0.598311 0.619296 0.619296 0.619296
7799.859375 0.000000 3847.310791 0.000000 0.998441 0.000000 -0.055822 0.705173 0.705173 0.705173
7759.868652 0.000000 3850.462646 0.000000 0.184905 0.000000 0.982756 0.385388 0.385388 0.385388
7801.560547 0.000000 3850.713379 0.000000 0.960457 0.000000 0.278427 0.634419 0.634419 0.634419
7809.313477 0.000000 3748.867676 0.000000 0.404702 0.000000 -0.914448 0.911781 0.911781 0.911781
7816.621582 0.000000 3791.399902 0.000000 0.582957 0.000000 0.812503 0.492817 0.492817 0.492817
7781.844727 0.000000 3832.458984 0.000000 0.273897 0.000000 0.961759 0.550824 0.550824 0.550824
7823.972656 0.000000 3803.186523 0.000000 0.632052 0.000000 -0.774926 0.827051 0.827051 0.827051
7791.024414 0.000000 3813.930664 0.000000 0.824818 0.000000 0.565398 0.645392 0.645392 0.645392
7818.278809 0.000000 3794.121826 0.000000 0.287228 0.000000 -0.957862 0.983968 0.983968 0.983968
7777.596680 0.000000 3801.267090 0.000000 0.011123 0.000000 -0.999938 0.953486 0.953486 0.953486
7774.000977 0.000000 3799.485596 0.000000 0.720900 0.000000 0.693040 0.591612 0.591612 0.591612
7780.016602 0.000000 3826.882324 0.000000 0.678260 0.000000 -0.734822 0.793760 0.793760 0.793760
7762.145020 0.000000 3797.095703 0.000000 0.312205 0.000000 -0.950015 1.013201 1.013201 1.013201
7811.326172 0.000000 3841.014404 0.000000 0.715927 0.000000 -0.698175 0.767531 0.767531 0.767531
7751.844727 0.000000 3786.293701 0.000000 0.349867 0.000000 0.936799 0.417979 0.417979 0.417979
7812.915039 0.000000 3750.343262 0.000000 0.718223 0.000000 0.695813 0.587032 0.587032 0.587032
7822.862793 0.000000 3843.802246 0.000000 0.946713 0.000000 0.322077 0.666189 0.666189 0.666189
7778.065918 0.000000 3831.353271 0.000000 0.967717 0.000000 0.252038 0.661262 0.661262 0.661262
7779.535156 0.000000 3801.686523 0.000000 0.826714 0.000000 -0.562623 0.812782 0.812782 0.812782
7750.516602 0.000000 3836.290771 0.000000 0.059439 0.000000 0.998232 0.544171 0.544171 0.544171
7763.196289 0.000000 3794.629395 0.000000 0.606511 0.000000 -0.795075 0.831713 0.831713 0.831713
7750.921387 0.000000 3773.223389 0.000000 0.117877 0.000000 0.993028 0.471524 0.471524 0.471524
7780.623047 0.000000 3835.678955 0.000000 0.399640 0.000000 -0.916672 0.851997 0.851997 0.851997
7792.445312 0.000000 3827.816895 0.000000 0.672165 0.000000 0.740401 0.576163 0.576163 0.576163
7756.667480 0.000000 3840.505127 0.000000 0.975074 0.000000 0.221880 0.680059 0.680059 0.680059
7788.071777 0.000000 3812.145264 0.000000 0.999929 0.000000 0.011952 0.698016 0.698016 0.698016
7756.540527 0.000000 3794.990234 0.000000 0.662525 0.000000 0.749039 0.469194 0.469194 0.469194
7771.303223 0.000000 3811.980713 0.000000 0.520812 0.000000 -0.853671 0.839446 0.839446 0.839446
7778.617188 0.000000 3845.282715 0.000000 0.999983 0.000000 0.005743 0.699287 0.699287 0.699287
7821.509766 0.000000 3795.066895 0.000000 0.792783 0.000000 -0.609504 0.834015 0.834015 0.834015
7801.853516 0.000000 3848.533691 0.000000 0.216239 0.000000 -0.976341 1.004981 1.004981 1.004981
7753.712891 0.000000 3829.480713 0.000000 0.696785 0.000000 0.717280 0.609138 0.609138 0.609138
7819.398926 0.000000 3749.489502 0.000000 0.985269 0.000000 0.171009 0.664561 0.664561 0.664561
7748.627441 0.000000 3792.757568 0.000000 0.935758 0.000000 0.352643 0.623162 0.623162 0.623162
7781.187988 0.000000 3818.914795 0.000000 0.933128 0.000000 0.359544 0.650510 0.650510 0.650510
7744.428223 0.000000 3790.372803 0.000000 0.981898 0.000000 -0.189410 0.717317 0.717317 0.717317
7779.920898 0.000000 3821.588867 0.000000 0.563177 0.000000 -0.826336 0.798580 0.798580 0.798580
7787.674805 0.000000 3835.728271 0.000000 0.096189 0.000000 -0.995363 0.906139 0.906139 0.906139
7785.953613 0.000000 3813.058594 0.000000 0.150383 0.000000 -0.988628 0.858802 0.858802 0.858802
7776.752441 0.000000 3842.092041 0.000000 0.950090 0.000000 0.311976 0.652871 0.652871 0.652871
7766.292969 0.000000 3805.501465 0.000000 0.202498 0.000000 0.979283 0.554286 0.554286 0.554286
7802.133789 0.000000 3822.062256 0.000000 0.087384 0.000000 0.996175 0.557429 0.557429 0.557429
7770.644043 0.000000 3826.573486 0.000000 0.652375 0.000000 0.757896 0.605307 0.605307 0.605307
7747.584473 0.000000 3774.750244 0.000000 0.766671 0.000000 -0.642040 0.885187 0.885187 0.885187
7749.680664 0.000000 3775.905518 0.000000 0.981041 0.000000 -0.193799 0.743286 0.743286 0.743286
7782.760254 0.000000 3800.906250 0.000000 0.996723 0.000000 0.080887 0.689245 0.689245 0.689245
7746.283203 0.000000 3775.923340 0.000000 0.962568 0.000000 0.271041 0.627091 0.627091 0.627091
7802.536133 0.000000 3744.626953 0.000000 0.389692 0.000000 0.920945 0.532265 0.532265 0.532265
7753.646484 0.000000 3839.134277 0.000000 0.446850 0.000000 -0.894609 0.901297 0.901297 0.901297
7811.297363 0.000000 3834.701416 0.000000 0.882186 0.000000 0.470901 0.616884 0.616884 0.616884
7762.893066 0.000000 3839.542725 0.000000 0.610763 0.000000 0.791814 0.438109 0.438109 0.438109
7823.167480 0.000000 3846.841064 0.000000 0.142623 0.000000 0.989777 0.535330 0.535330 0.535330
7766.518066 0.000000 3846.818359 0.000000 0.993882 0.000000 -0.110444 0.719147 0.719147 0.719147
7795.282227 0.000000 3848.433105 0.000000 0.894493 0.000000 -0.447083 0.770471 0.770471 0.770471
7750.012695 0.000000 3782.120605 0.000000 0.220813 0.000000 -0.975316 0.902616 0.902616 0.902616
7760.703125 0.000000 3791.105957 0.000000 0.732620 0.000000 -0.680638 0.783731 0.783731 0.783731
7758.008789 0.000000 3798.453369 0.000000 0.007771 0.000000 -0.999970 1.025051 1.025051 1.025051
7815.663574 0.000000 3832.445557 0.000000 0.526689 0.000000 0.850058 0.584579 0.584579 0.584579
7818.024902 0.000000 3789.784668 0.000000 0.471986 0.000000 0.881606 0.524594 0.524594 0.524594
7816.848145 0.000000 3795.069824 0.000000 0.996177 0.000000 -0.087361 0.711006 0.711006 0.711006
7778.980469 0.000000 3828.247070 0.000000 0.972372 0.000000 0.233438 0.667883 0.667883 0.667883
7747.080078 0.000000 3778.082520 0.000000 0.452021 0.000000 -0.892007 0.904096 0.904096 0.904096
7809.805176 0.000000 3838.463623 0.000000 0.904036 0.000000 0.427455 0.635935 0.635935 0.635935
7775.457520 0.000000 3798.162109 0.000000 0.914001 0.000000 -0.405712 0.759135 0.759135 0.759135
7779.401367 0.000000 3847.397949 0.000000 0.854248 0.000000 -0.519867 0.779298 0.779298 0.779298
7778.436523 0.000000 3833.516602 0.000000 0.991429 0.000000 0.130649 0.677561 0.677561 0.677561
7767.898926 0.000000 3836.138916 0.000000 0.912489 0.000000 -0.409102 0.778811 0.778811 0.778811
7798.573242 0.000000 3848.531250 0.000000 0.773306 0.000000 0.634032 0.590785 0.590785 0.590785
7798.980957 0.000000 3851.333252 0.000000 0.622232 0.000000 -0.782833 0.868144 0.868144 0.868144
7760.075195 0.000000 3794.292236 0.000000 0.219056 0.000000 0.975712 0.449930 0.449930 0.449930
7745.501465 0.000000 3792.282227 0.000000 0.521313 0.000000 -0.853365 0.930490 0.930490 0.930490
7781.195312 0.000000 3830.349121 0.000000 0.042960 0.000000 -0.999077 0.902920 0.902920 0.902920
7825.752930 0.000000 3803.419434 0.000000 0.903307 0.000000 0.428995 0.639562 0.639562 0.639562
7779.228516 0.000000 3818.124268 0.000000 0.999930 0.000000 -0.011840 0.702959 0.702959 0.702959
7774.186035 0.000000 3823.064697 0.000000 0.027840 0.000000 -0.999612 0.888751 0.888751 0.888751
7779.347656 0.000000 3830.014648 0.000000 0.296857 0.000000 -0.954922 0.892999 0.892999 0.892999
7781.319336 0.000000 3839.274658 0.000000 0.998385 0.000000 -0.056802 0.711422 0.711422 0.711422
7784.758301 0.000000 3841.776367 0.000000 0.463848 0.000000 0.885915 0.500271 0.500271 0.500271
7800.367188 0.000000 3844.939941 0.000000 0.831824 0.000000 0.555039 0.582774 0.582774 0.582774
7826.693359 0.000000 3791.523438 0.000000 0.358591 0.000000 0.933495 0.483272 0.483272 0.483272
7777.032715 0.000000 3798.714844 0.000000 0.494255 0.000000 -0.869317 0.825231 0.825231 0.825231
7774.791016 0.000000 3801.097412 0.000000 0.854381 0.000000 -0.519648 0.782125 0.782125 0.782125
7750.143555 0.000000 3793.318359 0.000000 0.368901 0.000000 -0.929469 1.010637 1.010637 1.010637
7749.945801 0.000000 3797.991455 0.000000 0.139014 0.000000 0.990290 0.422348 0.422348 0.422348
7826.340332 0.000000 3850.755615 0.000000 0.535799 0.000000 -0.844345 0.821227 0.821227 0.821227
7801.399414 0.000000 3820.374756 0.000000 0.096948 0.000000 0.995290 0.532598 0.532598 0.532598
7818.046875 0.000000 3750.390381 0.000000 0.919592 0.000000 0.392875 0.617445 0.617445 0.617445
7804.711914 0.000000 3747.129883 0.000000 0.951954 0.000000 -0.306242 0.755480 0.755480 0.755480
7812.468262 0.000000 3748.771240 0.000000 0.352350 0.000000 0.935868 0.532850 0.532850 0.532850
7755.289062 0.000000 3843.947754 0.000000 0.933534 0.000000 -0.358488 0.758308 0.758308 0.758308
7804.336914 0.000000 3837.415039 0.000000 0.941167 0.000000 -0.337943 0.763257 0.763257 0.763257
7746.112305 0.000000 3772.293945 0.000000 0.893113 0.000000 0.449832 0.615200 0.615200 0.615200
7822.254395 0.000000 3845.385498 0.000000 0.380072 0.000000 -0.924957 0.927014 0.927014 0.927014
7808.144043 0.000000 3746.147949 0.000000 0.626066 0.000000 0.779770 0.520271 0.520271 0.520271
7785.354492 0.000000 3814.617432 0.000000 0.072247 0.000000 0.997387 0.500977 0.500977 0.500977
7772.844238 0.000000 3832.308350 0.000000 0.065451 0.000000 -0.997856 0.947280 0.947280 0.947280
7806.160645 0.000000 3747.946777 0.000000 0.930321 0.000000 -0.366746 0.797779 0.797779 0.797779
7752.623535 0.000000 3791.963379 0.000000 0.997666 0.000000 0.068287 0.691520 0.691520 0.691520
7788.990723 0.000000 3850.958008 0.000000 0.808381 0.000000 0.588660 0.579008 0.579008 0.579008
7785.750488 0.000000 3832.767090 0.000000 0.345939 0.000000 0.938257 0.482966 0.482966 0.482966
7753.154297 0.000000 3836.884766 0.000000 0.722126 0.000000 -0.691761 0.798792 0.798792 0.798792
7826.617676 0.000000 3789.384766 0.000000 0.666987 0.000000 0.745069 0.522241 0.522241 0.522241
7783.001465 0.000000 3802.449707 0.000000 0.071636 0.000000 -0.997431 0.922683 0.922683 0.922683
7787.703613 0.000000 3832.731689 0.000000 0.994174 0.000000 0.107784 0.684713 0.684713 0.684713
7749.147461 0.000000 3772.548584 0.000000 0.965220 0.000000 0.261439 0.642218 0.642218 0.642218
7746.584961 0.000000 3796.982178 0.000000 0.458423 0.000000 -0.888734 0.893199 0.893199 0.893199
7776.038574 0.000000 3819.451660 0.000000 0.867793 0.000000 0.496925 0.631837 0.631837 0.631837
7755.016113 0.000000 3793.677002 0.000000 0.936458 0.000000 -0.350779 0.748854 0.748854 0.748854
7753.388672 0.000000 3793.893311 0.000000 0.013802 0.000000 -0.999905 1.159845 1.159845 1.159845
7814.538086 0.000000 3835.337158 0.000000 0.905294 0.000000 -0.424786 0.787405 0.787405 0.787405
7764.368164 0.000000 3838.990479 0.000000 0.647575 0.000000 0.762002 0.536477 0.536477 0.536477
7764.821289 0.000000 3837.231689 0.000000 0.689807 0.000000 -0.723993 0.804695 0.804695 0.804695
7749.684082 0.000000 3788.861328 0.000000 0.983139 0.000000 -0.182861 0.730531 0.730531 0.730531
7788.897461 0.000000 3848.557373 0.000000 0.995781 0.000000 -0.091757 0.717342 0.717342 0.717342
7777.902344 0.000000 3839.817871 0.000000 0.233599 0.000000 -0.972333 0.919307 0.919307 0.919307
7824.687012 0.000000 3847.110596 0.000000 0.102900 0.000000 0.994692 0.443505 0.443505 0.443505
7820.317383 0.000000 3795.902100 0.000000 0.375178 0.000000 0.926953 0.457459 0.457459 0.457459
7764.217773 0.000000 3841.823975 0.000000 0.618213 0.000000 -0.786011 0.845396 0.845396 0.845396
7792.287109 0.000000 3836.121582 0.000000 0.395146 0.000000 -0.918618 0.929976 0.929976 0.929976
7777.666992 0.000000 3815.222900 0.000000 0.047022 0.000000 -0.998894 0.968952 0.968952 0.968952
7749.861328 0.000000 3784.440918 0.000000 0.243147 0.000000 0.969989 0.380409 0.380409 0.380409
7819.239258 0.000000 3839.744385 0.000000 0.066172 0.000000 0.997808 0.497538 0.497538 0.497538
7766.819336 0.000000 3837.221924 0.000000 0.624427 0.000000 0.781083 0.532381 0.532381 0.532381
7751.061523 0.000000 3783.127686 0.000000 0.712002 0.000000 -0.702177 0.816995 0.816995 0.816995
7748.076172 0.000000 3786.806396 0.000000 0.933109 0.000000 0.359594 0.633147 0.633147 0.633147
7750.468262 0.000000 3794.758057 0.000000 0.884449 0.000000 0.466636 0.611764 0.611764 0.611764
7819.065430 0.000000 3748.101807 0.000000 0.918790 0.000000 0.394747 0.616320 0.616320 0.616320
7772.328613 0.000000 3833.716309 0.000000 0.660646 0.000000 0.750697 0.560513 0.560513 0.560513
7779.137695 0.000000 3816.548828 0.000000 0.368954 0.000000 -0.929448 1.006453 1.006453 1.006453
7768.119141 0.000000 3848.949463 0.000000 0.983088 0.000000 -0.183136 0.727680 0.727680 0.727680
7820.144043 0.000000 3842.458740 0.000000 0.040578 0.000000 0.999176 0.405842 0.405842 0.405842
7811.645020 0.000000 3836.165039 0.000000 0.766181 0.000000 -0.642625 0.824407 0.824407 0.824407
7796.362793 0.000000 3837.754395 0.000000 0.648455 0.000000 0.761253 0.553328 0.553328 0.553328
7749.391602 0.000000 3787.305176 0.000000 0.582097 0.000000 0.813119 0.527431 0.527431 0.527431
7752.681641 0.000000 3795.243408 0.000000 0.859815 0.000000 -0.510605 0.805826 0.805826 0.805826
7750.519531 0.000000 3785.769775 0.000000 0.768185 0.000000 -0.640228 0.861490 0.861490 0.861490
7816.922363 0.000000 3838.256104 0.000000 0.990631 0.000000 -0.136568 0.722265 0.722265 0.722265
7769.704590 0.000000 3849.970215 0.000000 0.646051 0.000000 -0.763294 0.830513 0.830513 0.830513
7759.115234 0.000000 3797.569580 0.000000 0.950431 0.000000 -0.310935 0.774594 0.774594 0.774594
7816.514648 0.000000 3789.970459 0.000000 0.263750 0.000000 -0.964591 0.905079 0.905079 0.905079
7775.407227 0.000000 3841.738770 0.000000 0.999479 0.000000 -0.032280 0.707448 0.707448 0.707448
7781.626465 0.000000 3846.228271 0.000000 0.619753 0.000000 -0.784797 0.843504 0.843504 0.843504
7747.824219 0.000000 3793.881592 0.000000 0.999613 0.000000 -0.027825 0.704961 0.704961 0.704961
7768.488770 0.000000 3803.545166 0.000000 0.950976 0.000000 0.309265 0.647800 0.647800 0.647800
7805.170898 0.000000 3745.615479 0.000000 0.607690 0.000000 0.794175 0.557274 0.557274 0.557274
7783.423340 0.000000 3841.446045 0.000000 0.809621 0.000000 -0.586953 0.864436 0.864436 0.864436
7748.259766 0.000000 3784.668945 0.000000 0.954744 0.000000 -0.297428 0.772832 0.772832 0.772832
7754.392090 0.000000 3842.240967 0.000000 0.972315 0.000000 0.233672 0.662492 0.662492 0.662492
7817.710938 0.000000 3792.538574 0.000000 0.767347 0.000000 -0.641232 0.869093 0.869093 0.869093
7805.949707 0.000000 3822.109863 0.000000 0.909275 0.000000 -0.416195 0.785518 0.785518 0.785518
7807.611816 0.000000 3824.174561 0.000000 0.996621 0.000000 0.082139 0.684623 0.684623 0.684623
7749.666504 0.000000 3791.932373 0.000000 0.588714 0.000000 -0.808341 0.894116 0.894116 0.894116
7800.088379 0.000000 3850.549561 0.000000 0.676658 0.000000 -0.736297 0.892354 0.892354 0.892354
7811.117676 0.000000 3837.893799 0.000000 0.122687 0.000000 0.992445 0.441925 0.441925 0.441925
7806.859375 0.000000 3814.245361 0.000000 0.274991 0.000000 0.961447 0.489982 0.489982 0.489982
7776.322754 0.000000 3839.027100 0.000000 0.829128 0.000000 -0.559059 0.797455 0.797455 0.797455
7775.272461 0.000000 3844.450684 0.000000 0.111545 0.000000 0.993759 0.381280 0.381280 0.381280
7755.679688 0.000000 3833.848389 0.000000 0.820858 0.000000 -0.571132 0.807295 0.807295 0.807295
7814.278320 0.000000 3834.013184 0.000000 0.781105 0.000000 0.624399 0.565650 0.565650 0.565650
7781.756348 0.000000 3817.723389 0.000000 0.917976 0.000000 -0.396636 0.780541 0.780541 0.780541
7751.689941 0.000000 3790.828613 0.000000 0.758369 0.000000 -0.651825 0.853855 0.853855 0.853855
7759.082031 0.000000 3836.418701 0.000000 0.824363 0.000000 0.566061 0.584329 0.584329 0.584329
7778.251953 0.000000 3819.912842 0.000000 0.379970 0.000000 -0.924999 0.995145 0.995145 0.995145
7818.741211 0.000000 3751.505371 0.000000 0.116754 0.000000 0.993161 0.402750 0.402750 0.402750
7748.732422 0.000000 3796.062012 0.000000 0.545669 0.000000 -0.838001 0.892742 0.892742 0.892742
7768.187500 0.000000 3795.771484 0.000000 0.136147 0.000000 0.990689 0.409254 0.409254 0.409254
7774.151367 0.000000 3843.774658 0.000000 0.597756 0.000000 0.801678 0.469190 0.469190 0.469190
7819.435059 0.000000 3794.805176 0.000000 0.045208 0.000000 -0.998978 1.038590 1.038590 1.038590
7774.145508 0.000000 3842.366943 0.000000 0.998889 0.000000 -0.047135 0.711701 0.711701 0.711701
7777.356934 0.000000 3845.140625 0.000000 0.267810 0.000000 0.963472 0.420631 0.420631 0.420631
7760.903809 0.000000 3796.730469 0.000000 0.729286 0.000000 0.684209 0.506425 0.506425 0.506425
7774.875488 0.000000 3837.120850 0.000000 0.986598 0.000000 0.163169 0.670211 0.670211 0.670211
7792.512207 0.000000 3837.737305 0.000000 0.089458 0.000000 -0.995991 0.992507 0.992507 0.992507
7784.897461 0.000000 3843.109863 0.000000 0.588566 0.000000 0.808449 0.510782 0.510782 0.510782
7828.233887 0.000000 3791.649414 0.000000 0.990341 0.000000 0.138650 0.670830 0.670830 0.670830
7805.352051 0.000000 3823.223389 0.000000 0.319247 0.000000 0.947672 0.451794 0.451794 0.451794
7828.811035 0.000000 3789.523682 0.000000 0.379634 0.000000 0.925137 0.318051 0.318051 0.318051
7760.843750 0.000000 3838.400146 0.000000 0.997333 0.000000 0.072984 0.681490 0.681490 0.681490
7801.248535 0.000000 3847.435303 0.000000 0.995433 0.000000 -0.095464 0.720050 0.720050 0.720050
7757.662598 0.000000 3795.513428 0.000000 0.877720 0.000000 -0.479174 0.836233 0.836233 0.836233
7762.065918 0.000000 3838.553223 0.000000 0.578597 0.000000 -0.815614 0.973360 0.973360 0.973360
7744.565430 0.000000 3793.123047 0.000000 0.311302 0.000000 -0.950311 0.982752 0.982752 0.982752
7759.465332 0.000000 3798.706055 0.000000 0.063794 0.000000 -0.997963 1.013391 1.013391 1.013391
7800.369141 0.000000 3846.200684 0.000000 0.889905 0.000000 -0.456145 0.799331 0.799331 0.799331
7763.709473 0.000000 3840.435547 0.000000 0.209808 0.000000 0.977742 0.350773 0.350773 0.350773
7763.222168 0.000000 3797.645264 0.000000 0.999743 0.000000 -0.022686 0.705670 0.705670 0.705670
7750.334473 0.000000 3790.942139 0.000000 0.361675 0.000000 -0.932304 0.960199 0.960199 0.960199
7748.642578 0.000000 3775.274902 0.000000 0.997619 0.000000 0.068972 0.684680 0.684680 0.684680
7758.736816 0.000000 3850.884766 0.000000 0.936848 0.000000 0.349737 0.618829 0.618829 0.618829
7755.409180 0.000000 3795.595947 0.000000 0.774732 0.000000 -0.632289 0.874649 0.874649 0.874649
7751.968262 0.000000 3792.930176 0.000000 0.998050 0.000000 -0.062420 0.716264 0.716264 0.716264
7757.290527 0.000000 3794.076172 0.000000 0.830768 0.000000 0.556619 0.539068 0.539068 0.539068
7807.037598 0.000000 3748.637695 0.000000 0.993793 0.000000 -0.111249 0.727859 0.727859 0.727859
7778.190430 0.000000 3817.724121 0.000000 0.950629 0.000000 -0.310330 0.781061 0.781061 0.781061
7756.068359 0.000000 3794.046631 0.000000 0.747643 0.000000 0.664101 0.501996 0.501996 0.501996
7753.077148 0.000000 3792.931152 0.000000 0.471185 0.000000 -0.882034 1.019017 1.019017 1.019017
7829.078613 0.000000 3788.519287 0.000000 0.664280 0.000000 0.747484 0.427046 0.427046 0.427046
7830.787598 0.000000 3809.567383 0.000000 0.191166 0.000000 -0.981558 0.801176 0.801176 0.801176
7851.497070 0.000000 3819.514404 0.000000 0.633822 0.000000 0.773479 0.519187 0.519187 0.519187
7835.423340 0.000000 3797.316895 0.000000 0.731972 0.000000 -0.681335 0.781218 0.781218 0.781218
7860.345703 0.000000 3797.650879 0.000000 0.293280 0.000000 0.956027 0.664401 0.664401 0.664401
7842.111328 0.000000 3811.624268 0.000000 0.723575 0.000000 -0.690246 0.807840 0.807840 0.807840
7856.466309 0.000000 3808.665283 0.000000 0.909600 0.000000 0.415485 0.649082 0.649082 0.649082
7830.009277 0.000000 3789.196289 0.000000 0.798960 0.000000 0.601384 0.537626 0.537626 0.537626
7849.705566 0.000000 3812.012451 0.000000 0.992932 0.000000 -0.118682 0.722453 0.722453 0.722453
7835.950195 0.000000 3815.139404 0.000000 0.676821 0.000000 -0.736147 0.915436 0.915436 0.915436
7831.372559 0.000000 3802.651855 0.000000 0.768309 0.000000 -0.640079 0.709711 0.709711 0.709711
7857.894531 0.000000 3817.025146 0.000000 0.287015 0.000000 0.957926 0.648564 0.648564 0.648564
7846.330078 0.000000 3806.446533 0.000000 0.693156 0.000000 -0.720788 0.718287 0.718287 0.718287
7836.839355 0.000000 3808.005371 0.000000 0.981941 0.000000 0.189190 0.673057 0.673057 0.673057
7829.738770 0.000000 3849.739258 0.000000 0.999926 0.000000 0.012156 0.699193 0.699193 0.699193
7851.567383 0.000000 3806.049561 0.000000 0.917310 0.000000 0.398174 0.671373 0.671373 0.671373
7860.066406 0.000000 3812.180420 0.000000 0.953476 0.000000 0.301469 0.688226 0.688226 0.688226
7847.253418 0.000000 3816.354492 0.000000 0.368777 0.000000 0.929518 0.629108 0.629108 0.629108
7833.716309 0.000000 3786.121094 0.000000 0.981983 0.000000 0.188971 0.645845 0.645845 0.645845
7836.332031 0.000000 3801.860840 0.000000 0.988855 0.000000 0.148884 0.696605 0.696605 0.696605
7854.877930 0.000000 3822.965576 0.000000 0.860736 0.000000 0.509052 0.681333 0.681333 0.681333
7861.585938 0.000000 3820.186279 0.000000 0.202698 0.000000 -0.979241 0.740603 0.740603 0.740603
7831.927734 0.000000 3813.965576 0.000000 0.293038 0.000000 0.956101 0.664394 0.664394 0.664394
7860.667969 0.000000 3808.203857 0.000000 0.926689 0.000000 -0.375829 0.711447 0.711447 0.711447
7833.455078 0.000000 3793.711182 0.000000 0.822373 0.000000 0.568949 0.630193 0.630193 0.630193
7833.667969 0.000000 3818.927002 0.000000 0.406510 0.000000 0.913646 0.647649 0.647649 0.647649
7838.040039 0.000000 3811.771973 0.000000 0.150154 0.000000 0.988663 0.511391 0.511391 0.511391
7831.569336 0.000000 3798.706543 0.000000 0.412684 0.000000 -0.910874 0.736030 0.736030 0.736030
7833.316406 0.000000 3806.286865 0.000000 0.412339 0.000000 -0.911031 0.924262 0.924262 0.924262
7846.128906 0.000000 3810.379150 0.000000 0.958189 0.000000 -0.286137 0.749192 0.749192 0.749192
7850.471191 0.000000 3823.330322 0.000000 0.615255 0.000000 -0.788328 0.734913 0.734913 0.734913
7840.641602 0.000000 3815.247559 0.000000 0.844924 0.000000 0.534886 0.569810 0.569810 0.569810
7860.187988 0.000000 3801.535645 0.000000 0.887746 0.000000 0.460333 0.660708 0.660708 0.660708
7852.802246 0.000000 3809.820312 0.000000 0.280275 0.000000 0.959920 0.445903 0.445903 0.445903
7851.166504 0.000000 3815.623535 0.000000 0.841471 0.000000 -0.540303 0.744888 0.744888 0.744888
7834.426270 0.000000 3810.885254 0.000000 0.814102 0.000000 0.580722 0.564646 0.564646 0.564646
7857.461426 0.000000 3795.097168 0.000000 0.588173 0.000000 -0.808735 0.729632 0.729632 0.729632
7857.670410 0.000000 3820.633301 0.000000 0.999967 0.000000 0.008105 0.699079 0.699079 0.699079
7856.862305 0.000000 3798.751465 0.000000 0.824363 0.000000 -0.566062 0.758887 0.758887 0.758887
7844.215820 0.000000 3814.652832 0.000000 0.514585 0.000000 -0.857440 0.793625 0.793625 0.793625
7861.206055 0.000000 3815.654785 0.000000 0.988376 0.000000 -0.152032 0.710669 0.710669 0.710669
7849.668945 0.000000 3808.717773 0.000000 0.650691 0.000000 0.759343 0.531222 0.531222 0.531222
7833.135742 0.000000 3789.650391 0.000000 0.999916 0.000000 -0.012958 0.703012 0.703012 0.703012
7843.821777 0.000000 3808.416016 0.000000 0.457858 0.000000 -0.889025 0.841634 0.841634 0.841634
7830.810059 0.000000 3792.099609 0.000000 0.768739 0.000000 0.639562 0.672108 0.672108 0.672108
7846.889648 0.000000 3813.315186 0.000000 0.972077 0.000000 0.234661 0.669782 0.669782 0.669782
7830.282227 0.000000 3786.212646 0.000000 0.301600 0.000000 -0.953435 1.080067 1.080067 1.080067
7833.652832 0.000000 3800.747314 0.000000 0.048888 0.000000 -0.998804 0.872876 0.872876 0.872876
7848.600098 0.000000 3819.053467 0.000000 0.235093 0.000000 0.971973 0.592803 0.592803 0.592803
7854.374023 0.000000 3820.235352 0.000000 0.444318 0.000000 -0.895869 0.839715 0.839715 0.839715
7833.293457 0.000000 3816.282959 0.000000 0.991218 0.000000 -0.132237 0.719701 0.719701 0.719701
7832.249512 0.000000 3796.122559 0.000000 0.633719 0.000000 -0.773563 0.828288 0.828288 0.828288
7856.553711 0.000000 3811.391357 0.000000 0.904646 0.000000 0.426163 0.666917 0.666917 0.666917
7857.687988 0.000000 3801.170898 0.000000 0.125691 0.000000 -0.992069 0.798470 0.798470 0.798470
7858.781250 0.000000 3809.894287 0.000000 0.438610 0.000000 -0.898677 0.789774 0.789774 0.789774
7835.307129 0.000000 3788.270020 0.000000 0.994592 0.000000 0.103856 0.692909 0.692909 0.692909
7860.249512 0.000000 3818.034180 0.000000 0.458483 0.000000 0.888703 0.564195 0.564195 0.564195
7836.094727 0.000000 3817.848389 0.000000 0.414544 0.000000 0.910029 0.646051 0.646051 0.646051
7840.104004 0.000000 3810.250977 0.000000 0.754820 0.000000 0.655932 0.549970 0.549970 0.549970
7853.548828 0.000000 3807.502930 0.000000 0.952470 0.000000 0.304633 0.679984 0.679984 0.679984
7838.280273 0.000000 3815.954346 0.000000 0.550890 0.000000 0.834578 0.491214 0.491214 0.491214
7852.495117 0.000000 3821.868164 0.000000 0.633700 0.000000 0.773579 0.627353 0.627353 0.627353
7833.473145 0.000000 3808.697021 0.000000 0.370187 0.000000 -0.928957 0.866592 0.866592 0.866592
7849.018555 0.000000 3814.352539 0.000000 0.807448 0.000000 -0.589938 0.786010 0.786010 0.786010
7862.576660 0.000000 3817.924072 0.000000 0.614289 0.000000 0.789081 0.604654 0.604654 0.604654
7859.888184 0.000000 3821.869873 0.000000 0.699916 0.000000 -0.714225 0.754219 0.754219 0.754219
7831.827637 0.000000 3784.448975 0.000000 0.531837 0.000000 -0.846847 0.850034 0.850034 0.850034
7834.207520 0.000000 3813.195068 0.000000 0.685778 0.000000 -0.727810 0.905127 0.905127 0.905127
7849.207520 0.000000 3806.464111 0.000000 0.086533 0.000000 -0.996249 0.816716 0.816716 0.816716
7835.705078 0.000000 3805.982910 0.000000 0.630700 0.000000 0.776026 0.622377 0.622377 0.622377
7840.048828 0.000000 3813.048584 0.000000 0.769863 0.000000 -0.638210 0.870557 0.870557 0.870557
7844.624512 0.000000 3812.110352 0.000000 0.844769 0.000000 0.535131 0.647700 0.647700 0.647700
7856.200684 0.000000 3818.869385 0.000000 0.823623 0.000000 -0.567138 0.786415 0.786415 0.786415
7835.658203 0.000000 3799.584229 0.000000 0.365925 0.000000 -0.930644 0.877685 0.877685 0.877685
7832.077148 0.000000 3787.692139 0.000000 0.500585 0.000000 -0.865687 0.998108 0.998108 0.998108
7847.527344 0.000000 3808.300781 0.000000 0.593560 0.000000 0.804790 0.603561 0.603561 0.603561
7840.655762 0.000000 3817.554688 0.000000 0.341247 0.000000 -0.939974 0.774778 0.774778 0.774778
7849.429199 0.000000 3817.013672 0.000000 0.317948 0.000000 0.948108 0.466778 0.466778 0.466778
7832.259766 0.000000 3811.241943 0.000000 0.940247 0.000000 -0.340493 0.731573 0.731573 0.731573
7859.085938 0.000000 3799.518066 0.000000 0.999546 0.000000 0.030124 0.694366 0.694366 0.694366
7831.506836 0.000000 3807.446045 0.000000 0.939716 0.000000 -0.341957 0.735374 0.735374 0.735374
7831.719238 0.000000 3804.765137 0.000000 0.949371 0.000000 -0.314157 0.719547 0.719547 0.719547
7834.142090 0.000000 3791.649902 0.000000 0.099854 0.000000 -0.995002 0.813093 0.813093 0.813093
7833.712891 0.000000 3798.550293 0.000000 0.764768 0.000000 -0.644305 0.792987 0.792987 0.792987
7842.193359 0.000000 3813.815674 0.000000 0.463998 0.000000 -0.885836 0.859758 0.859758 0.859758
7858.273438 0.000000 3797.080811 0.000000 0.850165 0.000000 -0.526516 0.762987 0.762987 0.762987
7836.400391 0.000000 3810.076416 0.000000 0.126908 0.000000 0.991915 0.462865 0.462865 0.462865
7837.966797 0.000000 3813.869629 0.000000 0.940505 0.000000 0.339780 0.586705 0.586705 0.586705
7848.184082 0.000000 3810.284668 0.000000 0.598176 0.000000 0.801365 0.550545 0.550545 0.550545
7859.973145 0.000000 3803.758301 0.000000 0.668344 0.000000 -0.743853 0.758636 0.758636 0.758636
7836.147949 0.000000 3812.542480 0.000000 0.950091 0.000000 -0.311973 0.803683 0.803683 0.803683
7854.555176 0.000000 3811.051270 0.000000 0.254344 0.000000 -0.967114 0.791827 0.791827 0.791827
7842.048828 0.000000 3809.547363 0.000000 0.737087 0.000000 0.675798 0.604038 0.604038 0.604038
7851.666504 0.000000 3808.091553 0.000000 0.273458 0.000000 0.961884 0.433197 0.433197 0.433197
7833.940918 0.000000 3784.159668 0.000000 0.999990 0.000000 -0.004477 0.700602 0.700602 0.700602
7850.728516 0.000000 3810.362061 0.000000 0.627982 0.000000 0.778228 0.614279 0.614279 0.614279
7843.893066 0.000000 3810.326904 0.000000 0.394410 0.000000 -0.918935 0.864963 0.864963 0.864963
7856.750000 0.000000 3806.300781 0.000000 0.975220 0.000000 -0.221239 0.737037 0.737037 0.737037
7854.545410 0.000000 3809.108398 0.000000 0.403185 0.000000 -0.915119 0.938344 0.938344 0.938344
7859.261230 0.000000 3819.659180 0.000000 0.937304 0.000000 0.348512 0.629079 0.629079 0.629079
7855.807129 0.000000 3821.381592 0.000000 0.921821 0.000000 -0.387616 0.750084 0.750084 0.750084
7858.295410 0.000000 3811.980713 0.000000 0.777753 0.000000 0.628570 0.584778 0.584778 0.584778
7845.738281 0.000000 3808.160400 0.000000 0.864435 0.000000 -0.502744 0.769043 0.769043 0.769043
7829.313965 0.000000 3791.122070 0.000000 0.767951 0.000000 -0.640509 0.845782 0.845782 0.845782
7835.006348 0.000000 3807.651367 0.000000 0.662920 0.000000 0.748691 0.592062 0.592062 0.592062
7831.420410 0.000000 3790.372803 0.000000 0.601078 0.000000 0.799191 0.589964 0.589964 0.589964
7860.484375 0.000000 3810.446777 0.000000 0.822343 0.000000 0.568992 0.631244 0.631244 0.631244
7850.687500 0.000000 3813.966064 0.000000 0.914068 0.000000 -0.405562 0.743057 0.743057 0.743057
7832.493652 0.000000 3792.282227 0.000000 0.987300 0.000000 -0.158870 0.718402 0.718402 0.718402
7847.298340 0.000000 3811.685059 0.000000 0.735055 0.000000 -0.678007 0.826297 0.826297 0.826297
7829.425293 0.000000 3851.437012 0.000000 0.998702 0.000000 -0.050929 0.705877 0.705877 0.705877
7861.974609 0.000000 3811.985107 0.000000 0.732118 0.000000 0.681177 0.614877 0.614877 0.614877
7834.275391 0.000000 3814.898682 0.000000 0.044575 0.000000 0.999006 0.302591 0.302591 0.302591
7834.970215 0.000000 3816.558105 0.000000 0.171954 0.000000 0.985105 0.528983 0.528983 0.528983
7832.078613 0.000000 3786.041260 0.000000 0.383137 0.000000 0.923692 0.364552 0.364552 0.364552
7833.713867 0.000000 3787.996338 0.000000 0.946542 0.000000 0.322581 0.606438 0.606438 0.606438
7850.732422 0.000000 3817.988037 0.000000 0.283780 0.000000 0.958889 0.536315 0.536315 0.536315
7829.349121 0.000000 3787.553711 0.000000 0.748989 0.000000 -0.662583 0.810117 0.810117 0.810117
7834.925781 0.000000 3809.325928 0.000000 0.207957 0.000000 -0.978138 0.930763 0.930763 0.930763
7857.919922 0.000000 3818.721436 0.000000 0.274046 0.000000 -0.961717 0.885318 0.885318 0.885318
7848.381836 0.000000 3812.912842 0.000000 0.777016 0.000000 -0.629481 0.828510 0.828510 0.828510
7833.577148 0.000000 3796.982178 0.000000 0.178180 0.000000 0.983998 0.498140 0.498140 0.498140
7840.617676 0.000000 3811.644287 0.000000 0.942540 0.000000 0.334093 0.628564 0.628564 0.628564
7832.751465 0.000000 3812.650879 0.000000 0.603198 0.000000 -0.797592 0.824242 0.824242 0.824242
7850.046875 0.000000 3819.337891 0.000000 0.778524 0.000000 -0.627615 0.838728 0.838728 0.838728
7843.210938 0.000000 3812.765381 0.000000 0.316821 0.000000 0.948485 0.516736 0.516736 0.516736
7839.399902 0.000000 3814.409424 0.000000 0.238695 0.000000 0.971095 0.418809 0.418809 0.418809
7832.310059 0.000000 3809.764160 0.000000 0.454656 0.000000 -0.890667 0.853621 0.853621 0.853621
7850.999512 0.000000 3821.905273 0.000000 0.922167 0.000000 0.386792 0.642394 0.642394 0.642394
7861.316406 0.000000 3817.108643 0.000000 0.981788 0.000000 0.189980 0.665928 0.665928 0.665928
7835.531250 0.000000 3813.771729 0.000000 0.500285 0.000000 0.865861 0.436553 0.436553 0.436553
7830.710938 0.000000 3787.847656 0.000000 0.944582 0.000000 -0.328275 0.800538 0.800538 0.800538
7831.799805 0.000000 3789.055420 0.000000 0.700186 0.000000 -0.713960 0.900098 0.900098 0.900098
7842.931641 0.000000 3815.132568 0.000000 0.198941 0.000000 -0.980012 0.977831 0.977831 0.977831
7832.647461 0.000000 3790.937256 0.000000 0.197342 0.000000 -0.980335 0.963774 0.963774 0.963774
7841.344238 0.000000 3812.786377 0.000000 0.856880 0.000000 0.515516 0.566542 0.566542 0.566542
7858.193359 0.000000 3798.444580 0.000000 0.676338 0.000000 0.736591 0.545168 0.545168 0.545168
7835.729492 0.000000 3811.260742 0.000000 0.990579 0.000000 -0.136942 0.730009 0.730009 0.730009
7859.324219 0.000000 3811.071777 0.000000 0.996282 0.000000 -0.086154 0.714622 0.714622 0.714622
7858.945312 0.000000 3800.870361 0.000000 0.727160 0.000000 0.686468 0.546618 0.546618 0.546618
7837.334961 0.000000 3814.978027 0.000000 0.873580 0.000000 0.486680 0.595184 0.595184 0.595184
7850.881348 0.000000 3809.098389 0.000000 0.519517 0.000000 0.854460 0.488731 0.488731 0.488731
7832.939941 0.000000 3807.508301 0.000000 0.894325 0.000000 -0.447418 0.790794 0.790794 0.790794
7852.881836 0.000000 3808.573730 0.000000 0.092269 0.000000 -0.995734 0.991949 0.991949 0.991949
7848.164551 0.000000 3817.321777 0.000000 0.297886 0.000000 0.954601 0.462835 0.462835 0.462835
7839.536621 0.000000 3815.934570 0.000000 0.992952 0.000000 0.118520 0.674879 0.674879 0.674879
7840.907715 0.000000 3814.023682 0.000000 0.353506 0.000000 0.935432 0.420996 0.420996 0.420996
7834.838379 0.000000 3812.113525 0.000000 0.326776 0.000000 -0.945102 1.011522 1.011522 1.011522
7836.812012 0.000000 3813.561035 0.000000 0.139603 0.000000 0.990208 0.232438 0.232438 0.232438
7841.306641 0.000000 3810.573730 0.000000 0.882812 0.000000 0.469726 0.597456 0.597456 0.597456
7838.854004 0.000000 3813.084229 0.000000 0.959151 0.000000 0.282893 0.612286 0.612286 0.612286
7832.881836 0.000000 3786.889893 0.000000 0.933487 0.000000 -0.358611 0.804480 0.804480 0.804480
7841.789062 0.000000 3815.319580 0.000000 0.369271 0.000000 0.929322 0.424896 0.424896 0.424896
7831.269531 0.000000 3786.801270 0.000000 0.710954 0.000000 0.703239 0.465561 0.465561 0.465561
7837.588379 0.000000 3812.789307 0.000000 0.984100 0.000000 0.177618 0.641645 0.641645 0.641645
7829.346680 0.000000 3789.948975 0.000000 0.364798 0.000000 0.931087 0.312883 0.312883 0.312883
7719.304199 0.000000 3853.356201 0.000000 0.468411 0.000000 0.883511 0.544760 0.544760 0.544760
7658.722656 0.000000 3853.777344 0.000000 0.940332 0.000000 -0.340258 0.721236 0.721236 0.721236
7708.988281 0.000000 3886.035400 0.000000 0.419126 0.000000 -0.907928 0.914844 0.914844 0.914844
7724.634766 0.000000 3905.121582 0.000000 0.039106 0.000000 -0.999235 0.766918 0.766918 0.766918
7701.583496 0.000000 3867.133545 0.000000 0.271786 0.000000 -0.962358 0.919616 0.919616 0.919616
7723.909668 0.000000 3873.127441 0.000000 0.446891 0.000000 -0.894588 0.785160 0.785160 0.785160
7729.416016 0.000000 3950.206543 0.000000 0.989650 0.000000 0.143505 0.687417 0.687417 0.687417
7735.625488 0.000000 3860.115723 0.000000 0.815549 0.000000 0.578689 0.632056 0.632056 0.632056
7708.906250 0.000000 3903.472656 0.000000 0.966100 0.000000 0.258167 0.652997 0.652997 0.652997
7725.426758 0.000000 3889.173096 0.000000 0.597040 0.000000 -0.802211 0.724405 0.724405 0.724405
7673.382812 0.000000 3859.544434 0.000000 0.776340 0.000000 -0.630314 0.713109 0.713109 0.713109
7714.098633 0.000000 3864.867188 0.000000 0.940557 0.000000 0.339636 0.685466 0.685466 0.685466
7701.010742 0.000000 3894.757324 0.000000 0.985705 0.000000 0.168478 0.692900 0.692900 0.692900
7689.609375 0.000000 3863.666260 0.000000 0.928046 0.000000 0.372465 0.697332 0.697332 0.697332
7706.639648 0.000000 3914.452637 0.000000 0.129825 0.000000 0.991537 0.599297 0.599297 0.599297
7719.329102 0.000000 3954.474854 0.000000 0.626537 0.000000 -0.779391 0.709371 0.709371 0.709371
7716.038086 0.000000 3894.432617 0.000000 0.935800 0.000000 0.352532 0.626336 0.626336 0.626336
7708.713379 0.000000 3875.256836 0.000000 0.482458 0.000000 0.875919 0.528396 0.528396 0.528396
7725.140137 0.000000 3862.388428 0.000000 0.832126 0.000000 -0.554587 0.708219 0.708219 0.708219
7718.064941 0.000000 3881.498779 0.000000 0.563868 0.000000 0.825865 0.613392 0.613392 0.613392
7717.607422 0.000000 3931.253906 0.000000 0.722311 0.000000 -0.691568 0.740037 0.740037 0.740037
7728.900879 0.000000 3853.293213 0.000000 0.183193 0.000000 -0.983077 0.874466 0.874466 0.874466
7715.612305 0.000000 3910.437500 0.000000 0.462599 0.000000 -0.886567 0.779995 0.779995 0.779995
7664.515625 0.000000 3861.913818 0.000000 0.636660 0.000000 -0.771145 0.726163 0.726163 0.726163
7696.524414 0.000000 3903.263428 0.000000 0.736663 0.000000 -0.676260 0.731149 0.731149 0.731149
7668.197754 0.000000 3851.525635 0.000000 0.919278 0.000000 0.393608 0.617282 0.617282 0.617282
7737.866699 0.000000 3851.794922 0.000000 0.209528 0.000000 0.977803 0.588319 0.588319 0.588319
7727.051758 0.000000 3913.351807 0.000000 0.070446 0.000000 -0.997516 0.791766 0.791766 0.791766
7730.492676 0.000000 3868.563232 0.000000 0.688928 0.000000 -0.724829 0.810520 0.810520 0.810520
7696.137207 0.000000 3888.500732 0.000000 0.984052 0.000000 0.177883 0.679061 0.679061 0.679061
7712.169922 0.000000 3919.725098 0.000000 0.355563 0.000000 -0.934652 0.858237 0.858237 0.858237
7702.641602 0.000000 3907.916260 0.000000 0.792302 0.000000 0.610130 0.616283 0.616283 0.616283
7717.304688 0.000000 3902.939453 0.000000 0.608012 0.000000 0.793928 0.490013 0.490013 0.490013
7715.900391 0.000000 3872.935547 0.000000 0.950808 0.000000 0.309781 0.656516 0.656516 0.656516
7701.222656 0.000000 3875.144775 0.000000 0.073278 0.000000 -0.997312 0.817762 0.817762 0.817762
7704.207031 0.000000 3860.334961 0.000000 0.224350 0.000000 0.974509 0.443887 0.443887 0.443887
7702.165039 0.000000 3883.495361 0.000000 0.851855 0.000000 0.523778 0.560306 0.560306 0.560306
7707.603027 0.000000 3893.259766 0.000000 0.112532 0.000000 0.993648 0.432458 0.432458 0.432458
7720.377930 0.000000 3867.371094 0.000000 0.999339 0.000000 -0.036347 0.701144 0.701144 0.701144
7718.911621 0.000000 3860.009521 0.000000 0.042728 0.000000 -0.999087 0.790794 0.790794 0.790794
7718.782715 0.000000 3888.359863 0.000000 0.979154 0.000000 -0.203121 0.750402 0.750402 0.750402
7694.734375 0.000000 3896.464600 0.000000 0.867235 0.000000 0.497899 0.628047 0.628047 0.628047
7721.803223 0.000000 3898.412109 0.000000 0.118418 0.000000 0.992964 0.656860 0.656860 0.656860
7708.347168 0.000000 3868.502686 0.000000 0.847141 0.000000 -0.531368 0.775385 0.775385 0.775385
7703.120117 0.000000 3901.002930 0.000000 0.583288 0.000000 -0.812266 0.739762 0.739762 0.739762
7725.529785 0.000000 3954.962158 0.000000 0.833756 0.000000 -0.552133 0.783820 0.783820 0.783820
7695.541992 0.000000 3865.706055 0.000000 0.527642 0.000000 -0.849467 0.895113 0.895113 0.895113
7712.121582 0.000000 3880.735352 0.000000 0.452249 0.000000 0.891892 0.532526 0.532526 0.532526
7740.980469 0.000000 3857.419434 0.000000 0.200234 0.000000 0.979748 0.570789 0.570789 0.570789
7740.140625 0.000000 3935.025635 0.000000 0.997006 0.000000 0.077321 0.699053 0.699053 0.699053
7730.554199 0.000000 3875.220459 0.000000 0.846875 0.000000 -0.531793 0.709799 0.709799 0.709799
7721.875977 0.000000 3910.584473 0.000000 0.478952 0.000000 -0.877841 0.875991 0.875991 0.875991
7664.386719 0.000000 3855.947266 0.000000 0.834964 0.000000 -0.550304 0.752955 0.752955 0.752955
7703.443359 0.000000 3889.230469 0.000000 0.816400 0.000000 -0.577486 0.744112 0.744112 0.744112
7711.766113 0.000000 3898.347168 0.000000 0.961147 0.000000 0.276036 0.672630 0.672630 0.672630
7724.062012 0.000000 3856.642090 0.000000 0.917437 0.000000 0.397881 0.657808 0.657808 0.657808
7713.775391 0.000000 3851.541748 0.000000 0.994010 0.000000 0.109293 0.697895 0.697895 0.697895
7709.949707 0.000000 3909.320312 0.000000 0.942715 0.000000 -0.333600 0.738635 0.738635 0.738635
7730.170410 0.000000 3858.773682 0.000000 0.966128 0.000000 -0.258063 0.739685 0.739685 0.739685
7712.551270 0.000000 3890.288086 0.000000 0.718271 0.000000 0.695764 0.578974 0.578974 0.578974
7709.464355 0.000000 3861.768799 0.000000 0.702977 0.000000 -0.711213 0.742865 0.742865 0.742865
7719.764160 0.000000 3876.486816 0.000000 0.665640 0.000000 -0.746273 0.738278 0.738278 0.738278
7706.534668 0.000000 3880.301025 0.000000 0.649198 0.000000 -0.760619 0.757394 0.757394 0.757394
7669.589844 0.000000 3863.659424 0.000000 0.999484 0.000000 0.032132 0.699101 0.699101 0.699101
7721.735840 0.000000 3892.704590 0.000000 0.000115 0.000000 -1.000000 1.010173 1.010173 1.010173
7715.787598 0.000000 3915.929932 0.000000 0.128259 0.000000 0.991741 0.415202 0.415202 0.415202
7714.513672 0.000000 3885.263672 0.000000 0.476055 0.000000 0.879416 0.636148 0.636148 0.636148
7733.716309 0.000000 3855.220459 0.000000 0.672393 0.000000 -0.740194 0.736409 0.736409 0.736409
7729.365234 0.000000 3903.745117 0.000000 0.551185 0.000000 -0.834383 0.744847 0.744847 0.744847
7733.844238 0.000000 3864.873047 0.000000 0.111157 0.000000 -0.993803 0.863228 0.863228 0.863228
7669.217285 0.000000 3856.474365 0.000000 0.139798 0.000000 -0.990180 0.784999 0.784999 0.784999
7698.282227 0.000000 3870.718506 0.000000 0.198488 0.000000 0.980103 0.443638 0.443638 0.443638
7725.122070 0.000000 3868.357666 0.000000 0.998105 0.000000 0.061535 0.697417 0.697417 0.697417
7715.257324 0.000000 3856.597412 0.000000 0.633413 0.000000 -0.773814 0.772678 0.772678 0.772678
7711.440918 0.000000 3913.975098 0.000000 0.007056 0.000000 0.999975 0.391197 0.391197 0.391197
7706.715332 0.000000 3897.882324 0.000000 0.911595 0.000000 0.411090 0.673347 0.673347 0.673347
7713.085938 0.000000 3905.757080 0.000000 0.996071 0.000000 0.088562 0.697985 0.697985 0.697985
7730.351562 0.000000 3916.974121 0.000000 0.507356 0.000000 -0.861737 0.727228 0.727228 0.727228
7662.689453 0.000000 3851.441895 0.000000 0.305974 0.000000 0.952040 0.655967 0.655967 0.655967
7698.657715 0.000000 3899.145508 0.000000 0.967733 0.000000 -0.251976 0.765437 0.765437 0.765437
7705.688965 0.000000 3864.787354 0.000000 0.750466 0.000000 -0.660909 0.838799 0.838799 0.838799
7735.425781 0.000000 3869.397461 0.000000 0.580671 0.000000 0.814139 0.668415 0.668415 0.668415
7729.387207 0.000000 3863.993896 0.000000 0.056679 0.000000 -0.998392 0.922264 0.922264 0.922264
7699.594727 0.000000 3863.129639 0.000000 0.592575 0.000000 0.805515 0.647626 0.647626 0.647626
7712.848633 0.000000 3869.282227 0.000000 0.992338 0.000000 -0.123556 0.703680 0.703680 0.703680
7715.202148 0.000000 3877.483887 0.000000 0.411105 0.000000 -0.911588 0.764151 0.764151 0.764151
7724.640137 0.000000 3851.525391 0.000000 0.812162 0.000000 -0.583432 0.742458 0.742458 0.742458
7726.010254 0.000000 3900.999268 0.000000 0.633695 0.000000 0.773583 0.662903 0.662903 0.662903
7721.941406 0.000000 3931.193359 0.000000 0.446528 0.000000 0.894770 0.587702 0.587702 0.587702
7691.038574 0.000000 3867.849121 0.000000 0.186604 0.000000 0.982435 0.523554 0.523554 0.523554
7722.852051 0.000000 3914.800293 0.000000 0.540336 0.000000 -0.841450 0.734950 0.734950 0.734950
7740.048828 0.000000 3862.257568 0.000000 0.867672 0.000000 0.497137 0.587252 0.587252 0.587252
7716.396484 0.000000 3920.055176 0.000000 0.366384 0.000000 0.930464 0.658209 0.658209 0.658209
7699.545410 0.000000 3890.899414 0.000000 0.685324 0.000000 0.728238 0.617316 0.617316 0.617316
7712.108887 0.000000 3923.858398 0.000000 0.640589 0.000000 0.767884 0.569945 0.569945 0.569945
7720.041016 0.000000 3871.758301 0.000000 0.121893 0.000000 0.992543 0.634180 0.634180 0.634180
7727.869141 0.000000 3872.148682 0.000000 0.826155 0.000000 -0.563442 0.719874 0.719874 0.719874
7700.465820 0.000000 3904.251465 0.000000 0.318902 0.000000 0.947788 0.477856 0.477856 0.477856
7718.940918 0.000000 3913.315186 0.000000 0.955073 0.000000 -0.296370 0.717878 0.717878 0.717878
7705.991211 0.000000 3910.426270 0.000000 0.551600 0.000000 -0.834109 0.972395 0.972395 0.972395
7717.802734 0.000000 3898.202148 0.000000 0.999892 0.000000 -0.014718 0.702547 0.702547 0.702547
7721.228027 0.000000 3863.387695 0.000000 0.998062 0.000000 -0.062225 0.702938 0.702938 0.702938
7741.815918 0.000000 3852.625732 0.000000 0.959019 0.000000 0.283340 0.665359 0.665359 0.665359
7711.469727 0.000000 3894.291260 0.000000 0.983180 0.000000 0.182638 0.689408 0.689408 0.689408
7704.944336 0.000000 3904.477051 0.000000 0.023775 0.000000 -0.999717 0.867620 0.867620 0.867620
7704.893066 0.000000 3876.747070 0.000000 0.663395 0.000000 0.748270 0.668973 0.668973 0.668973
7732.463867 0.000000 3851.556396 0.000000 0.607504 0.000000 0.794316 0.672731 0.672731 0.672731
7716.760254 0.000000 3868.689453 0.000000 0.846255 0.000000 -0.532778 0.798193 0.798193 0.798193
7713.567383 0.000000 3901.772705 0.000000 0.519301 0.000000 -0.854592 0.843269 0.843269 0.843269
7719.113281 0.000000 3927.763184 0.000000 0.675397 0.000000 -0.737454 0.739130 0.739130 0.739130
7737.252930 0.000000 3856.596924 0.000000 0.855574 0.000000 -0.517680 0.814111 0.814111 0.814111
7712.444336 0.000000 3874.534912 0.000000 0.916255 0.000000 -0.400596 0.754743 0.754743 0.754743
7667.954102 0.000000 3860.072266 0.000000 0.560880 0.000000 0.827897 0.653978 0.653978 0.653978
7721.551270 0.000000 3879.812256 0.000000 0.199599 0.000000 0.979878 0.671273 0.671273 0.671273
7725.804688 0.000000 3949.308350 0.000000 0.760031 0.000000 -0.649887 0.716072 0.716072 0.716072
7705.823730 0.000000 3884.031250 0.000000 0.937966 0.000000 0.346727 0.659160 0.659160 0.659160
7717.636230 0.000000 3864.069580 0.000000 0.622532 0.000000 -0.782594 0.852364 0.852364 0.852364
7700.393066 0.000000 3886.904297 0.000000 0.695009 0.000000 -0.719001 0.792545 0.792545 0.792545
7710.072266 0.000000 3871.803223 0.000000 0.739892 0.000000 0.672725 0.627787 0.627787 0.627787
7707.847168 0.000000 3889.510254 0.000000 0.564451 0.000000 0.825466 0.445457 0.445457 0.445457
7697.129395 0.000000 3893.557861 0.000000 0.652896 0.000000 -0.757448 0.881726 0.881726 0.881726
7726.589355 0.000000 3859.124756 0.000000 0.987488 0.000000 0.157697 0.682288 0.682288 0.682288
7732.205078 0.000000 3861.689453 0.000000 0.281568 0.000000 -0.959541 0.798837 0.798837 0.798837
7707.670898 0.000000 3858.731934 0.000000 0.975496 0.000000 -0.220018 0.712018 0.712018 0.712018
7716.417969 0.000000 3890.914551 0.000000 0.833124 0.000000 0.553086 0.622161 0.622161 0.622161
7722.469727 0.000000 3860.050781 0.000000 0.604433 0.000000 0.796656 0.613016 0.613016 0.613016
7703.854004 0.000000 3892.763672 0.000000 0.950969 0.000000 0.309286 0.636256 0.636256 0.636256
7720.278320 0.000000 3856.693604 0.000000 0.271876 0.000000 -0.962332 0.865266 0.865266 0.865266
7718.321289 0.000000 3884.963867 0.000000 0.372081 0.000000 0.928200 0.415200 0.415200 0.415200
7707.397949 0.000000 3906.857910 0.000000 0.519599 0.000000 0.854410 0.640922 0.640922 0.640922
7703.307129 0.000000 3912.617432 0.000000 0.923488 0.000000 0.383628 0.677294 0.677294 0.677294
7662.811523 0.000000 3858.962891 0.000000 0.366314 0.000000 0.930491 0.641489 0.641489 0.641489
7725.291992 0.000000 3910.020264 0.000000 0.649135 0.000000 -0.760673 0.728700 0.728700 0.728700
7719.449219 0.000000 3895.231201 0.000000 0.831226 0.000000 -0.555934 0.781384 0.781384 0.781384
7709.404297 0.000000 3882.720459 0.000000 0.134264 0.000000 0.990946 0.489181 0.489181 0.489181
7736.852051 0.000000 3863.354492 0.000000 0.944265 0.000000 -0.329187 0.712310 0.712310 0.712310
7721.753906 0.000000 3956.842773 0.000000 0.008029 0.000000 -0.999968 0.945796 0.945796 0.945796
7709.545410 0.000000 3878.532471 0.000000 0.352591 0.000000 -0.935778 0.951730 0.951730 0.951730
7660.961914 0.000000 3856.216553 0.000000 0.981789 0.000000 -0.189975 0.705678 0.705678 0.705678
7741.205078 0.000000 3931.921143 0.000000 0.988640 0.000000 -0.150304 0.714502 0.714502 0.714502
7722.994629 0.000000 3876.452148 0.000000 0.370486 0.000000 0.928838 0.606317 0.606317 0.606317
7700.945312 0.000000 3860.053711 0.000000 0.065195 0.000000 -0.997873 0.944691 0.944691 0.944691
7728.324707 0.000000 3953.341309 0.000000 0.111411 0.000000 -0.993774 0.791800 0.791800 0.791800
7709.018555 0.000000 3900.339844 0.000000 0.981269 0.000000 0.192643 0.656298 0.656298 0.656298
7695.598145 0.000000 3868.849365 0.000000 0.555106 0.000000 -0.831779 0.777250 0.777250 0.777250
7726.475586 0.000000 3865.359863 0.000000 0.998689 0.000000 0.051198 0.694808 0.694808 0.694808
7702.713379 0.000000 3863.700195 0.000000 0.981458 0.000000 0.191676 0.684832 0.684832 0.684832
7721.767578 0.000000 3889.446289 0.000000 0.879928 0.000000 0.475108 0.584063 0.584063 0.584063
7704.801758 0.000000 3867.890137 0.000000 0.677988 0.000000 0.735073 0.453228 0.453228 0.453228
7727.319336 0.000000 3856.043945 0.000000 0.984607 0.000000 -0.174783 0.739299 0.739299 0.739299
7708.864258 0.000000 3912.242432 0.000000 0.151558 0.000000 0.988448 0.499184 0.499184 0.499184
7714.850586 0.000000 3897.328857 0.000000 0.257797 0.000000 -0.966199 0.924364 0.924364 0.924364
7727.503418 0.000000 3957.389404 0.000000 0.322024 0.000000 0.946731 0.534919 0.534919 0.534919
7692.590820 0.000000 3864.563477 0.000000 0.728454 0.000000 -0.685094 0.854318 0.854318 0.854318
7698.395508 0.000000 3867.047363 0.000000 0.166053 0.000000 0.986117 0.540519 0.540519 0.540519
7711.948242 0.000000 3887.114746 0.000000 0.971377 0.000000 -0.237545 0.722633 0.722633 0.722633
7701.349609 0.000000 3870.206543 0.000000 0.944685 0.000000 -0.327979 0.719855 0.719855 0.719855
7716.178223 0.000000 3853.631836 0.000000 0.999802 0.000000 -0.019875 0.702431 0.702431 0.702431
7671.254883 0.000000 3851.531250 0.000000 0.802874 0.000000 0.596149 0.653121 0.653121 0.653121
7720.792969 0.000000 3882.971924 0.000000 0.886668 0.000000 0.462407 0.675638 0.675638 0.675638
7705.637207 0.000000 3887.072510 0.000000 0.700908 0.000000 0.713252 0.572322 0.572322 0.572322
7706.204590 0.000000 3901.718018 0.000000 0.995823 0.000000 -0.091306 0.710865 0.710865 0.710865
7665.466797 0.000000 3853.028076 0.000000 0.538524 0.000000 -0.842610 0.735025 0.735025 0.735025
7696.536133 0.000000 3862.700684 0.000000 0.987397 0.000000 0.158263 0.689446 0.689446 0.689446
7709.133301 0.000000 3896.135254 0.000000 0.056176 0.000000 -0.998421 0.993803 0.993803 0.993803
7714.857910 0.000000 3888.323242 0.000000 0.985639 0.000000 0.168864 0.657597 0.657597 0.657597
7738.636719 0.000000 3859.640625 0.000000 0.350877 0.000000 0.936421 0.498735 0.498735 0.498735
7712.657227 0.000000 3910.691162 0.000000 0.945088 0.000000 -0.326816 0.715128 0.715128 0.715128
7739.424805 0.000000 3854.534912 0.000000 0.854763 0.000000 -0.519018 0.745776 0.745776 0.745776
7716.167480 0.000000 3927.564453 0.000000 0.997507 0.000000 0.070572 0.694939 0.694939 0.694939
7707.089844 0.000000 3872.531006 0.000000 0.625773 0.000000 0.780005 0.648404 0.648404 0.648404
7714.604492 0.000000 3913.210449 0.000000 0.470566 0.000000 -0.882365 0.786889 0.786889 0.786889
7733.101074 0.000000 3858.125000 0.000000 0.229777 0.000000 0.973243 0.461328 0.461328 0.461328
7688.043945 0.000000 3866.209961 0.000000 0.460380 0.000000 -0.887722 0.740089 0.740089 0.740089
7715.572754 0.000000 3907.455811 0.000000 0.447669 0.000000 -0.894199 0.914668 0.914668 0.914668
7730.629395 0.000000 3855.791748 0.000000 0.032803 0.000000 0.999462 0.562924 0.562924 0.562924
7670.805664 0.000000 3860.910645 0.000000 0.997034 0.000000 -0.076967 0.711310 0.711310 0.711310
7705.444824 0.000000 3895.248779 0.000000 0.188580 0.000000 -0.982058 0.813437 0.813437 0.813437
7714.882812 0.000000 3881.883301 0.000000 0.999797 0.000000 -0.020154 0.703980 0.703980 0.703980
7712.414062 0.000000 3916.738281 0.000000 0.497347 0.000000 -0.867552 0.799112 0.799112 0.799112
7712.213379 0.000000 3877.434326 0.000000 0.888266 0.000000 0.459330 0.676647 0.676647 0.676647
7716.428223 0.000000 3861.467285 0.000000 0.996758 0.000000 -0.080453 0.706897 0.706897 0.706897
7709.894531 0.000000 3891.535156 0.000000 0.329137 0.000000 -0.944282 0.846810 0.846810 0.846810
7711.779297 0.000000 3884.281250 0.000000 0.553609 0.000000 0.832776 0.467826 0.467826 0.467826
7698.289551 0.000000 3896.213867 0.000000 0.307904 0.000000 0.951417 0.427433 0.427433 0.427433
7696.202637 0.000000 3872.563232 0.000000 0.868275 0.000000 -0.496084 0.723586 0.723586 0.723586
7714.178711 0.000000 3921.809326 0.000000 0.264986 0.000000 0.964252 0.481464 0.481464 0.481464
7728.126465 0.000000 3861.458496 0.000000 0.963972 0.000000 0.266002 0.655300 0.655300 0.655300
7698.889648 0.000000 3873.452637 0.000000 0.971145 0.000000 -0.238491 0.737034 0.737034 0.737034
7703.750000 0.000000 3873.989502 0.000000 0.039578 0.000000 -0.999216 0.764222 0.764222 0.764222
7727.362793 0.000000 3905.900391 0.000000 0.766077 0.000000 0.642749 0.615823 0.615823 0.615823
7719.084961 0.000000 3900.781738 0.000000 0.180918 0.000000 0.983498 0.525243 0.525243 0.525243
7706.647949 0.000000 3861.714844 0.000000 0.014319 0.000000 0.999897 0.433433 0.433433 0.433433
7719.323242 0.000000 3891.223389 0.000000 0.785049 0.000000 0.619433 0.622950 0.622950 0.622950
7700.336914 0.000000 3901.468506 0.000000 0.749097 0.000000 0.662461 0.588643 0.588643 0.588643
7717.713379 0.000000 3878.712891 0.000000 0.970502 0.000000 0.241092 0.683830 0.683830 0.683830
7736.206543 0.000000 3854.031982 0.000000 0.681651 0.000000 -0.731677 0.761678 0.761678 0.761678
7714.014160 0.000000 3892.604004 0.000000 0.503148 0.000000 0.864200 0.572341 0.572341 0.572341
7721.330078 0.000000 3874.174316 0.000000 0.405873 0.000000 -0.913929 0.853119 0.853119 0.853119
7715.799316 0.000000 3900.071533 0.000000 0.041939 0.000000 0.999120 0.427478 0.427478 0.427478
7727.844238 0.000000 3867.850098 0.000000 0.147947 0.000000 -0.988995 0.883934 0.883934 0.883934
7665.674805 0.000000 3858.519287 0.000000 0.559380 0.000000 0.828911 0.578756 0.578756 0.578756
7717.182129 0.000000 3875.444092 0.000000 0.919248 0.000000 -0.393679 0.785562 0.785562 0.785562
7727.653320 0.000000 3916.077148 0.000000 0.996046 0.000000 -0.088843 0.709794 0.709794 0.709794
7724.359375 0.000000 3912.549805 0.000000 0.990805 0.000000 -0.135297 0.706641 0.706641 0.706641
7730.438965 0.000000 3871.284180 0.000000 0.917689 0.000000 -0.397300 0.717136 0.717136 0.717136
7721.725098 0.000000 3928.394043 0.000000 0.398011 0.000000 0.917381 0.645197 0.645197 0.645197
7669.872559 0.000000 3853.841064 0.000000 0.965888 0.000000 -0.258960 0.725635 0.725635 0.725635
7733.335449 0.000000 3867.610352 0.000000 0.655576 0.000000 0.755129 0.527998 0.527998 0.527998
7703.132324 0.000000 3886.092285 0.000000 0.859333 0.000000 0.511417 0.669041 0.669041 0.669041
7725.416016 0.000000 3854.079834 0.000000 0.823596 0.000000 -0.567176 0.773774 0.773774 0.773774
7731.328125 0.000000 3865.794678 0.000000 0.735336 0.000000 0.677703 0.555554 0.555554 0.555554
7725.812988 0.000000 3951.950439 0.000000 0.405901 0.000000 0.913917 0.631501 0.631501 0.631501
7741.086426 0.000000 3864.756592 0.000000 0.956419 0.000000 0.291997 0.664787 0.664787 0.664787
7711.555664 0.000000 3903.539062 0.000000 0.796459 0.000000 -0.604692 0.734045 0.734045 0.734045
7717.800293 0.000000 3855.781250 0.000000 0.908958 0.000000 0.416887 0.671443 0.671443 0.671443
7716.589355 0.000000 3858.799561 0.000000 0.629613 0.000000 -0.776909 0.835276 0.835276 0.835276
7695.940918 0.000000 3898.977295 0.000000 0.046234 0.000000 0.998931 0.604086 0.604086 0.604086
7722.693848 0.000000 3954.453125 0.000000 0.987275 0.000000 -0.159024 0.714234 0.714234 0.714234
7657.581055 0.000000 3851.437988 0.000000 0.944533 0.000000 -0.328418 0.718129 0.718129 0.718129
7695.928223 0.000000 3891.352539 0.000000 0.989543 0.000000 -0.144241 0.707842 0.707842 0.707842
7705.864258 0.000000 3891.113770 0.000000 0.207037 0.000000 0.978333 0.454793 0.454793 0.454793
7662.151855 0.000000 3853.976807 0.000000 0.265494 0.000000 -0.964113 0.859285 0.859285 0.859285
7700.664551 0.000000 3897.531250 0.000000 0.874667 0.000000 -0.484724 0.728300 0.728300 0.728300
7741.235352 0.000000 3859.947998 0.000000 0.986281 0.000000 0.165077 0.677105 0.677105 0.677105
7708.267090 0.000000 3863.976562 0.000000 0.586711 0.000000 0.809796 0.607635 0.607635 0.607635
7670.898438 0.000000 3858.386230 0.000000 0.985367 0.000000 -0.170446 0.714967 0.714967 0.714967
7715.350586 0.000000 3904.532227 0.000000 0.990447 0.000000 -0.137891 0.713780 0.713780 0.713780
7714.577637 0.000000 3918.246094 0.000000 0.730953 0.000000 -0.682428 0.864072 0.864072 0.864072
7702.058105 0.000000 3910.373047 0.000000 0.634153 0.000000 -0.773207 0.825117 0.825117 0.825117
7714.559570 0.000000 3867.319092 0.000000 0.938794 0.000000 0.344479 0.682791 0.682791 0.682791
7712.170410 0.000000 3908.212402 0.000000 0.175547 0.000000 0.984471 0.607405 0.607405 0.607405
7726.533691 0.000000 3903.485107 0.000000 0.952039 0.000000 -0.305976 0.746192 0.746192 0.746192
7693.483887 0.000000 3867.458740 0.000000 0.953410 0.000000 -0.301678 0.754091 0.754091 0.754091
7705.190430 0.000000 3908.062988 0.000000 0.948150 0.000000 0.317823 0.662695 0.662695 0.662695
7713.499023 0.000000 3871.897705 0.000000 0.502978 0.000000 -0.864299 0.793027 0.793027 0.793027
7725.291504 0.000000 3915.164307 0.000000 0.679288 0.000000 -0.733872 0.802241 0.802241 0.802241
7729.593750 0.000000 3914.432617 0.000000 0.301633 0.000000 -0.953424 0.806062 0.806062 0.806062
7660.126953 0.000000 3851.494141 0.000000 0.086156 0.000000 0.996282 0.557311 0.557311 0.557311
7707.192383 0.000000 3877.784912 0.000000 0.861934 0.000000 -0.507021 0.778985 0.778985 0.778985
7704.346680 0.000000 3882.088135 0.000000 0.722303 0.000000 -0.691577 0.797424 0.797424 0.797424
7718.084473 0.000000 3866.509766 0.000000 0.736160 0.000000 0.676808 0.590869 0.590869 0.590869
7701.591797 0.000000 3872.752930 0.000000 0.042586 0.000000 0.999093 0.475665 0.475665 0.475665
7717.724121 0.000000 3871.069580 0.000000 0.048865 0.000000 -0.998805 0.891496 0.891496 0.891496
7717.289062 0.000000 3851.537354 0.000000 0.020183 0.000000 -0.999796 1.011630 1.011630 1.011630
7702.029785 0.000000 3891.261230 0.000000 0.403535 0.000000 -0.914964 0.871631 0.871631 0.871631
7716.791992 0.000000 3886.935791 0.000000 0.369025 0.000000 0.929420 0.587433 0.587433 0.587433
7732.708984 0.000000 3869.902100 0.000000 0.559043 0.000000 0.829139 0.582122 0.582122 0.582122
7727.095215 0.000000 3851.700439 0.000000 0.772383 0.000000 0.635157 0.625432 0.625432 0.625432
7719.740723 0.000000 3930.169189 0.000000 0.123089 0.000000 -0.992396 0.945356 0.945356 0.945356
7724.631348 0.000000 3957.163330 0.000000 0.528145 0.000000 0.849154 0.471320 0.471320 0.471320
7702.660156 0.000000 3905.162598 0.000000 0.970938 0.000000 -0.239332 0.717316 0.717316 0.717316
7698.623047 0.000000 3888.621094 0.000000 0.712389 0.000000 0.701784 0.573572 0.573572 0.573572
7706.678711 0.000000 3870.174561 0.000000 0.252419 0.000000 -0.967618 0.791966 0.791966 0.791966
7713.693848 0.000000 3895.226807 0.000000 0.016173 0.000000 -0.999869 0.882028 0.882028 0.882028
7700.198730 0.000000 3882.162354 0.000000 0.865819 0.000000 0.500358 0.634981 0.634981 0.634981
7697.455566 0.000000 3901.123535 0.000000 0.185522 0.000000 -0.982640 0.852397 0.852397 0.852397
7697.816895 0.000000 3864.660645 0.000000 0.207290 0.000000 0.978280 0.426278 0.426278 0.426278
7707.611816 0.000000 3866.239746 0.000000 0.920744 0.000000 0.390166 0.607540 0.607540 0.607540
7714.755859 0.000000 3875.132568 0.000000 0.935804 0.000000 -0.352520 0.740294 0.740294 0.740294
7711.299805 0.000000 3900.892578 0.000000 0.851583 0.000000 0.524220 0.639248 0.639248 0.639248
7718.955078 0.000000 3873.894531 0.000000 0.450526 0.000000 -0.892763 0.885122 0.885122 0.885122
7717.383789 0.000000 3917.970215 0.000000 0.673208 0.000000 -0.739453 0.750905 0.750905 0.750905
7721.626465 0.000000 3912.852051 0.000000 0.867985 0.000000 0.496590 0.616449 0.616449 0.616449
7716.352539 0.000000 3883.638428 0.000000 0.948630 0.000000 0.316387 0.646555 0.646555 0.646555
7703.573242 0.000000 3865.975342 0.000000 0.609591 0.000000 -0.792716 0.786372 0.786372 0.786372
7715.419922 0.000000 3870.630371 0.000000 0.932242 0.000000 -0.361836 0.777642 0.777642 0.777642
7720.424316 0.000000 3908.715576 0.000000 0.614595 0.000000 -0.788842 0.750829 0.750829 0.750829
7720.128906 0.000000 3886.376465 0.000000 0.562927 0.000000 0.826506 0.518081 0.518081 0.518081
7719.058105 0.000000 3869.243164 0.000000 0.200033 0.000000 0.979789 0.587522 0.587522 0.587522
7718.970703 0.000000 3862.274658 0.000000 0.726779 0.000000 0.686872 0.643101 0.643101 0.643101
7701.074707 0.000000 3889.165039 0.000000 0.818421 0.000000 -0.574619 0.737442 0.737442 0.737442
7694.334961 0.000000 3894.228760 0.000000 0.641822 0.000000 -0.766854 0.823708 0.823708 0.823708
7699.335938 0.000000 3893.124512 0.000000 0.126539 0.000000 0.991962 0.563738 0.563738 0.563738
7718.029785 0.000000 3893.139404 0.000000 0.525506 0.000000 -0.850790 0.860033 0.860033 0.860033
7711.233887 0.000000 3921.790771 0.000000 0.944965 0.000000 0.327172 0.678448 0.678448 0.678448
7714.479492 0.000000 3879.626221 0.000000 0.384710 0.000000 -0.923037 0.808914 0.808914 0.808914
7728.647461 0.000000 3869.946045 0.000000 0.419023 0.000000 0.907976 0.600525 0.600525 0.600525
7700.145020 0.000000 3884.377930 0.000000 0.663032 0.000000 0.748591 0.522599 0.522599 0.522599
7713.694336 0.000000 3899.493408 0.000000 0.201383 0.000000 -0.979513 0.934293 0.934293 0.934293
7719.784668 0.000000 3865.041992 0.000000 0.797503 0.000000 -0.603315 0.781491 0.781491 0.781491
7717.503906 0.000000 3905.288574 0.000000 0.857057 0.000000 0.515222 0.649867 0.649867 0.649867
7700.766113 0.000000 3864.981689 0.000000 0.140117 0.000000 0.990135 0.542536 0.542536 0.542536
7694.458984 0.000000 3863.439941 0.000000 0.940991 0.000000 -0.338432 0.728358 0.728358 0.728358
7705.526855 0.000000 3858.229980 0.000000 0.254110 0.000000 0.967175 0.576011 0.576011 0.576011
7735.239258 0.000000 3857.590820 0.000000 0.737875 0.000000 -0.674937 0.833359 0.833359 0.833359
7741.508789 0.000000 3855.072021 0.000000 0.715318 0.000000 -0.698799 0.821692 0.821692 0.821692
7704.646973 0.000000 3862.782471 0.000000 0.743717 0.000000 0.668494 0.633463 0.633463 0.633463
7701.622559 0.000000 3899.449951 0.000000 0.987171 0.000000 0.159665 0.669455 0.669455 0.669455
7707.228027 0.000000 3882.405273 0.000000 0.910267 0.000000 -0.414021 0.735807 0.735807 0.735807
7699.584473 0.000000 3868.981934 0.000000 0.217513 0.000000 0.976058 0.541752 0.541752 0.541752
7703.072754 0.000000 3895.419434 0.000000 0.366916 0.000000 0.930254 0.618547 0.618547 0.618547
7690.564941 0.000000 3865.735596 0.000000 0.747128 0.000000 0.664680 0.584375 0.584375 0.584375
7666.746582 0.000000 3856.626465 0.000000 0.964946 0.000000 -0.262449 0.732022 0.732022 0.732022
7702.424316 0.000000 3861.613037 0.000000 0.333169 0.000000 -0.942867 0.947424 0.947424 0.947424
7714.475098 0.000000 3858.661621 0.000000 0.795124 0.000000 0.606447 0.580437 0.580437 0.580437
7703.216797 0.000000 3903.102295 0.000000 0.453426 0.000000 -0.891294 0.784598 0.784598 0.784598
7705.452148 0.000000 3912.487793 0.000000 0.936113 0.000000 0.351700 0.643475 0.643475 0.643475
7722.122559 0.000000 3857.809570 0.000000 0.379840 0.000000 0.925052 0.621560 0.621560 0.621560
7716.146484 0.000000 3865.566162 0.000000 0.245676 0.000000 -0.969352 0.924198 0.924198 0.924198
7719.824707 0.000000 3897.655273 0.000000 0.845593 0.000000 -0.533828 0.745269 0.745269 0.745269
7717.254883 0.000000 3896.153076 0.000000 0.886829 0.000000 -0.462098 0.770515 0.770515 0.770515
7698.816406 0.000000 3902.963623 0.000000 0.257174 0.000000 -0.966365 0.894697 0.894697 0.894697
7729.264648 0.000000 3866.274170 0.000000 0.693002 0.000000 0.720935 0.569143 0.569143 0.569143
7707.193848 0.000000 3904.756836 0.000000 0.287353 0.000000 0.957825 0.416061 0.416061 0.416061
7727.965332 0.000000 3955.383057 0.000000 0.297864 0.000000 0.954608 0.469480 0.469480 0.469480
7707.735352 0.000000 3909.261475 0.000000 0.685276 0.000000 0.728283 0.641546 0.641546 0.641546
7737.384277 0.000000 3861.332031 0.000000 0.291157 0.000000 -0.956675 0.833728 0.833728 0.833728
7710.665039 0.000000 3876.019775 0.000000 0.869777 0.000000 0.493446 0.586369 0.586369 0.586369
7722.062988 0.000000 3872.230469 0.000000 0.907520 0.000000 0.420008 0.666670 0.666670 0.666670
7731.808594 0.000000 3863.796143 0.000000 0.997943 0.000000 -0.064113 0.707960 0.707960 0.707960
7718.497070 0.000000 3857.846436 0.000000 0.970930 0.000000 0.239362 0.650578 0.650578 0.650578
7717.544922 0.000000 3929.115479 0.000000 0.677531 0.000000 -0.735494 0.832866 0.832866 0.832866
7714.043457 0.000000 3909.072266 0.000000 0.066976 0.000000 0.997755 0.416180 0.416180 0.416180
7703.347656 0.000000 3869.352295 0.000000 0.835986 0.000000 -0.548750 0.744665 0.744665 0.744665
7717.637207 0.000000 3926.185791 0.000000 0.984743 0.000000 0.174013 0.687468 0.687468 0.687468
7711.411133 0.000000 3896.341309 0.000000 0.286928 0.000000 -0.957952 0.865502 0.865502 0.865502
7704.031738 0.000000 3909.924561 0.000000 0.955997 0.000000 -0.293375 0.734343 0.734343 0.734343
7720.762207 0.000000 3861.227295 0.000000 0.893122 0.000000 -0.449815 0.759521 0.759521 0.759521
7712.987305 0.000000 3882.644287 0.000000 0.664776 0.000000 -0.747043 0.784033 0.784033 0.784033
7727.424316 0.000000 3950.498047 0.000000 0.191597 0.000000 0.981474 0.442324 0.442324 0.442324
7723.541504 0.000000 3888.423340 0.000000 0.981451 0.000000 -0.191712 0.723936 0.723936 0.723936
7728.359375 0.000000 3857.817871 0.000000 0.723563 0.000000 -0.690258 0.849116 0.849116 0.849116
7710.873047 0.000000 3911.866943 0.000000 0.999996 0.000000 0.002925 0.699657 0.699657 0.699657
7713.847656 0.000000 3915.134521 0.000000 0.741982 0.000000 0.670419 0.606262 0.606262 0.606262
7710.321777 0.000000 3873.966064 0.000000 0.606544 0.000000 0.795050 0.545806 0.545806 0.545806
7705.270508 0.000000 3878.731201 0.000000 0.326398 0.000000 0.945233 0.609110 0.609110 0.609110
7730.154785 0.000000 3862.065430 0.000000 0.860635 0.000000 -0.509223 0.766293 0.766293 0.766293
7707.869629 0.000000 3884.363037 0.000000 0.996538 0.000000 -0.083134 0.718763 0.718763 0.718763
7711.778809 0.000000 3892.163818 0.000000 0.982473 0.000000 -0.186406 0.719988 0.719988 0.719988
7709.561523 0.000000 3893.494629 0.000000 0.938137 0.000000 -0.346265 0.763646 0.763646 0.763646
7716.791992 0.000000 3888.968750 0.000000 0.569474 0.000000 -0.822009 0.895610 0.895610 0.895610
7716.375977 0.000000 3880.461182 0.000000 0.754917 0.000000 0.655820 0.576251 0.576251 0.576251
7705.471191 0.000000 3889.178711 0.000000 0.408510 0.000000 0.912754 0.412616 0.412616 0.412616
7721.367676 0.000000 3877.731689 0.000000 0.993334 0.000000 0.115271 0.689501 0.689501 0.689501
7724.288574 0.000000 3953.169434 0.000000 0.181695 0.000000 0.983355 0.578710 0.578710 0.578710
7736.945801 0.000000 3858.556641 0.000000 0.998928 0.000000 0.046281 0.692395 0.692395 0.692395
7720.587402 0.000000 3859.021729 0.000000 0.360015 0.000000 0.932946 0.548693 0.548693 0.548693
7731.927734 0.000000 3859.775879 0.000000 0.862193 0.000000 0.506580 0.619234 0.619234 0.619234
7707.542480 0.000000 3887.565186 0.000000 0.576907 0.000000 -0.816810 1.020725 1.020725 1.020725
7717.315918 0.000000 3908.316650 0.000000 0.757844 0.000000 0.652436 0.632923 0.632923 0.632923
7708.631836 0.000000 3898.206299 0.000000 0.696173 0.000000 -0.717874 0.835739 0.835739 0.835739
7720.735352 0.000000 3854.702393 0.000000 0.738539 0.000000 0.674211 0.641814 0.641814 0.641814
7702.087402 0.000000 3881.545898 0.000000 0.972837 0.000000 0.231489 0.680404 0.680404 0.680404
7699.887207 0.000000 3871.845703 0.000000 0.847174 0.000000 -0.531315 0.804744 0.804744 0.804744
7711.765625 0.000000 3872.655762 0.000000 0.816351 0.000000 -0.577556 0.803300 0.803300 0.803300
7739.222656 0.000000 3856.650879 0.000000 0.157213 0.000000 -0.987565 0.917291 0.917291 0.917291
7715.267578 0.000000 3902.603271 0.000000 0.922587 0.000000 -0.385789 0.765755 0.765755 0.765755
7708.643555 0.000000 3870.447021 0.000000 0.999978 0.000000 0.006607 0.698626 0.698626 0.698626
7742.251465 0.000000 3930.285889 0.000000 0.546432 0.000000 0.837504 0.575093 0.575093 0.575093
7696.120605 0.000000 3895.160156 0.000000 0.930934 0.000000 -0.365189 0.794730 0.794730 0.794730
7697.682129 0.000000 3868.853271 0.000000 0.999031 0.000000 -0.044010 0.707463 0.707463 0.707463
7668.714355 0.000000 3858.307861 0.000000 0.095247 0.000000 0.995454 0.429269 0.429269 0.429269
7696.561035 0.000000 3897.175293 0.000000 0.996537 0.000000 0.083145 0.677743 0.677743 0.677743
7697.844238 0.000000 3891.673096 0.000000 0.769669 0.000000 -0.638444 0.821016 0.821016 0.821016
7714.626465 0.000000 3890.425537 0.000000 0.717856 0.000000 0.696192 0.519666 0.519666 0.519666
7702.015625 0.000000 3893.143555 0.000000 0.042023 0.000000 0.999117 0.390090 0.390090 0.390090
7721.652832 0.000000 3887.506592 0.000000 0.373763 0.000000 0.927524 0.477904 0.477904 0.477904
7705.763184 0.000000 3893.010742 0.000000 0.877767 0.000000 -0.479087 0.813505 0.813505 0.813505
7662.711426 0.000000 3856.989746 0.000000 0.731634 0.000000 0.681698 0.608242 0.608242 0.608242
7725.922852 0.000000 3857.327637 0.000000 0.008134 0.000000 -0.999967 0.861122 0.861122 0.861122
7704.003418 0.000000 3884.490723 0.000000 0.005823 0.000000 -0.999983 0.880505 0.880505 0.880505
7712.619141 0.000000 3912.522461 0.000000 0.977820 0.000000 0.209448 0.674924 0.674924 0.674924
7720.034180 0.000000 3893.415771 0.000000 0.127731 0.000000 -0.991809 0.984903 0.984903 0.984903
7728.423340 0.000000 3917.732422 0.000000 0.811925 0.000000 -0.583762 0.768630 0.768630 0.768630
7733.757812 0.000000 3859.856689 0.000000 0.789423 0.000000 0.613850 0.582187 0.582187 0.582187
7719.137207 0.000000 3902.703857 0.000000 0.879042 0.000000 0.476744 0.654840 0.654840 0.654840
7696.538086 0.000000 3867.274414 0.000000 0.208756 0.000000 -0.977968 0.909227 0.909227 0.909227
7707.970703 0.000000 3891.486328 0.000000 0.146066 0.000000 0.989275 0.418752 0.418752 0.418752
7664.384766 0.000000 3859.807129 0.000000 0.918076 0.000000 -0.396404 0.750574 0.750574 0.750574
7697.273438 0.000000 3889.905029 0.000000 0.668421 0.000000 0.743783 0.601797 0.601797 0.601797
7728.300781 0.000000 3859.649414 0.000000 0.284428 0.000000 0.958697 0.500544 0.500544 0.500544
7728.843262 0.000000 3855.099121 0.000000 0.520720 0.000000 -0.853728 0.923495 0.923495 0.923495
7711.217285 0.000000 3879.173584 0.000000 0.998782 0.000000 0.049346 0.694565 0.694565 0.694565
7709.909180 0.000000 3884.430420 0.000000 0.634555 0.000000 0.772878 0.374268 0.374268 0.374268
7732.406738 0.000000 3856.473877 0.000000 0.503815 0.000000 -0.863811 0.823920 0.823920 0.823920
7709.656738 0.000000 3913.836670 0.000000 0.675534 0.000000 0.737329 0.582636 0.582636 0.582636
7727.269531 0.000000 3854.169189 0.000000 0.990040 0.000000 -0.140788 0.727895 0.727895 0.727895
7714.163574 0.000000 3919.990723 0.000000 0.955338 0.000000 -0.295515 0.765533 0.765533 0.765533
7718.862305 0.000000 3883.223389 0.000000 0.515729 0.000000 -0.856752 0.912182 0.912182 0.912182
7720.026367 0.000000 3889.598389 0.000000 0.739358 0.000000 -0.673312 0.872981 0.872981 0.872981
7713.112793 0.000000 3888.554199 0.000000 0.996050 0.000000 -0.088790 0.713051 0.713051 0.713051
7708.650879 0.000000 3873.347168 0.000000 0.021823 0.000000 -0.999762 1.000472 1.000472 1.000472
7713.796875 0.000000 3886.892334 0.000000 0.809576 0.000000 0.587015 0.585977 0.585977 0.585977
7707.135742 0.000000 3911.871094 0.000000 0.914379 0.000000 -0.404859 0.776486 0.776486 0.776486
7722.919922 0.000000 3958.207764 0.000000 0.930052 0.000000 -0.367428 0.792710 0.792710 0.792710
7713.058594 0.000000 3897.126465 0.000000 0.030363 0.000000 0.999539 0.479254 0.479254 0.479254
7706.544434 0.000000 3868.214355 0.000000 0.112120 0.000000 -0.993695 0.949777 0.949777 0.949777
7706.798340 0.000000 3885.755371 0.000000 0.951682 0.000000 -0.307086 0.770366 0.770366 0.770366
7723.666016 0.000000 3910.892822 0.000000 0.899268 0.000000 0.437398 0.642247 0.642247 0.642247
7708.049316 0.000000 3901.982910 0.000000 0.274046 0.000000 -0.961717 0.991537 0.991537 0.991537
7705.855957 0.000000 3905.997803 0.000000 0.443284 0.000000 0.896381 0.579565 0.579565 0.579565
7705.885742 0.000000 3866.530762 0.000000 0.856368 0.000000 -0.516366 0.862149 0.862149 0.862149
7711.927734 0.000000 3870.948242 0.000000 0.539646 0.000000 0.841892 0.602059 0.602059 0.602059
7717.335938 0.000000 3900.925781 0.000000 0.771037 0.000000 0.636791 0.574534 0.574534 0.574534
7741.811523 0.000000 3861.739746 0.000000 0.801101 0.000000 0.598529 0.583378 0.583378 0.583378
7714.267090 0.000000 3873.477783 0.000000 0.099698 0.000000 -0.995018 0.903076 0.903076 0.903076
7716.381836 0.000000 3892.760986 0.000000 0.841098 0.000000 0.540883 0.623098 0.623098 0.623098
7716.104492 0.000000 3863.320068 0.000000 0.970894 0.000000 -0.239508 0.736772 0.736772 0.736772
7714.719727 0.000000 3869.059326 0.000000 0.847004 0.000000 -0.531587 0.765625 0.765625 0.765625
7692.079102 0.000000 3866.524414 0.000000 0.983019 0.000000 0.183503 0.667426 0.667426 0.667426
7704.050781 0.000000 3887.639160 0.000000 0.936776 0.000000 -0.349929 0.757477 0.757477 0.757477
7716.843262 0.000000 3877.091797 0.000000 0.783127 0.000000 0.621862 0.631976 0.631976 0.631976
7701.454590 0.000000 3902.725098 0.000000 0.968141 0.000000 0.250404 0.669923 0.669923 0.669923
7721.129395 0.000000 3891.136475 0.000000 0.982620 0.000000 0.185627 0.672265 0.672265 0.672265
7716.192871 0.000000 3885.308594 0.000000 0.995031 0.000000 0.099563 0.689020 0.689020 0.689020
7704.131348 0.000000 3891.109619 0.000000 0.030307 0.000000 0.999541 0.422711 0.422711 0.422711
7723.285645 0.000000 3956.078613 0.000000 0.042763 0.000000 0.999085 0.374218 0.374218 0.374218
7701.581543 0.000000 3885.409424 0.000000 0.884832 0.000000 0.465909 0.598361 0.598361 0.598361
7708.900879 0.000000 3876.985596 0.000000 0.850664 0.000000 0.525710 0.540383 0.540383 0.540383
7693.767578 0.000000 3865.764160 0.000000 0.066641 0.000000 -0.997777 1.007540 1.007540 1.007540
7699.971680 0.000000 3866.523438 0.000000 0.729038 0.000000 0.684473 0.614365 0.614365 0.614365
7722.890625 0.000000 3874.690674 0.000000 0.995178 0.000000 -0.098089 0.718200 0.718200 0.718200
7664.089355 0.000000 3857.931641 0.000000 0.011651 0.000000 0.999932 0.443875 0.443875 0.443875
7726.729980 0.000000 3953.821289 0.000000 0.955269 0.000000 -0.295738 0.757714 0.757714 0.757714
7704.994629 0.000000 3869.600830 0.000000 0.685475 0.000000 -0.728096 0.786939 0.786939 0.786939
7699.169434 0.000000 3894.806641 0.000000 0.855182 0.000000 -0.518328 0.783798 0.783798 0.783798
7701.660645 0.000000 3906.575684 0.000000 0.995587 0.000000 -0.093845 0.713961 0.713961 0.713961
7731.684082 0.000000 3867.408936 0.000000 0.632033 0.000000 -0.774941 0.847197 0.847197 0.847197
7717.549316 0.000000 3872.826172 0.000000 0.560050 0.000000 -0.828459 0.839913 0.839913 0.839913
7708.735352 0.000000 3910.592041 0.000000 0.941928 0.000000 -0.335816 0.767630 0.767630 0.767630
7718.042480 0.000000 3890.106201 0.000000 0.600197 0.000000 -0.799852 0.806926 0.806926 0.806926
7700.321289 0.000000 3861.605713 0.000000 0.965030 0.000000 -0.262139 0.743108 0.743108 0.743108
7704.738281 0.000000 3902.465332 0.000000 0.982567 0.000000 -0.185911 0.736928 0.736928 0.736928
7718.482910 0.000000 3886.720215 0.000000 0.932018 0.000000 0.362411 0.628709 0.628709 0.628709
7669.693848 0.000000 3859.649658 0.000000 0.549153 0.000000 -0.835722 0.881560 0.881560 0.881560
7708.414551 0.000000 3894.694580 0.000000 0.642347 0.000000 -0.766414 0.814454 0.814454 0.814454
7726.392090 0.000000 3867.121582 0.000000 0.308079 0.000000 0.951361 0.537363 0.537363 0.537363
7707.378418 0.000000 3876.171875 0.000000 0.693229 0.000000 0.720718 0.580446 0.580446 0.580446
7708.047852 0.000000 3913.637207 0.000000 0.223228 0.000000 -0.974766 0.890485 0.890485 0.890485
7716.782715 0.000000 3857.132812 0.000000 0.810355 0.000000 -0.585940 0.784242 0.784242 0.784242
7721.461914 0.000000 3875.794678 0.000000 0.812317 0.000000 0.583216 0.617298 0.617298 0.617298
7703.105469 0.000000 3867.661865 0.000000 0.810424 0.000000 -0.585844 0.848763 0.848763 0.848763
7739.653320 0.000000 3858.383301 0.000000 0.955487 0.000000 -0.295033 0.749722 0.749722 0.749722
7712.880371 0.000000 3885.552490 0.000000 0.493512 0.000000 0.869739 0.532275 0.532275 0.532275
7716.158203 0.000000 3898.299072 0.000000 0.765528 0.000000 0.643403 0.579077 0.579077 0.579077
7731.054688 0.000000 3857.374756 0.000000 0.994617 0.000000 -0.103621 0.713424 0.713424 0.713424
7719.603516 0.000000 3899.251953 0.000000 0.936145 0.000000 0.351613 0.654792 0.654792 0.654792
7725.476074 0.000000 3855.755615 0.000000 0.952702 0.000000 -0.303905 0.737774 0.737774 0.737774
7706.190430 0.000000 3863.268066 0.000000 0.632522 0.000000 0.774542 0.501812 0.501812 0.501812
7728.715820 0.000000 3851.556641 0.000000 0.940954 0.000000 -0.338534 0.754922 0.754922 0.754922
7707.865723 0.000000 3879.290527 0.000000 0.763452 0.000000 -0.645864 0.833751 0.833751 0.833751
7706.434570 0.000000 3903.281250 0.000000 0.989491 0.000000 -0.144598 0.739052 0.739052 0.739052
7712.965332 0.000000 3918.260010 0.000000 0.508907 0.000000 -0.860822 0.835903 0.835903 0.835903
7714.099121 0.000000 3916.722900 0.000000 0.999844 0.000000 0.017663 0.696635 0.696635 0.696635
7662.876465 0.000000 3855.411621 0.000000 0.673395 0.000000 -0.739283 0.864302 0.864302 0.864302
7699.080078 0.000000 3897.582275 0.000000 0.439117 0.000000 0.898430 0.458123 0.458123 0.458123
7704.541992 0.000000 3913.818359 0.000000 0.183550 0.000000 0.983010 0.481975 0.481975 0.481975
7716.181152 0.000000 3867.213135 0.000000 0.286087 0.000000 0.958204 0.465004 0.465004 0.465004
7711.026367 0.000000 3885.751953 0.000000 0.527508 0.000000 0.849550 0.460506 0.460506 0.460506
7719.168457 0.000000 3854.931152 0.000000 0.819538 0.000000 0.573025 0.625355 0.625355 0.625355
7712.896484 0.000000 3893.678467 0.000000 0.512830 0.000000 -0.858490 0.880406 0.880406 0.880406
7704.138184 0.000000 3864.486328 0.000000 0.440198 0.000000 0.897901 0.485663 0.485663 0.485663
7696.267090 0.000000 3864.270508 0.000000 0.129073 0.000000 0.991635 0.410326 0.410326 0.410326
7699.884766 0.000000 3896.192139 0.000000 0.909235 0.000000 -0.416283 0.793041 0.793041 0.793041
7715.156250 0.000000 3895.777344 0.000000 0.901428 0.000000 -0.432930 0.785289 0.785289 0.785289
7714.604980 0.000000 3906.041748 0.000000 0.686306 0.000000 -0.727313 0.857978 0.857978 0.857978
7727.908691 0.000000 3904.310059 0.000000 0.540560 0.000000 -0.841306 0.820546 0.820546 0.820546
7732.834473 0.000000 3866.145996 0.000000 0.361461 0.000000 -0.932387 0.941360 0.941360 0.941360
7726.124512 0.000000 3956.581055 0.000000 0.872856 0.000000 0.487978 0.632294 0.632294 0.632294
7700.078613 0.000000 3899.831787 0.000000 0.899532 0.000000 0.436854 0.613881 0.613881 0.613881
7712.697266 0.000000 3921.259277 0.000000 0.517521 0.000000 0.855670 0.481071 0.481071 0.481071
7695.019531 0.000000 3867.145996 0.000000 0.707483 0.000000 -0.706730 0.857736 0.857736 0.857736
7715.721680 0.000000 3914.382812 0.000000 0.955774 0.000000 -0.294102 0.758950 0.758950 0.758950
7717.696289 0.000000 3894.671143 0.000000 0.401817 0.000000 -0.915720 0.936629 0.936629 0.936629
7727.403320 0.000000 3952.059326 0.000000 0.295544 0.000000 -0.955329 0.944286 0.944286 0.944286
7707.978027 0.000000 3860.989258 0.000000 0.572383 0.000000 0.819987 0.535350 0.535350 0.535350
7667.180664 0.000000 3858.710449 0.000000 0.061349 0.000000 0.998116 0.454683 0.454683 0.454683
7729.276855 0.000000 3856.587646 0.000000 0.196036 0.000000 -0.980597 0.968831 0.968831 0.968831
7704.325684 0.000000 3911.441650 0.000000 0.848098 0.000000 0.529839 0.545813 0.545813 0.545813
7710.154297 0.000000 3897.355713 0.000000 0.226764 0.000000 -0.973950 0.873555 0.873555 0.873555
7691.100098 0.000000 3864.261963 0.000000 0.971243 0.000000 0.238091 0.661769 0.661769 0.661769
7739.544434 0.000000 3860.820068 0.000000 0.496786 0.000000 -0.867873 0.834068 0.834068 0.834068
7715.357422 0.000000 3886.550537 0.000000 0.289606 0.000000 0.957146 0.530396 0.530396 0.530396
7716.581543 0.000000 3882.015137 0.000000 0.999703 0.000000 -0.024385 0.704049 0.704049 0.704049
7715.908691 0.000000 3908.942627 0.000000 0.886150 0.000000 -0.463398 0.790939 0.790939 0.790939
7700.354980 0.000000 3873.780273 0.000000 0.863592 0.000000 -0.504191 0.777574 0.777574 0.777574
7720.077637 0.000000 3874.971191 0.000000 0.986757 0.000000 0.162203 0.678361 0.678361 0.678361
7731.169434 0.000000 3869.927490 0.000000 0.820201 0.000000 -0.572076 0.783018 0.783018 0.783018
7738.209473 0.000000 3857.772217 0.000000 0.779691 0.000000 -0.626165 0.804056 0.804056 0.804056
7717.461914 0.000000 3862.538330 0.000000 0.418215 0.000000 0.908348 0.526779 0.526779 0.526779
7715.710449 0.000000 3921.391113 0.000000 0.631272 0.000000 0.775561 0.551088 0.551088 0.551088
7705.197266 0.000000 3861.420898 0.000000 0.871488 0.000000 -0.490417 0.797637 0.797637 0.797637
7699.325684 0.000000 3865.199463 0.000000 0.894823 0.000000 0.446420 0.627216 0.627216 0.627216
7698.893555 0.000000 3900.720947 0.000000 0.177595 0.000000 0.984104 0.371534 0.371534 0.371534
7718.780273 0.000000 3867.795654 0.000000 0.112167 0.000000 -0.993689 0.914088 0.914088 0.914088
7715.944336 0.000000 3917.381104 0.000000 0.997389 0.000000 -0.072213 0.713767 0.713767 0.713767
7697.346680 0.000000 3898.462158 0.000000 0.915328 0.000000 0.402709 0.602940 0.602940 0.602940
7697.332031 0.000000 3866.041748 0.000000 0.469714 0.000000 0.882819 0.533628 0.533628 0.533628
7720.251465 0.000000 3888.013428 0.000000 0.638782 0.000000 -0.769388 0.905579 0.905579 0.905579
7713.648926 0.000000 3880.972168 0.000000 0.422228 0.000000 0.906490 0.527451 0.527451 0.527451
7713.238770 0.000000 3884.155762 0.000000 0.174744 0.000000 0.984614 0.478129 0.478129 0.478129
7712.252441 0.000000 3899.703857 0.000000 0.767584 0.000000 0.640949 0.580846 0.580846 0.580846
7713.087891 0.000000 3922.791260 0.000000 0.848533 0.000000 -0.529143 0.782827 0.782827 0.782827
7714.465820 0.000000 3894.003174 0.000000 0.631798 0.000000 0.775133 0.531053 0.531053 0.531053
7697.738281 0.000000 3894.859131 0.000000 0.673746 0.000000 0.738963 0.489290 0.489290 0.489290
7741.211914 0.000000 3863.202393 0.000000 0.961235 0.000000 0.275732 0.639464 0.639464 0.639464
7714.521484 0.000000 3900.713135 0.000000 0.155285 0.000000 -0.987870 0.952207 0.952207 0.952207
7717.929688 0.000000 3899.626709 0.000000 0.289270 0.000000 0.957248 0.479008 0.479008 0.479008
7710.673828 0.000000 3877.648682 0.000000 0.968148 0.000000 0.250378 0.644275 0.644275 0.644275
7716.140137 0.000000 3874.351807 0.000000 0.342357 0.000000 -0.939570 0.958268 0.958268 0.958268
7665.354980 0.000000 3857.051025 0.000000 0.831706 0.000000 -0.555216 0.796695 0.796695 0.796695
7699.673828 0.000000 3870.376465 0.000000 0.888675 0.000000 -0.458537 0.789073 0.789073 0.789073
7715.177734 0.000000 3891.738525 0.000000 0.473452 0.000000 0.880819 0.447654 0.447654 0.447654
7720.328613 0.000000 3910.109131 0.000000 0.147458 0.000000 0.989068 0.466273 0.466273 0.466273
7701.704102 0.000000 3900.916504 0.000000 0.853905 0.000000 0.520428 0.615824 0.615824 0.615824
7699.971191 0.000000 3888.255859 0.000000 0.923584 0.000000 -0.383397 0.763949 0.763949 0.763949
7700.437500 0.000000 3867.888672 0.000000 0.254092 0.000000 0.967180 0.477275 0.477275 0.477275
7714.906250 0.000000 3871.974121 0.000000 0.687755 0.000000 -0.725943 0.870369 0.870369 0.870369
7701.959473 0.000000 3898.061768 0.000000 0.305864 0.000000 -0.952075 0.940004 0.940004 0.940004
7703.839355 0.000000 3861.658691 0.000000 0.664474 0.000000 -0.747312 0.869622 0.869622 0.869622
7737.118164 0.000000 3859.923584 0.000000 0.422723 0.000000 0.906259 0.513657 0.513657 0.513657
7718.880859 0.000000 3872.456787 0.000000 0.810382 0.000000 0.585902 0.594978 0.594978 0.594978
7698.978027 0.000000 3887.225586 0.000000 0.958362 0.000000 0.285555 0.649393 0.649393 0.649393
7717.709473 0.000000 3880.175781 0.000000 0.967896 0.000000 0.251351 0.656042 0.656042 0.656042
7734.819336 0.000000 3858.958496 0.000000 0.778290 0.000000 0.627904 0.565941 0.565941 0.565941
7716.048828 0.000000 3901.474854 0.000000 0.663706 0.000000 0.747993 0.546416 0.546416 0.546416
7713.583496 0.000000 3891.309326 0.000000 0.971550 0.000000 -0.236835 0.737607 0.737607 0.737607
7708.356445 0.000000 3871.822266 0.000000 0.347462 0.000000 0.937694 0.447131 0.447131 0.447131
7701.903320 0.000000 3904.047607 0.000000 0.005792 0.000000 0.999983 0.421032 0.421032 0.421032
7726.695801 0.000000 3914.925781 0.000000 0.599507 0.000000 0.800369 0.524867 0.524867 0.524867
7706.736816 0.000000 3888.714355 0.000000 0.738926 0.000000 0.673786 0.506196 0.506196 0.506196
7730.299805 0.000000 3867.131592 0.000000 0.229508 0.000000 -0.973307 0.922339 0.922339 0.922339
7702.866699 0.000000 3909.252197 0.000000 0.827735 0.000000 -0.561119 0.814521 0.814521 0.814521
7730.702637 0.000000 3864.557373 0.000000 0.999441 0.000000 0.033425 0.693515 0.693515 0.693515
7725.870605 0.000000 3957.956543 0.000000 0.631043 0.000000 -0.775748 0.900166 0.900166 0.900166
7707.065918 0.000000 3864.938721 0.000000 0.746091 0.000000 -0.665844 0.943206 0.943206 0.943206
7703.927734 0.000000 3908.450684 0.000000 0.502554 0.000000 -0.864546 0.900740 0.900740 0.900740
7715.585449 0.000000 3889.494873 0.000000 0.514950 0.000000 -0.857220 0.957363 0.957363 0.957363
7699.813477 0.000000 3889.586670 0.000000 0.124266 0.000000 -0.992249 0.935045 0.935045 0.935045
7697.083496 0.000000 3899.759277 0.000000 0.670748 0.000000 0.741685 0.504327 0.504327 0.504327
7718.970215 0.000000 3856.510010 0.000000 0.656354 0.000000 0.754453 0.525217 0.525217 0.525217
7703.546875 0.000000 3883.153320 0.000000 0.831344 0.000000 -0.555758 0.849322 0.849322 0.849322
7707.388184 0.000000 3910.530762 0.000000 0.704856 0.000000 -0.709351 0.844701 0.844701 0.844701
7701.339844 0.000000 3905.290283 0.000000 0.043010 0.000000 -0.999075 0.972331 0.972331 0.972331
7726.066406 0.000000 3950.610596 0.000000 0.624255 0.000000 -0.781221 0.867660 0.867660 0.867660
7717.560547 0.000000 3882.922119 0.000000 0.957368 0.000000 0.288872 0.651348 0.651348 0.651348
7706.491211 0.000000 3889.980957 0.000000 0.414564 0.000000 -0.910020 0.999710 0.999710 0.999710
7717.696289 0.000000 3874.239014 0.000000 0.418945 0.000000 0.908011 0.459253 0.459253 0.459253
7706.882812 0.000000 3892.178711 0.000000 0.895781 0.000000 -0.444497 0.784521 0.784521 0.784521
7713.816895 0.000000 3898.191162 0.000000 0.999128 0.000000 -0.041760 0.707154 0.707154 0.707154
7719.832520 0.000000 3857.902344 0.000000 0.175258 0.000000 0.984523 0.414844 0.414844 0.414844
7720.317383 0.000000 3892.147949 0.000000 0.175204 0.000000 0.984532 0.424582 0.424582 0.424582
7702.694336 0.000000 3884.749512 0.000000 0.993797 0.000000 -0.111213 0.722981 0.722981 0.722981
7706.563477 0.000000 3878.959229 0.000000 0.866303 0.000000 0.499519 0.600367 0.600367 0.600367
7706.626953 0.000000 3913.080811 0.000000 0.514677 0.000000 0.857384 0.471362 0.471362 0.471362
7727.547852 0.000000 3852.924561 0.000000 0.832982 0.000000 -0.553300 0.808612 0.808612 0.808612
7708.822754 0.000000 3892.431396 0.000000 0.449629 0.000000 -0.893216 0.898802 0.898802 0.898802
7694.595703 0.000000 3864.770264 0.000000 0.282308 0.000000 0.959324 0.453057 0.453057 0.453057
7712.958984 0.000000 3873.095459 0.000000 0.173042 0.000000 0.984914 0.436354 0.436354 0.436354
7704.644531 0.000000 3866.603516 0.000000 0.538377 0.000000 0.842704 0.400480 0.400480 0.400480
7696.627441 0.000000 3892.405273 0.000000 0.691169 0.000000 -0.722693 0.870792 0.870792 0.870792
7704.903320 0.000000 3892.100098 0.000000 0.718057 0.000000 0.695984 0.525115 0.525115 0.525115
7727.161133 0.000000 3857.293945 0.000000 0.201783 0.000000 -0.979430 1.005924 1.005924 1.005924
7711.207031 0.000000 3874.876221 0.000000 0.985894 0.000000 0.167370 0.664147 0.664147 0.664147
7740.096680 0.000000 3863.792969 0.000000 0.822408 0.000000 0.568898 0.568860 0.568860 0.568860
7697.088867 0.000000 3895.902832 0.000000 0.620439 0.000000 -0.784254 0.928438 0.928438 0.928438
7715.110352 0.000000 3880.686523 0.000000 0.736123 0.000000 -0.676847 0.846819 0.846819 0.846819
7708.387207 0.000000 3878.120361 0.000000 0.555986 0.000000 -0.831192 0.904063 0.904063 0.904063
7699.881836 0.000000 3898.626953 0.000000 0.153070 0.000000 0.988215 0.335949 0.335949 0.335949
7707.581055 0.000000 3867.489014 0.000000 0.639988 0.000000 0.768385 0.497851 0.497851 0.497851
7715.257812 0.000000 3919.527100 0.000000 0.572561 0.000000 -0.819862 0.909966 0.909966 0.909966
7707.690430 0.000000 3903.624756 0.000000 0.999683 0.000000 0.025186 0.693221 0.693221 0.693221
7704.524902 0.000000 3889.975098 0.000000 0.182899 0.000000 -0.983132 1.046583 1.046583 1.046583
7697.889160 0.000000 3897.348877 0.000000 0.891748 0.000000 -0.452532 0.825563 0.825563 0.825563
7707.840820 0.000000 3886.279297 0.000000 0.994960 0.000000 0.100273 0.666298 0.666298 0.666298
7710.003418 0.000000 3875.073242 0.000000 0.433530 0.000000 -0.901139 0.939299 0.939299 0.939299
7707.362793 0.000000 3863.246094 0.000000 0.149882 0.000000 0.988704 0.382282 0.382282 0.382282
7719.320801 0.000000 3885.552490 0.000000 0.722471 0.000000 -0.691402 0.882779 0.882779 0.882779
7699.253418 0.000000 3901.849365 0.000000 0.583731 0.000000 0.811947 0.476467 0.476467 0.476467
7705.090820 0.000000 3888.056641 0.000000 0.134516 0.000000 -0.990911 1.058831 1.058831 1.058831
7709.474121 0.000000 3876.050049 0.000000 0.780854 0.000000 -0.624713 0.894569 0.894569 0.894569
7708.899902 0.000000 3884.916016 0.000000 0.861986 0.000000 -0.506932 0.896030 0.896030 0.896030
7702.634766 0.000000 3882.471436 0.000000 0.900490 0.000000 -0.434876 0.814005 0.814005 0.814005
7704.924316 0.000000 3910.492676 0.000000 0.373986 0.000000 0.927435 0.372111 0.372111 0.372111
7707.210938 0.000000 3902.595459 0.000000 0.336681 0.000000 0.941619 0.369671 0.369671 0.369671
7709.924805 0.000000 3885.537842 0.000000 0.879403 0.000000 0.476078 0.517035 0.517035 0.517035
7706.515137 0.000000 3887.690186 0.000000 0.718539 0.000000 0.695486 0.441940 0.441940 0.441940
7709.963867 0.000000 3876.936279 0.000000 0.443072 0.000000 -0.896486 1.020581 1.020581 1.020581
7706.365234 0.000000 3865.655029 0.000000 0.508381 0.000000 0.861132 0.353697 0.353697 0.353697
7706.905762 0.000000 3886.768555 0.000000 0.199024 0.000000 0.979995 0.240170 0.240170 0.240170
7705.740234 0.000000 3867.512451 0.000000 0.174637 0.000000 -0.984633 1.116955 1.116955 1.116955
7706.753418 0.000000 3864.042725 0.000000 0.866008 0.000000 -0.500030 0.874783 0.874783 0.874783
7707.925293 0.000000 3865.312988 0.000000 0.838448 0.000000 -0.544982 0.892385 0.892385 0.892385
7828.140137 0.000000 3884.354980 0.000000 0.162124 0.000000 -0.986770 0.786118 0.786118 0.786118
7769.319824 0.000000 3872.964355 0.000000 0.935268 0.000000 0.353940 0.696207 0.696207 0.696207
7745.714844 0.000000 3853.777344 0.000000 0.995597 0.000000 0.093733 0.692290 0.692290 0.692290
7795.980469 0.000000 3886.035400 0.000000 0.199207 0.000000 0.979957 0.589847 0.589847 0.589847
7811.626953 0.000000 3905.121582 0.000000 0.650837 0.000000 0.759217 0.698493 0.698493 0.698493
7776.112793 0.000000 3892.806641 0.000000 0.940981 0.000000 -0.338459 0.757927 0.757927 0.757927
7744.273438 0.000000 3875.136719 0.000000 0.112733 0.000000 0.993625 0.697452 0.697452 0.697452
7822.617676 0.000000 3860.115723 0.000000 0.330794 0.000000 -0.943703 0.844446 0.844446 0.844446
7760.375000 0.000000 3859.544434 0.000000 0.637727 0.000000 0.770262 0.610879 0.610879 0.610879
7789.139160 0.000000 3852.438232 0.000000 0.775174 0.000000 0.631748 0.625910 0.625910 0.625910
7826.163086 0.000000 3900.057129 0.000000 0.050258 0.000000 0.998736 0.577767 0.577767 0.577767
7782.574219 0.000000 3880.283936 0.000000 0.537792 0.000000 0.843077 0.633394 0.633394 0.633394
7765.160645 0.000000 3885.460938 0.000000 0.264592 0.000000 0.964360 0.647626 0.647626 0.647626
7756.368164 0.000000 3871.268311 0.000000 0.658530 0.000000 0.752555 0.525807 0.525807 0.525807
7773.353516 0.000000 3904.635254 0.000000 0.697825 0.000000 0.716268 0.623256 0.623256 0.623256
7788.002930 0.000000 3894.757324 0.000000 0.986240 0.000000 0.165322 0.682295 0.682295 0.682295
7776.601562 0.000000 3863.666260 0.000000 0.690947 0.000000 0.722905 0.606805 0.606805 0.606805
7793.631836 0.000000 3914.452637 0.000000 0.184340 0.000000 -0.982863 0.729053 0.729053 0.729053
7742.527832 0.000000 3863.856689 0.000000 0.998311 0.000000 -0.058098 0.704673 0.704673 0.704673
7812.132324 0.000000 3862.388428 0.000000 0.979439 0.000000 0.201742 0.695385 0.695385 0.695385
7754.924316 0.000000 3881.489258 0.000000 0.807212 0.000000 -0.590261 0.726481 0.726481 0.726481
7804.599609 0.000000 3931.253906 0.000000 0.455353 0.000000 -0.890311 0.855430 0.855430 0.855430
7821.372559 0.000000 3891.809082 0.000000 0.315087 0.000000 0.949063 0.623528 0.623528 0.623528
7773.455566 0.000000 3881.173340 0.000000 0.914756 0.000000 0.404006 0.638221 0.638221 0.638221
7751.507812 0.000000 3861.913818 0.000000 0.652806 0.000000 -0.757525 0.721029 0.721029 0.721029
7797.445312 0.000000 3856.425049 0.000000 0.132446 0.000000 -0.991190 0.765337 0.765337 0.765337
7755.189941 0.000000 3851.525635 0.000000 0.129548 0.000000 0.991573 0.684892 0.684892 0.684892
7742.833984 0.000000 3935.114990 0.000000 0.783836 0.000000 -0.620968 0.711708 0.711708 0.711708
7767.624512 0.000000 3864.354248 0.000000 0.970458 0.000000 0.241271 0.651028 0.651028 0.651028
7824.858887 0.000000 3851.794922 0.000000 0.019463 0.000000 -0.999811 0.775910 0.775910 0.775910
7780.457031 0.000000 3871.494385 0.000000 0.594105 0.000000 0.804388 0.649366 0.649366 0.649366
7757.379395 0.000000 3932.363525 0.000000 0.998239 0.000000 -0.059312 0.700622 0.700622 0.700622
7815.622070 0.000000 3941.249023 0.000000 0.868401 0.000000 0.495863 0.645598 0.645598 0.645598
7815.139648 0.000000 3897.233154 0.000000 0.925781 0.000000 -0.378059 0.796888 0.796888 0.796888
7766.847656 0.000000 3854.701416 0.000000 0.036850 0.000000 0.999321 0.616899 0.616899 0.616899
7759.563477 0.000000 3891.319336 0.000000 0.915065 0.000000 -0.403306 0.727568 0.727568 0.727568
7789.633789 0.000000 3907.916260 0.000000 0.150562 0.000000 0.988601 0.570989 0.570989 0.570989
7748.693848 0.000000 3869.023438 0.000000 0.683325 0.000000 -0.730115 0.744342 0.744342 0.744342
7789.157227 0.000000 3883.495361 0.000000 0.108318 0.000000 0.994116 0.679557 0.679557 0.679557
7753.977539 0.000000 3938.480713 0.000000 0.526740 0.000000 0.850026 0.604117 0.604117 0.604117
7794.595215 0.000000 3893.259766 0.000000 0.894023 0.000000 0.448020 0.691070 0.691070 0.691070
7761.056152 0.000000 3866.391357 0.000000 0.771708 0.000000 -0.635977 0.884298 0.884298 0.884298
7751.216797 0.000000 3875.937256 0.000000 0.941543 0.000000 -0.336894 0.766055 0.766055 0.766055
7772.338379 0.000000 3858.529053 0.000000 0.206290 0.000000 -0.978491 0.802425 0.802425 0.802425
7781.726562 0.000000 3896.464600 0.000000 0.796551 0.000000 0.604571 0.673905 0.673905 0.673905
7808.795410 0.000000 3898.412109 0.000000 0.441974 0.000000 0.897028 0.690275 0.690275 0.690275
7810.270020 0.000000 3935.521729 0.000000 0.615000 0.000000 -0.788527 0.720638 0.720638 0.720638
7790.112305 0.000000 3901.002930 0.000000 0.832660 0.000000 -0.553784 0.711282 0.711282 0.711282
7782.534180 0.000000 3865.706055 0.000000 0.157167 0.000000 0.987572 0.653083 0.653083 0.653083
7797.188965 0.000000 3932.608154 0.000000 0.762770 0.000000 -0.646670 0.743012 0.743012 0.743012
7775.216797 0.000000 3875.293457 0.000000 0.109625 0.000000 0.993973 0.682128 0.682128 0.682128
7827.831543 0.000000 3890.332764 0.000000 0.645199 0.000000 -0.764014 0.859552 0.859552 0.859552
7773.305176 0.000000 3868.634277 0.000000 0.305822 0.000000 -0.952089 0.781472 0.781472 0.781472
7751.378906 0.000000 3855.947266 0.000000 0.988461 0.000000 0.151474 0.671832 0.671832 0.671832
7790.435547 0.000000 3889.230469 0.000000 0.552733 0.000000 -0.833358 0.727546 0.727546 0.727546
7811.054199 0.000000 3856.642090 0.000000 0.051388 0.000000 0.998679 0.588479 0.588479 0.588479
7800.767578 0.000000 3851.541748 0.000000 0.971299 0.000000 0.237863 0.644179 0.644179 0.644179
7820.218262 0.000000 3900.742920 0.000000 0.999482 0.000000 -0.032169 0.703036 0.703036 0.703036
7778.937500 0.000000 3906.921143 0.000000 0.879136 0.000000 -0.476571 0.752955 0.752955 0.752955
7763.388184 0.000000 3871.821289 0.000000 0.003414 0.000000 -0.999994 1.025957 1.025957 1.025957
7758.853027 0.000000 3885.554688 0.000000 0.900458 0.000000 -0.434943 0.742464 0.742464 0.742464
7796.941895 0.000000 3909.320312 0.000000 0.094379 0.000000 0.995536 0.666461 0.666461 0.666461
7760.531250 0.000000 3853.562012 0.000000 0.356892 0.000000 -0.934146 0.906519 0.906519 0.906519
7817.162598 0.000000 3858.773682 0.000000 0.912780 0.000000 0.408451 0.681617 0.681617 0.681617
7742.375488 0.000000 3869.839355 0.000000 0.405588 0.000000 0.914056 0.655664 0.655664 0.655664
7794.692871 0.000000 3851.438721 0.000000 0.995452 0.000000 0.095268 0.689995 0.689995 0.689995
7756.582031 0.000000 3863.659424 0.000000 0.768337 0.000000 0.640045 0.536137 0.536137 0.536137
7743.851562 0.000000 3930.021973 0.000000 0.210572 0.000000 0.977578 0.529048 0.529048 0.529048
7816.848145 0.000000 3935.979736 0.000000 0.380758 0.000000 0.924675 0.673188 0.673188 0.673188
7808.728027 0.000000 3892.704590 0.000000 0.888751 0.000000 0.458390 0.667545 0.667545 0.667545
7825.510742 0.000000 3894.915771 0.000000 0.626963 0.000000 0.779049 0.643809 0.643809 0.643809
7756.793945 0.000000 3876.500488 0.000000 0.792402 0.000000 -0.609999 0.753886 0.753886 0.753886
7770.420410 0.000000 3885.365479 0.000000 0.582331 0.000000 -0.812952 0.719906 0.719906 0.719906
7816.357422 0.000000 3903.745117 0.000000 0.251400 0.000000 -0.967883 0.718408 0.718408 0.718408
7820.836426 0.000000 3864.873047 0.000000 0.369640 0.000000 -0.929175 0.725001 0.725001 0.725001
7765.687500 0.000000 3859.841064 0.000000 0.728404 0.000000 0.685148 0.655151 0.655151 0.655151
7800.296387 0.000000 3928.805420 0.000000 0.795066 0.000000 -0.606523 0.718222 0.718222 0.718222
7756.209473 0.000000 3856.474365 0.000000 0.991313 0.000000 0.131527 0.684094 0.684094 0.684094
7785.274414 0.000000 3870.718506 0.000000 0.436880 0.000000 0.899520 0.477134 0.477134 0.477134
7816.678223 0.000000 3892.556152 0.000000 0.208651 0.000000 0.977990 0.609645 0.609645 0.609645
7753.062988 0.000000 3867.077637 0.000000 0.642680 0.000000 -0.766134 0.719829 0.719829 0.719829
7777.854492 0.000000 3879.212402 0.000000 0.450403 0.000000 0.892826 0.512926 0.512926 0.512926
7793.707520 0.000000 3897.882324 0.000000 0.407213 0.000000 -0.913333 0.770426 0.770426 0.770426
7819.734863 0.000000 3896.135498 0.000000 0.236627 0.000000 0.971600 0.416031 0.416031 0.416031
7749.681641 0.000000 3851.441895 0.000000 0.544239 0.000000 0.838930 0.680867 0.680867 0.680867
7792.624512 0.000000 3855.680664 0.000000 0.025474 0.000000 0.999675 0.392134 0.392134 0.392134
7747.021484 0.000000 3864.476074 0.000000 0.998900 0.000000 -0.046898 0.700984 0.700984 0.700984
7780.753418 0.000000 3884.540039 0.000000 0.988747 0.000000 0.149600 0.693702 0.693702 0.693702
7752.389160 0.000000 3932.243652 0.000000 0.503191 0.000000 0.864175 0.659880 0.659880 0.659880
7759.329590 0.000000 3881.022217 0.000000 0.823360 0.000000 -0.567519 0.814957 0.814957 0.814957
7772.207031 0.000000 3864.228271 0.000000 0.128266 0.000000 0.991740 0.604228 0.604228 0.604228
7780.500000 0.000000 3892.134033 0.000000 0.560183 0.000000 0.828369 0.553286 0.553286 0.553286
7767.034668 0.000000 3869.153809 0.000000 0.302050 0.000000 0.953292 0.523291 0.523291 0.523291
7813.002441 0.000000 3900.999268 0.000000 0.781429 0.000000 0.623994 0.674093 0.674093 0.674093
7808.933594 0.000000 3931.193359 0.000000 0.555924 0.000000 0.831233 0.518216 0.518216 0.518216
7778.030762 0.000000 3867.849121 0.000000 0.991119 0.000000 0.132978 0.689744 0.689744 0.689744
7752.149902 0.000000 3871.739502 0.000000 0.359950 0.000000 -0.932972 0.727321 0.727321 0.727321
7742.753418 0.000000 3856.851318 0.000000 0.730908 0.000000 -0.682476 0.744631 0.744631 0.744631
7771.495117 0.000000 3877.338867 0.000000 0.989432 0.000000 0.144995 0.697203 0.697203 0.697203
7748.015625 0.000000 3873.193604 0.000000 0.909498 0.000000 -0.415708 0.736712 0.736712 0.736712
7780.229980 0.000000 3861.339355 0.000000 0.958404 0.000000 -0.285414 0.709611 0.709611 0.709611
7769.912598 0.000000 3851.847656 0.000000 0.443114 0.000000 0.896465 0.497945 0.497945 0.497945
7812.710938 0.000000 3893.926025 0.000000 0.988826 0.000000 0.149077 0.674112 0.674112 0.674112
7787.458008 0.000000 3904.251465 0.000000 0.965705 0.000000 -0.259641 0.707803 0.707803 0.707803
7801.110352 0.000000 3933.409180 0.000000 0.829949 0.000000 -0.557839 0.717581 0.717581 0.717581
7759.667969 0.000000 3873.534912 0.000000 0.809477 0.000000 -0.587151 0.720837 0.720837 0.720837
7763.072754 0.000000 3862.876953 0.000000 0.989259 0.000000 -0.146172 0.710511 0.710511 0.710511
7792.983398 0.000000 3910.426270 0.000000 0.058697 0.000000 -0.998276 0.850620 0.850620 0.850620
7763.155273 0.000000 3856.636963 0.000000 0.247898 0.000000 0.968786 0.605400 0.605400 0.605400
7828.808105 0.000000 3852.625732 0.000000 0.085288 0.000000 -0.996356 0.858348 0.858348 0.858348
7791.936523 0.000000 3904.477051 0.000000 0.527541 0.000000 -0.849530 0.861430 0.861430 0.861430
7824.030762 0.000000 3888.681152 0.000000 0.903481 0.000000 0.428627 0.689936 0.689936 0.689936
7769.368652 0.000000 3860.981445 0.000000 0.605427 0.000000 0.795901 0.560048 0.560048 0.560048
7822.967773 0.000000 3898.068848 0.000000 0.968098 0.000000 -0.250572 0.733639 0.733639 0.733639
7749.866699 0.000000 3939.019043 0.000000 0.993164 0.000000 0.116730 0.694071 0.694071 0.694071
7754.946289 0.000000 3860.072266 0.000000 0.727033 0.000000 0.686602 0.595516 0.595516 0.595516
7772.469238 0.000000 3893.762939 0.000000 0.988761 0.000000 0.149503 0.688723 0.688723 0.688723
7757.562500 0.000000 3867.590088 0.000000 0.736038 0.000000 -0.676941 0.829950 0.829950 0.829950
7770.469238 0.000000 3902.081543 0.000000 0.398840 0.000000 0.917020 0.645240 0.645240 0.645240
7777.418945 0.000000 3882.895752 0.000000 0.478485 0.000000 -0.878096 0.728098 0.728098 0.728098
7775.886230 0.000000 3860.001221 0.000000 0.791306 0.000000 -0.611420 0.797721 0.797721 0.797721
7792.815918 0.000000 3884.031250 0.000000 0.969711 0.000000 0.244254 0.679733 0.679733 0.679733
7794.839355 0.000000 3889.510254 0.000000 0.546530 0.000000 -0.837439 0.901216 0.901216 0.901216
7745.312500 0.000000 3867.806152 0.000000 0.978514 0.000000 -0.206179 0.733026 0.733026 0.733026
7784.121582 0.000000 3893.557861 0.000000 0.999998 0.000000 0.002030 0.699581 0.699581 0.699581
7813.581543 0.000000 3859.124756 0.000000 0.272906 0.000000 0.962041 0.464747 0.464747 0.464747
7776.838867 0.000000 3903.877197 0.000000 0.904466 0.000000 0.426545 0.663805 0.663805 0.663805
7819.197266 0.000000 3861.689453 0.000000 0.266524 0.000000 -0.963828 0.904626 0.904626 0.904626
7794.663086 0.000000 3858.731934 0.000000 0.104080 0.000000 -0.994569 0.764072 0.764072 0.764072
7767.772949 0.000000 3887.873291 0.000000 0.376808 0.000000 0.926291 0.654462 0.654462 0.654462
7763.958496 0.000000 3852.748291 0.000000 0.868488 0.000000 -0.495709 0.779762 0.779762 0.779762
7764.646484 0.000000 3866.319336 0.000000 0.469238 0.000000 0.883072 0.565701 0.565701 0.565701
7767.729492 0.000000 3883.070068 0.000000 0.762931 0.000000 -0.646479 0.783537 0.783537 0.783537
7769.800781 0.000000 3867.057373 0.000000 0.693245 0.000000 0.720702 0.602953 0.602953 0.602953
7809.461914 0.000000 3860.050781 0.000000 0.796355 0.000000 0.604829 0.670486 0.670486 0.670486
7790.846191 0.000000 3892.763672 0.000000 0.923978 0.000000 -0.382446 0.754866 0.754866 0.754866
7807.270508 0.000000 3856.693604 0.000000 0.906761 0.000000 -0.421645 0.774544 0.774544 0.774544
7760.269531 0.000000 3869.913818 0.000000 0.950556 0.000000 -0.310554 0.778914 0.778914 0.778914
7813.661133 0.000000 3934.076172 0.000000 0.322737 0.000000 -0.946489 0.782491 0.782491 0.782491
7755.000977 0.000000 3935.045166 0.000000 0.558205 0.000000 0.829703 0.542667 0.542667 0.542667
7790.255859 0.000000 3897.576904 0.000000 0.479070 0.000000 0.877777 0.495950 0.495950 0.495950
7816.599121 0.000000 3900.305176 0.000000 0.807615 0.000000 0.589710 0.664730 0.664730 0.664730
7806.441406 0.000000 3895.231201 0.000000 0.022338 0.000000 -0.999750 0.805536 0.805536 0.805536
7778.513672 0.000000 3895.462646 0.000000 0.409470 0.000000 0.912323 0.521302 0.521302 0.521302
7768.684082 0.000000 3857.532715 0.000000 0.608791 0.000000 0.793331 0.632748 0.632748 0.632748
7823.844238 0.000000 3863.354492 0.000000 0.960797 0.000000 0.277252 0.667597 0.667597 0.667597
7742.973633 0.000000 3860.405273 0.000000 0.649051 0.000000 -0.760745 0.740789 0.740789 0.740789
7828.182129 0.000000 3905.022461 0.000000 0.799378 0.000000 -0.600829 0.737171 0.737171 0.737171
7747.954102 0.000000 3856.216553 0.000000 0.420995 0.000000 0.907063 0.640429 0.640429 0.640429
7823.355957 0.000000 3901.891846 0.000000 0.586504 0.000000 0.809946 0.564714 0.564714 0.564714
7813.819824 0.000000 3937.445068 0.000000 0.652569 0.000000 -0.757729 0.781141 0.781141 0.781141
7744.914062 0.000000 3871.979248 0.000000 0.825884 0.000000 -0.563841 0.735593 0.735593 0.735593
7754.717285 0.000000 3874.011963 0.000000 0.104774 0.000000 0.994496 0.415656 0.415656 0.415656
7797.642090 0.000000 3852.713135 0.000000 0.348669 0.000000 0.937246 0.555657 0.555657 0.555657
7811.921875 0.000000 3897.547363 0.000000 0.935520 0.000000 0.353274 0.670974 0.670974 0.670974
7782.590332 0.000000 3868.849365 0.000000 0.793305 0.000000 -0.608824 0.741181 0.741181 0.741181
7759.936523 0.000000 3863.424561 0.000000 0.874189 0.000000 0.485585 0.640632 0.640632 0.640632
7780.426270 0.000000 3904.149658 0.000000 0.365657 0.000000 0.930750 0.574545 0.574545 0.574545
7795.856445 0.000000 3912.242432 0.000000 0.998816 0.000000 0.048639 0.693878 0.693878 0.693878
7758.042969 0.000000 3888.607178 0.000000 0.381106 0.000000 0.924531 0.464954 0.464954 0.464954
7825.025391 0.000000 3891.699219 0.000000 0.913214 0.000000 0.407480 0.652326 0.652326 0.652326
7828.348633 0.000000 3893.397705 0.000000 0.011817 0.000000 0.999930 0.520186 0.520186 0.520186
7751.979492 0.000000 3935.984619 0.000000 0.906621 0.000000 0.421947 0.682492 0.682492 0.682492
7779.583008 0.000000 3864.563477 0.000000 0.977141 0.000000 0.212591 0.683902 0.683902 0.683902
7827.938965 0.000000 3897.386230 0.000000 0.936605 0.000000 -0.350388 0.763812 0.763812 0.763812
7785.387695 0.000000 3867.047363 0.000000 0.409664 0.000000 0.912237 0.663866 0.663866 0.663866
7788.341797 0.000000 3870.206543 0.000000 0.797717 0.000000 0.603032 0.676245 0.676245 0.676245
7742.659668 0.000000 3853.166748 0.000000 0.075038 0.000000 -0.997181 0.864672 0.864672 0.864672
7803.170410 0.000000 3853.631836 0.000000 0.864886 0.000000 -0.501969 0.744112 0.744112 0.744112
7758.247070 0.000000 3851.531250 0.000000 0.086635 0.000000 -0.996240 1.037156 1.037156 1.037156
7755.965820 0.000000 3884.380371 0.000000 0.481554 0.000000 0.876416 0.574907 0.574907 0.574907
7770.379883 0.000000 3870.089111 0.000000 0.254850 0.000000 0.966981 0.658694 0.658694 0.658694
7774.949219 0.000000 3878.337402 0.000000 0.431466 0.000000 0.902129 0.472005 0.472005 0.472005
7792.629395 0.000000 3887.072510 0.000000 0.372884 0.000000 -0.927878 0.824639 0.824639 0.824639
7759.458984 0.000000 3856.376709 0.000000 0.660753 0.000000 0.750603 0.548667 0.548667 0.548667
7798.366699 0.000000 3935.447998 0.000000 0.772769 0.000000 -0.634687 0.809350 0.809350 0.809350
7770.239746 0.000000 3881.380859 0.000000 0.054450 0.000000 0.998516 0.432361 0.432361 0.432361
7759.447754 0.000000 3878.022949 0.000000 0.561598 0.000000 -0.827410 0.797070 0.797070 0.797070
7763.041504 0.000000 3868.827393 0.000000 0.741622 0.000000 0.670818 0.503392 0.503392 0.503392
7799.969238 0.000000 3854.628174 0.000000 0.894237 0.000000 0.447594 0.682158 0.682158 0.682158
7820.093262 0.000000 3858.125000 0.000000 0.510510 0.000000 -0.859872 0.786821 0.786821 0.786821
7775.036133 0.000000 3866.209961 0.000000 0.479745 0.000000 -0.877408 0.772956 0.772956 0.772956
7773.371582 0.000000 3861.428711 0.000000 0.413477 0.000000 -0.910515 0.774006 0.774006 0.774006
7757.797852 0.000000 3860.910645 0.000000 0.679677 0.000000 0.733512 0.527309 0.527309 0.527309
7822.628418 0.000000 3894.637207 0.000000 0.860631 0.000000 -0.509229 0.736415 0.736415 0.736415
7792.437012 0.000000 3895.248779 0.000000 0.620359 0.000000 0.784318 0.624371 0.624371 0.624371
7809.806152 0.000000 3895.554688 0.000000 0.069694 0.000000 0.997568 0.393085 0.393085 0.393085
7742.550781 0.000000 3866.950928 0.000000 0.949401 0.000000 0.314067 0.658127 0.658127 0.658127
7795.302246 0.000000 3854.394775 0.000000 0.917230 0.000000 -0.398358 0.749406 0.749406 0.749406
7780.011719 0.000000 3881.639648 0.000000 0.000556 0.000000 -1.000000 0.897577 0.897577 0.897577
7785.281738 0.000000 3896.213867 0.000000 0.877661 0.000000 -0.479282 0.734067 0.734067 0.734067
7815.118652 0.000000 3861.458496 0.000000 0.549944 0.000000 0.835201 0.627446 0.627446 0.627446
7785.881836 0.000000 3873.452637 0.000000 0.990367 0.000000 -0.138466 0.710439 0.710439 0.710439
7754.097656 0.000000 3869.662842 0.000000 0.978967 0.000000 -0.204017 0.708976 0.708976 0.708976
7811.614746 0.000000 3932.105713 0.000000 0.402909 0.000000 -0.915240 0.776775 0.776775 0.776775
7756.929688 0.000000 3879.360596 0.000000 0.414382 0.000000 -0.910103 0.809913 0.809913 0.809913
7752.666992 0.000000 3858.519287 0.000000 0.076157 0.000000 -0.997096 0.937681 0.937681 0.937681
7827.783203 0.000000 3902.312012 0.000000 0.338629 0.000000 -0.940920 0.749252 0.749252 0.749252
7817.333496 0.000000 3939.042969 0.000000 0.907106 0.000000 0.420902 0.670390 0.670390 0.670390
7817.177734 0.000000 3895.268799 0.000000 0.910717 0.000000 0.413031 0.644938 0.644938 0.644938
7808.717285 0.000000 3928.394043 0.000000 0.494585 0.000000 -0.869129 0.762593 0.762593 0.762593
7753.781738 0.000000 3876.667969 0.000000 0.339549 0.000000 0.940588 0.588737 0.588737 0.588737
7756.864746 0.000000 3853.841064 0.000000 0.081866 0.000000 -0.996643 0.908150 0.908150 0.908150
7790.124512 0.000000 3886.092285 0.000000 0.111297 0.000000 0.993787 0.552089 0.552089 0.552089
7791.801270 0.000000 3852.988770 0.000000 0.972360 0.000000 -0.233486 0.732535 0.732535 0.732535
7766.348633 0.000000 3871.719482 0.000000 0.724533 0.000000 0.689240 0.592357 0.592357 0.592357
7765.785645 0.000000 3862.488770 0.000000 0.536896 0.000000 0.843648 0.626305 0.626305 0.626305
7818.557129 0.000000 3898.476074 0.000000 0.154815 0.000000 0.987943 0.427920 0.427920 0.427920
7742.312500 0.000000 3932.346680 0.000000 0.475624 0.000000 0.879649 0.606057 0.606057 0.606057
7765.862305 0.000000 3857.133301 0.000000 0.993154 0.000000 -0.116811 0.720051 0.720051 0.720051
7782.920410 0.000000 3891.352539 0.000000 0.991730 0.000000 0.128338 0.692353 0.692353 0.692353
7754.442383 0.000000 3854.579590 0.000000 0.930816 0.000000 0.365489 0.680384 0.680384 0.680384
7792.856445 0.000000 3891.113770 0.000000 0.976930 0.000000 -0.213559 0.711283 0.711283 0.711283
7749.144043 0.000000 3853.976807 0.000000 0.998260 0.000000 -0.058972 0.706290 0.706290 0.706290
7773.668945 0.000000 3891.510986 0.000000 0.024774 0.000000 -0.999693 0.799967 0.799967 0.799967
7787.656738 0.000000 3897.531250 0.000000 0.320994 0.000000 0.947081 0.532600 0.532600 0.532600
7755.424805 0.000000 3866.059082 0.000000 0.256342 0.000000 -0.966586 0.777930 0.777930 0.777930
7745.507324 0.000000 3856.833740 0.000000 0.982002 0.000000 0.188869 0.688046 0.688046 0.688046
7819.276367 0.000000 3893.464844 0.000000 0.898335 0.000000 -0.439311 0.737358 0.737358 0.737358
7813.826660 0.000000 3891.557373 0.000000 0.422474 0.000000 0.906375 0.638532 0.638532 0.638532
7782.675781 0.000000 3882.824707 0.000000 0.945904 0.000000 -0.324446 0.760055 0.760055 0.760055
7757.890625 0.000000 3858.386230 0.000000 0.147061 0.000000 0.989127 0.538334 0.538334 0.538334
7782.983887 0.000000 3885.988525 0.000000 0.746151 0.000000 -0.665777 0.743288 0.743288 0.743288
7748.614258 0.000000 3875.602295 0.000000 0.875270 0.000000 0.483635 0.644422 0.644422 0.644422
7757.166992 0.000000 3873.674561 0.000000 0.390928 0.000000 -0.920421 0.834851 0.834851 0.834851
7825.421875 0.000000 3897.470459 0.000000 0.954573 0.000000 0.297977 0.670918 0.670918 0.670918
7780.476074 0.000000 3867.458740 0.000000 0.746470 0.000000 0.665419 0.659285 0.659285 0.659285
7792.182617 0.000000 3908.062988 0.000000 0.544262 0.000000 0.838915 0.623469 0.623469 0.623469
7744.611328 0.000000 3865.294189 0.000000 0.964992 0.000000 -0.262280 0.715769 0.715769 0.715769
7778.886230 0.000000 3902.189209 0.000000 0.979788 0.000000 -0.200041 0.711263 0.711263 0.711263
7769.306152 0.000000 3855.137939 0.000000 0.870877 0.000000 -0.491501 0.731428 0.731428 0.731428
7791.338867 0.000000 3882.088135 0.000000 0.904133 0.000000 -0.427250 0.728544 0.728544 0.728544
7749.706055 0.000000 3871.380859 0.000000 0.453933 0.000000 -0.891036 0.822988 0.822988 0.822988
7746.489746 0.000000 3870.106201 0.000000 0.341486 0.000000 -0.939887 0.913607 0.913607 0.913607
7821.488281 0.000000 3862.503418 0.000000 0.516410 0.000000 0.856342 0.610162 0.610162 0.610162
7797.230469 0.000000 3888.987793 0.000000 0.986854 0.000000 -0.161616 0.711064 0.711064 0.711064
7767.313477 0.000000 3866.752441 0.000000 0.233221 0.000000 0.972424 0.571644 0.571644 0.571644
7777.032715 0.000000 3876.887939 0.000000 0.829652 0.000000 -0.558281 0.731054 0.731054 0.731054
7758.093262 0.000000 3883.210205 0.000000 0.950764 0.000000 0.309916 0.636122 0.636122 0.636122
7756.252930 0.000000 3886.806885 0.000000 0.010413 0.000000 -0.999946 0.931786 0.931786 0.931786
7775.933105 0.000000 3880.882568 0.000000 0.428666 0.000000 0.903463 0.599485 0.599485 0.599485
7775.710449 0.000000 3868.757812 0.000000 0.604311 0.000000 -0.796748 0.746722 0.746722 0.746722
7806.732910 0.000000 3930.169189 0.000000 0.358891 0.000000 -0.933379 0.910360 0.910360 0.910360
7769.895020 0.000000 3863.393799 0.000000 0.519062 0.000000 0.854737 0.592519 0.592519 0.592519
7766.735840 0.000000 3852.205322 0.000000 0.890362 0.000000 0.455253 0.659526 0.659526 0.659526
7789.652344 0.000000 3905.162598 0.000000 0.273896 0.000000 0.961759 0.532742 0.532742 0.532742
7750.444336 0.000000 3873.645264 0.000000 0.389993 0.000000 -0.920818 0.785889 0.785889 0.785889
7758.649414 0.000000 3865.427734 0.000000 0.358106 0.000000 -0.933681 0.830514 0.830514 0.830514
7771.979492 0.000000 3883.119385 0.000000 0.428795 0.000000 -0.903402 0.822180 0.822180 0.822180
7815.027344 0.000000 3894.319580 0.000000 0.226157 0.000000 0.974091 0.493515 0.493515 0.493515
7754.690430 0.000000 3932.619873 0.000000 0.882234 0.000000 -0.470812 0.729127 0.729127 0.729127
7774.518555 0.000000 3857.780762 0.000000 0.692858 0.000000 -0.721074 0.778815 0.778815 0.778815
7813.858398 0.000000 3939.733887 0.000000 0.406310 0.000000 0.913735 0.607361 0.607361 0.607361
7809.179199 0.000000 3933.453369 0.000000 0.852575 0.000000 0.522605 0.641379 0.641379 0.641379
7772.042969 0.000000 3866.520264 0.000000 0.184910 0.000000 0.982756 0.564475 0.564475 0.564475
7828.515625 0.000000 3899.877197 0.000000 0.702951 0.000000 0.711239 0.637774 0.637774 0.637774
7781.327148 0.000000 3894.228760 0.000000 0.689810 0.000000 -0.723990 0.825916 0.825916 0.825916
7786.328125 0.000000 3893.124512 0.000000 0.948434 0.000000 -0.316974 0.722546 0.722546 0.722546
7758.642578 0.000000 3871.500000 0.000000 0.998250 0.000000 0.059137 0.691210 0.691210 0.691210
7761.325195 0.000000 3882.098145 0.000000 0.836038 0.000000 0.548672 0.650267 0.650267 0.650267
7772.031738 0.000000 3879.465332 0.000000 0.204106 0.000000 -0.978949 0.940974 0.940974 0.940974
7814.528809 0.000000 3899.395996 0.000000 0.660752 0.000000 -0.750604 0.839464 0.839464 0.839464
7761.193359 0.000000 3871.912598 0.000000 0.391694 0.000000 -0.920096 0.867423 0.867423 0.867423
7794.949707 0.000000 3856.568359 0.000000 0.093017 0.000000 0.995664 0.475339 0.475339 0.475339
7777.845215 0.000000 3861.791992 0.000000 0.521761 0.000000 -0.853091 0.794649 0.794649 0.794649
7761.224609 0.000000 3861.706543 0.000000 0.730356 0.000000 0.683067 0.586987 0.586987 0.586987
7811.595215 0.000000 3860.263184 0.000000 0.002758 0.000000 0.999996 0.593129 0.593129 0.593129
7820.838379 0.000000 3898.691406 0.000000 0.945967 0.000000 0.324263 0.642866 0.642866 0.642866
7796.309570 0.000000 3934.585693 0.000000 0.880148 0.000000 -0.474699 0.742355 0.742355 0.742355
7762.514648 0.000000 3854.371826 0.000000 0.000150 0.000000 -1.000000 0.966249 0.966249 0.966249
7765.010254 0.000000 3869.899170 0.000000 0.910552 0.000000 0.413395 0.664250 0.664250 0.664250
7764.699219 0.000000 3855.142578 0.000000 0.720630 0.000000 -0.693320 0.797732 0.797732 0.797732
7790.064941 0.000000 3895.419434 0.000000 0.994345 0.000000 0.106197 0.679919 0.679919 0.679919
7777.557129 0.000000 3865.735596 0.000000 0.954972 0.000000 0.296697 0.670520 0.670520 0.670520
7753.738770 0.000000 3856.626465 0.000000 0.868087 0.000000 -0.496412 0.767177 0.767177 0.767177
7773.569824 0.000000 3876.670654 0.000000 0.999997 0.000000 0.002621 0.699776 0.699776 0.699776
7752.585938 0.000000 3874.272217 0.000000 0.272873 0.000000 -0.962050 0.951094 0.951094 0.951094
7754.937988 0.000000 3862.189209 0.000000 0.436046 0.000000 -0.899924 0.799786 0.799786 0.799786
7743.921875 0.000000 3854.983887 0.000000 0.647487 0.000000 -0.762076 0.848402 0.848402 0.848402
7767.324707 0.000000 3885.129883 0.000000 0.086056 0.000000 -0.996290 0.904967 0.904967 0.904967
7774.283691 0.000000 3863.552490 0.000000 0.737701 0.000000 -0.675127 0.777712 0.777712 0.777712
7812.442871 0.000000 3935.799805 0.000000 0.923634 0.000000 0.383275 0.673879 0.673879 0.673879
7790.208984 0.000000 3903.102295 0.000000 0.999216 0.000000 0.039602 0.696677 0.696677 0.696677
7792.444336 0.000000 3912.487793 0.000000 0.094388 0.000000 -0.995535 0.828995 0.828995 0.828995
7809.114746 0.000000 3857.809570 0.000000 0.937390 0.000000 -0.348280 0.744139 0.744139 0.744139
7762.820801 0.000000 3865.011719 0.000000 0.010555 0.000000 -0.999944 1.027198 1.027198 1.027198
7767.793945 0.000000 3859.457031 0.000000 0.534800 0.000000 0.844979 0.585666 0.585666 0.585666
7772.558594 0.000000 3902.405518 0.000000 0.660634 0.000000 -0.750708 0.832070 0.832070 0.832070
7826.958496 0.000000 3851.604248 0.000000 0.484740 0.000000 0.874658 0.571611 0.571611 0.571611
7813.533203 0.000000 3895.872314 0.000000 0.826327 0.000000 -0.563191 0.775274 0.775274 0.775274
7794.727539 0.000000 3909.261475 0.000000 0.992300 0.000000 0.123861 0.688715 0.688715 0.688715
7804.537109 0.000000 3929.115479 0.000000 0.569407 0.000000 0.822056 0.570144 0.570144 0.570144
7778.588379 0.000000 3893.152588 0.000000 0.960432 0.000000 0.278513 0.665473 0.665473 0.665473
7764.695312 0.000000 3873.417969 0.000000 0.812777 0.000000 -0.582575 0.747820 0.747820 0.747820
7756.283691 0.000000 3869.226074 0.000000 0.865089 0.000000 0.501618 0.615516 0.615516 0.615516
7823.794922 0.000000 3899.905273 0.000000 0.725191 0.000000 -0.688548 0.800872 0.800872 0.800872
7753.062012 0.000000 3934.185059 0.000000 0.410697 0.000000 -0.911772 0.858434 0.858434 0.858434
7771.390625 0.000000 3860.887451 0.000000 0.784899 0.000000 -0.619623 0.793428 0.793428 0.793428
7762.045410 0.000000 3852.122559 0.000000 0.967500 0.000000 0.252872 0.660685 0.660685 0.660685
7750.212402 0.000000 3937.035156 0.000000 0.925371 0.000000 -0.379063 0.739407 0.739407 0.739407
7759.655273 0.000000 3867.989014 0.000000 0.836878 0.000000 -0.547389 0.817424 0.817424 0.817424
7756.991211 0.000000 3881.369141 0.000000 0.729863 0.000000 0.683594 0.592140 0.592140 0.592140
7827.803711 0.000000 3895.337891 0.000000 0.024709 0.000000 -0.999695 0.872922 0.872922 0.872922
7823.387695 0.000000 3892.819824 0.000000 0.824632 0.000000 -0.565670 0.811377 0.811377 0.811377
7776.486328 0.000000 3858.079102 0.000000 0.452709 0.000000 -0.891658 0.819293 0.819293 0.819293
7764.696289 0.000000 3864.345703 0.000000 0.894085 0.000000 -0.447897 0.790899 0.790899 0.790899
7752.001953 0.000000 3937.992432 0.000000 0.265487 0.000000 0.964114 0.445143 0.445143 0.445143
7792.463379 0.000000 3889.178711 0.000000 0.908329 0.000000 -0.418257 0.747510 0.747510 0.747510
7760.003906 0.000000 3883.790283 0.000000 0.999775 0.000000 -0.021207 0.701816 0.701816 0.701816
7744.444824 0.000000 3869.699219 0.000000 0.966447 0.000000 0.256868 0.667313 0.667313 0.667313
7775.445801 0.000000 3861.933350 0.000000 0.429417 0.000000 0.903106 0.532598 0.532598 0.532598
7758.287598 0.000000 3869.445557 0.000000 0.886040 0.000000 0.463610 0.566051 0.566051 0.566051
7769.853516 0.000000 3883.416992 0.000000 0.473204 0.000000 -0.880953 0.899669 0.899669 0.899669
7774.943359 0.000000 3903.505859 0.000000 0.043533 0.000000 0.999052 0.531853 0.531853 0.531853
7778.609375 0.000000 3904.997070 0.000000 0.582767 0.000000 0.812639 0.529239 0.529239 0.529239
7768.567871 0.000000 3853.317139 0.000000 0.227687 0.000000 -0.973734 0.936711 0.936711 0.936711
7807.579590 0.000000 3859.021729 0.000000 0.777190 0.000000 -0.629266 0.757092 0.757092 0.757092
7818.919922 0.000000 3859.775879 0.000000 0.159502 0.000000 0.987198 0.552090 0.552090 0.552090
7815.895020 0.000000 3937.726807 0.000000 0.331271 0.000000 0.943536 0.493117 0.493117 0.493117
7794.534668 0.000000 3887.565186 0.000000 0.880898 0.000000 -0.473306 0.739635 0.739635 0.739635
7791.132812 0.000000 3906.407227 0.000000 0.813157 0.000000 0.582044 0.600118 0.600118 0.600118
7828.455078 0.000000 3888.503906 0.000000 0.915173 0.000000 -0.403061 0.771050 0.771050 0.771050
7821.627441 0.000000 3896.513184 0.000000 0.989659 0.000000 -0.143443 0.718363 0.718363 0.718363
7754.483398 0.000000 3871.706543 0.000000 0.060327 0.000000 -0.998179 0.826701 0.826701 0.826701
7826.440430 0.000000 3893.063721 0.000000 0.796336 0.000000 0.604855 0.618265 0.618265 0.618265
7786.879395 0.000000 3871.845703 0.000000 0.913959 0.000000 -0.405806 0.754038 0.754038 0.754038
7765.451172 0.000000 3868.031006 0.000000 0.015551 0.000000 -0.999879 0.830460 0.830460 0.830460
7771.271484 0.000000 3868.407227 0.000000 0.815995 0.000000 0.578059 0.637527 0.637527 0.637527
7815.470703 0.000000 3934.651367 0.000000 0.961061 0.000000 -0.276337 0.726422 0.726422 0.726422
7776.435547 0.000000 3895.010986 0.000000 0.979380 0.000000 0.202027 0.676181 0.676181 0.676181
7758.750977 0.000000 3854.583252 0.000000 0.990265 0.000000 0.139194 0.682673 0.682673 0.682673
7783.112793 0.000000 3895.160156 0.000000 0.390626 0.000000 0.920550 0.505841 0.505841 0.505841
7782.437012 0.000000 3870.750977 0.000000 0.667216 0.000000 -0.744864 0.776365 0.776365 0.776365
7793.772461 0.000000 3853.153564 0.000000 0.493272 0.000000 -0.869875 0.795868 0.795868 0.795868
7755.706543 0.000000 3858.307861 0.000000 0.014416 0.000000 0.999896 0.474248 0.474248 0.474248
7816.621582 0.000000 3898.384277 0.000000 0.991568 0.000000 0.129591 0.675472 0.675472 0.675472
7792.755371 0.000000 3893.010742 0.000000 0.717906 0.000000 -0.696140 0.776702 0.776702 0.776702
7768.896973 0.000000 3868.823730 0.000000 0.767189 0.000000 0.641421 0.581958 0.581958 0.581958
7798.939941 0.000000 3933.684570 0.000000 0.438640 0.000000 0.898663 0.584859 0.584859 0.584859
7808.053223 0.000000 3896.147949 0.000000 0.759946 0.000000 0.649986 0.635700 0.635700 0.635700
7778.218262 0.000000 3881.110840 0.000000 0.432158 0.000000 0.901798 0.483946 0.483946 0.483946
7770.552734 0.000000 3865.316406 0.000000 0.724022 0.000000 -0.689777 0.827702 0.827702 0.827702
7758.201660 0.000000 3862.701172 0.000000 0.145902 0.000000 0.989299 0.533223 0.533223 0.533223
7790.995605 0.000000 3884.490723 0.000000 0.146974 0.000000 -0.989140 0.983554 0.983554 0.983554
7801.334473 0.000000 3853.323975 0.000000 0.053817 0.000000 -0.998551 0.994261 0.994261 0.994261
7811.171387 0.000000 3858.496582 0.000000 0.766482 0.000000 0.642266 0.558613 0.558613 0.558613
7821.975586 0.000000 3900.246582 0.000000 0.667741 0.000000 0.744394 0.620765 0.620765 0.620765
7768.388672 0.000000 3881.303223 0.000000 0.993782 0.000000 -0.111341 0.711699 0.711699 0.711699
7794.962891 0.000000 3891.486328 0.000000 0.148404 0.000000 0.988927 0.558367 0.558367 0.558367
7823.408203 0.000000 3890.937500 0.000000 0.032673 0.000000 0.999466 0.498401 0.498401 0.498401
7799.567383 0.000000 3852.877686 0.000000 0.506976 0.000000 0.861960 0.603754 0.603754 0.603754
7753.712891 0.000000 3936.465088 0.000000 0.633277 0.000000 0.773925 0.526776 0.526776 0.526776
7811.583008 0.000000 3895.369629 0.000000 0.921627 0.000000 0.388077 0.662390 0.662390 0.662390
7820.722168 0.000000 3894.594727 0.000000 0.663649 0.000000 -0.748044 0.834398 0.834398 0.834398
7813.340332 0.000000 3860.979248 0.000000 0.993610 0.000000 0.112864 0.688140 0.688140 0.688140
7747.426758 0.000000 3853.257080 0.000000 0.851596 0.000000 -0.524199 0.754964 0.754964 0.754964
7751.004883 0.000000 3854.215576 0.000000 0.104631 0.000000 0.994511 0.428437 0.428437 0.428437
7746.700195 0.000000 3871.947998 0.000000 0.715382 0.000000 0.698734 0.564802 0.564802 0.564802
7802.133789 0.000000 3929.046631 0.000000 0.341609 0.000000 -0.939842 0.834558 0.834558 0.834558
7794.127930 0.000000 3911.871094 0.000000 0.976137 0.000000 -0.217156 0.740167 0.740167 0.740167
7762.262207 0.000000 3870.416992 0.000000 0.744895 0.000000 0.667181 0.548100 0.548100 0.548100
7762.984375 0.000000 3867.031250 0.000000 0.617189 0.000000 0.786815 0.459435 0.459435 0.459435
7746.459473 0.000000 3855.360596 0.000000 0.445169 0.000000 0.895446 0.511934 0.511934 0.511934
7755.296387 0.000000 3875.644043 0.000000 0.533749 0.000000 0.845643 0.504511 0.504511 0.504511
7766.203613 0.000000 3865.341064 0.000000 0.997160 0.000000 0.075318 0.684849 0.684849 0.684849
7768.841309 0.000000 3865.615234 0.000000 0.933335 0.000000 0.359007 0.640962 0.640962 0.640962
7759.487793 0.000000 3861.327881 0.000000 0.995402 0.000000 -0.095781 0.717267 0.717267 0.717267
7815.663574 0.000000 3939.429932 0.000000 0.607434 0.000000 -0.794370 0.884486 0.884486 0.884486
7818.024902 0.000000 3896.769043 0.000000 0.514565 0.000000 -0.857451 0.919664 0.919664 0.919664
7748.091309 0.000000 3870.742432 0.000000 0.244013 0.000000 0.969772 0.551884 0.551884 0.551884
7747.065430 0.000000 3868.143555 0.000000 0.329686 0.000000 -0.944091 0.885585 0.885585 0.885585
7775.457520 0.000000 3905.146484 0.000000 0.378319 0.000000 -0.925675 0.824024 0.824024 0.824024
7759.916992 0.000000 3851.941895 0.000000 0.600706 0.000000 0.799470 0.489532 0.489532 0.489532
7771.781738 0.000000 3862.579834 0.000000 0.107524 0.000000 0.994203 0.393181 0.393181 0.393181
7791.042969 0.000000 3887.639160 0.000000 0.110205 0.000000 -0.993909 0.848023 0.848023 0.848023
7788.446777 0.000000 3902.725098 0.000000 0.660850 0.000000 0.750518 0.541273 0.541273 0.541273
7761.519531 0.000000 3868.015137 0.000000 0.882818 0.000000 -0.469716 0.822195 0.822195 0.822195
7828.844238 0.000000 3891.795166 0.000000 0.981874 0.000000 0.189537 0.672674 0.672674 0.672674
7808.510742 0.000000 3894.457520 0.000000 0.728251 0.000000 0.685310 0.545621 0.545621 0.545621
7761.072266 0.000000 3864.660645 0.000000 0.792133 0.000000 0.610348 0.620837 0.620837 0.620837
7813.577637 0.000000 3897.786865 0.000000 0.997455 0.000000 0.071295 0.688029 0.688029 0.688029
7796.306152 0.000000 3851.755371 0.000000 0.982680 0.000000 0.185308 0.664496 0.664496 0.664496
7751.081543 0.000000 3857.931641 0.000000 0.167647 0.000000 -0.985847 0.932819 0.932819 0.932819
7773.741699 0.000000 3879.479980 0.000000 0.819599 0.000000 0.572937 0.592316 0.592316 0.592316
7786.161621 0.000000 3894.806641 0.000000 0.320916 0.000000 0.947108 0.499977 0.499977 0.499977
7742.345215 0.000000 3930.704102 0.000000 0.686257 0.000000 0.727359 0.597519 0.597519 0.597519
7754.999023 0.000000 3885.744141 0.000000 0.992641 0.000000 0.121096 0.685786 0.685786 0.685786
7757.818359 0.000000 3856.058350 0.000000 0.934550 0.000000 0.355832 0.656131 0.656131 0.656131
7767.574707 0.000000 3856.236816 0.000000 0.798992 0.000000 -0.601342 0.787945 0.787945 0.787945
7801.646484 0.000000 3854.981934 0.000000 0.739397 0.000000 0.673270 0.607062 0.607062 0.607062
7795.727539 0.000000 3910.592041 0.000000 0.981445 0.000000 0.191744 0.664596 0.664596 0.664596
7756.686035 0.000000 3859.649658 0.000000 0.609049 0.000000 0.793132 0.595956 0.595956 0.595956
7790.956543 0.000000 3851.451660 0.000000 0.135837 0.000000 -0.990731 0.875488 0.875488 0.875488
7758.044922 0.000000 3886.967041 0.000000 0.580530 0.000000 0.814239 0.571974 0.571974 0.571974
7814.985352 0.000000 3936.290771 0.000000 0.034216 0.000000 0.999414 0.442212 0.442212 0.442212
7826.693359 0.000000 3898.507812 0.000000 0.864152 0.000000 -0.503231 0.772803 0.772803 0.772803
7782.406250 0.000000 3892.924316 0.000000 0.366010 0.000000 0.930611 0.424087 0.424087 0.424087
7777.032715 0.000000 3905.699219 0.000000 0.999362 0.000000 0.035725 0.694505 0.694505 0.694505
7795.040039 0.000000 3913.637207 0.000000 0.237953 0.000000 0.971277 0.532584 0.532584 0.532584
7756.561523 0.000000 3862.046631 0.000000 0.402266 0.000000 0.915523 0.427082 0.427082 0.427082
7757.053711 0.000000 3865.953125 0.000000 0.615355 0.000000 0.788250 0.498484 0.498484 0.498484
7757.222656 0.000000 3885.398926 0.000000 0.891757 0.000000 0.452514 0.614654 0.614654 0.614654
7781.020508 0.000000 3882.896973 0.000000 0.568047 0.000000 0.822996 0.553028 0.553028 0.553028
7768.254395 0.000000 3851.586426 0.000000 0.298714 0.000000 -0.954343 0.930358 0.930358 0.930358
7798.788086 0.000000 3851.498535 0.000000 0.774920 0.000000 0.632059 0.572059 0.572059 0.572059
7826.609863 0.000000 3891.400146 0.000000 0.562120 0.000000 -0.827056 0.878698 0.878698 0.878698
7788.721191 0.000000 3896.322510 0.000000 0.997623 0.000000 -0.068915 0.709401 0.709401 0.709401
7749.868652 0.000000 3855.411621 0.000000 0.999356 0.000000 0.035882 0.693414 0.693414 0.693414
7786.072266 0.000000 3897.582275 0.000000 0.520368 0.000000 0.853942 0.562272 0.562272 0.562272
7771.808105 0.000000 3881.114502 0.000000 0.974331 0.000000 -0.225120 0.740079 0.740079 0.740079
7756.661133 0.000000 3852.136230 0.000000 0.731941 0.000000 -0.681368 0.804803 0.804803 0.804803
7779.661621 0.000000 3894.342773 0.000000 0.489117 0.000000 0.872218 0.535177 0.535177 0.535177
7755.804688 0.000000 3872.867920 0.000000 0.880523 0.000000 -0.474003 0.793205 0.793205 0.793205
7774.094727 0.000000 3893.019287 0.000000 0.701859 0.000000 0.712316 0.562838 0.562838 0.562838
7822.912598 0.000000 3861.894531 0.000000 0.892994 0.000000 -0.450069 0.754662 0.754662 0.754662
7776.293945 0.000000 3879.286621 0.000000 0.410195 0.000000 0.911998 0.505374 0.505374 0.505374
7772.958008 0.000000 3878.138916 0.000000 0.654066 0.000000 -0.756438 0.851416 0.851416 0.851416
7826.617676 0.000000 3896.369141 0.000000 0.434802 0.000000 0.900526 0.500182 0.500182 0.500182
7786.876953 0.000000 3896.192139 0.000000 0.987755 0.000000 -0.156013 0.721080 0.721080 0.721080
7759.711426 0.000000 3858.080811 0.000000 0.170640 0.000000 -0.985333 0.968997 0.968997 0.968997
7824.920898 0.000000 3893.396484 0.000000 0.804997 0.000000 0.593278 0.595666 0.595666 0.595666
7795.854492 0.000000 3888.352051 0.000000 0.695938 0.000000 0.718102 0.537607 0.537607 0.537607
7743.037109 0.000000 3865.453857 0.000000 0.987799 0.000000 -0.155734 0.727327 0.727327 0.727327
7759.142090 0.000000 3889.761963 0.000000 0.265759 0.000000 0.964040 0.440648 0.440648 0.440648
7824.934570 0.000000 3900.988037 0.000000 0.999559 0.000000 0.029683 0.696316 0.696316 0.696316
7815.683594 0.000000 3895.687500 0.000000 0.165888 0.000000 -0.986145 0.915939 0.915939 0.915939
7814.950195 0.000000 3892.805908 0.000000 0.932507 0.000000 -0.361151 0.762636 0.762636 0.762636
7758.296387 0.000000 3853.064697 0.000000 0.115265 0.000000 -0.993335 0.961951 0.961951 0.961951
7818.788574 0.000000 3894.951416 0.000000 0.910549 0.000000 -0.413401 0.769266 0.769266 0.769266
7754.172852 0.000000 3858.710449 0.000000 0.282497 0.000000 0.959268 0.513699 0.513699 0.513699
7812.306641 0.000000 3892.423828 0.000000 0.784620 0.000000 0.619977 0.584305 0.584305 0.584305
7791.165039 0.000000 3894.372559 0.000000 0.568986 0.000000 -0.822347 0.882232 0.882232 0.882232
7742.420410 0.000000 3854.694824 0.000000 0.996052 0.000000 -0.088770 0.715223 0.715223 0.715223
7744.095215 0.000000 3866.773926 0.000000 0.351409 0.000000 0.936222 0.507300 0.507300 0.507300
7821.731445 0.000000 3893.295166 0.000000 0.949811 0.000000 0.312825 0.644954 0.644954 0.644954
7764.854004 0.000000 3871.440918 0.000000 0.983478 0.000000 -0.181030 0.735947 0.735947 0.735947
7758.928711 0.000000 3859.903564 0.000000 0.305275 0.000000 -0.952264 0.942325 0.942325 0.942325
7790.353027 0.000000 3853.500977 0.000000 0.091934 0.000000 0.995765 0.495848 0.495848 0.495848
7825.089844 0.000000 3898.963867 0.000000 0.793612 0.000000 0.608424 0.589124 0.589124 0.589124
7759.366699 0.000000 3882.479248 0.000000 0.833616 0.000000 -0.552344 0.818626 0.818626 0.818626
7747.800781 0.000000 3854.721436 0.000000 0.956537 0.000000 0.291612 0.649838 0.649838 0.649838
7819.840332 0.000000 3897.598389 0.000000 0.453799 0.000000 0.891104 0.465523 0.465523 0.465523
7770.461914 0.000000 3861.968994 0.000000 0.807696 0.000000 -0.589599 0.788157 0.788157 0.788157
7777.230469 0.000000 3893.807861 0.000000 0.260034 0.000000 -0.965599 0.919397 0.919397 0.919397
7784.730469 0.000000 3894.859131 0.000000 0.845356 0.000000 -0.534204 0.787654 0.787654 0.787654
7820.694336 0.000000 3861.318848 0.000000 0.153974 0.000000 0.988075 0.410432 0.410432 0.410432
7819.109863 0.000000 3899.805908 0.000000 0.097992 0.000000 0.995187 0.416907 0.416907 0.416907
7764.574707 0.000000 3856.550781 0.000000 0.158151 0.000000 -0.987415 0.941820 0.941820 0.941820
7753.796387 0.000000 3875.231201 0.000000 0.629313 0.000000 0.777152 0.527331 0.527331 0.527331
7756.159668 0.000000 3867.393555 0.000000 0.320675 0.000000 -0.947189 0.917461 0.917461 0.917461
7792.897949 0.000000 3854.308838 0.000000 0.548353 0.000000 0.836247 0.502687 0.502687 0.502687
7759.454102 0.000000 3888.409180 0.000000 0.767089 0.000000 -0.641541 0.838761 0.838761 0.838761
7816.514648 0.000000 3896.954834 0.000000 0.740118 0.000000 0.672477 0.524705 0.524705 0.524705
7756.453125 0.000000 3874.909668 0.000000 0.896386 0.000000 0.443274 0.630979 0.630979 0.630979
7770.757812 0.000000 3880.094727 0.000000 0.926774 0.000000 -0.375619 0.767966 0.767966 0.767966
7759.690430 0.000000 3866.590820 0.000000 0.515871 0.000000 0.856666 0.491448 0.491448 0.491448
7763.633789 0.000000 3870.183105 0.000000 0.029077 0.000000 0.999577 0.379381 0.379381 0.379381
7779.498047 0.000000 3880.383545 0.000000 0.370093 0.000000 0.928995 0.470917 0.470917 0.470917
7757.566406 0.000000 3870.637695 0.000000 0.719932 0.000000 0.694045 0.543155 0.543155 0.543155
7814.683594 0.000000 3938.504395 0.000000 0.970918 0.000000 -0.239414 0.748588 0.748588 0.748588
7817.710938 0.000000 3899.522949 0.000000 0.862547 0.000000 -0.505978 0.800129 0.800129 0.800129
7807.611816 0.000000 3931.158936 0.000000 0.081094 0.000000 -0.996706 0.960322 0.960322 0.960322
7813.553711 0.000000 3892.887695 0.000000 0.417409 0.000000 0.908719 0.502732 0.502732 0.502732
7763.846191 0.000000 3854.140869 0.000000 0.552039 0.000000 0.833818 0.532860 0.532860 0.532860
7743.936523 0.000000 3864.145752 0.000000 0.911740 0.000000 -0.410768 0.773975 0.773975 0.773975
7794.380371 0.000000 3910.530762 0.000000 0.838725 0.000000 -0.544555 0.805668 0.805668 0.805668
7791.162109 0.000000 3896.215088 0.000000 0.606499 0.000000 0.795085 0.524915 0.524915 0.524915
7758.185059 0.000000 3881.917236 0.000000 0.914608 0.000000 0.404341 0.620708 0.620708 0.620708
7768.984375 0.000000 3882.455078 0.000000 0.998841 0.000000 -0.048135 0.708920 0.708920 0.708920
7775.349121 0.000000 3858.810059 0.000000 0.891427 0.000000 0.453165 0.599727 0.599727 0.599727
7751.303711 0.000000 3874.631348 0.000000 0.096516 0.000000 0.995331 0.416622 0.416622 0.416622
7806.824707 0.000000 3857.902344 0.000000 0.993983 0.000000 0.109533 0.681203 0.681203 0.681203
7761.435059 0.000000 3869.307861 0.000000 0.708156 0.000000 0.706056 0.504097 0.504097 0.504097
7745.141602 0.000000 3855.529785 0.000000 0.864238 0.000000 -0.503082 0.800417 0.800417 0.800417
7812.293457 0.000000 3859.120850 0.000000 0.063672 0.000000 0.997971 0.426090 0.426090 0.426090
7757.352051 0.000000 3864.703857 0.000000 0.232460 0.000000 0.972606 0.403442 0.403442 0.403442
7783.619629 0.000000 3892.405273 0.000000 0.154026 0.000000 -0.988067 1.026680 1.026680 1.026680
7758.279297 0.000000 3866.604492 0.000000 0.921277 0.000000 -0.388906 0.780975 0.780975 0.780975
7753.164062 0.000000 3937.571045 0.000000 0.981790 0.000000 -0.189968 0.737410 0.737410 0.737410
7756.180176 0.000000 3865.078857 0.000000 0.982031 0.000000 0.188720 0.657862 0.657862 0.657862
7810.010254 0.000000 3858.868408 0.000000 0.440077 0.000000 -0.897960 0.926055 0.926055 0.926055
7821.941895 0.000000 3861.131836 0.000000 0.412090 0.000000 0.911143 0.465670 0.465670 0.465670
7785.157227 0.000000 3892.879883 0.000000 0.963163 0.000000 -0.268918 0.756146 0.756146 0.756146
7762.229004 0.000000 3866.139893 0.000000 0.929813 0.000000 -0.368032 0.800115 0.800115 0.800115
7759.379395 0.000000 3869.145752 0.000000 0.335191 0.000000 -0.942150 1.041494 1.041494 1.041494
7814.619629 0.000000 3896.187744 0.000000 0.518513 0.000000 0.855070 0.443677 0.443677 0.443677
7758.452148 0.000000 3868.339111 0.000000 0.942586 0.000000 -0.333962 0.794614 0.794614 0.794614
7817.645996 0.000000 3897.826416 0.000000 0.523846 0.000000 0.851813 0.457709 0.457709 0.457709
7760.486328 0.000000 3868.751221 0.000000 0.486528 0.000000 -0.873665 0.965570 0.965570 0.965570
7760.577637 0.000000 3867.385742 0.000000 0.642633 0.000000 -0.766174 0.933387 0.933387 0.933387
7719.304199 0.000000 3960.340576 0.000000 0.171934 0.000000 0.985108 0.624263 0.624263 0.624263
7724.640137 0.000000 3958.509766 0.000000 0.026011 0.000000 -0.999662 0.956465 0.956465 0.956465
7720.278320 0.000000 3963.677979 0.000000 0.776374 0.000000 -0.630273 0.726217 0.726217 0.726217
7722.556152 0.000000 3960.875000 0.000000 0.263500 0.000000 -0.964659 0.800281 0.800281 0.800281
7721.105469 0.000000 3958.443604 0.000000 0.394957 0.000000 0.918700 0.498481 0.498481 0.498481
7727.095215 0.000000 3958.684814 0.000000 0.493752 0.000000 -0.869603 0.768178 0.768178 0.768178
7720.735352 0.000000 3961.686768 0.000000 0.966856 0.000000 -0.255321 0.738351 0.738351 0.738351
7722.740234 0.000000 3959.149414 0.000000 0.781597 0.000000 -0.623783 0.865975 0.865975 0.865975
7721.151855 0.000000 3960.116699 0.000000 0.711149 0.000000 0.703042 0.584185 0.584185 0.584185
7725.854980 0.000000 3959.593262 0.000000 0.120186 0.000000 0.992751 0.459217 0.459217 0.459217
7810.901855 0.000000 3980.111816 0.000000 0.944217 0.000000 -0.329325 0.760406 0.760406 0.760406
7795.898438 0.000000 4010.457031 0.000000 0.600098 0.000000 -0.799926 0.735647 0.735647 0.735647
7812.418945 0.000000 3996.157471 0.000000 0.959062 0.000000 -0.283196 0.761217 0.761217 0.761217
7760.375000 0.000000 3966.528809 0.000000 0.824304 0.000000 0.566147 0.685276 0.685276 0.685276
7807.539551 0.000000 4025.475098 0.000000 0.972983 0.000000 0.230876 0.676793 0.676793 0.676793
7803.030273 0.000000 4001.416992 0.000000 0.148597 0.000000 0.988898 0.548449 0.548449 0.548449
7812.132324 0.000000 3969.372803 0.000000 0.941107 0.000000 0.338109 0.687342 0.687342 0.687342
7825.788574 0.000000 4034.980225 0.000000 0.216847 0.000000 0.976206 0.588934 0.588934 0.588934
7821.372559 0.000000 3998.793457 0.000000 0.567996 0.000000 -0.823031 0.725341 0.725341 0.725341
7802.604492 0.000000 4017.421875 0.000000 0.963544 0.000000 0.267549 0.677754 0.677754 0.677754
7783.516602 0.000000 4010.247803 0.000000 0.808985 0.000000 0.587830 0.658271 0.658271 0.658271
7767.624512 0.000000 3971.338623 0.000000 0.796029 0.000000 -0.605258 0.746580 0.746580 0.746580
7820.258789 0.000000 4013.801758 0.000000 0.978740 0.000000 0.205106 0.683394 0.683394 0.683394
7815.139648 0.000000 4004.217529 0.000000 0.979598 0.000000 -0.200966 0.728996 0.728996 0.728996
7799.162109 0.000000 4026.709473 0.000000 0.316469 0.000000 0.948603 0.584334 0.584334 0.584334
7804.296875 0.000000 4009.923828 0.000000 0.826408 0.000000 0.563071 0.673869 0.673869 0.673869
7802.892578 0.000000 3979.919922 0.000000 0.548054 0.000000 0.836443 0.668834 0.668834 0.668834
7809.468750 0.000000 4032.724365 0.000000 0.983259 0.000000 -0.182212 0.706725 0.706725 0.706725
7811.676270 0.000000 3989.055420 0.000000 0.869557 0.000000 -0.493832 0.709929 0.709929 0.709929
7807.370117 0.000000 3974.355469 0.000000 0.299680 0.000000 -0.954040 0.770823 0.770823 0.770823
7805.774902 0.000000 3995.344238 0.000000 0.921640 0.000000 0.388046 0.690946 0.690946 0.690946
7808.795410 0.000000 4005.396484 0.000000 0.912251 0.000000 0.409631 0.663859 0.663859 0.663859
7790.112305 0.000000 4007.987305 0.000000 0.495222 0.000000 -0.868766 0.867412 0.867412 0.867412
7826.449707 0.000000 4028.241699 0.000000 0.636512 0.000000 -0.771267 0.727708 0.727708 0.727708
7817.937012 0.000000 3993.943359 0.000000 0.435389 0.000000 0.900242 0.592318 0.592318 0.592318
7827.132812 0.000000 4042.010010 0.000000 0.821916 0.000000 -0.569608 0.728595 0.728595 0.728595
7819.800781 0.000000 4034.346924 0.000000 0.962504 0.000000 -0.271267 0.719683 0.719683 0.719683
7798.758301 0.000000 4005.331543 0.000000 0.383009 0.000000 -0.923745 0.944927 0.944927 0.944927
7778.937500 0.000000 4013.905518 0.000000 0.573302 0.000000 0.819344 0.589242 0.589242 0.589242
7796.941895 0.000000 4016.304688 0.000000 0.454930 0.000000 0.890527 0.659686 0.659686 0.659686
7760.531250 0.000000 3960.546387 0.000000 0.938529 0.000000 0.345200 0.695688 0.695688 0.695688
7799.543457 0.000000 3997.272461 0.000000 0.248825 0.000000 -0.968549 0.723056 0.723056 0.723056
7806.756348 0.000000 3983.471191 0.000000 0.716519 0.000000 -0.697568 0.717539 0.717539 0.717539
7808.728027 0.000000 3999.688965 0.000000 0.407629 0.000000 0.913148 0.595409 0.595409 0.595409
7802.779785 0.000000 4022.914307 0.000000 0.514691 0.000000 -0.857376 0.818818 0.818818 0.818818
7816.357422 0.000000 4010.729492 0.000000 0.889181 0.000000 0.457555 0.628574 0.628574 0.628574
7765.687500 0.000000 3966.825439 0.000000 0.938204 0.000000 -0.346083 0.770404 0.770404 0.770404
7784.558105 0.000000 4014.994629 0.000000 0.247244 0.000000 -0.968953 0.801574 0.801574 0.801574
7816.678223 0.000000 3999.540527 0.000000 0.975604 0.000000 0.219539 0.652035 0.652035 0.652035
7813.066406 0.000000 3984.375732 0.000000 0.664788 0.000000 -0.747032 0.766341 0.766341 0.766341
7798.433105 0.000000 4020.959473 0.000000 0.999358 0.000000 -0.035825 0.701753 0.701753 0.701753
7793.707520 0.000000 4004.866699 0.000000 0.655651 0.000000 0.755064 0.670090 0.670090 0.670090
7800.078125 0.000000 4012.741455 0.000000 0.843759 0.000000 -0.536722 0.748514 0.748514 0.748514
7819.734863 0.000000 4003.119873 0.000000 0.783112 0.000000 0.621881 0.629627 0.629627 0.629627
7813.886719 0.000000 4033.525146 0.000000 0.902315 0.000000 0.431077 0.675076 0.675076 0.675076
7813.002441 0.000000 4007.983643 0.000000 0.993532 0.000000 -0.113550 0.714119 0.714119 0.714119
7809.844238 0.000000 4021.784668 0.000000 0.995791 0.000000 0.091651 0.698236 0.698236 0.698236
7803.388672 0.000000 4027.039551 0.000000 0.517831 0.000000 0.855483 0.572636 0.572636 0.572636
7810.395996 0.000000 4028.754395 0.000000 0.747258 0.000000 0.664534 0.650460 0.650460 0.650460
7814.152344 0.000000 3992.409424 0.000000 0.993225 0.000000 0.116208 0.674354 0.674354 0.674354
7812.710938 0.000000 4000.910400 0.000000 0.920386 0.000000 0.391012 0.657876 0.657876 0.657876
7807.033203 0.000000 3978.742676 0.000000 0.718314 0.000000 -0.695719 0.981027 0.981027 0.981027
7787.458008 0.000000 4011.235840 0.000000 0.376568 0.000000 -0.926389 0.828363 0.828363 0.828363
7805.933105 0.000000 4020.299561 0.000000 0.701064 0.000000 0.713099 0.634791 0.634791 0.634791
7763.072754 0.000000 3969.861328 0.000000 0.999481 0.000000 -0.032203 0.701182 0.701182 0.701182
7804.794922 0.000000 4005.186523 0.000000 0.882105 0.000000 0.471054 0.637427 0.637427 0.637427
7763.155273 0.000000 3963.621338 0.000000 0.307794 0.000000 0.951453 0.469176 0.469176 0.469176
7808.220215 0.000000 3970.372070 0.000000 0.636879 0.000000 0.770964 0.646153 0.646153 0.646153
7798.461914 0.000000 4001.275635 0.000000 0.917389 0.000000 -0.397992 0.733621 0.733621 0.733621
7806.520020 0.000000 4029.657959 0.000000 0.047621 0.000000 -0.998865 0.955537 0.955537 0.955537
7800.559570 0.000000 4008.757080 0.000000 0.488133 0.000000 0.872769 0.555394 0.555394 0.555394
7769.368652 0.000000 3967.965820 0.000000 0.990958 0.000000 -0.134174 0.715052 0.715052 0.715052
7824.894043 0.000000 4038.637695 0.000000 0.985476 0.000000 0.169812 0.676740 0.676740 0.676740
7818.587891 0.000000 4037.842041 0.000000 0.567097 0.000000 -0.823651 0.727062 0.727062 0.727062
7824.406250 0.000000 4031.531494 0.000000 0.985526 0.000000 0.169525 0.679161 0.679161 0.679161
7776.838867 0.000000 4010.861572 0.000000 0.120723 0.000000 -0.992686 0.773475 0.773475 0.773475
7803.410156 0.000000 3997.898926 0.000000 0.737873 0.000000 -0.674940 0.762148 0.762148 0.762148
7809.461914 0.000000 3967.035156 0.000000 0.920926 0.000000 -0.389737 0.769964 0.769964 0.769964
7790.255859 0.000000 4004.561279 0.000000 0.178880 0.000000 -0.983871 0.870156 0.870156 0.870156
7794.390137 0.000000 4013.842285 0.000000 0.740593 0.000000 0.671954 0.649780 0.649780 0.649780
7814.923340 0.000000 3987.287842 0.000000 0.994494 0.000000 -0.104789 0.712109 0.712109 0.712109
7816.599121 0.000000 4007.289551 0.000000 0.977624 0.000000 -0.210359 0.714075 0.714075 0.714075
7821.926270 0.000000 4037.033936 0.000000 0.475895 0.000000 0.879502 0.568517 0.568517 0.568517
7809.986816 0.000000 3983.436523 0.000000 0.999975 0.000000 -0.007019 0.700282 0.700282 0.700282
7811.921875 0.000000 4004.531738 0.000000 0.644385 0.000000 0.764702 0.566116 0.566116 0.566116
7816.775879 0.000000 4035.271484 0.000000 0.884419 0.000000 -0.466693 0.731396 0.731396 0.731396
7796.010742 0.000000 4007.324219 0.000000 0.840502 0.000000 0.541808 0.675985 0.675985 0.675985
7808.759766 0.000000 3996.430664 0.000000 0.768275 0.000000 -0.640120 0.791048 0.791048 0.791048
7780.426270 0.000000 4011.134033 0.000000 0.807812 0.000000 0.589440 0.609667 0.609667 0.609667
7828.000977 0.000000 4031.227783 0.000000 0.916815 0.000000 0.399311 0.639701 0.639701 0.639701
7801.842773 0.000000 4004.313232 0.000000 0.285037 0.000000 0.958517 0.563362 0.563362 0.563362
7818.629883 0.000000 4031.404053 0.000000 0.098326 0.000000 -0.995154 0.813211 0.813211 0.813211
7813.043457 0.000000 4030.517578 0.000000 0.999967 0.000000 -0.008162 0.700813 0.700813 0.700813
7818.670898 0.000000 3997.072510 0.000000 0.673613 0.000000 -0.739084 0.791569 0.791569 0.791569
7815.529297 0.000000 3996.550293 0.000000 0.945382 0.000000 -0.325963 0.762087 0.762087 0.762087
7828.809082 0.000000 4034.540039 0.000000 0.139717 0.000000 0.990191 0.562493 0.562493 0.562493
7809.634277 0.000000 3977.064453 0.000000 0.620760 0.000000 -0.784001 0.835426 0.835426 0.835426
7796.125488 0.000000 4003.119629 0.000000 0.934413 0.000000 -0.356191 0.715911 0.715911 0.715911
7816.145020 0.000000 3990.229492 0.000000 0.546467 0.000000 -0.837481 0.765920 0.765920 0.765920
7799.649414 0.000000 4017.675537 0.000000 0.441102 0.000000 0.897457 0.579301 0.579301 0.579301
7821.306641 0.000000 4011.030029 0.000000 0.335172 0.000000 -0.942157 0.745104 0.745104 0.745104
7801.596680 0.000000 4020.194824 0.000000 0.952487 0.000000 0.304581 0.673497 0.673497 0.673497
7802.564941 0.000000 4014.440186 0.000000 0.748498 0.000000 0.663137 0.661990 0.661990 0.661990
7822.756348 0.000000 4034.056885 0.000000 0.933727 0.000000 0.357986 0.662891 0.662891 0.662891
7797.268555 0.000000 4013.432129 0.000000 0.592725 0.000000 -0.805405 0.790000 0.790000 0.790000
7799.406250 0.000000 4023.722656 0.000000 0.041983 0.000000 -0.999118 0.873661 0.873661 0.873661
7805.824219 0.000000 4023.196289 0.000000 0.941055 0.000000 -0.338254 0.750051 0.750051 0.750051
7815.980957 0.000000 3984.641113 0.000000 0.297315 0.000000 -0.954780 0.748786 0.748786 0.748786
7782.351074 0.000000 4013.171143 0.000000 0.888347 0.000000 0.459172 0.642474 0.642474 0.642474
7817.382324 0.000000 4013.327881 0.000000 0.606842 0.000000 -0.794823 0.757799 0.757799 0.757799
7813.463379 0.000000 3981.609863 0.000000 0.948869 0.000000 0.315671 0.674743 0.674743 0.674743
7801.170898 0.000000 4028.793701 0.000000 0.999535 0.000000 -0.030486 0.701918 0.701918 0.701918
7806.077148 0.000000 4007.766113 0.000000 0.992901 0.000000 -0.118948 0.712294 0.712294 0.712294
7806.315430 0.000000 3998.207764 0.000000 0.992294 0.000000 0.123909 0.682849 0.682849 0.682849
7801.006348 0.000000 3999.588379 0.000000 0.354617 0.000000 -0.935012 0.879485 0.879485 0.879485
7808.322266 0.000000 3981.158691 0.000000 0.989830 0.000000 -0.142257 0.723698 0.723698 0.723698
7802.791504 0.000000 4007.055908 0.000000 0.178700 0.000000 0.983904 0.430146 0.430146 0.430146
7804.174316 0.000000 3982.428467 0.000000 0.937322 0.000000 -0.348465 0.721149 0.721149 0.721149
7817.177734 0.000000 4002.253174 0.000000 0.479634 0.000000 0.877468 0.524136 0.524136 0.524136
7810.161621 0.000000 4024.885986 0.000000 0.893002 0.000000 -0.450053 0.731817 0.731817 0.731817
7786.950195 0.000000 4013.860840 0.000000 0.782688 0.000000 0.622415 0.648341 0.648341 0.648341
7765.785645 0.000000 3969.473145 0.000000 0.365721 0.000000 -0.930724 0.871445 0.871445 0.871445
7811.102539 0.000000 3998.460205 0.000000 0.288689 0.000000 -0.957423 0.778166 0.778166 0.778166
7810.312500 0.000000 4007.621582 0.000000 0.504604 0.000000 -0.863351 0.829274 0.829274 0.829274
7798.547852 0.000000 4010.523438 0.000000 0.953007 0.000000 -0.302948 0.748409 0.748409 0.748409
7818.840820 0.000000 4009.993896 0.000000 0.995452 0.000000 0.095270 0.695164 0.695164 0.695164
7816.291992 0.000000 4032.558594 0.000000 0.578080 0.000000 0.815980 0.516527 0.516527 0.516527
7796.207031 0.000000 4022.552002 0.000000 0.648530 0.000000 0.761189 0.545785 0.545785 0.545785
7765.862305 0.000000 3964.117676 0.000000 0.680422 0.000000 0.732821 0.550519 0.550519 0.550519
7762.795410 0.000000 3967.203125 0.000000 0.704262 0.000000 0.709940 0.597912 0.597912 0.597912
7784.829102 0.000000 4012.416260 0.000000 0.506742 0.000000 -0.862098 0.905257 0.905257 0.905257
7819.276367 0.000000 4000.449219 0.000000 0.676370 0.000000 0.736562 0.577009 0.577009 0.577009
7813.826660 0.000000 3998.541748 0.000000 0.617465 0.000000 0.786599 0.538630 0.538630 0.538630
7801.569824 0.000000 4025.230469 0.000000 0.383358 0.000000 -0.923600 0.823453 0.823453 0.823453
7799.162598 0.000000 4015.196777 0.000000 0.973921 0.000000 0.226889 0.661601 0.661601 0.661601
7821.210938 0.000000 4032.093750 0.000000 0.773096 0.000000 0.634289 0.571520 0.571520 0.571520
7792.182617 0.000000 4015.047363 0.000000 0.996966 0.000000 0.077833 0.695371 0.695371 0.695371
7808.143066 0.000000 4027.811279 0.000000 0.676015 0.000000 -0.736888 0.799898 0.799898 0.799898
7804.716309 0.000000 3978.053955 0.000000 0.749843 0.000000 0.661616 0.579972 0.579972 0.579972
7769.895020 0.000000 3970.378174 0.000000 0.390864 0.000000 0.920448 0.612137 0.612137 0.612137
7800.686035 0.000000 4002.211182 0.000000 0.854917 0.000000 0.518765 0.624702 0.624702 0.624702
7804.115723 0.000000 4029.391846 0.000000 0.627825 0.000000 -0.778355 0.776387 0.776387 0.776387
7815.027344 0.000000 4001.303955 0.000000 0.002062 0.000000 -0.999998 1.083809 1.083809 1.083809
7827.356445 0.000000 4036.728271 0.000000 0.417431 0.000000 0.908708 0.614320 0.614320 0.614320
7798.291992 0.000000 4007.876953 0.000000 0.839021 0.000000 0.544099 0.628616 0.628616 0.628616
7805.947266 0.000000 3980.878906 0.000000 0.891338 0.000000 -0.453340 0.792092 0.792092 0.792092
7803.772949 0.000000 4019.371826 0.000000 0.934309 0.000000 0.356464 0.646495 0.646495 0.646495
7804.375977 0.000000 4024.954590 0.000000 0.306029 0.000000 0.952022 0.622945 0.622945 0.622945
7811.761719 0.000000 4032.552246 0.000000 0.987474 0.000000 0.157780 0.686709 0.686709 0.686709
7813.912598 0.000000 3989.647705 0.000000 0.787029 0.000000 0.616916 0.631452 0.631452 0.631452
7814.115723 0.000000 3994.693848 0.000000 0.998318 0.000000 0.057975 0.689356 0.689356 0.689356
7806.050293 0.000000 3976.227539 0.000000 0.917173 0.000000 -0.398490 0.798131 0.798131 0.798131
7808.646973 0.000000 4030.523682 0.000000 0.203964 0.000000 0.978978 0.518654 0.518654 0.518654
7826.319824 0.000000 4032.763916 0.000000 0.337983 0.000000 0.941152 0.526451 0.526451 0.526451
7800.686523 0.000000 4006.477783 0.000000 0.501899 0.000000 0.864926 0.533813 0.533813 0.533813
7808.160156 0.000000 4023.299561 0.000000 0.944663 0.000000 -0.328043 0.730373 0.730373 0.730373
7814.528809 0.000000 4006.380371 0.000000 0.908473 0.000000 -0.417943 0.760282 0.760282 0.760282
7816.343750 0.000000 3992.411865 0.000000 0.945753 0.000000 -0.324886 0.731804 0.731804 0.731804
7814.989746 0.000000 4008.806641 0.000000 0.553873 0.000000 0.832601 0.560741 0.560741 0.560741
7811.595215 0.000000 3967.247559 0.000000 0.332761 0.000000 0.943011 0.596691 0.596691 0.596691
7823.918945 0.000000 4036.122070 0.000000 0.156568 0.000000 0.987667 0.450494 0.450494 0.450494
7764.699219 0.000000 3962.126953 0.000000 0.808296 0.000000 0.588776 0.650492 0.650492 0.650492
7767.793945 0.000000 3966.441406 0.000000 0.942199 0.000000 0.335053 0.658801 0.658801 0.658801
7809.966309 0.000000 3969.111084 0.000000 0.725997 0.000000 0.687698 0.592657 0.592657 0.592657
7797.741699 0.000000 4025.062012 0.000000 0.321101 0.000000 0.947045 0.597830 0.597830 0.597830
7806.816895 0.000000 4004.639648 0.000000 0.988550 0.000000 -0.150892 0.715618 0.715618 0.715618
7761.175293 0.000000 3964.558350 0.000000 0.723716 0.000000 -0.690098 0.759895 0.759895 0.759895
7813.533203 0.000000 4002.856689 0.000000 0.635430 0.000000 -0.772158 0.787881 0.787881 0.787881
7764.105469 0.000000 3965.441162 0.000000 0.719489 0.000000 -0.694504 0.839534 0.839534 0.839534
7809.055176 0.000000 3979.214844 0.000000 0.525369 0.000000 -0.850874 0.975656 0.975656 0.975656
7828.478516 0.000000 4043.749512 0.000000 0.270893 0.000000 0.962609 0.507416 0.507416 0.507416
7801.035645 0.000000 4016.056641 0.000000 0.711770 0.000000 0.702412 0.528516 0.528516 0.528516
7798.403320 0.000000 4003.325684 0.000000 0.946672 0.000000 0.322198 0.649550 0.649550 0.649550
7811.681152 0.000000 3971.358154 0.000000 0.003861 0.000000 -0.999993 0.839656 0.839656 0.839656
7808.073730 0.000000 4007.371094 0.000000 0.603121 0.000000 -0.797650 0.766162 0.766162 0.766162
7826.116211 0.000000 4030.356689 0.000000 0.796109 0.000000 0.605153 0.612539 0.612539 0.612539
7810.639160 0.000000 4030.813232 0.000000 0.083050 0.000000 -0.996545 1.004176 1.004176 1.004176
7804.244629 0.000000 4021.531006 0.000000 0.972529 0.000000 0.232784 0.680703 0.680703 0.680703
7819.361816 0.000000 4011.966797 0.000000 0.885706 0.000000 0.464247 0.634191 0.634191 0.634191
7778.609375 0.000000 4011.981445 0.000000 0.994440 0.000000 -0.105308 0.716963 0.716963 0.716963
7811.484863 0.000000 3982.102783 0.000000 0.134788 0.000000 -0.990874 0.865582 0.865582 0.865582
7818.022949 0.000000 4033.497559 0.000000 0.984952 0.000000 0.172829 0.665698 0.665698 0.665698
7823.341309 0.000000 4039.828857 0.000000 0.965556 0.000000 0.260196 0.671019 0.671019 0.671019
7816.083984 0.000000 3994.611816 0.000000 0.996193 0.000000 -0.087176 0.714034 0.714034 0.714034
7767.928711 0.000000 3969.409912 0.000000 0.622976 0.000000 0.782241 0.508487 0.508487 0.508487
7813.331543 0.000000 3986.261963 0.000000 0.651356 0.000000 -0.758772 0.794841 0.794841 0.794841
7764.413086 0.000000 3968.204834 0.000000 0.808893 0.000000 0.587955 0.609931 0.609931 0.609931
7824.542480 0.000000 4033.518555 0.000000 0.810617 0.000000 -0.585577 0.794021 0.794021 0.794021
7811.851074 0.000000 4006.431885 0.000000 0.595129 0.000000 -0.803630 0.815811 0.815811 0.815811
7819.202148 0.000000 3995.323730 0.000000 0.163606 0.000000 -0.986526 0.832726 0.832726 0.832726
7807.749023 0.000000 3976.983643 0.000000 0.907779 0.000000 -0.419450 0.803630 0.803630 0.803630
7822.748047 0.000000 4030.549316 0.000000 0.999709 0.000000 -0.024131 0.702573 0.702573 0.702573
7825.548828 0.000000 4036.839355 0.000000 0.987670 0.000000 0.156548 0.676650 0.676650 0.676650
7796.648926 0.000000 4020.821045 0.000000 0.922586 0.000000 -0.385791 0.753988 0.753988 0.753988
7795.911133 0.000000 4014.775635 0.000000 0.821143 0.000000 0.570723 0.586424 0.586424 0.586424
7816.917480 0.000000 3997.698730 0.000000 0.499530 0.000000 -0.866296 0.914228 0.914228 0.914228
7801.155762 0.000000 4026.975098 0.000000 0.999472 0.000000 0.032489 0.693924 0.693924 0.693924
7818.408691 0.000000 3998.900879 0.000000 0.492923 0.000000 0.870073 0.563521 0.563521 0.563521
7807.018555 0.000000 3996.582764 0.000000 0.021325 0.000000 -0.999773 0.930165 0.930165 0.930165
7810.162598 0.000000 4004.274170 0.000000 0.914522 0.000000 0.404535 0.635952 0.635952 0.635952
7821.322754 0.000000 4035.321045 0.000000 0.998141 0.000000 -0.060955 0.705756 0.705756 0.705756
7800.050781 0.000000 4004.110840 0.000000 0.844834 0.000000 0.535029 0.639818 0.639818 0.639818
7809.272461 0.000000 4026.440918 0.000000 0.016170 0.000000 0.999869 0.512538 0.512538 0.512538
7797.105469 0.000000 4009.195312 0.000000 0.846513 0.000000 -0.532368 0.759846 0.759846 0.759846
7782.760254 0.000000 4014.875000 0.000000 0.826611 0.000000 0.562774 0.613298 0.613298 0.613298
7817.341309 0.000000 3995.929443 0.000000 0.976239 0.000000 0.216697 0.664881 0.664881 0.664881
7800.755859 0.000000 4014.339844 0.000000 0.358626 0.000000 0.933481 0.466446 0.466446 0.466446
7813.058105 0.000000 3988.028320 0.000000 0.518287 0.000000 0.855207 0.594217 0.594217 0.594217
7818.024902 0.000000 4003.753418 0.000000 0.982340 0.000000 0.187104 0.680265 0.680265 0.680265
7801.228516 0.000000 4018.439941 0.000000 0.950595 0.000000 0.310435 0.655318 0.655318 0.655318
7804.328125 0.000000 4007.910156 0.000000 0.982394 0.000000 0.186818 0.670771 0.670771 0.670771
7816.848145 0.000000 4009.038574 0.000000 0.947931 0.000000 0.318476 0.646756 0.646756 0.646756
7797.817871 0.000000 4023.090576 0.000000 0.908781 0.000000 -0.417274 0.776728 0.776728 0.776728
7823.441406 0.000000 4037.797852 0.000000 0.101388 0.000000 0.994847 0.440671 0.440671 0.440671
7803.374023 0.000000 3999.745361 0.000000 0.969579 0.000000 -0.244780 0.750995 0.750995 0.750995
7766.790039 0.000000 3968.130615 0.000000 0.586970 0.000000 0.809609 0.498844 0.498844 0.498844
7827.985352 0.000000 4032.989258 0.000000 0.289677 0.000000 0.957124 0.519248 0.519248 0.519248
7790.289062 0.000000 4006.288086 0.000000 0.727456 0.000000 0.686154 0.579743 0.579743 0.579743
7798.531250 0.000000 4012.176758 0.000000 1.000000 0.000000 0.000121 0.699976 0.699976 0.699976
7813.577637 0.000000 4004.771240 0.000000 0.834466 0.000000 0.551060 0.584746 0.584746 0.584746
7809.882812 0.000000 3981.675049 0.000000 0.863893 0.000000 -0.503675 0.787633 0.787633 0.787633
7804.541504 0.000000 3979.810547 0.000000 0.575565 0.000000 -0.817756 0.858965 0.858965 0.858965
7819.581055 0.000000 4032.751953 0.000000 0.571582 0.000000 0.820545 0.509955 0.509955 0.509955
7797.123047 0.000000 4011.452637 0.000000 0.092001 0.000000 -0.995759 0.896391 0.896391 0.896391
7817.762207 0.000000 4011.686279 0.000000 0.156091 0.000000 -0.987743 0.912523 0.912523 0.912523
7762.490234 0.000000 3965.552246 0.000000 0.951596 0.000000 -0.307351 0.786807 0.786807 0.786807
7823.017578 0.000000 4032.490234 0.000000 0.942653 0.000000 -0.333775 0.754714 0.754714 0.754714
7799.957520 0.000000 4025.244385 0.000000 0.108082 0.000000 0.994142 0.436748 0.436748 0.436748
7815.398926 0.000000 3998.277832 0.000000 0.990973 0.000000 -0.134059 0.727023 0.727023 0.727023
7813.980957 0.000000 3996.968018 0.000000 0.330407 0.000000 -0.943838 0.963108 0.963108 0.963108
7810.337402 0.000000 4005.956787 0.000000 0.782830 0.000000 0.622236 0.596717 0.596717 0.596717
7815.683594 0.000000 4002.671875 0.000000 0.161613 0.000000 0.986854 0.377554 0.377554 0.377554
7814.950195 0.000000 3999.790283 0.000000 0.951535 0.000000 0.307541 0.637174 0.637174 0.637174
7802.713867 0.000000 4021.367188 0.000000 0.958816 0.000000 -0.284026 0.758381 0.758381 0.758381
7818.788574 0.000000 4001.935791 0.000000 0.146182 0.000000 0.989258 0.488459 0.488459 0.488459
7812.306641 0.000000 3999.408203 0.000000 0.254462 0.000000 0.967083 0.465863 0.465863 0.465863
7808.129883 0.000000 4031.917969 0.000000 0.997274 0.000000 -0.073794 0.709810 0.709810 0.709810
7814.847168 0.000000 3991.041748 0.000000 0.892956 0.000000 -0.450144 0.801183 0.801183 0.801183
7821.271484 0.000000 4033.687744 0.000000 0.759811 0.000000 -0.650144 0.832348 0.832348 0.832348
7804.212402 0.000000 4023.468750 0.000000 0.990357 0.000000 0.138541 0.679840 0.679840 0.679840
7798.770508 0.000000 4013.727295 0.000000 0.992335 0.000000 0.123575 0.675534 0.675534 0.675534
7812.490723 0.000000 3997.864990 0.000000 0.388215 0.000000 -0.921569 0.949898 0.949898 0.949898
7817.541016 0.000000 4000.780518 0.000000 0.839889 0.000000 0.542759 0.563644 0.563644 0.563644
7807.069824 0.000000 3981.955566 0.000000 0.288155 0.000000 0.957584 0.523492 0.523492 0.523492
7797.491699 0.000000 4014.917480 0.000000 0.841277 0.000000 -0.540604 0.781848 0.781848 0.781848
7815.227539 0.000000 3993.431152 0.000000 0.943311 0.000000 -0.331911 0.774499 0.774499 0.774499
7785.467285 0.000000 4013.729492 0.000000 0.999385 0.000000 -0.035055 0.706924 0.706924 0.706924
7812.797363 0.000000 3982.903320 0.000000 0.567679 0.000000 -0.823250 0.853800 0.853800 0.853800
7804.751465 0.000000 3998.538086 0.000000 0.909408 0.000000 -0.415906 0.777209 0.777209 0.777209
7808.794922 0.000000 4029.097900 0.000000 0.559596 0.000000 -0.828765 0.851942 0.851942 0.851942
7801.458008 0.000000 4000.987549 0.000000 0.167260 0.000000 -0.985913 0.927982 0.927982 0.927982
7801.513672 0.000000 4007.697510 0.000000 0.854723 0.000000 0.519084 0.613205 0.613205 0.613205
7804.921875 0.000000 4006.611084 0.000000 0.065800 0.000000 -0.997833 0.934072 0.934072 0.934072
7808.738770 0.000000 4024.656738 0.000000 0.859557 0.000000 -0.511039 0.808737 0.808737 0.808737
7779.125977 0.000000 4010.599365 0.000000 0.999818 0.000000 0.019094 0.696930 0.696930 0.696930
7815.052246 0.000000 3988.739014 0.000000 0.133781 0.000000 -0.991011 0.971145 0.971145 0.971145
7802.169922 0.000000 3998.722900 0.000000 0.777534 0.000000 -0.628841 0.840239 0.840239 0.840239
7816.514648 0.000000 4003.939209 0.000000 0.624236 0.000000 -0.781236 0.847294 0.847294 0.847294
7806.138184 0.000000 3977.647461 0.000000 0.834788 0.000000 0.550571 0.560407 0.560407 0.560407
7805.873047 0.000000 3979.441162 0.000000 0.759700 0.000000 0.650274 0.582467 0.582467 0.582467
7818.814453 0.000000 4013.212646 0.000000 0.938780 0.000000 0.344516 0.635460 0.635460 0.635460
7764.105957 0.000000 3966.878174 0.000000 0.996890 0.000000 0.078801 0.684285 0.684285 0.684285
7806.859375 0.000000 4028.214111 0.000000 0.973227 0.000000 0.229848 0.661091 0.661091 0.661091
7813.553711 0.000000 3999.872070 0.000000 0.774154 0.000000 -0.632997 0.822178 0.822178 0.822178
7808.265625 0.000000 3978.176514 0.000000 0.999651 0.000000 -0.026430 0.707160 0.707160 0.707160
7804.688477 0.000000 3981.223389 0.000000 0.537226 0.000000 0.843438 0.503556 0.503556 0.503556
7817.586914 0.000000 4032.240479 0.000000 0.332323 0.000000 0.943166 0.463162 0.463162 0.463162
7816.357910 0.000000 4001.229736 0.000000 0.708279 0.000000 -0.705933 0.886272 0.886272 0.886272
7811.861816 0.000000 4031.148682 0.000000 0.763345 0.000000 0.645990 0.556399 0.556399 0.556399
7816.770020 0.000000 4033.736328 0.000000 0.992110 0.000000 0.125374 0.675835 0.675835 0.675835
7800.839355 0.000000 4017.284668 0.000000 0.986875 0.000000 -0.161488 0.735715 0.735715 0.735715
7769.270508 0.000000 3969.270996 0.000000 0.698268 0.000000 0.715836 0.515958 0.515958 0.515958
7814.619629 0.000000 4003.172119 0.000000 0.708039 0.000000 -0.706173 0.879502 0.879502 0.879502
7809.604980 0.000000 3978.161377 0.000000 0.669189 0.000000 0.743092 0.473093 0.473093 0.473093
7762.421875 0.000000 3964.446533 0.000000 0.835394 0.000000 0.549651 0.538297 0.538297 0.538297
7807.977051 0.000000 3979.514404 0.000000 0.629113 0.000000 0.777314 0.374791 0.374791 0.374791
7763.911621 0.000000 3964.399170 0.000000 0.413257 0.000000 -0.910614 1.018092 1.018092 1.018092
7832.707031 0.000000 3853.777344 0.000000 0.854711 0.000000 0.519105 0.612247 0.612247 0.612247
7838.332520 0.000000 3891.531250 0.000000 0.204662 0.000000 0.978833 0.649917 0.649917 0.649917
7863.104980 0.000000 3892.806641 0.000000 0.022511 0.000000 0.999747 0.629650 0.629650 0.629650
7882.758301 0.000000 3926.685547 0.000000 0.687083 0.000000 0.726579 0.655938 0.655938 0.655938
7848.452637 0.000000 3907.690186 0.000000 0.620315 0.000000 -0.784352 0.704727 0.704727 0.704727
7831.265625 0.000000 3875.136719 0.000000 0.831132 0.000000 0.556076 0.698969 0.698969 0.698969
7894.531738 0.000000 3918.490723 0.000000 0.592038 0.000000 0.805910 0.688535 0.688535 0.688535
7852.152832 0.000000 3885.460938 0.000000 0.518457 0.000000 0.855104 0.631882 0.631882 0.631882
7835.423340 0.000000 3904.301270 0.000000 0.232855 0.000000 -0.972512 0.739685 0.739685 0.739685
7893.894531 0.000000 3941.006836 0.000000 0.856947 0.000000 -0.515404 0.746368 0.746368 0.746368
7860.345703 0.000000 3904.635254 0.000000 0.496652 0.000000 0.867950 0.655916 0.655916 0.655916
7856.466309 0.000000 3915.649658 0.000000 0.154429 0.000000 0.988004 0.576293 0.576293 0.576293
7914.111328 0.000000 3951.352783 0.000000 0.884206 0.000000 0.467096 0.687260 0.687260 0.687260
7841.916504 0.000000 3881.489258 0.000000 0.263096 0.000000 0.964770 0.538131 0.538131 0.538131
7891.591797 0.000000 3931.253906 0.000000 0.879933 0.000000 -0.475097 0.719034 0.719034 0.719034
7830.009277 0.000000 3896.180664 0.000000 0.997854 0.000000 0.065475 0.697023 0.697023 0.697023
7860.447754 0.000000 3881.173340 0.000000 0.872171 0.000000 0.489202 0.690173 0.690173 0.690173
7870.508789 0.000000 3903.263428 0.000000 0.617587 0.000000 -0.786502 0.704745 0.704745 0.704745
7832.295410 0.000000 3884.769043 0.000000 0.753450 0.000000 0.657505 0.599688 0.599688 0.599688
7843.545898 0.000000 3900.086914 0.000000 0.996237 0.000000 -0.086667 0.710767 0.710767 0.710767
7902.614258 0.000000 3941.249023 0.000000 0.958524 0.000000 0.285011 0.686363 0.686363 0.686363
7840.896484 0.000000 3910.582031 0.000000 0.994495 0.000000 0.104783 0.691561 0.691561 0.691561
7846.555664 0.000000 3891.319336 0.000000 0.813231 0.000000 0.581941 0.665266 0.665266 0.665266
7896.460938 0.000000 3925.739990 0.000000 0.239688 0.000000 0.970850 0.432958 0.432958 0.432958
7862.412109 0.000000 3911.569824 0.000000 0.255691 0.000000 -0.966759 0.725226 0.725226 0.725226
7838.208984 0.000000 3875.937256 0.000000 0.623402 0.000000 -0.781902 0.825506 0.825506 0.825506
7909.370117 0.000000 3946.884277 0.000000 0.983819 0.000000 -0.179166 0.715426 0.715426 0.715426
7868.718750 0.000000 3896.464600 0.000000 0.594036 0.000000 0.804438 0.678764 0.678764 0.678764
7858.637207 0.000000 3898.429932 0.000000 0.527391 0.000000 -0.849623 0.806456 0.806456 0.806456
7890.157715 0.000000 3924.584717 0.000000 0.696291 0.000000 0.717760 0.693005 0.693005 0.693005
7836.111328 0.000000 3897.635986 0.000000 0.391936 0.000000 0.919993 0.585688 0.585688 0.585688
7914.471680 0.000000 3914.052002 0.000000 0.566377 0.000000 0.824146 0.615356 0.615356 0.615356
7829.760254 0.000000 3890.308838 0.000000 0.737945 0.000000 -0.674861 0.806155 0.806155 0.806155
7854.832031 0.000000 3879.503174 0.000000 0.325377 0.000000 0.945584 0.628524 0.628524 0.628524
7829.727051 0.000000 3901.974609 0.000000 0.169147 0.000000 0.985591 0.555564 0.555564 0.555564
7864.374512 0.000000 3900.092773 0.000000 0.971509 0.000000 -0.237003 0.720072 0.720072 0.720072
7845.845215 0.000000 3885.554688 0.000000 0.547682 0.000000 -0.836686 0.764092 0.764092 0.764092
7833.261230 0.000000 3859.279053 0.000000 0.210465 0.000000 -0.977601 0.756989 0.756989 0.756989
7836.318359 0.000000 3881.147705 0.000000 0.116578 0.000000 -0.993182 0.799095 0.799095 0.799095
7841.202148 0.000000 3904.877197 0.000000 0.771170 0.000000 -0.636629 0.812162 0.812162 0.812162
7840.585449 0.000000 3886.609619 0.000000 0.893183 0.000000 -0.449694 0.733420 0.733420 0.733420
7891.025391 0.000000 3936.509033 0.000000 0.674181 0.000000 0.738566 0.625941 0.625941 0.625941
7847.159180 0.000000 3896.459229 0.000000 0.317341 0.000000 -0.948311 0.732711 0.732711 0.732711
7833.716309 0.000000 3893.105469 0.000000 0.595502 0.000000 0.803354 0.554900 0.554900 0.554900
7900.917969 0.000000 3945.759521 0.000000 0.224923 0.000000 0.974376 0.580220 0.580220 0.580220
7913.239258 0.000000 3956.030273 0.000000 0.968407 0.000000 -0.249374 0.713654 0.713654 0.713654
7836.332031 0.000000 3908.845215 0.000000 0.333033 0.000000 -0.942915 0.755946 0.755946 0.755946
7906.705566 0.000000 3943.126953 0.000000 0.386475 0.000000 0.922300 0.609728 0.609728 0.609728
7895.925781 0.000000 3931.193359 0.000000 0.116037 0.000000 0.993245 0.476317 0.476317 0.476317
7838.824219 0.000000 3901.072998 0.000000 0.999994 0.000000 -0.003597 0.700170 0.700170 0.700170
7890.380859 0.000000 3920.055176 0.000000 0.527384 0.000000 -0.849627 0.861460 0.861460 0.861460
7858.487305 0.000000 3877.338867 0.000000 0.565627 0.000000 -0.824661 0.722028 0.722028 0.722028
7835.007812 0.000000 3873.193604 0.000000 0.736521 0.000000 -0.676415 0.780492 0.780492 0.780492
7897.388184 0.000000 3921.770020 0.000000 0.623612 0.000000 -0.781734 0.721957 0.721957 0.721957
7850.872559 0.000000 3881.418457 0.000000 0.904446 0.000000 -0.426587 0.715404 0.715404 0.715404
7888.102539 0.000000 3933.409180 0.000000 0.468564 0.000000 -0.883430 0.726500 0.726500 0.726500
7897.284180 0.000000 3943.781738 0.000000 0.198011 0.000000 -0.980200 0.963643 0.963643 0.963643
7860.667969 0.000000 3915.188232 0.000000 0.727382 0.000000 0.686233 0.677531 0.677531 0.677531
7833.455078 0.000000 3900.695557 0.000000 0.976131 0.000000 -0.217180 0.726016 0.726016 0.726016
7849.274902 0.000000 3888.198730 0.000000 0.944382 0.000000 -0.328850 0.734550 0.734550 0.734550
7831.569336 0.000000 3905.690918 0.000000 0.906781 0.000000 -0.421602 0.738789 0.738789 0.738789
7834.270508 0.000000 3877.755127 0.000000 0.702136 0.000000 -0.712043 0.748468 0.748468 0.748468
7893.512207 0.000000 3922.673584 0.000000 0.227771 0.000000 -0.973715 0.880451 0.880451 0.880451
7862.300781 0.000000 3896.648682 0.000000 0.684794 0.000000 0.728737 0.604400 0.604400 0.604400
7904.729004 0.000000 3946.428467 0.000000 0.811329 0.000000 -0.584590 0.722914 0.722914 0.722914
7852.802246 0.000000 3916.804688 0.000000 0.597311 0.000000 0.802010 0.673978 0.673978 0.673978
7854.871582 0.000000 3899.419922 0.000000 0.263631 0.000000 -0.964624 0.738741 0.738741 0.738741
7912.792969 0.000000 3917.614014 0.000000 0.962485 0.000000 -0.271335 0.711045 0.711045 0.711045
7844.918945 0.000000 3903.715820 0.000000 0.825302 0.000000 0.564691 0.660151 0.660151 0.660151
7839.911621 0.000000 3897.233154 0.000000 0.848599 0.000000 -0.529037 0.782808 0.782808 0.782808
7890.325195 0.000000 3939.999268 0.000000 0.913221 0.000000 0.407465 0.677997 0.677997 0.677997
7863.831055 0.000000 3903.877197 0.000000 0.978189 0.000000 0.207718 0.685739 0.685739 0.685739
7867.914551 0.000000 3900.787598 0.000000 0.946128 0.000000 0.323794 0.683289 0.683289 0.683289
7893.964355 0.000000 3934.235107 0.000000 0.043506 0.000000 0.999053 0.515836 0.515836 0.515836
7854.721680 0.000000 3883.070068 0.000000 0.979259 0.000000 0.202613 0.671476 0.671476 0.671476
7832.884766 0.000000 3881.099121 0.000000 0.571633 0.000000 -0.820509 0.726907 0.726907 0.726907
7839.378906 0.000000 3879.129395 0.000000 0.977034 0.000000 -0.213083 0.734524 0.734524 0.734524
7898.733887 0.000000 3929.209961 0.000000 0.942931 0.000000 0.332989 0.691101 0.691101 0.691101
7833.046875 0.000000 3889.290527 0.000000 0.472461 0.000000 -0.881352 0.769750 0.769750 0.769750
7836.795898 0.000000 3858.962891 0.000000 0.396552 0.000000 0.918012 0.612602 0.612602 0.612602
7861.136719 0.000000 3900.942383 0.000000 0.120782 0.000000 -0.992679 0.862144 0.862144 0.862144
7865.505859 0.000000 3895.462646 0.000000 0.795146 0.000000 -0.606418 0.743268 0.743268 0.743268
7848.978027 0.000000 3884.314697 0.000000 0.228664 0.000000 -0.973505 0.882670 0.882670 0.882670
7894.681641 0.000000 3937.739258 0.000000 0.168886 0.000000 0.985636 0.609404 0.609404 0.609404
7910.956543 0.000000 3952.302490 0.000000 0.723945 0.000000 0.689858 0.630818 0.630818 0.630818
7851.569336 0.000000 3900.415771 0.000000 0.199061 0.000000 0.979987 0.575466 0.575466 0.575466
7834.946289 0.000000 3856.216553 0.000000 0.997336 0.000000 -0.072939 0.716203 0.716203 0.716203
7916.234375 0.000000 3919.686768 0.000000 0.569059 0.000000 0.822297 0.669631 0.669631 0.669631
7837.723633 0.000000 3894.754639 0.000000 0.985467 0.000000 -0.169869 0.756082 0.756082 0.756082
7841.709473 0.000000 3874.011963 0.000000 0.707968 0.000000 0.706245 0.676703 0.676703 0.676703
7829.692871 0.000000 3886.935303 0.000000 0.247879 0.000000 0.968791 0.605399 0.605399 0.605399
7882.315430 0.000000 3930.010254 0.000000 0.997801 0.000000 0.066287 0.692349 0.692349 0.692349
7838.016113 0.000000 3906.182861 0.000000 0.855354 0.000000 -0.518045 0.766617 0.766617 0.766617
7843.992188 0.000000 3911.265869 0.000000 0.513657 0.000000 0.857995 0.629707 0.629707 0.629707
7829.478516 0.000000 3883.189209 0.000000 0.890135 0.000000 0.455697 0.665271 0.665271 0.665271
7845.035156 0.000000 3888.607178 0.000000 0.945311 0.000000 0.326171 0.639033 0.639033 0.639033
7846.687012 0.000000 3899.591797 0.000000 0.620492 0.000000 -0.784213 0.777191 0.777191 0.777191
7829.651855 0.000000 3853.166748 0.000000 0.579893 0.000000 0.814693 0.598493 0.598493 0.598493
7842.958008 0.000000 3884.380371 0.000000 0.664854 0.000000 0.746974 0.500999 0.500999 0.500999
7830.810059 0.000000 3899.083984 0.000000 0.483991 0.000000 0.875073 0.610614 0.610614 0.610614
7835.368164 0.000000 3861.623047 0.000000 0.670794 0.000000 -0.741644 0.733583 0.733583 0.733583
7857.231934 0.000000 3881.380859 0.000000 0.877313 0.000000 0.479919 0.609898 0.609898 0.609898
7880.060547 0.000000 3928.027100 0.000000 0.148270 0.000000 -0.988947 0.881407 0.881407 0.881407
7899.920410 0.000000 3942.341309 0.000000 0.924383 0.000000 0.381466 0.624763 0.624763 0.624763
7830.282227 0.000000 3893.197021 0.000000 0.998324 0.000000 -0.057872 0.710625 0.710625 0.710625
7849.441406 0.000000 3898.421875 0.000000 0.994826 0.000000 -0.101589 0.706402 0.706402 0.706402
7840.649414 0.000000 3907.729736 0.000000 0.995217 0.000000 0.097684 0.682389 0.682389 0.682389
7866.391113 0.000000 3898.103271 0.000000 0.999663 0.000000 0.025941 0.698368 0.698368 0.698368
7888.163086 0.000000 3921.809326 0.000000 0.999600 0.000000 -0.028298 0.701385 0.701385 0.701385
7835.794922 0.000000 3890.375488 0.000000 0.502504 0.000000 0.864575 0.495599 0.495599 0.495599
7903.126953 0.000000 3944.050537 0.000000 0.749959 0.000000 -0.661484 0.788420 0.788420 0.788420
7832.249512 0.000000 3903.106934 0.000000 0.978920 0.000000 0.204244 0.674838 0.674838 0.674838
7895.709473 0.000000 3928.394043 0.000000 0.973779 0.000000 -0.227497 0.738905 0.738905 0.738905
7841.343750 0.000000 3902.085938 0.000000 0.571826 0.000000 -0.820375 0.827778 0.827778 0.827778
7838.933105 0.000000 3881.767822 0.000000 0.881683 0.000000 -0.471842 0.783296 0.783296 0.783296
7890.884277 0.000000 3933.793701 0.000000 0.396309 0.000000 -0.918117 0.826044 0.826044 0.826044
7838.910645 0.000000 3903.682617 0.000000 0.043051 0.000000 -0.999073 0.828152 0.828152 0.828152
7915.139160 0.000000 3916.552246 0.000000 0.993070 0.000000 0.117522 0.683532 0.683532 0.683532
7840.405273 0.000000 3884.026855 0.000000 0.713853 0.000000 -0.700295 0.889811 0.889811 0.889811
7831.565430 0.000000 3851.437988 0.000000 0.985076 0.000000 0.172121 0.682467 0.682467 0.682467
7884.945312 0.000000 3929.895508 0.000000 0.056664 0.000000 -0.998393 0.805841 0.805841 0.805841
7841.084961 0.000000 3899.457031 0.000000 0.888624 0.000000 0.458636 0.638384 0.638384 0.638384
7832.499512 0.000000 3856.833740 0.000000 0.519116 0.000000 -0.854704 0.825387 0.825387 0.825387
7836.771484 0.000000 3878.103027 0.000000 0.798626 0.000000 0.601827 0.598429 0.598429 0.598429
7835.307129 0.000000 3895.254395 0.000000 0.572922 0.000000 0.819610 0.579115 0.579115 0.579115
7835.606445 0.000000 3875.602295 0.000000 0.046567 0.000000 0.998915 0.617426 0.617426 0.617426
7892.387207 0.000000 3938.652100 0.000000 0.189309 0.000000 0.981918 0.463599 0.463599 0.463599
7894.780762 0.000000 3943.398193 0.000000 0.963572 0.000000 -0.267449 0.733120 0.733120 0.733120
7865.878418 0.000000 3902.189209 0.000000 0.468065 0.000000 -0.883694 0.756816 0.756816 0.756816
7895.135254 0.000000 3920.826904 0.000000 0.051854 0.000000 -0.998655 0.819450 0.819450 0.819450
7858.192383 0.000000 3895.886230 0.000000 0.710880 0.000000 0.703314 0.650925 0.650925 0.650925
7833.694824 0.000000 3886.742920 0.000000 0.988475 0.000000 0.151387 0.688049 0.688049 0.688049
7836.698242 0.000000 3871.380859 0.000000 0.800476 0.000000 -0.599365 0.741558 0.741558 0.741558
7907.095215 0.000000 3945.542725 0.000000 0.976121 0.000000 0.217228 0.659819 0.659819 0.659819
7853.548828 0.000000 3914.487305 0.000000 0.353148 0.000000 0.935568 0.621770 0.621770 0.621770
7896.624023 0.000000 3941.271973 0.000000 0.960317 0.000000 -0.278912 0.723711 0.723711 0.723711
7838.671387 0.000000 3909.490967 0.000000 0.939902 0.000000 0.341443 0.665290 0.665290 0.665290
7843.245117 0.000000 3886.806885 0.000000 0.672374 0.000000 0.740212 0.557272 0.557272 0.557272
7893.725098 0.000000 3930.169189 0.000000 0.120283 0.000000 0.992740 0.499784 0.499784 0.499784
7829.358887 0.000000 3904.318848 0.000000 0.926970 0.000000 0.375137 0.677823 0.677823 0.677823
7836.067871 0.000000 3892.745850 0.000000 0.179793 0.000000 0.983704 0.299186 0.299186 0.299186
7915.307129 0.000000 3957.180420 0.000000 0.999134 0.000000 -0.041600 0.706618 0.706618 0.706618
7837.436523 0.000000 3873.645264 0.000000 0.808295 0.000000 0.588777 0.583381 0.583381 0.583381
7913.065430 0.000000 3953.542725 0.000000 0.827044 0.000000 0.562137 0.587329 0.587329 0.587329
7858.391602 0.000000 3914.275146 0.000000 0.634383 0.000000 -0.773019 0.755589 0.755589 0.755589
7831.827637 0.000000 3891.433350 0.000000 0.205986 0.000000 0.978555 0.576109 0.576109 0.576109
7852.393555 0.000000 3883.154541 0.000000 0.037329 0.000000 -0.999303 1.005503 1.005503 1.005503
7838.011230 0.000000 3898.929443 0.000000 0.486712 0.000000 -0.873563 0.764987 0.764987 0.764987
7892.752930 0.000000 3920.352295 0.000000 0.966746 0.000000 0.255737 0.662941 0.662941 0.662941
7845.373047 0.000000 3901.473877 0.000000 0.625593 0.000000 0.780149 0.570195 0.570195 0.570195
7898.753906 0.000000 3925.567871 0.000000 0.738031 0.000000 0.674767 0.633988 0.633988 0.633988
7861.052246 0.000000 3898.551758 0.000000 0.573756 0.000000 -0.819026 0.825788 0.825788 0.825788
7853.062012 0.000000 3880.985107 0.000000 0.007737 0.000000 0.999970 0.506058 0.506058 0.506058
7895.639160 0.000000 3923.539307 0.000000 0.929199 0.000000 0.369579 0.623259 0.623259 0.623259
7847.207031 0.000000 3887.266602 0.000000 0.751417 0.000000 0.659828 0.586664 0.586664 0.586664
7857.006348 0.000000 3899.910645 0.000000 0.829532 0.000000 0.558460 0.664793 0.664793 0.664793
7859.023926 0.000000 3879.465332 0.000000 0.735874 0.000000 0.677118 0.628504 0.628504 0.628504
7843.291016 0.000000 3905.687988 0.000000 0.478456 0.000000 0.878112 0.625071 0.625071 0.625071
7840.286621 0.000000 3894.791016 0.000000 0.768330 0.000000 -0.640054 0.742483 0.742483 0.742483
7861.588867 0.000000 3894.486572 0.000000 0.410781 0.000000 0.911734 0.593718 0.593718 0.593718
7864.347656 0.000000 3897.431396 0.000000 0.991204 0.000000 -0.132342 0.712294 0.712294 0.712294
7839.578125 0.000000 3874.272217 0.000000 0.994685 0.000000 -0.102962 0.714420 0.714420 0.714420
7833.712891 0.000000 3905.534668 0.000000 0.996918 0.000000 0.078454 0.694785 0.694785 0.694785
7863.106934 0.000000 3901.823975 0.000000 0.170310 0.000000 0.985391 0.553239 0.553239 0.553239
7856.878418 0.000000 3878.809326 0.000000 0.238011 0.000000 0.971263 0.539566 0.539566 0.539566
7842.011230 0.000000 3897.455811 0.000000 0.142086 0.000000 0.989854 0.600162 0.600162 0.600162
7859.550781 0.000000 3902.405518 0.000000 0.879371 0.000000 -0.476138 0.736425 0.736425 0.736425
7831.533691 0.000000 3882.784180 0.000000 0.999628 0.000000 -0.027256 0.705478 0.705478 0.705478
7893.252930 0.000000 3936.207520 0.000000 0.951949 0.000000 -0.306256 0.760922 0.760922 0.760922
7831.051758 0.000000 3888.611816 0.000000 0.137943 0.000000 -0.990440 0.882738 0.882738 0.882738
7897.741211 0.000000 3927.369141 0.000000 0.754671 0.000000 0.656104 0.558677 0.558677 0.558677
7855.364746 0.000000 3901.478027 0.000000 0.925291 0.000000 -0.379258 0.729231 0.729231 0.729231
7847.649902 0.000000 3889.565918 0.000000 0.009780 0.000000 -0.999952 1.043729 1.043729 1.043729
7842.886230 0.000000 3903.644043 0.000000 0.992812 0.000000 0.119688 0.679453 0.679453 0.679453
7860.168945 0.000000 3896.427490 0.000000 0.263341 0.000000 -0.964703 0.864116 0.864116 0.864116
7897.631348 0.000000 3923.828857 0.000000 0.694559 0.000000 -0.719435 0.781391 0.781391 0.781391
7893.566406 0.000000 3932.252930 0.000000 0.263942 0.000000 0.964539 0.465334 0.465334 0.465334
7895.779297 0.000000 3939.455566 0.000000 0.879817 0.000000 -0.475313 0.757996 0.757996 0.757996
7837.943359 0.000000 3896.755615 0.000000 0.383816 0.000000 -0.923410 0.815174 0.815174 0.815174
7859.200195 0.000000 3900.455566 0.000000 0.998542 0.000000 -0.053972 0.705662 0.705662 0.705662
7905.152832 0.000000 3944.501953 0.000000 0.926236 0.000000 -0.376943 0.754034 0.754034 0.754034
7833.940918 0.000000 3891.144043 0.000000 0.323807 0.000000 -0.946123 0.873507 0.873507 0.873507
7861.935547 0.000000 3903.505859 0.000000 0.999544 0.000000 0.030184 0.697204 0.697204 0.697204
7848.540039 0.000000 3900.200684 0.000000 0.555914 0.000000 0.831240 0.591957 0.591957 0.591957
7853.483398 0.000000 3900.835205 0.000000 0.787349 0.000000 0.616508 0.647759 0.647759 0.647759
7849.620605 0.000000 3886.210693 0.000000 0.759885 0.000000 -0.650057 0.837273 0.837273 0.837273
7915.015137 0.000000 3955.260498 0.000000 0.586378 0.000000 -0.810037 0.836958 0.836958 0.836958
7830.292480 0.000000 3885.063232 0.000000 0.995736 0.000000 0.092245 0.682081 0.682081 0.682081
7831.659668 0.000000 3886.689697 0.000000 0.704678 0.000000 -0.709528 0.847504 0.847504 0.847504
7831.625000 0.000000 3901.320312 0.000000 0.999535 0.000000 0.030485 0.695045 0.695045 0.695045
7834.927246 0.000000 3858.236328 0.000000 0.983378 0.000000 -0.181568 0.725845 0.725845 0.725845
7901.226074 0.000000 3943.806152 0.000000 0.992274 0.000000 0.124068 0.675654 0.675654 0.675654
7863.427734 0.000000 3895.010986 0.000000 0.954992 0.000000 -0.296632 0.725789 0.725789 0.725789
7894.807617 0.000000 3926.756592 0.000000 0.175866 0.000000 -0.984414 0.821808 0.821808 0.821808
7904.487305 0.000000 3942.770264 0.000000 0.290388 0.000000 -0.956909 0.885107 0.885107 0.885107
7862.889160 0.000000 3898.810059 0.000000 0.015906 0.000000 0.999873 0.490768 0.490768 0.490768
7838.836914 0.000000 3893.278076 0.000000 0.703909 0.000000 -0.710290 0.809054 0.809054 0.809054
7850.838379 0.000000 3884.141846 0.000000 0.350596 0.000000 0.936527 0.511400 0.511400 0.511400
7850.188477 0.000000 3901.613770 0.000000 0.218580 0.000000 -0.975819 0.822720 0.822720 0.822720
7855.380859 0.000000 3881.303223 0.000000 0.656769 0.000000 0.754092 0.522344 0.522344 0.522344
7843.532715 0.000000 3901.974609 0.000000 0.957269 0.000000 -0.289197 0.736403 0.736403 0.736403
7896.984375 0.000000 3929.657471 0.000000 0.165509 0.000000 0.986208 0.540456 0.540456 0.540456
7829.334473 0.000000 3900.101074 0.000000 0.201273 0.000000 -0.979535 0.841065 0.841065 0.841065
7839.751465 0.000000 3905.908203 0.000000 0.924168 0.000000 -0.381987 0.742467 0.742467 0.742467
7912.306641 0.000000 3951.076904 0.000000 0.401497 0.000000 -0.915860 0.821385 0.821385 0.821385
7833.275391 0.000000 3882.907715 0.000000 0.539320 0.000000 -0.842101 0.808477 0.808477 0.808477
7833.451660 0.000000 3855.360596 0.000000 0.567457 0.000000 0.823403 0.519108 0.519108 0.519108
7882.070801 0.000000 3928.308105 0.000000 0.253591 0.000000 0.967311 0.472594 0.472594 0.472594
7834.817383 0.000000 3859.995605 0.000000 0.882548 0.000000 -0.470223 0.769297 0.769297 0.769297
7840.317871 0.000000 3880.724121 0.000000 0.501659 0.000000 0.865066 0.570303 0.570303 0.570303
7839.060547 0.000000 3877.432373 0.000000 0.060250 0.000000 -0.998183 0.932297 0.932297 0.932297
7892.234863 0.000000 3934.789551 0.000000 0.678599 0.000000 -0.734509 0.799474 0.799474 0.799474
7847.067383 0.000000 3901.276611 0.000000 0.697719 0.000000 -0.716372 0.814439 0.814439 0.814439
7880.704102 0.000000 3929.563965 0.000000 0.980040 0.000000 0.198802 0.674468 0.674468 0.674468
7894.020996 0.000000 3939.305664 0.000000 0.805267 0.000000 0.592913 0.625688 0.625688 0.625688
7841.991211 0.000000 3885.744141 0.000000 0.944667 0.000000 -0.328030 0.781770 0.781770 0.781770
7838.645020 0.000000 3907.757080 0.000000 0.057573 0.000000 -0.998341 0.885110 0.885110 0.885110
7845.037109 0.000000 3886.967041 0.000000 0.117913 0.000000 0.993024 0.430913 0.430913 0.430913
7883.574219 0.000000 3931.033936 0.000000 0.134110 0.000000 0.990966 0.534339 0.534339 0.534339
7832.078613 0.000000 3893.025635 0.000000 0.595641 0.000000 -0.803250 0.845073 0.845073 0.845073
7829.349121 0.000000 3894.538086 0.000000 0.438202 0.000000 -0.898876 0.934288 0.934288 0.934288
7843.052734 0.000000 3882.646973 0.000000 0.434398 0.000000 -0.900721 0.860703 0.860703 0.860703
7829.426270 0.000000 3888.496338 0.000000 0.697510 0.000000 -0.716575 0.836819 0.836819 0.836819
7830.695312 0.000000 3903.288818 0.000000 0.816408 0.000000 -0.577476 0.804359 0.804359 0.804359
7840.371582 0.000000 3882.380127 0.000000 0.989149 0.000000 -0.146914 0.733756 0.733756 0.733756
7840.471680 0.000000 3903.417725 0.000000 0.998949 0.000000 -0.045839 0.706090 0.706090 0.706090
7846.134277 0.000000 3889.761963 0.000000 0.290876 0.000000 -0.956761 0.980893 0.980893 0.980893
7829.344238 0.000000 3891.950195 0.000000 0.999986 0.000000 -0.005230 0.700749 0.700749 0.700749
7892.317871 0.000000 3933.181885 0.000000 0.196289 0.000000 0.980546 0.452818 0.452818 0.452818
7839.178711 0.000000 3895.865723 0.000000 0.952191 0.000000 0.305504 0.642488 0.642488 0.642488
7836.139648 0.000000 3879.532959 0.000000 0.481228 0.000000 0.876596 0.531906 0.531906 0.531906
7842.008301 0.000000 3900.661377 0.000000 0.284350 0.000000 -0.958721 0.859127 0.859127 0.859127
7840.209473 0.000000 3909.201416 0.000000 0.919894 0.000000 0.392167 0.645068 0.645068 0.645068
7836.762207 0.000000 3876.586914 0.000000 0.213071 0.000000 0.977037 0.396658 0.396658 0.396658
7901.530273 0.000000 3942.321533 0.000000 0.591799 0.000000 -0.806085 0.883498 0.883498 0.883498
7841.702637 0.000000 3883.266846 0.000000 0.540178 0.000000 0.841551 0.471033 0.471033 0.471033
7836.676270 0.000000 3895.845703 0.000000 0.753679 0.000000 -0.657243 0.935618 0.935618 0.935618
7895.127441 0.000000 3941.920654 0.000000 0.906961 0.000000 0.421215 0.612620 0.612620 0.612620
7831.282227 0.000000 3853.317139 0.000000 0.947391 0.000000 -0.320079 0.760355 0.760355 0.760355
7841.543457 0.000000 3906.296387 0.000000 0.905280 0.000000 -0.424816 0.778977 0.778977 0.778977
7832.835938 0.000000 3852.234619 0.000000 0.308057 0.000000 0.951368 0.497799 0.497799 0.497799
7836.853516 0.000000 3891.425293 0.000000 0.449256 0.000000 0.893403 0.543602 0.543602 0.543602
7856.362793 0.000000 3880.180664 0.000000 0.122609 0.000000 -0.992455 0.960620 0.960620 0.960620
7834.792969 0.000000 3854.721436 0.000000 0.980464 0.000000 -0.196700 0.730103 0.730103 0.730103
7835.068359 0.000000 3893.790771 0.000000 0.999935 0.000000 -0.011363 0.701589 0.701589 0.701589
7895.787109 0.000000 3922.113525 0.000000 0.249035 0.000000 -0.968494 0.967410 0.967410 0.967410
7836.990723 0.000000 3875.069336 0.000000 0.995915 0.000000 -0.090292 0.717697 0.717697 0.717697
7894.353027 0.000000 3928.875977 0.000000 0.335402 0.000000 0.942075 0.491705 0.491705 0.491705
7907.638672 0.000000 3944.223389 0.000000 0.363515 0.000000 -0.931588 0.919968 0.919968 0.919968
7895.511230 0.000000 3929.812988 0.000000 0.819382 0.000000 -0.573248 0.803483 0.803483 0.803483
7898.637207 0.000000 3943.149414 0.000000 0.063751 0.000000 0.997966 0.410303 0.410303 0.410303
7836.383789 0.000000 3894.289551 0.000000 0.802345 0.000000 0.596861 0.489868 0.489868 0.489868
7903.100586 0.000000 3942.562744 0.000000 0.613621 0.000000 -0.789601 0.847924 0.847924 0.847924
7837.511719 0.000000 3892.754150 0.000000 0.611546 0.000000 -0.791209 0.963202 0.963202 0.963202
7896.246582 0.000000 3942.821533 0.000000 0.997104 0.000000 -0.076056 0.714635 0.714635 0.714635
7846.446289 0.000000 3888.409180 0.000000 0.998971 0.000000 -0.045364 0.709992 0.709992 0.709992
7894.019043 0.000000 3923.972656 0.000000 0.428442 0.000000 0.903569 0.471326 0.471326 0.471326
7857.750000 0.000000 3880.094727 0.000000 0.951391 0.000000 -0.307987 0.756354 0.756354 0.756354
7836.380371 0.000000 3872.732666 0.000000 0.963858 0.000000 0.266416 0.650045 0.650045 0.650045
7837.772461 0.000000 3872.233887 0.000000 0.028147 0.000000 -0.999604 0.985766 0.985766 0.985766
7890.764160 0.000000 3935.159180 0.000000 0.572563 0.000000 0.819861 0.542106 0.542106 0.542106
7837.958496 0.000000 3878.801514 0.000000 0.905620 0.000000 0.424090 0.631117 0.631117 0.631117
7892.344727 0.000000 3937.267822 0.000000 0.822692 0.000000 0.568487 0.581649 0.581649 0.581649
7835.251953 0.000000 3891.653320 0.000000 0.656133 0.000000 -0.754645 0.867371 0.867371 0.867371
7853.654297 0.000000 3882.198730 0.000000 0.915961 0.000000 -0.401266 0.782260 0.782260 0.782260
7896.194336 0.000000 3927.087646 0.000000 0.569880 0.000000 0.821728 0.509546 0.509546 0.509546
7883.645508 0.000000 3929.514893 0.000000 0.918257 0.000000 0.395985 0.629560 0.629560 0.629560
7831.147461 0.000000 3884.052734 0.000000 0.650339 0.000000 0.759644 0.532639 0.532639 0.532639
7848.583984 0.000000 3887.050293 0.000000 0.718799 0.000000 -0.695217 0.849118 0.849118 0.849118
7913.002441 0.000000 3952.220459 0.000000 0.990156 0.000000 -0.139969 0.726505 0.726505 0.726505
7844.099609 0.000000 3889.524170 0.000000 0.629364 0.000000 0.777110 0.536677 0.536677 0.536677
7840.769043 0.000000 3885.304199 0.000000 0.396133 0.000000 -0.918193 0.984663 0.984663 0.984663
7832.133789 0.000000 3855.529785 0.000000 0.981244 0.000000 0.192769 0.663727 0.663727 0.663727
7895.224609 0.000000 3940.635254 0.000000 0.132230 0.000000 0.991219 0.410966 0.410966 0.410966
7893.440430 0.000000 3937.907715 0.000000 0.593756 0.000000 0.804645 0.516978 0.516978 0.516978
7834.582031 0.000000 3890.055176 0.000000 0.986928 0.000000 0.161163 0.668317 0.668317 0.668317
7837.799316 0.000000 3877.340332 0.000000 0.072492 0.000000 0.997369 0.364857 0.364857 0.364857
7896.553711 0.000000 3924.495361 0.000000 0.150196 0.000000 -0.988656 0.985387 0.985387 0.985387
7897.596191 0.000000 3925.207275 0.000000 0.950976 0.000000 0.309264 0.636811 0.636811 0.636811
7854.315918 0.000000 3880.688232 0.000000 0.392475 0.000000 -0.919762 0.942791 0.942791 0.942791
7847.999023 0.000000 3888.418945 0.000000 0.982107 0.000000 0.188322 0.658283 0.658283 0.658283
7841.662109 0.000000 3884.510010 0.000000 0.573464 0.000000 0.819231 0.465108 0.465108 0.465108
7843.101562 0.000000 3885.521240 0.000000 0.999813 0.000000 0.019334 0.695438 0.695438 0.695438
7835.517578 0.000000 3857.221680 0.000000 0.320829 0.000000 -0.947137 0.976140 0.976140 0.976140
7837.306152 0.000000 3893.790527 0.000000 0.784870 0.000000 -0.619660 0.892708 0.892708 0.892708
7944.790527 0.000000 3950.165527 0.000000 0.033104 0.000000 -0.999452 0.742996 0.742996 0.742996
7917.779785 0.000000 3916.551758 0.000000 0.049974 0.000000 -0.998751 0.899330 0.899330 0.899330
7935.444824 0.000000 3907.690186 0.000000 0.846820 0.000000 -0.531879 0.782326 0.782326 0.782326
7996.052246 0.000000 3916.991455 0.000000 0.072642 0.000000 0.997358 0.453904 0.453904 0.453904
7951.703613 0.000000 3923.730713 0.000000 0.927968 0.000000 0.372660 0.689990 0.689990 0.689990
7943.458496 0.000000 3915.649658 0.000000 0.702063 0.000000 -0.712115 0.838497 0.838497 0.838497
7990.036621 0.000000 3922.535156 0.000000 0.717563 0.000000 -0.696494 0.829265 0.829265 0.829265
7961.038086 0.000000 3929.413574 0.000000 0.503259 0.000000 0.864136 0.639825 0.639825 0.639825
7936.810059 0.000000 3948.235596 0.000000 0.976730 0.000000 -0.214472 0.701511 0.701511 0.701511
7922.678223 0.000000 3869.023438 0.000000 0.314545 0.000000 -0.949242 0.710930 0.710930 0.710930
7942.114746 0.000000 3908.984863 0.000000 0.842772 0.000000 0.538270 0.662255 0.662255 0.662255
7925.201172 0.000000 3875.937256 0.000000 0.802968 0.000000 -0.596023 0.760259 0.760259 0.760259
7944.886719 0.000000 3924.009521 0.000000 0.894695 0.000000 0.446677 0.664394 0.664394 0.664394
8000.434082 0.000000 3921.257324 0.000000 0.938020 0.000000 0.346580 0.662889 0.662889 0.662889
7923.831543 0.000000 3914.989746 0.000000 0.986163 0.000000 0.165778 0.695052 0.695052 0.695052
7952.438477 0.000000 3929.831787 0.000000 0.408337 0.000000 -0.912831 0.756280 0.756280 0.756280
8001.463867 0.000000 3914.052002 0.000000 0.607421 0.000000 -0.794380 0.744919 0.744919 0.744919
7956.931152 0.000000 3925.561768 0.000000 0.017337 0.000000 -0.999850 0.852029 0.852029 0.852029
7916.730957 0.000000 3956.723633 0.000000 0.519565 0.000000 -0.854431 0.764452 0.764452 0.764452
7943.812988 0.000000 3955.526611 0.000000 0.261777 0.000000 -0.965129 0.916812 0.916812 0.916812
7935.458984 0.000000 3902.246826 0.000000 0.996731 0.000000 -0.080789 0.703109 0.703109 0.703109
7996.661133 0.000000 3911.527588 0.000000 0.711088 0.000000 -0.703103 0.710901 0.710901 0.710901
7938.962891 0.000000 3952.971436 0.000000 0.853930 0.000000 -0.520387 0.713390 0.713390 0.713390
7930.778320 0.000000 3876.500488 0.000000 0.577839 0.000000 -0.816151 0.863508 0.863508 0.863508
7947.058594 0.000000 3919.164795 0.000000 0.946954 0.000000 -0.321370 0.709720 0.709720 0.709720
7941.506348 0.000000 3920.342529 0.000000 0.785886 0.000000 -0.618371 0.716311 0.716311 0.716311
7991.328125 0.000000 3916.974121 0.000000 0.533922 0.000000 -0.845534 0.728173 0.728173 0.728173
7948.578125 0.000000 3927.170654 0.000000 0.210299 0.000000 0.977637 0.645379 0.645379 0.645379
7941.278320 0.000000 3947.520508 0.000000 0.789264 0.000000 -0.614054 0.788972 0.788972 0.788972
7926.134277 0.000000 3871.739502 0.000000 0.826612 0.000000 -0.562773 0.713580 0.713580 0.713580
7922.000000 0.000000 3873.193604 0.000000 0.785810 0.000000 0.618468 0.600952 0.600952 0.600952
7956.881348 0.000000 3929.843506 0.000000 0.489225 0.000000 -0.872158 0.777773 0.777773 0.777773
7945.176758 0.000000 3911.869873 0.000000 0.998742 0.000000 0.050147 0.698422 0.698422 0.698422
7931.211426 0.000000 3907.671143 0.000000 0.200144 0.000000 0.979766 0.676071 0.676071 0.676071
7947.660156 0.000000 3915.188232 0.000000 0.529547 0.000000 0.848280 0.680532 0.680532 0.680532
7920.308594 0.000000 3913.271240 0.000000 0.969134 0.000000 -0.246536 0.732650 0.732650 0.732650
7939.124023 0.000000 3906.621826 0.000000 0.610495 0.000000 0.792020 0.642491 0.642491 0.642491
7921.418457 0.000000 3917.869629 0.000000 0.335322 0.000000 0.942103 0.667787 0.667787 0.667787
7916.567871 0.000000 3913.045410 0.000000 0.112895 0.000000 -0.993607 0.761137 0.761137 0.761137
7999.785156 0.000000 3917.614014 0.000000 0.367976 0.000000 -0.929835 0.839799 0.839799 0.839799
7960.791504 0.000000 3925.803711 0.000000 0.646530 0.000000 -0.762888 0.786440 0.786440 0.786440
7993.356445 0.000000 3919.681152 0.000000 0.927969 0.000000 -0.372658 0.724025 0.724025 0.724025
7942.149414 0.000000 3952.244385 0.000000 0.242654 0.000000 -0.970113 0.933993 0.933993 0.933993
7953.544922 0.000000 3926.721680 0.000000 0.866805 0.000000 -0.498647 0.793055 0.793055 0.793055
7928.701660 0.000000 3874.011963 0.000000 0.450795 0.000000 -0.892627 0.869649 0.869649 0.869649
7997.337891 0.000000 3919.926758 0.000000 0.548592 0.000000 0.836090 0.603102 0.603102 0.603102
7942.039062 0.000000 3912.521484 0.000000 0.617619 0.000000 0.786478 0.594025 0.594025 0.594025
7997.968750 0.000000 3914.377930 0.000000 0.127726 0.000000 -0.991809 0.949606 0.949606 0.949606
7939.158203 0.000000 3909.971924 0.000000 0.008400 0.000000 -0.999965 0.983963 0.983963 0.983963
7992.614258 0.000000 3924.419678 0.000000 0.679509 0.000000 -0.733668 0.724471 0.724471 0.724471
7940.698242 0.000000 3955.633301 0.000000 0.980731 0.000000 0.195365 0.690378 0.690378 0.690378
7944.472656 0.000000 3920.906982 0.000000 0.849351 0.000000 -0.527828 0.786484 0.786484 0.786484
7994.980957 0.000000 3914.110596 0.000000 0.274813 0.000000 0.961498 0.555451 0.555451 0.555451
7939.231445 0.000000 3949.839600 0.000000 0.279994 0.000000 0.960002 0.621280 0.621280 0.621280
7934.462891 0.000000 3904.937988 0.000000 0.518115 0.000000 -0.855311 0.848843 0.848843 0.848843
7958.736328 0.000000 3927.718018 0.000000 0.766734 0.000000 0.641965 0.567220 0.567220 0.567220
7944.971191 0.000000 3952.946289 0.000000 0.416986 0.000000 0.908913 0.638204 0.638204 0.638204
7930.914062 0.000000 3879.360596 0.000000 0.994340 0.000000 0.106241 0.691071 0.691071 0.691071
7954.493652 0.000000 3924.048584 0.000000 0.406819 0.000000 0.913509 0.601367 0.601367 0.601367
7927.766113 0.000000 3876.667969 0.000000 0.156934 0.000000 0.987609 0.620969 0.620969 0.620969
7943.545898 0.000000 3918.375732 0.000000 0.210604 0.000000 0.977571 0.498187 0.498187 0.498187
7990.276367 0.000000 3925.574219 0.000000 0.963616 0.000000 0.267291 0.669737 0.669737 0.669737
7945.773438 0.000000 3916.878662 0.000000 0.968244 0.000000 -0.250005 0.727820 0.727820 0.727820
7951.007324 0.000000 3927.621338 0.000000 0.924345 0.000000 -0.381557 0.754047 0.754047 0.754047
7923.690430 0.000000 3871.380859 0.000000 0.459747 0.000000 -0.888050 0.780231 0.780231 0.780231
7940.541016 0.000000 3914.487305 0.000000 0.993802 0.000000 0.111162 0.693965 0.693965 0.693965
7992.503418 0.000000 3921.982666 0.000000 0.956099 0.000000 -0.293043 0.721829 0.721829 0.721829
7920.465332 0.000000 3915.681396 0.000000 0.660346 0.000000 -0.750961 0.793530 0.793530 0.793530
7942.370117 0.000000 3957.474609 0.000000 0.098739 0.000000 -0.995113 0.792601 0.792601 0.792601
7942.459473 0.000000 3949.739258 0.000000 0.082281 0.000000 0.996609 0.556937 0.556937 0.556937
7924.428711 0.000000 3873.645264 0.000000 0.990817 0.000000 -0.135206 0.725123 0.725123 0.725123
7955.782715 0.000000 3927.738770 0.000000 0.542194 0.000000 0.840253 0.450658 0.450658 0.450658
7945.383789 0.000000 3914.275146 0.000000 0.163173 0.000000 -0.986598 0.857354 0.857354 0.857354
7936.934082 0.000000 3905.804199 0.000000 0.147668 0.000000 0.989037 0.622931 0.622931 0.622931
7942.811523 0.000000 3922.418945 0.000000 0.394954 0.000000 -0.918701 0.799742 0.799742 0.799742
7962.339844 0.000000 3927.456299 0.000000 0.419831 0.000000 0.907602 0.628434 0.628434 0.628434
7937.166016 0.000000 3909.059570 0.000000 0.697509 0.000000 0.716576 0.589707 0.589707 0.589707
7933.321777 0.000000 3906.892090 0.000000 0.999966 0.000000 -0.008233 0.700647 0.700647 0.700647
7918.499023 0.000000 3914.430420 0.000000 0.989957 0.000000 0.141372 0.672484 0.672484 0.672484
7926.570312 0.000000 3874.272217 0.000000 0.895821 0.000000 0.444415 0.618715 0.618715 0.618715
7938.914551 0.000000 3947.482422 0.000000 0.781991 0.000000 0.623290 0.655311 0.655311 0.655311
7958.895020 0.000000 3924.740723 0.000000 0.114712 0.000000 0.993399 0.567702 0.567702 0.567702
7943.830566 0.000000 3910.239746 0.000000 0.000137 0.000000 -1.000000 0.905864 0.905864 0.905864
8001.170410 0.000000 3919.312012 0.000000 0.135691 0.000000 0.990751 0.579653 0.579653 0.579653
7941.084473 0.000000 3910.742676 0.000000 0.963500 0.000000 0.267707 0.663058 0.663058 0.663058
7916.419434 0.000000 3915.054199 0.000000 0.246803 0.000000 0.969066 0.496783 0.496783 0.496783
7991.358398 0.000000 3920.367188 0.000000 0.929706 0.000000 -0.368302 0.778440 0.778440 0.778440
7998.034180 0.000000 3916.454590 0.000000 0.792183 0.000000 0.610284 0.623141 0.623141 0.623141
7942.173828 0.000000 3954.260498 0.000000 0.941335 0.000000 0.337475 0.642850 0.642850 0.642850
7951.678223 0.000000 3925.700439 0.000000 0.664967 0.000000 0.746873 0.604202 0.604202 0.604202
7940.194336 0.000000 3908.286865 0.000000 0.852713 0.000000 -0.522380 0.797015 0.797015 0.797015
7988.860840 0.000000 3924.258057 0.000000 0.956274 0.000000 -0.292472 0.723342 0.723342 0.723342
7940.325195 0.000000 3951.396484 0.000000 0.453963 0.000000 0.891021 0.525132 0.525132 0.525132
7999.290039 0.000000 3919.522461 0.000000 0.928572 0.000000 0.371153 0.626238 0.626238 0.626238
7943.742188 0.000000 3913.285156 0.000000 0.485761 0.000000 0.874091 0.575469 0.575469 0.575469
7945.287598 0.000000 3918.965088 0.000000 0.929912 0.000000 0.367782 0.653269 0.653269 0.653269
8002.333008 0.000000 3912.482178 0.000000 0.698505 0.000000 -0.715606 0.807313 0.807313 0.807313
7921.998535 0.000000 3914.635742 0.000000 0.717749 0.000000 0.696302 0.615199 0.615199 0.615199
7960.570312 0.000000 3927.682617 0.000000 0.120797 0.000000 -0.992677 0.966015 0.966015 0.966015
7997.541504 0.000000 3918.140625 0.000000 0.913543 0.000000 0.406743 0.659006 0.659006 0.659006
7929.280762 0.000000 3875.644043 0.000000 0.507521 0.000000 0.861640 0.540293 0.540293 0.540293
7945.522949 0.000000 3955.299316 0.000000 0.910044 0.000000 -0.414511 0.753779 0.753779 0.753779
7940.502441 0.000000 3953.802734 0.000000 0.541725 0.000000 -0.840556 0.811656 0.811656 0.811656
7996.485840 0.000000 3915.272705 0.000000 0.250369 0.000000 0.968151 0.472018 0.472018 0.472018
7943.801758 0.000000 3951.645996 0.000000 0.952761 0.000000 0.303720 0.661171 0.661171 0.661171
7942.274902 0.000000 3914.306396 0.000000 0.885600 0.000000 0.464449 0.615589 0.615589 0.615589
7916.291016 0.000000 3917.476562 0.000000 0.951817 0.000000 0.306668 0.659147 0.659147 0.659147
7940.838379 0.000000 3949.175293 0.000000 0.999993 0.000000 0.003846 0.699267 0.699267 0.699267
7937.600586 0.000000 3907.368652 0.000000 0.485117 0.000000 -0.874449 0.872975 0.872975 0.872975
7929.931641 0.000000 3877.943848 0.000000 0.994627 0.000000 -0.103522 0.714318 0.714318 0.714318
7991.071289 0.000000 3923.811279 0.000000 0.941029 0.000000 -0.338326 0.757903 0.757903 0.757903
7953.212891 0.000000 3925.108643 0.000000 0.870533 0.000000 0.492111 0.637059 0.637059 0.637059
7991.144043 0.000000 3918.713379 0.000000 0.461015 0.000000 0.887392 0.574088 0.574088 0.574088
7931.806152 0.000000 3877.918213 0.000000 0.276390 0.000000 0.961046 0.478940 0.478940 0.478940
7957.255859 0.000000 3927.167236 0.000000 0.410958 0.000000 -0.911654 0.976689 0.976689 0.976689
7943.021973 0.000000 3919.888184 0.000000 0.630305 0.000000 -0.776348 0.832034 0.832034 0.832034
7943.406250 0.000000 3953.245117 0.000000 0.159599 0.000000 0.987182 0.451036 0.451036 0.451036
7945.039551 0.000000 3922.382812 0.000000 0.867788 0.000000 0.496935 0.601844 0.601844 0.601844
7959.301758 0.000000 3926.267822 0.000000 0.905644 0.000000 0.424040 0.616586 0.616586 0.616586
7943.404785 0.000000 3911.745117 0.000000 0.873661 0.000000 -0.486535 0.766599 0.766599 0.766599
7950.022949 0.000000 3926.436035 0.000000 0.560968 0.000000 0.827838 0.565359 0.565359 0.565359
7938.661621 0.000000 3908.503418 0.000000 0.917521 0.000000 0.397687 0.625666 0.625666 0.625666
7942.785645 0.000000 3917.100586 0.000000 0.225679 0.000000 -0.974202 0.930033 0.930033 0.930033
7941.181152 0.000000 3946.006348 0.000000 0.893653 0.000000 0.448759 0.637377 0.637377 0.637377
7934.742188 0.000000 3906.411621 0.000000 0.738960 0.000000 0.673749 0.591477 0.591477 0.591477
7942.103516 0.000000 3955.933838 0.000000 0.913489 0.000000 -0.406863 0.769565 0.769565 0.769565
7927.780762 0.000000 3875.231201 0.000000 0.998423 0.000000 -0.056133 0.709913 0.709913 0.709913
7933.099609 0.000000 3904.553955 0.000000 0.513702 0.000000 0.857968 0.528783 0.528783 0.528783
7945.904785 0.000000 3920.253662 0.000000 0.668230 0.000000 0.743955 0.569511 0.569511 0.569511
8002.610840 0.000000 3914.850342 0.000000 0.631192 0.000000 -0.775627 0.833415 0.833415 0.833415
7941.644531 0.000000 3950.932373 0.000000 0.322745 0.000000 -0.946486 0.897542 0.897542 0.897542
7924.764648 0.000000 3872.233887 0.000000 0.152260 0.000000 0.988340 0.437335 0.437335 0.437335
7991.113281 0.000000 3921.707764 0.000000 0.478956 0.000000 -0.877839 0.922797 0.922797 0.922797
7940.877930 0.000000 3909.441895 0.000000 0.153354 0.000000 -0.988171 0.950080 0.950080 0.950080
7925.918457 0.000000 3873.147461 0.000000 0.750926 0.000000 -0.660387 0.833623 0.833623 0.833623
7952.236328 0.000000 3926.897217 0.000000 0.179467 0.000000 -0.983764 0.947835 0.947835 0.947835
7990.173828 0.000000 3920.805908 0.000000 0.441967 0.000000 -0.897031 0.931464 0.931464 0.931464
7919.932129 0.000000 3914.492676 0.000000 0.860364 0.000000 -0.509680 0.803744 0.803744 0.803744
7998.803711 0.000000 3918.374023 0.000000 0.057575 0.000000 -0.998341 0.993531 0.993531 0.993531
7954.671875 0.000000 3927.220947 0.000000 0.234987 0.000000 0.971999 0.366730 0.366730 0.366730
7956.216309 0.000000 3926.558838 0.000000 0.819090 0.000000 -0.573665 0.847346 0.847346 0.847346
7856.312012 0.000000 3979.948730 0.000000 0.480892 0.000000 0.876780 0.589765 0.589765 0.589765
7869.554688 0.000000 4019.432617 0.000000 0.757723 0.000000 -0.652577 0.783247 0.783247 0.783247
7851.497070 0.000000 4033.483154 0.000000 0.847523 0.000000 0.530758 0.684356 0.684356 0.684356
7847.367188 0.000000 3966.528809 0.000000 0.466094 0.000000 -0.884735 0.717080 0.717080 0.717080
7869.566406 0.000000 3987.268311 0.000000 0.956409 0.000000 -0.292030 0.708286 0.708286 0.708286
7836.106445 0.000000 4036.006104 0.000000 0.995461 0.000000 0.095170 0.697335 0.697335 0.697335
7888.083008 0.000000 3971.851562 0.000000 0.753668 0.000000 -0.657255 0.707520 0.707520 0.707520
7842.111328 0.000000 4025.593018 0.000000 0.916185 0.000000 -0.400756 0.720897 0.720897 0.720897
7880.624023 0.000000 4021.437012 0.000000 0.944372 0.000000 -0.328879 0.722254 0.722254 0.722254
7852.034180 0.000000 4004.044434 0.000000 0.493084 0.000000 -0.869982 0.867803 0.867803 0.867803
7890.022461 0.000000 4001.416992 0.000000 0.877941 0.000000 -0.478769 0.719195 0.719195 0.719195
7899.124512 0.000000 3969.372803 0.000000 0.771650 0.000000 0.636048 0.571095 0.571095 0.571095
7905.239746 0.000000 3988.041504 0.000000 0.983872 0.000000 -0.178877 0.719172 0.719172 0.719172
7874.039551 0.000000 4028.415771 0.000000 0.985455 0.000000 -0.169938 0.701791 0.701791 0.701791
7829.826172 0.000000 4042.099365 0.000000 0.304170 0.000000 -0.952618 0.887423 0.887423 0.887423
7867.449219 0.000000 3978.478760 0.000000 0.485257 0.000000 -0.874372 0.878529 0.878529 0.878529
7904.477051 0.000000 3975.547607 0.000000 0.708655 0.000000 -0.705555 0.708212 0.708212 0.708212
7829.783203 0.000000 4031.586670 0.000000 0.996304 0.000000 0.085894 0.687375 0.687375 0.687375
7849.705566 0.000000 4025.981201 0.000000 0.184347 0.000000 0.982861 0.668526 0.668526 0.668526
7875.207031 0.000000 3982.129150 0.000000 0.948819 0.000000 0.315821 0.696069 0.696069 0.696069
7852.260254 0.000000 4040.823730 0.000000 0.984908 0.000000 0.173080 0.688752 0.688752 0.688752
7868.949707 0.000000 3959.416748 0.000000 0.261488 0.000000 0.965207 0.688586 0.688586 0.688586
7840.969727 0.000000 4045.465088 0.000000 0.698869 0.000000 0.715249 0.566292 0.566292 0.566292
7881.587402 0.000000 4000.244141 0.000000 0.588389 0.000000 -0.808578 0.769122 0.769122 0.769122
7842.834961 0.000000 4032.466309 0.000000 0.492558 0.000000 -0.870279 0.727676 0.727676 0.727676
7848.048340 0.000000 3973.375732 0.000000 0.649645 0.000000 0.760238 0.623023 0.623023 0.623023
7892.895996 0.000000 3966.993896 0.000000 0.667073 0.000000 0.744992 0.578083 0.578083 0.578083
7892.767090 0.000000 3995.344238 0.000000 0.732194 0.000000 0.681096 0.663337 0.663337 0.663337
7857.894531 0.000000 4030.993896 0.000000 0.960511 0.000000 0.278242 0.686696 0.686696 0.686696
7858.637207 0.000000 4005.414307 0.000000 0.518847 0.000000 -0.854867 0.812883 0.812883 0.812883
7864.958008 0.000000 4024.404541 0.000000 0.568194 0.000000 -0.822895 0.710134 0.710134 0.710134
7869.526367 0.000000 3972.690430 0.000000 0.050658 0.000000 -0.998716 0.891270 0.891270 0.891270
7865.301270 0.000000 3964.190918 0.000000 0.981421 0.000000 -0.191865 0.714845 0.714845 0.714845
7914.823730 0.000000 3997.317139 0.000000 0.280475 0.000000 -0.959861 0.812414 0.812414 0.812414
7904.929199 0.000000 3993.943359 0.000000 0.883465 0.000000 0.468497 0.603712 0.603712 0.603712
7904.538574 0.000000 3982.204834 0.000000 0.998302 0.000000 -0.058254 0.702445 0.702445 0.702445
7860.297363 0.000000 3975.618652 0.000000 0.171849 0.000000 0.985123 0.548517 0.548517 0.548517
7885.750488 0.000000 4005.331543 0.000000 0.459298 0.000000 0.888282 0.682800 0.682800 0.682800
7864.374512 0.000000 4007.077148 0.000000 0.211715 0.000000 -0.977331 0.915878 0.915878 0.915878
7865.929688 0.000000 4013.905518 0.000000 0.715877 0.000000 0.698227 0.575732 0.575732 0.575732
7850.380371 0.000000 3978.805664 0.000000 0.992218 0.000000 0.124513 0.694110 0.694110 0.694110
7886.535645 0.000000 3997.272461 0.000000 0.062835 0.000000 0.998024 0.657837 0.657837 0.657837
7909.924316 0.000000 3991.656250 0.000000 0.415741 0.000000 -0.909483 0.717962 0.717962 0.717962
7830.843750 0.000000 4037.006348 0.000000 0.888095 0.000000 0.459660 0.679133 0.679133 0.679133
7895.720215 0.000000 3999.688965 0.000000 0.287984 0.000000 0.957635 0.599443 0.599443 0.599443
7860.066406 0.000000 4026.149170 0.000000 0.697130 0.000000 -0.716945 0.807572 0.807572 0.807572
7870.173340 0.000000 4024.520996 0.000000 0.247530 0.000000 0.968880 0.533826 0.533826 0.533826
7871.550293 0.000000 4014.994629 0.000000 0.079826 0.000000 -0.996809 0.723449 0.723449 0.723449
7872.266602 0.000000 3977.702881 0.000000 0.996022 0.000000 0.089104 0.689865 0.689865 0.689865
7870.318848 0.000000 3982.333984 0.000000 0.640444 0.000000 0.768005 0.598994 0.598994 0.598994
7854.877930 0.000000 4036.934326 0.000000 0.682432 0.000000 0.730949 0.646997 0.646997 0.646997
7839.381348 0.000000 4039.228027 0.000000 0.564095 0.000000 -0.825710 0.846003 0.846003 0.846003
7903.371582 0.000000 3970.978271 0.000000 0.187377 0.000000 0.982288 0.673427 0.673427 0.673427
7854.026855 0.000000 3976.138184 0.000000 0.998915 0.000000 0.046579 0.690391 0.690391 0.690391
7873.856445 0.000000 3986.535889 0.000000 0.179443 0.000000 0.983768 0.663553 0.663553 0.663553
7865.022949 0.000000 3974.833496 0.000000 0.860127 0.000000 0.510079 0.586812 0.586812 0.586812
7838.488281 0.000000 4032.454834 0.000000 0.412391 0.000000 0.911007 0.483758 0.483758 0.483758
7855.902832 0.000000 4002.042236 0.000000 0.996369 0.000000 -0.085138 0.710130 0.710130 0.710130
7831.927734 0.000000 4027.934326 0.000000 0.183047 0.000000 -0.983104 0.726657 0.726657 0.726657
7843.732910 0.000000 4048.666748 0.000000 0.903198 0.000000 -0.429224 0.723259 0.723259 0.723259
7901.853516 0.000000 3979.133057 0.000000 0.247203 0.000000 0.968964 0.616892 0.616892 0.616892
7850.064941 0.000000 3969.861328 0.000000 0.648211 0.000000 0.761461 0.672772 0.672772 0.672772
7895.212402 0.000000 3970.372070 0.000000 0.217294 0.000000 0.976106 0.645667 0.645667 0.645667
7915.800293 0.000000 3959.610107 0.000000 0.999060 0.000000 -0.043340 0.701970 0.701970 0.701970
7885.454102 0.000000 4001.275635 0.000000 0.790893 0.000000 -0.611955 0.821989 0.821989 0.821989
7833.667969 0.000000 4032.895752 0.000000 0.619657 0.000000 0.784873 0.556477 0.556477 0.556477
7866.140625 0.000000 3982.192871 0.000000 0.945054 0.000000 -0.326914 0.736085 0.736085 0.736085
7863.486328 0.000000 3978.464111 0.000000 0.552696 0.000000 -0.833383 0.777477 0.777477 0.777477
7882.437988 0.000000 4025.005859 0.000000 0.955011 0.000000 0.296569 0.666850 0.666850 0.666850
7846.128906 0.000000 4024.347900 0.000000 0.472517 0.000000 -0.881322 0.801792 0.801792 0.801792
7850.471191 0.000000 4037.299072 0.000000 0.372474 0.000000 0.928043 0.564924 0.564924 0.564924
7862.300781 0.000000 4003.633057 0.000000 0.809703 0.000000 0.586840 0.667120 0.667120 0.667120
7865.092773 0.000000 3960.268555 0.000000 0.501786 0.000000 -0.864992 0.763926 0.763926 0.763926
7865.791016 0.000000 4020.391846 0.000000 0.539952 0.000000 -0.841696 0.722728 0.722728 0.722728
7841.916992 0.000000 4036.416016 0.000000 0.293506 0.000000 -0.955957 0.837919 0.837919 0.837919
7859.461426 0.000000 4000.747314 0.000000 0.454317 0.000000 -0.890840 0.730735 0.730735 0.730735
7844.696289 0.000000 4044.492188 0.000000 0.470805 0.000000 -0.882237 0.749099 0.749099 0.749099
7854.871582 0.000000 4006.404297 0.000000 0.156399 0.000000 -0.987694 0.766708 0.766708 0.766708
7891.620605 0.000000 3971.053955 0.000000 0.031842 0.000000 -0.999493 0.756478 0.756478 0.756478
7900.573730 0.000000 3966.109131 0.000000 0.747834 0.000000 0.663886 0.609919 0.609919 0.609919
7863.831055 0.000000 4010.861572 0.000000 0.991509 0.000000 -0.130040 0.705014 0.705014 0.705014
7867.914551 0.000000 4007.771973 0.000000 0.983646 0.000000 0.180113 0.691455 0.691455 0.691455
7844.215820 0.000000 4028.621582 0.000000 0.951648 0.000000 -0.307190 0.709822 0.709822 0.709822
7851.638672 0.000000 3973.303711 0.000000 0.420261 0.000000 0.907403 0.648335 0.648335 0.648335
7890.402344 0.000000 3997.898926 0.000000 0.571007 0.000000 -0.820945 0.875036 0.875036 0.875036
7856.792969 0.000000 3974.041748 0.000000 0.922629 0.000000 0.385688 0.678549 0.678549 0.678549
7859.855469 0.000000 3979.471436 0.000000 0.215881 0.000000 0.976420 0.567569 0.567569 0.567569
7896.454102 0.000000 3967.035156 0.000000 0.059673 0.000000 0.998218 0.544196 0.544196 0.544196
7847.261719 0.000000 3976.898193 0.000000 0.847884 0.000000 0.530182 0.685351 0.685351 0.685351
7841.993164 0.000000 4042.029541 0.000000 0.643878 0.000000 0.765128 0.564492 0.564492 0.564492
7861.206055 0.000000 4029.623535 0.000000 0.742334 0.000000 -0.670030 0.816768 0.816768 0.816768
7861.136719 0.000000 4007.926758 0.000000 0.478084 0.000000 0.878314 0.645655 0.645655 0.645655
7868.383301 0.000000 4016.277588 0.000000 0.977056 0.000000 0.212981 0.660992 0.660992 0.660992
7865.250000 0.000000 4017.059326 0.000000 0.915972 0.000000 -0.401241 0.733912 0.733912 0.733912
7906.682617 0.000000 3991.169678 0.000000 0.591944 0.000000 0.805979 0.606631 0.606631 0.606631
7873.379395 0.000000 4025.289062 0.000000 0.899187 0.000000 -0.437564 0.717412 0.717412 0.717412
7907.977539 0.000000 3994.842285 0.000000 0.936099 0.000000 -0.351738 0.740828 0.740828 0.740828
7913.833008 0.000000 3994.252930 0.000000 0.606465 0.000000 0.795110 0.605225 0.605225 0.605225
7869.582520 0.000000 3975.833740 0.000000 0.744404 0.000000 0.667729 0.564558 0.564558 0.564558
7900.459961 0.000000 3972.344238 0.000000 0.421514 0.000000 -0.906822 0.739694 0.739694 0.739694
7908.406250 0.000000 3988.189453 0.000000 0.496222 0.000000 -0.868196 0.767994 0.767994 0.767994
7895.751953 0.000000 3996.430664 0.000000 0.972598 0.000000 -0.232492 0.714762 0.714762 0.714762
7846.928711 0.000000 3970.408936 0.000000 0.596559 0.000000 0.802569 0.607202 0.607202 0.607202
7867.418457 0.000000 4011.134033 0.000000 0.564663 0.000000 0.825322 0.569369 0.569369 0.569369
7868.534180 0.000000 3964.507080 0.000000 0.042137 0.000000 -0.999112 0.804186 0.804186 0.804186
7897.195801 0.000000 3972.805908 0.000000 0.270334 0.000000 -0.962766 0.743068 0.743068 0.743068
7871.180176 0.000000 4029.651367 0.000000 0.930492 0.000000 -0.366312 0.728183 0.728183 0.728183
7838.971680 0.000000 4042.968994 0.000000 0.161473 0.000000 0.986877 0.559685 0.559685 0.559685
7866.575195 0.000000 3971.547852 0.000000 0.987900 0.000000 0.155089 0.693197 0.693197 0.693197
7905.663086 0.000000 3997.072510 0.000000 0.364526 0.000000 -0.931193 0.752326 0.752326 0.752326
7875.333984 0.000000 3977.190918 0.000000 0.999180 0.000000 -0.040487 0.702548 0.702548 0.702548
7857.372070 0.000000 3977.073486 0.000000 0.916397 0.000000 0.400272 0.628752 0.628752 0.628752
7906.071777 0.000000 3984.903564 0.000000 0.036443 0.000000 0.999336 0.480126 0.480126 0.480126
7862.818359 0.000000 4013.782227 0.000000 0.899837 0.000000 -0.436226 0.721299 0.721299 0.721299
7868.050293 0.000000 3984.628418 0.000000 0.748335 0.000000 -0.663321 0.788720 0.788720 0.788720
7883.117676 0.000000 4003.119629 0.000000 0.539411 0.000000 -0.842042 0.785722 0.785722 0.785722
7903.137207 0.000000 3990.229492 0.000000 0.782340 0.000000 0.622852 0.671799 0.671799 0.671799
7888.842285 0.000000 3995.307617 0.000000 0.936401 0.000000 0.350931 0.684334 0.684334 0.684334
7867.609863 0.000000 4022.976807 0.000000 0.234949 0.000000 -0.972008 0.893442 0.893442 0.893442
7850.033691 0.000000 3975.811768 0.000000 0.749679 0.000000 -0.661802 0.788472 0.788472 0.788472
7846.889648 0.000000 4027.283936 0.000000 0.996385 0.000000 0.084947 0.689299 0.689299 0.689299
7839.066406 0.000000 4035.748047 0.000000 0.853840 0.000000 -0.520536 0.748795 0.748795 0.748795
7872.745605 0.000000 3983.809326 0.000000 0.999986 0.000000 0.005380 0.699661 0.699661 0.699661
7890.412598 0.000000 3968.451660 0.000000 0.599322 0.000000 -0.800508 0.831383 0.831383 0.831383
7883.878906 0.000000 3998.519531 0.000000 0.916280 0.000000 -0.400539 0.727367 0.727367 0.727367
7870.187012 0.000000 3979.547607 0.000000 0.534387 0.000000 0.845240 0.573291 0.573291 0.573291
7902.110840 0.000000 3968.442871 0.000000 0.603289 0.000000 0.797523 0.635467 0.635467 0.635467
7872.874023 0.000000 3980.437012 0.000000 0.521631 0.000000 -0.853171 0.807166 0.807166 0.807166
7893.307617 0.000000 3998.207764 0.000000 0.877626 0.000000 0.479345 0.633604 0.633604 0.633604
7856.775879 0.000000 4038.967041 0.000000 0.785864 0.000000 -0.618399 0.725633 0.725633 0.725633
7867.493164 0.000000 3961.926025 0.000000 0.236048 0.000000 0.971741 0.478778 0.478778 0.478778
7831.312012 0.000000 4034.298828 0.000000 0.939411 0.000000 -0.342793 0.751363 0.751363 0.751363
7887.998535 0.000000 3999.588379 0.000000 0.971312 0.000000 -0.237808 0.727275 0.727275 0.727275
7904.423340 0.000000 3978.268555 0.000000 0.133860 0.000000 -0.991000 0.830544 0.830544 0.830544
7867.315918 0.000000 4025.821777 0.000000 0.993665 0.000000 0.112384 0.693308 0.693308 0.693308
7833.293457 0.000000 4030.251709 0.000000 0.999999 0.000000 0.001441 0.699844 0.699844 0.699844
7853.340820 0.000000 3978.703857 0.000000 0.570317 0.000000 -0.821425 0.748851 0.748851 0.748851
7871.136230 0.000000 4027.006836 0.000000 0.679051 0.000000 0.734091 0.564585 0.564585 0.564585
7883.199219 0.000000 4022.552002 0.000000 0.700730 0.000000 0.713426 0.643082 0.643082 0.643082
7841.313477 0.000000 4047.952393 0.000000 0.727893 0.000000 0.685691 0.659068 0.659068 0.659068
7829.394043 0.000000 4044.526611 0.000000 0.487633 0.000000 -0.873049 0.870653 0.870653 0.870653
7852.719238 0.000000 4038.352295 0.000000 0.282734 0.000000 -0.959198 0.881777 0.881777 0.881777
7867.468262 0.000000 3974.443115 0.000000 0.841987 0.000000 -0.539498 0.854356 0.854356 0.854356
7840.647949 0.000000 4033.852783 0.000000 0.946994 0.000000 0.321252 0.661135 0.661135 0.661135
7860.249512 0.000000 4032.002930 0.000000 0.883611 0.000000 -0.468222 0.725547 0.725547 0.725547
7836.094727 0.000000 4031.817139 0.000000 0.914539 0.000000 0.404497 0.661430 0.661430 0.661430
7865.878418 0.000000 4009.173584 0.000000 0.974004 0.000000 -0.226532 0.744727 0.744727 0.744727
7858.192383 0.000000 4002.870605 0.000000 0.532204 0.000000 0.846616 0.585317 0.585317 0.585317
7871.160645 0.000000 4017.458008 0.000000 0.880515 0.000000 -0.474018 0.736248 0.736248 0.736248
7854.745605 0.000000 4040.444580 0.000000 0.396761 0.000000 0.917922 0.569945 0.569945 0.569945
7870.476074 0.000000 3984.914307 0.000000 0.834276 0.000000 -0.551347 0.796952 0.796952 0.796952
7875.576172 0.000000 3979.737305 0.000000 0.853653 0.000000 0.520843 0.594687 0.594687 0.594687
7852.495117 0.000000 4035.836914 0.000000 0.975472 0.000000 0.220125 0.682158 0.682158 0.682158
7862.702637 0.000000 3975.742188 0.000000 0.655912 0.000000 -0.754838 0.818097 0.818097 0.818097
7868.160645 0.000000 3980.846680 0.000000 0.996115 0.000000 -0.088062 0.708167 0.708167 0.708167
7865.464355 0.000000 3979.878174 0.000000 0.514511 0.000000 0.857484 0.530740 0.530740 0.530740
7854.558105 0.000000 4004.049072 0.000000 0.753199 0.000000 -0.657792 0.817929 0.817929 0.817929
7867.367676 0.000000 4018.597900 0.000000 0.597810 0.000000 -0.801638 0.756886 0.756886 0.756886
7845.232910 0.000000 4046.775635 0.000000 0.878111 0.000000 0.478457 0.668613 0.668613 0.668613
7841.682617 0.000000 4039.604248 0.000000 0.091682 0.000000 -0.995788 0.878341 0.878341 0.878341
7865.440430 0.000000 3977.093262 0.000000 0.806168 0.000000 -0.591687 0.821713 0.821713 0.821713
7844.624512 0.000000 4026.079102 0.000000 0.957917 0.000000 0.287046 0.660823 0.660823 0.660823
7861.052246 0.000000 4005.536133 0.000000 0.419231 0.000000 0.907879 0.562752 0.562752 0.562752
7892.955078 0.000000 3969.259033 0.000000 0.460939 0.000000 0.887432 0.560722 0.560722 0.560722
7861.324219 0.000000 3977.649658 0.000000 0.631726 0.000000 0.775192 0.544986 0.544986 0.544986
7902.631836 0.000000 3976.930420 0.000000 0.941289 0.000000 -0.337603 0.766801 0.766801 0.766801
7842.989746 0.000000 4046.504883 0.000000 0.504643 0.000000 0.863328 0.521573 0.521573 0.521573
7903.335938 0.000000 3992.411865 0.000000 0.976627 0.000000 -0.214939 0.715900 0.715900 0.715900
7855.342285 0.000000 3977.840820 0.000000 0.996323 0.000000 -0.085673 0.717689 0.717689 0.717689
7848.216797 0.000000 3968.690918 0.000000 0.119129 0.000000 -0.992879 0.844576 0.844576 0.844576
7869.560059 0.000000 4022.022217 0.000000 0.946180 0.000000 -0.323642 0.745501 0.745501 0.745501
7836.866211 0.000000 4033.909668 0.000000 0.119041 0.000000 -0.992889 0.981559 0.981559 0.981559
7852.002441 0.000000 3976.883545 0.000000 0.973530 0.000000 -0.228559 0.738284 0.738284 0.738284
7864.347656 0.000000 4004.415771 0.000000 0.582159 0.000000 -0.813075 0.779641 0.779641 0.779641
7864.549316 0.000000 3972.719971 0.000000 0.790761 0.000000 -0.612125 0.762165 0.762165 0.762165
7856.663574 0.000000 4004.581299 0.000000 0.860341 0.000000 0.509718 0.629897 0.629897 0.629897
7863.106934 0.000000 4008.808350 0.000000 0.982814 0.000000 0.184600 0.687995 0.687995 0.687995
7849.812988 0.000000 3971.996094 0.000000 0.150935 0.000000 -0.988544 0.957953 0.957953 0.957953
7896.958496 0.000000 3969.111084 0.000000 0.807950 0.000000 -0.589251 0.814525 0.814525 0.814525
7864.322266 0.000000 3962.225342 0.000000 0.265964 0.000000 0.963983 0.611289 0.611289 0.611289
7901.132324 0.000000 3970.322754 0.000000 0.568203 0.000000 -0.822888 0.841876 0.841876 0.841876
7902.518066 0.000000 3981.188965 0.000000 0.852479 0.000000 -0.522762 0.744221 0.744221 0.744221
7829.419922 0.000000 4035.104248 0.000000 0.334672 0.000000 0.942335 0.581820 0.581820 0.581820
7859.447754 0.000000 4028.555176 0.000000 0.938760 0.000000 -0.344571 0.744878 0.744878 0.744878
7867.888672 0.000000 4020.832031 0.000000 0.981878 0.000000 -0.189512 0.718326 0.718326 0.718326
7831.219238 0.000000 4030.056152 0.000000 0.937244 0.000000 0.348675 0.631534 0.631534 0.631534
7864.156250 0.000000 3981.460693 0.000000 0.990808 0.000000 -0.135276 0.710434 0.710434 0.710434
7885.395508 0.000000 4003.325684 0.000000 0.791384 0.000000 -0.611319 0.764368 0.764368 0.764368
7898.673340 0.000000 3971.358154 0.000000 0.998405 0.000000 -0.056456 0.714314 0.714314 0.714314
7894.746582 0.000000 3968.211670 0.000000 0.852023 0.000000 -0.523504 0.761622 0.761622 0.761622
7906.876953 0.000000 3986.832031 0.000000 0.826669 0.000000 0.562689 0.597647 0.597647 0.597647
7831.770996 0.000000 4032.087891 0.000000 0.305499 0.000000 0.952192 0.486354 0.486354 0.486354
7840.054199 0.000000 4041.169434 0.000000 0.325834 0.000000 -0.945427 0.879702 0.879702 0.879702
7904.209961 0.000000 3986.291504 0.000000 0.906749 0.000000 0.421672 0.650554 0.650554 0.650554
7852.892578 0.000000 4005.863281 0.000000 0.656317 0.000000 0.754485 0.564050 0.564050 0.564050
7883.545898 0.000000 4000.479004 0.000000 0.905652 0.000000 0.424022 0.611998 0.611998 0.611998
7851.688477 0.000000 3971.330078 0.000000 0.503063 0.000000 -0.864250 0.789370 0.789370 0.789370
7890.776367 0.000000 3995.953125 0.000000 0.860071 0.000000 -0.510174 0.759881 0.759881 0.759881
7859.355957 0.000000 3977.563232 0.000000 0.603189 0.000000 -0.797598 0.874263 0.874263 0.874263
7881.264160 0.000000 4023.351074 0.000000 0.487922 0.000000 -0.872887 0.909541 0.909541 0.909541
7840.063965 0.000000 4037.416260 0.000000 0.947652 0.000000 -0.319306 0.735214 0.735214 0.735214
7865.601562 0.000000 4011.981445 0.000000 0.896605 0.000000 0.442832 0.633458 0.633458 0.633458
7894.571777 0.000000 3966.006104 0.000000 0.994338 0.000000 -0.106265 0.719908 0.719908 0.719908
7869.386719 0.000000 3962.730225 0.000000 0.949085 0.000000 -0.315019 0.725763 0.725763 0.725763
7915.447266 0.000000 3995.488281 0.000000 0.706393 0.000000 0.707820 0.544703 0.544703 0.544703
7867.366699 0.000000 3976.406494 0.000000 0.958690 0.000000 0.284452 0.636992 0.636992 0.636992
7905.112793 0.000000 3990.041260 0.000000 0.926814 0.000000 -0.375521 0.747092 0.747092 0.747092
7873.871582 0.000000 3978.830078 0.000000 0.427907 0.000000 -0.903823 0.926821 0.926821 0.926821
7852.443359 0.000000 3975.015381 0.000000 0.938948 0.000000 -0.344059 0.734987 0.734987 0.734987
7867.790039 0.000000 4014.288086 0.000000 0.285894 0.000000 -0.958261 0.870119 0.870119 0.870119
7871.666504 0.000000 3975.837646 0.000000 0.999861 0.000000 0.016689 0.698133 0.698133 0.698133
7869.429199 0.000000 3977.735352 0.000000 0.916196 0.000000 -0.400731 0.786466 0.786466 0.786466
7858.085449 0.000000 3978.916748 0.000000 0.832336 0.000000 -0.554272 0.757494 0.757494 0.757494
7888.610840 0.000000 3997.409912 0.000000 0.916063 0.000000 -0.401035 0.738220 0.738220 0.738220
7862.889160 0.000000 4005.794434 0.000000 0.809819 0.000000 0.586680 0.592626 0.592626 0.592626
7864.588867 0.000000 4015.235840 0.000000 0.548186 0.000000 -0.836357 0.878310 0.878310 0.878310
7859.261230 0.000000 4033.627930 0.000000 0.890540 0.000000 -0.454905 0.748694 0.748694 0.748694
7906.194336 0.000000 3995.323730 0.000000 0.985821 0.000000 0.167802 0.680848 0.680848 0.680848
7906.741211 0.000000 3989.081787 0.000000 0.970927 0.000000 -0.239376 0.748157 0.748157 0.748157
7866.527344 0.000000 4015.655273 0.000000 0.888035 0.000000 -0.459776 0.763452 0.763452 0.763452
7900.841309 0.000000 3976.450684 0.000000 0.312945 0.000000 0.949771 0.586179 0.586179 0.586179
7870.522461 0.000000 3974.258789 0.000000 0.601047 0.000000 -0.799214 0.803567 0.803567 0.803567
7898.855957 0.000000 3973.519775 0.000000 0.349095 0.000000 0.937087 0.579052 0.579052 0.579052
7902.285156 0.000000 3966.633789 0.000000 0.996586 0.000000 0.082565 0.692344 0.692344 0.692344
7867.832520 0.000000 3982.785889 0.000000 0.764751 0.000000 -0.644326 0.775860 0.775860 0.775860
7840.705078 0.000000 4043.449463 0.000000 0.592210 0.000000 -0.805783 0.845736 0.845736 0.845736
7896.896973 0.000000 3971.008301 0.000000 0.840271 0.000000 0.542167 0.626898 0.626898 0.626898
7900.332520 0.000000 3967.963623 0.000000 0.198945 0.000000 0.980011 0.529949 0.529949 0.529949
7872.945801 0.000000 4027.027344 0.000000 0.418754 0.000000 -0.908100 0.847261 0.847261 0.847261
7867.347656 0.000000 3960.143066 0.000000 0.828815 0.000000 -0.559522 0.798584 0.798584 0.798584
7866.965332 0.000000 3963.594971 0.000000 0.512304 0.000000 0.858804 0.490605 0.490605 0.490605
7849.254395 0.000000 3977.401367 0.000000 0.823185 0.000000 -0.567773 0.762256 0.762256 0.762256
7905.041992 0.000000 3991.881836 0.000000 0.995669 0.000000 0.092969 0.688611 0.688611 0.688611
7904.333496 0.000000 3995.929443 0.000000 0.915523 0.000000 0.402266 0.639951 0.639951 0.639951
7849.976562 0.000000 3974.015625 0.000000 0.953200 0.000000 -0.302340 0.737037 0.737037 0.737037
7854.494141 0.000000 4038.641602 0.000000 0.290564 0.000000 0.956856 0.517150 0.517150 0.517150
7863.460449 0.000000 3974.134033 0.000000 0.857682 0.000000 -0.514180 0.774559 0.774559 0.774559
7868.489746 0.000000 4024.439941 0.000000 0.455393 0.000000 0.890291 0.504281 0.504281 0.504281
7866.063477 0.000000 3973.508789 0.000000 0.962272 0.000000 0.272091 0.647509 0.647509 0.647509
7848.511719 0.000000 3974.999512 0.000000 0.496776 0.000000 -0.867879 0.826723 0.826723 0.826723
7871.866699 0.000000 4024.213135 0.000000 0.761528 0.000000 -0.648132 0.788723 0.788723 0.788723
7867.751953 0.000000 3972.748535 0.000000 0.218508 0.000000 0.975835 0.442746 0.442746 0.442746
7848.064453 0.000000 3971.645020 0.000000 0.707907 0.000000 -0.706306 0.842539 0.842539 0.842539
7859.386719 0.000000 4030.201904 0.000000 0.984627 0.000000 -0.174672 0.728228 0.728228 0.728228
7892.026855 0.000000 3997.090576 0.000000 0.061096 0.000000 0.998132 0.457280 0.457280 0.457280
7868.931641 0.000000 4017.881348 0.000000 0.726985 0.000000 0.686653 0.562439 0.562439 0.562439
7880.814453 0.000000 4025.136963 0.000000 0.272067 0.000000 -0.962278 0.856186 0.856186 0.856186
7882.398926 0.000000 4001.678955 0.000000 0.041764 0.000000 -0.999128 1.007290 1.007290 1.007290
7864.024902 0.000000 4012.683594 0.000000 0.916916 0.000000 -0.399080 0.766001 0.766001 0.766001
7903.463867 0.000000 3979.671143 0.000000 0.995068 0.000000 0.099195 0.680726 0.680726 0.680726
7867.090820 0.000000 4012.820801 0.000000 0.223852 0.000000 -0.974623 0.855137 0.855137 0.855137
7869.288574 0.000000 3983.531982 0.000000 0.675108 0.000000 -0.737719 0.846444 0.846444 0.846444
7858.047363 0.000000 4029.367188 0.000000 0.949452 0.000000 0.313912 0.659264 0.659264 0.659264
7886.880859 0.000000 4000.662842 0.000000 0.963040 0.000000 0.269359 0.654245 0.654245 0.654245
7853.263672 0.000000 4003.060059 0.000000 0.266566 0.000000 0.963817 0.543125 0.543125 0.543125
7869.993652 0.000000 4016.418457 0.000000 0.985321 0.000000 0.170710 0.668821 0.668821 0.668821
7871.795410 0.000000 3979.176758 0.000000 0.073433 0.000000 -0.997300 0.888399 0.888399 0.888399
7907.620605 0.000000 3984.901855 0.000000 0.457648 0.000000 -0.889133 0.856980 0.856980 0.856980
7869.003906 0.000000 3974.130371 0.000000 0.837241 0.000000 -0.546833 0.807178 0.807178 0.807178
7867.095703 0.000000 4017.092529 0.000000 0.791118 0.000000 0.611663 0.601083 0.601083 0.601083
7863.957031 0.000000 3976.594238 0.000000 0.867562 0.000000 0.497328 0.614493 0.614493 0.614493
7862.525879 0.000000 4007.317871 0.000000 0.826635 0.000000 -0.562738 0.774161 0.774161 0.774161
7891.385742 0.000000 3967.167969 0.000000 0.558375 0.000000 0.829588 0.559798 0.559798 0.559798
7884.056641 0.000000 4001.919678 0.000000 0.660554 0.000000 -0.750778 0.857316 0.857316 0.857316
7870.838867 0.000000 3977.196777 0.000000 0.816740 0.000000 0.577006 0.588214 0.588214 0.588214
7831.868164 0.000000 4035.898193 0.000000 0.353373 0.000000 0.935482 0.522431 0.522431 0.522431
7845.336426 0.000000 4027.397705 0.000000 0.445797 0.000000 -0.895134 0.849195 0.849195 0.849195
7853.434570 0.000000 4039.726562 0.000000 0.978787 0.000000 0.204881 0.670791 0.670791 0.670791
7866.963867 0.000000 3979.961914 0.000000 0.019242 0.000000 0.999815 0.439699 0.439699 0.439699
7853.418945 0.000000 4037.006592 0.000000 0.589582 0.000000 -0.807709 0.865961 0.865961 0.865961
7891.446289 0.000000 3969.522705 0.000000 0.219017 0.000000 -0.975721 0.891097 0.891097 0.891097
7843.369141 0.000000 4045.096680 0.000000 0.006001 0.000000 -0.999982 0.935176 0.935176 0.935176
7848.438477 0.000000 3970.230469 0.000000 0.385772 0.000000 -0.922594 0.913510 0.913510 0.913510
7864.513184 0.000000 4009.593750 0.000000 0.489909 0.000000 -0.871774 0.907240 0.907240 0.907240
7866.009277 0.000000 3978.404297 0.000000 0.993016 0.000000 0.117981 0.680160 0.680160 0.680160
7866.052246 0.000000 3975.790039 0.000000 0.572780 0.000000 -0.819709 0.960285 0.960285 0.960285
7862.706543 0.000000 3977.326416 0.000000 0.988669 0.000000 -0.150115 0.724753 0.724753 0.724753
7881.849609 0.000000 4022.104248 0.000000 0.402170 0.000000 0.915565 0.471537 0.471537 0.471537
7835.599121 0.000000 4033.143555 0.000000 0.955358 0.000000 0.295451 0.653351 0.653351 0.653351
7902.932617 0.000000 3978.282227 0.000000 0.929050 0.000000 -0.369953 0.773511 0.773511 0.773511
7850.625977 0.000000 3977.167480 0.000000 0.295394 0.000000 -0.955375 0.906558 0.906558 0.906558
7830.758789 0.000000 4033.046387 0.000000 0.508386 0.000000 0.861130 0.524130 0.524130 0.524130
7854.013184 0.000000 3977.507080 0.000000 0.929369 0.000000 -0.369152 0.777969 0.777969 0.777969
7914.043457 0.000000 3995.659912 0.000000 0.428249 0.000000 -0.903661 0.922802 0.922802 0.922802
7855.426270 0.000000 4005.105713 0.000000 0.681983 0.000000 0.731368 0.565243 0.565243 0.565243
7899.987793 0.000000 3971.055420 0.000000 0.623311 0.000000 -0.781974 0.927509 0.927509 0.927509
7843.984375 0.000000 4047.365479 0.000000 0.399317 0.000000 -0.916813 0.898669 0.898669 0.898669
7839.910645 0.000000 4032.751465 0.000000 0.997712 0.000000 -0.067609 0.712770 0.712770 0.712770
7869.010254 0.000000 3982.130615 0.000000 0.820321 0.000000 -0.571904 0.807461 0.807461 0.807461
7842.671875 0.000000 4047.817139 0.000000 0.323270 0.000000 0.946307 0.487357 0.487357 0.487357
7861.452148 0.000000 3976.275391 0.000000 0.900698 0.000000 -0.434445 0.778540 0.778540 0.778540
7868.344727 0.000000 3975.440186 0.000000 0.963215 0.000000 -0.268733 0.750401 0.750401 0.750401
7898.127441 0.000000 3968.470215 0.000000 0.086859 0.000000 0.996221 0.422537 0.422537 0.422537
7884.813477 0.000000 4000.037109 0.000000 0.970816 0.000000 0.239825 0.655137 0.655137 0.655137
7864.939453 0.000000 4008.322754 0.000000 0.993670 0.000000 -0.112341 0.722035 0.722035 0.722035
7868.204102 0.000000 3977.413574 0.000000 0.102737 0.000000 -0.994709 1.007829 1.007829 1.007829
7837.227051 0.000000 4032.651123 0.000000 0.912763 0.000000 -0.408489 0.781627 0.781627 0.781627
7896.030273 0.000000 3968.242188 0.000000 0.001258 0.000000 -0.999999 0.985262 0.985262 0.985262
7903.901855 0.000000 3977.103027 0.000000 0.867851 0.000000 0.496825 0.599142 0.599142 0.599142
7859.191895 0.000000 3976.310547 0.000000 0.780363 0.000000 -0.625327 0.827503 0.827503 0.827503
7900.944336 0.000000 3969.074463 0.000000 0.504906 0.000000 0.863174 0.503424 0.503424 0.503424
7867.182129 0.000000 3964.793213 0.000000 0.695219 0.000000 -0.718798 0.854186 0.854186 0.854186
7866.987305 0.000000 3981.318604 0.000000 0.605730 0.000000 -0.795670 0.881701 0.881701 0.881701
7866.733398 0.000000 3977.438965 0.000000 0.473067 0.000000 0.881026 0.464507 0.464507 0.464507
7866.316406 0.000000 3974.666748 0.000000 0.005402 0.000000 0.999985 0.275973 0.275973 0.275973
7980.280762 0.000000 3960.340576 0.000000 0.001360 0.000000 -0.999999 0.721942 0.721942 0.721942
7948.339355 0.000000 3959.131348 0.000000 0.736481 0.000000 0.676458 0.684420 0.684420 0.684420
7962.560059 0.000000 3974.117920 0.000000 0.007122 0.000000 -0.999975 0.705465 0.705465 0.705465
7998.561035 0.000000 3980.378906 0.000000 0.461029 0.000000 -0.887385 0.730524 0.730524 0.730524
7986.116699 0.000000 3969.372803 0.000000 0.976631 0.000000 0.214923 0.691293 0.691293 0.691293
7925.492188 0.000000 3968.898193 0.000000 0.642526 0.000000 -0.766264 0.739667 0.739667 0.739667
7958.101562 0.000000 3966.416260 0.000000 0.562306 0.000000 0.826929 0.654060 0.654060 0.654060
7979.888184 0.000000 3966.993896 0.000000 0.798767 0.000000 -0.601641 0.709025 0.709025 0.709025
7946.322754 0.000000 3965.513428 0.000000 0.015389 0.000000 -0.999882 0.912020 0.912020 0.912020
7956.518555 0.000000 3972.690430 0.000000 0.334455 0.000000 0.942412 0.500131 0.500131 0.500131
7952.293457 0.000000 3964.190918 0.000000 0.292517 0.000000 0.956260 0.475142 0.475142 0.475142
7916.752441 0.000000 3997.293213 0.000000 0.829627 0.000000 -0.558318 0.731056 0.731056 0.731056
7985.038574 0.000000 3963.626465 0.000000 0.399861 0.000000 0.916576 0.683790 0.683790 0.683790
7920.253418 0.000000 3966.263428 0.000000 0.943244 0.000000 -0.332102 0.756795 0.756795 0.756795
7986.098633 0.000000 3975.342041 0.000000 0.280397 0.000000 -0.959884 0.864135 0.864135 0.864135
7921.005859 0.000000 3971.460449 0.000000 0.315109 0.000000 -0.949056 0.796134 0.796134 0.796134
7960.571289 0.000000 3970.114014 0.000000 0.132280 0.000000 -0.991212 0.868388 0.868388 0.868388
7946.191406 0.000000 3971.212646 0.000000 0.170094 0.000000 -0.985428 0.868801 0.868801 0.868801
7995.724121 0.000000 3983.296875 0.000000 0.962720 0.000000 -0.270500 0.718669 0.718669 0.718669
7982.204590 0.000000 3970.372070 0.000000 0.069705 0.000000 0.997568 0.345870 0.345870 0.345870
7952.084961 0.000000 3960.268555 0.000000 0.960724 0.000000 -0.277505 0.705897 0.705897 0.705897
7943.353027 0.000000 3967.965820 0.000000 0.131340 0.000000 -0.991337 0.755328 0.755328 0.755328
7994.039551 0.000000 3979.343506 0.000000 0.169032 0.000000 0.985611 0.587379 0.587379 0.587379
7949.870605 0.000000 3966.985596 0.000000 0.807508 0.000000 0.589856 0.679052 0.679052 0.679052
7945.759766 0.000000 3961.919678 0.000000 0.314995 0.000000 -0.949093 0.863881 0.863881 0.863881
7949.167969 0.000000 3962.595703 0.000000 0.505174 0.000000 -0.863017 0.869223 0.869223 0.869223
7983.446289 0.000000 3967.035156 0.000000 0.603016 0.000000 -0.797729 0.887216 0.887216 0.887216
7981.254883 0.000000 3963.677979 0.000000 0.577889 0.000000 0.816116 0.624925 0.624925 0.624925
7923.788086 0.000000 3965.947266 0.000000 0.200577 0.000000 -0.979678 0.778942 0.778942 0.778942
7942.668457 0.000000 3964.517090 0.000000 0.999926 0.000000 0.012150 0.699533 0.699533 0.699533
7924.214844 0.000000 3972.422607 0.000000 0.604390 0.000000 0.796689 0.624287 0.624287 0.624287
7921.938477 0.000000 3963.200928 0.000000 0.314405 0.000000 -0.949289 0.734979 0.734979 0.734979
7916.685059 0.000000 3993.919678 0.000000 0.631277 0.000000 0.775557 0.662772 0.662772 0.662772
7956.574707 0.000000 3975.833740 0.000000 0.672304 0.000000 -0.740275 0.800504 0.800504 0.800504
7987.452148 0.000000 3972.344238 0.000000 0.734967 0.000000 -0.678103 0.758602 0.758602 0.758602
7955.526367 0.000000 3964.507080 0.000000 0.031443 0.000000 0.999506 0.401395 0.401395 0.401395
7984.187988 0.000000 3972.805908 0.000000 0.853072 0.000000 0.521793 0.563774 0.563774 0.563774
7959.372070 0.000000 3974.031738 0.000000 0.999178 0.000000 -0.040534 0.703047 0.703047 0.703047
7922.360352 0.000000 3968.607422 0.000000 0.970431 0.000000 0.241378 0.662935 0.662935 0.662935
7947.355957 0.000000 3968.413086 0.000000 0.786725 0.000000 -0.617304 0.776737 0.776737 0.776737
7927.632324 0.000000 3970.954346 0.000000 0.510412 0.000000 -0.859930 0.745224 0.745224 0.745224
7986.609863 0.000000 3977.877930 0.000000 0.602784 0.000000 0.797904 0.651567 0.651567 0.651567
7954.460449 0.000000 3974.443115 0.000000 0.146883 0.000000 0.989154 0.627863 0.627863 0.627863
7996.165039 0.000000 3980.879395 0.000000 0.356104 0.000000 0.934446 0.548166 0.548166 0.548166
7952.369141 0.000000 3966.646973 0.000000 0.773739 0.000000 0.633505 0.661633 0.661633 0.661633
7922.100586 0.000000 3973.684814 0.000000 0.201602 0.000000 -0.979468 0.817127 0.817127 0.817127
7959.547852 0.000000 3964.543945 0.000000 0.913305 0.000000 0.407275 0.669945 0.669945 0.669945
7993.830078 0.000000 3981.686279 0.000000 0.242507 0.000000 -0.970150 0.829754 0.829754 0.829754
7958.793457 0.000000 3971.645020 0.000000 0.992413 0.000000 -0.122949 0.715294 0.715294 0.715294
7948.502930 0.000000 3964.765137 0.000000 0.311530 0.000000 0.950236 0.614533 0.614533 0.614533
7955.982422 0.000000 3967.013916 0.000000 0.732573 0.000000 -0.680688 0.764113 0.764113 0.764113
7961.742676 0.000000 3971.966064 0.000000 0.814193 0.000000 -0.580594 0.772531 0.772531 0.772531
7949.968262 0.000000 3960.590576 0.000000 0.997806 0.000000 -0.066210 0.707295 0.707295 0.707295
7985.579590 0.000000 3967.247559 0.000000 0.949283 0.000000 -0.314423 0.722358 0.722358 0.722358
7923.789062 0.000000 3970.262451 0.000000 0.925012 0.000000 -0.379939 0.783092 0.783092 0.783092
7944.223633 0.000000 3966.035645 0.000000 0.034820 0.000000 -0.999394 0.922791 0.922791 0.922791
7984.015137 0.000000 3975.003418 0.000000 0.619342 0.000000 -0.785121 0.845165 0.845165 0.845165
7983.099121 0.000000 3964.793945 0.000000 0.200849 0.000000 -0.979622 0.891335 0.891335 0.891335
7983.950684 0.000000 3969.111084 0.000000 0.626261 0.000000 -0.779614 0.868742 0.868742 0.868742
7944.915527 0.000000 3963.947266 0.000000 0.895483 0.000000 -0.445095 0.770133 0.770133 0.770133
7951.314453 0.000000 3962.225342 0.000000 0.511138 0.000000 0.859498 0.522865 0.522865 0.522865
7992.129395 0.000000 3980.204590 0.000000 0.761090 0.000000 -0.648647 0.769073 0.769073 0.769073
7947.642578 0.000000 3961.103271 0.000000 0.502527 0.000000 -0.864561 0.818622 0.818622 0.818622
7985.665527 0.000000 3971.358154 0.000000 0.843025 0.000000 0.537874 0.544181 0.544181 0.544181
7945.375000 0.000000 3967.871826 0.000000 0.558605 0.000000 -0.829434 0.841872 0.841872 0.841872
7995.866211 0.000000 3978.388428 0.000000 0.616136 0.000000 0.787640 0.627090 0.627090 0.627090
7950.470703 0.000000 3965.063477 0.000000 0.283367 0.000000 -0.959012 0.845796 0.845796 0.845796
7957.496582 0.000000 3964.529297 0.000000 0.196871 0.000000 -0.980429 0.944676 0.944676 0.944676
7954.195801 0.000000 3966.008301 0.000000 0.481130 0.000000 -0.876649 0.791528 0.791528 0.791528
7946.856934 0.000000 3963.649414 0.000000 0.999903 0.000000 -0.013954 0.702341 0.702341 0.702341
7981.563965 0.000000 3966.006104 0.000000 0.885866 0.000000 0.463940 0.662060 0.662060 0.662060
7921.919434 0.000000 3965.220703 0.000000 0.872889 0.000000 -0.487920 0.759680 0.759680 0.759680
7957.514648 0.000000 3974.258789 0.000000 0.303192 0.000000 0.952930 0.547733 0.547733 0.547733
7947.850586 0.000000 3966.612305 0.000000 0.680958 0.000000 0.732323 0.598041 0.598041 0.598041
7985.848145 0.000000 3973.519775 0.000000 0.545852 0.000000 -0.837882 0.946517 0.946517 0.946517
7983.889160 0.000000 3971.008301 0.000000 0.059958 0.000000 0.998201 0.343566 0.343566 0.343566
7944.366211 0.000000 3960.580078 0.000000 0.123007 0.000000 -0.992406 0.889719 0.889719 0.889719
7982.472168 0.000000 3972.419189 0.000000 0.360247 0.000000 0.932857 0.529814 0.529814 0.529814
7953.957520 0.000000 3963.594971 0.000000 0.418333 0.000000 0.908294 0.584532 0.584532 0.584532
7921.809570 0.000000 3966.979980 0.000000 0.789916 0.000000 -0.613216 0.810748 0.810748 0.810748
7923.994629 0.000000 3967.952393 0.000000 0.819752 0.000000 0.572718 0.627532 0.627532 0.627532
7920.937500 0.000000 3969.727783 0.000000 0.340444 0.000000 0.940265 0.535374 0.535374 0.535374
7945.766113 0.000000 3969.564209 0.000000 0.386021 0.000000 0.922490 0.515274 0.515274 0.515274
7922.711426 0.000000 3971.626221 0.000000 0.984811 0.000000 -0.173628 0.737207 0.737207 0.737207
7925.444336 0.000000 3970.693359 0.000000 0.560596 0.000000 -0.828089 0.846639 0.846639 0.846639
7987.368652 0.000000 3974.105957 0.000000 0.858015 0.000000 0.513624 0.631186 0.631186 0.631186
7920.451172 0.000000 3967.913818 0.000000 0.053792 0.000000 -0.998552 0.954500 0.954500 0.954500
7916.418457 0.000000 3995.480713 0.000000 0.382760 0.000000 0.923848 0.531188 0.531188 0.531188
7982.859863 0.000000 3973.955811 0.000000 0.826156 0.000000 -0.563441 0.784727 0.784727 0.784727
7950.542480 0.000000 3963.569580 0.000000 0.122046 0.000000 -0.992525 0.948065 0.948065 0.948065
7958.308594 0.000000 3973.026123 0.000000 0.922095 0.000000 -0.386964 0.779854 0.779854 0.779854
7956.475586 0.000000 3965.627197 0.000000 0.840421 0.000000 0.541933 0.597908 0.597908 0.597908
7944.446289 0.000000 3968.953369 0.000000 0.310583 0.000000 -0.950546 0.897388 0.897388 0.897388
7922.334961 0.000000 3970.204346 0.000000 0.997019 0.000000 0.077150 0.683535 0.683535 0.683535
7947.716309 0.000000 3962.518799 0.000000 0.892913 0.000000 -0.450229 0.778351 0.778351 0.778351
7994.793457 0.000000 3980.596680 0.000000 0.213960 0.000000 -0.976842 0.974719 0.974719 0.974719
7952.937988 0.000000 3965.401367 0.000000 0.677737 0.000000 0.735304 0.554186 0.554186 0.554186
7995.244141 0.000000 3981.943115 0.000000 0.959850 0.000000 0.280515 0.642361 0.642361 0.642361
7984.964355 0.000000 3970.114746 0.000000 0.899285 0.000000 -0.437362 0.824198 0.824198 0.824198
7983.022461 0.000000 3968.242188 0.000000 0.994239 0.000000 0.107188 0.679731 0.679731 0.679731
7954.174316 0.000000 3964.793213 0.000000 0.968515 0.000000 0.248955 0.651194 0.651194 0.651194
7984.697754 0.000000 3973.931885 0.000000 0.390136 0.000000 -0.920757 0.990348 0.990348 0.990348
7982.166504 0.000000 3967.086182 0.000000 0.564121 0.000000 -0.825692 0.896928 0.896928 0.896928
7983.278320 0.000000 3970.045166 0.000000 0.892187 0.000000 0.451667 0.589438 0.589438 0.589438
7984.615723 0.000000 3971.818359 0.000000 0.896235 0.000000 0.443579 0.573903 0.573903 0.573903
8004.771973 0.000000 3916.551758 0.000000 0.666682 0.000000 -0.745342 0.722047 0.722047 0.722047
8068.516113 0.000000 3918.490723 0.000000 0.429582 0.000000 0.903028 0.601544 0.601544 0.601544
8054.608398 0.000000 3914.452637 0.000000 0.843597 0.000000 -0.536977 0.707925 0.707925 0.707925
8057.921387 0.000000 3954.916992 0.000000 0.951245 0.000000 -0.308436 0.768494 0.768494 0.768494
8075.020508 0.000000 3913.351807 0.000000 0.380467 0.000000 0.924795 0.644299 0.644299 0.644299
8060.138672 0.000000 3919.725098 0.000000 0.275696 0.000000 0.961245 0.472046 0.472046 0.472046
8073.769531 0.000000 3918.436768 0.000000 0.990643 0.000000 0.136479 0.690908 0.690908 0.690908
8053.040039 0.000000 3955.232178 0.000000 0.862810 0.000000 -0.505529 0.770392 0.770392 0.770392
8070.820801 0.000000 3914.800293 0.000000 0.303752 0.000000 0.952751 0.598536 0.598536 0.598536
8064.365234 0.000000 3920.055176 0.000000 0.476780 0.000000 0.879022 0.531109 0.531109 0.531109
8071.372559 0.000000 3921.770020 0.000000 0.324277 0.000000 -0.945962 0.771543 0.771543 0.771543
8060.077637 0.000000 3923.858398 0.000000 0.774987 0.000000 0.631978 0.686849 0.686849 0.686849
8055.174805 0.000000 3951.151855 0.000000 0.826569 0.000000 0.562836 0.658211 0.658211 0.658211
8056.422363 0.000000 3918.021484 0.000000 0.357345 0.000000 0.933973 0.607314 0.607314 0.607314
8067.496582 0.000000 3922.673584 0.000000 0.765482 0.000000 0.643458 0.652359 0.652359 0.652359
8003.560059 0.000000 3913.045410 0.000000 0.231238 0.000000 -0.972897 0.879972 0.879972 0.879972
8060.382812 0.000000 3916.738281 0.000000 0.923122 0.000000 -0.384507 0.722071 0.722071 0.722071
8052.789551 0.000000 3958.141846 0.000000 0.915710 0.000000 -0.401840 0.772990 0.772990 0.772990
8062.147461 0.000000 3921.809326 0.000000 0.886755 0.000000 0.462240 0.637019 0.637019 0.637019
8075.622070 0.000000 3916.077148 0.000000 0.976875 0.000000 -0.213811 0.732761 0.732761 0.732761
8071.138184 0.000000 3917.901611 0.000000 0.783422 0.000000 -0.621489 0.833608 0.833608 0.833608
8055.343262 0.000000 3953.846924 0.000000 0.145275 0.000000 -0.989391 1.076038 1.076038 1.076038
8057.183594 0.000000 3915.567627 0.000000 0.933990 0.000000 -0.357300 0.726818 0.726818 0.726818
8055.120117 0.000000 3956.781250 0.000000 0.894034 0.000000 -0.448000 0.820958 0.820958 0.820958
8062.546387 0.000000 3918.246094 0.000000 0.977640 0.000000 -0.210286 0.730361 0.730361 0.730361
8053.119141 0.000000 3952.744629 0.000000 0.999454 0.000000 -0.033031 0.702598 0.702598 0.702598
8057.409180 0.000000 3952.239990 0.000000 0.569467 0.000000 -0.822014 0.814669 0.814669 0.814669
8073.260254 0.000000 3915.164307 0.000000 0.814966 0.000000 -0.579508 0.752931 0.752931 0.752931
8077.562500 0.000000 3914.432617 0.000000 0.357305 0.000000 0.933988 0.584139 0.584139 0.584139
8069.119629 0.000000 3920.826904 0.000000 0.905382 0.000000 0.424597 0.621066 0.621066 0.621066
8066.737305 0.000000 3920.352295 0.000000 0.611893 0.000000 -0.790940 0.886544 0.886544 0.886544
8069.623535 0.000000 3923.539307 0.000000 0.973825 0.000000 0.227300 0.683570 0.683570 0.683570
8069.136719 0.000000 3916.315186 0.000000 0.266980 0.000000 -0.963702 0.845459 0.845459 0.845459
8005.491211 0.000000 3914.430420 0.000000 0.835740 0.000000 -0.549126 0.759938 0.759938 0.759938
8058.718262 0.000000 3918.077637 0.000000 0.843768 0.000000 -0.536708 0.801976 0.801976 0.801976
8003.411621 0.000000 3915.054199 0.000000 0.316190 0.000000 -0.948696 0.887728 0.887728 0.887728
8056.902832 0.000000 3957.742432 0.000000 0.884994 0.000000 -0.465603 0.793948 0.793948 0.793948
8072.657715 0.000000 3916.902832 0.000000 0.908311 0.000000 0.418296 0.614021 0.614021 0.614021
8062.132324 0.000000 3919.990723 0.000000 0.702621 0.000000 -0.711564 0.813455 0.813455 0.813455
8056.258789 0.000000 3955.417480 0.000000 0.604837 0.000000 -0.796349 0.901242 0.901242 0.901242
8058.794434 0.000000 3916.106201 0.000000 0.224786 0.000000 -0.974408 0.850328 0.850328 0.850328
8060.934082 0.000000 3918.260010 0.000000 0.360846 0.000000 0.932625 0.487907 0.487907 0.487907
8075.977051 0.000000 3914.572266 0.000000 0.927449 0.000000 0.373949 0.641059 0.641059 0.641059
8074.278320 0.000000 3916.909424 0.000000 0.332651 0.000000 0.943050 0.512735 0.512735 0.512735
8057.599121 0.000000 3917.053955 0.000000 0.772248 0.000000 0.635321 0.573677 0.573677 0.573677
8054.636230 0.000000 3955.298096 0.000000 0.133015 0.000000 0.991114 0.167466 0.167466 0.167466
8070.988281 0.000000 3916.307861 0.000000 0.154071 0.000000 0.988060 0.417876 0.417876 0.417876
8057.427734 0.000000 3956.344727 0.000000 0.587415 0.000000 0.809286 0.517088 0.517088 0.517088
8054.621582 0.000000 3952.554932 0.000000 0.121682 0.000000 0.992569 0.317680 0.317680 0.317680
8066.406250 0.000000 3921.711426 0.000000 0.805515 0.000000 0.592576 0.570316 0.570316 0.570316
8067.835938 0.000000 3921.229736 0.000000 0.780948 0.000000 -0.624597 0.837937 0.837937 0.837937
8054.328125 0.000000 3957.847412 0.000000 0.914476 0.000000 0.404641 0.591525 0.591525 0.591525
8055.694336 0.000000 3957.812012 0.000000 0.790764 0.000000 -0.612121 0.871529 0.871529 0.871529
8055.425293 0.000000 3955.894287 0.000000 0.081106 0.000000 0.996705 0.148121 0.148121 0.148121
8055.421875 0.000000 3954.760498 0.000000 0.360515 0.000000 0.932754 0.254682 0.254682 0.254682
8083.594238 0.000000 3967.100098 0.000000 0.933552 0.000000 0.358441 0.634653 0.634653 0.634653
8050.115723 0.000000 3959.422607 0.000000 0.658573 0.000000 -0.752517 0.811654 0.811654 0.811654
8062.067383 0.000000 3971.851562 0.000000 0.665897 0.000000 0.746044 0.669096 0.669096 0.669096
8085.553223 0.000000 3980.378906 0.000000 0.902005 0.000000 -0.431726 0.717163 0.717163 0.717163
8056.682129 0.000000 3982.241211 0.000000 0.718840 0.000000 0.695175 0.670447 0.670447 0.670447
8073.108887 0.000000 3969.372803 0.000000 0.920468 0.000000 0.390818 0.679651 0.679651 0.679651
8076.869629 0.000000 3960.277588 0.000000 0.783070 0.000000 -0.621933 0.712903 0.712903 0.712903
8058.421875 0.000000 3963.409424 0.000000 0.641849 0.000000 0.766831 0.588515 0.588515 0.588515
8041.433594 0.000000 3978.478760 0.000000 0.088616 0.000000 0.996066 0.689640 0.689640 0.689640
8078.461426 0.000000 3975.547607 0.000000 0.971990 0.000000 -0.235024 0.722803 0.722803 0.722803
8049.191406 0.000000 3982.129150 0.000000 0.794221 0.000000 -0.607629 0.781032 0.781032 0.781032
8086.869141 0.000000 3973.355957 0.000000 0.929939 0.000000 0.367714 0.642749 0.642749 0.642749
8068.346680 0.000000 3974.355469 0.000000 0.824917 0.000000 -0.565255 0.769290 0.769290 0.769290
8066.880371 0.000000 3966.993896 0.000000 0.414952 0.000000 -0.909843 0.849799 0.849799 0.849799
8078.139160 0.000000 3965.758057 0.000000 0.144753 0.000000 0.989468 0.503192 0.503192 0.503192
8055.669434 0.000000 3958.423096 0.000000 0.866278 0.000000 0.499562 0.600358 0.600358 0.600358
8057.433105 0.000000 3968.753174 0.000000 0.721610 0.000000 0.692300 0.653229 0.653229 0.653229
8081.685059 0.000000 3962.204834 0.000000 0.917642 0.000000 -0.397408 0.772851 0.772851 0.772851
8081.812988 0.000000 3971.857422 0.000000 0.777194 0.000000 0.629261 0.678591 0.678591 0.678591
8046.250977 0.000000 3977.702881 0.000000 0.930645 0.000000 -0.365924 0.706547 0.706547 0.706547
8073.090820 0.000000 3975.342041 0.000000 0.910713 0.000000 -0.413041 0.709673 0.709673 0.709673
8052.326660 0.000000 3978.196533 0.000000 0.903875 0.000000 0.427797 0.692275 0.692275 0.692275
8044.303223 0.000000 3982.333984 0.000000 0.459292 0.000000 0.888285 0.667510 0.667510 0.667510
8053.601074 0.000000 3962.665039 0.000000 0.840886 0.000000 0.541212 0.678013 0.678013 0.678013
8083.394531 0.000000 3976.381836 0.000000 0.511868 0.000000 0.859064 0.497726 0.497726 0.497726
8077.355957 0.000000 3970.978271 0.000000 0.989691 0.000000 -0.143221 0.724864 0.724864 0.724864
8088.846191 0.000000 3983.099609 0.000000 0.849095 0.000000 -0.528240 0.728205 0.728205 0.728205
8088.769531 0.000000 3977.308838 0.000000 0.878542 0.000000 -0.477664 0.727849 0.727849 0.727849
8061.602539 0.000000 3967.635986 0.000000 0.391813 0.000000 0.920045 0.581592 0.581592 0.581592
8068.009766 0.000000 3978.742676 0.000000 0.991995 0.000000 0.126276 0.692034 0.692034 0.692034
8069.196777 0.000000 3970.372070 0.000000 0.195249 0.000000 0.980754 0.392585 0.392585 0.392585
8052.861816 0.000000 3983.731445 0.000000 0.952275 0.000000 0.305240 0.639829 0.639829 0.639829
8064.729004 0.000000 3975.673828 0.000000 0.879249 0.000000 0.476362 0.674837 0.674837 0.674837
8085.221680 0.000000 3963.581299 0.000000 0.932515 0.000000 0.361130 0.691606 0.691606 0.691606
8081.031738 0.000000 3979.343506 0.000000 0.756731 0.000000 0.653727 0.652684 0.652684 0.652684
8065.604980 0.000000 3971.053955 0.000000 0.636726 0.000000 -0.771090 0.740010 0.740010 0.740010
8058.041016 0.000000 3978.787598 0.000000 0.794012 0.000000 -0.607902 0.715987 0.715987 0.715987
8058.265625 0.000000 3972.445801 0.000000 0.832960 0.000000 0.553333 0.659011 0.659011 0.659011
8074.558105 0.000000 3966.109131 0.000000 0.022704 0.000000 0.999742 0.597194 0.597194 0.597194
8080.173828 0.000000 3968.673828 0.000000 0.989789 0.000000 0.142541 0.681503 0.681503 0.681503
8055.639648 0.000000 3965.716309 0.000000 0.444740 0.000000 -0.895660 0.740733 0.740733 0.740733
8070.438477 0.000000 3967.035156 0.000000 0.810687 0.000000 0.585480 0.684697 0.684697 0.684697
8084.820801 0.000000 3970.338867 0.000000 0.485617 0.000000 -0.874172 0.729743 0.729743 0.729743
8058.618652 0.000000 3959.697510 0.000000 0.003884 0.000000 0.999992 0.642495 0.642495 0.642495
8074.444336 0.000000 3972.344238 0.000000 0.044446 0.000000 0.999012 0.470604 0.470604 0.470604
8071.180176 0.000000 3972.805908 0.000000 0.073482 0.000000 -0.997297 0.846528 0.846528 0.846528
8070.610840 0.000000 3977.064453 0.000000 0.802603 0.000000 -0.596514 0.748030 0.748030 0.748030
8089.401855 0.000000 3980.191406 0.000000 0.518058 0.000000 -0.855346 0.873960 0.873960 0.873960
8055.058594 0.000000 3979.515381 0.000000 0.267456 0.000000 -0.963570 0.811325 0.811325 0.811325
8081.069824 0.000000 3965.109375 0.000000 0.010144 0.000000 0.999949 0.473628 0.473628 0.473628
8078.598145 0.000000 3962.776123 0.000000 0.999543 0.000000 -0.030224 0.705283 0.705283 0.705283
8056.278809 0.000000 3961.379150 0.000000 0.259346 0.000000 0.965784 0.439324 0.439324 0.439324
8046.729980 0.000000 3983.809326 0.000000 0.955125 0.000000 0.296204 0.680556 0.680556 0.680556
8064.396973 0.000000 3968.451660 0.000000 0.606726 0.000000 -0.794911 0.796347 0.796347 0.796347
8059.030273 0.000000 3966.243896 0.000000 0.663904 0.000000 -0.747818 0.860917 0.860917 0.860917
8044.171387 0.000000 3979.547607 0.000000 0.576148 0.000000 -0.817345 0.850486 0.850486 0.850486
8060.000488 0.000000 3969.908691 0.000000 0.567033 0.000000 0.823695 0.612043 0.612043 0.612043
8076.095215 0.000000 3968.442871 0.000000 0.830830 0.000000 0.556526 0.603046 0.603046 0.603046
8046.858398 0.000000 3980.437012 0.000000 0.993663 0.000000 -0.112400 0.721850 0.721850 0.721850
8051.718750 0.000000 3980.973877 0.000000 0.868216 0.000000 0.496187 0.648281 0.648281 0.648281
8075.812988 0.000000 3974.834473 0.000000 0.583117 0.000000 -0.812389 0.738114 0.738114 0.738114
8086.204102 0.000000 3976.208496 0.000000 0.141411 0.000000 0.989951 0.570149 0.570149 0.570149
8084.119629 0.000000 3973.798340 0.000000 0.022393 0.000000 0.999749 0.626939 0.626939 0.626939
8078.407715 0.000000 3978.268555 0.000000 0.172577 0.000000 -0.984996 0.763492 0.763492 0.763492
8081.304199 0.000000 3974.594727 0.000000 0.876061 0.000000 -0.482200 0.741328 0.741328 0.741328
8052.777832 0.000000 3959.973145 0.000000 0.800576 0.000000 0.599231 0.586588 0.586588 0.586588
8079.296875 0.000000 3972.779053 0.000000 0.957036 0.000000 0.289970 0.685604 0.685604 0.685604
8089.055176 0.000000 3971.740967 0.000000 0.427738 0.000000 -0.903903 0.782853 0.782853 0.782853
8089.241699 0.000000 3974.340820 0.000000 0.337893 0.000000 -0.941185 0.809280 0.809280 0.809280
8064.558105 0.000000 3965.783936 0.000000 0.635615 0.000000 0.772006 0.639887 0.639887 0.639887
8050.967773 0.000000 3961.929932 0.000000 0.256766 0.000000 0.966473 0.544192 0.544192 0.544192
8056.235840 0.000000 3970.960938 0.000000 0.275993 0.000000 0.961160 0.598460 0.598460 0.598460
8060.810059 0.000000 3964.170410 0.000000 0.920738 0.000000 0.390182 0.678985 0.678985 0.678985
8066.053223 0.000000 3973.494141 0.000000 0.380919 0.000000 -0.924608 0.860848 0.860848 0.860848
8082.464844 0.000000 3969.487793 0.000000 0.909783 0.000000 0.415084 0.646890 0.646890 0.646890
8042.145020 0.000000 3980.846680 0.000000 0.750557 0.000000 -0.660805 0.737847 0.737847 0.737847
8080.677734 0.000000 3976.886475 0.000000 0.246909 0.000000 -0.969039 0.965546 0.965546 0.965546
8054.373047 0.000000 3981.780273 0.000000 0.346816 0.000000 0.937933 0.493764 0.493764 0.493764
8084.870117 0.000000 3978.117676 0.000000 0.824557 0.000000 0.565778 0.613822 0.613822 0.613822
8067.026855 0.000000 3976.227539 0.000000 0.982101 0.000000 0.188356 0.679469 0.679469 0.679469
8066.939453 0.000000 3969.259033 0.000000 0.018512 0.000000 -0.999829 1.174730 1.174730 1.174730
8067.753418 0.000000 3972.026367 0.000000 0.936252 0.000000 0.351330 0.651065 0.651065 0.651065
8083.208008 0.000000 3964.575195 0.000000 0.814577 0.000000 -0.580055 0.786512 0.786512 0.786512
8087.359375 0.000000 3978.977051 0.000000 0.968493 0.000000 0.249041 0.652936 0.652936 0.652936
8062.443848 0.000000 3965.645996 0.000000 0.825896 0.000000 0.563823 0.657081 0.657081 0.657081
8070.942871 0.000000 3969.111084 0.000000 0.856121 0.000000 -0.516775 0.764537 0.764537 0.764537
8087.354492 0.000000 3981.528320 0.000000 0.388047 0.000000 -0.921639 0.816774 0.816774 0.816774
8075.116699 0.000000 3970.322754 0.000000 0.291703 0.000000 0.956509 0.528459 0.528459 0.528459
8077.233398 0.000000 3973.258545 0.000000 0.814622 0.000000 0.579992 0.623230 0.623230 0.623230
8085.353027 0.000000 3968.316406 0.000000 0.928667 0.000000 -0.370915 0.737188 0.737188 0.737188
8079.777344 0.000000 3970.780518 0.000000 0.112594 0.000000 0.993641 0.531838 0.531838 0.531838
8072.657715 0.000000 3971.358154 0.000000 0.864507 0.000000 0.502620 0.610728 0.610728 0.610728
8068.730957 0.000000 3968.211670 0.000000 0.976770 0.000000 -0.214288 0.757367 0.757367 0.757367
8076.328125 0.000000 3964.802246 0.000000 0.446707 0.000000 0.894680 0.514161 0.514161 0.514161
8082.858398 0.000000 3978.388428 0.000000 0.320630 0.000000 -0.947205 0.802211 0.802211 0.802211
8078.123535 0.000000 3969.049805 0.000000 0.622012 0.000000 0.783008 0.498793 0.498793 0.498793
8050.985840 0.000000 3982.946045 0.000000 0.652136 0.000000 0.758102 0.545127 0.545127 0.545127
8068.556152 0.000000 3966.006104 0.000000 0.237489 0.000000 -0.971390 0.825607 0.825607 0.825607
8079.896484 0.000000 3966.760254 0.000000 0.947079 0.000000 0.321000 0.644605 0.644605 0.644605
8047.855957 0.000000 3978.830078 0.000000 0.506042 0.000000 -0.862509 0.792710 0.792710 0.792710
8057.460449 0.000000 3965.092773 0.000000 0.285395 0.000000 -0.958410 0.879145 0.879145 0.879145
8054.749023 0.000000 3960.137939 0.000000 0.534217 0.000000 -0.845348 0.826734 0.826734 0.826734
8059.412109 0.000000 3968.064453 0.000000 0.020580 0.000000 0.999788 0.407414 0.407414 0.407414
8057.097168 0.000000 3966.926025 0.000000 0.769056 0.000000 0.639181 0.640620 0.640620 0.640620
8058.162109 0.000000 3970.560547 0.000000 0.408840 0.000000 0.912606 0.460923 0.460923 0.460923
8068.725586 0.000000 3976.983643 0.000000 0.925766 0.000000 -0.378098 0.774537 0.774537 0.774537
8081.726562 0.000000 3966.841064 0.000000 0.941316 0.000000 0.337528 0.644044 0.644044 0.644044
8072.840332 0.000000 3973.519775 0.000000 0.086093 0.000000 -0.996287 0.863451 0.863451 0.863451
8076.269531 0.000000 3966.633789 0.000000 0.583910 0.000000 0.811818 0.496384 0.496384 0.496384
8080.375488 0.000000 3963.458252 0.000000 0.944147 0.000000 0.329526 0.640142 0.640142 0.640142
8083.532227 0.000000 3962.771484 0.000000 0.874850 0.000000 0.484394 0.650513 0.650513 0.650513
8070.881348 0.000000 3971.008301 0.000000 0.844867 0.000000 0.534977 0.581623 0.581623 0.581623
8056.619629 0.000000 3980.331543 0.000000 0.841695 0.000000 0.539953 0.631222 0.631222 0.631222
8059.977051 0.000000 3971.659424 0.000000 0.948116 0.000000 0.317926 0.632716 0.632716 0.632716
8069.464355 0.000000 3972.419189 0.000000 0.868444 0.000000 -0.495787 0.787028 0.787028 0.787028
8087.886230 0.000000 3975.726807 0.000000 0.768199 0.000000 -0.640211 0.795920 0.795920 0.795920
8063.252930 0.000000 3967.175781 0.000000 0.918679 0.000000 -0.395006 0.757481 0.757481 0.757481
8060.694336 0.000000 3966.008545 0.000000 0.853016 0.000000 0.521885 0.644347 0.644347 0.644347
8057.282715 0.000000 3958.739746 0.000000 0.350064 0.000000 0.936726 0.513432 0.513432 0.513432
8078.264160 0.000000 3967.396729 0.000000 0.983436 0.000000 0.181254 0.669104 0.669104 0.669104
8084.129883 0.000000 3979.583984 0.000000 0.651579 0.000000 0.758581 0.576598 0.576598 0.576598
8045.091309 0.000000 3980.874268 0.000000 0.505868 0.000000 -0.862611 0.830911 0.830911 0.830911
8051.933105 0.000000 3958.436035 0.000000 0.961173 0.000000 -0.275947 0.736643 0.736643 0.736643
8076.057617 0.000000 3971.965820 0.000000 0.004663 0.000000 -0.999989 0.970958 0.970958 0.970958
8055.347168 0.000000 3983.156250 0.000000 0.694061 0.000000 0.719916 0.596067 0.596067 0.596067
8053.760254 0.000000 3958.582520 0.000000 0.623810 0.000000 -0.781576 0.858359 0.858359 0.858359
8079.023438 0.000000 3964.359131 0.000000 0.385989 0.000000 -0.922503 0.862153 0.862153 0.862153
8052.497070 0.000000 3961.532471 0.000000 0.990787 0.000000 0.135428 0.678871 0.678871 0.678871
8083.889160 0.000000 3968.878906 0.000000 0.999643 0.000000 0.026735 0.696682 0.696682 0.696682
8059.563477 0.000000 3962.318848 0.000000 0.101769 0.000000 0.994808 0.512613 0.512613 0.512613
8045.779785 0.000000 3979.176758 0.000000 0.168237 0.000000 -0.985747 0.920472 0.920472 0.920472
8052.829102 0.000000 3982.098633 0.000000 0.991326 0.000000 -0.131422 0.725568 0.725568 0.725568
8069.852051 0.000000 3973.955811 0.000000 0.720138 0.000000 0.693831 0.571356 0.571356 0.571356
8065.370117 0.000000 3967.167969 0.000000 0.646316 0.000000 -0.763069 0.877488 0.877488 0.877488
8059.371582 0.000000 3964.722412 0.000000 0.888102 0.000000 -0.459646 0.766771 0.766771 0.766771
8088.340332 0.000000 3973.062256 0.000000 0.531179 0.000000 -0.847260 0.913742 0.913742 0.913742
8081.917969 0.000000 3976.055908 0.000000 0.998986 0.000000 -0.045013 0.709049 0.709049 0.709049
8081.859375 0.000000 3963.743408 0.000000 0.318798 0.000000 0.947823 0.477836 0.477836 0.477836
8048.323730 0.000000 3980.764648 0.000000 0.185929 0.000000 0.982563 0.484774 0.484774 0.484774
8079.138184 0.000000 3976.911865 0.000000 0.884819 0.000000 -0.465934 0.774539 0.774539 0.774539
8056.346191 0.000000 3959.875000 0.000000 0.481876 0.000000 0.876239 0.535755 0.535755 0.535755
8057.086426 0.000000 3962.599854 0.000000 0.898533 0.000000 -0.438905 0.772260 0.772260 0.772260
8066.749023 0.000000 3974.780029 0.000000 0.535100 0.000000 0.844789 0.527680 0.527680 0.527680
8067.549316 0.000000 3970.583740 0.000000 0.871285 0.000000 0.490778 0.609455 0.609455 0.609455
8088.814941 0.000000 3981.643311 0.000000 0.459351 0.000000 0.888255 0.514629 0.514629 0.514629
8075.570312 0.000000 3973.337646 0.000000 0.976924 0.000000 0.213589 0.667650 0.667650 0.667650
8080.041992 0.000000 3962.070557 0.000000 0.866624 0.000000 0.498962 0.606880 0.606880 0.606880
8053.874512 0.000000 3961.293213 0.000000 0.996674 0.000000 0.081496 0.687310 0.687310 0.687310
8076.492676 0.000000 3969.762939 0.000000 0.469591 0.000000 -0.882884 0.877738 0.877738 0.877738
8058.724609 0.000000 3969.264160 0.000000 0.154922 0.000000 0.987927 0.432887 0.432887 0.432887
8081.581055 0.000000 3977.907471 0.000000 0.783510 0.000000 -0.621379 0.834752 0.834752 0.834752
8071.956543 0.000000 3970.114746 0.000000 0.874665 0.000000 0.484728 0.593876 0.593876 0.593876
8073.972168 0.000000 3971.055420 0.000000 0.868062 0.000000 -0.496456 0.788065 0.788065 0.788065
8055.635742 0.000000 3981.288330 0.000000 0.986474 0.000000 0.163917 0.672087 0.672087 0.672087
8053.968750 0.000000 3983.037109 0.000000 0.736744 0.000000 0.676172 0.555958 0.555958 0.555958
8066.088379 0.000000 3968.264160 0.000000 0.748580 0.000000 0.663045 0.478312 0.478312 0.478312
8068.261230 0.000000 3969.467041 0.000000 0.723879 0.000000 0.689927 0.497750 0.497750 0.497750
8089.698242 0.000000 3972.912598 0.000000 0.991903 0.000000 -0.127000 0.726928 0.726928 0.726928
8058.241699 0.000000 3967.573242 0.000000 0.994775 0.000000 0.102094 0.680519 0.680519 0.680519
8057.458008 0.000000 3960.520264 0.000000 0.000091 0.000000 1.000000 0.387077 0.387077 0.387077
8065.997070 0.000000 3966.020996 0.000000 0.054539 0.000000 -0.998512 1.010020 1.010020 1.010020
8067.518555 0.000000 3968.115479 0.000000 0.980363 0.000000 -0.197199 0.760707 0.760707 0.760707
8077.056152 0.000000 3967.645508 0.000000 0.409342 0.000000 0.912381 0.453006 0.453006 0.453006
8069.392578 0.000000 3969.245605 0.000000 0.053771 0.000000 -0.998553 1.102965 1.102965 1.102965
8068.790527 0.000000 3971.478271 0.000000 0.497393 0.000000 0.867525 0.465079 0.465079 0.465079
8079.450195 0.000000 3969.578857 0.000000 0.665528 0.000000 -0.746373 0.888481 0.888481 0.888481
8092.242188 0.000000 3982.121094 0.000000 0.497152 0.000000 0.867663 0.698164 0.698164 0.698164
8090.496582 0.000000 3970.841064 0.000000 0.048562 0.000000 0.998820 0.484524 0.484524 0.484524
8099.476562 0.000000 3968.898193 0.000000 0.255480 0.000000 0.966814 0.693119 0.693119 0.693119
8094.237793 0.000000 3966.263428 0.000000 0.772771 0.000000 0.634684 0.591852 0.591852 0.591852
8090.344238 0.000000 3976.823730 0.000000 0.268815 0.000000 -0.963192 0.906522 0.906522 0.906522
8094.990234 0.000000 3971.460449 0.000000 0.641173 0.000000 -0.767397 0.755034 0.755034 0.755034
8093.281250 0.000000 3974.790527 0.000000 0.519061 0.000000 0.854737 0.483247 0.483247 0.483247
8097.772461 0.000000 3965.947266 0.000000 0.829275 0.000000 0.558841 0.650258 0.650258 0.650258
8092.882812 0.000000 3978.963623 0.000000 0.603290 0.000000 -0.797522 0.746787 0.746787 0.746787
8096.344727 0.000000 3968.607422 0.000000 0.454812 0.000000 0.890588 0.642401 0.642401 0.642401
8093.326172 0.000000 3969.048096 0.000000 0.999880 0.000000 0.015515 0.697858 0.697858 0.697858
8090.519531 0.000000 3973.935303 0.000000 0.980720 0.000000 -0.195419 0.732310 0.732310 0.732310
8090.281250 0.000000 3979.997070 0.000000 0.996495 0.000000 -0.083654 0.713758 0.713758 0.713758
8092.580078 0.000000 3972.278564 0.000000 0.523376 0.000000 0.852102 0.546704 0.546704 0.546704
8092.413574 0.000000 3976.683594 0.000000 0.356075 0.000000 0.934457 0.541835 0.541835 0.541835
8095.793945 0.000000 3966.979980 0.000000 0.349855 0.000000 -0.936804 0.890843 0.890843 0.890843
8097.979004 0.000000 3967.952393 0.000000 0.630622 0.000000 -0.776090 0.816447 0.816447 0.816447
8094.921875 0.000000 3969.727783 0.000000 0.978039 0.000000 0.208421 0.665509 0.665509 0.665509
8091.172363 0.000000 3978.400391 0.000000 0.888981 0.000000 0.457944 0.621859 0.621859 0.621859
8093.178223 0.000000 3970.722656 0.000000 0.362241 0.000000 0.932084 0.486073 0.486073 0.486073
8091.443848 0.000000 3975.343506 0.000000 0.920484 0.000000 -0.390780 0.743500 0.743500 0.743500
8094.435547 0.000000 3967.913818 0.000000 0.245230 0.000000 0.969465 0.491909 0.491909 0.491909
8091.005859 0.000000 3972.438232 0.000000 0.576093 0.000000 -0.817384 0.857185 0.857185 0.857185
8092.063965 0.000000 3973.758301 0.000000 0.996356 0.000000 0.085297 0.687165 0.687165 0.687165
"}
