object={
	name="tree_leaf_high_generator_1_0"
	render_pass=Map
	clamp_to_water_level=no
	generated_content=yes
	layer="tree_high_layer"
	pdxmesh="tree_leaf_01_a_mesh"
	count=7889
	transform="5298.192383 0.000000 2559.914307 0.000000 0.052900 0.000000 -0.998600 0.872757 0.872757 0.872757
5291.722168 0.000000 2566.592529 0.000000 0.968827 0.000000 -0.247737 0.818000 0.818000 0.818000
5294.021484 0.000000 2567.528809 0.000000 0.877257 0.000000 -0.480021 0.866998 0.866998 0.866998
5284.596680 0.000000 2561.449707 0.000000 0.624951 0.000000 0.780664 0.681927 0.681927 0.681927
5295.894043 0.000000 2559.192627 0.000000 0.089365 0.000000 0.995999 0.604737 0.604737 0.604737
5280.659180 0.000000 2563.868164 0.000000 0.995320 0.000000 0.096638 0.786662 0.786662 0.786662
5288.507324 0.000000 2562.372559 0.000000 0.883386 0.000000 0.468646 0.707454 0.707454 0.707454
5330.932617 0.000000 2564.836426 0.000000 0.380343 0.000000 0.924846 0.672668 0.672668 0.672668
5320.324707 0.000000 2558.397705 0.000000 0.385463 0.000000 -0.922723 0.926734 0.926734 0.926734
5315.455566 0.000000 2565.724365 0.000000 0.178710 0.000000 0.983902 0.597177 0.597177 0.597177
5319.193848 0.000000 2561.756348 0.000000 0.960230 0.000000 -0.279210 0.846343 0.846343 0.846343
5313.192383 0.000000 2566.647705 0.000000 0.819703 0.000000 0.572788 0.724476 0.724476 0.724476
5321.174805 0.000000 2560.534180 0.000000 0.801849 0.000000 0.597526 0.683606 0.683606 0.683606
5317.058105 0.000000 2567.450684 0.000000 0.343133 0.000000 -0.939287 1.034021 1.034021 1.034021
5340.326660 0.000000 2561.719971 0.000000 0.895233 0.000000 0.445598 0.716061 0.716061 0.716061
5318.679688 0.000000 2563.669434 0.000000 0.720190 0.000000 0.693777 0.654524 0.654524 0.654524
5323.759766 0.000000 2560.554443 0.000000 0.892120 0.000000 -0.451798 0.885200 0.885200 0.885200
5339.403320 0.000000 2566.857910 0.000000 0.778393 0.000000 0.627778 0.672582 0.672582 0.672582
5335.126953 0.000000 2566.902100 0.000000 0.737749 0.000000 -0.675076 1.081217 1.081217 1.081217
5339.014160 0.000000 2563.078857 0.000000 0.334505 0.000000 -0.942394 1.040692 1.040692 1.040692
5335.757324 0.000000 2564.502441 0.000000 0.578138 0.000000 0.815939 0.512184 0.512184 0.512184
5336.691406 0.000000 2567.535156 0.000000 0.972621 0.000000 0.232395 0.725519 0.725519 0.725519
5433.694824 0.000000 2556.631348 0.000000 0.296753 0.000000 -0.954954 0.838033 0.838033 0.838033
5449.205078 0.000000 2552.687256 0.000000 0.996103 0.000000 0.088196 0.791710 0.791710 0.791710
5430.018066 0.000000 2557.190186 0.000000 0.905922 0.000000 -0.423446 0.837551 0.837551 0.837551
5467.345703 0.000000 2553.253662 0.000000 0.990591 0.000000 0.136854 0.785194 0.785194 0.785194
5435.013672 0.000000 2554.253906 0.000000 0.019598 0.000000 -0.999808 0.988985 0.988985 0.988985
5428.793945 0.000000 2566.842041 0.000000 0.933476 0.000000 0.358640 0.759707 0.759707 0.759707
5462.628906 0.000000 2555.377686 0.000000 0.003819 0.000000 0.999993 0.580926 0.580926 0.580926
5447.671387 0.000000 2548.163330 0.000000 0.871600 0.000000 -0.490218 0.867535 0.867535 0.867535
5433.223633 0.000000 2563.967529 0.000000 0.976888 0.000000 -0.213754 0.830117 0.830117 0.830117
5427.678711 0.000000 2556.536377 0.000000 0.989980 0.000000 0.141208 0.780475 0.780475 0.780475
5469.878418 0.000000 2559.192627 0.000000 0.564621 0.000000 -0.825350 0.955117 0.955117 0.955117
5440.221680 0.000000 2550.672852 0.000000 0.720631 0.000000 0.693319 0.680656 0.680656 0.680656
5442.506836 0.000000 2553.377686 0.000000 0.975377 0.000000 -0.220544 0.842192 0.842192 0.842192
5446.807617 0.000000 2552.739746 0.000000 0.725450 0.000000 -0.688274 0.921290 0.921290 0.921290
5444.752441 0.000000 2550.624023 0.000000 0.205539 0.000000 -0.978649 1.058761 1.058761 1.058761
5427.318848 0.000000 2561.719971 0.000000 0.963999 0.000000 -0.265907 0.849454 0.849454 0.849454
5465.627441 0.000000 2559.701172 0.000000 0.571389 0.000000 -0.820679 1.017247 1.017247 1.017247
5435.112793 0.000000 2567.121826 0.000000 0.999139 0.000000 -0.041482 0.807873 0.807873 0.807873
5462.491699 0.000000 2562.372559 0.000000 0.445525 0.000000 -0.895270 1.039221 1.039221 1.039221
5464.318848 0.000000 2556.626465 0.000000 0.912236 0.000000 -0.409665 0.882615 0.882615 0.882615
5467.962402 0.000000 2561.235352 0.000000 0.299011 0.000000 0.954250 0.405198 0.405198 0.405198
5464.933105 0.000000 2563.024414 0.000000 0.976366 0.000000 -0.216125 0.870484 0.870484 0.870484
5042.323242 0.000000 2776.714600 0.000000 0.800407 0.000000 -0.599457 0.878316 0.878316 0.878316
5044.272949 0.000000 2778.432373 0.000000 0.907758 0.000000 0.419495 0.717865 0.717865 0.717865
5145.604004 0.000000 2662.163086 0.000000 0.748493 0.000000 0.663143 0.789864 0.789864 0.789864
5139.805176 0.000000 2664.505371 0.000000 0.959425 0.000000 -0.281965 0.805709 0.805709 0.805709
5206.912598 0.000000 2608.743652 0.000000 0.349886 0.000000 -0.936792 0.838773 0.838773 0.838773
5188.667480 0.000000 2630.162598 0.000000 0.733042 0.000000 0.680184 0.773109 0.773109 0.773109
5137.143066 0.000000 2667.826904 0.000000 0.120544 0.000000 -0.992708 0.869502 0.869502 0.869502
5164.264648 0.000000 2668.363525 0.000000 0.863922 0.000000 0.503625 0.773647 0.773647 0.773647
5193.644531 0.000000 2607.102051 0.000000 0.451509 0.000000 0.892267 0.733951 0.733951 0.733951
5203.895508 0.000000 2650.263672 0.000000 0.998464 0.000000 0.055400 0.795572 0.795572 0.795572
5202.518555 0.000000 2626.207764 0.000000 0.895084 0.000000 0.445898 0.764000 0.764000 0.764000
5158.399414 0.000000 2668.431885 0.000000 0.736620 0.000000 -0.676307 0.851920 0.851920 0.851920
5219.476562 0.000000 2635.874268 0.000000 0.768485 0.000000 0.639868 0.755624 0.755624 0.755624
5148.273926 0.000000 2673.080078 0.000000 0.849214 0.000000 0.528049 0.757780 0.757780 0.757780
5193.394043 0.000000 2643.751953 0.000000 0.286500 0.000000 -0.958080 0.909947 0.909947 0.909947
5211.230957 0.000000 2630.298096 0.000000 0.683202 0.000000 -0.730230 0.880118 0.880118 0.880118
5155.481445 0.000000 2666.027100 0.000000 0.055648 0.000000 0.998450 0.660801 0.660801 0.660801
5189.640625 0.000000 2632.925781 0.000000 0.940395 0.000000 -0.340085 0.836039 0.836039 0.836039
5206.369141 0.000000 2660.238037 0.000000 0.960177 0.000000 -0.279392 0.827711 0.827711 0.827711
5191.240723 0.000000 2608.791504 0.000000 0.392855 0.000000 -0.919600 0.928200 0.928200 0.928200
5207.412109 0.000000 2611.456299 0.000000 0.476338 0.000000 0.879262 0.688426 0.688426 0.688426
5191.152344 0.000000 2642.002441 0.000000 0.968100 0.000000 0.250564 0.766616 0.766616 0.766616
5216.150391 0.000000 2653.727295 0.000000 0.526136 0.000000 -0.850401 0.919810 0.919810 0.919810
5191.804199 0.000000 2634.433594 0.000000 0.565717 0.000000 0.824600 0.670267 0.670267 0.670267
5152.153809 0.000000 2674.569336 0.000000 0.980029 0.000000 0.198854 0.766415 0.766415 0.766415
5196.967285 0.000000 2646.356689 0.000000 0.088493 0.000000 0.996077 0.628304 0.628304 0.628304
5139.208008 0.000000 2673.632080 0.000000 0.648621 0.000000 0.761111 0.649693 0.649693 0.649693
5163.239746 0.000000 2670.506104 0.000000 0.885107 0.000000 0.465388 0.724589 0.724589 0.724589
5216.307617 0.000000 2669.730225 0.000000 0.353437 0.000000 -0.935458 0.986014 0.986014 0.986014
5189.604492 0.000000 2647.933594 0.000000 0.118948 0.000000 0.992900 0.550675 0.550675 0.550675
5205.261719 0.000000 2610.507080 0.000000 0.385234 0.000000 -0.922819 0.959625 0.959625 0.959625
5197.650879 0.000000 2624.903076 0.000000 0.603006 0.000000 0.797737 0.681951 0.681951 0.681951
5147.190430 0.000000 2667.518555 0.000000 0.359642 0.000000 -0.933090 0.994603 0.994603 0.994603
5199.413574 0.000000 2649.640869 0.000000 0.504582 0.000000 -0.863364 0.935260 0.935260 0.935260
5214.467773 0.000000 2638.369873 0.000000 0.218746 0.000000 -0.975782 1.042713 1.042713 1.042713
5195.256348 0.000000 2609.326904 0.000000 0.062680 0.000000 0.998034 0.583137 0.583137 0.583137
5216.554199 0.000000 2641.967041 0.000000 0.965097 0.000000 0.261891 0.756074 0.756074 0.756074
5188.460449 0.000000 2637.978271 0.000000 0.602684 0.000000 0.797980 0.624694 0.624694 0.624694
5214.653809 0.000000 2662.130615 0.000000 0.668278 0.000000 -0.743912 1.063052 1.063052 1.063052
5204.763184 0.000000 2615.583496 0.000000 0.452856 0.000000 0.891583 0.602124 0.602124 0.602124
5153.748047 0.000000 2667.434326 0.000000 0.469211 0.000000 0.883086 0.622732 0.622732 0.622732
5153.088379 0.000000 2669.822510 0.000000 0.627703 0.000000 -0.778453 0.956810 0.956810 0.956810
5187.168457 0.000000 2641.052246 0.000000 0.392017 0.000000 -0.919958 1.021609 1.021609 1.021609
5146.344238 0.000000 2671.732666 0.000000 0.292146 0.000000 0.956374 0.596389 0.596389 0.596389
5197.102051 0.000000 2627.626221 0.000000 0.150346 0.000000 0.988634 0.570297 0.570297 0.570297
5216.273438 0.000000 2656.712646 0.000000 0.035686 0.000000 0.999363 0.343171 0.343171 0.343171
5187.976074 0.000000 2634.265137 0.000000 0.995523 0.000000 -0.094516 0.814557 0.814557 0.814557
5197.051270 0.000000 2613.842773 0.000000 0.208285 0.000000 0.978068 0.568954 0.568954 0.568954
5194.481445 0.000000 2612.340576 0.000000 0.304573 0.000000 -0.952489 1.016645 1.016645 1.016645
5203.767578 0.000000 2612.059814 0.000000 0.986526 0.000000 0.163606 0.768818 0.768818 0.768818
5211.544434 0.000000 2635.159668 0.000000 0.146959 0.000000 -0.989143 1.070054 1.070054 1.070054
5218.712891 0.000000 2652.952637 0.000000 0.504872 0.000000 -0.863194 0.987222 0.987222 0.987222
5188.637695 0.000000 2612.528809 0.000000 0.798267 0.000000 0.602303 0.694139 0.694139 0.694139
5216.350586 0.000000 2639.559814 0.000000 0.916259 0.000000 0.400586 0.721798 0.721798 0.721798
5194.479004 0.000000 2630.734131 0.000000 0.962545 0.000000 -0.271121 0.846610 0.846610 0.846610
5196.808594 0.000000 2648.440430 0.000000 0.888953 0.000000 -0.457999 0.889316 0.889316 0.889316
5217.295898 0.000000 2661.094238 0.000000 0.894480 0.000000 -0.447108 0.957383 0.957383 0.957383
5144.695312 0.000000 2670.653809 0.000000 0.837560 0.000000 -0.546345 0.900432 0.900432 0.900432
5212.311035 0.000000 2665.038330 0.000000 0.946487 0.000000 -0.322741 0.877448 0.877448 0.877448
5208.395020 0.000000 2660.689453 0.000000 0.227308 0.000000 0.973823 0.550829 0.550829 0.550829
5216.542969 0.000000 2665.782227 0.000000 0.242246 0.000000 -0.970215 1.136369 1.136369 1.136369
5194.542480 0.000000 2624.504150 0.000000 0.832838 0.000000 -0.553516 0.911296 0.911296 0.911296
5218.257324 0.000000 2671.447998 0.000000 0.860698 0.000000 0.509116 0.703984 0.703984 0.703984
5190.754395 0.000000 2620.053711 0.000000 0.094008 0.000000 0.995571 0.519824 0.519824 0.519824
5134.829590 0.000000 2672.245850 0.000000 0.827937 0.000000 -0.560821 0.912965 0.912965 0.912965
5161.142578 0.000000 2673.886475 0.000000 0.571159 0.000000 -0.820840 0.982694 0.982694 0.982694
5197.693359 0.000000 2630.634277 0.000000 0.119247 0.000000 -0.992865 1.115939 1.115939 1.115939
5138.473145 0.000000 2671.882324 0.000000 0.945841 0.000000 0.324630 0.737269 0.737269 0.737269
5218.380371 0.000000 2638.358398 0.000000 0.903933 0.000000 0.427674 0.716152 0.716152 0.716152
5212.159668 0.000000 2661.083008 0.000000 0.488544 0.000000 0.872539 0.397613 0.397613 0.397613
5206.855957 0.000000 2614.571777 0.000000 0.125451 0.000000 0.992100 0.525826 0.525826 0.525826
5195.342285 0.000000 2672.084473 0.000000 0.996692 0.000000 -0.081276 0.820313 0.820313 0.820313
5201.915527 0.000000 2633.090332 0.000000 0.433691 0.000000 0.901062 0.483973 0.483973 0.483973
5215.266602 0.000000 2658.259277 0.000000 0.685972 0.000000 0.727628 0.500546 0.500546 0.500546
5205.649902 0.000000 2633.919922 0.000000 0.780455 0.000000 -0.625212 0.936243 0.936243 0.936243
5190.285156 0.000000 2613.313965 0.000000 0.084391 0.000000 -0.996433 1.141378 1.141378 1.141378
5214.883301 0.000000 2663.863037 0.000000 0.850048 0.000000 0.526706 0.626058 0.626058 0.626058
5218.997559 0.000000 2667.744141 0.000000 0.094921 0.000000 -0.995485 1.180213 1.180213 1.180213
5219.002930 0.000000 2657.055420 0.000000 0.816963 0.000000 -0.576690 0.989057 0.989057 0.989057
5213.799316 0.000000 2660.699219 0.000000 0.174681 0.000000 0.984625 0.270550 0.270550 0.270550
5105.736816 0.000000 2771.335693 0.000000 0.209884 0.000000 -0.977726 0.819004 0.819004 0.819004
5130.375000 0.000000 2758.197510 0.000000 0.734785 0.000000 0.678300 0.779156 0.779156 0.779156
5112.110352 0.000000 2733.756348 0.000000 0.053481 0.000000 -0.998569 0.833334 0.833334 0.833334
5130.721680 0.000000 2737.223877 0.000000 0.164654 0.000000 0.986351 0.769124 0.769124 0.769124
5063.503418 0.000000 2746.510742 0.000000 0.999171 0.000000 0.040722 0.798698 0.798698 0.798698
5125.660156 0.000000 2692.569336 0.000000 0.846864 0.000000 0.531810 0.773122 0.773122 0.773122
5072.917969 0.000000 2758.224121 0.000000 0.803070 0.000000 0.595885 0.773226 0.773226 0.773226
5088.161133 0.000000 2756.649170 0.000000 0.121174 0.000000 -0.992631 0.866577 0.866577 0.866577
5061.954590 0.000000 2772.695801 0.000000 0.447663 0.000000 0.894203 0.744744 0.744744 0.744744
5053.108887 0.000000 2762.190918 0.000000 0.510712 0.000000 -0.859752 0.853734 0.853734 0.853734
5102.544922 0.000000 2769.448242 0.000000 0.944402 0.000000 -0.328794 0.818736 0.818736 0.818736
5126.716309 0.000000 2759.991943 0.000000 0.068328 0.000000 -0.997663 0.890020 0.890020 0.890020
5082.802734 0.000000 2749.893555 0.000000 0.955130 0.000000 0.296188 0.776578 0.776578 0.776578
5047.733398 0.000000 2777.213867 0.000000 0.652686 0.000000 -0.757628 0.873830 0.873830 0.873830
5093.308105 0.000000 2745.770996 0.000000 0.720490 0.000000 -0.693466 0.856627 0.856627 0.856627
5093.424316 0.000000 2751.949951 0.000000 0.969328 0.000000 0.245769 0.779666 0.779666 0.779666
5077.254395 0.000000 2761.320312 0.000000 0.986098 0.000000 -0.166165 0.817338 0.817338 0.817338
5101.608887 0.000000 2758.619873 0.000000 0.886352 0.000000 0.463012 0.762503 0.762503 0.762503
5118.775879 0.000000 2742.780518 0.000000 0.003818 0.000000 -0.999993 0.918926 0.918926 0.918926
5091.225098 0.000000 2759.376953 0.000000 0.985278 0.000000 0.170962 0.786961 0.786961 0.786961
5082.049316 0.000000 2771.158936 0.000000 0.829187 0.000000 0.558972 0.751429 0.751429 0.751429
5125.859863 0.000000 2766.307129 0.000000 0.866677 0.000000 -0.498869 0.850071 0.850071 0.850071
5064.850098 0.000000 2749.209717 0.000000 0.356791 0.000000 -0.934184 0.905979 0.905979 0.905979
5061.819824 0.000000 2748.940186 0.000000 0.883238 0.000000 0.468924 0.744437 0.744437 0.744437
5071.487305 0.000000 2767.986816 0.000000 0.922223 0.000000 -0.386659 0.845196 0.845196 0.845196
5101.700684 0.000000 2749.787109 0.000000 0.308315 0.000000 0.951284 0.679459 0.679459 0.679459
5059.348145 0.000000 2772.366455 0.000000 0.331423 0.000000 0.943482 0.679334 0.679334 0.679334
5074.886230 0.000000 2760.177734 0.000000 0.921507 0.000000 0.388361 0.755390 0.755390 0.755390
5119.269043 0.000000 2734.568115 0.000000 0.488490 0.000000 0.872569 0.677159 0.677159 0.677159
5129.158203 0.000000 2760.711670 0.000000 0.134150 0.000000 -0.990961 0.977848 0.977848 0.977848
5104.812012 0.000000 2741.417969 0.000000 0.864368 0.000000 -0.502860 0.867351 0.867351 0.867351
5092.292480 0.000000 2733.544922 0.000000 0.515894 0.000000 -0.856652 0.917115 0.917115 0.917115
5045.644043 0.000000 2760.714111 0.000000 0.612395 0.000000 -0.790552 0.905612 0.905612 0.905612
5068.969238 0.000000 2754.539795 0.000000 0.683282 0.000000 -0.730154 0.919343 0.919343 0.919343
5115.525879 0.000000 2738.336182 0.000000 0.176629 0.000000 -0.984277 1.005914 1.005914 1.005914
5122.946289 0.000000 2739.469238 0.000000 0.620681 0.000000 0.784063 0.665009 0.665009 0.665009
5128.309570 0.000000 2735.135742 0.000000 0.965930 0.000000 0.258805 0.766015 0.766015 0.766015
5058.217285 0.000000 2775.725098 0.000000 0.801287 0.000000 -0.598280 0.905037 0.905037 0.905037
5068.745117 0.000000 2752.024414 0.000000 0.762863 0.000000 0.646560 0.687665 0.687665 0.687665
5077.083008 0.000000 2763.734619 0.000000 0.183733 0.000000 0.982976 0.559167 0.559167 0.559167
5065.909668 0.000000 2751.291260 0.000000 0.494631 0.000000 -0.869103 0.972517 0.972517 0.972517
5057.932617 0.000000 2755.791748 0.000000 0.987630 0.000000 -0.156800 0.820126 0.820126 0.820126
5101.006836 0.000000 2780.311035 0.000000 0.982859 0.000000 0.184360 0.770374 0.770374 0.770374
5051.270020 0.000000 2760.797119 0.000000 0.946344 0.000000 0.323160 0.757938 0.757938 0.757938
5054.016113 0.000000 2753.802734 0.000000 0.723148 0.000000 0.690693 0.655335 0.655335 0.655335
5082.297363 0.000000 2744.823486 0.000000 0.965480 0.000000 0.260477 0.760527 0.760527 0.760527
5080.021973 0.000000 2766.397949 0.000000 0.022053 0.000000 0.999757 0.509239 0.509239 0.509239
5125.618164 0.000000 2762.088379 0.000000 0.090522 0.000000 -0.995894 1.080840 1.080840 1.080840
5123.759766 0.000000 2735.150879 0.000000 0.232019 0.000000 -0.972711 1.042933 1.042933 1.042933
5092.328125 0.000000 2743.794922 0.000000 0.786044 0.000000 -0.618171 0.910472 0.910472 0.910472
5129.625000 0.000000 2695.164551 0.000000 0.042367 0.000000 -0.999102 1.062525 1.062525 1.062525
5053.116211 0.000000 2750.097168 0.000000 0.880330 0.000000 -0.474361 0.876008 0.876008 0.876008
5100.998535 0.000000 2771.003906 0.000000 0.974676 0.000000 -0.223623 0.836936 0.836936 0.836936
5059.352051 0.000000 2778.717041 0.000000 0.765102 0.000000 -0.643909 0.932740 0.932740 0.932740
5054.741699 0.000000 2772.670410 0.000000 0.447755 0.000000 0.894156 0.590047 0.590047 0.590047
5082.870605 0.000000 2769.117920 0.000000 0.122514 0.000000 0.992467 0.571536 0.571536 0.571536
5129.281250 0.000000 2763.697021 0.000000 0.933093 0.000000 -0.359636 0.868331 0.868331 0.868331
5098.838867 0.000000 2766.708496 0.000000 0.993399 0.000000 -0.114708 0.825027 0.825027 0.825027
5100.983887 0.000000 2741.249512 0.000000 0.836473 0.000000 -0.548008 1.001555 1.001555 1.001555
5096.783691 0.000000 2764.592773 0.000000 0.758470 0.000000 -0.651708 0.926176 0.926176 0.926176
5095.194824 0.000000 2742.375977 0.000000 0.950340 0.000000 0.311213 0.733001 0.733001 0.733001
5096.550293 0.000000 2759.877197 0.000000 0.639425 0.000000 0.768854 0.633591 0.633591 0.633591
5104.277832 0.000000 2732.244141 0.000000 0.926979 0.000000 0.375112 0.727042 0.727042 0.727042
5107.871582 0.000000 2749.357666 0.000000 0.948220 0.000000 -0.317613 0.855516 0.855516 0.855516
5101.107422 0.000000 2735.038818 0.000000 0.282247 0.000000 -0.959342 1.043748 1.043748 1.043748
5107.486816 0.000000 2737.718506 0.000000 0.386490 0.000000 0.922294 0.577253 0.577253 0.577253
5079.070312 0.000000 2764.547852 0.000000 0.616029 0.000000 -0.787724 0.972112 0.972112 0.972112
5057.703125 0.000000 2777.638184 0.000000 0.889925 0.000000 0.456106 0.710137 0.710137 0.710137
5089.542969 0.000000 2739.495605 0.000000 0.988757 0.000000 -0.149530 0.836272 0.836272 0.836272
5052.045410 0.000000 2754.140381 0.000000 0.708588 0.000000 0.705623 0.659200 0.659200 0.659200
5097.514160 0.000000 2739.538574 0.000000 0.879957 0.000000 0.475053 0.632913 0.632913 0.632913
5064.827148 0.000000 2752.946533 0.000000 0.652546 0.000000 -0.757749 0.963147 0.963147 0.963147
5085.421875 0.000000 2742.753906 0.000000 0.982749 0.000000 -0.184943 0.835294 0.835294 0.835294
5056.313965 0.000000 2753.603760 0.000000 0.836561 0.000000 0.547874 0.689986 0.689986 0.689986
5097.703125 0.000000 2742.908447 0.000000 0.996126 0.000000 0.087940 0.775907 0.775907 0.775907
5129.550781 0.000000 2772.766602 0.000000 0.938131 0.000000 0.346281 0.730789 0.730789 0.730789
5107.550293 0.000000 2731.488525 0.000000 0.934142 0.000000 0.356902 0.735129 0.735129 0.735129
5131.265137 0.000000 2778.432373 0.000000 0.408158 0.000000 -0.912911 1.204368 1.204368 1.204368
5121.731934 0.000000 2737.951660 0.000000 0.499007 0.000000 0.866598 0.601090 0.601090 0.601090
5104.539062 0.000000 2747.083008 0.000000 0.281305 0.000000 -0.959619 1.046503 1.046503 1.046503
5055.361816 0.000000 2774.716309 0.000000 0.843913 0.000000 0.536481 0.692559 0.692559 0.692559
5059.700195 0.000000 2753.867432 0.000000 0.896468 0.000000 -0.443108 0.886185 0.886185 0.886185
5072.730957 0.000000 2763.439697 0.000000 0.931922 0.000000 -0.362659 0.870415 0.870415 0.870415
5104.802734 0.000000 2780.869629 0.000000 0.921641 0.000000 -0.388043 0.875612 0.875612 0.875612
5127.214844 0.000000 2733.342773 0.000000 0.736696 0.000000 0.676224 0.659096 0.659096 0.659096
5089.654785 0.000000 2736.976562 0.000000 0.905960 0.000000 -0.423364 0.889930 0.889930 0.889930
5099.891113 0.000000 2737.008545 0.000000 0.084848 0.000000 -0.996394 1.162046 1.162046 1.162046
5097.370117 0.000000 2735.042969 0.000000 0.311439 0.000000 0.950266 0.526986 0.526986 0.526986
5128.556641 0.000000 2774.248779 0.000000 0.360119 0.000000 0.932906 0.531034 0.531034 0.531034
5093.635254 0.000000 2740.020020 0.000000 0.252167 0.000000 -0.967684 1.165309 1.165309 1.165309
5101.060059 0.000000 2739.278076 0.000000 0.373041 0.000000 -0.927815 1.110960 1.110960 1.110960
5088.116699 0.000000 2740.400635 0.000000 0.064422 0.000000 0.997923 0.448006 0.448006 0.448006
5130.935547 0.000000 2776.096436 0.000000 0.904264 0.000000 -0.426973 0.947138 0.947138 0.947138
5132.005371 0.000000 2774.728516 0.000000 0.830571 0.000000 -0.556913 0.966337 0.966337 0.966337
5092.567871 0.000000 2737.358887 0.000000 0.941493 0.000000 -0.337032 0.914658 0.914658 0.914658
5095.553711 0.000000 2738.603271 0.000000 0.281220 0.000000 -0.959643 1.277632 1.277632 1.277632
5097.064453 0.000000 2741.324463 0.000000 0.426414 0.000000 -0.904528 1.176990 1.176990 1.176990
5196.009277 0.000000 2711.531738 0.000000 0.716975 0.000000 0.697099 0.783054 0.783054 0.783054
5208.171387 0.000000 2710.130859 0.000000 0.179593 0.000000 -0.983741 0.830543 0.830543 0.830543
5132.969238 0.000000 2725.146484 0.000000 0.817633 0.000000 -0.575740 0.815929 0.815929 0.815929
5186.690918 0.000000 2684.940674 0.000000 0.931212 0.000000 0.364477 0.787333 0.787333 0.787333
5146.443848 0.000000 2679.646240 0.000000 0.972283 0.000000 -0.233809 0.808013 0.808013 0.808013
5150.401367 0.000000 2719.631104 0.000000 0.751602 0.000000 -0.659616 0.827334 0.827334 0.827334
5153.307129 0.000000 2686.048828 0.000000 0.893175 0.000000 0.449710 0.774847 0.774847 0.774847
5219.042480 0.000000 2675.797607 0.000000 0.850722 0.000000 0.525617 0.775682 0.775682 0.775682
5147.796875 0.000000 2690.761963 0.000000 0.989486 0.000000 0.144632 0.791883 0.791883 0.791883
5187.523438 0.000000 2688.633301 0.000000 0.198677 0.000000 0.980065 0.704177 0.704177 0.704177
5199.696289 0.000000 2683.222656 0.000000 0.976676 0.000000 -0.214718 0.816856 0.816856 0.816856
5153.500977 0.000000 2768.003418 0.000000 0.925516 0.000000 0.378709 0.772850 0.772850 0.772850
5206.833496 0.000000 2723.477051 0.000000 0.817257 0.000000 -0.576273 0.846612 0.846612 0.846612
5152.300781 0.000000 2716.911865 0.000000 0.681593 0.000000 -0.731732 0.854102 0.854102 0.854102
5180.557617 0.000000 2703.062256 0.000000 0.972630 0.000000 0.232360 0.778924 0.778924 0.778924
5136.377930 0.000000 2719.806641 0.000000 0.765469 0.000000 -0.643473 0.867014 0.867014 0.867014
5150.170898 0.000000 2686.596436 0.000000 0.997103 0.000000 -0.076061 0.807451 0.807451 0.807451
5200.437988 0.000000 2688.993408 0.000000 0.878647 0.000000 0.477472 0.753274 0.753274 0.753274
5182.863770 0.000000 2710.244385 0.000000 0.919903 0.000000 -0.392147 0.828973 0.828973 0.828973
5134.052246 0.000000 2722.255859 0.000000 0.677953 0.000000 0.735105 0.724129 0.724129 0.724129
5149.693359 0.000000 2679.548584 0.000000 0.924341 0.000000 0.381568 0.767942 0.767942 0.767942
5155.481445 0.000000 2773.011475 0.000000 0.939356 0.000000 0.342943 0.760150 0.760150 0.760150
5136.895020 0.000000 2730.903564 0.000000 0.289313 0.000000 0.957234 0.659692 0.659692 0.659692
5193.654785 0.000000 2684.639160 0.000000 0.455026 0.000000 0.890478 0.690312 0.690312 0.690312
5132.565430 0.000000 2700.365967 0.000000 0.198398 0.000000 -0.980122 0.917750 0.917750 0.917750
5194.408691 0.000000 2698.615967 0.000000 0.098667 0.000000 -0.995121 0.944054 0.944054 0.944054
5213.377441 0.000000 2689.985840 0.000000 0.989460 0.000000 -0.144806 0.816543 0.816543 0.816543
5148.609863 0.000000 2770.000000 0.000000 0.968483 0.000000 -0.249079 0.824133 0.824133 0.824133
5135.491699 0.000000 2726.278809 0.000000 0.990228 0.000000 -0.139455 0.813133 0.813133 0.813133
5202.642578 0.000000 2677.251709 0.000000 0.185183 0.000000 -0.982704 0.965915 0.965915 0.965915
5160.908203 0.000000 2711.412109 0.000000 0.270628 0.000000 0.962684 0.673094 0.673094 0.673094
5208.554688 0.000000 2688.966553 0.000000 0.998185 0.000000 0.060228 0.792778 0.792778 0.792778
5200.546875 0.000000 2723.809082 0.000000 0.994997 0.000000 -0.099904 0.810393 0.810393 0.810393
5218.499512 0.000000 2690.528320 0.000000 0.891735 0.000000 -0.452557 0.853464 0.853464 0.853464
5195.026855 0.000000 2678.953125 0.000000 0.792234 0.000000 -0.610217 0.895693 0.895693 0.895693
5143.647461 0.000000 2707.198730 0.000000 0.337552 0.000000 -0.941307 0.949424 0.949424 0.949424
5134.981445 0.000000 2701.553467 0.000000 0.706645 0.000000 -0.707568 0.900476 0.900476 0.900476
5156.096680 0.000000 2680.305176 0.000000 0.953391 0.000000 0.301738 0.768779 0.768779 0.768779
5148.125000 0.000000 2681.558105 0.000000 0.941406 0.000000 -0.337276 0.849471 0.849471 0.849471
5191.786133 0.000000 2690.490967 0.000000 0.539641 0.000000 0.841896 0.662082 0.662082 0.662082
5157.533691 0.000000 2715.393555 0.000000 0.584979 0.000000 0.811049 0.694201 0.694201 0.694201
5137.353516 0.000000 2674.666016 0.000000 0.658918 0.000000 0.752215 0.665662 0.665662 0.665662
5134.845703 0.000000 2688.466064 0.000000 0.674015 0.000000 -0.738717 0.921183 0.921183 0.921183
5181.573242 0.000000 2705.260010 0.000000 0.051882 0.000000 0.998653 0.551246 0.551246 0.551246
5161.434570 0.000000 2719.058105 0.000000 0.075707 0.000000 0.997130 0.593973 0.593973 0.593973
5152.153809 0.000000 2781.553711 0.000000 0.452646 0.000000 0.891690 0.661457 0.661457 0.661457
5194.950684 0.000000 2694.241455 0.000000 0.021528 0.000000 0.999768 0.598873 0.598873 0.598873
5209.935547 0.000000 2693.073975 0.000000 0.331701 0.000000 0.943385 0.590732 0.590732 0.590732
5139.208008 0.000000 2780.616455 0.000000 0.182797 0.000000 -0.983151 1.004988 1.004988 1.004988
5162.323242 0.000000 2675.808838 0.000000 0.592757 0.000000 0.805382 0.657876 0.657876 0.657876
5210.080078 0.000000 2697.873779 0.000000 0.971212 0.000000 0.238217 0.769735 0.769735 0.769735
5196.181641 0.000000 2697.066406 0.000000 0.901963 0.000000 -0.431813 0.877584 0.877584 0.877584
5141.253418 0.000000 2722.101318 0.000000 0.676921 0.000000 -0.736056 0.935478 0.935478 0.935478
5212.051758 0.000000 2702.139648 0.000000 0.924728 0.000000 0.380627 0.727472 0.727472 0.727472
5201.591309 0.000000 2707.537598 0.000000 0.400031 0.000000 -0.916502 1.019953 1.019953 1.019953
5214.127930 0.000000 2694.305176 0.000000 0.782700 0.000000 0.622399 0.707419 0.707419 0.707419
5138.900391 0.000000 2729.740479 0.000000 0.994557 0.000000 -0.104198 0.819806 0.819806 0.819806
5136.114258 0.000000 2766.813477 0.000000 0.880282 0.000000 0.474450 0.710154 0.710154 0.710154
5135.329102 0.000000 2764.672119 0.000000 0.866145 0.000000 -0.499794 0.893030 0.893030 0.893030
5205.874023 0.000000 2693.117920 0.000000 0.220330 0.000000 -0.975425 1.063969 1.063969 1.063969
5151.280273 0.000000 2772.843018 0.000000 0.972273 0.000000 -0.233851 0.844785 0.844785 0.844785
5177.371582 0.000000 2707.549805 0.000000 0.983198 0.000000 0.182542 0.765170 0.765170 0.765170
5160.649414 0.000000 2716.163818 0.000000 0.956393 0.000000 0.292081 0.744353 0.744353 0.744353
5197.011230 0.000000 2688.213867 0.000000 0.005201 0.000000 -0.999986 1.078291 1.078291 1.078291
5153.748047 0.000000 2774.418701 0.000000 0.441256 0.000000 0.897381 0.599793 0.599793 0.599793
5134.406738 0.000000 2681.735840 0.000000 0.993703 0.000000 -0.112046 0.819286 0.819286 0.819286
5216.404297 0.000000 2701.942627 0.000000 0.760940 0.000000 0.648822 0.658988 0.658988 0.658988
5143.528809 0.000000 2717.962891 0.000000 0.043191 0.000000 0.999067 0.510158 0.510158 0.510158
5151.458984 0.000000 2684.878418 0.000000 0.998242 0.000000 0.059264 0.790052 0.790052 0.790052
5201.829590 0.000000 2683.435059 0.000000 0.232053 0.000000 -0.972703 1.013562 1.013562 1.013562
5216.617188 0.000000 2695.164551 0.000000 0.928531 0.000000 0.371254 0.732390 0.732390 0.732390
5152.749023 0.000000 2677.543701 0.000000 0.002778 0.000000 0.999996 0.508751 0.508751 0.508751
5140.039062 0.000000 2686.449951 0.000000 0.088207 0.000000 0.996102 0.586818 0.586818 0.586818
5154.933594 0.000000 2678.314453 0.000000 0.135903 0.000000 -0.990722 1.072173 1.072173 1.072173
5161.906250 0.000000 2713.519775 0.000000 0.384006 0.000000 0.923330 0.611994 0.611994 0.611994
5146.344238 0.000000 2778.717041 0.000000 0.653548 0.000000 0.756885 0.640533 0.640533 0.640533
5136.761719 0.000000 2697.959717 0.000000 0.965846 0.000000 -0.259118 0.840833 0.840833 0.840833
5145.172363 0.000000 2685.361084 0.000000 0.992826 0.000000 -0.119568 0.821065 0.821065 0.821065
5134.156250 0.000000 2678.155762 0.000000 0.185852 0.000000 -0.982578 1.062570 1.062570 1.062570
5136.955078 0.000000 2728.706543 0.000000 0.814404 0.000000 -0.580298 0.905101 0.905101 0.905101
5193.373047 0.000000 2688.738037 0.000000 0.951957 0.000000 0.306230 0.740948 0.740948 0.740948
5216.612305 0.000000 2697.715820 0.000000 0.163366 0.000000 -0.986566 1.027570 1.027570 1.027570
5151.409668 0.000000 2680.745850 0.000000 0.606598 0.000000 0.795008 0.625627 0.625627 0.625627
5203.767578 0.000000 2719.044189 0.000000 0.833864 0.000000 0.551970 0.692559 0.692559 0.692559
5206.491211 0.000000 2689.446045 0.000000 0.797536 0.000000 0.603271 0.681007 0.681007 0.681007
5205.760254 0.000000 2697.376465 0.000000 0.541417 0.000000 0.840754 0.438979 0.438979 0.438979
5208.379395 0.000000 2696.392090 0.000000 0.970848 0.000000 0.239698 0.749722 0.749722 0.749722
5154.339844 0.000000 2681.628662 0.000000 0.797656 0.000000 0.603113 0.687508 0.687508 0.687508
5199.289551 0.000000 2695.402344 0.000000 0.330227 0.000000 -0.943901 1.026789 1.026789 1.026789
5137.552734 0.000000 2725.797607 0.000000 0.904318 0.000000 0.426859 0.726892 0.726892 0.726892
5164.839355 0.000000 2710.354980 0.000000 0.220364 0.000000 0.975418 0.544118 0.544118 0.544118
5210.119141 0.000000 2703.019531 0.000000 0.150584 0.000000 0.988597 0.558995 0.558995 0.558995
5200.105469 0.000000 2706.179932 0.000000 0.991150 0.000000 -0.132748 0.825262 0.825262 0.825262
5205.585938 0.000000 2680.989746 0.000000 0.434190 0.000000 -0.900821 1.048664 1.048664 1.048664
5152.279785 0.000000 2675.294434 0.000000 0.171826 0.000000 0.985127 0.565441 0.565441 0.565441
5167.750977 0.000000 2711.513672 0.000000 0.917284 0.000000 -0.398234 0.877715 0.877715 0.877715
5135.182129 0.000000 2775.186279 0.000000 0.966320 0.000000 -0.257345 0.868617 0.868617 0.868617
5141.185547 0.000000 2719.927490 0.000000 0.787335 0.000000 0.616526 0.673953 0.673953 0.673953
5198.594238 0.000000 2700.903564 0.000000 0.593293 0.000000 0.804986 0.605653 0.605653 0.605653
5201.719238 0.000000 2698.290283 0.000000 0.946480 0.000000 -0.322764 0.906991 0.906991 0.906991
5205.047852 0.000000 2699.227783 0.000000 0.708989 0.000000 -0.705219 1.100154 1.100154 1.100154
5149.775391 0.000000 2774.523193 0.000000 0.906758 0.000000 0.421651 0.721760 0.721760 0.721760
5197.961914 0.000000 2677.874268 0.000000 0.566044 0.000000 -0.824375 1.101941 1.101941 1.101941
5134.829590 0.000000 2779.230225 0.000000 0.756924 0.000000 0.653503 0.551073 0.551073 0.551073
5132.603516 0.000000 2764.455322 0.000000 0.437535 0.000000 -0.899202 1.012116 1.012116 1.012116
5203.565918 0.000000 2702.449463 0.000000 0.306365 0.000000 0.951914 0.563555 0.563555 0.563555
5149.510254 0.000000 2778.520264 0.000000 0.327359 0.000000 -0.944900 1.034760 1.034760 1.034760
5200.361816 0.000000 2704.051514 0.000000 0.842434 0.000000 -0.538799 0.909099 0.909099 0.909099
5199.547852 0.000000 2679.023926 0.000000 0.954797 0.000000 -0.297258 0.860884 0.860884 0.860884
5213.562988 0.000000 2701.062012 0.000000 0.962511 0.000000 0.271243 0.747882 0.747882 0.747882
5169.486816 0.000000 2706.508057 0.000000 0.784626 0.000000 -0.619970 0.964274 0.964274 0.964274
5203.067871 0.000000 2695.995117 0.000000 0.406719 0.000000 0.913553 0.521616 0.521616 0.521616
5203.149414 0.000000 2680.499512 0.000000 0.477997 0.000000 0.878361 0.575102 0.575102 0.575102
5197.983398 0.000000 2693.171143 0.000000 0.999977 0.000000 -0.006835 0.801351 0.801351 0.801351
5133.340820 0.000000 2776.019043 0.000000 0.167744 0.000000 -0.985831 1.320919 1.320919 1.320919
5133.080566 0.000000 2778.056152 0.000000 0.317689 0.000000 -0.948195 1.273397 1.273397 1.273397
5205.527344 0.000000 2682.821289 0.000000 0.085581 0.000000 -0.996331 1.253816 1.253816 1.253816
5203.574707 0.000000 2684.151123 0.000000 0.824993 0.000000 -0.565142 0.967937 0.967937 0.967937
5207.800293 0.000000 2700.117432 0.000000 0.551046 0.000000 -0.834475 1.066170 1.066170 1.066170
5199.966797 0.000000 2675.336914 0.000000 0.743153 0.000000 0.669121 0.597964 0.597964 0.597964
5200.160645 0.000000 2701.699951 0.000000 0.839771 0.000000 0.542940 0.647544 0.647544 0.647544
5201.591797 0.000000 2700.751465 0.000000 0.543899 0.000000 0.839150 0.535504 0.535504 0.535504
5168.236328 0.000000 2707.728271 0.000000 0.886221 0.000000 -0.463263 0.918328 0.918328 0.918328
5200.117188 0.000000 2697.862549 0.000000 0.261457 0.000000 0.965215 0.413879 0.413879 0.413879
5132.667480 0.000000 2781.593262 0.000000 0.438180 0.000000 -0.898887 1.194951 1.194951 1.194951
5206.706055 0.000000 2695.858643 0.000000 0.281552 0.000000 -0.959546 1.120903 1.120903 1.120903
5135.274902 0.000000 2780.947998 0.000000 0.878861 0.000000 -0.477078 0.959918 0.959918 0.959918
5136.132812 0.000000 2778.265869 0.000000 0.103303 0.000000 -0.994650 1.198557 1.198557 1.198557
5171.254883 0.000000 2706.068848 0.000000 0.267352 0.000000 0.963599 0.444250 0.444250 0.444250
5196.723145 0.000000 2674.927490 0.000000 0.979616 0.000000 0.200878 0.728097 0.728097 0.728097
4957.230469 0.000000 2787.575684 0.000000 0.622038 0.000000 -0.782987 0.821557 0.821557 0.821557
4957.336426 0.000000 2794.912842 0.000000 0.011890 0.000000 -0.999929 1.017946 1.017946 1.017946
4957.522949 0.000000 2797.512695 0.000000 0.803374 0.000000 -0.595475 0.873889 0.873889 0.873889
4957.485352 0.000000 2790.104248 0.000000 0.672486 0.000000 0.740110 0.686837 0.686837 0.686837
4950.746094 0.000000 2792.659668 0.000000 0.580094 0.000000 0.814549 0.674516 0.674516 0.674516
4953.151367 0.000000 2801.289551 0.000000 0.180303 0.000000 -0.983611 1.063641 1.063641 1.063641
4955.640625 0.000000 2802.148926 0.000000 0.353240 0.000000 -0.935533 1.029538 1.029538 1.029538
4955.211914 0.000000 2794.419189 0.000000 0.559994 0.000000 -0.828497 0.985263 0.985263 0.985263
4953.634277 0.000000 2791.488281 0.000000 0.997160 0.000000 -0.075316 0.814304 0.814304 0.814304
4988.588379 0.000000 2788.685303 0.000000 0.846974 0.000000 -0.531634 0.811195 0.811195 0.811195
5043.382812 0.000000 2865.181885 0.000000 0.169964 0.000000 -0.985450 0.827961 0.827961 0.827961
5011.089355 0.000000 2819.666504 0.000000 0.824078 0.000000 -0.566477 0.844503 0.844503 0.844503
5010.913086 0.000000 2788.888184 0.000000 0.999784 0.000000 -0.020786 0.801204 0.801204 0.801204
4959.223633 0.000000 2790.561523 0.000000 0.044366 0.000000 0.999015 0.705493 0.705493 0.705493
5025.442871 0.000000 2837.394043 0.000000 0.089646 0.000000 -0.995974 0.900571 0.900571 0.900571
5012.260742 0.000000 2830.496094 0.000000 0.963582 0.000000 -0.267414 0.822167 0.822167 0.822167
5029.293457 0.000000 2853.689453 0.000000 0.286672 0.000000 -0.958029 0.889479 0.889479 0.889479
4995.833008 0.000000 2794.719727 0.000000 0.758235 0.000000 0.651981 0.734752 0.734752 0.734752
5044.188965 0.000000 2827.542480 0.000000 0.558389 0.000000 -0.829579 0.897700 0.897700 0.897700
5001.637695 0.000000 2797.203613 0.000000 0.722220 0.000000 -0.691663 0.865595 0.865595 0.865595
5031.783691 0.000000 2849.764893 0.000000 0.827844 0.000000 -0.560958 0.852335 0.852335 0.852335
5041.878906 0.000000 2789.796875 0.000000 0.997701 0.000000 -0.067763 0.805282 0.805282 0.805282
5015.899414 0.000000 2840.847412 0.000000 0.130017 0.000000 0.991512 0.679173 0.679173 0.679173
5010.332031 0.000000 2802.687256 0.000000 0.747663 0.000000 0.664078 0.739078 0.739078 0.739078
5037.556641 0.000000 2834.201904 0.000000 0.988616 0.000000 0.150463 0.788235 0.788235 0.788235
5038.878418 0.000000 2824.793457 0.000000 0.965275 0.000000 -0.261236 0.823227 0.823227 0.823227
5002.003418 0.000000 2806.981201 0.000000 0.378730 0.000000 0.925507 0.660673 0.660673 0.660673
5041.605469 0.000000 2813.212402 0.000000 0.132167 0.000000 0.991227 0.682227 0.682227 0.682227
5015.273926 0.000000 2793.080566 0.000000 0.369127 0.000000 0.929379 0.683274 0.683274 0.683274
5002.131836 0.000000 2803.608887 0.000000 0.925408 0.000000 -0.378973 0.838039 0.838039 0.838039
5044.033203 0.000000 2832.468262 0.000000 0.050507 0.000000 -0.998724 0.954853 0.954853 0.954853
5027.601562 0.000000 2842.706055 0.000000 0.777329 0.000000 -0.629094 0.889687 0.889687 0.889687
5006.374512 0.000000 2816.248535 0.000000 0.075536 0.000000 0.997143 0.596935 0.596935 0.596935
4960.997070 0.000000 2808.537842 0.000000 0.675581 0.000000 -0.737286 0.896036 0.896036 0.896036
5009.106445 0.000000 2821.270020 0.000000 0.966837 0.000000 0.255395 0.772147 0.772147 0.772147
5029.480957 0.000000 2851.141602 0.000000 0.495563 0.000000 -0.868572 0.942917 0.942917 0.942917
5024.393066 0.000000 2850.983154 0.000000 0.670716 0.000000 0.741715 0.698195 0.698195 0.698195
5038.918945 0.000000 2836.302979 0.000000 0.933134 0.000000 -0.359527 0.863902 0.863902 0.863902
5009.920898 0.000000 2800.330811 0.000000 0.366349 0.000000 -0.930478 1.005379 1.005379 1.005379
5043.606445 0.000000 2859.900146 0.000000 0.970494 0.000000 -0.241124 0.835019 0.835019 0.835019
5001.059082 0.000000 2794.816895 0.000000 0.213543 0.000000 0.976934 0.586112 0.586112 0.586112
5010.854004 0.000000 2796.395996 0.000000 0.650239 0.000000 0.759730 0.681085 0.681085 0.681085
5009.646484 0.000000 2804.952148 0.000000 0.995852 0.000000 0.090983 0.788172 0.788172 0.788172
5020.022949 0.000000 2842.543701 0.000000 0.960900 0.000000 -0.276896 0.839224 0.839224 0.839224
5023.666504 0.000000 2838.871826 0.000000 0.142475 0.000000 -0.989798 1.053804 1.053804 1.053804
5040.143555 0.000000 2801.289551 0.000000 0.015589 0.000000 0.999878 0.504919 0.504919 0.504919
5002.038086 0.000000 2791.144043 0.000000 0.969797 0.000000 -0.243914 0.834941 0.834941 0.834941
5040.483398 0.000000 2852.338623 0.000000 0.116722 0.000000 0.993165 0.567712 0.567712 0.567712
5041.806641 0.000000 2832.567383 0.000000 0.952753 0.000000 -0.303748 0.858558 0.858558 0.858558
5042.569824 0.000000 2855.935791 0.000000 0.620700 0.000000 0.784048 0.629016 0.629016 0.629016
4998.248047 0.000000 2790.185791 0.000000 0.941943 0.000000 -0.335774 0.861552 0.861552 0.861552
5024.410156 0.000000 2846.471436 0.000000 0.928835 0.000000 -0.370494 0.872013 0.872013 0.872013
5036.767578 0.000000 2842.135254 0.000000 0.979704 0.000000 0.200450 0.761708 0.761708 0.761708
4997.701172 0.000000 2793.596191 0.000000 0.999944 0.000000 0.010555 0.798018 0.798018 0.798018
4994.095215 0.000000 2791.948242 0.000000 0.998158 0.000000 0.060671 0.788481 0.788481 0.788481
5044.750977 0.000000 2785.228271 0.000000 0.998622 0.000000 0.052482 0.790038 0.790038 0.790038
5042.632812 0.000000 2802.148926 0.000000 0.928926 0.000000 -0.370265 0.853786 0.853786 0.853786
5006.314941 0.000000 2825.575684 0.000000 0.973798 0.000000 0.227417 0.757386 0.757386 0.757386
4962.777344 0.000000 2804.944092 0.000000 0.274653 0.000000 0.961544 0.572822 0.572822 0.572822
5023.117676 0.000000 2841.594971 0.000000 0.195730 0.000000 -0.980658 1.060661 1.060661 1.060661
5043.208496 0.000000 2781.760498 0.000000 0.449621 0.000000 0.893220 0.590443 0.590443 0.590443
5010.436035 0.000000 2834.913086 0.000000 0.997502 0.000000 0.070634 0.786587 0.786587 0.786587
5010.977539 0.000000 2839.417725 0.000000 0.915884 0.000000 -0.401442 0.873429 0.873429 0.873429
5042.149902 0.000000 2845.544189 0.000000 0.551144 0.000000 -0.834410 0.985311 0.985311 0.985311
5027.519531 0.000000 2850.028564 0.000000 0.748050 0.000000 -0.663643 0.915948 0.915948 0.915948
5006.589844 0.000000 2799.508545 0.000000 0.552739 0.000000 0.833355 0.620950 0.620950 0.620950
5040.044922 0.000000 2830.061523 0.000000 0.243226 0.000000 0.969970 0.548577 0.548577 0.548577
5038.131836 0.000000 2801.560303 0.000000 0.754128 0.000000 0.656727 0.668351 0.668351 0.668351
5042.366211 0.000000 2853.528564 0.000000 0.999964 0.000000 0.008446 0.798549 0.798549 0.798549
5006.259277 0.000000 2806.117920 0.000000 0.581502 0.000000 -0.813545 0.980293 0.980293 0.980293
5039.850586 0.000000 2805.425049 0.000000 0.117232 0.000000 0.993105 0.524255 0.524255 0.524255
5040.082520 0.000000 2826.428467 0.000000 0.256666 0.000000 0.966500 0.551211 0.551211 0.551211
5020.558105 0.000000 2838.472900 0.000000 0.724382 0.000000 0.689399 0.655674 0.655674 0.655674
4961.821289 0.000000 2806.795898 0.000000 0.666059 0.000000 -0.745899 0.958056 0.958056 0.958056
4958.622559 0.000000 2805.149902 0.000000 0.914358 0.000000 0.404907 0.720903 0.720903 0.720903
5042.767578 0.000000 2834.223145 0.000000 0.209194 0.000000 -0.977874 1.058052 1.058052 1.058052
5040.665527 0.000000 2837.185547 0.000000 0.996507 0.000000 -0.083509 0.817366 0.817366 0.817366
5040.222656 0.000000 2840.327148 0.000000 0.221636 0.000000 0.975129 0.517457 0.517457 0.517457
5043.708984 0.000000 2839.180908 0.000000 0.075845 0.000000 -0.997120 1.107520 1.107520 1.107520
5129.405273 0.000000 2830.213379 0.000000 0.666411 0.000000 -0.745584 0.803361 0.803361 0.803361
5129.030762 0.000000 2858.152100 0.000000 0.102890 0.000000 0.994693 0.788274 0.788274 0.788274
5060.621582 0.000000 2862.519775 0.000000 0.457759 0.000000 0.889076 0.786874 0.786874 0.786874
5058.611816 0.000000 2876.131836 0.000000 0.992515 0.000000 -0.122126 0.801956 0.801956 0.801956
5107.539062 0.000000 2833.095703 0.000000 0.478800 0.000000 0.877924 0.782880 0.782880 0.782880
5129.134766 0.000000 2796.527832 0.000000 0.967580 0.000000 0.252565 0.795920 0.795920 0.795920
5054.458984 0.000000 2806.093506 0.000000 0.517008 0.000000 0.855981 0.783584 0.783584 0.783584
5124.854980 0.000000 2884.948730 0.000000 0.940146 0.000000 -0.340771 0.807640 0.807640 0.807640
5132.441406 0.000000 2874.502197 0.000000 0.673466 0.000000 0.739218 0.785046 0.785046 0.785046
5097.935059 0.000000 2781.594971 0.000000 0.397321 0.000000 0.917680 0.772146 0.772146 0.772146
5064.716797 0.000000 2832.403076 0.000000 0.968078 0.000000 0.250648 0.793928 0.793928 0.793928
5063.503418 0.000000 2853.495117 0.000000 0.520038 0.000000 0.854143 0.771370 0.771370 0.771370
5087.800293 0.000000 2838.166504 0.000000 0.316096 0.000000 0.948727 0.760081 0.760081 0.760081
5095.923340 0.000000 2794.943604 0.000000 0.895617 0.000000 0.444827 0.781586 0.781586 0.781586
5112.563965 0.000000 2815.759766 0.000000 0.475242 0.000000 -0.879855 0.851555 0.851555 0.851555
5088.174805 0.000000 2814.395752 0.000000 0.193741 0.000000 -0.981053 0.860453 0.860453 0.860453
5047.819336 0.000000 2835.847168 0.000000 0.920756 0.000000 -0.390139 0.821612 0.821612 0.821612
5111.785645 0.000000 2809.968506 0.000000 0.124977 0.000000 -0.992160 0.895271 0.895271 0.895271
5096.058105 0.000000 2814.187500 0.000000 0.463996 0.000000 -0.885837 0.856513 0.856513 0.856513
5128.613770 0.000000 2874.050049 0.000000 0.399198 0.000000 -0.916865 0.881099 0.881099 0.881099
5100.531250 0.000000 2795.617676 0.000000 0.983503 0.000000 -0.180892 0.813078 0.813078 0.813078
5060.465820 0.000000 2851.793457 0.000000 0.853959 0.000000 0.520341 0.762838 0.762838 0.762838
5053.913574 0.000000 2814.559570 0.000000 0.711490 0.000000 0.702697 0.740864 0.740864 0.740864
5077.456055 0.000000 2852.795410 0.000000 0.342756 0.000000 0.939425 0.707336 0.707336 0.707336
5077.386719 0.000000 2831.098633 0.000000 0.644592 0.000000 0.764527 0.732210 0.732210 0.732210
5099.638672 0.000000 2812.876709 0.000000 0.880821 0.000000 -0.473449 0.830536 0.830536 0.830536
5127.086426 0.000000 2793.510742 0.000000 0.673388 0.000000 0.739290 0.731869 0.731869 0.731869
5126.598145 0.000000 2832.048096 0.000000 0.744295 0.000000 0.667851 0.753260 0.753260 0.753260
5118.559082 0.000000 2883.497559 0.000000 0.971128 0.000000 -0.238559 0.815876 0.815876 0.815876
5115.164062 0.000000 2827.703613 0.000000 0.304945 0.000000 -0.952370 0.898216 0.898216 0.898216
5121.739258 0.000000 2882.895020 0.000000 0.140327 0.000000 0.990105 0.705750 0.705750 0.705750
5087.430176 0.000000 2852.823242 0.000000 0.939959 0.000000 -0.341289 0.824346 0.824346 0.824346
5123.187500 0.000000 2840.030518 0.000000 0.683020 0.000000 0.730400 0.742756 0.742756 0.742756
5105.084961 0.000000 2827.485107 0.000000 0.336506 0.000000 -0.941681 0.890716 0.890716 0.890716
5118.775879 0.000000 2849.764893 0.000000 0.444356 0.000000 0.895850 0.682466 0.682466 0.682466
5128.871094 0.000000 2789.796875 0.000000 0.952013 0.000000 0.306058 0.769559 0.769559 0.769559
5068.489258 0.000000 2879.995850 0.000000 0.550867 0.000000 0.834593 0.721118 0.721118 0.721118
5060.500000 0.000000 2827.318115 0.000000 0.607053 0.000000 0.794661 0.717454 0.717454 0.717454
5113.048340 0.000000 2825.710938 0.000000 0.106236 0.000000 -0.994341 0.952083 0.952083 0.952083
5102.648438 0.000000 2846.894531 0.000000 0.224671 0.000000 0.974435 0.679190 0.679190 0.679190
5045.792969 0.000000 2797.107178 0.000000 0.069852 0.000000 -0.997557 0.943886 0.943886 0.943886
5056.899414 0.000000 2837.885986 0.000000 0.997323 0.000000 -0.073119 0.807601 0.807601 0.807601
5109.066406 0.000000 2846.368164 0.000000 0.992172 0.000000 -0.124883 0.814504 0.814504 0.814504
5108.665527 0.000000 2840.049072 0.000000 0.638265 0.000000 -0.769817 0.891244 0.891244 0.891244
5075.604004 0.000000 2864.241943 0.000000 0.425753 0.000000 0.904839 0.673503 0.673503 0.673503
5119.376953 0.000000 2874.206787 0.000000 0.999650 0.000000 0.026447 0.796883 0.796883 0.796883
5118.360840 0.000000 2791.614746 0.000000 0.383684 0.000000 -0.923465 0.922240 0.922240 0.922240
5089.124023 0.000000 2803.608887 0.000000 0.967366 0.000000 0.253382 0.772883 0.772883 0.772883
5109.319336 0.000000 2830.937988 0.000000 0.774558 0.000000 -0.632503 0.876589 0.876589 0.876589
5045.573242 0.000000 2807.350342 0.000000 0.306259 0.000000 0.951948 0.649064 0.649064 0.649064
5067.119629 0.000000 2885.714111 0.000000 0.545801 0.000000 -0.837915 0.893256 0.893256 0.893256
5069.452148 0.000000 2824.606689 0.000000 0.977399 0.000000 0.211403 0.776176 0.776176 0.776176
5061.819824 0.000000 2855.924561 0.000000 0.662520 0.000000 -0.749044 0.884545 0.884545 0.884545
5106.211914 0.000000 2875.505127 0.000000 0.682853 0.000000 0.730556 0.723108 0.723108 0.723108
5117.887695 0.000000 2846.233398 0.000000 0.306451 0.000000 0.951887 0.631482 0.631482 0.631482
5060.106934 0.000000 2783.997314 0.000000 0.360127 0.000000 0.932903 0.679927 0.679927 0.679927
5092.049805 0.000000 2807.850098 0.000000 0.358242 0.000000 0.933629 0.648454 0.648454 0.648454
5090.192383 0.000000 2837.032715 0.000000 0.638425 0.000000 0.769684 0.705270 0.705270 0.705270
5046.328125 0.000000 2849.235840 0.000000 0.800255 0.000000 -0.599660 0.868072 0.868072 0.868072
5055.160645 0.000000 2833.838867 0.000000 0.288998 0.000000 -0.957330 0.976068 0.976068 0.976068
5093.927734 0.000000 2845.318115 0.000000 0.222014 0.000000 -0.975043 0.950646 0.950646 0.950646
5106.823730 0.000000 2788.955811 0.000000 0.152930 0.000000 -0.988237 0.975498 0.975498 0.975498
5086.175293 0.000000 2829.133545 0.000000 0.789916 0.000000 0.613215 0.556091 0.556091 0.556091
5045.554688 0.000000 2862.502930 0.000000 0.594286 0.000000 -0.804254 0.915708 0.915708 0.915708
5119.269043 0.000000 2841.552490 0.000000 0.971963 0.000000 -0.235133 0.831288 0.831288 0.831288
5047.815430 0.000000 2781.594238 0.000000 0.970943 0.000000 -0.239309 0.829441 0.829441 0.829441
5062.517578 0.000000 2872.225586 0.000000 0.818925 0.000000 -0.573900 0.885458 0.885458 0.885458
5048.749512 0.000000 2786.989990 0.000000 0.996322 0.000000 0.085690 0.791090 0.791090 0.791090
5102.404785 0.000000 2838.368652 0.000000 0.995160 0.000000 0.098267 0.785257 0.785257 0.785257
5051.557129 0.000000 2825.410645 0.000000 0.548023 0.000000 0.836463 0.647628 0.647628 0.647628
5051.856445 0.000000 2805.758545 0.000000 0.312727 0.000000 -0.949843 0.995157 0.995157 0.995157
5116.768066 0.000000 2833.641357 0.000000 0.455949 0.000000 0.890006 0.661924 0.661924 0.661924
5103.075684 0.000000 2787.342285 0.000000 0.271754 0.000000 -0.962367 0.973368 0.973368 0.973368
5115.525879 0.000000 2845.320557 0.000000 0.954429 0.000000 0.298437 0.751578 0.751578 0.751578
5124.697266 0.000000 2871.091797 0.000000 0.723651 0.000000 -0.690167 0.895844 0.895844 0.895844
5045.560059 0.000000 2852.362549 0.000000 0.086408 0.000000 -0.996260 0.977868 0.977868 0.977868
5049.731934 0.000000 2800.262451 0.000000 0.865901 0.000000 0.500216 0.733040 0.733040 0.733040
5123.345215 0.000000 2875.698975 0.000000 0.099038 0.000000 0.995084 0.635409 0.635409 0.635409
5112.874023 0.000000 2871.428223 0.000000 0.570059 0.000000 0.821604 0.688305 0.688305 0.688305
5131.428223 0.000000 2879.246338 0.000000 0.971561 0.000000 -0.236791 0.836287 0.836287 0.836287
5091.826172 0.000000 2802.909180 0.000000 0.571158 0.000000 0.820840 0.688460 0.688460 0.688460
5054.530273 0.000000 2853.094971 0.000000 0.841468 0.000000 0.540308 0.709938 0.709938 0.709938
5107.523438 0.000000 2781.693604 0.000000 0.921962 0.000000 0.387281 0.752344 0.752344 0.752344
5107.026367 0.000000 2817.092041 0.000000 0.230395 0.000000 -0.973097 1.011161 1.011161 1.011161
5053.226562 0.000000 2871.614746 0.000000 0.960317 0.000000 0.278911 0.762176 0.762176 0.762176
5109.975098 0.000000 2860.325439 0.000000 0.570854 0.000000 -0.821052 1.153987 1.153987 1.153987
5045.608887 0.000000 2834.475098 0.000000 0.259493 0.000000 -0.965745 0.969844 0.969844 0.969844
5070.808105 0.000000 2827.220947 0.000000 0.843783 0.000000 -0.536684 0.872412 0.872412 0.872412
5096.913086 0.000000 2800.330811 0.000000 0.819768 0.000000 -0.572696 0.897432 0.897432 0.897432
5121.726562 0.000000 2871.289795 0.000000 0.985195 0.000000 -0.171440 0.830626 0.830626 0.830626
5090.433105 0.000000 2812.318604 0.000000 0.698227 0.000000 0.715876 0.675703 0.675703 0.675703
5113.458008 0.000000 2868.020020 0.000000 0.340727 0.000000 -0.940162 0.963670 0.963670 0.963670
5123.087891 0.000000 2804.858154 0.000000 0.813781 0.000000 -0.581171 0.910237 0.910237 0.910237
5088.051270 0.000000 2794.816895 0.000000 0.511106 0.000000 0.859518 0.638868 0.638868 0.638868
5066.605469 0.000000 2865.484863 0.000000 0.461357 0.000000 -0.887215 0.954747 0.954747 0.954747
5101.534180 0.000000 2831.048828 0.000000 0.968439 0.000000 -0.249252 0.844275 0.844275 0.844275
5107.015137 0.000000 2842.543701 0.000000 0.492833 0.000000 0.870124 0.622929 0.622929 0.622929
5065.457520 0.000000 2843.604736 0.000000 0.697833 0.000000 -0.716260 0.930762 0.930762 0.930762
5091.262207 0.000000 2853.811035 0.000000 0.967325 0.000000 0.253540 0.755971 0.755971 0.755971
5111.860840 0.000000 2843.008301 0.000000 0.971206 0.000000 -0.238242 0.837955 0.837955 0.837955
5117.100586 0.000000 2869.890137 0.000000 0.347829 0.000000 -0.937558 1.025779 1.025779 1.025779
5093.807617 0.000000 2796.131592 0.000000 0.100101 0.000000 0.994977 0.579725 0.579725 0.579725
5121.909668 0.000000 2880.145752 0.000000 0.996873 0.000000 0.079020 0.788783 0.788783 0.788783
5051.270020 0.000000 2867.781494 0.000000 0.999996 0.000000 0.002908 0.799448 0.799448 0.799448
5110.658691 0.000000 2838.871826 0.000000 0.699747 0.000000 0.714391 0.677623 0.677623 0.677623
5061.623047 0.000000 2831.630127 0.000000 0.155529 0.000000 -0.987831 1.065584 1.065584 1.065584
5054.016113 0.000000 2860.787109 0.000000 0.444103 0.000000 0.895976 0.655818 0.655818 0.655818
5072.450684 0.000000 2856.010010 0.000000 0.828995 0.000000 -0.559256 0.912607 0.912607 0.912607
5127.475586 0.000000 2852.338623 0.000000 0.559778 0.000000 -0.828643 0.940448 0.940448 0.940448
5077.302246 0.000000 2828.708008 0.000000 0.394939 0.000000 0.918707 0.611564 0.611564 0.611564
5109.205078 0.000000 2792.430908 0.000000 0.794641 0.000000 0.607080 0.676219 0.676219 0.676219
5104.621582 0.000000 2868.924316 0.000000 0.745060 0.000000 -0.666997 0.922499 0.922499 0.922499
5084.569336 0.000000 2824.385010 0.000000 0.862165 0.000000 0.506627 0.589908 0.589908 0.589908
5108.264160 0.000000 2823.295654 0.000000 0.849022 0.000000 0.528357 0.694380 0.694380 0.694380
5048.336914 0.000000 2871.656494 0.000000 0.608877 0.000000 0.793265 0.646299 0.646299 0.646299
5104.713867 0.000000 2809.782471 0.000000 0.821001 0.000000 -0.570927 0.915291 0.915291 0.915291
5045.580078 0.000000 2840.839355 0.000000 0.330106 0.000000 0.943944 0.565791 0.565791 0.565791
5118.881836 0.000000 2800.102295 0.000000 0.990700 0.000000 0.136061 0.781191 0.781191 0.781191
5064.288086 0.000000 2879.827393 0.000000 0.027034 0.000000 0.999635 0.507091 0.507091 0.507091
5127.661621 0.000000 2876.099365 0.000000 0.999006 0.000000 -0.044568 0.806678 0.806678 0.806678
5073.657227 0.000000 2823.148193 0.000000 0.801798 0.000000 0.597595 0.678473 0.678473 0.678473
5125.618164 0.000000 2869.072754 0.000000 0.831610 0.000000 0.555361 0.689459 0.689459 0.689459
5056.905762 0.000000 2854.695312 0.000000 0.221266 0.000000 0.975214 0.544294 0.544294 0.544294
5059.541016 0.000000 2835.844238 0.000000 0.990026 0.000000 -0.140881 0.826820 0.826820 0.826820
5047.934082 0.000000 2862.200195 0.000000 0.636485 0.000000 0.771289 0.646941 0.646941 0.646941
5066.423828 0.000000 2839.215820 0.000000 0.899980 0.000000 0.435930 0.738739 0.738739 0.738739
5092.328125 0.000000 2850.779297 0.000000 0.384591 0.000000 -0.923087 0.978510 0.978510 0.978510
5066.755859 0.000000 2881.403076 0.000000 0.995178 0.000000 -0.098087 0.814128 0.814128 0.814128
5084.693359 0.000000 2793.596191 0.000000 0.265379 0.000000 -0.964144 0.984657 0.984657 0.984657
5062.579590 0.000000 2837.048340 0.000000 0.541506 0.000000 -0.840697 0.985477 0.985477 0.985477
5047.414551 0.000000 2788.720215 0.000000 0.590683 0.000000 -0.806903 0.966892 0.966892 0.966892
5104.760254 0.000000 2792.886475 0.000000 0.457261 0.000000 -0.889333 1.007930 1.007930 1.007930
5073.655762 0.000000 2859.966309 0.000000 0.494082 0.000000 -0.869416 0.999987 0.999987 0.999987
5054.369629 0.000000 2816.742432 0.000000 0.185159 0.000000 0.982709 0.609194 0.609194 0.609194
5125.473633 0.000000 2787.747070 0.000000 0.321762 0.000000 0.946821 0.564117 0.564117 0.564117
5091.264648 0.000000 2843.075195 0.000000 0.238365 0.000000 0.971176 0.558253 0.558253 0.558253
5056.536621 0.000000 2824.947266 0.000000 0.946728 0.000000 -0.322035 0.848459 0.848459 0.848459
5047.756836 0.000000 2844.586670 0.000000 0.595145 0.000000 -0.803618 0.977092 0.977092 0.977092
5131.743164 0.000000 2785.228271 0.000000 0.068620 0.000000 -0.997643 1.100010 1.100010 1.100010
5047.969238 0.000000 2841.905762 0.000000 0.458411 0.000000 0.888740 0.646969 0.646969 0.646969
5091.856934 0.000000 2829.606201 0.000000 0.241026 0.000000 0.970519 0.296295 0.296295 0.296295
5078.219727 0.000000 2803.311035 0.000000 0.575979 0.000000 -0.817464 0.939528 0.939528 0.939528
5070.760254 0.000000 2820.223145 0.000000 0.995368 0.000000 0.096136 0.781731 0.781731 0.781731
5077.838867 0.000000 2824.642822 0.000000 0.232141 0.000000 -0.972682 1.058926 1.058926 1.058926
5080.597656 0.000000 2827.587646 0.000000 0.560638 0.000000 -0.828061 1.178026 1.178026 1.178026
5089.818848 0.000000 2799.138184 0.000000 0.237851 0.000000 0.971302 0.552842 0.552842 0.552842
5080.799316 0.000000 2795.891846 0.000000 0.372308 0.000000 -0.928109 1.051784 1.051784 1.051784
5098.980957 0.000000 2810.797119 0.000000 0.549659 0.000000 0.835389 0.653854 0.653854 0.653854
5072.913574 0.000000 2827.753174 0.000000 0.256397 0.000000 0.966572 0.556397 0.556397 0.556397
5049.769531 0.000000 2804.944092 0.000000 0.916103 0.000000 -0.400943 0.878276 0.878276 0.878276
5047.164062 0.000000 2785.140137 0.000000 0.036468 0.000000 0.999335 0.554848 0.554848 0.554848
5110.109863 0.000000 2841.594971 0.000000 0.998805 0.000000 -0.048881 0.808009 0.808009 0.808009
5115.685059 0.000000 2865.956055 0.000000 0.725715 0.000000 0.687995 0.646950 0.646950 0.646950
5093.451172 0.000000 2833.258545 0.000000 0.231206 0.000000 -0.972905 1.235416 1.235416 1.235416
5058.261230 0.000000 2827.612061 0.000000 0.848651 0.000000 0.528953 0.696473 0.696473 0.696473
5052.650391 0.000000 2847.217041 0.000000 0.539362 0.000000 -0.842074 0.981952 0.981952 0.981952
5047.783691 0.000000 2812.940430 0.000000 0.059071 0.000000 0.998254 0.561483 0.561483 0.561483
5110.059082 0.000000 2827.811523 0.000000 0.455856 0.000000 0.890054 0.591770 0.591770 0.591770
5130.200684 0.000000 2781.760498 0.000000 0.800330 0.000000 -0.599560 0.995187 0.995187 0.995187
5054.216797 0.000000 2851.010254 0.000000 0.791050 0.000000 0.611751 0.675101 0.675101 0.675101
5109.502930 0.000000 2866.363770 0.000000 0.214423 0.000000 0.976741 0.548375 0.548375 0.548375
5089.050781 0.000000 2833.119873 0.000000 0.625452 0.000000 0.780263 0.649833 0.649833 0.649833
5045.669922 0.000000 2858.276123 0.000000 0.848953 0.000000 0.528468 0.694355 0.694355 0.694355
5124.552246 0.000000 2849.128418 0.000000 0.956598 0.000000 -0.291412 0.856106 0.856106 0.856106
5097.428223 0.000000 2834.913086 0.000000 0.328124 0.000000 0.944634 0.333256 0.333256 0.333256
5121.387207 0.000000 2803.376465 0.000000 0.409240 0.000000 0.912427 0.581958 0.581958 0.581958
5100.899414 0.000000 2806.176025 0.000000 0.636103 0.000000 0.771604 0.632773 0.632773 0.632773
5088.209473 0.000000 2842.843262 0.000000 0.821076 0.000000 -0.570818 0.915266 0.915266 0.915266
5131.720703 0.000000 2866.921387 0.000000 0.487013 0.000000 0.873395 0.598474 0.598474 0.598474
5129.142090 0.000000 2845.544189 0.000000 0.845053 0.000000 0.534682 0.698597 0.698597 0.698597
5108.731445 0.000000 2788.002686 0.000000 0.117614 0.000000 -0.993059 1.035046 1.035046 1.035046
5067.484863 0.000000 2817.459717 0.000000 0.641051 0.000000 -0.767498 0.966007 0.966007 0.966007
5093.582031 0.000000 2799.508545 0.000000 0.997756 0.000000 0.066953 0.787287 0.787287 0.787287
5081.830566 0.000000 2823.308838 0.000000 1.000000 0.000000 -0.000504 0.800111 0.800111 0.800111
5107.871582 0.000000 2856.342041 0.000000 0.999075 0.000000 0.042994 0.791668 0.791668 0.791668
5052.397949 0.000000 2849.683105 0.000000 0.079294 0.000000 -0.996851 1.082978 1.082978 1.082978
5059.136230 0.000000 2833.800293 0.000000 0.994707 0.000000 -0.102753 0.823848 0.823848 0.823848
5076.418945 0.000000 2826.583740 0.000000 0.902629 0.000000 -0.430420 0.898644 0.898644 0.898644
5094.266113 0.000000 2840.080811 0.000000 0.618135 0.000000 -0.786072 0.948121 0.948121 0.948121
5110.996582 0.000000 2791.383545 0.000000 0.378383 0.000000 -0.925649 1.024412 1.024412 1.024412
5070.805176 0.000000 2848.191895 0.000000 0.714408 0.000000 0.699730 0.538405 0.538405 0.538405
5045.677246 0.000000 2845.210449 0.000000 0.416790 0.000000 -0.909003 1.016469 1.016469 1.016469
5111.315918 0.000000 2830.542969 0.000000 0.667041 0.000000 -0.745021 0.956129 0.956129 0.956129
5117.258789 0.000000 2841.404297 0.000000 0.939574 0.000000 -0.342346 0.872577 0.872577 0.872577
5091.389648 0.000000 2847.292480 0.000000 0.714540 0.000000 0.699594 0.652986 0.652986 0.652986
5104.082031 0.000000 2845.290771 0.000000 0.337058 0.000000 -0.941484 1.032809 1.032809 1.032809
5129.358398 0.000000 2853.528564 0.000000 0.695246 0.000000 0.718771 0.649426 0.649426 0.649426
5107.486816 0.000000 2844.702881 0.000000 0.922160 0.000000 0.386809 0.724642 0.724642 0.724642
5095.504883 0.000000 2808.887451 0.000000 0.504717 0.000000 -0.863285 1.020544 1.020544 1.020544
5120.389160 0.000000 2792.221680 0.000000 0.552574 0.000000 0.833464 0.601235 0.601235 0.601235
5109.816406 0.000000 2862.409180 0.000000 0.920510 0.000000 -0.390719 0.940300 0.940300 0.940300
5067.225098 0.000000 2873.123047 0.000000 0.234423 0.000000 -0.972135 1.029161 1.029161 1.029161
5068.010742 0.000000 2866.879639 0.000000 0.996573 0.000000 -0.082717 0.815712 0.815712 0.815712
5058.526855 0.000000 2853.508789 0.000000 0.810859 0.000000 0.585241 0.693867 0.693867 0.693867
5127.291992 0.000000 2846.610840 0.000000 0.349500 0.000000 -0.936936 1.018175 1.018175 1.018175
5089.542969 0.000000 2846.479980 0.000000 0.898649 0.000000 -0.438668 0.886163 0.886163 0.886163
5106.610352 0.000000 2810.617432 0.000000 0.515130 0.000000 0.857112 0.604639 0.604639 0.604639
5125.318848 0.000000 2879.007080 0.000000 0.364221 0.000000 0.931313 0.572694 0.572694 0.572694
5120.305664 0.000000 2878.501953 0.000000 0.998466 0.000000 0.055368 0.789489 0.789489 0.789489
5054.193359 0.000000 2826.911865 0.000000 0.136373 0.000000 0.990658 0.519325 0.519325 0.519325
5050.190918 0.000000 2821.300293 0.000000 0.086476 0.000000 0.996254 0.536175 0.536175 0.536175
5062.783203 0.000000 2881.507568 0.000000 0.826341 0.000000 -0.563171 0.906336 0.906336 0.906336
5122.162109 0.000000 2789.932129 0.000000 0.766104 0.000000 0.642717 0.657797 0.657797 0.657797
5119.137207 0.000000 2867.883057 0.000000 0.665701 0.000000 0.746218 0.645219 0.645219 0.645219
5129.550781 0.000000 2879.750977 0.000000 0.918197 0.000000 0.396123 0.722722 0.722722 0.722722
5094.375000 0.000000 2836.563477 0.000000 0.982795 0.000000 0.184697 0.736185 0.736185 0.736185
5083.616699 0.000000 2799.578369 0.000000 0.743273 0.000000 -0.668988 0.937585 0.937585 0.937585
5121.731934 0.000000 2844.936035 0.000000 0.930893 0.000000 -0.365292 0.870205 0.870205 0.870205
5092.321777 0.000000 2811.702148 0.000000 0.771089 0.000000 -0.636727 0.933723 0.933723 0.933723
5051.562500 0.000000 2870.423828 0.000000 0.063221 0.000000 -0.998000 1.080014 1.080014 1.080014
5088.285645 0.000000 2809.181641 0.000000 0.986672 0.000000 0.162720 0.768988 0.768988 0.768988
5048.813477 0.000000 2806.795898 0.000000 0.108675 0.000000 0.994077 0.522621 0.522621 0.522621
5062.518066 0.000000 2885.504639 0.000000 0.905448 0.000000 0.424457 0.716826 0.716826 0.716826
5131.388184 0.000000 2852.327148 0.000000 0.096588 0.000000 -0.995324 1.097349 1.097349 1.097349
5079.677734 0.000000 2825.167236 0.000000 0.793328 0.000000 0.608794 0.620904 0.620904 0.620904
5097.440918 0.000000 2829.903076 0.000000 0.960286 0.000000 -0.279017 0.854217 0.854217 0.854217
5086.354980 0.000000 2825.316406 0.000000 0.969381 0.000000 -0.245563 0.874823 0.874823 0.874823
5128.547852 0.000000 2849.678711 0.000000 0.182362 0.000000 0.983231 0.484108 0.484108 0.484108
5086.795410 0.000000 2827.331543 0.000000 0.137133 0.000000 0.990553 0.198875 0.198875 0.198875
5114.464355 0.000000 2864.085449 0.000000 0.986713 0.000000 -0.162473 0.832920 0.832920 0.832920
5127.657715 0.000000 2837.185547 0.000000 0.349787 0.000000 0.936829 0.569762 0.569762 0.569762
5070.795410 0.000000 2846.249023 0.000000 0.981597 0.000000 0.190963 0.736297 0.736297 0.736297
5079.139160 0.000000 2828.966309 0.000000 0.788489 0.000000 0.615049 0.663724 0.663724 0.663724
5123.992188 0.000000 2790.012939 0.000000 0.983147 0.000000 -0.182819 0.844431 0.844431 0.844431
5059.782715 0.000000 2832.130859 0.000000 0.884671 0.000000 -0.466215 0.912366 0.912366 0.912366
5106.083984 0.000000 2862.512695 0.000000 0.287961 0.000000 0.957642 0.434797 0.434797 0.434797
5099.153320 0.000000 2837.947510 0.000000 0.133340 0.000000 -0.991070 1.201821 1.201821 1.201821
5084.396973 0.000000 2828.956787 0.000000 0.316273 0.000000 -0.948668 1.291426 1.291426 1.291426
5099.046387 0.000000 2835.583740 0.000000 0.909588 0.000000 0.415512 0.669914 0.669914 0.669914
5100.347656 0.000000 2832.367188 0.000000 0.859763 0.000000 0.510693 0.683315 0.683315 0.683315
5113.900391 0.000000 2841.049072 0.000000 0.901377 0.000000 0.433034 0.686401 0.686401 0.686401
5098.283691 0.000000 2832.139160 0.000000 0.977501 0.000000 -0.210933 0.861973 0.861973 0.861973
5096.090332 0.000000 2836.154053 0.000000 0.243996 0.000000 -0.969776 1.249644 1.249644 1.249644
5083.233398 0.000000 2826.575684 0.000000 0.836587 0.000000 0.547835 0.534830 0.534830 0.534830
5071.532715 0.000000 2844.462646 0.000000 0.996871 0.000000 0.079044 0.779930 0.779930 0.779930
5108.484863 0.000000 2864.945801 0.000000 0.288363 0.000000 -0.957521 1.175295 1.175295 1.175295
5091.688965 0.000000 2832.881348 0.000000 0.991548 0.000000 -0.129741 0.831962 0.831962 0.831962
5093.531250 0.000000 2829.459961 0.000000 0.278754 0.000000 0.960363 0.347145 0.347145 0.347145
5131.856934 0.000000 2848.315186 0.000000 0.132222 0.000000 -0.991220 1.156178 1.156178 1.156178
5069.234375 0.000000 2848.691650 0.000000 0.858160 0.000000 0.513382 0.664329 0.664329 0.664329
5094.972656 0.000000 2832.621582 0.000000 0.470503 0.000000 -0.882399 1.201553 1.201553 1.201553
5134.614746 0.000000 2839.792480 0.000000 0.548219 0.000000 0.836335 0.784173 0.784173 0.784173
5134.085938 0.000000 2860.178223 0.000000 0.490777 0.000000 0.871285 0.770422 0.770422 0.770422
5164.828125 0.000000 2857.326904 0.000000 0.440427 0.000000 0.897788 0.762152 0.762152 0.762152
5141.730469 0.000000 2855.626709 0.000000 0.542573 0.000000 0.840008 0.752196 0.752196 0.752196
5153.713379 0.000000 2860.470947 0.000000 0.949539 0.000000 0.313648 0.784708 0.784708 0.784708
5136.696777 0.000000 2886.771240 0.000000 0.957997 0.000000 -0.286777 0.814523 0.814523 0.814523
5150.131836 0.000000 2850.455811 0.000000 0.234320 0.000000 0.972160 0.693405 0.693405 0.693405
5179.455566 0.000000 2873.795166 0.000000 0.398894 0.000000 0.916997 0.674841 0.674841 0.674841
5157.616211 0.000000 2857.375977 0.000000 0.743066 0.000000 0.669219 0.710678 0.710678 0.710678
5154.111816 0.000000 2885.714111 0.000000 0.495168 0.000000 -0.868797 1.216321 1.216321 1.216321
5147.099121 0.000000 2783.997314 0.000000 0.978062 0.000000 0.208313 0.774434 0.774434 0.774434
5179.424316 0.000000 2878.785400 0.000000 0.730685 0.000000 -0.682714 0.899057 0.899057 0.899057
5132.546875 0.000000 2862.502930 0.000000 0.468167 0.000000 0.883640 0.685299 0.685299 0.685299
5165.149414 0.000000 2875.590332 0.000000 0.537575 0.000000 -0.843216 0.956289 0.956289 0.956289
5157.987793 0.000000 2863.616455 0.000000 0.993885 0.000000 -0.110423 0.817679 0.817679 0.817679
5155.737305 0.000000 2859.008789 0.000000 0.948589 0.000000 -0.316512 0.840522 0.840522 0.840522
5149.875000 0.000000 2883.636230 0.000000 0.776936 0.000000 0.629579 0.691189 0.691189 0.691189
5164.075195 0.000000 2870.718994 0.000000 0.616846 0.000000 0.787084 0.646181 0.646181 0.646181
5163.239746 0.000000 2884.474854 0.000000 0.966549 0.000000 -0.256483 0.893248 0.893248 0.893248
5142.337402 0.000000 2870.264648 0.000000 0.765718 0.000000 0.643177 0.541860 0.541860 0.541860
5172.247070 0.000000 2884.920654 0.000000 0.943605 0.000000 0.331074 0.740018 0.740018 0.740018
5148.475098 0.000000 2869.947510 0.000000 0.703925 0.000000 -0.710275 0.912009 0.912009 0.912009
5175.072754 0.000000 2877.297363 0.000000 0.993618 0.000000 0.112795 0.779907 0.779907 0.779907
5163.130371 0.000000 2859.010498 0.000000 0.853754 0.000000 0.520677 0.721248 0.721248 0.721248
5164.757324 0.000000 2863.104980 0.000000 0.863615 0.000000 -0.504152 0.883372 0.883372 0.883372
5166.702148 0.000000 2877.489502 0.000000 0.534472 0.000000 0.845186 0.631072 0.631072 0.631072
5174.183105 0.000000 2872.913086 0.000000 0.084437 0.000000 0.996429 0.580338 0.580338 0.580338
5167.014160 0.000000 2873.382324 0.000000 0.716785 0.000000 0.697295 0.675171 0.675171 0.675171
5143.073730 0.000000 2888.403809 0.000000 0.608869 0.000000 0.793271 0.666425 0.666425 0.666425
5152.671387 0.000000 2854.154297 0.000000 0.958422 0.000000 0.285356 0.745094 0.745094 0.745094
5160.647949 0.000000 2859.966309 0.000000 0.999482 0.000000 -0.032184 0.805336 0.805336 0.805336
5135.501953 0.000000 2848.382568 0.000000 0.791055 0.000000 -0.611745 0.890715 0.890715 0.890715
5153.088379 0.000000 2883.791260 0.000000 0.728287 0.000000 -0.685272 1.051814 1.051814 1.051814
5147.575195 0.000000 2853.952148 0.000000 0.882085 0.000000 -0.471090 0.891112 0.891112 0.891112
5152.749023 0.000000 2784.528076 0.000000 0.507723 0.000000 -0.861520 0.996996 0.996996 0.996996
5154.933594 0.000000 2785.298828 0.000000 0.822781 0.000000 -0.568359 0.892966 0.892966 0.892966
5146.344238 0.000000 2885.701416 0.000000 0.932371 0.000000 0.361504 0.739423 0.739423 0.739423
5181.530273 0.000000 2874.330811 0.000000 0.517551 0.000000 -0.855652 0.957910 0.957910 0.957910
5155.529297 0.000000 2854.670410 0.000000 0.191438 0.000000 -0.981505 1.017450 1.017450 1.017450
5155.164551 0.000000 2877.638672 0.000000 0.584048 0.000000 0.811719 0.643000 0.643000 0.643000
5134.156250 0.000000 2785.140137 0.000000 0.900193 0.000000 -0.435492 0.872894 0.872894 0.872894
5169.862793 0.000000 2876.102295 0.000000 0.425599 0.000000 -0.904912 0.978479 0.978479 0.978479
5182.908691 0.000000 2876.152832 0.000000 0.723489 0.000000 0.690336 0.655429 0.655429 0.655429
5151.409668 0.000000 2787.730225 0.000000 0.135075 0.000000 0.990835 0.527668 0.527668 0.527668
5132.669434 0.000000 2845.210449 0.000000 0.983946 0.000000 0.178467 0.767389 0.767389 0.767389
5152.279785 0.000000 2782.278809 0.000000 0.443594 0.000000 -0.896228 1.010835 1.010835 1.010835
5140.446777 0.000000 2867.191406 0.000000 0.642938 0.000000 0.765918 0.489830 0.489830 0.489830
5174.136230 0.000000 2888.074951 0.000000 0.591981 0.000000 0.805952 0.609058 0.609058 0.609058
5155.002930 0.000000 2866.879639 0.000000 0.074611 0.000000 -0.997213 1.056977 1.056977 1.056977
5145.519043 0.000000 2853.508789 0.000000 0.997490 0.000000 -0.070809 0.813446 0.813446 0.813446
5158.423828 0.000000 2884.416748 0.000000 0.650526 0.000000 0.759484 0.515762 0.515762 0.515762
5142.236328 0.000000 2868.148682 0.000000 0.366865 0.000000 -0.930274 1.356175 1.356175 1.356175
5145.669922 0.000000 2867.151367 0.000000 0.393990 0.000000 -0.919115 1.184192 1.184192 1.184192
5143.255371 0.000000 2790.677490 0.000000 0.999108 0.000000 -0.042217 0.807844 0.807844 0.807844
5177.600098 0.000000 2888.529297 0.000000 0.409397 0.000000 -0.912356 1.061611 1.061611 1.061611
5140.915039 0.000000 2864.667725 0.000000 0.395195 0.000000 0.918597 0.572070 0.572070 0.572070
5175.989258 0.000000 2887.300049 0.000000 0.371848 0.000000 -0.928294 1.028126 1.028126 1.028126
5165.418945 0.000000 2887.811035 0.000000 0.784945 0.000000 -0.619566 0.989504 0.989504 0.989504
5161.142578 0.000000 2887.855225 0.000000 0.659457 0.000000 0.751742 0.596114 0.596114 0.596114
5138.554688 0.000000 2870.423828 0.000000 0.811367 0.000000 0.584537 0.674064 0.674064 0.674064
5149.510254 0.000000 2885.504639 0.000000 0.853520 0.000000 0.521060 0.658787 0.658787 0.658787
5156.575195 0.000000 2881.552734 0.000000 0.937439 0.000000 0.348149 0.714775 0.714775 0.714775
5150.103027 0.000000 2887.603271 0.000000 0.672528 0.000000 -0.740071 1.117834 1.117834 1.117834
5145.940918 0.000000 2788.464111 0.000000 0.248293 0.000000 0.968685 0.549569 0.549569 0.549569
5153.791016 0.000000 2887.594238 0.000000 0.366291 0.000000 0.930500 0.334291 0.334291 0.334291
5167.604492 0.000000 2885.948730 0.000000 0.792707 0.000000 -0.609603 1.002943 1.002943 1.002943
5156.011719 0.000000 2871.237793 0.000000 0.944091 0.000000 -0.329683 0.865759 0.865759 0.865759
5165.029785 0.000000 2884.031982 0.000000 0.554534 0.000000 0.832161 0.448574 0.448574 0.448574
5150.209961 0.000000 2878.385742 0.000000 0.825987 0.000000 -0.563690 0.921996 0.921996 0.921996
5168.851562 0.000000 2882.423340 0.000000 0.989951 0.000000 -0.141409 0.829188 0.829188 0.829188
5169.616211 0.000000 2887.856445 0.000000 0.996452 0.000000 -0.084167 0.818513 0.818513 0.818513
5143.947266 0.000000 2866.621338 0.000000 0.355103 0.000000 -0.934827 1.270381 1.270381 1.270381
5162.412598 0.000000 2881.778809 0.000000 0.554628 0.000000 0.832098 0.568361 0.568361 0.568361
5154.492188 0.000000 2868.963867 0.000000 0.591082 0.000000 -0.806611 1.002414 1.002414 1.002414
5137.661133 0.000000 2783.413330 0.000000 0.663445 0.000000 -0.748225 0.978974 0.978974 0.978974
5151.803711 0.000000 2874.531494 0.000000 0.447757 0.000000 0.894155 0.466286 0.466286 0.466286
5161.772949 0.000000 2885.455566 0.000000 0.972688 0.000000 -0.232116 0.883279 0.883279 0.883279
5153.127441 0.000000 2876.683350 0.000000 0.092982 0.000000 -0.995668 1.163007 1.163007 1.163007
5156.752441 0.000000 2883.958984 0.000000 0.593127 0.000000 0.805109 0.489724 0.489724 0.489724
5151.457520 0.000000 2884.430908 0.000000 0.994845 0.000000 -0.101405 0.835098 0.835098 0.835098
5160.051758 0.000000 2881.802246 0.000000 0.404291 0.000000 0.914631 0.523280 0.523280 0.523280
5155.437500 0.000000 2886.764893 0.000000 0.995620 0.000000 0.093492 0.764283 0.764283 0.764283
5169.635742 0.000000 2884.538574 0.000000 0.697580 0.000000 0.716507 0.598985 0.598985 0.598985
5156.965332 0.000000 2887.783203 0.000000 0.769462 0.000000 -0.638692 1.011703 1.011703 1.011703
5093.354492 0.000000 2938.143555 0.000000 0.865342 0.000000 -0.501182 0.810485 0.810485 0.810485
5063.773438 0.000000 2890.702637 0.000000 0.177121 0.000000 0.984189 0.769402 0.769402 0.769402
5093.498047 0.000000 2934.717529 0.000000 0.996754 0.000000 -0.080513 0.805473 0.805473 0.805473
5115.526367 0.000000 2947.160889 0.000000 0.928546 0.000000 -0.371218 0.827345 0.827345 0.827345
5061.489258 0.000000 2888.671875 0.000000 0.401695 0.000000 0.915774 0.707534 0.707534 0.707534
5096.438965 0.000000 2938.858643 0.000000 0.985230 0.000000 0.171237 0.781784 0.781784 0.781784
5118.775879 0.000000 2956.749268 0.000000 0.751292 0.000000 -0.659970 0.864781 0.864781 0.864781
5095.352539 0.000000 2936.720703 0.000000 0.746639 0.000000 0.665230 0.709877 0.709877 0.709877
5101.534180 0.000000 2938.033203 0.000000 0.251835 0.000000 0.967770 0.610726 0.610726 0.610726
5115.003906 0.000000 2962.708496 0.000000 0.969074 0.000000 -0.246770 0.833366 0.833366 0.833366
5127.475586 0.000000 2959.322998 0.000000 0.918028 0.000000 -0.396516 0.868402 0.868402 0.868402
5129.562012 0.000000 2962.920166 0.000000 0.888841 0.000000 -0.458215 0.863694 0.863694 0.863694
5103.928711 0.000000 2936.634033 0.000000 0.891482 0.000000 -0.453056 0.864797 0.864797 0.864797
5129.412109 0.000000 2915.911377 0.000000 0.584525 0.000000 -0.811376 0.968245 0.968245 0.968245
5114.511719 0.000000 2957.012939 0.000000 0.669354 0.000000 -0.742943 0.958897 0.958897 0.958897
5129.358398 0.000000 2960.512939 0.000000 0.737037 0.000000 0.675852 0.659192 0.659192 0.659192
5098.866211 0.000000 2935.346924 0.000000 0.385572 0.000000 -0.922678 1.022936 1.022936 1.022936
5131.388184 0.000000 2959.311523 0.000000 0.420585 0.000000 -0.907253 1.011135 1.011135 1.011135
5159.708496 0.000000 2952.790283 0.000000 0.828737 0.000000 -0.559638 0.803559 0.803559 0.803559
5173.750977 0.000000 2940.404053 0.000000 0.772273 0.000000 0.635291 0.793126 0.793126 0.793126
5146.443848 0.000000 2893.614990 0.000000 0.139460 0.000000 -0.990228 0.845725 0.845725 0.845725
5161.729492 0.000000 2914.479492 0.000000 0.520853 0.000000 0.853646 0.750966 0.750966 0.750966
5190.860352 0.000000 2897.792236 0.000000 0.978194 0.000000 -0.207695 0.809193 0.809193 0.809193
5155.374023 0.000000 2943.762451 0.000000 0.464774 0.000000 -0.885430 0.871670 0.871670 0.871670
5167.073242 0.000000 2941.017822 0.000000 0.999531 0.000000 -0.030631 0.801897 0.801897 0.801897
5158.918457 0.000000 2894.673340 0.000000 0.996215 0.000000 -0.086928 0.806258 0.806258 0.806258
5152.911133 0.000000 2952.842773 0.000000 0.795698 0.000000 0.605694 0.754518 0.754518 0.754518
5152.300781 0.000000 2930.880615 0.000000 0.069257 0.000000 0.997599 0.710035 0.710035 0.710035
5185.557617 0.000000 2967.150879 0.000000 0.773467 0.000000 -0.633837 0.847989 0.847989 0.847989
5183.627441 0.000000 2976.177979 0.000000 0.615166 0.000000 0.788397 0.740142 0.740142 0.740142
5186.245117 0.000000 2937.480469 0.000000 0.068221 0.000000 -0.997670 0.911033 0.911033 0.911033
5158.289062 0.000000 2949.662109 0.000000 0.585118 0.000000 0.810948 0.735776 0.735776 0.735776
5171.617188 0.000000 2969.705322 0.000000 0.022651 0.000000 0.999743 0.673228 0.673228 0.673228
5165.183594 0.000000 2915.478027 0.000000 0.104583 0.000000 -0.994516 0.955184 0.955184 0.955184
5168.020996 0.000000 2973.625000 0.000000 0.793494 0.000000 0.608578 0.743811 0.743811 0.743811
5210.207520 0.000000 2973.045410 0.000000 0.469268 0.000000 -0.883056 0.910246 0.910246 0.910246
5142.308594 0.000000 2965.904297 0.000000 0.950895 0.000000 -0.309514 0.835824 0.835824 0.835824
5188.288086 0.000000 2896.400146 0.000000 0.575528 0.000000 -0.817782 0.897535 0.897535 0.897535
5207.043457 0.000000 2970.340576 0.000000 0.887093 0.000000 -0.461590 0.842163 0.842163 0.842163
5174.986328 0.000000 2964.858643 0.000000 0.999108 0.000000 0.042234 0.795106 0.795106 0.795106
5170.743652 0.000000 2961.189209 0.000000 0.063138 0.000000 -0.998005 0.995719 0.995719 0.995719
5147.099121 0.000000 2890.981689 0.000000 0.770125 0.000000 -0.637893 0.874607 0.874607 0.874607
5166.505859 0.000000 2951.540771 0.000000 0.986446 0.000000 0.164086 0.737451 0.737451 0.737451
5182.035645 0.000000 2890.129395 0.000000 0.285650 0.000000 0.958334 0.641361 0.641361 0.641361
5156.583008 0.000000 2908.860107 0.000000 0.292346 0.000000 0.956313 0.675309 0.675309 0.675309
5177.184570 0.000000 2944.017090 0.000000 0.577124 0.000000 -0.816657 0.916422 0.916422 0.916422
5152.566406 0.000000 2928.125000 0.000000 0.619787 0.000000 0.784770 0.679255 0.679255 0.679255
5186.441406 0.000000 2952.708252 0.000000 0.904040 0.000000 0.427448 0.743545 0.743545 0.743545
5134.981445 0.000000 2915.522217 0.000000 0.974528 0.000000 0.224265 0.773347 0.773347 0.773347
5174.602051 0.000000 2977.593262 0.000000 0.222687 0.000000 -0.974890 0.953258 0.953258 0.953258
5144.676758 0.000000 2891.720215 0.000000 0.911044 0.000000 -0.412310 0.847533 0.847533 0.847533
5203.465332 0.000000 2958.125977 0.000000 0.155767 0.000000 -0.987794 1.302828 1.302828 1.302828
5211.445312 0.000000 2962.250000 0.000000 0.916229 0.000000 0.400655 0.736604 0.736604 0.736604
5143.890137 0.000000 2964.009033 0.000000 0.983954 0.000000 0.178424 0.779578 0.779578 0.779578
5186.694824 0.000000 2976.100830 0.000000 0.537054 0.000000 0.843548 0.645620 0.645620 0.645620
5169.120605 0.000000 2939.329834 0.000000 0.900874 0.000000 0.434082 0.739018 0.739018 0.739018
5157.547852 0.000000 2903.893066 0.000000 0.938893 0.000000 -0.344210 0.842811 0.842811 0.842811
5157.711914 0.000000 2942.570312 0.000000 0.816816 0.000000 -0.576898 0.873689 0.873689 0.873689
5146.487305 0.000000 2923.947510 0.000000 0.995612 0.000000 -0.093579 0.815535 0.815535 0.815535
5157.800293 0.000000 2934.205322 0.000000 0.105823 0.000000 -0.994385 0.978456 0.978456 0.978456
5177.425293 0.000000 2919.302979 0.000000 0.524668 0.000000 -0.851307 0.946457 0.946457 0.946457
5170.609863 0.000000 2948.754150 0.000000 0.722566 0.000000 -0.691302 0.918909 0.918909 0.918909
5162.323242 0.000000 2889.777588 0.000000 0.376479 0.000000 -0.926425 0.979842 0.979842 0.979842
5169.826660 0.000000 2888.592773 0.000000 0.112682 0.000000 0.993631 0.599091 0.599091 0.599091
5183.630859 0.000000 2911.936523 0.000000 0.969086 0.000000 -0.246725 0.845808 0.845808 0.845808
5152.449707 0.000000 2950.589111 0.000000 0.982762 0.000000 0.184877 0.772518 0.772518 0.772518
5194.610352 0.000000 2955.110840 0.000000 0.877453 0.000000 0.479662 0.713073 0.713073 0.713073
5195.995117 0.000000 2957.492920 0.000000 0.849992 0.000000 -0.526795 0.879785 0.879785 0.879785
5209.427734 0.000000 2970.914062 0.000000 0.970262 0.000000 0.242058 0.761913 0.761913 0.761913
5176.022461 0.000000 2898.128418 0.000000 0.811823 0.000000 -0.583904 1.009216 1.009216 1.009216
5162.277344 0.000000 2903.660889 0.000000 0.823781 0.000000 -0.566908 0.879453 0.879453 0.879453
5164.294434 0.000000 2935.692383 0.000000 0.666731 0.000000 0.745298 0.668988 0.668988 0.668988
5166.768066 0.000000 2888.604736 0.000000 0.589918 0.000000 0.807463 0.644202 0.644202 0.644202
5178.589844 0.000000 2964.596924 0.000000 0.986312 0.000000 0.164890 0.774526 0.774526 0.774526
5172.232422 0.000000 2897.170166 0.000000 0.928003 0.000000 -0.372572 0.918951 0.918951 0.918951
5150.449219 0.000000 2924.407227 0.000000 0.952232 0.000000 -0.305375 0.858882 0.858882 0.858882
5160.649414 0.000000 2930.132568 0.000000 0.952897 0.000000 -0.303295 0.848005 0.848005 0.848005
5198.394531 0.000000 2953.455811 0.000000 0.042459 0.000000 0.999098 0.534439 0.534439 0.534439
5160.248535 0.000000 2937.051270 0.000000 0.328884 0.000000 -0.944370 1.034454 1.034454 1.034454
5143.897949 0.000000 2961.679688 0.000000 0.998619 0.000000 0.052543 0.792126 0.792126 0.792126
5146.533203 0.000000 2942.828613 0.000000 0.999995 0.000000 0.003134 0.799480 0.799480 0.799480
5153.416016 0.000000 2946.200195 0.000000 0.577339 0.000000 -0.816505 0.981262 0.981262 0.981262
5176.635254 0.000000 2946.332031 0.000000 0.850605 0.000000 -0.525806 0.880723 0.880723 0.880723
5149.571777 0.000000 2944.032715 0.000000 0.997826 0.000000 0.065902 0.787487 0.787487 0.787487
5185.184082 0.000000 2893.708984 0.000000 0.995710 0.000000 0.092524 0.782605 0.782605 0.782605
5158.584473 0.000000 2907.997070 0.000000 0.759728 0.000000 -0.650241 0.942799 0.942799 0.942799
5178.256836 0.000000 2950.059570 0.000000 0.688100 0.000000 -0.725616 0.915135 0.915135 0.915135
5162.328125 0.000000 2943.643066 0.000000 0.953957 0.000000 0.299943 0.738549 0.738549 0.738549
5186.543945 0.000000 2971.726318 0.000000 0.933830 0.000000 0.357716 0.730590 0.730590 0.730590
5165.211914 0.000000 2910.295410 0.000000 0.141521 0.000000 0.989935 0.528903 0.528903 0.528903
5152.749023 0.000000 2891.512451 0.000000 0.743013 0.000000 -0.669277 0.914227 0.914227 0.914227
5157.752441 0.000000 2927.207520 0.000000 0.448516 0.000000 -0.893775 1.009791 1.009791 1.009791
5164.831055 0.000000 2931.627197 0.000000 0.838295 0.000000 0.545216 0.687133 0.687133 0.687133
5167.589844 0.000000 2934.572021 0.000000 0.878616 0.000000 0.477530 0.709518 0.709518 0.709518
5176.811035 0.000000 2906.122559 0.000000 0.999554 0.000000 0.029874 0.793913 0.793913 0.793913
5163.804199 0.000000 2913.811279 0.000000 0.918722 0.000000 0.394906 0.735135 0.735135 0.735135
5159.905762 0.000000 2934.737549 0.000000 0.647578 0.000000 -0.761999 0.964388 0.964388 0.964388
5160.473633 0.000000 2896.191895 0.000000 0.945536 0.000000 -0.325517 0.861585 0.861585 0.861585
5171.412598 0.000000 2924.337158 0.000000 0.936499 0.000000 -0.350671 0.877283 0.877283 0.877283
5137.891602 0.000000 2916.970215 0.000000 0.183473 0.000000 0.983025 0.550815 0.550815 0.550815
5180.443359 0.000000 2940.242920 0.000000 0.944652 0.000000 0.328074 0.694518 0.694518 0.694518
5175.145020 0.000000 2961.881348 0.000000 0.800170 0.000000 0.599773 0.665111 0.665111 0.665111
5182.678711 0.000000 2949.628418 0.000000 0.015598 0.000000 0.999878 0.514239 0.514239 0.514239
5162.792969 0.000000 2939.546143 0.000000 0.986106 0.000000 -0.166115 0.833998 0.833998 0.833998
5134.775879 0.000000 2919.924805 0.000000 0.230697 0.000000 0.973026 0.546131 0.546131 0.546131
5160.080566 0.000000 2947.380371 0.000000 0.975599 0.000000 -0.219560 0.837138 0.837138 0.837138
5184.420410 0.000000 2941.897461 0.000000 0.656421 0.000000 0.754395 0.523449 0.523449 0.523449
5216.610352 0.000000 2970.228027 0.000000 0.841974 0.000000 0.539518 0.690737 0.690737 0.690737
5154.477051 0.000000 2924.444092 0.000000 0.653941 0.000000 -0.756546 0.945661 0.945661 0.945661
5201.503906 0.000000 2957.012939 0.000000 0.543994 0.000000 0.839089 0.493777 0.493777 0.493777
5171.130859 0.000000 2950.988281 0.000000 0.516012 0.000000 0.856581 0.598671 0.598671 0.598671
5134.461426 0.000000 2960.212402 0.000000 0.120121 0.000000 0.992759 0.524807 0.524807 0.524807
5158.606934 0.000000 2938.618652 0.000000 0.202734 0.000000 0.979234 0.521589 0.521589 0.521589
5177.407227 0.000000 2968.769043 0.000000 0.149561 0.000000 -0.988752 1.038343 1.038343 1.038343
5168.814941 0.000000 2952.589111 0.000000 0.934092 0.000000 0.357031 0.685521 0.685521 0.685521
5167.398438 0.000000 2911.616943 0.000000 0.048323 0.000000 0.998832 0.511133 0.511133 0.511133
5174.010254 0.000000 2890.646729 0.000000 0.718320 0.000000 -0.695713 0.941376 0.941376 0.941376
5180.574219 0.000000 2906.492920 0.000000 0.858566 0.000000 0.512704 0.682806 0.682806 0.682806
5168.822754 0.000000 2930.293213 0.000000 0.514021 0.000000 -0.857777 1.108852 1.108852 1.108852
5170.886230 0.000000 2916.814209 0.000000 0.812787 0.000000 0.582561 0.679523 0.679523 0.679523
5204.250977 0.000000 2948.388672 0.000000 0.925271 0.000000 -0.379308 0.873817 0.873817 0.873817
5163.560547 0.000000 2911.723877 0.000000 0.983928 0.000000 -0.178564 0.835856 0.835856 0.835856
5188.099609 0.000000 2949.007568 0.000000 0.996608 0.000000 -0.082290 0.815467 0.815467 0.815467
5161.625000 0.000000 2898.028076 0.000000 0.251995 0.000000 0.967728 0.550295 0.550295 0.550295
5216.350586 0.000000 2960.512939 0.000000 0.825528 0.000000 0.564362 0.686222 0.686222 0.686222
5152.279785 0.000000 2889.263184 0.000000 0.994479 0.000000 -0.104934 0.832125 0.832125 0.832125
5175.211914 0.000000 2923.395020 0.000000 0.878035 0.000000 -0.478597 0.901667 0.901667 0.901667
5200.873535 0.000000 2960.969482 0.000000 0.428610 0.000000 0.903489 0.606279 0.606279 0.606279
5210.700684 0.000000 2968.790039 0.000000 0.802051 0.000000 0.597255 0.665770 0.665770 0.665770
5207.608398 0.000000 2957.507812 0.000000 0.934595 0.000000 -0.355714 0.900963 0.900963 0.900963
5180.243652 0.000000 2913.102295 0.000000 0.316125 0.000000 -0.948717 1.086909 1.086909 1.086909
5187.561523 0.000000 2974.315674 0.000000 0.033779 0.000000 -0.999429 1.091629 1.091629 1.091629
5173.746582 0.000000 2894.685547 0.000000 0.858805 0.000000 0.512302 0.678611 0.678611 0.678611
5162.598145 0.000000 2907.719482 0.000000 0.302768 0.000000 -0.953064 1.014448 1.014448 1.014448
5150.238281 0.000000 2920.930908 0.000000 0.402999 0.000000 0.915200 0.587589 0.587589 0.587589
5172.414062 0.000000 2956.722656 0.000000 0.965832 0.000000 0.259168 0.749735 0.749735 0.749735
5162.442383 0.000000 2937.596191 0.000000 0.529740 0.000000 -0.848160 0.996154 0.996154 0.996154
5170.445801 0.000000 2896.164551 0.000000 0.562196 0.000000 0.827004 0.619131 0.619131 0.619131
5208.257324 0.000000 2963.653809 0.000000 0.877098 0.000000 -0.480312 0.896061 0.896061 0.896061
5205.110840 0.000000 2961.398682 0.000000 0.020021 0.000000 -0.999800 1.338924 1.338924 1.338924
5213.575684 0.000000 2969.985107 0.000000 0.968257 0.000000 0.249957 0.740965 0.740965 0.740965
5210.179199 0.000000 2966.574219 0.000000 0.276416 0.000000 -0.961038 1.057790 1.057790 1.057790
5167.584473 0.000000 2948.973145 0.000000 0.984303 0.000000 0.176489 0.732674 0.732674 0.732674
5181.367188 0.000000 2943.547852 0.000000 0.436242 0.000000 -0.899830 1.159942 1.159942 1.159942
5170.351562 0.000000 2977.687744 0.000000 0.396984 0.000000 0.917826 0.579417 0.579417 0.579417
5176.326172 0.000000 2960.317383 0.000000 0.597320 0.000000 0.802003 0.597400 0.597400 0.597400
5177.113770 0.000000 2908.986328 0.000000 0.960888 0.000000 0.276938 0.729385 0.729385 0.729385
5161.505859 0.000000 2905.547852 0.000000 0.950800 0.000000 0.309806 0.741493 0.741493 0.741493
5175.277832 0.000000 2916.166016 0.000000 0.152786 0.000000 -0.988259 1.210481 1.210481 1.210481
5218.380371 0.000000 2959.311523 0.000000 0.678242 0.000000 0.734839 0.643385 0.643385 0.643385
5166.669922 0.000000 2932.151611 0.000000 0.311745 0.000000 -0.950166 1.072944 1.072944 1.072944
5186.718262 0.000000 2895.249023 0.000000 0.424123 0.000000 -0.905605 1.014935 1.014935 1.014935
5161.327637 0.000000 2909.072998 0.000000 0.254629 0.000000 0.967039 0.516712 0.516712 0.516712
5214.776855 0.000000 2963.674805 0.000000 0.949898 0.000000 0.312561 0.736510 0.736510 0.736510
5201.915527 0.000000 2954.043457 0.000000 0.998959 0.000000 -0.045624 0.813217 0.813217 0.813217
5176.460449 0.000000 2893.003174 0.000000 0.792520 0.000000 -0.609846 0.976839 0.976839 0.976839
5205.649902 0.000000 2954.873047 0.000000 0.848756 0.000000 -0.528785 0.966920 0.966920 0.966920
5183.531738 0.000000 2897.073486 0.000000 0.760533 0.000000 0.649300 0.602408 0.602408 0.602408
5174.500000 0.000000 2927.045654 0.000000 0.995731 0.000000 0.092299 0.781355 0.781355 0.781355
5215.783203 0.000000 2966.995605 0.000000 0.288977 0.000000 0.957336 0.483583 0.483583 0.483583
5171.074707 0.000000 2912.942139 0.000000 0.320640 0.000000 -0.947201 1.070903 1.070903 1.070903
5176.592773 0.000000 2896.320068 0.000000 0.545663 0.000000 -0.838005 1.177053 1.177053 1.177053
5166.854004 0.000000 2955.925293 0.000000 0.999855 0.000000 0.017056 0.796048 0.796048 0.796048
5199.506836 0.000000 2956.597168 0.000000 0.936291 0.000000 0.351226 0.718288 0.718288 0.718288
5166.967773 0.000000 2953.260010 0.000000 0.990536 0.000000 -0.137251 0.848399 0.848399 0.848399
5175.460449 0.000000 2912.243652 0.000000 0.392330 0.000000 -0.919824 1.070517 1.070517 1.070517
5205.169434 0.000000 2958.365234 0.000000 0.985439 0.000000 -0.170032 0.864838 0.864838 0.864838
5185.275879 0.000000 2939.123535 0.000000 0.678049 0.000000 0.735017 0.592213 0.592213 0.592213
5178.955566 0.000000 2895.554199 0.000000 0.104031 0.000000 -0.994574 1.327239 1.327239 1.327239
5183.082520 0.000000 2943.138428 0.000000 0.998131 0.000000 -0.061117 0.824795 0.824795 0.824795
5172.195312 0.000000 2898.891602 0.000000 0.443302 0.000000 0.896372 0.482545 0.482545 0.482545
5179.846680 0.000000 2908.533691 0.000000 0.761868 0.000000 0.647732 0.566395 0.566395 0.566395
5213.675781 0.000000 2967.954102 0.000000 0.960015 0.000000 0.279949 0.729730 0.729730 0.729730
5150.151367 0.000000 2889.082520 0.000000 0.698676 0.000000 0.715438 0.561155 0.561155 0.561155
5170.049316 0.000000 2927.661377 0.000000 0.736441 0.000000 0.676501 0.624894 0.624894 0.624894
5207.321289 0.000000 2960.951904 0.000000 0.961346 0.000000 0.275345 0.709188 0.709188 0.709188
5185.961914 0.000000 2947.732666 0.000000 0.654592 0.000000 -0.755982 1.008857 1.008857 1.008857
5164.754395 0.000000 2947.279785 0.000000 0.978565 0.000000 0.205940 0.733302 0.733302 0.733302
5177.547852 0.000000 2898.746338 0.000000 0.991495 0.000000 0.130142 0.756208 0.756208 0.756208
5181.964844 0.000000 2939.605957 0.000000 0.982694 0.000000 0.185238 0.753486 0.753486 0.753486
5202.200195 0.000000 2959.327881 0.000000 0.029902 0.000000 0.999553 0.252201 0.252201 0.252201
5179.825684 0.000000 2896.909912 0.000000 0.488445 0.000000 -0.872595 1.202430 1.202430 1.202430
5181.310547 0.000000 2893.362793 0.000000 0.352578 0.000000 -0.935782 1.157805 1.157805 1.157805
5164.888672 0.000000 2950.976074 0.000000 0.780504 0.000000 0.625150 0.577451 0.577451 0.577451
5173.788086 0.000000 2898.200195 0.000000 0.998820 0.000000 0.048567 0.786124 0.786124 0.786124
5232.596191 0.000000 2662.163086 0.000000 0.406600 0.000000 0.913606 0.786194 0.786194 0.786194
5233.069336 0.000000 2641.669434 0.000000 0.226257 0.000000 0.974068 0.773186 0.773186 0.773186
5253.870117 0.000000 2602.713135 0.000000 0.860255 0.000000 0.509865 0.788246 0.788246 0.788246
5294.772949 0.000000 2591.407959 0.000000 0.586446 0.000000 0.809988 0.781143 0.781143 0.781143
5254.608887 0.000000 2616.280273 0.000000 0.476501 0.000000 -0.879174 0.827889 0.827889 0.827889
5268.685547 0.000000 2658.083740 0.000000 0.213787 0.000000 -0.976880 0.835190 0.835190 0.835190
5242.041504 0.000000 2608.064209 0.000000 0.394679 0.000000 0.918819 0.765096 0.765096 0.765096
5230.289551 0.000000 2583.265137 0.000000 0.598911 0.000000 0.800815 0.768469 0.768469 0.768469
5229.376465 0.000000 2587.927002 0.000000 0.543767 0.000000 0.839236 0.746297 0.746297 0.746297
5305.019531 0.000000 2586.511963 0.000000 0.187243 0.000000 0.982314 0.736495 0.736495 0.736495
5280.615234 0.000000 2636.242676 0.000000 0.617711 0.000000 -0.786405 0.834341 0.834341 0.834341
5248.721680 0.000000 2593.526367 0.000000 0.279616 0.000000 -0.960112 0.856568 0.856568 0.856568
5234.453613 0.000000 2623.858643 0.000000 0.985179 0.000000 -0.171532 0.808607 0.808607 0.808607
5287.518555 0.000000 2659.969238 0.000000 0.963421 0.000000 -0.267992 0.815714 0.815714 0.815714
5224.504883 0.000000 2593.942627 0.000000 0.364493 0.000000 -0.931206 0.869371 0.869371 0.869371
5283.746582 0.000000 2638.861084 0.000000 0.974550 0.000000 -0.224172 0.811741 0.811741 0.811741
5250.422363 0.000000 2624.707520 0.000000 0.503747 0.000000 0.863851 0.743763 0.743763 0.743763
5243.036621 0.000000 2632.992188 0.000000 0.387547 0.000000 0.921850 0.720358 0.720358 0.720358
5245.105957 0.000000 2615.607422 0.000000 0.998512 0.000000 -0.054525 0.803160 0.803160 0.803160
5288.968262 0.000000 2645.397461 0.000000 0.988693 0.000000 0.149951 0.789178 0.789178 0.789178
5244.690430 0.000000 2640.531006 0.000000 0.539730 0.000000 0.841838 0.718058 0.718058 0.718058
5251.128906 0.000000 2600.780762 0.000000 0.817360 0.000000 0.576127 0.759533 0.759533 0.759533
5239.075195 0.000000 2627.342041 0.000000 0.474358 0.000000 -0.880332 0.868805 0.868805 0.868805
5227.958008 0.000000 2610.942139 0.000000 0.463263 0.000000 0.886221 0.715166 0.715166 0.715166
5228.019043 0.000000 2628.087402 0.000000 0.002680 0.000000 -0.999996 0.934672 0.934672 0.934672
5258.412598 0.000000 2660.632080 0.000000 0.990432 0.000000 0.138001 0.788940 0.788940 0.788940
5237.163086 0.000000 2579.612061 0.000000 0.959373 0.000000 0.282140 0.781149 0.781149 0.781149
5291.722168 0.000000 2673.576904 0.000000 0.183672 0.000000 -0.982988 0.921806 0.921806 0.921806
5255.013184 0.000000 2652.671875 0.000000 0.904768 0.000000 0.425906 0.759579 0.759579 0.759579
5279.791504 0.000000 2623.643311 0.000000 0.471238 0.000000 -0.882006 0.916490 0.916490 0.916490
5269.039551 0.000000 2674.329346 0.000000 0.155407 0.000000 0.987850 0.670022 0.670022 0.670022
5229.300781 0.000000 2644.951172 0.000000 0.842532 0.000000 -0.538646 0.860213 0.860213 0.860213
5266.627930 0.000000 2670.221436 0.000000 0.933625 0.000000 0.358251 0.761216 0.761216 0.761216
5278.397461 0.000000 2637.996826 0.000000 0.349368 0.000000 0.936985 0.688475 0.688475 0.688475
5293.361328 0.000000 2660.238037 0.000000 0.335390 0.000000 -0.942080 0.947250 0.947250 0.947250
5266.447754 0.000000 2659.826416 0.000000 0.359572 0.000000 -0.933117 0.912925 0.912925 0.912925
5253.214844 0.000000 2606.146484 0.000000 0.695955 0.000000 0.718085 0.702407 0.702407 0.702407
5248.213379 0.000000 2669.133789 0.000000 0.358132 0.000000 -0.933671 0.929910 0.929910 0.929910
5276.100098 0.000000 2668.842285 0.000000 0.921544 0.000000 -0.388273 0.852563 0.852563 0.852563
5223.581543 0.000000 2645.256104 0.000000 0.295040 0.000000 -0.955485 0.949806 0.949806 0.949806
5223.527832 0.000000 2639.454834 0.000000 0.675050 0.000000 -0.737772 0.909378 0.909378 0.909378
5283.911133 0.000000 2663.927734 0.000000 0.627554 0.000000 0.778573 0.682367 0.682367 0.682367
5289.634766 0.000000 2570.267334 0.000000 0.870045 0.000000 0.492973 0.739255 0.739255 0.739255
5275.685059 0.000000 2642.802734 0.000000 0.067410 0.000000 0.997725 0.643869 0.643869 0.643869
5266.416504 0.000000 2664.816650 0.000000 0.890386 0.000000 -0.455207 0.846251 0.846251 0.846251
5228.463379 0.000000 2672.708740 0.000000 0.429847 0.000000 -0.902902 0.941740 0.941740 0.941740
5261.594238 0.000000 2656.640137 0.000000 0.985195 0.000000 0.171438 0.777633 0.777633 0.777633
5260.707031 0.000000 2666.168457 0.000000 0.974429 0.000000 0.224697 0.769673 0.769673 0.769673
5285.324219 0.000000 2567.646729 0.000000 0.652111 0.000000 0.758124 0.693454 0.693454 0.693454
5227.005859 0.000000 2594.290527 0.000000 0.593437 0.000000 0.804880 0.672951 0.672951 0.672951
5234.393555 0.000000 2589.862061 0.000000 0.999878 0.000000 0.015589 0.797634 0.797634 0.797634
5242.312500 0.000000 2636.159180 0.000000 0.983041 0.000000 -0.183388 0.826153 0.826153 0.826153
5298.437500 0.000000 2641.296875 0.000000 0.569938 0.000000 0.821688 0.651693 0.651693 0.651693
5305.412598 0.000000 2665.277588 0.000000 0.700065 0.000000 0.714079 0.687222 0.687222 0.687222
5242.729492 0.000000 2645.040039 0.000000 0.985642 0.000000 0.168847 0.773908 0.773908 0.773908
5249.874512 0.000000 2602.837646 0.000000 0.652126 0.000000 -0.758111 0.935757 0.935757 0.935757
5283.959473 0.000000 2646.356689 0.000000 0.662542 0.000000 -0.749025 0.940340 0.940340 0.940340
5226.200195 0.000000 2673.632080 0.000000 0.731970 0.000000 0.681337 0.701191 0.701191 0.701191
5288.850098 0.000000 2673.350830 0.000000 0.589638 0.000000 0.807668 0.661045 0.661045 0.661045
5305.541504 0.000000 2673.367920 0.000000 0.893195 0.000000 -0.449669 0.878246 0.878246 0.878246
5303.299805 0.000000 2669.730225 0.000000 0.997032 0.000000 0.076991 0.789533 0.789533 0.789533
5229.329590 0.000000 2656.295898 0.000000 0.193587 0.000000 -0.981083 0.975882 0.975882 0.975882
5259.239258 0.000000 2670.951904 0.000000 0.086549 0.000000 0.996248 0.598436 0.598436 0.598436
5249.206055 0.000000 2599.306885 0.000000 0.564445 0.000000 -0.825470 0.974545 0.974545 0.974545
5267.187500 0.000000 2672.804688 0.000000 0.981759 0.000000 -0.190128 0.823305 0.823305 0.823305
5304.583008 0.000000 2645.931396 0.000000 0.387478 0.000000 0.921879 0.619622 0.619622 0.619622
5295.764648 0.000000 2569.818604 0.000000 0.044404 0.000000 0.999014 0.516486 0.516486 0.516486
5251.749512 0.000000 2649.136230 0.000000 0.875881 0.000000 0.482528 0.731613 0.731613 0.731613
5231.909180 0.000000 2595.181152 0.000000 0.300833 0.000000 0.953677 0.582681 0.582681 0.582681
5234.182617 0.000000 2667.518555 0.000000 0.127311 0.000000 0.991863 0.592475 0.592475 0.592475
5261.175293 0.000000 2658.944336 0.000000 0.165962 0.000000 0.986132 0.584073 0.584073 0.584073
5265.110352 0.000000 2667.588623 0.000000 0.872966 0.000000 -0.487781 0.888538 0.888538 0.888538
5291.743164 0.000000 2644.870117 0.000000 0.999376 0.000000 -0.035327 0.806069 0.806069 0.806069
5223.106445 0.000000 2659.829102 0.000000 0.891272 0.000000 0.453470 0.615758 0.615758 0.615758
5233.558105 0.000000 2608.749512 0.000000 0.710182 0.000000 0.704018 0.668966 0.668966 0.668966
5222.321289 0.000000 2657.687744 0.000000 0.858981 0.000000 0.512008 0.609980 0.609980 0.609980
5235.869141 0.000000 2587.687500 0.000000 0.630310 0.000000 0.776344 0.631353 0.631353 0.631353
5275.452637 0.000000 2637.978271 0.000000 0.999988 0.000000 -0.004832 0.800917 0.800917 0.800917
5237.761719 0.000000 2631.472656 0.000000 0.305402 0.000000 -0.952223 1.039152 1.039152 1.039152
5247.240723 0.000000 2616.098145 0.000000 0.522329 0.000000 0.852744 0.647029 0.647029 0.647029
5284.003418 0.000000 2581.229492 0.000000 0.941910 0.000000 -0.335866 0.846519 0.846519 0.846519
5243.635742 0.000000 2638.531494 0.000000 0.124677 0.000000 0.992197 0.574768 0.574768 0.574768
5280.659180 0.000000 2670.852539 0.000000 0.602091 0.000000 0.798427 0.652256 0.652256 0.652256
5240.740234 0.000000 2667.434326 0.000000 0.961546 0.000000 -0.274644 0.838341 0.838341 0.838341
5239.663574 0.000000 2640.185547 0.000000 0.818085 0.000000 0.575097 0.703323 0.703323 0.703323
5233.003418 0.000000 2625.615234 0.000000 0.959522 0.000000 0.281633 0.754384 0.754384 0.754384
5228.354004 0.000000 2602.773682 0.000000 0.592213 0.000000 -0.805781 0.936612 0.936612 0.936612
5240.080566 0.000000 2669.822510 0.000000 0.939167 0.000000 -0.343461 0.866522 0.866522 0.866522
5230.520996 0.000000 2610.978516 0.000000 0.999150 0.000000 -0.041228 0.807083 0.807083 0.807083
5249.320312 0.000000 2622.689941 0.000000 0.963877 0.000000 0.266349 0.759615 0.759615 0.759615
5274.160645 0.000000 2641.052246 0.000000 0.999031 0.000000 -0.044018 0.807035 0.807035 0.807035
5288.821777 0.000000 2576.450684 0.000000 0.970856 0.000000 -0.239665 0.845920 0.845920 0.845920
5301.145508 0.000000 2645.325195 0.000000 0.999329 0.000000 -0.036615 0.806949 0.806949 0.806949
5287.796875 0.000000 2665.885742 0.000000 0.725392 0.000000 -0.688337 0.947080 0.947080 0.947080
5227.100586 0.000000 2643.112793 0.000000 0.435270 0.000000 0.900300 0.587407 0.587407 0.587407
5274.982910 0.000000 2664.019531 0.000000 0.295489 0.000000 -0.955346 0.997976 0.997976 0.997976
5251.823242 0.000000 2610.674072 0.000000 0.209148 0.000000 0.977884 0.330058 0.330058 0.330058
5231.405762 0.000000 2604.901367 0.000000 0.599221 0.000000 0.800584 0.623873 0.623873 0.623873
5233.336426 0.000000 2671.732666 0.000000 0.591692 0.000000 -0.806164 0.959179 0.959179 0.959179
5277.440918 0.000000 2664.436035 0.000000 0.706081 0.000000 0.708131 0.650706 0.650706 0.650706
5246.897949 0.000000 2613.784424 0.000000 0.934536 0.000000 0.355870 0.733872 0.733872 0.733872
5229.812500 0.000000 2590.459717 0.000000 0.098325 0.000000 -0.995154 1.047007 1.047007 1.047007
5242.521484 0.000000 2640.701660 0.000000 0.646676 0.000000 -0.762764 0.936888 0.936888 0.936888
5305.587402 0.000000 2662.590576 0.000000 0.781990 0.000000 -0.623291 0.927683 0.927683 0.927683
5246.184082 0.000000 2619.981934 0.000000 0.962198 0.000000 -0.272352 0.845175 0.845175 0.845175
5244.551270 0.000000 2601.317383 0.000000 0.556422 0.000000 -0.830900 0.982163 0.982163 0.982163
5287.257324 0.000000 2584.206543 0.000000 0.990638 0.000000 0.136516 0.774017 0.774017 0.774017
5240.047363 0.000000 2581.199219 0.000000 0.562410 0.000000 -0.826858 0.957489 0.957489 0.957489
5248.507812 0.000000 2620.252686 0.000000 0.992654 0.000000 -0.120988 0.823012 0.823012 0.823012
5287.192871 0.000000 2578.314209 0.000000 0.752336 0.000000 -0.658780 0.936459 0.936459 0.936459
5249.785156 0.000000 2618.593018 0.000000 0.161341 0.000000 -0.986899 1.067292 1.067292 1.067292
5262.218262 0.000000 2667.687988 0.000000 0.872904 0.000000 -0.487891 0.896704 0.896704 0.896704
5274.968262 0.000000 2634.265137 0.000000 0.110458 0.000000 0.993881 0.511297 0.511297 0.511297
5219.736328 0.000000 2661.081299 0.000000 0.723740 0.000000 -0.690072 1.038809 1.038809 1.038809
5253.277832 0.000000 2653.869141 0.000000 0.523239 0.000000 -0.852186 0.969111 0.969111 0.969111
5238.418457 0.000000 2633.456543 0.000000 0.904421 0.000000 0.426640 0.716368 0.716368 0.716368
5286.281738 0.000000 2588.417969 0.000000 0.851208 0.000000 0.524828 0.713927 0.713927 0.713927
5305.705078 0.000000 2652.952637 0.000000 0.210437 0.000000 0.977607 0.563900 0.563900 0.563900
5230.539551 0.000000 2606.819824 0.000000 0.771033 0.000000 0.636795 0.669017 0.669017 0.669017
5297.931641 0.000000 2669.086914 0.000000 0.856277 0.000000 -0.516518 0.951768 0.951768 0.951768
5221.453613 0.000000 2639.259277 0.000000 0.081270 0.000000 -0.996692 1.049880 1.049880 1.049880
5281.763672 0.000000 2645.302979 0.000000 0.637031 0.000000 -0.770838 0.966999 0.966999 0.966999
5281.855957 0.000000 2642.373291 0.000000 0.940695 0.000000 -0.339254 0.865673 0.865673 0.865673
5288.907715 0.000000 2580.561279 0.000000 0.966173 0.000000 -0.257893 0.844803 0.844803 0.844803
5250.403320 0.000000 2612.614990 0.000000 0.979557 0.000000 0.201166 0.742960 0.742960 0.742960
5222.005371 0.000000 2641.291016 0.000000 0.740336 0.000000 0.672237 0.660120 0.660120 0.660120
5275.091797 0.000000 2628.054443 0.000000 0.926957 0.000000 0.375166 0.715510 0.715510 0.715510
5227.438965 0.000000 2653.222656 0.000000 0.912349 0.000000 0.409412 0.725864 0.725864 0.725864
5261.128418 0.000000 2674.106201 0.000000 0.446619 0.000000 -0.894724 1.114184 1.114184 1.114184
5236.881836 0.000000 2584.176514 0.000000 0.523170 0.000000 -0.852228 0.993576 0.993576 0.993576
5234.461914 0.000000 2629.620850 0.000000 0.988665 0.000000 0.150135 0.771406 0.771406 0.771406
5294.600586 0.000000 2636.554688 0.000000 0.820705 0.000000 -0.571353 0.902029 0.902029 0.902029
5304.288086 0.000000 2661.094238 0.000000 0.957618 0.000000 -0.288040 0.856021 0.856021 0.856021
5225.866699 0.000000 2668.807373 0.000000 0.046384 0.000000 -0.998924 1.290178 1.290178 1.290178
5245.416016 0.000000 2670.447998 0.000000 0.955172 0.000000 -0.296053 0.863030 0.863030 0.863030
5231.687500 0.000000 2670.653809 0.000000 0.458212 0.000000 -0.888843 0.992421 0.992421 0.992421
5222.174316 0.000000 2668.201904 0.000000 0.996258 0.000000 -0.086425 0.827652 0.827652 0.827652
5271.498535 0.000000 2632.554199 0.000000 0.641908 0.000000 -0.766782 0.955324 0.955324 0.955324
5299.303223 0.000000 2665.038330 0.000000 0.809063 0.000000 -0.587721 0.993231 0.993231 0.993231
5235.514160 0.000000 2585.633057 0.000000 0.649338 0.000000 -0.760500 0.963949 0.963949 0.963949
5294.290039 0.000000 2664.533203 0.000000 0.555258 0.000000 -0.831678 1.123653 1.123653 1.123653
5249.434570 0.000000 2616.643066 0.000000 0.480417 0.000000 0.877040 0.597044 0.597044 0.597044
5247.080078 0.000000 2599.604492 0.000000 0.587180 0.000000 -0.809456 0.978965 0.978965 0.978965
5297.903809 0.000000 2569.354492 0.000000 0.540466 0.000000 -0.841366 0.989701 0.989701 0.989701
5288.711426 0.000000 2591.305908 0.000000 0.377397 0.000000 0.926051 0.575386 0.575386 0.575386
5295.249512 0.000000 2642.700684 0.000000 0.375028 0.000000 -0.927013 1.183853 1.183853 1.183853
5292.103027 0.000000 2640.445557 0.000000 0.158001 0.000000 0.987439 0.300796 0.300796 0.300796
5303.535156 0.000000 2665.782227 0.000000 0.368756 0.000000 -0.929526 1.023998 1.023998 1.023998
5224.560059 0.000000 2650.147461 0.000000 0.998712 0.000000 -0.050745 0.809125 0.809125 0.809125
5297.171387 0.000000 2645.621094 0.000000 0.943099 0.000000 0.332512 0.726884 0.726884 0.726884
5221.661621 0.000000 2665.344971 0.000000 0.853200 0.000000 -0.521584 0.956713 0.956713 0.956713
5264.592285 0.000000 2674.560547 0.000000 0.999077 0.000000 -0.042948 0.809867 0.809867 0.809867
5225.175781 0.000000 2643.551514 0.000000 0.835128 0.000000 0.550055 0.689491 0.689491 0.689491
5219.595703 0.000000 2657.470947 0.000000 0.018148 0.000000 0.999835 0.322445 0.322445 0.322445
5263.279297 0.000000 2671.382324 0.000000 0.437121 0.000000 -0.899403 1.014437 1.014437 1.014437
5294.652344 0.000000 2568.210938 0.000000 0.835330 0.000000 -0.549749 0.908114 0.908114 0.908114
5262.981445 0.000000 2673.331299 0.000000 0.939472 0.000000 -0.342625 0.881021 0.881021 0.881021
5252.411133 0.000000 2673.842285 0.000000 0.696752 0.000000 0.717312 0.592304 0.592304 0.592304
5248.134766 0.000000 2673.886475 0.000000 0.990928 0.000000 -0.134395 0.846308 0.846308 0.846308
5225.546875 0.000000 2656.455078 0.000000 0.717276 0.000000 -0.696789 1.058668 1.058668 1.058668
5301.907715 0.000000 2673.353516 0.000000 0.729306 0.000000 0.684188 0.657035 0.657035 0.657035
5225.465332 0.000000 2671.882324 0.000000 0.893436 0.000000 -0.449190 0.920956 0.920956 0.920956
5278.523438 0.000000 2640.098633 0.000000 0.131953 0.000000 -0.991256 1.072930 1.072930 1.072930
5225.020508 0.000000 2663.654297 0.000000 0.314600 0.000000 0.949224 0.507726 0.507726 0.507726
5253.662109 0.000000 2611.198486 0.000000 0.926239 0.000000 -0.376936 0.905751 0.905751 0.905751
5293.090820 0.000000 2662.537598 0.000000 0.739580 0.000000 -0.673069 0.962213 0.962213 0.962213
5290.334473 0.000000 2663.610840 0.000000 0.732271 0.000000 -0.681013 0.946630 0.946630 0.946630
5225.531738 0.000000 2660.208984 0.000000 0.836295 0.000000 -0.548280 0.969216 0.969216 0.969216
5300.089355 0.000000 2666.974121 0.000000 0.981191 0.000000 0.193039 0.752278 0.752278 0.752278
5227.743164 0.000000 2659.462646 0.000000 0.925478 0.000000 -0.378800 0.885352 0.885352 0.885352
5228.123535 0.000000 2669.248047 0.000000 0.998721 0.000000 -0.050553 0.810404 0.810404 0.810404
5220.333008 0.000000 2669.034668 0.000000 0.441662 0.000000 -0.897182 1.140214 1.140214 1.140214
5220.072754 0.000000 2671.071777 0.000000 0.810131 0.000000 0.586249 0.646113 0.646113 0.646113
5221.198730 0.000000 2652.792236 0.000000 0.998983 0.000000 0.045094 0.790810 0.790810 0.790810
5256.608398 0.000000 2673.887695 0.000000 0.788549 0.000000 -0.614972 0.949485 0.949485 0.949485
5285.240234 0.000000 2671.360596 0.000000 0.143462 0.000000 0.989656 0.489379 0.489379 0.489379
5273.875488 0.000000 2630.024170 0.000000 0.424451 0.000000 0.905451 0.503710 0.503710 0.503710
5224.478027 0.000000 2652.182617 0.000000 0.837225 0.000000 0.546858 0.659015 0.659015 0.659015
5223.175293 0.000000 2663.137939 0.000000 0.805022 0.000000 0.593244 0.613543 0.613543 0.613543
5222.203613 0.000000 2654.836914 0.000000 0.999973 0.000000 0.007373 0.797835 0.797835 0.797835
5248.765137 0.000000 2671.486816 0.000000 0.246458 0.000000 -0.969153 1.129987 1.129987 1.129987
5222.957031 0.000000 2666.538818 0.000000 0.510375 0.000000 -0.859952 1.093584 1.093584 1.093584
5275.044434 0.000000 2632.293701 0.000000 0.836948 0.000000 0.547283 0.665831 0.665831 0.665831
5292.754883 0.000000 2643.282959 0.000000 0.777964 0.000000 0.628309 0.554405 0.554405 0.554405
5249.699219 0.000000 2674.519531 0.000000 0.425073 0.000000 -0.905159 1.179744 1.179744 1.179744
5249.300293 0.000000 2608.249268 0.000000 0.564580 0.000000 -0.825379 1.071469 1.071469 1.071469
5294.313477 0.000000 2639.998779 0.000000 0.944658 0.000000 -0.328057 0.893460 0.893460 0.893460
5295.679688 0.000000 2644.885010 0.000000 0.160999 0.000000 -0.986955 1.151787 1.151787 1.151787
5296.807617 0.000000 2641.955078 0.000000 0.664717 0.000000 0.747095 0.586001 0.586001 0.586001
5223.125000 0.000000 2671.281494 0.000000 0.577684 0.000000 0.816261 0.540624 0.540624 0.540624
5313.333008 0.000000 2645.209229 0.000000 0.208890 0.000000 -0.977939 0.805434 0.805434 0.805434
5390.007324 0.000000 2644.183350 0.000000 0.464747 0.000000 0.885443 0.791312 0.791312 0.791312
5313.102539 0.000000 2651.459473 0.000000 0.953533 0.000000 0.301287 0.793276 0.793276 0.793276
5324.067871 0.000000 2644.390137 0.000000 0.669112 0.000000 -0.743161 0.825099 0.825099 0.825099
5380.598145 0.000000 2580.181396 0.000000 0.956687 0.000000 0.291120 0.789380 0.789380 0.789380
5392.157227 0.000000 2655.428467 0.000000 0.501211 0.000000 -0.865325 0.845952 0.845952 0.845952
5344.448730 0.000000 2577.526855 0.000000 0.463893 0.000000 -0.885891 0.847824 0.847824 0.847824
5309.154297 0.000000 2637.137451 0.000000 0.461139 0.000000 0.887328 0.752040 0.752040 0.752040
5310.542969 0.000000 2629.458740 0.000000 0.413880 0.000000 0.910331 0.731450 0.731450 0.731450
5314.085449 0.000000 2655.206543 0.000000 0.999428 0.000000 0.033810 0.798379 0.798379 0.798379
5352.895020 0.000000 2649.289062 0.000000 0.989061 0.000000 0.147510 0.789946 0.789946 0.789946
5311.251465 0.000000 2648.201416 0.000000 0.749656 0.000000 -0.661828 0.849113 0.849113 0.849113
5321.442383 0.000000 2637.824707 0.000000 0.417992 0.000000 -0.908451 0.879659 0.879659 0.879659
5324.488281 0.000000 2586.101318 0.000000 0.996190 0.000000 -0.087211 0.805232 0.805232 0.805232
5338.432617 0.000000 2638.826660 0.000000 0.924004 0.000000 -0.382382 0.832914 0.832914 0.832914
5314.022461 0.000000 2575.150391 0.000000 0.272815 0.000000 -0.962066 0.908586 0.908586 0.908586
5324.155273 0.000000 2579.612061 0.000000 0.365339 0.000000 0.930874 0.694827 0.694827 0.694827
5334.598633 0.000000 2586.276611 0.000000 0.990283 0.000000 0.139070 0.787739 0.787739 0.787739
5332.956543 0.000000 2592.251709 0.000000 0.874782 0.000000 -0.484517 0.838389 0.838389 0.838389
5383.298340 0.000000 2594.106689 0.000000 0.371948 0.000000 -0.928253 0.906924 0.906924 0.906924
5323.666504 0.000000 2594.210449 0.000000 0.956798 0.000000 0.290753 0.770539 0.770539 0.770539
5324.116211 0.000000 2636.487061 0.000000 0.035650 0.000000 0.999364 0.640566 0.640566 0.640566
5380.199707 0.000000 2593.844238 0.000000 0.994888 0.000000 0.100980 0.791515 0.791515 0.791515
5325.826660 0.000000 2642.225342 0.000000 0.609422 0.000000 0.792846 0.695781 0.695781 0.695781
5391.794922 0.000000 2658.234375 0.000000 0.787831 0.000000 0.615891 0.719163 0.719163 0.719163
5321.148438 0.000000 2595.548096 0.000000 0.432738 0.000000 0.901520 0.678854 0.678854 0.678854
5384.111816 0.000000 2664.227295 0.000000 0.077136 0.000000 0.997021 0.600136 0.600136 0.600136
5316.159668 0.000000 2597.955322 0.000000 0.446903 0.000000 0.894582 0.676132 0.676132 0.676132
5320.324707 0.000000 2665.382080 0.000000 0.904561 0.000000 -0.426344 0.855420 0.855420 0.855420
5321.432617 0.000000 2644.188232 0.000000 0.998191 0.000000 -0.060118 0.806127 0.806127 0.806127
5317.631836 0.000000 2600.214355 0.000000 0.407884 0.000000 0.913034 0.685093 0.685093 0.685093
5334.325195 0.000000 2663.716309 0.000000 0.992626 0.000000 -0.121220 0.814805 0.814805 0.814805
5330.081055 0.000000 2573.320801 0.000000 0.663299 0.000000 0.748354 0.683471 0.683471 0.683471
5329.513672 0.000000 2605.464111 0.000000 0.964007 0.000000 0.265876 0.767214 0.767214 0.767214
5376.844238 0.000000 2587.081055 0.000000 0.943829 0.000000 0.330434 0.751573 0.751573 0.751573
5319.643555 0.000000 2582.246582 0.000000 0.381452 0.000000 -0.924389 0.957825 0.957825 0.957825
5325.989258 0.000000 2596.091064 0.000000 0.347587 0.000000 0.937648 0.615454 0.615454 0.615454
5321.385742 0.000000 2589.862061 0.000000 0.174724 0.000000 -0.984618 0.981122 0.981122 0.981122
5329.304688 0.000000 2636.159180 0.000000 0.914974 0.000000 -0.403513 0.853092 0.853092 0.853092
5317.874512 0.000000 2643.055908 0.000000 0.187677 0.000000 0.982231 0.626108 0.626108 0.626108
5308.830078 0.000000 2581.481689 0.000000 0.172233 0.000000 0.985056 0.646465 0.646465 0.646465
5310.921387 0.000000 2602.930420 0.000000 0.999005 0.000000 -0.044591 0.807216 0.807216 0.807216
5342.603516 0.000000 2575.850098 0.000000 0.365580 0.000000 -0.930780 0.955335 0.955335 0.955335
5322.312012 0.000000 2599.397705 0.000000 0.163870 0.000000 -0.986482 1.019062 1.019062 1.019062
5392.404785 0.000000 2665.277588 0.000000 0.993340 0.000000 0.115217 0.752952 0.752952 0.752952
5320.471680 0.000000 2602.994385 0.000000 0.592340 0.000000 0.805689 0.646571 0.646571 0.646571
5319.257324 0.000000 2628.930420 0.000000 0.383576 0.000000 -0.923509 0.955167 0.955167 0.955167
5319.193848 0.000000 2668.740723 0.000000 0.998503 0.000000 -0.054691 0.809180 0.809180 0.809180
5383.919922 0.000000 2586.089600 0.000000 0.857929 0.000000 -0.513768 0.881902 0.881902 0.881902
5310.699707 0.000000 2631.868896 0.000000 0.403122 0.000000 -0.915146 0.938513 0.938513 0.938513
5326.245117 0.000000 2637.524414 0.000000 0.842473 0.000000 -0.538738 0.879541 0.879541 0.879541
5332.604492 0.000000 2673.662109 0.000000 0.801326 0.000000 -0.598227 0.879410 0.879410 0.879410
5334.113770 0.000000 2579.581299 0.000000 0.268831 0.000000 0.963187 0.636600 0.636600 0.636600
5388.874512 0.000000 2602.500732 0.000000 0.958823 0.000000 -0.284005 0.845436 0.845436 0.845436
5313.294434 0.000000 2608.933350 0.000000 0.372428 0.000000 -0.928061 0.999505 0.999505 0.999505
5349.833984 0.000000 2604.808594 0.000000 0.788032 0.000000 0.615635 0.700659 0.700659 0.700659
5316.405273 0.000000 2661.304688 0.000000 0.092292 0.000000 0.995732 0.593314 0.593314 0.593314
5339.803223 0.000000 2641.095947 0.000000 0.812158 0.000000 -0.583437 0.895802 0.895802 0.895802
5337.114746 0.000000 2645.041748 0.000000 0.027631 0.000000 0.999618 0.581174 0.581174 0.581174
5347.044922 0.000000 2650.670410 0.000000 0.074259 0.000000 -0.997239 1.009216 1.009216 1.009216
5311.434082 0.000000 2636.366943 0.000000 0.955426 0.000000 0.295232 0.762889 0.762889 0.762889
5329.620117 0.000000 2599.342041 0.000000 0.621991 0.000000 0.783025 0.661666 0.661666 0.661666
5338.741699 0.000000 2649.136230 0.000000 0.411454 0.000000 -0.911431 0.980936 0.980936 0.980936
5312.931641 0.000000 2629.154785 0.000000 0.313885 0.000000 0.949461 0.592535 0.592535 0.592535
5317.275391 0.000000 2636.220459 0.000000 0.146880 0.000000 -0.989154 1.035955 1.035955 1.035955
5382.886230 0.000000 2666.177002 0.000000 0.952840 0.000000 0.303472 0.759356 0.759356 0.759356
5318.901367 0.000000 2595.181152 0.000000 0.827066 0.000000 0.562104 0.711777 0.711777 0.711777
5321.174805 0.000000 2667.518555 0.000000 0.067961 0.000000 0.997688 0.574894 0.574894 0.574894
5336.261719 0.000000 2582.707764 0.000000 0.266821 0.000000 -0.963746 1.044195 1.044195 1.044195
5333.427246 0.000000 2642.041260 0.000000 0.301351 0.000000 -0.953513 1.004596 1.004596 1.004596
5333.045898 0.000000 2638.606445 0.000000 0.082977 0.000000 0.996551 0.553379 0.553379 0.553379
5330.288574 0.000000 2597.172607 0.000000 0.910378 0.000000 -0.413778 0.857086 0.857086 0.857086
5325.543945 0.000000 2598.285645 0.000000 0.701364 0.000000 0.712803 0.649446 0.649446 0.649446
5379.858398 0.000000 2586.133545 0.000000 0.964325 0.000000 -0.264720 0.850833 0.850833 0.850833
5324.433594 0.000000 2603.454102 0.000000 0.594928 0.000000 -0.803779 0.977143 0.977143 0.977143
5351.355957 0.000000 2600.565430 0.000000 0.987815 0.000000 0.155630 0.775968 0.775968 0.775968
5330.627930 0.000000 2638.531494 0.000000 0.135075 0.000000 -0.990835 1.066599 1.066599 1.066599
5317.882324 0.000000 2640.726562 0.000000 0.645538 0.000000 0.763728 0.635105 0.635105 0.635105
5308.910645 0.000000 2648.231445 0.000000 0.973217 0.000000 -0.229889 0.838916 0.838916 0.838916
5327.732422 0.000000 2667.434326 0.000000 0.790951 0.000000 0.611880 0.680330 0.680330 0.680330
5326.655762 0.000000 2640.185547 0.000000 0.902702 0.000000 0.430266 0.725379 0.725379 0.725379
5325.412109 0.000000 2588.100098 0.000000 0.895809 0.000000 -0.444440 0.863468 0.863468 0.863468
5308.391113 0.000000 2574.751465 0.000000 0.763111 0.000000 0.646267 0.666675 0.666675 0.666675
5315.346191 0.000000 2602.773682 0.000000 0.896010 0.000000 -0.444034 0.868919 0.868919 0.868919
5317.513184 0.000000 2610.978516 0.000000 0.929321 0.000000 0.369272 0.728236 0.728236 0.728236
5325.443359 0.000000 2577.894043 0.000000 0.002041 0.000000 0.999998 0.568145 0.568145 0.568145
5321.559570 0.000000 2639.983398 0.000000 0.334758 0.000000 -0.942304 0.974341 0.974341 0.974341
5326.733398 0.000000 2570.559326 0.000000 0.448546 0.000000 -0.893760 1.005368 1.005368 1.005368
5328.917969 0.000000 2571.330078 0.000000 0.865353 0.000000 0.501163 0.700399 0.700399 0.700399
5315.718262 0.000000 2665.686035 0.000000 0.996807 0.000000 0.079845 0.784834 0.784834 0.784834
5310.746094 0.000000 2590.975342 0.000000 0.356986 0.000000 0.934110 0.571223 0.571223 0.571223
5316.804688 0.000000 2590.459717 0.000000 0.926798 0.000000 0.375560 0.718492 0.718492 0.718492
5329.513672 0.000000 2640.701660 0.000000 0.696530 0.000000 0.717528 0.649761 0.649761 0.649761
5392.579590 0.000000 2662.590576 0.000000 0.571961 0.000000 0.820281 0.390796 0.390796 0.390796
5345.396973 0.000000 2603.384033 0.000000 0.335987 0.000000 0.941867 0.566975 0.566975 0.566975
5338.502441 0.000000 2579.739990 0.000000 0.048900 0.000000 -0.998804 1.088757 1.088757 1.088757
5335.149902 0.000000 2573.150391 0.000000 0.931193 0.000000 -0.364526 0.861108 0.861108 0.861108
5315.193359 0.000000 2637.041504 0.000000 0.857694 0.000000 -0.514161 0.902464 0.902464 0.902464
5325.394043 0.000000 2573.761475 0.000000 0.120648 0.000000 -0.992695 1.075092 1.075092 1.075092
5306.728516 0.000000 2661.081299 0.000000 0.163994 0.000000 0.986461 0.485478 0.485478 0.485478
5382.363770 0.000000 2589.407715 0.000000 0.996182 0.000000 0.087297 0.783415 0.783415 0.783415
5328.461426 0.000000 2603.490967 0.000000 0.662223 0.000000 0.749306 0.630831 0.630831 0.630831
5384.923828 0.000000 2669.086914 0.000000 0.690782 0.000000 -0.723063 0.956579 0.956579 0.956579
5390.158203 0.000000 2605.620361 0.000000 0.141580 0.000000 0.989927 0.528915 0.528915 0.528915
5313.374512 0.000000 2635.714355 0.000000 0.988463 0.000000 0.151466 0.769328 0.769328 0.769328
5313.177246 0.000000 2601.659668 0.000000 0.936635 0.000000 -0.350307 0.867907 0.867907 0.867907
5338.823730 0.000000 2603.370605 0.000000 0.032784 0.000000 0.999462 0.508182 0.508182 0.508182
5390.363770 0.000000 2601.110107 0.000000 0.734690 0.000000 -0.678403 0.928064 0.928064 0.928064
5314.697754 0.000000 2583.632568 0.000000 0.804452 0.000000 0.594018 0.600558 0.600558 0.600558
5349.196289 0.000000 2602.441895 0.000000 0.805701 0.000000 -0.592323 0.920282 0.920282 0.920282
5318.783203 0.000000 2664.057129 0.000000 0.762043 0.000000 -0.647527 0.933639 0.933639 0.933639
5328.232910 0.000000 2592.378418 0.000000 0.950813 0.000000 0.309766 0.740243 0.740243 0.740243
5347.541016 0.000000 2648.046387 0.000000 0.938413 0.000000 0.345515 0.730245 0.730245 0.730245
5319.503418 0.000000 2639.540039 0.000000 0.642167 0.000000 0.766565 0.641247 0.641247 0.641247
5315.555176 0.000000 2632.510010 0.000000 0.204846 0.000000 0.978794 0.399394 0.399394 0.399394
5340.705078 0.000000 2574.266602 0.000000 0.044142 0.000000 -0.999025 1.089661 1.089661 1.089661
5328.086914 0.000000 2595.632568 0.000000 0.908972 0.000000 0.416857 0.718416 0.718416 0.718416
5391.280273 0.000000 2661.094238 0.000000 0.302737 0.000000 0.953074 0.502289 0.502289 0.502289
5322.771973 0.000000 2591.563965 0.000000 0.692772 0.000000 -0.721157 0.952828 0.952828 0.952828
5387.819336 0.000000 2591.456299 0.000000 0.902555 0.000000 0.430574 0.712875 0.712875 0.712875
5324.222656 0.000000 2599.977783 0.000000 0.129669 0.000000 -0.991557 1.073367 1.073367 1.073367
5339.664551 0.000000 2578.120850 0.000000 0.528863 0.000000 -0.848707 0.992306 0.992306 0.992306
5386.295410 0.000000 2665.038330 0.000000 0.940742 0.000000 -0.339122 0.881539 0.881539 0.881539
5317.239746 0.000000 2576.708740 0.000000 0.607626 0.000000 0.794223 0.633204 0.633204 0.633204
5339.665527 0.000000 2645.094482 0.000000 0.997355 0.000000 0.072686 0.784743 0.784743 0.784743
5332.786621 0.000000 2569.504639 0.000000 0.591284 0.000000 0.806463 0.507702 0.507702 0.507702
5337.091309 0.000000 2572.852539 0.000000 0.254058 0.000000 -0.967189 1.062422 1.062422 1.062422
5390.527344 0.000000 2665.782227 0.000000 0.856713 0.000000 0.515793 0.591103 0.591103 0.591103
5326.847168 0.000000 2602.398193 0.000000 0.196836 0.000000 0.980436 0.542295 0.542295 0.542295
5308.653809 0.000000 2665.344971 0.000000 0.486823 0.000000 -0.873501 0.993080 0.993080 0.993080
5392.673828 0.000000 2604.691406 0.000000 0.827874 0.000000 0.560914 0.687013 0.687013 0.687013
5316.380371 0.000000 2581.448486 0.000000 0.810725 0.000000 -0.585427 0.998605 0.998605 0.998605
5343.385254 0.000000 2647.828125 0.000000 0.797926 0.000000 0.602756 0.568712 0.568712 0.568712
5330.559570 0.000000 2667.583984 0.000000 0.645249 0.000000 0.763973 0.622878 0.622878 0.622878
5316.338379 0.000000 2667.731934 0.000000 0.716531 0.000000 0.697555 0.658152 0.658152 0.658152
5312.012695 0.000000 2663.654297 0.000000 0.996809 0.000000 0.079822 0.780689 0.780689 0.780689
5324.087402 0.000000 2673.634521 0.000000 0.500728 0.000000 -0.865605 1.006893 1.006893 1.006893
5387.547363 0.000000 2594.077637 0.000000 0.861627 0.000000 0.507541 0.663912 0.663912 0.663912
5327.775391 0.000000 2673.625488 0.000000 0.389467 0.000000 -0.921040 1.066561 1.066561 1.066561
5317.223633 0.000000 2628.450684 0.000000 0.804613 0.000000 0.593799 0.670482 0.670482 0.670482
5312.523926 0.000000 2660.208984 0.000000 0.347085 0.000000 -0.937833 1.096376 1.096376 1.096376
5389.541016 0.000000 2597.347168 0.000000 0.954821 0.000000 -0.297180 0.866291 0.866291 0.866291
5341.416504 0.000000 2647.992676 0.000000 0.972298 0.000000 -0.233743 0.878690 0.878690 0.878690
5387.081543 0.000000 2666.974121 0.000000 0.720742 0.000000 -0.693204 1.004984 1.004984 1.004984
5314.744629 0.000000 2662.916260 0.000000 0.121185 0.000000 -0.992630 1.106830 1.106830 1.106830
5328.064941 0.000000 2600.329346 0.000000 0.951798 0.000000 0.306727 0.738981 0.738981 0.738981
5333.577637 0.000000 2603.049072 0.000000 0.885450 0.000000 0.464734 0.667749 0.667749 0.667749
5308.190918 0.000000 2652.792236 0.000000 0.550758 0.000000 -0.834665 1.032734 1.032734 1.032734
5312.232910 0.000000 2630.823242 0.000000 0.618840 0.000000 0.785517 0.592475 0.592475 0.592475
5330.274414 0.000000 2603.371094 0.000000 0.458970 0.000000 -0.888452 1.075298 1.075298 1.075298
5344.139648 0.000000 2644.760742 0.000000 0.913698 0.000000 0.406395 0.712235 0.712235 0.712235
5334.600586 0.000000 2569.783203 0.000000 0.885385 0.000000 0.464858 0.621361 0.621361 0.621361
5310.167480 0.000000 2663.137939 0.000000 0.998957 0.000000 -0.045659 0.811677 0.811677 0.811677
5389.533203 0.000000 2667.264404 0.000000 0.887339 0.000000 0.461117 0.639193 0.639193 0.639193
5388.867676 0.000000 2663.863037 0.000000 0.237175 0.000000 -0.971467 1.113762 1.113762 1.113762
5330.736816 0.000000 2669.990234 0.000000 0.465220 0.000000 0.885195 0.530818 0.530818 0.530818
5316.287109 0.000000 2593.619873 0.000000 0.909657 0.000000 0.415360 0.694774 0.694774 0.694774
5329.421875 0.000000 2672.796143 0.000000 0.871545 0.000000 -0.490316 0.942265 0.942265 0.942265
5312.945801 0.000000 2580.829346 0.000000 0.337440 0.000000 -0.941347 1.179721 1.179721 1.179721
5315.678711 0.000000 2579.896484 0.000000 0.982182 0.000000 0.187931 0.745627 0.745627 0.745627
5317.402832 0.000000 2578.506592 0.000000 0.178208 0.000000 0.983993 0.399764 0.399764 0.399764
5392.981934 0.000000 2667.744141 0.000000 0.996684 0.000000 0.081366 0.773157 0.773157 0.773157
5341.003906 0.000000 2645.996582 0.000000 0.999559 0.000000 0.029689 0.791579 0.791579 0.791579
5297.935059 0.000000 2678.392334 0.000000 0.714622 0.000000 0.699511 0.778338 0.778338 0.778338
5268.576660 0.000000 2694.384033 0.000000 0.682938 0.000000 0.730477 0.773828 0.773828 0.773828
5284.497070 0.000000 2679.865479 0.000000 0.994624 0.000000 -0.103553 0.808080 0.808080 0.808080
5229.613281 0.000000 2702.301270 0.000000 0.292847 0.000000 0.956159 0.705884 0.705884 0.705884
5304.497070 0.000000 2704.120361 0.000000 0.333164 0.000000 -0.942869 0.881143 0.881143 0.881143
5227.030273 0.000000 2682.134766 0.000000 0.968212 0.000000 0.250130 0.780308 0.780308 0.780308
5225.180664 0.000000 2679.388428 0.000000 0.970042 0.000000 0.242937 0.780396 0.780396 0.780396
5265.164062 0.000000 2683.225586 0.000000 0.128539 0.000000 -0.991704 0.906553 0.906553 0.906553
5296.916992 0.000000 2707.357178 0.000000 0.433155 0.000000 -0.901320 0.889701 0.889701 0.889701
5305.165527 0.000000 2720.558105 0.000000 0.413281 0.000000 0.910603 0.703974 0.703974 0.703974
5295.897461 0.000000 2713.260010 0.000000 0.998461 0.000000 -0.055455 0.803989 0.803989 0.803989
5265.568359 0.000000 2693.378418 0.000000 0.313758 0.000000 0.949503 0.677508 0.677508 0.677508
5294.848145 0.000000 2678.963623 0.000000 0.954108 0.000000 0.299462 0.769022 0.769022 0.769022
5230.874512 0.000000 2687.141846 0.000000 0.744542 0.000000 0.667576 0.737225 0.737225 0.737225
5219.777344 0.000000 2690.122803 0.000000 0.118784 0.000000 -0.992920 0.965269 0.965269 0.965269
5293.207520 0.000000 2700.828613 0.000000 0.644576 0.000000 0.764540 0.720040 0.720040 0.720040
5263.108398 0.000000 2696.624512 0.000000 0.852349 0.000000 -0.522974 0.862652 0.862652 0.862652
5300.425293 0.000000 2677.203857 0.000000 0.736583 0.000000 -0.676347 0.865275 0.865275 0.865275
5267.351074 0.000000 2709.264160 0.000000 0.850655 0.000000 -0.525724 0.853069 0.853069 0.853069
5266.034180 0.000000 2700.865723 0.000000 0.729696 0.000000 -0.683772 0.878195 0.878195 0.878195
5231.668945 0.000000 2677.751465 0.000000 0.656122 0.000000 -0.754655 0.905890 0.905890 0.905890
5226.370605 0.000000 2677.148682 0.000000 0.641022 0.000000 0.767522 0.686411 0.686411 0.686411
5289.852051 0.000000 2694.065430 0.000000 0.883141 0.000000 0.469108 0.741487 0.741487 0.741487
5235.117188 0.000000 2681.558105 0.000000 0.598704 0.000000 -0.800970 0.902040 0.902040 0.902040
5227.005859 0.000000 2701.274902 0.000000 0.529375 0.000000 0.848388 0.646247 0.646247 0.646247
5302.648438 0.000000 2720.642334 0.000000 0.830295 0.000000 0.557324 0.731520 0.731520 0.731520
5268.565430 0.000000 2705.260010 0.000000 0.961257 0.000000 -0.275652 0.836812 0.836812 0.836812
5299.407227 0.000000 2697.066895 0.000000 0.931105 0.000000 -0.364752 0.842505 0.842505 0.842505
5282.303223 0.000000 2689.681641 0.000000 0.998436 0.000000 0.055909 0.792738 0.792738 0.792738
5296.927734 0.000000 2693.073975 0.000000 0.151687 0.000000 0.988429 0.598848 0.598848 0.598848
5291.313965 0.000000 2674.872314 0.000000 0.113203 0.000000 0.993572 0.604985 0.604985 0.604985
5243.962402 0.000000 2675.377197 0.000000 0.839999 0.000000 0.542587 0.716383 0.716383 0.716383
5255.698730 0.000000 2696.065674 0.000000 0.979850 0.000000 -0.199736 0.830523 0.830523 0.830523
5249.315430 0.000000 2675.808838 0.000000 0.913130 0.000000 -0.407668 0.940891 0.940891 0.940891
5262.035645 0.000000 2687.832520 0.000000 0.932069 0.000000 0.362281 0.751133 0.751133 0.751133
5255.674805 0.000000 2693.280762 0.000000 0.410609 0.000000 0.911811 0.651008 0.651008 0.651008
5283.276855 0.000000 2692.415039 0.000000 0.450621 0.000000 0.892715 0.590656 0.590656 0.590656
5253.760254 0.000000 2674.635986 0.000000 0.865725 0.000000 0.500520 0.623065 0.623065 0.623065
5292.866211 0.000000 2693.117920 0.000000 0.988601 0.000000 0.150557 0.772834 0.772834 0.772834
5264.363770 0.000000 2707.549805 0.000000 0.762975 0.000000 0.646428 0.683481 0.683481 0.683481
5300.781738 0.000000 2704.876465 0.000000 0.311553 0.000000 -0.950229 0.985331 0.985331 0.985331
5264.984863 0.000000 2688.153564 0.000000 0.616362 0.000000 -0.787463 0.972032 0.972032 0.972032
5299.333496 0.000000 2712.877930 0.000000 0.992427 0.000000 -0.122832 0.823365 0.823365 0.823365
5238.451172 0.000000 2684.878418 0.000000 0.210249 0.000000 -0.977648 1.052419 1.052419 1.052419
5253.210449 0.000000 2676.778076 0.000000 0.494768 0.000000 -0.869025 1.195467 1.195467 1.195467
5268.865723 0.000000 2685.954346 0.000000 0.019007 0.000000 0.999819 0.573752 0.573752 0.573752
5288.821777 0.000000 2683.435059 0.000000 0.980310 0.000000 -0.197463 0.828186 0.828186 0.828186
5230.965332 0.000000 2679.798340 0.000000 0.135239 0.000000 -0.990813 1.057969 1.057969 1.057969
5223.753906 0.000000 2697.959717 0.000000 0.798183 0.000000 0.602415 0.681204 0.681204 0.681204
5232.164551 0.000000 2685.361084 0.000000 0.691601 0.000000 -0.722280 0.953136 0.953136 0.953136
5224.883789 0.000000 2703.001465 0.000000 0.287291 0.000000 0.957843 0.557250 0.557250 0.557250
5286.341309 0.000000 2680.981445 0.000000 0.796554 0.000000 0.604567 0.698861 0.698861 0.698861
5280.365234 0.000000 2688.738037 0.000000 0.824382 0.000000 -0.566033 0.910557 0.910557 0.910557
5254.556641 0.000000 2678.412842 0.000000 0.546033 0.000000 0.837763 0.395344 0.395344 0.395344
5304.185059 0.000000 2674.776123 0.000000 0.940646 0.000000 0.339388 0.734300 0.734300 0.734300
5295.371582 0.000000 2696.392090 0.000000 0.596041 0.000000 -0.802954 0.976880 0.976880 0.976880
5250.884766 0.000000 2677.290771 0.000000 0.815356 0.000000 -0.578960 0.982514 0.982514 0.982514
5286.281738 0.000000 2695.402344 0.000000 0.771938 0.000000 0.635698 0.684422 0.684422 0.684422
5303.166016 0.000000 2712.604736 0.000000 0.882572 0.000000 -0.470177 0.892875 0.892875 0.892875
5261.002441 0.000000 2676.677979 0.000000 0.757911 0.000000 0.652358 0.594184 0.594184 0.594184
5292.578125 0.000000 2680.989746 0.000000 0.111207 0.000000 0.993797 0.523105 0.523105 0.523105
5303.371582 0.000000 2708.094482 0.000000 0.905305 0.000000 0.424763 0.716762 0.716762 0.716762
5300.614258 0.000000 2715.991699 0.000000 0.764645 0.000000 0.644451 0.667126 0.667126 0.667126
5253.712891 0.000000 2681.250977 0.000000 0.317922 0.000000 0.948117 0.493598 0.493598 0.493598
5301.059082 0.000000 2719.444092 0.000000 0.523041 0.000000 -0.852308 0.981377 0.981377 0.981377
5230.247559 0.000000 2683.693115 0.000000 0.771203 0.000000 -0.636590 0.930932 0.930932 0.930932
5250.099121 0.000000 2679.836914 0.000000 0.897711 0.000000 -0.440585 0.901148 0.901148 0.901148
5259.621094 0.000000 2678.917725 0.000000 0.989014 0.000000 -0.147822 0.842374 0.842374 0.842374
5257.601074 0.000000 2692.593994 0.000000 0.124797 0.000000 -0.992182 1.117609 1.117609 1.117609
5266.306152 0.000000 2704.717773 0.000000 0.618136 0.000000 -0.786071 0.971604 0.971604 0.971604
5303.666992 0.000000 2716.235596 0.000000 0.912188 0.000000 0.409771 0.719892 0.719892 0.719892
5262.270020 0.000000 2702.197266 0.000000 0.990204 0.000000 -0.139625 0.826579 0.826579 0.826579
5222.797852 0.000000 2699.811523 0.000000 0.261558 0.000000 0.965188 0.549564 0.549564 0.549564
5219.599121 0.000000 2698.165527 0.000000 0.776299 0.000000 0.630365 0.665146 0.665146 0.665146
5261.900879 0.000000 2692.025146 0.000000 0.261879 0.000000 0.965101 0.541803 0.541803 0.541803
5259.663574 0.000000 2693.922852 0.000000 0.517890 0.000000 -0.855447 1.058299 1.058299 1.058299
5275.662109 0.000000 2684.251953 0.000000 0.999128 0.000000 0.041741 0.791494 0.791494 0.791494
5273.347168 0.000000 2683.113525 0.000000 0.828858 0.000000 -0.559459 0.915025 0.915025 0.915025
5274.412109 0.000000 2686.748047 0.000000 0.955003 0.000000 0.296596 0.718207 0.718207 0.718207
5260.797852 0.000000 2674.690430 0.000000 0.548123 0.000000 0.836398 0.519036 0.519036 0.519036
5263.452637 0.000000 2679.034424 0.000000 0.412608 0.000000 -0.910909 1.040219 1.040219 1.040219
5260.756836 0.000000 2690.446289 0.000000 0.100468 0.000000 -0.994940 1.093626 1.093626 1.093626
5270.523926 0.000000 2683.104736 0.000000 0.924324 0.000000 0.381609 0.717891 0.717891 0.717891
5273.531250 0.000000 2690.136230 0.000000 0.647687 0.000000 0.761906 0.613148 0.613148 0.613148
5257.582031 0.000000 2676.330566 0.000000 0.121153 0.000000 0.992634 0.252904 0.252904 0.252904
5257.199707 0.000000 2679.782471 0.000000 0.872226 0.000000 0.489103 0.615251 0.615251 0.615251
5262.691406 0.000000 2677.131592 0.000000 0.083168 0.000000 0.996536 0.390008 0.390008 0.390008
5268.302734 0.000000 2679.394043 0.000000 0.573446 0.000000 0.819243 0.541134 0.541134 0.541134
5259.169922 0.000000 2677.372314 0.000000 0.644683 0.000000 -0.764450 1.081551 1.081551 1.081551
5370.540039 0.000000 2777.646729 0.000000 0.760837 0.000000 0.648943 0.795769 0.795769 0.795769
5309.521973 0.000000 2707.940918 0.000000 0.048273 0.000000 0.998834 0.784796 0.784796 0.784796
5373.687500 0.000000 2748.911865 0.000000 0.155653 0.000000 -0.987812 0.828251 0.828251 0.828251
5387.150879 0.000000 2707.843750 0.000000 0.811825 0.000000 0.583901 0.782565 0.782565 0.782565
5365.699219 0.000000 2766.223633 0.000000 0.940259 0.000000 0.340460 0.788898 0.788898 0.788898
5385.390137 0.000000 2745.706787 0.000000 0.274371 0.000000 0.961624 0.763850 0.763850 0.763850
5365.793457 0.000000 2776.344727 0.000000 0.995662 0.000000 -0.093048 0.802792 0.802792 0.802792
5362.651855 0.000000 2737.146973 0.000000 0.634511 0.000000 -0.772914 0.831759 0.831759 0.831759
5357.926270 0.000000 2721.054199 0.000000 0.620558 0.000000 0.784161 0.760396 0.760396 0.760396
5313.900391 0.000000 2674.613770 0.000000 0.989832 0.000000 -0.142243 0.805986 0.805986 0.805986
5311.240234 0.000000 2687.647949 0.000000 0.434662 0.000000 0.900594 0.757456 0.757456 0.757456
5362.680664 0.000000 2717.463135 0.000000 0.345117 0.000000 0.938560 0.729428 0.729428 0.729428
5319.165039 0.000000 2683.244141 0.000000 0.999985 0.000000 -0.005541 0.800376 0.800376 0.800376
5321.781250 0.000000 2690.761963 0.000000 0.912375 0.000000 -0.409355 0.827797 0.827797 0.827797
5389.501953 0.000000 2731.898438 0.000000 0.836356 0.000000 0.548186 0.758284 0.758284 0.758284
5328.865234 0.000000 2689.491211 0.000000 0.756184 0.000000 -0.654359 0.841316 0.841316 0.841316
5391.489258 0.000000 2704.120361 0.000000 0.972826 0.000000 -0.231537 0.816333 0.816333 0.816333
5387.574707 0.000000 2725.063721 0.000000 0.167598 0.000000 0.985855 0.676759 0.676759 0.676759
5376.140625 0.000000 2720.719238 0.000000 0.743585 0.000000 0.668641 0.735640 0.735640 0.735640
5362.212891 0.000000 2766.656006 0.000000 0.561184 0.000000 0.827691 0.729898 0.729898 0.729898
5323.677734 0.000000 2679.548584 0.000000 0.656174 0.000000 0.754610 0.714612 0.714612 0.714612
5316.677734 0.000000 2676.199951 0.000000 0.260519 0.000000 0.965469 0.677289 0.677289 0.677289
5379.752441 0.000000 2742.780518 0.000000 0.850335 0.000000 -0.526242 0.846486 0.846486 0.846486
5392.644043 0.000000 2696.378906 0.000000 0.118801 0.000000 0.992918 0.684023 0.684023 0.684023
5307.508789 0.000000 2716.368896 0.000000 0.687338 0.000000 0.726338 0.726933 0.726933 0.726933
5379.337402 0.000000 2684.630371 0.000000 0.209677 0.000000 0.977771 0.664233 0.664233 0.664233
5386.660645 0.000000 2731.733154 0.000000 0.396595 0.000000 -0.917994 0.946335 0.946335 0.946335
5379.055176 0.000000 2691.021973 0.000000 0.980099 0.000000 -0.198508 0.825544 0.825544 0.825544
5389.446289 0.000000 2692.395996 0.000000 0.994466 0.000000 -0.105059 0.813874 0.813874 0.813874
5316.885742 0.000000 2681.691162 0.000000 0.472966 0.000000 -0.881081 0.909819 0.909819 0.909819
5378.864258 0.000000 2739.249023 0.000000 0.720132 0.000000 -0.693837 0.894952 0.894952 0.894952
5387.361816 0.000000 2689.985840 0.000000 0.802609 0.000000 -0.596505 0.877867 0.877867 0.877867
5370.903320 0.000000 2770.912109 0.000000 0.717962 0.000000 0.696082 0.715425 0.715425 0.715425
5384.546387 0.000000 2690.782227 0.000000 0.918080 0.000000 0.396396 0.758483 0.758483 0.758483
5358.585449 0.000000 2777.018799 0.000000 0.993342 0.000000 0.115200 0.788009 0.788009 0.788009
5308.791992 0.000000 2674.609863 0.000000 0.991748 0.000000 0.128205 0.782540 0.782540 0.782540
5318.661133 0.000000 2677.751465 0.000000 0.535271 0.000000 0.844680 0.657350 0.657350 0.657350
5390.134766 0.000000 2760.711670 0.000000 0.999923 0.000000 0.012426 0.798238 0.798238 0.798238
5313.362793 0.000000 2677.148682 0.000000 0.610989 0.000000 0.791639 0.703304 0.703304 0.703304
5392.645996 0.000000 2701.865723 0.000000 0.950331 0.000000 0.311242 0.764601 0.764601 0.764601
5383.976562 0.000000 2780.001465 0.000000 0.599692 0.000000 -0.800231 0.942665 0.942665 0.942665
5309.726074 0.000000 2680.005615 0.000000 0.659380 0.000000 0.751810 0.672556 0.672556 0.672556
5322.109375 0.000000 2681.558105 0.000000 0.593825 0.000000 -0.804594 0.902707 0.902707 0.902707
5385.429688 0.000000 2748.281250 0.000000 0.945562 0.000000 0.325442 0.751671 0.751671 0.751671
5360.679199 0.000000 2762.132080 0.000000 0.959011 0.000000 -0.283369 0.838446 0.838446 0.838446
5376.502441 0.000000 2738.336182 0.000000 0.477318 0.000000 0.878730 0.656390 0.656390 0.656390
5383.922852 0.000000 2739.469238 0.000000 0.872393 0.000000 -0.488805 0.857122 0.857122 0.857122
5372.394043 0.000000 2772.973389 0.000000 0.909428 0.000000 -0.415862 0.859962 0.859962 0.859962
5324.706543 0.000000 2699.020508 0.000000 0.659562 0.000000 -0.751650 0.920613 0.920613 0.920613
5386.887695 0.000000 2729.318604 0.000000 0.503947 0.000000 -0.863735 0.929108 0.929108 0.929108
5373.344238 0.000000 2727.886963 0.000000 0.832482 0.000000 -0.554052 0.893826 0.893826 0.893826
5356.329102 0.000000 2722.751953 0.000000 0.999932 0.000000 0.011633 0.798583 0.798583 0.798583
5386.036133 0.000000 2702.139648 0.000000 0.778652 0.000000 0.627455 0.706526 0.706526 0.706526
5388.112305 0.000000 2694.305176 0.000000 0.700168 0.000000 -0.713978 0.949284 0.949284 0.949284
5392.734375 0.000000 2723.049072 0.000000 0.988202 0.000000 -0.153155 0.829174 0.829174 0.829174
5378.334473 0.000000 2710.881348 0.000000 0.618423 0.000000 0.785846 0.653744 0.653744 0.653744
5322.861328 0.000000 2694.671875 0.000000 0.329811 0.000000 -0.944047 1.002210 1.002210 1.002210
5372.378906 0.000000 2739.487061 0.000000 0.998116 0.000000 -0.061348 0.808337 0.808337 0.808337
5384.736328 0.000000 2735.150879 0.000000 0.999934 0.000000 -0.011510 0.802276 0.802276 0.802276
5325.412109 0.000000 2695.084473 0.000000 0.812967 0.000000 -0.582310 0.917935 0.917935 0.917935
5308.391113 0.000000 2681.735840 0.000000 0.857292 0.000000 -0.514830 0.881009 0.881009 0.881009
5390.388672 0.000000 2701.942627 0.000000 0.528210 0.000000 0.849114 0.644013 0.644013 0.644013
5380.562500 0.000000 2708.599365 0.000000 0.824528 0.000000 0.565822 0.685886 0.685886 0.685886
5325.443359 0.000000 2684.878418 0.000000 0.600919 0.000000 -0.799310 0.975725 0.975725 0.975725
5374.789062 0.000000 2772.870117 0.000000 0.523058 0.000000 0.852297 0.588058 0.588058 0.588058
5361.975098 0.000000 2771.003906 0.000000 0.768176 0.000000 0.640239 0.676495 0.676495 0.676495
5328.917969 0.000000 2678.314453 0.000000 0.993107 0.000000 -0.117212 0.821352 0.821352 0.821352
5392.579590 0.000000 2769.574951 0.000000 0.319582 0.000000 -0.947559 1.245276 1.245276 1.245276
5308.140625 0.000000 2678.155762 0.000000 0.251893 0.000000 -0.967755 1.049725 1.049725 1.049725
5390.257812 0.000000 2763.697021 0.000000 0.999316 0.000000 0.036972 0.793500 0.793500 0.793500
5359.815430 0.000000 2766.708496 0.000000 0.579690 0.000000 -0.814837 0.980715 0.980715 0.980715
5327.039551 0.000000 2688.183594 0.000000 0.055951 0.000000 -0.998433 1.023883 1.023883 1.023883
5356.893066 0.000000 2769.168457 0.000000 0.998344 0.000000 -0.057534 0.808738 0.808738 0.808738
5378.358887 0.000000 2686.510254 0.000000 0.913825 0.000000 0.406108 0.730676 0.730676 0.730676
5325.394043 0.000000 2680.745850 0.000000 0.070040 0.000000 0.997544 0.572209 0.572209 0.572209
5357.760254 0.000000 2764.592773 0.000000 0.489741 0.000000 -0.871868 0.988242 0.988242 0.988242
5380.475586 0.000000 2689.446045 0.000000 0.987492 0.000000 -0.157668 0.830041 0.830041 0.830041
5328.324219 0.000000 2681.628662 0.000000 0.996680 0.000000 -0.081412 0.815464 0.815464 0.815464
5383.019531 0.000000 2686.968018 0.000000 0.874964 0.000000 0.484187 0.704100 0.704100 0.704100
5374.887207 0.000000 2716.711914 0.000000 0.995251 0.000000 0.097338 0.783839 0.783839 0.783839
5383.589355 0.000000 2777.795898 0.000000 0.862329 0.000000 0.506348 0.695018 0.695018 0.695018
5384.923828 0.000000 2776.071289 0.000000 0.087029 0.000000 -0.996206 1.078542 1.078542 1.078542
5365.254395 0.000000 2732.244141 0.000000 0.543056 0.000000 -0.839697 0.997079 0.997079 0.997079
5372.292480 0.000000 2723.558594 0.000000 0.812140 0.000000 0.583463 0.681796 0.681796 0.681796
5378.635254 0.000000 2773.669922 0.000000 0.408684 0.000000 0.912676 0.416502 0.416502 0.416502
5378.235352 0.000000 2734.419922 0.000000 0.281195 0.000000 -0.959651 1.059364 1.059364 1.059364
5386.100586 0.000000 2694.575928 0.000000 0.241847 0.000000 -0.970314 1.051692 1.051692 1.051692
5326.264160 0.000000 2675.294434 0.000000 0.138809 0.000000 -0.990319 1.045884 1.045884 1.045884
5376.584473 0.000000 2767.544434 0.000000 0.988245 0.000000 0.152876 0.756473 0.756473 0.756473
5383.580566 0.000000 2728.154297 0.000000 0.964500 0.000000 -0.264084 0.851776 0.851776 0.851776
5391.280273 0.000000 2768.078613 0.000000 0.940685 0.000000 0.339280 0.689384 0.689384 0.689384
5387.819336 0.000000 2698.440674 0.000000 0.753237 0.000000 0.657749 0.678138 0.678138 0.678138
5373.005859 0.000000 2762.627441 0.000000 0.176947 0.000000 0.984220 0.496764 0.496764 0.496764
5386.295410 0.000000 2772.022705 0.000000 0.816156 0.000000 0.577832 0.680647 0.680647 0.680647
5381.282227 0.000000 2771.517578 0.000000 0.367287 0.000000 -0.930107 1.215183 1.215183 1.215183
5382.379395 0.000000 2767.673828 0.000000 0.783788 0.000000 -0.621029 0.929811 0.929811 0.929811
5332.786621 0.000000 2676.489014 0.000000 0.489825 0.000000 -0.871821 0.990340 0.990340 0.990340
5382.241699 0.000000 2749.685059 0.000000 0.238618 0.000000 0.971114 0.547677 0.547677 0.547677
5379.095215 0.000000 2747.429932 0.000000 0.502316 0.000000 0.864684 0.601815 0.601815 0.601815
5390.527344 0.000000 2772.766602 0.000000 0.960724 0.000000 -0.277506 0.867394 0.867394 0.867394
5380.302734 0.000000 2710.799316 0.000000 0.360899 0.000000 0.932605 0.572018 0.572018 0.572018
5382.708496 0.000000 2737.951660 0.000000 0.626535 0.000000 0.779393 0.635787 0.635787 0.635787
5371.677734 0.000000 2737.618652 0.000000 0.828011 0.000000 -0.560712 0.926018 0.926018 0.926018
5312.153809 0.000000 2681.408203 0.000000 0.530364 0.000000 0.847770 0.608030 0.608030 0.608030
5378.452637 0.000000 2766.978027 0.000000 0.970139 0.000000 0.242549 0.745198 0.745198 0.745198
5358.417480 0.000000 2722.918701 0.000000 0.958431 0.000000 0.285326 0.728919 0.728919 0.728919
5386.144043 0.000000 2768.067383 0.000000 0.662596 0.000000 0.748977 0.622477 0.622477 0.622477
5380.083008 0.000000 2769.521973 0.000000 0.808137 0.000000 -0.588995 0.984910 0.984910 0.984910
5313.922363 0.000000 2680.161621 0.000000 0.041496 0.000000 0.999139 0.509836 0.509836 0.509836
5369.224609 0.000000 2764.082520 0.000000 0.996028 0.000000 0.089043 0.782905 0.782905 0.782905
5377.326660 0.000000 2770.595215 0.000000 0.712434 0.000000 0.701739 0.587167 0.587167 0.587167
5375.544922 0.000000 2771.170654 0.000000 0.974196 0.000000 0.225703 0.747255 0.747255 0.747255
5380.970215 0.000000 2775.204102 0.000000 0.335407 0.000000 0.942073 0.458876 0.458876 0.458876
5370.332031 0.000000 2765.797363 0.000000 0.112261 0.000000 0.993679 0.392240 0.392240 0.392240
5360.022949 0.000000 2728.599365 0.000000 0.856984 0.000000 0.515343 0.682136 0.682136 0.682136
5361.324219 0.000000 2725.382812 0.000000 0.171600 0.000000 -0.985167 1.302709 1.302709 1.302709
5388.867676 0.000000 2770.847412 0.000000 0.999912 0.000000 -0.013243 0.803491 0.803491 0.803491
5359.260254 0.000000 2725.154785 0.000000 0.987240 0.000000 -0.159241 0.848230 0.848230 0.848230
5375.516113 0.000000 2764.857666 0.000000 0.349860 0.000000 0.936802 0.438914 0.438914 0.438914
5374.023926 0.000000 2768.619873 0.000000 0.346093 0.000000 -0.938200 1.162282 1.162282 1.162282
5361.373535 0.000000 2722.086914 0.000000 0.724222 0.000000 -0.689567 1.034031 1.034031 1.034031
5420.685059 0.000000 2631.837158 0.000000 0.999265 0.000000 -0.038341 0.800230 0.800230 0.800230
5472.583496 0.000000 2607.996582 0.000000 0.434385 0.000000 0.900727 0.791041 0.791041 0.791041
5468.695801 0.000000 2584.750732 0.000000 0.669418 0.000000 -0.742886 0.811707 0.811707 0.811707
5433.745117 0.000000 2581.893555 0.000000 0.917787 0.000000 -0.397073 0.808155 0.808155 0.808155
5475.358887 0.000000 2595.778320 0.000000 0.106256 0.000000 0.994339 0.770754 0.770754 0.770754
5393.586426 0.000000 2586.026855 0.000000 0.727152 0.000000 0.686477 0.781866 0.781866 0.781866
5447.667480 0.000000 2577.956299 0.000000 0.437736 0.000000 0.899103 0.764282 0.764282 0.764282
5407.792969 0.000000 2579.846924 0.000000 0.016079 0.000000 0.999871 0.753423 0.753423 0.753423
5442.561035 0.000000 2587.399658 0.000000 0.985701 0.000000 0.168504 0.794590 0.794590 0.794590
5443.835449 0.000000 2571.868164 0.000000 0.998118 0.000000 0.061328 0.798039 0.798039 0.798039
5465.097656 0.000000 2642.728271 0.000000 0.162895 0.000000 -0.986643 0.850588 0.850588 0.850588
5409.923340 0.000000 2665.711426 0.000000 0.988155 0.000000 -0.153461 0.806462 0.806462 0.806462
5399.226562 0.000000 2589.381104 0.000000 0.781439 0.000000 0.623981 0.762318 0.762318 0.762318
5434.107910 0.000000 2646.031006 0.000000 0.992880 0.000000 0.119119 0.794754 0.794754 0.794754
5395.788086 0.000000 2621.878418 0.000000 0.012615 0.000000 0.999920 0.719086 0.719086 0.719086
5429.311523 0.000000 2569.471680 0.000000 0.910115 0.000000 0.414356 0.777814 0.777814 0.777814
5454.963379 0.000000 2584.876953 0.000000 0.992073 0.000000 0.125662 0.793961 0.793961 0.793961
5439.887207 0.000000 2649.289062 0.000000 0.976718 0.000000 0.214525 0.787909 0.787909 0.787909
5476.582520 0.000000 2660.081299 0.000000 0.997836 0.000000 0.065757 0.795006 0.795006 0.795006
5415.857422 0.000000 2582.506836 0.000000 0.162879 0.000000 -0.986646 0.875883 0.875883 0.875883
5396.959961 0.000000 2653.207031 0.000000 0.400022 0.000000 -0.916506 0.883351 0.883351 0.883351
5425.113281 0.000000 2600.780762 0.000000 0.464195 0.000000 0.885733 0.730460 0.730460 0.730460
5401.018555 0.000000 2661.230713 0.000000 0.742670 0.000000 -0.669658 0.860084 0.860084 0.860084
5465.030762 0.000000 2653.632568 0.000000 0.051382 0.000000 -0.998679 0.918349 0.918349 0.918349
5405.928223 0.000000 2590.199463 0.000000 0.817781 0.000000 -0.575530 0.844093 0.844093 0.844093
5420.562012 0.000000 2658.425537 0.000000 0.255160 0.000000 0.966899 0.695122 0.695122 0.695122
5467.986816 0.000000 2644.474609 0.000000 0.635848 0.000000 -0.771814 0.873960 0.873960 0.873960
5431.895020 0.000000 2666.488281 0.000000 0.317509 0.000000 -0.948255 0.914629 0.914629 0.914629
5411.606445 0.000000 2647.620605 0.000000 0.719855 0.000000 -0.694124 0.855162 0.855162 0.855162
5443.004883 0.000000 2584.077637 0.000000 0.440020 0.000000 -0.897988 0.906909 0.906909 0.906909
5416.384766 0.000000 2626.159424 0.000000 0.976967 0.000000 0.213389 0.784538 0.784538 0.784538
5436.598633 0.000000 2583.234863 0.000000 0.846420 0.000000 0.532516 0.745042 0.745042 0.745042
5425.223145 0.000000 2654.335938 0.000000 0.103868 0.000000 0.994591 0.170172 0.170172 0.170172
5434.739258 0.000000 2578.888184 0.000000 0.197142 0.000000 -0.980375 0.906896 0.906896 0.906896
5396.568359 0.000000 2578.251221 0.000000 0.380630 0.000000 -0.924727 0.903725 0.903725 0.903725
5444.745117 0.000000 2660.095947 0.000000 0.031921 0.000000 -0.999490 0.959822 0.959822 0.959822
5461.017090 0.000000 2611.742188 0.000000 0.998188 0.000000 0.060177 0.793025 0.793025 0.793025
5404.858887 0.000000 2580.157471 0.000000 0.939693 0.000000 -0.342019 0.839738 0.839738 0.839738
5393.761719 0.000000 2583.138428 0.000000 0.150425 0.000000 0.988621 0.663888 0.663888 0.663888
5423.572754 0.000000 2650.273193 0.000000 0.577905 0.000000 0.816104 0.430112 0.430112 0.430112
5402.891602 0.000000 2604.898193 0.000000 0.998086 0.000000 0.061844 0.794809 0.794809 0.794809
5474.409668 0.000000 2570.219482 0.000000 0.137510 0.000000 -0.990500 0.928778 0.928778 0.928778
5395.530762 0.000000 2643.501953 0.000000 0.936777 0.000000 -0.349928 0.832130 0.832130 0.832130
5398.343262 0.000000 2661.748291 0.000000 0.349951 0.000000 0.936768 0.647338 0.647338 0.647338
5393.881348 0.000000 2664.330078 0.000000 0.553438 0.000000 -0.832890 1.201044 1.201044 1.201044
5419.456055 0.000000 2661.002441 0.000000 0.293957 0.000000 -0.955819 0.924526 0.924526 0.924526
5409.586426 0.000000 2663.015625 0.000000 0.650891 0.000000 0.759171 0.701863 0.701863 0.701863
5405.562500 0.000000 2618.273438 0.000000 0.997015 0.000000 0.077208 0.790121 0.790121 0.790121
5397.699707 0.000000 2655.875000 0.000000 0.999119 0.000000 -0.041967 0.805031 0.805031 0.805031
5420.772461 0.000000 2634.563232 0.000000 0.879893 0.000000 -0.475172 0.859337 0.859337 0.859337
5417.559570 0.000000 2587.906982 0.000000 0.988427 0.000000 -0.151698 0.821290 0.821290 0.821290
5396.612793 0.000000 2650.325684 0.000000 0.971868 0.000000 -0.235526 0.823268 0.823268 0.823268
5462.313477 0.000000 2607.663330 0.000000 0.181434 0.000000 -0.983403 1.326845 1.326845 1.326845
5422.854980 0.000000 2653.193359 0.000000 0.275795 0.000000 0.961217 0.307374 0.307374 0.307374
5479.476074 0.000000 2583.543945 0.000000 0.277389 0.000000 -0.960758 0.962280 0.962280 0.962280
5400.941895 0.000000 2648.964600 0.000000 0.802818 0.000000 -0.596225 0.863791 0.863791 0.863791
5421.317383 0.000000 2663.716309 0.000000 0.927833 0.000000 -0.372995 0.855729 0.855729 0.855729
5441.202148 0.000000 2571.133057 0.000000 0.997126 0.000000 -0.075765 0.808028 0.808028 0.808028
5431.496582 0.000000 2669.083252 0.000000 0.943166 0.000000 0.332321 0.758728 0.758728 0.758728
5465.037598 0.000000 2607.744873 0.000000 0.561753 0.000000 -0.827305 1.161937 1.161937 1.161937
5416.990234 0.000000 2661.547852 0.000000 0.348702 0.000000 0.937234 0.642319 0.642319 0.642319
5429.397949 0.000000 2607.296143 0.000000 0.991649 0.000000 -0.128969 0.819114 0.819114 0.819114
5408.377930 0.000000 2589.862061 0.000000 0.989215 0.000000 -0.146468 0.815854 0.815854 0.815854
5409.608887 0.000000 2650.850342 0.000000 0.409575 0.000000 0.912277 0.653156 0.653156 0.653156
5400.313477 0.000000 2641.020264 0.000000 0.995824 0.000000 0.091299 0.787766 0.787766 0.787766
5395.822266 0.000000 2581.481689 0.000000 0.937304 0.000000 0.348512 0.747387 0.747387 0.747387
5400.916992 0.000000 2587.568359 0.000000 0.883356 0.000000 0.468703 0.745439 0.745439 0.745439
5454.995117 0.000000 2603.123291 0.000000 0.917330 0.000000 0.398127 0.739481 0.739481 0.739481
5465.298340 0.000000 2567.887939 0.000000 0.986647 0.000000 0.162871 0.773207 0.773207 0.773207
5425.051758 0.000000 2656.750244 0.000000 0.994747 0.000000 -0.102364 0.839322 0.839322 0.839322
5413.878418 0.000000 2644.306885 0.000000 0.566179 0.000000 0.824282 0.643250 0.643250 0.643250
5466.238281 0.000000 2610.507080 0.000000 0.633172 0.000000 0.774011 0.508303 0.508303 0.508303
5449.204102 0.000000 2583.906494 0.000000 0.985737 0.000000 -0.168291 0.829382 0.829382 0.829382
5426.795410 0.000000 2641.095947 0.000000 0.450702 0.000000 -0.892674 0.998310 0.998310 0.998310
5424.106934 0.000000 2645.041748 0.000000 0.529939 0.000000 -0.848036 0.953652 0.953652 0.953652
5396.046387 0.000000 2607.620850 0.000000 0.926132 0.000000 -0.377199 0.847893 0.847893 0.847893
5436.020020 0.000000 2580.848145 0.000000 0.960197 0.000000 -0.279322 0.844101 0.844101 0.844101
5430.803223 0.000000 2567.639648 0.000000 0.587562 0.000000 -0.809179 0.946867 0.946867 0.946867
5441.776367 0.000000 2582.162842 0.000000 0.970306 0.000000 0.241880 0.767309 0.767309 0.767309
5453.623047 0.000000 2586.817871 0.000000 0.374379 0.000000 0.927276 0.607960 0.607960 0.607960
5475.104492 0.000000 2587.320801 0.000000 0.437286 0.000000 -0.899323 1.001001 1.001001 1.001001
5460.390137 0.000000 2649.640869 0.000000 0.349879 0.000000 -0.936795 0.991445 0.991445 0.991445
5458.332031 0.000000 2602.563965 0.000000 0.973617 0.000000 -0.228188 0.880924 0.880924 0.880924
5420.419434 0.000000 2642.041260 0.000000 0.598393 0.000000 -0.801202 0.922499 0.922499 0.922499
5439.094727 0.000000 2667.588623 0.000000 0.997083 0.000000 0.076331 0.789471 0.789471 0.789471
5420.038086 0.000000 2638.606445 0.000000 0.581249 0.000000 -0.813726 0.982250 0.982250 0.982250
5396.295898 0.000000 2610.864014 0.000000 0.952815 0.000000 0.303551 0.752569 0.752569 0.752569
5397.090820 0.000000 2659.829102 0.000000 0.757777 0.000000 -0.652514 0.939143 0.939143 0.939143
5427.990723 0.000000 2659.413574 0.000000 0.403094 0.000000 -0.915159 1.257105 1.257105 1.257105
5396.305664 0.000000 2657.687744 0.000000 0.086710 0.000000 -0.996234 1.081566 1.081566 1.081566
5409.853516 0.000000 2587.687500 0.000000 0.986330 0.000000 -0.164783 0.827441 0.827441 0.827441
5411.746094 0.000000 2631.472656 0.000000 0.967876 0.000000 -0.251426 0.896445 0.896445 0.896445
5423.242676 0.000000 2595.652832 0.000000 0.195060 0.000000 0.980791 0.539210 0.539210 0.539210
5407.509766 0.000000 2621.875488 0.000000 0.678201 0.000000 0.734876 0.681294 0.681294 0.681294
5465.739746 0.000000 2615.583496 0.000000 0.377088 0.000000 0.926177 0.603703 0.603703 0.603703
5438.969238 0.000000 2581.169189 0.000000 0.896305 0.000000 -0.443438 0.887171 0.887171 0.887171
5413.647949 0.000000 2640.185547 0.000000 0.436471 0.000000 0.899719 0.585425 0.585425 0.585425
5412.404297 0.000000 2588.100098 0.000000 0.666837 0.000000 -0.745203 0.961218 0.961218 0.961218
5402.338379 0.000000 2602.773682 0.000000 0.794992 0.000000 -0.606620 0.898937 0.898937 0.898937
5424.258301 0.000000 2666.228271 0.000000 0.278725 0.000000 0.960371 0.594152 0.594152 0.594152
5473.442383 0.000000 2573.778320 0.000000 0.424474 0.000000 0.905440 0.585138 0.585138 0.585138
5442.850098 0.000000 2578.969971 0.000000 0.356251 0.000000 0.934390 0.604810 0.604810 0.604810
5408.551758 0.000000 2639.983398 0.000000 0.755585 0.000000 -0.655050 0.945506 0.945506 0.945506
5440.221680 0.000000 2657.657227 0.000000 0.849879 0.000000 0.526977 0.705774 0.705774 0.705774
5401.084961 0.000000 2643.112793 0.000000 0.930235 0.000000 0.366965 0.728707 0.728707 0.728707
5423.729492 0.000000 2662.842285 0.000000 0.827502 0.000000 -0.561462 0.894062 0.894062 0.894062
5442.506836 0.000000 2660.362061 0.000000 0.443907 0.000000 -0.896073 0.997457 0.997457 0.997457
5398.360840 0.000000 2614.821777 0.000000 0.355615 0.000000 0.934632 0.599878 0.599878 0.599878
5416.505859 0.000000 2640.701660 0.000000 0.791001 0.000000 0.611815 0.667196 0.667196 0.667196
5443.271973 0.000000 2666.204346 0.000000 0.938625 0.000000 0.344939 0.733179 0.733179 0.733179
5416.141113 0.000000 2663.669922 0.000000 0.547058 0.000000 0.837094 0.611790 0.611790 0.611790
5418.535645 0.000000 2601.317383 0.000000 0.210205 0.000000 0.977657 0.593715 0.593715 0.593715
5398.868164 0.000000 2596.017090 0.000000 0.043723 0.000000 0.999044 0.525509 0.525509 0.525509
5477.165039 0.000000 2580.450439 0.000000 0.899603 0.000000 -0.436708 0.883041 0.883041 0.883041
5421.097168 0.000000 2594.996826 0.000000 0.644675 0.000000 0.764457 0.633153 0.633153 0.633153
5443.885254 0.000000 2662.184082 0.000000 0.233890 0.000000 -0.972263 1.053247 1.053247 1.053247
5426.354004 0.000000 2599.057861 0.000000 0.775635 0.000000 0.631182 0.679945 0.679945 0.679945
5399.307617 0.000000 2666.099609 0.000000 0.823227 0.000000 0.567712 0.685451 0.685451 0.685451
5477.588867 0.000000 2590.731445 0.000000 0.272476 0.000000 -0.962163 1.045678 1.045678 1.045678
5418.594727 0.000000 2590.005615 0.000000 0.686104 0.000000 0.727504 0.645425 0.645425 0.645425
5395.270508 0.000000 2604.799316 0.000000 0.978540 0.000000 -0.206056 0.839379 0.839379 0.839379
5448.817383 0.000000 2585.939209 0.000000 0.519478 0.000000 -0.854484 0.994397 0.994397 0.994397
5393.720703 0.000000 2661.081299 0.000000 0.198356 0.000000 0.980130 0.337203 0.337203 0.337203
5475.587402 0.000000 2577.519531 0.000000 0.381409 0.000000 0.924406 0.590343 0.590343 0.590343
5427.262207 0.000000 2653.869141 0.000000 1.000000 0.000000 0.000094 0.799955 0.799955 0.799955
5412.402832 0.000000 2633.456543 0.000000 0.580610 0.000000 0.814182 0.452298 0.452298 0.452298
5461.879395 0.000000 2609.727539 0.000000 0.000963 0.000000 1.000000 0.477061 0.477061 0.477061
5423.666504 0.000000 2637.758301 0.000000 0.147292 0.000000 0.989093 0.566956 0.566956 0.566956
5427.318848 0.000000 2668.704346 0.000000 0.571249 0.000000 -0.820777 0.982674 0.982674 0.982674
5434.986816 0.000000 2569.693604 0.000000 0.948680 0.000000 -0.316238 0.861050 0.861050 0.861050
5437.959473 0.000000 2650.626465 0.000000 0.012598 0.000000 0.999921 0.554145 0.554145 0.554145
5415.906250 0.000000 2589.605469 0.000000 0.921157 0.000000 -0.389192 0.879840 0.879840 0.879840
5407.494629 0.000000 2585.413574 0.000000 0.323736 0.000000 -0.946148 1.035487 1.035487 1.035487
5400.169434 0.000000 2601.659668 0.000000 0.617177 0.000000 0.786824 0.610077 0.610077 0.610077
5398.529297 0.000000 2618.813232 0.000000 0.689109 0.000000 0.724658 0.646210 0.646210 0.646210
5461.744629 0.000000 2604.610840 0.000000 0.948237 0.000000 -0.317562 0.922630 0.922630 0.922630
5401.689941 0.000000 2583.632568 0.000000 0.627575 0.000000 0.778556 0.630685 0.630685 0.630685
5410.866211 0.000000 2584.176514 0.000000 0.338631 0.000000 -0.940919 1.032492 1.032492 1.032492
5408.202148 0.000000 2597.556641 0.000000 0.543164 0.000000 0.839627 0.479539 0.479539 0.479539
5408.446289 0.000000 2629.620850 0.000000 0.990845 0.000000 0.135005 0.758349 0.758349 0.758349
5427.039062 0.000000 2657.563477 0.000000 0.391331 0.000000 -0.920250 1.322863 1.322863 1.322863
5415.079102 0.000000 2595.632568 0.000000 0.500529 0.000000 0.865720 0.501089 0.501089 0.501089
5399.851074 0.000000 2668.807373 0.000000 0.935571 0.000000 -0.353138 0.899477 0.899477 0.899477
5428.727539 0.000000 2604.529297 0.000000 0.988877 0.000000 0.148736 0.774059 0.774059 0.774059
5403.212891 0.000000 2654.179932 0.000000 0.435888 0.000000 -0.900001 1.043773 1.043773 1.043773
5454.579102 0.000000 2596.648682 0.000000 0.589710 0.000000 -0.807615 1.092905 1.092905 1.092905
5418.074707 0.000000 2592.964844 0.000000 0.018042 0.000000 -0.999837 1.138033 1.138033 1.138033
5406.646484 0.000000 2653.182617 0.000000 0.967168 0.000000 -0.254138 0.856965 0.856965 0.856965
5411.214844 0.000000 2599.977783 0.000000 0.526416 0.000000 -0.850227 1.090294 1.090294 1.090294
5415.885254 0.000000 2631.263428 0.000000 0.607220 0.000000 0.794534 0.614772 0.614772 0.614772
5409.498535 0.000000 2585.633057 0.000000 0.295891 0.000000 0.955222 0.558956 0.558956 0.558956
5442.367188 0.000000 2664.440430 0.000000 0.763922 0.000000 -0.645308 0.933087 0.933087 0.933087
5426.657715 0.000000 2645.094482 0.000000 0.132567 0.000000 0.991174 0.527188 0.527188 0.527188
5475.148926 0.000000 2574.744141 0.000000 0.626289 0.000000 -0.779591 0.969628 0.969628 0.969628
5427.656738 0.000000 2650.211426 0.000000 0.753256 0.000000 -0.657728 1.101059 1.101059 1.101059
5414.947266 0.000000 2633.533936 0.000000 0.203364 0.000000 0.979103 0.467155 0.467155 0.467155
5395.645996 0.000000 2665.344971 0.000000 0.873445 0.000000 0.486922 0.598887 0.598887 0.598887
5431.328125 0.000000 2656.734619 0.000000 0.200610 0.000000 0.979671 0.553953 0.553953 0.553953
5399.160156 0.000000 2643.551514 0.000000 0.985487 0.000000 -0.169754 0.832025 0.832025 0.832025
5437.263672 0.000000 2671.382324 0.000000 0.951480 0.000000 0.307710 0.740653 0.740653 0.740653
5435.693359 0.000000 2670.103516 0.000000 0.375217 0.000000 -0.926937 1.025060 1.025060 1.025060
5468.636719 0.000000 2568.210938 0.000000 0.594084 0.000000 -0.804403 0.977342 0.977342 0.977342
5395.878418 0.000000 2602.877197 0.000000 0.157658 0.000000 -0.987494 1.068000 1.068000 1.068000
5399.531250 0.000000 2656.455078 0.000000 0.393952 0.000000 0.919131 0.578791 0.578791 0.578791
5399.449707 0.000000 2671.882324 0.000000 0.137226 0.000000 0.990540 0.353479 0.353479 0.353479
5408.111816 0.000000 2633.498779 0.000000 0.635387 0.000000 0.772194 0.532155 0.532155 0.532155
5410.985352 0.000000 2627.771240 0.000000 0.460520 0.000000 -0.887650 1.122849 1.122849 1.122849
5467.832520 0.000000 2614.571777 0.000000 0.449390 0.000000 0.893336 0.570537 0.570537 0.570537
5459.855957 0.000000 2603.694092 0.000000 0.637269 0.000000 0.770641 0.490722 0.490722 0.490722
5406.069824 0.000000 2584.157715 0.000000 0.898924 0.000000 0.438105 0.713956 0.713956 0.713956
5406.671875 0.000000 2643.531982 0.000000 0.950004 0.000000 -0.312239 0.882449 0.882449 0.882449
5431.227539 0.000000 2650.054199 0.000000 0.279083 0.000000 0.960267 0.509323 0.509323 0.509323
5424.436523 0.000000 2652.145020 0.000000 0.333310 0.000000 -0.942817 1.348261 1.348261 1.348261
5429.276855 0.000000 2654.525146 0.000000 0.505773 0.000000 -0.862667 1.184460 1.184460 1.184460
5415.057129 0.000000 2600.329346 0.000000 0.606103 0.000000 -0.795386 0.998369 0.998369 0.998369
5410.231934 0.000000 2638.096436 0.000000 0.831234 0.000000 0.555923 0.652835 0.652835 0.652835
5402.132324 0.000000 2596.395264 0.000000 0.614682 0.000000 0.788775 0.564035 0.564035 0.564035
5394.317383 0.000000 2669.034668 0.000000 0.975495 0.000000 0.220020 0.753922 0.753922 0.753922
5419.599609 0.000000 2597.490723 0.000000 0.791158 0.000000 -0.611611 0.955096 0.955096 0.955096
5409.957031 0.000000 2631.332275 0.000000 0.135074 0.000000 -0.990835 1.258664 1.258664 1.258664
5404.923828 0.000000 2652.652588 0.000000 0.217763 0.000000 -0.976002 1.077978 1.077978 1.077978
5462.793945 0.000000 2611.557129 0.000000 0.631333 0.000000 -0.775512 1.012712 1.012712 1.012712
5457.065430 0.000000 2599.410889 0.000000 0.746084 0.000000 -0.665852 1.066312 1.066312 1.066312
5469.619629 0.000000 2608.104004 0.000000 0.440910 0.000000 -0.897551 1.053683 1.053683 1.053683
5458.229492 0.000000 2605.785889 0.000000 0.891465 0.000000 -0.453089 0.938056 0.938056 0.938056
5403.970215 0.000000 2622.095703 0.000000 0.499625 0.000000 0.866242 0.517530 0.517530 0.517530
5421.854980 0.000000 2649.745361 0.000000 0.984107 0.000000 -0.177574 0.846708 0.846708 0.846708
5397.159668 0.000000 2663.137939 0.000000 0.489987 0.000000 0.871730 0.522998 0.522998 0.522998
5400.891602 0.000000 2599.077393 0.000000 0.381413 0.000000 -0.924405 1.054414 1.054414 1.054414
5458.373047 0.000000 2600.800781 0.000000 0.679647 0.000000 0.733539 0.489141 0.489141 0.489141
5396.941406 0.000000 2666.538818 0.000000 0.385361 0.000000 -0.922766 1.107476 1.107476 1.107476
5451.599121 0.000000 2592.376709 0.000000 0.311000 0.000000 -0.950410 1.083137 1.083137 1.083137
5404.536621 0.000000 2596.911621 0.000000 0.983619 0.000000 0.180262 0.747871 0.747871 0.747871
5430.191406 0.000000 2651.418945 0.000000 0.999921 0.000000 0.012552 0.797167 0.797167 0.797167
5452.470215 0.000000 2589.665283 0.000000 0.961928 0.000000 0.273302 0.736418 0.736418 0.736418
5458.042480 0.000000 2597.671875 0.000000 0.830281 0.000000 0.557345 0.638239 0.638239 0.638239
5414.906250 0.000000 2637.137939 0.000000 0.993311 0.000000 0.115472 0.771107 0.771107 0.771107
5455.046387 0.000000 2593.279297 0.000000 0.277187 0.000000 -0.960816 1.158106 1.158106 1.158106
5454.395996 0.000000 2601.496094 0.000000 0.345637 0.000000 0.938368 0.503248 0.503248 0.503248
5429.647461 0.000000 2656.688477 0.000000 0.922137 0.000000 -0.386864 0.942011 0.942011 0.942011
5426.395020 0.000000 2655.661133 0.000000 0.979141 0.000000 -0.203184 0.893990 0.893990 0.893990
5407.158203 0.000000 2594.131348 0.000000 0.908534 0.000000 -0.417811 0.909332 0.909332 0.909332
5414.023438 0.000000 2599.003174 0.000000 0.281716 0.000000 0.959498 0.427802 0.427802 0.427802
5411.517090 0.000000 2634.856934 0.000000 0.788951 0.000000 -0.614456 1.037882 1.037882 1.037882
5402.863770 0.000000 2623.944580 0.000000 0.644584 0.000000 -0.764534 1.034661 1.034661 1.034661
5456.686035 0.000000 2602.907715 0.000000 0.404343 0.000000 0.914607 0.481788 0.481788 0.481788
5411.277832 0.000000 2595.762939 0.000000 0.349785 0.000000 -0.936830 1.132028 1.132028 1.132028
5459.833984 0.000000 2597.775635 0.000000 0.320095 0.000000 -0.947385 1.140650 1.140650 1.140650
5409.032715 0.000000 2594.105713 0.000000 0.216568 0.000000 0.976268 0.440732 0.440732 0.440732
5422.502930 0.000000 2651.608643 0.000000 0.802650 0.000000 -0.596450 1.047617 1.047617 1.047617
5397.109375 0.000000 2671.281494 0.000000 0.447403 0.000000 0.894333 0.521437 0.521437 0.521437
5457.450684 0.000000 2594.273926 0.000000 0.939978 0.000000 -0.341235 0.887633 0.887633 0.887633
5454.198730 0.000000 2595.080566 0.000000 0.316032 0.000000 0.948748 0.448197 0.448197 0.448197
5520.777344 0.000000 2596.471436 0.000000 0.048437 0.000000 0.998826 0.793919 0.793919 0.793919
5520.737305 0.000000 2581.893555 0.000000 0.690808 0.000000 -0.723038 0.814527 0.814527 0.814527
5497.056152 0.000000 2601.742188 0.000000 0.784575 0.000000 0.620035 0.779964 0.779964 0.779964
5544.959473 0.000000 2592.674316 0.000000 0.522601 0.000000 0.852577 0.773493 0.773493 0.773493
5554.881348 0.000000 2608.743652 0.000000 0.365245 0.000000 0.930911 0.764143 0.764143 0.764143
5555.562012 0.000000 2672.029297 0.000000 0.456208 0.000000 0.889873 0.758369 0.758369 0.758369
5490.035156 0.000000 2617.260498 0.000000 0.935760 0.000000 -0.352639 0.813676 0.813676 0.813676
5480.956543 0.000000 2573.038818 0.000000 0.999746 0.000000 -0.022531 0.800945 0.800945 0.800945
5546.746582 0.000000 2595.999756 0.000000 0.634235 0.000000 -0.773140 0.845893 0.845893 0.845893
5531.019043 0.000000 2600.218750 0.000000 0.900708 0.000000 0.434424 0.767688 0.767688 0.767688
5505.666992 0.000000 2640.531006 0.000000 0.643745 0.000000 -0.765240 0.866136 0.866136 0.866136
5488.010742 0.000000 2661.230713 0.000000 0.921198 0.000000 -0.389093 0.831129 0.831129 0.831129
5495.203125 0.000000 2627.453369 0.000000 0.655234 0.000000 -0.755426 0.863279 0.863279 0.863279
5503.376953 0.000000 2626.159424 0.000000 0.888119 0.000000 -0.459614 0.839106 0.839106 0.839106
5501.088379 0.000000 2653.857910 0.000000 0.590601 0.000000 0.806964 0.704355 0.704355 0.704355
5495.032715 0.000000 2631.587891 0.000000 0.376202 0.000000 -0.926538 0.915980 0.915980 0.915980
5567.012207 0.000000 2643.743164 0.000000 0.944279 0.000000 0.329145 0.775885 0.775885 0.775885
5490.724121 0.000000 2663.612549 0.000000 0.791286 0.000000 0.611446 0.752698 0.752698 0.752698
5519.261230 0.000000 2593.831543 0.000000 0.999164 0.000000 0.040890 0.796487 0.796487 0.796487
5566.628418 0.000000 2589.394531 0.000000 0.626041 0.000000 -0.779790 0.878592 0.878592 0.878592
5540.768066 0.000000 2623.643311 0.000000 0.904856 0.000000 0.425718 0.764868 0.764868 0.764868
5507.234375 0.000000 2654.101318 0.000000 0.788269 0.000000 0.615331 0.732487 0.732487 0.732487
5527.604492 0.000000 2670.221436 0.000000 0.354337 0.000000 0.935118 0.684135 0.684135 0.684135
5552.558105 0.000000 2622.087891 0.000000 0.964510 0.000000 0.264047 0.767978 0.767978 0.767978
5527.424316 0.000000 2659.826416 0.000000 0.999992 0.000000 0.004028 0.799485 0.799485 0.799485
5542.908691 0.000000 2594.900391 0.000000 0.900195 0.000000 0.435487 0.759504 0.759504 0.759504
5507.986816 0.000000 2648.170166 0.000000 0.977060 0.000000 0.212965 0.780283 0.780283 0.780283
5540.994629 0.000000 2616.259033 0.000000 0.786106 0.000000 -0.618092 0.861216 0.861216 0.861216
5533.992676 0.000000 2664.909668 0.000000 0.763162 0.000000 0.646207 0.729837 0.729837 0.729837
5500.535156 0.000000 2607.171875 0.000000 0.719402 0.000000 -0.694594 0.893549 0.893549 0.893549
5562.793457 0.000000 2650.517334 0.000000 0.136701 0.000000 0.990612 0.619608 0.619608 0.619608
5489.708008 0.000000 2585.375000 0.000000 0.724031 0.000000 -0.689767 0.879052 0.879052 0.879052
5556.760254 0.000000 2614.663574 0.000000 0.294108 0.000000 -0.955772 0.924511 0.924511 0.924511
5489.439941 0.000000 2672.708740 0.000000 0.921123 0.000000 0.389271 0.760870 0.760870 0.760870
5532.346680 0.000000 2672.968750 0.000000 0.061221 0.000000 -0.998124 0.962805 0.962805 0.962805
5550.057129 0.000000 2602.862061 0.000000 0.861851 0.000000 0.507162 0.720327 0.720327 0.720327
5492.295898 0.000000 2615.644531 0.000000 0.324740 0.000000 -0.945803 0.948602 0.948602 0.948602
5564.119141 0.000000 2653.727295 0.000000 0.181434 0.000000 0.983403 0.647492 0.647492 0.647492
5557.960938 0.000000 2673.017090 0.000000 0.006186 0.000000 0.999981 0.615631 0.615631 0.615631
5486.817383 0.000000 2591.789795 0.000000 0.236720 0.000000 -0.971578 0.986196 0.986196 0.986196
5551.729004 0.000000 2619.672607 0.000000 0.770787 0.000000 0.637093 0.704812 0.704812 0.704812
5563.625000 0.000000 2613.657959 0.000000 0.974692 0.000000 0.223551 0.768029 0.768029 0.768029
5511.460449 0.000000 2641.206055 0.000000 0.998168 0.000000 -0.060502 0.807980 0.807980 0.807980
5515.226074 0.000000 2643.808838 0.000000 0.987402 0.000000 0.158231 0.779372 0.779372 0.779372
5484.905762 0.000000 2602.930420 0.000000 0.587932 0.000000 0.808910 0.696490 0.696490 0.696490
5560.383789 0.000000 2590.082520 0.000000 0.962005 0.000000 -0.273032 0.834244 0.834244 0.834244
5505.956543 0.000000 2649.647705 0.000000 0.824065 0.000000 -0.566495 0.899835 0.899835 0.899835
5494.456055 0.000000 2602.994385 0.000000 0.916306 0.000000 0.400478 0.745686 0.745686 0.745686
5493.178223 0.000000 2668.740723 0.000000 0.698631 0.000000 -0.715483 0.922617 0.922617 0.922617
5503.706055 0.000000 2645.040039 0.000000 0.764984 0.000000 -0.644049 0.885255 0.885255 0.885255
5519.371582 0.000000 2590.049805 0.000000 0.498188 0.000000 0.867069 0.636537 0.636537 0.636537
5565.180176 0.000000 2623.262451 0.000000 0.627593 0.000000 0.778542 0.662769 0.662769 0.662769
5496.560547 0.000000 2646.375977 0.000000 0.870041 0.000000 -0.492980 0.864865 0.864865 0.864865
5560.872070 0.000000 2622.334229 0.000000 0.405711 0.000000 0.914001 0.597345 0.597345 0.597345
5531.874023 0.000000 2586.362061 0.000000 0.087854 0.000000 -0.996133 1.010271 1.010271 1.010271
5538.889160 0.000000 2611.414307 0.000000 0.048571 0.000000 -0.998820 1.031056 1.031056 1.031056
5523.041504 0.000000 2663.328613 0.000000 0.368098 0.000000 0.929787 0.652169 0.652169 0.652169
5528.164062 0.000000 2672.804688 0.000000 0.371918 0.000000 0.928266 0.640797 0.640797 0.640797
5513.787598 0.000000 2641.095947 0.000000 0.333718 0.000000 -0.942673 0.994159 0.994159 0.994159
5501.566406 0.000000 2651.516113 0.000000 0.369183 0.000000 -0.929357 0.966743 0.966743 0.966743
5555.978516 0.000000 2625.229736 0.000000 0.879640 0.000000 0.475639 0.734659 0.734659 0.734659
5500.418457 0.000000 2629.635986 0.000000 0.977267 0.000000 -0.212011 0.835841 0.835841 0.835841
5556.870605 0.000000 2666.177002 0.000000 0.751249 0.000000 -0.660019 0.896460 0.896460 0.896460
5516.651367 0.000000 2586.296387 0.000000 0.956809 0.000000 0.290718 0.749923 0.749923 0.749923
5557.396484 0.000000 2649.960938 0.000000 0.310811 0.000000 0.950472 0.323853 0.323853 0.323853
5496.583984 0.000000 2617.661377 0.000000 0.380663 0.000000 0.924714 0.576056 0.576056 0.576056
5522.151855 0.000000 2658.944336 0.000000 0.203357 0.000000 0.979105 0.540816 0.540816 0.540816
5552.115723 0.000000 2598.850830 0.000000 0.813618 0.000000 -0.581400 0.891699 0.891699 0.891699
5526.086914 0.000000 2667.588623 0.000000 0.980148 0.000000 0.198268 0.772893 0.772893 0.772893
5507.030273 0.000000 2638.606445 0.000000 0.726721 0.000000 0.686933 0.680518 0.680518 0.680518
5552.318848 0.000000 2603.896973 0.000000 0.997885 0.000000 0.064999 0.787659 0.787659 0.787659
5552.719727 0.000000 2644.870117 0.000000 0.879791 0.000000 -0.475361 0.894980 0.894980 0.894980
5484.083008 0.000000 2659.829102 0.000000 0.397905 0.000000 0.917427 0.637605 0.637605 0.637605
5494.534668 0.000000 2608.749512 0.000000 0.986933 0.000000 -0.161133 0.821980 0.821980 0.821980
5543.225098 0.000000 2609.326904 0.000000 0.313095 0.000000 -0.949722 0.990094 0.990094 0.990094
5483.297852 0.000000 2657.687744 0.000000 0.772581 0.000000 0.634916 0.703827 0.703827 0.703827
5564.522949 0.000000 2641.967041 0.000000 0.567081 0.000000 -0.823662 0.962372 0.962372 0.962372
5562.622559 0.000000 2662.130615 0.000000 0.989128 0.000000 -0.147057 0.823582 0.823582 0.823582
5561.758301 0.000000 2597.892090 0.000000 0.740464 0.000000 -0.672096 0.916291 0.916291 0.916291
5560.579102 0.000000 2655.104004 0.000000 0.941761 0.000000 0.336283 0.734926 0.734926 0.734926
5558.720703 0.000000 2628.166504 0.000000 0.563175 0.000000 0.826337 0.650431 0.650431 0.650431
5504.612305 0.000000 2638.531494 0.000000 0.848307 0.000000 0.529504 0.716413 0.716413 0.716413
5494.501953 0.000000 2621.875488 0.000000 0.304396 0.000000 -0.952545 0.973845 0.973845 0.973845
5542.699219 0.000000 2621.476074 0.000000 0.790919 0.000000 -0.611921 0.923625 0.923625 0.923625
5501.384766 0.000000 2625.247070 0.000000 0.968078 0.000000 -0.250648 0.834408 0.834408 0.834408
5497.540527 0.000000 2623.079590 0.000000 0.556456 0.000000 0.830877 0.613928 0.613928 0.613928
5489.330566 0.000000 2602.773682 0.000000 0.475001 0.000000 -0.879985 0.999828 0.999828 0.999828
5564.373047 0.000000 2594.958252 0.000000 0.996130 0.000000 -0.087887 0.813533 0.813533 0.813533
5554.546875 0.000000 2601.614990 0.000000 0.969346 0.000000 0.245701 0.752899 0.752899 0.752899
5559.041504 0.000000 2614.878906 0.000000 0.120438 0.000000 0.992721 0.542245 0.542245 0.542245
5532.423340 0.000000 2598.592773 0.000000 0.318686 0.000000 -0.947860 1.056415 1.056415 1.056415
5562.122070 0.000000 2645.325195 0.000000 0.938119 0.000000 -0.346314 0.852973 0.852973 0.852973
5524.779785 0.000000 2585.169434 0.000000 0.650247 0.000000 0.759723 0.617321 0.617321 0.617321
5492.382324 0.000000 2604.901367 0.000000 0.941392 0.000000 0.337314 0.734719 0.734719 0.734719
5489.702637 0.000000 2665.686035 0.000000 0.881120 0.000000 0.472893 0.708508 0.708508 0.708508
5484.730469 0.000000 2590.975342 0.000000 0.180915 0.000000 -0.983499 0.999722 0.999722 0.999722
5566.563965 0.000000 2662.590576 0.000000 0.280833 0.000000 -0.959757 1.077422 1.077422 1.077422
5530.264160 0.000000 2666.204346 0.000000 0.436755 0.000000 0.899580 0.587720 0.587720 0.587720
5485.860352 0.000000 2596.017090 0.000000 0.687770 0.000000 -0.725929 0.944405 0.944405 0.944405
5564.242188 0.000000 2656.712646 0.000000 0.887510 0.000000 0.460789 0.709138 0.709138 0.709138
5513.223145 0.000000 2636.838379 0.000000 0.704928 0.000000 0.709279 0.669294 0.669294 0.669294
5493.404297 0.000000 2636.987549 0.000000 0.707876 0.000000 0.706337 0.679383 0.679383 0.679383
5486.299805 0.000000 2666.099609 0.000000 0.926636 0.000000 0.375960 0.728408 0.728408 0.728408
5564.581055 0.000000 2590.731445 0.000000 0.336281 0.000000 0.941762 0.591557 0.591557 0.591557
5482.744629 0.000000 2598.971680 0.000000 0.849089 0.000000 0.528250 0.705519 0.705519 0.705519
5545.020020 0.000000 2613.842773 0.000000 0.291127 0.000000 -0.956684 1.036895 1.036895 1.036895
5548.575684 0.000000 2625.232422 0.000000 0.473124 0.000000 0.880996 0.595470 0.595470 0.595470
5542.450195 0.000000 2612.340576 0.000000 0.991083 0.000000 -0.133249 0.825358 0.825358 0.825358
5495.789062 0.000000 2606.932617 0.000000 0.852311 0.000000 0.523035 0.695567 0.695567 0.695567
5559.513184 0.000000 2635.159668 0.000000 0.127678 0.000000 0.991816 0.514726 0.514726 0.514726
5480.712891 0.000000 2661.081299 0.000000 0.804447 0.000000 0.594025 0.693291 0.693291 0.693291
5499.395020 0.000000 2633.456543 0.000000 0.448678 0.000000 0.893694 0.455557 0.455557 0.455557
5564.103027 0.000000 2631.575439 0.000000 0.142384 0.000000 -0.989812 1.070932 1.070932 1.070932
5510.658691 0.000000 2637.758301 0.000000 0.664758 0.000000 -0.747059 0.956698 0.956698 0.956698
5565.389160 0.000000 2635.499512 0.000000 0.896037 0.000000 0.443979 0.712714 0.712714 0.712714
5556.672852 0.000000 2653.513916 0.000000 0.394286 0.000000 0.918988 0.606793 0.606793 0.606793
5564.142578 0.000000 2605.620361 0.000000 0.490750 0.000000 0.871301 0.573933 0.573933 0.573933
5528.542969 0.000000 2585.539795 0.000000 0.995019 0.000000 -0.099684 0.816951 0.816951 0.816951
5560.152832 0.000000 2651.567139 0.000000 0.999940 0.000000 -0.010910 0.802484 0.802484 0.802484
5487.161621 0.000000 2601.659668 0.000000 0.665031 0.000000 -0.746816 0.959998 0.959998 0.959998
5505.766113 0.000000 2634.223145 0.000000 0.392923 0.000000 -0.919571 1.026083 1.026083 1.026083
5546.276855 0.000000 2616.574219 0.000000 0.983730 0.000000 0.179651 0.757430 0.757430 0.757430
5538.182617 0.000000 2598.831787 0.000000 0.255186 0.000000 0.966892 0.545677 0.545677 0.545677
5558.087891 0.000000 2596.035156 0.000000 0.953643 0.000000 0.300941 0.742001 0.742001 0.742001
5552.219727 0.000000 2627.435547 0.000000 0.287284 0.000000 0.957846 0.557248 0.557248 0.557248
5561.998047 0.000000 2616.092773 0.000000 0.497003 0.000000 0.867749 0.497829 0.497829 0.497829
5564.319336 0.000000 2639.559814 0.000000 0.642857 0.000000 -0.765986 0.965560 0.965560 0.965560
5530.465820 0.000000 2594.918701 0.000000 0.225782 0.000000 0.974178 0.386912 0.386912 0.386912
5558.669434 0.000000 2647.836914 0.000000 0.172084 0.000000 0.985082 0.336554 0.336554 0.336554
5561.590820 0.000000 2609.007324 0.000000 0.177034 0.000000 0.984205 0.535729 0.535729 0.535729
5528.212402 0.000000 2592.149170 0.000000 0.968601 0.000000 0.248622 0.720712 0.720712 0.720712
5502.971680 0.000000 2652.910889 0.000000 0.996969 0.000000 0.077800 0.786312 0.786312 0.786312
5562.252930 0.000000 2632.642090 0.000000 0.378375 0.000000 0.925652 0.589760 0.589760 0.589760
5565.264648 0.000000 2661.094238 0.000000 0.905297 0.000000 0.424778 0.717635 0.717635 0.717635
5541.987305 0.000000 2605.156250 0.000000 0.879371 0.000000 0.476138 0.705841 0.705841 0.705841
5515.896973 0.000000 2641.887939 0.000000 0.570999 0.000000 0.820951 0.617269 0.617269 0.617269
5560.279785 0.000000 2665.038330 0.000000 0.055591 0.000000 0.998454 0.512514 0.512514 0.512514
5499.788086 0.000000 2645.962158 0.000000 0.756206 0.000000 0.654334 0.664660 0.664660 0.664660
5556.363770 0.000000 2660.689453 0.000000 0.932576 0.000000 0.360973 0.729928 0.729928 0.729928
5514.428711 0.000000 2638.632324 0.000000 0.244039 0.000000 -0.969765 1.051263 1.051263 1.051263
5529.359375 0.000000 2664.440430 0.000000 0.380046 0.000000 0.924968 0.575929 0.575929 0.575929
5556.226074 0.000000 2642.700684 0.000000 0.834868 0.000000 0.550450 0.643998 0.643998 0.643998
5561.544434 0.000000 2649.031982 0.000000 0.372836 0.000000 -0.927897 1.084902 1.084902 1.084902
5564.511719 0.000000 2665.782227 0.000000 0.363024 0.000000 0.931780 0.548498 0.548498 0.548498
5498.348145 0.000000 2609.619141 0.000000 0.702164 0.000000 0.712016 0.649659 0.649659 0.649659
5558.147949 0.000000 2645.621094 0.000000 0.938834 0.000000 0.344371 0.700292 0.700292 0.700292
5501.939453 0.000000 2633.533936 0.000000 0.404138 0.000000 -0.914698 1.152869 1.152869 1.152869
5545.764160 0.000000 2622.383057 0.000000 0.545314 0.000000 -0.838232 0.988605 0.988605 0.988605
5554.287109 0.000000 2603.814941 0.000000 0.999976 0.000000 0.006959 0.798763 0.798763 0.798763
5566.658203 0.000000 2604.691406 0.000000 0.822333 0.000000 -0.569006 0.999472 0.999472 0.999472
5556.692871 0.000000 2630.967285 0.000000 0.091022 0.000000 -0.995849 1.080745 1.080745 1.080745
5480.572266 0.000000 2657.470947 0.000000 0.488336 0.000000 -0.872656 0.999120 0.999120 0.999120
5564.643555 0.000000 2609.251221 0.000000 0.692007 0.000000 -0.721891 0.962694 0.962694 0.962694
5556.323730 0.000000 2599.244385 0.000000 0.338091 0.000000 0.941113 0.567399 0.567399 0.567399
5525.082520 0.000000 2588.033203 0.000000 0.747522 0.000000 -0.664237 0.988622 0.988622 0.988622
5497.952637 0.000000 2619.366455 0.000000 0.422699 0.000000 0.906270 0.584766 0.584766 0.584766
5480.575684 0.000000 2591.181152 0.000000 0.020976 0.000000 0.999780 0.468797 0.468797 0.468797
5485.997070 0.000000 2663.654297 0.000000 0.997876 0.000000 0.065146 0.787630 0.787630 0.787630
5559.446777 0.000000 2653.513672 0.000000 0.548120 0.000000 -0.836400 1.015670 1.015670 1.015670
5561.531738 0.000000 2594.077637 0.000000 0.333662 0.000000 0.942693 0.566507 0.566507 0.566507
5564.720703 0.000000 2620.254395 0.000000 0.836965 0.000000 0.547256 0.686657 0.686657 0.686657
5562.618652 0.000000 2623.216797 0.000000 0.977777 0.000000 -0.209648 0.840075 0.840075 0.840075
5562.175781 0.000000 2626.358398 0.000000 0.894807 0.000000 -0.446453 0.888734 0.888734 0.888734
5561.433105 0.000000 2620.142578 0.000000 0.820390 0.000000 0.571804 0.655329 0.655329 0.655329
5554.992188 0.000000 2646.393555 0.000000 0.905446 0.000000 -0.424462 0.947964 0.947964 0.947964
5560.951172 0.000000 2639.752441 0.000000 0.594951 0.000000 -0.803762 1.005107 1.005107 1.005107
5560.178711 0.000000 2616.434082 0.000000 0.660127 0.000000 -0.751154 1.044407 1.044407 1.044407
5544.332520 0.000000 2618.891357 0.000000 0.460704 0.000000 0.887554 0.512108 0.512108 0.512108
5566.722656 0.000000 2602.449707 0.000000 0.626842 0.000000 0.779146 0.569846 0.569846 0.569846
5559.712891 0.000000 2618.238770 0.000000 0.994542 0.000000 0.104340 0.777035 0.777035 0.777035
5559.054199 0.000000 2636.942871 0.000000 0.604110 0.000000 0.796901 0.604774 0.604774 0.604774
5528.755371 0.000000 2594.274414 0.000000 0.718693 0.000000 0.695327 0.614189 0.614189 0.614189
5530.397461 0.000000 2589.072754 0.000000 0.618404 0.000000 0.785860 0.594153 0.594153 0.594153
5538.992188 0.000000 2603.079834 0.000000 0.836291 0.000000 -0.548286 0.924016 0.924016 0.924016
5559.525879 0.000000 2644.524170 0.000000 0.695358 0.000000 -0.718664 1.027419 1.027419 1.027419
5527.815430 0.000000 2587.580566 0.000000 0.398396 0.000000 0.917213 0.521738 0.521738 0.521738
5561.644531 0.000000 2647.000977 0.000000 0.946863 0.000000 -0.321638 0.876520 0.876520 0.876520
5501.898438 0.000000 2637.137939 0.000000 0.962982 0.000000 0.269567 0.726952 0.726952 0.726952
5567.047363 0.000000 2607.982666 0.000000 0.979839 0.000000 0.199789 0.740142 0.740142 0.740142
5534.096191 0.000000 2593.173096 0.000000 0.224075 0.000000 -0.974572 1.138422 1.138422 1.138422
5566.966309 0.000000 2667.744141 0.000000 0.939825 0.000000 -0.341656 0.888442 0.888442 0.888442
5556.609863 0.000000 2651.413330 0.000000 0.958949 0.000000 -0.283579 0.885564 0.885564 0.885564
5556.656250 0.000000 2644.885010 0.000000 0.861526 0.000000 0.507714 0.637271 0.637271 0.637271
5498.509277 0.000000 2634.856934 0.000000 0.794244 0.000000 -0.607599 1.023029 1.023029 1.023029
5535.594238 0.000000 2596.774170 0.000000 0.602460 0.000000 -0.798149 1.041810 1.041810 1.041810
5556.466309 0.000000 2648.633789 0.000000 0.724224 0.000000 -0.689565 1.088738 1.088738 1.088738
5532.573730 0.000000 2592.359375 0.000000 0.775353 0.000000 -0.631527 1.014329 1.014329 1.014329
5460.679688 0.000000 2748.911865 0.000000 0.875107 0.000000 0.483930 0.790920 0.790920 0.790920
5429.520020 0.000000 2680.378418 0.000000 0.651844 0.000000 -0.758353 0.817192 0.817192 0.817192
5430.148438 0.000000 2730.093018 0.000000 0.902451 0.000000 0.430793 0.786657 0.786657 0.786657
5473.887695 0.000000 2734.699463 0.000000 0.872585 0.000000 0.488462 0.783692 0.783692 0.783692
5452.716797 0.000000 2708.435547 0.000000 0.987173 0.000000 -0.159652 0.806084 0.806084 0.806084
5436.485352 0.000000 2693.890381 0.000000 0.587662 0.000000 -0.809106 0.830122 0.830122 0.830122
5477.458008 0.000000 2779.202148 0.000000 0.973963 0.000000 0.226707 0.789951 0.789951 0.789951
5409.923340 0.000000 2772.695801 0.000000 0.970784 0.000000 -0.239956 0.813067 0.813067 0.813067
5452.321289 0.000000 2756.581055 0.000000 0.525966 0.000000 -0.850506 0.842653 0.842653 0.842653
5446.656738 0.000000 2741.193359 0.000000 0.517253 0.000000 0.855833 0.748713 0.748713 0.748713
5459.515137 0.000000 2725.672119 0.000000 0.998496 0.000000 -0.054833 0.803177 0.803177 0.803177
5429.311523 0.000000 2676.456055 0.000000 0.755533 0.000000 0.655111 0.755773 0.755773 0.755773
5430.009766 0.000000 2736.579346 0.000000 0.790276 0.000000 0.612752 0.765751 0.765751 0.765751
5408.915039 0.000000 2760.679688 0.000000 0.961524 0.000000 0.274721 0.781102 0.781102 0.781102
5415.385254 0.000000 2745.779785 0.000000 0.165363 0.000000 -0.986233 0.872942 0.872942 0.872942
5421.889160 0.000000 2750.789551 0.000000 0.763690 0.000000 -0.645583 0.840647 0.840647 0.840647
5448.275391 0.000000 2694.975098 0.000000 0.894866 0.000000 -0.446335 0.832342 0.832342 0.832342
5428.049805 0.000000 2727.049072 0.000000 0.953530 0.000000 0.301299 0.778606 0.778606 0.778606
5415.169434 0.000000 2675.920166 0.000000 0.933147 0.000000 -0.359495 0.825705 0.825705 0.825705
5421.011719 0.000000 2690.229248 0.000000 0.897584 0.000000 0.440844 0.772646 0.772646 0.772646
5442.057129 0.000000 2715.935547 0.000000 0.965793 0.000000 -0.259315 0.817289 0.817289 0.817289
5473.137207 0.000000 2753.221436 0.000000 0.141739 0.000000 0.989904 0.683018 0.683018 0.683018
5447.607422 0.000000 2705.892334 0.000000 0.764098 0.000000 -0.645100 0.856015 0.856015 0.856015
5475.175293 0.000000 2775.474365 0.000000 0.378596 0.000000 -0.925562 0.870853 0.870853 0.870853
5413.887695 0.000000 2738.874023 0.000000 0.063247 0.000000 -0.997998 0.905380 0.905380 0.905380
5413.277344 0.000000 2716.911865 0.000000 0.310423 0.000000 0.950598 0.704740 0.704740 0.704740
5432.602051 0.000000 2732.465088 0.000000 0.971510 0.000000 -0.236997 0.821027 0.821027 0.821027
5479.408203 0.000000 2755.093018 0.000000 0.539527 0.000000 0.841969 0.736029 0.736029 0.736029
5461.197754 0.000000 2699.624023 0.000000 0.735819 0.000000 0.677178 0.734625 0.734625 0.734625
5402.234863 0.000000 2729.354736 0.000000 0.894212 0.000000 -0.447645 0.839860 0.839860 0.839860
5431.895020 0.000000 2773.472656 0.000000 0.795394 0.000000 0.606093 0.742779 0.742779 0.742779
5441.276855 0.000000 2745.770996 0.000000 0.896022 0.000000 0.444010 0.596011 0.596011 0.596011
5453.053711 0.000000 2720.500732 0.000000 0.668876 0.000000 -0.743374 0.861934 0.861934 0.861934
5430.793945 0.000000 2687.735352 0.000000 0.886185 0.000000 -0.463331 0.847146 0.847146 0.847146
5450.151367 0.000000 2710.286621 0.000000 0.578642 0.000000 -0.815582 0.880003 0.880003 0.880003
5460.759277 0.000000 2677.062500 0.000000 0.502703 0.000000 -0.864459 0.889666 0.889666 0.889666
5407.176758 0.000000 2707.552246 0.000000 0.316069 0.000000 -0.948736 0.917264 0.917264 0.917264
5421.590820 0.000000 2693.260986 0.000000 0.077168 0.000000 0.997018 0.674715 0.674715 0.674715
5432.269043 0.000000 2700.815918 0.000000 0.995655 0.000000 -0.093113 0.809684 0.809684 0.809684
5421.699219 0.000000 2744.078857 0.000000 0.527963 0.000000 0.849267 0.722997 0.722997 0.722997
5453.061035 0.000000 2711.495117 0.000000 0.346001 0.000000 -0.938234 0.904560 0.904560 0.904560
5431.828613 0.000000 2739.164307 0.000000 0.558832 0.000000 0.829281 0.696494 0.696494 0.696494
5479.636230 0.000000 2696.378906 0.000000 0.213955 0.000000 -0.976844 0.913678 0.913678 0.913678
5396.568359 0.000000 2685.235596 0.000000 0.834962 0.000000 -0.550308 0.855865 0.855865 0.855865
5431.222656 0.000000 2704.811523 0.000000 0.445589 0.000000 -0.895238 0.901884 0.901884 0.901884
5468.593262 0.000000 2729.515381 0.000000 0.518875 0.000000 -0.854850 0.922862 0.922862 0.922862
5464.674316 0.000000 2697.797363 0.000000 0.721915 0.000000 0.691982 0.729788 0.729788 0.729788
5393.541992 0.000000 2700.365967 0.000000 0.725108 0.000000 -0.688635 0.884958 0.884958 0.884958
5462.825684 0.000000 2755.277588 0.000000 0.861030 0.000000 -0.508553 0.863932 0.863932 0.863932
5420.994629 0.000000 2755.154541 0.000000 0.534942 0.000000 0.844889 0.683424 0.683424 0.683424
5468.388672 0.000000 2718.440674 0.000000 0.568249 0.000000 0.822857 0.684190 0.684190 0.684190
5409.586426 0.000000 2770.000000 0.000000 0.228013 0.000000 -0.973658 0.971380 0.971380 0.971380
5413.009766 0.000000 2765.649902 0.000000 0.118248 0.000000 0.992984 0.614366 0.614366 0.614366
5455.547852 0.000000 2775.818359 0.000000 0.670015 0.000000 0.742347 0.469177 0.469177 0.469177
5459.928223 0.000000 2751.565918 0.000000 0.396455 0.000000 0.918054 0.662939 0.662939 0.662939
5408.075684 0.000000 2677.012939 0.000000 0.419405 0.000000 -0.907799 0.947737 0.947737 0.947737
5441.335449 0.000000 2709.264160 0.000000 0.927501 0.000000 -0.373821 0.846677 0.846677 0.846677
5449.669434 0.000000 2749.787109 0.000000 0.999767 0.000000 0.021577 0.797414 0.797414 0.797414
5407.316895 0.000000 2772.366455 0.000000 0.182230 0.000000 -0.983256 0.982903 0.982903 0.982903
5436.142578 0.000000 2704.741699 0.000000 0.624898 0.000000 -0.780706 0.901980 0.901980 0.901980
5404.624023 0.000000 2707.198730 0.000000 0.334901 0.000000 -0.942253 0.974319 0.974319 0.974319
5434.144043 0.000000 2722.149170 0.000000 0.235844 0.000000 -0.971791 0.973013 0.973013 0.973013
5395.958008 0.000000 2701.553467 0.000000 0.654698 0.000000 0.755890 0.692165 0.692165 0.692165
5460.896973 0.000000 2777.625000 0.000000 0.355621 0.000000 -0.934630 0.968777 0.968777 0.968777
5441.202148 0.000000 2678.117432 0.000000 0.564241 0.000000 -0.825610 0.912513 0.912513 0.912513
5447.504883 0.000000 2743.713867 0.000000 0.287694 0.000000 -0.957722 0.981364 0.981364 0.981364
5431.496582 0.000000 2776.067627 0.000000 0.815944 0.000000 -0.578132 0.891107 0.891107 0.891107
5395.784180 0.000000 2674.609863 0.000000 0.999560 0.000000 -0.029672 0.803141 0.803141 0.803141
5434.691406 0.000000 2773.152832 0.000000 0.484703 0.000000 -0.874679 0.931850 0.931850 0.931850
5416.505859 0.000000 2712.448486 0.000000 0.995360 0.000000 0.096222 0.788259 0.788259 0.788259
5463.064941 0.000000 2709.846436 0.000000 0.945292 0.000000 -0.326225 0.843804 0.843804 0.843804
5405.532227 0.000000 2764.139893 0.000000 0.964909 0.000000 -0.262583 0.830778 0.830778 0.830778
5405.303711 0.000000 2722.628906 0.000000 0.531063 0.000000 -0.847332 0.933260 0.933260 0.933260
5422.464355 0.000000 2697.848633 0.000000 0.762318 0.000000 0.647203 0.702995 0.702995 0.702995
5444.067383 0.000000 2714.285645 0.000000 0.709255 0.000000 0.704952 0.699997 0.699997 0.699997
5410.486328 0.000000 2765.241211 0.000000 0.848618 0.000000 -0.529006 0.871252 0.871252 0.871252
5463.836426 0.000000 2694.065430 0.000000 0.108428 0.000000 0.994104 0.604342 0.604342 0.604342
5479.638184 0.000000 2701.865723 0.000000 0.534597 0.000000 -0.845107 0.928688 0.928688 0.928688
5396.718262 0.000000 2680.005615 0.000000 0.572909 0.000000 -0.819619 0.928562 0.928562 0.928562
5470.487305 0.000000 2716.636719 0.000000 0.887859 0.000000 -0.460115 0.859206 0.859206 0.859206
5446.470215 0.000000 2687.148438 0.000000 0.062752 0.000000 0.998029 0.607242 0.607242 0.607242
5465.037598 0.000000 2714.729248 0.000000 0.555595 0.000000 -0.831453 0.937251 0.937251 0.937251
5400.990234 0.000000 2701.274902 0.000000 0.999602 0.000000 0.028224 0.795828 0.795828 0.795828
5429.397949 0.000000 2714.280518 0.000000 0.036413 0.000000 -0.999337 1.039032 1.039032 1.039032
5408.377930 0.000000 2696.846436 0.000000 0.999640 0.000000 -0.026835 0.804020 0.804020 0.804020
5451.044434 0.000000 2680.357910 0.000000 0.399353 0.000000 -0.916797 0.962174 0.962174 0.962174
5443.353516 0.000000 2775.916504 0.000000 0.961100 0.000000 -0.276202 0.844154 0.844154 0.844154
5457.774414 0.000000 2748.517822 0.000000 0.128697 0.000000 0.991684 0.607073 0.607073 0.607073
5456.605957 0.000000 2761.823975 0.000000 0.813136 0.000000 -0.582074 0.883136 0.883136 0.883136
5431.687012 0.000000 2690.630615 0.000000 0.950384 0.000000 -0.311080 0.838539 0.838539 0.838539
5447.671387 0.000000 2762.132080 0.000000 0.680254 0.000000 -0.732977 0.918303 0.918303 0.918303
5418.510254 0.000000 2715.393555 0.000000 0.992759 0.000000 -0.120124 0.816354 0.816354 0.816354
5467.796875 0.000000 2737.604492 0.000000 0.428661 0.000000 -0.903465 0.939652 0.939652 0.939652
5463.518555 0.000000 2730.717041 0.000000 0.523016 0.000000 -0.852323 0.956926 0.956926 0.956926
5435.379395 0.000000 2733.645508 0.000000 0.394634 0.000000 0.918838 0.627799 0.627799 0.627799
5456.287598 0.000000 2689.681641 0.000000 0.205515 0.000000 0.978654 0.306984 0.306984 0.306984
5404.322754 0.000000 2740.407227 0.000000 0.974272 0.000000 0.225375 0.764586 0.764586 0.764586
5459.386230 0.000000 2772.973389 0.000000 0.523166 0.000000 0.852231 0.425072 0.425072 0.425072
5407.463867 0.000000 2709.978760 0.000000 0.739538 0.000000 -0.673115 0.901760 0.901760 0.901760
5436.423340 0.000000 2754.157959 0.000000 0.355297 0.000000 -0.934753 0.988120 0.988120 0.988120
5406.249512 0.000000 2735.914795 0.000000 0.356005 0.000000 0.934484 0.628870 0.628870 0.628870
5406.186035 0.000000 2775.725098 0.000000 0.207420 0.000000 0.978252 0.606883 0.606883 0.606883
5455.927246 0.000000 2694.241455 0.000000 0.273202 0.000000 -0.961957 0.970582 0.970582 0.970582
5470.912109 0.000000 2693.073975 0.000000 0.619168 0.000000 0.785259 0.679150 0.679150 0.679150
5413.237305 0.000000 2744.508789 0.000000 0.921290 0.000000 0.388877 0.748148 0.748148 0.748148
5411.698730 0.000000 2699.020508 0.000000 0.341549 0.000000 -0.939864 0.987964 0.987964 0.987964
5425.051758 0.000000 2763.734619 0.000000 0.137158 0.000000 0.990549 0.613941 0.613941 0.613941
5393.577637 0.000000 2727.490723 0.000000 0.158495 0.000000 0.987360 0.599825 0.599825 0.599825
5475.866699 0.000000 2709.485107 0.000000 0.463963 0.000000 0.885855 0.613065 0.613065 0.613065
5429.683105 0.000000 2696.065674 0.000000 0.865415 0.000000 0.501057 0.735012 0.735012 0.735012
5475.169434 0.000000 2778.576172 0.000000 0.924203 0.000000 0.381903 0.751477 0.751477 0.751477
5451.896973 0.000000 2718.398682 0.000000 0.197914 0.000000 0.980219 0.580852 0.580852 0.580852
5403.313965 0.000000 2763.280273 0.000000 0.943450 0.000000 -0.331514 0.843193 0.843193 0.843193
5469.695312 0.000000 2764.305420 0.000000 0.912183 0.000000 0.409784 0.745188 0.745188 0.745188
5462.193359 0.000000 2726.041016 0.000000 0.797262 0.000000 0.603634 0.687395 0.687395 0.687395
5423.190430 0.000000 2706.291260 0.000000 0.324832 0.000000 0.945772 0.621692 0.621692 0.621692
5422.610352 0.000000 2737.447021 0.000000 0.634072 0.000000 -0.773274 0.907698 0.907698 0.907698
5436.049316 0.000000 2770.312988 0.000000 0.997575 0.000000 0.069607 0.788869 0.788869 0.788869
5424.106934 0.000000 2752.026123 0.000000 0.191706 0.000000 -0.981452 1.042175 1.042175 1.042175
5414.160645 0.000000 2728.976074 0.000000 0.798881 0.000000 0.601490 0.707196 0.707196 0.707196
5461.426758 0.000000 2761.035645 0.000000 0.921631 0.000000 -0.388068 0.863677 0.863677 0.863677
5435.658691 0.000000 2724.295410 0.000000 0.997540 0.000000 0.070093 0.788791 0.788791 0.788791
5436.020020 0.000000 2687.832520 0.000000 0.862617 0.000000 0.505858 0.712079 0.712079 0.712079
5430.803223 0.000000 2674.624023 0.000000 0.880433 0.000000 0.474171 0.730932 0.730932 0.730932
5398.426270 0.000000 2743.351318 0.000000 0.715355 0.000000 -0.698761 0.905073 0.905073 0.905073
5468.986328 0.000000 2732.214111 0.000000 0.680300 0.000000 -0.732934 0.944582 0.944582 0.944582
5413.426270 0.000000 2736.620361 0.000000 0.555585 0.000000 0.831459 0.662748 0.662748 0.662748
5425.733887 0.000000 2756.120605 0.000000 0.742603 0.000000 -0.669731 0.934841 0.934841 0.934841
5399.923828 0.000000 2736.139160 0.000000 0.988106 0.000000 -0.153776 0.852111 0.852111 0.852111
5454.555664 0.000000 2706.810303 0.000000 0.326626 0.000000 -0.945154 0.963199 0.963199 0.963199
5453.623047 0.000000 2693.802246 0.000000 0.805378 0.000000 0.592762 0.682149 0.682149 0.682149
5404.267578 0.000000 2743.204834 0.000000 0.358248 0.000000 -0.933626 0.992439 0.992439 0.992439
5469.878418 0.000000 2773.161377 0.000000 0.778752 0.000000 0.627332 0.679461 0.679461 0.679461
5429.659180 0.000000 2693.280762 0.000000 0.989926 0.000000 -0.141589 0.826955 0.826955 0.826955
5399.238770 0.000000 2760.797119 0.000000 0.971299 0.000000 -0.237860 0.845568 0.845568 0.845568
5458.627441 0.000000 2731.887451 0.000000 0.391071 0.000000 0.920360 0.578196 0.578196 0.578196
5475.104492 0.000000 2694.305176 0.000000 0.841790 0.000000 0.539806 0.715726 0.715726 0.715726
5454.749023 0.000000 2773.390137 0.000000 0.627275 0.000000 0.778798 0.509366 0.509366 0.509366
5408.843262 0.000000 2742.266602 0.000000 0.999995 0.000000 0.003236 0.799496 0.799496 0.799496
5435.159668 0.000000 2765.928711 0.000000 0.867196 0.000000 -0.497968 0.990515 0.990515 0.990515
5465.123535 0.000000 2705.835205 0.000000 0.690958 0.000000 -0.722895 0.953305 0.953305 0.953305
5430.266113 0.000000 2744.823486 0.000000 0.088162 0.000000 -0.996106 1.051680 1.051680 1.051680
5457.173828 0.000000 2685.446533 0.000000 0.186411 0.000000 -0.982472 1.286245 1.286245 1.286245
5417.280762 0.000000 2704.156982 0.000000 0.976186 0.000000 0.216934 0.762440 0.762440 0.762440
5439.566406 0.000000 2750.628174 0.000000 0.897160 0.000000 0.441705 0.734211 0.734211 0.734211
5399.876953 0.000000 2729.740479 0.000000 0.849096 0.000000 -0.528238 0.898924 0.898924 0.898924
5407.542480 0.000000 2715.733887 0.000000 0.776888 0.000000 0.629638 0.680294 0.680294 0.680294
5425.542969 0.000000 2693.837158 0.000000 0.936268 0.000000 -0.351287 0.855918 0.855918 0.855918
5409.853516 0.000000 2694.671875 0.000000 0.849810 0.000000 -0.527090 0.906446 0.906446 0.906446
5449.437012 0.000000 2744.962646 0.000000 0.787607 0.000000 0.616178 0.674037 0.674037 0.674037
5412.536133 0.000000 2705.270020 0.000000 0.315242 0.000000 -0.949011 1.037188 1.037188 1.037188
5466.850586 0.000000 2693.117920 0.000000 0.270013 0.000000 -0.962857 1.046164 1.046164 1.046164
5433.208984 0.000000 2683.201416 0.000000 0.365140 0.000000 0.930952 0.582444 0.582444 0.582444
5474.766113 0.000000 2704.876465 0.000000 0.995373 0.000000 0.096084 0.783663 0.783663 0.783663
5457.987793 0.000000 2688.213867 0.000000 0.977536 0.000000 0.210767 0.723232 0.723232 0.723232
5404.050293 0.000000 2781.419434 0.000000 0.917023 0.000000 0.398834 0.722161 0.722161 0.722161
5404.874512 0.000000 2747.710938 0.000000 0.984677 0.000000 -0.174387 0.829407 0.829407 0.829407
5423.242676 0.000000 2702.637207 0.000000 0.259415 0.000000 0.965766 0.596175 0.596175 0.596175
5403.030273 0.000000 2736.999512 0.000000 0.874680 0.000000 -0.484702 0.958672 0.958672 0.958672
5454.643555 0.000000 2777.836914 0.000000 0.339564 0.000000 0.940583 0.386744 0.386744 0.386744
5414.392578 0.000000 2732.231445 0.000000 0.791829 0.000000 0.610743 0.681904 0.681904 0.681904
5465.739746 0.000000 2722.567871 0.000000 0.708816 0.000000 -0.705394 0.931359 0.931359 0.931359
5440.296875 0.000000 2743.794922 0.000000 0.199700 0.000000 -0.979857 1.393648 1.393648 1.393648
5437.611816 0.000000 2732.363281 0.000000 0.998079 0.000000 0.061956 0.789847 0.789847 0.789847
5410.548340 0.000000 2730.063965 0.000000 0.354423 0.000000 0.935085 0.384850 0.384850 0.384850
5412.404297 0.000000 2695.084473 0.000000 0.643804 0.000000 -0.765190 0.921819 0.921819 0.921819
5406.987793 0.000000 2732.599609 0.000000 0.530255 0.000000 -0.847838 0.987953 0.987953 0.987953
5402.338379 0.000000 2709.758057 0.000000 0.910366 0.000000 0.413804 0.719053 0.719053 0.719053
5477.380859 0.000000 2701.942627 0.000000 0.829857 0.000000 0.557976 0.687686 0.687686 0.687686
5467.554688 0.000000 2708.599365 0.000000 0.920118 0.000000 0.391641 0.723647 0.723647 0.723647
5473.317871 0.000000 2712.877930 0.000000 0.838861 0.000000 -0.544346 0.895419 0.895419 0.895419
5419.561035 0.000000 2694.028320 0.000000 0.506109 0.000000 -0.862469 0.955804 0.955804 0.955804
5395.937988 0.000000 2734.921387 0.000000 0.287962 0.000000 -0.957642 0.978771 0.978771 0.978771
5442.850098 0.000000 2685.954346 0.000000 0.962850 0.000000 0.270038 0.751396 0.751396 0.751396
5445.431152 0.000000 2705.577148 0.000000 0.487883 0.000000 -0.872909 0.961070 0.961070 0.961070
5433.778809 0.000000 2738.209717 0.000000 0.733998 0.000000 0.679152 0.688164 0.688164 0.688164
5408.551758 0.000000 2746.967773 0.000000 0.762160 0.000000 0.647388 0.687491 0.687491 0.687491
5461.781250 0.000000 2772.870117 0.000000 0.956682 0.000000 -0.291135 0.897352 0.897352 0.897352
5401.015625 0.000000 2686.449951 0.000000 0.900288 0.000000 -0.435294 0.885451 0.885451 0.885451
5418.729004 0.000000 2713.238770 0.000000 0.392616 0.000000 -0.919703 1.044799 1.044799 1.044799
5448.967285 0.000000 2771.003906 0.000000 0.996950 0.000000 0.078044 0.787205 0.787205 0.787205
5425.807617 0.000000 2717.658447 0.000000 0.033314 0.000000 0.999445 0.545131 0.545131 0.545131
5428.566406 0.000000 2720.603271 0.000000 0.626158 0.000000 0.779697 0.653557 0.653557 0.653557
5422.882812 0.000000 2713.519775 0.000000 0.451365 0.000000 0.892339 0.573198 0.573198 0.573198
5405.390137 0.000000 2711.885742 0.000000 0.241534 0.000000 0.970392 0.548247 0.548247 0.548247
5407.320801 0.000000 2778.717041 0.000000 0.149057 0.000000 0.988829 0.536025 0.536025 0.536025
5423.729492 0.000000 2769.826660 0.000000 0.960747 0.000000 -0.277425 0.890393 0.890393 0.890393
5442.506836 0.000000 2767.346436 0.000000 0.950662 0.000000 0.310229 0.685971 0.685971 0.685971
5402.710449 0.000000 2772.670410 0.000000 0.912732 0.000000 0.408560 0.719303 0.719303 0.719303
5424.780762 0.000000 2699.842529 0.000000 0.907955 0.000000 -0.419068 0.864773 0.864773 0.864773
5397.738281 0.000000 2697.959717 0.000000 0.898649 0.000000 0.438669 0.731070 0.731070 0.731070
5442.586426 0.000000 2762.922607 0.000000 0.293949 0.000000 -0.955821 1.028723 1.028723 1.028723
5421.450195 0.000000 2682.223145 0.000000 0.617898 0.000000 -0.786259 0.937329 0.937329 0.937329
5397.931641 0.000000 2728.706543 0.000000 0.857053 0.000000 -0.515229 0.903781 0.903781 0.903781
5430.839355 0.000000 2769.117920 0.000000 0.979282 0.000000 0.202500 0.766605 0.766605 0.766605
5398.868164 0.000000 2703.001465 0.000000 0.792338 0.000000 0.610082 0.675501 0.675501 0.675501
5463.653809 0.000000 2758.971680 0.000000 0.838027 0.000000 0.545628 0.683579 0.683579 0.683579
5421.097168 0.000000 2701.981201 0.000000 0.877273 0.000000 -0.479992 0.883992 0.883992 0.883992
5414.031738 0.000000 2688.183594 0.000000 0.867817 0.000000 -0.496884 0.886202 0.886202 0.886202
5406.412109 0.000000 2743.971924 0.000000 0.999752 0.000000 -0.022270 0.803336 0.803336 0.803336
5443.885254 0.000000 2769.168457 0.000000 0.663390 0.000000 -0.748273 1.065107 1.065107 1.065107
5406.229980 0.000000 2720.627686 0.000000 0.999428 0.000000 0.033805 0.789398 0.789398 0.789398
5454.349609 0.000000 2688.738037 0.000000 0.103697 0.000000 0.994609 0.284360 0.284360 0.284360
5426.354004 0.000000 2706.042236 0.000000 0.770302 0.000000 -0.637680 0.931200 0.931200 0.931200
5477.588867 0.000000 2697.715820 0.000000 0.646404 0.000000 0.762995 0.661322 0.661322 0.661322
5461.583496 0.000000 2732.216797 0.000000 0.948382 0.000000 -0.317130 0.861229 0.861229 0.861229
5402.185547 0.000000 2744.025879 0.000000 0.774611 0.000000 0.632438 0.668720 0.668720 0.668720
5455.458008 0.000000 2719.324951 0.000000 0.494353 0.000000 0.869261 0.625326 0.625326 0.625326
5412.386230 0.000000 2680.745850 0.000000 0.206316 0.000000 0.978485 0.410724 0.410724 0.410724
5444.752441 0.000000 2764.592773 0.000000 0.643729 0.000000 -0.765254 1.048887 1.048887 1.048887
5464.744141 0.000000 2719.044189 0.000000 0.665815 0.000000 -0.746117 0.959799 0.959799 0.959799
5418.594727 0.000000 2696.989990 0.000000 0.952567 0.000000 -0.304328 0.858673 0.858673 0.858673
5443.163574 0.000000 2742.375977 0.000000 0.930247 0.000000 0.366934 0.676187 0.676187 0.676187
5450.829590 0.000000 2689.565918 0.000000 0.884976 0.000000 0.465637 0.711002 0.711002 0.711002
5393.720703 0.000000 2768.065674 0.000000 0.235704 0.000000 0.971825 0.323497 0.323497 0.323497
5477.586914 0.000000 2756.259277 0.000000 0.161742 0.000000 0.986833 0.560913 0.560913 0.560913
5469.355957 0.000000 2696.392090 0.000000 0.853123 0.000000 0.521710 0.712305 0.712305 0.712305
5427.262207 0.000000 2760.853516 0.000000 0.587037 0.000000 0.809560 0.651148 0.651148 0.651148
5436.178223 0.000000 2735.858887 0.000000 0.973311 0.000000 -0.229490 0.843934 0.843934 0.843934
5479.689453 0.000000 2759.937012 0.000000 0.265831 0.000000 0.964020 0.553013 0.553013 0.553013
5461.879395 0.000000 2716.711914 0.000000 0.978322 0.000000 -0.207089 0.847495 0.847495 0.847495
5404.523926 0.000000 2713.804199 0.000000 0.904486 0.000000 0.426503 0.730478 0.730478 0.730478
5456.700195 0.000000 2681.018311 0.000000 0.709337 0.000000 0.704870 0.556278 0.556278 0.556278
5470.581543 0.000000 2777.795898 0.000000 0.683479 0.000000 -0.729970 0.955258 0.955258 0.955258
5471.916016 0.000000 2776.071289 0.000000 0.986824 0.000000 0.161800 0.769165 0.769165 0.769165
5469.680664 0.000000 2760.498291 0.000000 0.803683 0.000000 -0.595057 0.933656 0.933656 0.933656
5455.748047 0.000000 2752.287354 0.000000 0.998595 0.000000 0.052985 0.791212 0.791212 0.791212
5437.959473 0.000000 2757.610840 0.000000 0.295362 0.000000 -0.955385 1.041149 1.041149 1.041149
5429.799316 0.000000 2716.324463 0.000000 0.686195 0.000000 0.727418 0.645449 0.645449 0.645449
5455.840332 0.000000 2749.357666 0.000000 0.715726 0.000000 -0.698381 0.946692 0.946692 0.946692
5472.351074 0.000000 2708.843262 0.000000 0.802297 0.000000 0.596925 0.687575 0.687575 0.687575
5400.366699 0.000000 2742.698730 0.000000 0.483588 0.000000 -0.875296 1.021432 1.021432 1.021432
5407.104980 0.000000 2726.815918 0.000000 0.040305 0.000000 -0.999187 1.139298 1.139298 1.139298
5407.494629 0.000000 2692.397949 0.000000 0.992544 0.000000 0.121886 0.771203 0.771203 0.771203
5400.169434 0.000000 2708.644043 0.000000 0.835188 0.000000 -0.549965 0.896532 0.896532 0.896532
5425.815918 0.000000 2710.354980 0.000000 0.348848 0.000000 -0.937179 1.037704 1.037704 1.037704
5465.627441 0.000000 2773.669922 0.000000 0.808907 0.000000 0.587936 0.602922 0.602922 0.602922
5424.315918 0.000000 2767.627197 0.000000 0.916467 0.000000 0.400111 0.680790 0.680790 0.680790
5461.082031 0.000000 2706.179932 0.000000 0.106507 0.000000 0.994312 0.469573 0.469573 0.469573
5465.227539 0.000000 2734.419922 0.000000 0.884270 0.000000 0.466975 0.710724 0.710724 0.710724
5439.358398 0.000000 2740.308105 0.000000 0.989571 0.000000 0.144048 0.745724 0.745724 0.745724
5473.092773 0.000000 2694.575928 0.000000 0.529677 0.000000 -0.848199 0.971900 0.971900 0.971900
5401.689941 0.000000 2690.616943 0.000000 0.927900 0.000000 -0.372829 0.867149 0.867149 0.867149
5401.423340 0.000000 2760.207031 0.000000 0.885372 0.000000 -0.464883 0.891739 0.891739 0.891739
5405.775391 0.000000 2771.041504 0.000000 0.662509 0.000000 -0.749054 0.960638 0.960638 0.960638
5443.473633 0.000000 2701.903076 0.000000 0.888738 0.000000 0.458416 0.717254 0.717254 0.717254
5410.866211 0.000000 2691.160889 0.000000 0.694675 0.000000 -0.719324 0.937896 0.937896 0.937896
5457.785156 0.000000 2755.424805 0.000000 0.861945 0.000000 0.507002 0.672567 0.672567 0.672567
5415.193848 0.000000 2766.138672 0.000000 0.998891 0.000000 0.047083 0.791063 0.791063 0.791063
5427.039062 0.000000 2764.547852 0.000000 0.419580 0.000000 0.907718 0.577296 0.577296 0.577296
5451.070801 0.000000 2767.488281 0.000000 0.191735 0.000000 0.981447 0.535815 0.535815 0.535815
5449.981934 0.000000 2715.335693 0.000000 0.630751 0.000000 0.775985 0.624364 0.624364 0.624364
5402.547363 0.000000 2739.494385 0.000000 0.449136 0.000000 -0.893463 1.115593 1.115593 1.115593
5415.079102 0.000000 2702.616943 0.000000 0.995745 0.000000 -0.092147 0.815850 0.815850 0.815850
5399.851074 0.000000 2775.791748 0.000000 0.754793 0.000000 0.655964 0.678540 0.678540 0.678540
5409.764160 0.000000 2698.548340 0.000000 0.886909 0.000000 0.461945 0.708890 0.708890 0.708890
5474.811523 0.000000 2698.440674 0.000000 0.223032 0.000000 0.974811 0.544637 0.544637 0.544637
5405.671875 0.000000 2777.638184 0.000000 0.534289 0.000000 -0.845302 0.991090 0.991090 0.991090
5434.723145 0.000000 2680.716797 0.000000 0.505779 0.000000 0.862663 0.602576 0.602576 0.602576
5403.212891 0.000000 2761.164307 0.000000 0.712614 0.000000 -0.701556 0.947536 0.947536 0.947536
5473.935059 0.000000 2710.055176 0.000000 0.852890 0.000000 0.522090 0.703457 0.703457 0.703457
5396.158691 0.000000 2775.186279 0.000000 0.289228 0.000000 -0.957260 1.014303 1.014303 1.014303
5454.995117 0.000000 2712.140625 0.000000 0.002833 0.000000 0.999996 0.477446 0.477446 0.477446
5437.511719 0.000000 2739.495605 0.000000 0.893929 0.000000 0.448208 0.668191 0.668191 0.668191
5440.954102 0.000000 2758.141357 0.000000 0.084008 0.000000 -0.996465 1.168190 1.168190 1.168190
5418.074707 0.000000 2699.949219 0.000000 0.732954 0.000000 0.680278 0.661038 0.661038 0.661038
5452.808594 0.000000 2764.170166 0.000000 0.498772 0.000000 0.866733 0.621982 0.621982 0.621982
5409.498535 0.000000 2692.617432 0.000000 0.678925 0.000000 -0.734207 0.966319 0.966319 0.966319
5433.390625 0.000000 2742.753906 0.000000 0.375813 0.000000 -0.926695 1.041513 1.041513 1.041513
5402.162109 0.000000 2719.927490 0.000000 0.315616 0.000000 -0.948887 1.054585 1.054585 1.054585
5459.570801 0.000000 2700.903564 0.000000 0.057054 0.000000 0.998371 0.470467 0.470467 0.470467
5427.436523 0.000000 2745.616699 0.000000 0.459084 0.000000 0.888393 0.574982 0.574982 0.574982
5448.640137 0.000000 2768.849121 0.000000 0.999141 0.000000 0.041441 0.792218 0.792218 0.792218
5442.367188 0.000000 2771.424805 0.000000 0.882611 0.000000 0.470105 0.693456 0.693456 0.693456
5440.835449 0.000000 2760.393555 0.000000 0.844647 0.000000 0.535323 0.690563 0.690563 0.690563
5419.778809 0.000000 2676.489014 0.000000 0.059259 0.000000 -0.998243 1.071695 1.071695 1.071695
5445.671875 0.000000 2742.908447 0.000000 1.000000 0.000000 -0.000525 0.800109 0.800109 0.800109
5458.790527 0.000000 2682.193604 0.000000 0.448771 0.000000 -0.893647 1.071555 1.071555 1.071555
5427.656738 0.000000 2757.195801 0.000000 0.855446 0.000000 0.517893 0.698884 0.698884 0.698884
5412.758789 0.000000 2723.372559 0.000000 0.802607 0.000000 0.596507 0.635329 0.635329 0.635329
5467.105957 0.000000 2760.898682 0.000000 0.401085 0.000000 -0.916041 1.022047 1.022047 1.022047
5474.552246 0.000000 2756.016357 0.000000 0.268077 0.000000 -0.963397 1.054331 1.054331 1.054331
5411.355957 0.000000 2716.603516 0.000000 0.796964 0.000000 0.604027 0.683423 0.683423 0.683423
5445.745605 0.000000 2710.737061 0.000000 0.769447 0.000000 0.638710 0.668546 0.668546 0.668546
5427.470703 0.000000 2707.802979 0.000000 0.976689 0.000000 0.214660 0.758952 0.758952 0.758952
5395.645996 0.000000 2772.329346 0.000000 0.704526 0.000000 0.709678 0.577798 0.577798 0.577798
5431.328125 0.000000 2763.718994 0.000000 0.581317 0.000000 0.813677 0.574105 0.574105 0.574105
5431.585449 0.000000 2692.593994 0.000000 0.094056 0.000000 0.995567 0.525731 0.525731 0.525731
5405.694336 0.000000 2694.878418 0.000000 0.389400 0.000000 0.921069 0.491331 0.491331 0.491331
5403.372559 0.000000 2688.432861 0.000000 0.382663 0.000000 0.923888 0.574113 0.574113 0.574113
5393.580078 0.000000 2764.455322 0.000000 0.380042 0.000000 -0.924969 1.050017 1.050017 1.050017
5440.290527 0.000000 2704.717773 0.000000 0.008547 0.000000 0.999963 0.431818 0.431818 0.431818
5437.263672 0.000000 2778.366699 0.000000 0.882867 0.000000 -0.469623 0.889827 0.889827 0.889827
5435.693359 0.000000 2777.087891 0.000000 0.793925 0.000000 -0.608015 0.924005 0.924005 0.924005
5445.074707 0.000000 2749.416016 0.000000 0.919373 0.000000 -0.393386 0.896901 0.896901 0.896901
5447.137207 0.000000 2780.914307 0.000000 0.595018 0.000000 -0.803713 0.986444 0.986444 0.986444
5410.960449 0.000000 2726.350830 0.000000 0.491334 0.000000 -0.870971 1.163166 1.163166 1.163166
5395.843750 0.000000 2724.492188 0.000000 0.977504 0.000000 0.210919 0.759678 0.759678 0.759678
5423.062988 0.000000 2771.674072 0.000000 0.369270 0.000000 0.929322 0.440340 0.440340 0.440340
5399.145996 0.000000 2681.408203 0.000000 0.887024 0.000000 -0.461723 0.903523 0.903523 0.903523
5432.717285 0.000000 2725.759277 0.000000 0.877668 0.000000 0.479269 0.705165 0.705165 0.705165
5406.852539 0.000000 2780.773193 0.000000 0.988742 0.000000 0.149628 0.772103 0.772103 0.772103
5461.338379 0.000000 2704.051514 0.000000 0.004331 0.000000 0.999991 0.346352 0.346352 0.346352
5452.507812 0.000000 2747.083008 0.000000 0.316611 0.000000 0.948555 0.563086 0.563086 0.563086
5410.985352 0.000000 2734.755615 0.000000 0.131337 0.000000 0.991338 0.457972 0.457972 0.457972
5451.070312 0.000000 2777.467041 0.000000 0.955358 0.000000 -0.295451 0.884463 0.884463 0.884463
5403.330566 0.000000 2774.716309 0.000000 0.646718 0.000000 0.762729 0.635398 0.635398 0.635398
5399.004883 0.000000 2770.638672 0.000000 0.763285 0.000000 0.646062 0.613416 0.613416 0.613416
5472.454590 0.000000 2760.498047 0.000000 0.380610 0.000000 -0.924736 1.104107 1.104107 1.104107
5452.771484 0.000000 2780.869629 0.000000 0.562078 0.000000 -0.827084 1.029523 1.029523 1.029523
5459.462402 0.000000 2759.062256 0.000000 0.971012 0.000000 -0.239032 0.874239 0.874239 0.874239
5406.917480 0.000000 2681.479736 0.000000 0.596579 0.000000 -0.802554 1.025127 1.025127 1.025127
5443.189453 0.000000 2745.931152 0.000000 0.134300 0.000000 0.990941 0.237830 0.237830 0.237830
5474.539551 0.000000 2701.062012 0.000000 0.059414 0.000000 0.998233 0.513241 0.513241 0.513241
5462.433105 0.000000 2757.101074 0.000000 0.840418 0.000000 0.541939 0.687898 0.687898 0.687898
5452.829590 0.000000 2713.597412 0.000000 0.940458 0.000000 0.339909 0.733503 0.733503 0.733503
5467.075195 0.000000 2769.521973 0.000000 0.949383 0.000000 -0.314122 0.865733 0.865733 0.865733
5439.971680 0.000000 2768.736084 0.000000 0.824814 0.000000 0.565404 0.647576 0.647576 0.647576
5433.055664 0.000000 2762.615234 0.000000 0.977330 0.000000 0.211722 0.731400 0.731400 0.731400
5442.235352 0.000000 2744.086914 0.000000 0.366923 0.000000 -0.930251 1.267831 1.267831 1.267831
5400.914551 0.000000 2680.161621 0.000000 0.974306 0.000000 0.225227 0.743285 0.743285 0.743285
5413.355957 0.000000 2727.251953 0.000000 0.862197 0.000000 0.506573 0.657834 0.657834 0.657834
5438.912598 0.000000 2761.245605 0.000000 0.472534 0.000000 -0.881312 1.036971 1.036971 1.036971
5464.318848 0.000000 2770.595215 0.000000 0.547786 0.000000 -0.836619 1.134523 1.134523 1.134523
5475.471191 0.000000 2761.770020 0.000000 0.512031 0.000000 0.858967 0.566808 0.566808 0.566808
5404.215820 0.000000 2735.435059 0.000000 0.502469 0.000000 0.864596 0.564304 0.564304 0.564304
5462.537109 0.000000 2771.170654 0.000000 0.789280 0.000000 -0.614034 1.009959 1.009959 1.009959
5459.264160 0.000000 2719.319824 0.000000 0.327777 0.000000 0.944755 0.543091 0.543091 0.543091
5467.962402 0.000000 2775.204102 0.000000 0.061390 0.000000 0.998114 0.486485 0.486485 0.486485
5409.412598 0.000000 2685.873047 0.000000 0.787712 0.000000 0.616044 0.646232 0.646232 0.646232
5439.832031 0.000000 2748.588135 0.000000 0.761663 0.000000 -0.647973 0.942197 0.942197 0.942197
5458.959961 0.000000 2693.171143 0.000000 0.994979 0.000000 -0.100088 0.825630 0.825630 0.825630
5452.545410 0.000000 2676.495850 0.000000 0.608668 0.000000 -0.793425 1.006824 1.006824 1.006824
5437.623535 0.000000 2736.976562 0.000000 0.472914 0.000000 0.881109 0.563123 0.563123 0.563123
5458.237305 0.000000 2716.587646 0.000000 0.992879 0.000000 0.119124 0.773051 0.773051 0.773051
5410.169922 0.000000 2721.097168 0.000000 0.679615 0.000000 0.733569 0.543404 0.543404 0.543404
5445.120605 0.000000 2745.875000 0.000000 0.798877 0.000000 0.601494 0.613101 0.613101 0.613101
5420.569824 0.000000 2710.033447 0.000000 0.994561 0.000000 -0.104153 0.829176 0.829176 0.829176
5400.237305 0.000000 2734.169678 0.000000 0.967696 0.000000 0.252122 0.703282 0.703282 0.703282
5431.833984 0.000000 2765.835205 0.000000 0.981868 0.000000 -0.189567 0.838091 0.838091 0.838091
5443.656250 0.000000 2757.973145 0.000000 0.010070 0.000000 -0.999949 1.192760 1.192760 1.192760
5437.044922 0.000000 2768.754883 0.000000 0.956918 0.000000 0.290359 0.717625 0.717625 0.717625
5439.282715 0.000000 2742.301514 0.000000 0.663858 0.000000 -0.747859 1.161088 1.161088 1.161088
5430.026367 0.000000 2743.015625 0.000000 0.732740 0.000000 -0.680509 0.967423 0.967423 0.967423
5396.040527 0.000000 2731.055420 0.000000 0.589094 0.000000 0.808064 0.606451 0.606451 0.606451
5453.064453 0.000000 2778.689941 0.000000 0.921549 0.000000 -0.388262 0.913087 0.913087 0.913087
5412.170898 0.000000 2678.488037 0.000000 0.531474 0.000000 -0.847075 1.046211 1.046211 1.046211
5437.569336 0.000000 2682.351318 0.000000 0.059471 0.000000 -0.998230 1.162209 1.162209 1.162209
5446.183105 0.000000 2747.911133 0.000000 0.620938 0.000000 -0.783860 0.999714 0.999714 0.999714
5412.407715 0.000000 2732.641602 0.000000 0.810659 0.000000 -0.585518 0.953665 0.953665 0.953665
5399.225098 0.000000 2737.807617 0.000000 0.000849 0.000000 -1.000000 1.329910 1.329910 1.329910
5441.763184 0.000000 2701.258789 0.000000 0.998160 0.000000 0.060635 0.785580 0.785580 0.785580
5462.793945 0.000000 2718.541504 0.000000 0.928868 0.000000 0.370412 0.718909 0.718909 0.718909
5468.128418 0.000000 2713.886230 0.000000 0.972960 0.000000 0.230975 0.751586 0.751586 0.751586
5408.775879 0.000000 2732.695312 0.000000 0.963361 0.000000 0.268207 0.728957 0.728957 0.728957
5442.590332 0.000000 2750.598877 0.000000 0.583802 0.000000 0.811896 0.572940 0.572940 0.572940
5457.065430 0.000000 2706.395264 0.000000 0.989011 0.000000 -0.147842 0.834082 0.834082 0.834082
5469.619629 0.000000 2715.088379 0.000000 0.299045 0.000000 -0.954239 1.078378 1.078378 1.078378
5398.637695 0.000000 2676.428955 0.000000 0.916127 0.000000 -0.400888 0.938404 0.938404 0.938404
5402.215820 0.000000 2677.387451 0.000000 0.818582 0.000000 0.574390 0.637470 0.637470 0.637470
5438.885742 0.000000 2765.884521 0.000000 0.420149 0.000000 -0.907455 1.122515 1.122515 1.122515
5437.164551 0.000000 2743.214844 0.000000 0.995397 0.000000 -0.095838 0.832590 0.832590 0.832590
5423.369141 0.000000 2708.145020 0.000000 0.246474 0.000000 0.969149 0.504335 0.504335 0.504335
5427.963379 0.000000 2772.248291 0.000000 0.704991 0.000000 -0.709217 0.973206 0.973206 0.973206
5420.375000 0.000000 2712.373291 0.000000 0.546740 0.000000 0.837303 0.556224 0.556224 0.556224
5406.609863 0.000000 2730.652588 0.000000 0.415832 0.000000 0.909442 0.551401 0.551401 0.551401
5459.698730 0.000000 2688.606689 0.000000 0.538706 0.000000 -0.842494 1.116162 1.116162 1.116162
5453.585449 0.000000 2774.792725 0.000000 0.999555 0.000000 -0.029821 0.809948 0.809948 0.809948
5397.159668 0.000000 2770.122314 0.000000 0.986984 0.000000 -0.160821 0.851616 0.851616 0.851616
5436.832520 0.000000 2765.397705 0.000000 0.983976 0.000000 -0.178302 0.863371 0.863371 0.863371
5453.487305 0.000000 2683.363281 0.000000 0.163204 0.000000 -0.986592 1.145609 1.145609 1.145609
5403.860840 0.000000 2677.934082 0.000000 0.617601 0.000000 -0.786491 1.040426 1.040426 1.040426
5458.373047 0.000000 2707.785156 0.000000 0.914651 0.000000 -0.404244 0.906388 0.906388 0.906388
5439.932129 0.000000 2681.585449 0.000000 0.626134 0.000000 -0.779715 1.007171 1.007171 1.007171
5396.941406 0.000000 2773.523193 0.000000 0.995316 0.000000 0.096670 0.773894 0.773894 0.773894
5409.551270 0.000000 2719.005127 0.000000 0.990426 0.000000 0.138046 0.751320 0.751320 0.751320
5441.604004 0.000000 2740.020020 0.000000 0.971414 0.000000 -0.237393 0.880900 0.880900 0.880900
5446.493164 0.000000 2778.589355 0.000000 0.328348 0.000000 -0.944557 1.101227 1.101227 1.101227
5411.914062 0.000000 2721.262207 0.000000 0.980406 0.000000 -0.196986 0.861779 0.861779 0.861779
5409.219727 0.000000 2728.609619 0.000000 0.946604 0.000000 0.322397 0.687234 0.687234 0.687234
5410.698730 0.000000 2684.499756 0.000000 0.785866 0.000000 0.618396 0.606924 0.606924 0.606924
5454.584961 0.000000 2715.932861 0.000000 0.929348 0.000000 -0.369206 0.903471 0.903471 0.903471
5454.307617 0.000000 2686.491943 0.000000 0.924102 0.000000 0.382146 0.652767 0.652767 0.652767
5461.016113 0.000000 2768.619873 0.000000 0.966161 0.000000 0.257940 0.734868 0.734868 0.734868
5438.307129 0.000000 2701.017090 0.000000 0.206512 0.000000 0.978444 0.473382 0.473382 0.473382
5456.453613 0.000000 2757.961426 0.000000 0.552585 0.000000 0.833456 0.516616 0.516616 0.516616
5458.042480 0.000000 2704.656250 0.000000 0.501295 0.000000 0.865277 0.459572 0.459572 0.459572
5456.366699 0.000000 2771.990479 0.000000 0.578641 0.000000 0.815583 0.485702 0.485702 0.485702
5436.085449 0.000000 2740.400635 0.000000 0.217405 0.000000 0.976082 0.330278 0.330278 0.330278
5397.287109 0.000000 2732.570557 0.000000 0.716541 0.000000 0.697545 0.618068 0.618068 0.618068
5449.784180 0.000000 2778.687500 0.000000 0.580694 0.000000 -0.814122 1.045075 1.045075 1.045075
5450.191895 0.000000 2781.489502 0.000000 0.937465 0.000000 -0.348081 0.892308 0.892308 0.892308
5411.286133 0.000000 2724.448486 0.000000 0.663638 0.000000 0.748054 0.518118 0.518118 0.518118
5432.406250 0.000000 2760.505371 0.000000 0.998969 0.000000 -0.045394 0.812244 0.812244 0.812244
5439.702148 0.000000 2702.995117 0.000000 0.153792 0.000000 -0.988103 1.170582 1.170582 1.170582
5438.524414 0.000000 2684.777588 0.000000 0.656670 0.000000 -0.754178 1.042315 1.042315 1.042315
5398.905273 0.000000 2732.280029 0.000000 0.897916 0.000000 0.440166 0.654350 0.654350 0.654350
5433.543945 0.000000 2766.376465 0.000000 0.228891 0.000000 0.973452 0.468174 0.468174 0.468174
5451.578125 0.000000 2775.096191 0.000000 0.992471 0.000000 0.122476 0.768365 0.768365 0.768365
5440.802246 0.000000 2682.941162 0.000000 0.996152 0.000000 0.087643 0.775112 0.775112 0.775112
5442.383789 0.000000 2747.350586 0.000000 0.776429 0.000000 -0.630204 1.057371 1.057371 1.057371
5459.833984 0.000000 2704.760010 0.000000 0.937481 0.000000 -0.348038 0.915726 0.915726 0.915726
5454.985840 0.000000 2680.304688 0.000000 0.056432 0.000000 -0.998406 1.296016 1.296016 1.296016
5408.814453 0.000000 2721.969238 0.000000 0.693121 0.000000 -0.720821 1.100649 1.100649 1.100649
5443.506836 0.000000 2749.006348 0.000000 0.122101 0.000000 0.992518 0.342941 0.342941 0.342941
5435.427246 0.000000 2761.938232 0.000000 0.406948 0.000000 0.913451 0.475673 0.475673 0.475673
5497.541016 0.000000 2736.602783 0.000000 0.463121 0.000000 0.886295 0.773893 0.773893 0.773893
5516.657227 0.000000 2753.003662 0.000000 0.091323 0.000000 0.995821 0.758636 0.758636 0.758636
5528.638672 0.000000 2712.402344 0.000000 0.959283 0.000000 -0.282448 0.807435 0.807435 0.807435
5513.164551 0.000000 2758.444336 0.000000 0.671404 0.000000 0.741092 0.773327 0.773327 0.773327
5531.910645 0.000000 2721.054199 0.000000 0.959136 0.000000 -0.282944 0.809167 0.809167 0.809167
5523.122070 0.000000 2756.649170 0.000000 0.955198 0.000000 -0.295966 0.813802 0.813802 0.813802
5567.011230 0.000000 2675.797607 0.000000 0.513259 0.000000 0.858234 0.754663 0.754663 0.754663
5517.351562 0.000000 2698.380371 0.000000 0.683708 0.000000 -0.729755 0.842475 0.842475 0.842475
5546.507324 0.000000 2725.672119 0.000000 0.303145 0.000000 -0.952944 0.858009 0.858009 0.858009
5508.003906 0.000000 2690.229248 0.000000 0.882927 0.000000 0.469511 0.762907 0.762907 0.762907
5533.911621 0.000000 2746.235840 0.000000 0.914189 0.000000 0.405287 0.776664 0.776664 0.776664
5547.395996 0.000000 2730.409668 0.000000 0.716246 0.000000 -0.697847 0.860163 0.860163 0.860163
5519.389160 0.000000 2767.616455 0.000000 0.037444 0.000000 -0.999299 0.940873 0.940873 0.940873
5495.203125 0.000000 2734.437744 0.000000 0.992417 0.000000 -0.122918 0.810829 0.810829 0.810829
5498.139648 0.000000 2686.596436 0.000000 0.607138 0.000000 0.794596 0.737639 0.737639 0.737639
5480.689453 0.000000 2706.361084 0.000000 0.390044 0.000000 0.920796 0.692498 0.692498 0.692498
5551.246582 0.000000 2746.705078 0.000000 0.965600 0.000000 0.260034 0.774256 0.774256 0.774256
5508.583008 0.000000 2693.260986 0.000000 0.014569 0.000000 0.999894 0.657025 0.657025 0.657025
5497.662109 0.000000 2679.548584 0.000000 0.990187 0.000000 0.139752 0.788799 0.788799 0.788799
5565.563965 0.000000 2734.118896 0.000000 0.336767 0.000000 -0.941588 0.907855 0.907855 0.907855
5515.989746 0.000000 2759.656250 0.000000 0.222698 0.000000 -0.974887 0.939813 0.939813 0.939813
5501.244629 0.000000 2691.999268 0.000000 0.211420 0.000000 -0.977395 0.935589 0.935589 0.935589
5495.460938 0.000000 2720.333740 0.000000 0.986042 0.000000 0.166498 0.782627 0.782627 0.782627
5503.447266 0.000000 2701.202881 0.000000 0.715920 0.000000 -0.698182 0.864830 0.864830 0.864830
5554.337891 0.000000 2767.222412 0.000000 0.711414 0.000000 -0.702773 0.891829 0.891829 0.891829
5549.554688 0.000000 2735.721680 0.000000 0.774615 0.000000 0.632433 0.708378 0.708378 0.708378
5500.535156 0.000000 2714.156250 0.000000 0.545265 0.000000 0.838264 0.700728 0.700728 0.700728
5554.229980 0.000000 2734.568115 0.000000 0.946132 0.000000 -0.323781 0.832927 0.832927 0.832927
5547.889160 0.000000 2777.625000 0.000000 0.998649 0.000000 -0.051955 0.805295 0.805295 0.805295
5504.065430 0.000000 2680.305176 0.000000 0.838904 0.000000 -0.544279 0.866669 0.866669 0.866669
5492.937012 0.000000 2766.665039 0.000000 0.949169 0.000000 0.314766 0.760988 0.760988 0.760988
5521.123535 0.000000 2714.524414 0.000000 0.397420 0.000000 0.917637 0.637532 0.637532 0.637532
5509.456543 0.000000 2697.848633 0.000000 0.967886 0.000000 0.251390 0.768026 0.768026 0.768026
5539.121094 0.000000 2748.986816 0.000000 0.800644 0.000000 0.599140 0.705052 0.705052 0.705052
5497.478516 0.000000 2765.241211 0.000000 0.264799 0.000000 0.964304 0.620462 0.620462 0.620462
5566.430664 0.000000 2683.119873 0.000000 0.850113 0.000000 0.526601 0.723571 0.723571 0.723571
5521.187012 0.000000 2709.160400 0.000000 0.232877 0.000000 -0.972506 1.298885 1.298885 1.298885
5495.541992 0.000000 2767.669922 0.000000 0.997592 0.000000 0.069351 0.791128 0.791128 0.791128
5556.722168 0.000000 2745.154541 0.000000 0.992688 0.000000 0.120711 0.782358 0.782358 0.782358
5514.136230 0.000000 2704.054443 0.000000 0.894548 0.000000 0.446972 0.738919 0.738919 0.738919
5488.187500 0.000000 2764.630371 0.000000 0.980913 0.000000 -0.194445 0.830486 0.830486 0.830486
5556.687500 0.000000 2764.305420 0.000000 0.681742 0.000000 -0.731593 0.922928 0.922928 0.922928
5549.185547 0.000000 2726.041016 0.000000 0.619527 0.000000 0.784975 0.655774 0.655774 0.655774
5542.318848 0.000000 2745.579346 0.000000 0.483584 0.000000 -0.875298 1.204540 1.204540 1.204540
5496.443848 0.000000 2762.963135 0.000000 0.479260 0.000000 0.877673 0.658825 0.658825 0.658825
5528.164062 0.000000 2779.789062 0.000000 0.990229 0.000000 -0.139450 0.820957 0.820957 0.820957
5522.650879 0.000000 2724.295410 0.000000 0.369270 0.000000 0.929322 0.647561 0.647561 0.647561
5517.171875 0.000000 2709.163818 0.000000 0.920517 0.000000 0.390703 0.735064 0.735064 0.735064
5489.222168 0.000000 2722.101318 0.000000 0.628835 0.000000 -0.777539 0.924532 0.924532 0.924532
5556.870605 0.000000 2773.161377 0.000000 0.440853 0.000000 -0.897579 0.951328 0.951328 0.951328
5543.963867 0.000000 2743.524170 0.000000 0.975757 0.000000 0.218856 0.723763 0.723763 0.723763
5486.230957 0.000000 2760.797119 0.000000 0.924533 0.000000 -0.381103 0.863253 0.863253 0.863253
5557.396484 0.000000 2756.945312 0.000000 0.165705 0.000000 0.986175 0.612081 0.612081 0.612081
5496.583984 0.000000 2724.645752 0.000000 0.548865 0.000000 -0.835911 0.954194 0.954194 0.954194
5504.272949 0.000000 2704.156982 0.000000 0.150858 0.000000 -0.988555 0.995601 0.995601 0.995601
5552.719727 0.000000 2751.854492 0.000000 0.982786 0.000000 0.184750 0.771795 0.771795 0.771795
5546.850098 0.000000 2746.711182 0.000000 0.106637 0.000000 0.994298 0.580710 0.580710 0.580710
5494.534668 0.000000 2715.733887 0.000000 0.625826 0.000000 -0.779963 0.939366 0.939366 0.939366
5524.531250 0.000000 2716.296387 0.000000 0.999304 0.000000 -0.037309 0.807081 0.807081 0.807081
5514.982910 0.000000 2766.397949 0.000000 0.996324 0.000000 -0.085670 0.815076 0.815076 0.815076
5498.417969 0.000000 2710.438477 0.000000 0.874581 0.000000 -0.484879 0.896050 0.896050 0.896050
5525.340332 0.000000 2707.549805 0.000000 0.996902 0.000000 -0.078656 0.811165 0.811165 0.811165
5494.501953 0.000000 2728.859863 0.000000 0.525731 0.000000 -0.850651 0.990974 0.990974 0.990974
5494.200684 0.000000 2762.692383 0.000000 0.873850 0.000000 0.486195 0.707721 0.707721 0.707721
5497.540527 0.000000 2730.063965 0.000000 0.671400 0.000000 -0.741095 0.958374 0.958374 0.958374
5489.330566 0.000000 2709.758057 0.000000 0.994488 0.000000 0.104854 0.781747 0.781747 0.781747
5506.553223 0.000000 2694.028320 0.000000 0.901427 0.000000 0.432931 0.718624 0.718624 0.718624
5491.497559 0.000000 2717.962891 0.000000 0.634843 0.000000 -0.772641 0.951665 0.951665 0.951665
5526.817871 0.000000 2722.621826 0.000000 0.179441 0.000000 -0.983769 1.061030 1.061030 1.061030
5562.122070 0.000000 2752.309570 0.000000 0.681902 0.000000 -0.731444 0.929450 0.929450 0.929450
5503.213379 0.000000 2693.071045 0.000000 0.997649 0.000000 0.068531 0.789316 0.789316 0.789316
5502.902344 0.000000 2678.314453 0.000000 0.307678 0.000000 0.951491 0.598991 0.598991 0.598991
5485.860352 0.000000 2703.001465 0.000000 0.715001 0.000000 -0.699123 0.923696 0.923696 0.923696
5564.242188 0.000000 2763.697021 0.000000 0.995856 0.000000 -0.090946 0.816734 0.816734 0.816734
5508.089355 0.000000 2701.981201 0.000000 0.059861 0.000000 -0.998207 1.023304 1.023304 1.023304
5493.222168 0.000000 2720.627686 0.000000 0.999901 0.000000 -0.014097 0.802393 0.802393 0.802393
5505.586914 0.000000 2696.989990 0.000000 0.597669 0.000000 -0.801743 0.969064 0.969064 0.969064
5495.789062 0.000000 2713.916992 0.000000 0.514298 0.000000 -0.857612 0.995545 0.995545 0.995545
5553.160645 0.000000 2778.554932 0.000000 0.428823 0.000000 0.903389 0.574790 0.574790 0.574790
5564.579102 0.000000 2756.259277 0.000000 0.912273 0.000000 -0.409582 0.955080 0.955080 0.955080
5502.308594 0.000000 2681.628662 0.000000 0.998053 0.000000 -0.062377 0.811718 0.811718 0.811718
5564.103027 0.000000 2738.559814 0.000000 0.994851 0.000000 -0.101352 0.819263 0.819263 0.819263
5491.516113 0.000000 2713.804199 0.000000 0.980803 0.000000 -0.195003 0.838022 0.838022 0.838022
5502.445801 0.000000 2710.475342 0.000000 0.461976 0.000000 0.886892 0.597433 0.597433 0.597433
5549.472656 0.000000 2743.044189 0.000000 0.588599 0.000000 -0.808425 0.988034 0.988034 0.988034
5565.389160 0.000000 2742.483887 0.000000 0.999519 0.000000 0.031013 0.794239 0.794239 0.794239
5556.672852 0.000000 2760.498291 0.000000 0.999469 0.000000 -0.032593 0.805339 0.805339 0.805339
5518.854980 0.000000 2702.845459 0.000000 0.798080 0.000000 -0.602552 0.921411 0.921411 0.921411
5494.097168 0.000000 2726.815918 0.000000 0.460747 0.000000 -0.887532 1.007186 1.007186 1.007186
5560.152832 0.000000 2758.551514 0.000000 0.996412 0.000000 0.084630 0.781385 0.781385 0.781385
5552.619629 0.000000 2773.669922 0.000000 0.068967 0.000000 -0.997619 1.084943 1.084943 1.084943
5552.219727 0.000000 2734.419922 0.000000 0.034685 0.000000 -0.999398 1.066913 1.066913 1.066913
5564.319336 0.000000 2746.544189 0.000000 0.940231 0.000000 0.340537 0.734068 0.734068 0.734068
5523.180664 0.000000 2709.426270 0.000000 0.215165 0.000000 0.976578 0.372747 0.372747 0.372747
5514.031250 0.000000 2764.547852 0.000000 0.996316 0.000000 -0.085760 0.816292 0.816292 0.816292
5565.264648 0.000000 2768.078613 0.000000 0.999021 0.000000 0.044242 0.790984 0.790984 0.790984
5502.899414 0.000000 2687.517578 0.000000 0.088976 0.000000 0.996034 0.518865 0.518865 0.518865
5505.066895 0.000000 2699.949219 0.000000 0.588340 0.000000 0.808613 0.640117 0.640117 0.640117
5555.266602 0.000000 2771.517578 0.000000 0.513207 0.000000 -0.858265 0.997847 0.997847 0.997847
5556.363770 0.000000 2767.673828 0.000000 0.996820 0.000000 0.079690 0.782633 0.782633 0.782633
5549.483887 0.000000 2776.341309 0.000000 0.989831 0.000000 -0.142248 0.824801 0.824801 0.824801
5562.141113 0.000000 2681.728516 0.000000 0.823260 0.000000 0.567664 0.693901 0.693901 0.693901
5556.226074 0.000000 2749.685059 0.000000 0.878984 0.000000 0.476852 0.674911 0.674911 0.674911
5554.098145 0.000000 2760.898682 0.000000 0.994191 0.000000 0.107630 0.779539 0.779539 0.779539
5561.544434 0.000000 2756.016357 0.000000 0.924919 0.000000 -0.380164 0.876329 0.876329 0.876329
5564.511719 0.000000 2772.766602 0.000000 0.504427 0.000000 0.863454 0.602279 0.602279 0.602279
5500.831543 0.000000 2709.382568 0.000000 0.939963 0.000000 -0.341276 0.866776 0.866776 0.866776
5558.147949 0.000000 2752.605469 0.000000 0.562788 0.000000 -0.826601 0.971019 0.971019 0.971019
5518.320312 0.000000 2763.718994 0.000000 0.908574 0.000000 -0.417723 0.876601 0.876601 0.876601
5497.952637 0.000000 2726.350830 0.000000 0.340292 0.000000 0.940320 0.572730 0.572730 0.572730
5564.417969 0.000000 2679.822754 0.000000 0.205644 0.000000 -0.978627 1.058740 1.058740 1.058740
5553.673828 0.000000 2757.823242 0.000000 0.278402 0.000000 0.960465 0.555491 0.555491 0.555491
5539.500000 0.000000 2747.083008 0.000000 0.905187 0.000000 -0.425014 0.902579 0.902579 0.902579
5543.204102 0.000000 2747.290527 0.000000 0.237635 0.000000 -0.971354 1.158838 1.158838 1.158838
5567.446777 0.000000 2753.457764 0.000000 0.970335 0.000000 -0.241765 0.873642 0.873642 0.873642
5566.349121 0.000000 2745.342773 0.000000 0.999995 0.000000 0.003019 0.799391 0.799391 0.799391
5523.039551 0.000000 2714.844971 0.000000 0.528491 0.000000 -0.848939 0.992389 0.992389 0.992389
5502.616211 0.000000 2684.392334 0.000000 0.793072 0.000000 -0.609128 0.924271 0.924271 0.924271
5560.128418 0.000000 2768.067383 0.000000 0.508357 0.000000 -0.861147 1.150198 1.150198 1.150198
5554.992188 0.000000 2753.377930 0.000000 0.931197 0.000000 0.364516 0.727716 0.727716 0.727716
5562.463379 0.000000 2761.770020 0.000000 0.865556 0.000000 0.500813 0.650189 0.650189 0.650189
5517.455566 0.000000 2706.508057 0.000000 0.625806 0.000000 0.779979 0.621321 0.621321 0.621321
5516.421387 0.000000 2704.282715 0.000000 0.251950 0.000000 0.967740 0.526629 0.526629 0.526629
5549.884277 0.000000 2740.074707 0.000000 0.553612 0.000000 0.832775 0.601486 0.601486 0.601486
5563.235352 0.000000 2765.243652 0.000000 0.930205 0.000000 -0.367041 0.893076 0.893076 0.893076
5494.228516 0.000000 2711.886963 0.000000 0.552442 0.000000 0.833551 0.557900 0.557900 0.557900
5553.618652 0.000000 2740.904297 0.000000 0.869171 0.000000 0.494511 0.687390 0.687390 0.687390
5522.468750 0.000000 2713.076904 0.000000 0.033995 0.000000 -0.999422 1.116143 1.116143 1.116143
5539.358887 0.000000 2743.162598 0.000000 0.018471 0.000000 -0.999829 1.128639 1.128639 1.128639
5559.525879 0.000000 2751.508545 0.000000 0.896363 0.000000 -0.443322 0.906411 0.906411 0.906411
5547.475586 0.000000 2742.628418 0.000000 0.645153 0.000000 0.764054 0.596801 0.596801 0.596801
5562.852051 0.000000 2770.847412 0.000000 0.908940 0.000000 -0.416926 0.897060 0.897060 0.897060
5566.836426 0.000000 2757.271240 0.000000 0.085303 0.000000 -0.996355 1.280602 1.280602 1.280602
5490.395020 0.000000 2708.418457 0.000000 0.187230 0.000000 -0.982316 1.131331 1.131331 1.131331
5564.775391 0.000000 2754.533447 0.000000 0.991840 0.000000 -0.127485 0.839063 0.839063 0.839063
5563.495605 0.000000 2759.108154 0.000000 0.360206 0.000000 0.932873 0.422997 0.422997 0.422997
5493.202148 0.000000 2708.916016 0.000000 0.182711 0.000000 0.983167 0.448175 0.448175 0.448175
5556.656250 0.000000 2751.869385 0.000000 0.593594 0.000000 0.804765 0.562767 0.562767 0.562767
5561.768066 0.000000 2767.683594 0.000000 0.790000 0.000000 0.613106 0.562733 0.562733 0.562733
5557.784180 0.000000 2748.939453 0.000000 0.980670 0.000000 0.195667 0.750440 0.750440 0.750440
5540.708496 0.000000 2746.005371 0.000000 0.880663 0.000000 0.473743 0.672843 0.672843 0.672843
5519.223633 0.000000 2706.068848 0.000000 0.265652 0.000000 0.964069 0.399564 0.399564 0.399564
5521.516602 0.000000 2707.575195 0.000000 0.501723 0.000000 -0.865028 1.165317 1.165317 1.165317
5382.756836 0.000000 2783.787354 0.000000 0.992437 0.000000 0.122758 0.782548 0.782548 0.782548
5384.895996 0.000000 2783.323242 0.000000 0.144972 0.000000 0.989436 0.529565 0.529565 0.529565
5264.280273 0.000000 2966.554199 0.000000 0.665848 0.000000 0.746087 0.788226 0.788226 0.788226
5295.163574 0.000000 2924.099609 0.000000 0.964230 0.000000 -0.265068 0.806430 0.806430 0.806430
5220.873047 0.000000 2976.889404 0.000000 0.362231 0.000000 0.932088 0.756855 0.756855 0.756855
5275.659668 0.000000 2951.115723 0.000000 0.566578 0.000000 0.824008 0.757447 0.757447 0.757447
5262.145508 0.000000 2970.617920 0.000000 0.201487 0.000000 0.979491 0.737163 0.737163 0.737163
5290.229004 0.000000 2938.139893 0.000000 0.979553 0.000000 0.201184 0.789481 0.789481 0.789481
5235.938965 0.000000 2986.664551 0.000000 0.999625 0.000000 0.027378 0.798906 0.798906 0.798906
5229.058594 0.000000 2938.213623 0.000000 0.846783 0.000000 -0.531939 0.821284 0.821284 0.821284
5298.966309 0.000000 2913.453125 0.000000 0.707503 0.000000 0.706710 0.756110 0.756110 0.756110
5236.363281 0.000000 2954.504150 0.000000 0.016965 0.000000 0.999856 0.719312 0.719312 0.719312
5224.135254 0.000000 2988.780029 0.000000 0.967855 0.000000 0.251508 0.787813 0.787813 0.787813
5223.688965 0.000000 2993.755615 0.000000 0.999595 0.000000 -0.028459 0.802046 0.802046 0.802046
5295.814453 0.000000 2967.998291 0.000000 0.968418 0.000000 -0.249333 0.813589 0.813589 0.813589
5266.430176 0.000000 2976.301758 0.000000 0.915752 0.000000 0.401743 0.772752 0.772752 0.772752
5291.046387 0.000000 2974.585693 0.000000 0.962552 0.000000 -0.271096 0.821384 0.821384 0.821384
5305.423828 0.000000 2969.061768 0.000000 0.017467 0.000000 -0.999847 0.914788 0.914788 0.914788
5234.226562 0.000000 2948.406494 0.000000 0.670679 0.000000 0.741747 0.719886 0.719886 0.719886
5243.940430 0.000000 2992.773926 0.000000 0.768114 0.000000 0.640313 0.730605 0.730605 0.730605
5270.294922 0.000000 2965.167725 0.000000 0.842183 0.000000 -0.539191 0.847770 0.847770 0.847770
5249.813965 0.000000 2993.801025 0.000000 0.303317 0.000000 0.952890 0.701651 0.701651 0.701651
5270.760742 0.000000 2981.049072 0.000000 0.927602 0.000000 0.373570 0.765591 0.765591 0.765591
5293.207520 0.000000 2914.797363 0.000000 0.862223 0.000000 0.506529 0.745897 0.745897 0.745897
5249.588379 0.000000 2971.226318 0.000000 0.625165 0.000000 -0.780492 1.148745 1.148745 1.148745
5244.608398 0.000000 2964.360352 0.000000 0.543787 0.000000 0.839223 0.710497 0.710497 0.710497
5241.104004 0.000000 2992.698486 0.000000 0.255009 0.000000 0.966939 0.650532 0.650532 0.650532
5235.804199 0.000000 2962.908936 0.000000 0.469097 0.000000 0.883147 0.683248 0.683248 0.683248
5239.830078 0.000000 2970.163574 0.000000 0.939370 0.000000 -0.342907 0.839147 0.839147 0.839147
5257.550293 0.000000 2955.978027 0.000000 0.044746 0.000000 -0.998998 1.001159 1.001159 1.001159
5281.563477 0.000000 2989.787109 0.000000 0.186371 0.000000 0.982479 0.614890 0.614890 0.614890
5231.578125 0.000000 2939.226562 0.000000 0.666807 0.000000 0.745231 0.702593 0.702593 0.702593
5276.703613 0.000000 2978.316162 0.000000 0.957696 0.000000 0.287780 0.767351 0.767351 0.767351
5287.539062 0.000000 2937.777832 0.000000 0.609654 0.000000 0.792668 0.683020 0.683020 0.683020
5271.370117 0.000000 2993.921875 0.000000 0.720052 0.000000 0.693920 0.723414 0.723414 0.723414
5231.960449 0.000000 2980.633789 0.000000 0.571227 0.000000 -0.820792 0.926914 0.926914 0.926914
5231.319336 0.000000 2936.597656 0.000000 0.513652 0.000000 -0.857998 0.913293 0.913293 0.913293
5296.984375 0.000000 2993.970215 0.000000 0.140664 0.000000 -0.990057 0.985600 0.985600 0.985600
5296.502930 0.000000 2930.605469 0.000000 0.617452 0.000000 0.786608 0.678858 0.678858 0.678858
5266.276855 0.000000 2947.513672 0.000000 0.963206 0.000000 0.268763 0.767392 0.767392 0.767392
5288.644531 0.000000 2983.315186 0.000000 0.788551 0.000000 0.614969 0.704754 0.704754 0.704754
5290.752441 0.000000 2940.625732 0.000000 0.872710 0.000000 0.488239 0.736839 0.736839 0.736839
5224.446777 0.000000 2991.223145 0.000000 0.791946 0.000000 0.610591 0.725227 0.725227 0.725227
5244.979980 0.000000 2970.600830 0.000000 0.376265 0.000000 0.926512 0.615390 0.615390 0.615390
5232.265137 0.000000 2949.883545 0.000000 0.980078 0.000000 -0.198612 0.823161 0.823161 0.823161
5281.010742 0.000000 2924.076416 0.000000 0.999628 0.000000 -0.027290 0.803652 0.803652 0.803652
5227.210938 0.000000 2978.599121 0.000000 0.590156 0.000000 -0.807289 0.940737 0.940737 0.940737
5245.612305 0.000000 2994.615234 0.000000 0.717970 0.000000 -0.696074 0.898413 0.898413 0.898413
5226.200195 0.000000 2994.585205 0.000000 0.844895 0.000000 0.534932 0.705307 0.705307 0.705307
5301.882324 0.000000 2923.453857 0.000000 0.824929 0.000000 0.565237 0.707617 0.707617 0.707617
5301.185059 0.000000 2992.544922 0.000000 0.147442 0.000000 -0.989071 1.035861 1.035861 1.035861
5259.239258 0.000000 2991.905029 0.000000 0.015428 0.000000 -0.999881 1.054728 1.054728 1.054728
5262.064941 0.000000 2984.281738 0.000000 0.961151 0.000000 0.276022 0.763695 0.763695 0.763695
5287.442383 0.000000 2975.004395 0.000000 0.592672 0.000000 0.805444 0.684044 0.684044 0.684044
5231.916992 0.000000 2969.760498 0.000000 0.913985 0.000000 0.405748 0.740755 0.740755 0.740755
5224.441895 0.000000 2957.320068 0.000000 0.644066 0.000000 0.764970 0.650396 0.650396 0.650396
5240.589844 0.000000 2972.469238 0.000000 0.162359 0.000000 -0.986732 1.041793 1.041793 1.041793
5267.065430 0.000000 2968.241211 0.000000 0.792885 0.000000 -0.609371 0.911242 0.911242 0.911242
5251.749512 0.000000 2970.089355 0.000000 0.110949 0.000000 0.993826 0.240280 0.240280 0.240280
5285.845215 0.000000 2949.992676 0.000000 0.212796 0.000000 -0.977097 1.014009 1.014009 1.014009
5253.694336 0.000000 2984.473877 0.000000 0.689564 0.000000 0.724225 0.647947 0.647947 0.647947
5230.283203 0.000000 2957.173584 0.000000 0.925084 0.000000 -0.379761 0.858350 0.858350 0.858350
5296.419922 0.000000 2970.914062 0.000000 0.029876 0.000000 -0.999554 1.073904 1.073904 1.073904
5235.607422 0.000000 2938.614502 0.000000 0.541895 0.000000 -0.840446 0.989378 0.989378 0.989378
5288.583496 0.000000 2921.506348 0.000000 0.041948 0.000000 -0.999120 1.090078 1.090078 1.090078
5228.000488 0.000000 2967.771484 0.000000 0.986849 0.000000 0.161645 0.769195 0.769195 0.769195
5284.347656 0.000000 2923.517090 0.000000 0.181945 0.000000 0.983309 0.536676 0.536676 0.536676
5261.175293 0.000000 2979.897461 0.000000 0.807809 0.000000 -0.589444 0.919605 0.919605 0.919605
5291.139160 0.000000 2919.803955 0.000000 0.984794 0.000000 0.173727 0.767567 0.767567 0.767567
5246.435059 0.000000 2962.994385 0.000000 0.381251 0.000000 -0.924472 1.000263 1.000263 1.000263
5256.281738 0.000000 2958.792236 0.000000 0.075785 0.000000 -0.997124 1.083646 1.083646 1.083646
5246.053711 0.000000 2959.559570 0.000000 0.861747 0.000000 0.507338 0.718171 0.718171 0.718171
5278.605957 0.000000 2975.908691 0.000000 0.413980 0.000000 0.910286 0.402447 0.402447 0.402447
5282.248535 0.000000 2930.280029 0.000000 0.800350 0.000000 0.599533 0.678014 0.678014 0.678014
5238.272461 0.000000 2986.811768 0.000000 0.862374 0.000000 0.506272 0.708819 0.708819 0.708819
5277.913086 0.000000 2936.634033 0.000000 0.589807 0.000000 0.807544 0.642302 0.642302 0.642302
5230.065918 0.000000 2995.388184 0.000000 0.979090 0.000000 -0.203428 0.839278 0.839278 0.839278
5233.525391 0.000000 2942.828613 0.000000 0.492227 0.000000 0.870467 0.614374 0.614374 0.614374
5221.918457 0.000000 2969.184570 0.000000 0.917845 0.000000 -0.396938 0.875816 0.875816 0.875816
5240.740234 0.000000 2988.387451 0.000000 0.988689 0.000000 -0.149978 0.824054 0.824054 0.824054
5222.494141 0.000000 2955.366943 0.000000 0.688021 0.000000 0.725691 0.684850 0.684850 0.684850
5303.396484 0.000000 2915.911377 0.000000 0.892914 0.000000 -0.450228 0.888611 0.888611 0.888611
5250.273926 0.000000 2987.181396 0.000000 0.886091 0.000000 -0.463512 0.896258 0.896258 0.896258
5299.333496 0.000000 2926.846680 0.000000 0.478688 0.000000 -0.877985 0.988348 0.988348 0.988348
5265.249023 0.000000 2950.059570 0.000000 0.996806 0.000000 0.079863 0.783553 0.783553 0.783553
5298.064941 0.000000 2935.832031 0.000000 0.970765 0.000000 0.240033 0.754008 0.754008 0.754008
5273.536133 0.000000 2971.726318 0.000000 0.692839 0.000000 -0.721092 1.145834 1.145834 1.145834
5227.100586 0.000000 2964.065918 0.000000 0.044774 0.000000 -0.998997 1.089541 1.089541 1.089541
5233.336426 0.000000 2992.685791 0.000000 0.065671 0.000000 0.997841 0.580562 0.580562 0.580562
5269.287598 0.000000 2987.157471 0.000000 0.078487 0.000000 -0.996915 1.071211 1.071211 1.071211
5284.094238 0.000000 2948.579346 0.000000 0.852967 0.000000 -0.521964 0.886646 0.886646 0.886646
5269.670898 0.000000 2949.628418 0.000000 0.156599 0.000000 -0.987662 1.068204 1.068204 1.068204
5232.245605 0.000000 2934.596436 0.000000 0.041864 0.000000 0.999123 0.531282 0.531282 0.531282
5226.634766 0.000000 2954.201416 0.000000 0.354461 0.000000 -0.935071 1.000327 1.000327 1.000327
5284.043457 0.000000 2934.795898 0.000000 0.936416 0.000000 0.350891 0.731975 0.731975 0.731975
5287.599121 0.000000 2946.185547 0.000000 0.042697 0.000000 0.999088 0.510065 0.510065 0.510065
5228.201172 0.000000 2957.994629 0.000000 0.843366 0.000000 0.537340 0.707095 0.707095 0.707095
5270.768066 0.000000 2978.561523 0.000000 0.805197 0.000000 0.593007 0.697306 0.697306 0.697306
5283.487305 0.000000 2973.348145 0.000000 0.244066 0.000000 -0.969759 1.045968 1.045968 1.045968
5219.654297 0.000000 2965.260498 0.000000 0.962262 0.000000 0.272124 0.756515 0.756515 0.756515
5271.954102 0.000000 2946.402100 0.000000 0.514311 0.000000 0.857604 0.604458 0.604458 0.604458
5303.602539 0.000000 2970.228027 0.000000 0.204383 0.000000 0.978891 0.584634 0.584634 0.584634
5305.705078 0.000000 2973.905762 0.000000 0.938468 0.000000 -0.345366 0.871837 0.871837 0.871837
5249.682129 0.000000 2958.711426 0.000000 0.849600 0.000000 0.527428 0.692368 0.692368 0.692368
5253.334473 0.000000 2989.657471 0.000000 0.641974 0.000000 0.766726 0.524284 0.524284 0.524284
5258.123047 0.000000 2950.988281 0.000000 0.892685 0.000000 0.450681 0.709425 0.709425 0.709425
5221.453613 0.000000 2960.212402 0.000000 0.856838 0.000000 0.515586 0.699385 0.699385 0.699385
5270.534668 0.000000 2973.845947 0.000000 0.741417 0.000000 -0.671045 1.060049 1.060049 1.060049
5226.382324 0.000000 2956.667480 0.000000 0.929573 0.000000 0.368639 0.737414 0.737414 0.737414
5233.120605 0.000000 2940.784668 0.000000 0.998668 0.000000 -0.051597 0.809588 0.809588 0.809588
5268.250488 0.000000 2947.065186 0.000000 0.801455 0.000000 -0.598055 0.910112 0.910112 0.910112
5299.176270 0.000000 2972.520264 0.000000 0.687317 0.000000 0.726358 0.645742 0.645742 0.645742
5287.760254 0.000000 2925.563965 0.000000 0.859374 0.000000 0.511347 0.706734 0.706734 0.706734
5297.111328 0.000000 2916.988281 0.000000 0.273368 0.000000 0.961910 0.510566 0.510566 0.510566
5287.097656 0.000000 2920.148682 0.000000 0.630338 0.000000 0.776321 0.643786 0.643786 0.643786
5222.005371 0.000000 2962.244141 0.000000 0.996579 0.000000 -0.082644 0.815368 0.815368 0.815368
5265.374023 0.000000 2954.276855 0.000000 0.612532 0.000000 0.790446 0.585174 0.585174 0.585174
5232.283203 0.000000 2953.672363 0.000000 0.790753 0.000000 -0.612136 0.924991 0.924991 0.924991
5294.444336 0.000000 2916.447754 0.000000 0.617298 0.000000 -0.786730 0.977232 0.977232 0.977232
5272.313477 0.000000 2969.170898 0.000000 0.528436 0.000000 0.848973 0.411147 0.411147 0.411147
5227.438965 0.000000 2974.175781 0.000000 0.999964 0.000000 -0.008466 0.801860 0.801860 0.801860
5289.592285 0.000000 2981.513184 0.000000 0.128435 0.000000 0.991718 0.526397 0.526397 0.526397
5300.614258 0.000000 2929.960449 0.000000 0.739817 0.000000 -0.672808 0.940026 0.940026 0.940026
5241.995117 0.000000 2973.864014 0.000000 0.410244 0.000000 -0.911976 0.997196 0.997196 0.997196
5274.553711 0.000000 2974.315674 0.000000 0.134255 0.000000 -0.990947 1.273270 1.273270 1.273270
5304.288086 0.000000 2982.047363 0.000000 0.919017 0.000000 0.394218 0.685887 0.685887 0.685887
5229.228516 0.000000 2975.133057 0.000000 0.988638 0.000000 0.150319 0.764740 0.764740 0.764740
5263.527344 0.000000 2953.464355 0.000000 0.998715 0.000000 0.050672 0.786737 0.786737 0.786737
5266.969727 0.000000 2972.110107 0.000000 0.968687 0.000000 -0.248284 0.853620 0.853620 0.853620
5232.662109 0.000000 2974.135742 0.000000 0.028105 0.000000 0.999605 0.464158 0.464158 0.464158
5254.920410 0.000000 2962.841064 0.000000 0.991308 0.000000 -0.131564 0.826880 0.826880 0.826880
5259.406250 0.000000 2956.722656 0.000000 0.600200 0.000000 -0.799850 0.998114 0.998114 0.998114
5294.290039 0.000000 2985.486328 0.000000 0.515795 0.000000 -0.856712 0.995214 0.995214 0.995214
5253.452148 0.000000 2959.585449 0.000000 0.827642 0.000000 0.561256 0.697646 0.697646 0.697646
5298.615723 0.000000 2920.399414 0.000000 0.974523 0.000000 -0.224288 0.841114 0.841114 0.841114
5230.298340 0.000000 2967.572510 0.000000 0.826405 0.000000 0.563076 0.686517 0.686517 0.686517
5252.673340 0.000000 2966.047607 0.000000 0.555549 0.000000 0.831484 0.513718 0.513718 0.513718
5253.672363 0.000000 2971.164551 0.000000 0.928861 0.000000 -0.370428 0.922778 0.922778 0.922778
5224.560059 0.000000 2971.100586 0.000000 0.053471 0.000000 0.998569 0.518172 0.518172 0.518172
5277.746582 0.000000 2941.006836 0.000000 0.926341 0.000000 -0.376686 0.887936 0.887936 0.887936
5298.854004 0.000000 2933.653809 0.000000 0.461589 0.000000 -0.887094 1.007006 1.007006 1.007006
5225.175781 0.000000 2964.504639 0.000000 0.926028 0.000000 0.377454 0.725790 0.725790 0.725790
5301.907715 0.000000 2994.306641 0.000000 0.156006 0.000000 -0.987756 1.068318 1.068318 1.068318
5279.563477 0.000000 2972.085205 0.000000 0.591758 0.000000 -0.806116 1.146417 1.146417 1.146417
5279.486328 0.000000 2939.743896 0.000000 0.791985 0.000000 -0.610541 0.957401 0.957401 0.957401
5232.868164 0.000000 2994.741943 0.000000 0.781649 0.000000 -0.623719 0.954689 0.954689 0.954689
5291.460449 0.000000 2980.946777 0.000000 0.080370 0.000000 0.996765 0.517226 0.517226 0.517226
5236.502441 0.000000 2992.489014 0.000000 0.585335 0.000000 -0.810791 0.986951 0.986951 0.986951
5277.085938 0.000000 2991.435791 0.000000 0.919555 0.000000 -0.392962 0.917762 0.917762 0.917762
5233.684570 0.000000 2967.836182 0.000000 0.071918 0.000000 0.997411 0.515618 0.515618 0.515618
5237.095215 0.000000 2994.587646 0.000000 0.724535 0.000000 -0.689238 1.052116 1.052116 1.052116
5246.715332 0.000000 2977.408447 0.000000 0.963451 0.000000 0.267884 0.744752 0.744752 0.744752
5278.787109 0.000000 2994.838379 0.000000 0.854577 0.000000 0.519325 0.592783 0.592783 0.592783
5274.893066 0.000000 2977.606445 0.000000 0.013522 0.000000 -0.999909 1.170120 1.170120 1.170120
5234.032227 0.000000 2972.825195 0.000000 0.999979 0.000000 0.006433 0.798741 0.798741 0.798741
5285.871582 0.000000 2924.647217 0.000000 0.871113 0.000000 0.491083 0.702601 0.702601 0.702601
5293.090820 0.000000 2983.490723 0.000000 0.896014 0.000000 -0.444026 0.887296 0.887296 0.887296
5259.071289 0.000000 2976.583984 0.000000 0.284926 0.000000 -0.958550 1.043218 1.043218 1.043218
5282.334473 0.000000 2993.037598 0.000000 0.649669 0.000000 -0.760217 1.010439 1.010439 1.010439
5249.495605 0.000000 2963.784180 0.000000 0.434635 0.000000 -0.900607 1.064229 1.064229 1.064229
5250.452148 0.000000 2973.098145 0.000000 0.041433 0.000000 0.999141 0.286848 0.286848 0.286848
5276.166504 0.000000 2970.825195 0.000000 0.995730 0.000000 0.092313 0.765289 0.765289 0.765289
5254.424316 0.000000 2968.945801 0.000000 0.605328 0.000000 0.795976 0.601421 0.601421 0.601421
5296.975586 0.000000 2919.238037 0.000000 0.912332 0.000000 0.409451 0.704793 0.704793 0.704793
5252.021973 0.000000 2991.016357 0.000000 0.890501 0.000000 0.454981 0.681132 0.681132 0.681132
5302.258789 0.000000 2979.212402 0.000000 0.995877 0.000000 -0.090711 0.823948 0.823948 0.823948
5263.639160 0.000000 2950.945312 0.000000 0.389338 0.000000 0.921095 0.554454 0.554454 0.554454
5269.671875 0.000000 2971.941895 0.000000 0.068899 0.000000 0.997624 0.302077 0.302077 0.302077
5280.354980 0.000000 2975.188965 0.000000 0.558999 0.000000 -0.829168 1.118264 1.118264 1.118264
5265.298340 0.000000 2956.270264 0.000000 0.511418 0.000000 -0.859332 1.008572 1.008572 1.008572
5255.843750 0.000000 2989.407715 0.000000 0.935107 0.000000 0.354366 0.675563 0.675563 0.675563
5279.080078 0.000000 2992.658691 0.000000 0.245271 0.000000 -0.969455 1.302045 1.302045 1.302045
5263.180176 0.000000 2957.183594 0.000000 0.954054 0.000000 -0.299633 0.883873 0.883873 0.883873
5253.979004 0.000000 2986.217041 0.000000 0.692108 0.000000 0.721794 0.580965 0.580965 0.580965
5247.870605 0.000000 2970.698486 0.000000 0.911328 0.000000 -0.411680 0.922029 0.922029 0.922029
5256.197266 0.000000 2986.887207 0.000000 0.996687 0.000000 -0.081337 0.818702 0.818702 0.818702
5277.306152 0.000000 2972.157959 0.000000 0.929513 0.000000 -0.368790 0.947103 0.947103 0.947103
5258.724121 0.000000 2954.596191 0.000000 0.949336 0.000000 -0.314263 0.872787 0.872787 0.872787
5262.101074 0.000000 2954.369385 0.000000 0.993504 0.000000 -0.113793 0.834848 0.834848 0.834848
5276.207520 0.000000 2995.458252 0.000000 0.321177 0.000000 0.947019 0.417431 0.417431 0.417431
5271.515137 0.000000 2972.493408 0.000000 0.848343 0.000000 0.529447 0.602759 0.602759 0.602759
5251.412598 0.000000 2967.189697 0.000000 0.760352 0.000000 -0.649511 1.052736 1.052736 1.052736
5305.995117 0.000000 2978.008545 0.000000 0.954635 0.000000 -0.297779 0.901454 0.901454 0.901454
5276.687988 0.000000 2973.823730 0.000000 0.989056 0.000000 0.147539 0.742329 0.742329 0.742329
5270.683594 0.000000 2969.319092 0.000000 0.917313 0.000000 -0.398167 0.943133 0.943133 0.943133
5272.111816 0.000000 2975.280273 0.000000 0.145359 0.000000 0.989379 0.370268 0.370268 0.370268
5273.808594 0.000000 2968.174561 0.000000 0.945079 0.000000 -0.326843 0.927680 0.927680 0.927680
5248.518555 0.000000 2972.561768 0.000000 0.443298 0.000000 0.896374 0.369325 0.369325 0.369325
5346.792969 0.000000 2917.424561 0.000000 0.961968 0.000000 -0.273161 0.801105 0.801105 0.801105
5373.687500 0.000000 2962.880615 0.000000 0.641466 0.000000 -0.767151 0.812225 0.812225 0.812225
5375.748535 0.000000 2976.920166 0.000000 0.990478 0.000000 0.137670 0.793656 0.793656 0.793656
5381.577637 0.000000 2992.982422 0.000000 0.607763 0.000000 -0.794118 0.836652 0.836652 0.836652
5333.129395 0.000000 2932.198486 0.000000 0.741830 0.000000 -0.670588 0.832295 0.832295 0.832295
5385.184570 0.000000 2987.851807 0.000000 0.973719 0.000000 0.227753 0.787610 0.787610 0.787610
5329.963867 0.000000 2912.294678 0.000000 0.007896 0.000000 -0.999969 0.874916 0.874916 0.874916
5327.697754 0.000000 2967.455322 0.000000 0.955964 0.000000 0.293485 0.783342 0.783342 0.783342
5343.017578 0.000000 2950.548096 0.000000 0.857063 0.000000 -0.515212 0.825944 0.825944 0.825944
5314.085449 0.000000 2976.159668 0.000000 0.124644 0.000000 -0.992202 0.889518 0.889518 0.889518
5353.422363 0.000000 2976.301758 0.000000 0.338869 0.000000 -0.940833 0.897871 0.897871 0.897871
5375.960449 0.000000 2966.350586 0.000000 0.998163 0.000000 -0.060590 0.804117 0.804117 0.804117
5338.432617 0.000000 2959.779785 0.000000 0.949843 0.000000 -0.312728 0.950554 0.950554 0.950554
5383.590820 0.000000 2956.821777 0.000000 0.928869 0.000000 0.370409 0.768928 0.768928 0.768928
5388.183105 0.000000 2989.443115 0.000000 0.990098 0.000000 -0.140379 0.810689 0.810689 0.810689
5364.404785 0.000000 2993.346436 0.000000 0.092609 0.000000 -0.995703 0.903321 0.903321 0.903321
5359.541992 0.000000 2967.150879 0.000000 0.667457 0.000000 -0.744649 1.169093 1.169093 1.169093
5382.715820 0.000000 2989.879395 0.000000 0.973062 0.000000 0.230545 0.779556 0.779556 0.779556
5382.848633 0.000000 2961.560303 0.000000 0.752909 0.000000 0.658125 0.746917 0.746917 0.746917
5354.400879 0.000000 2965.918701 0.000000 0.285397 0.000000 -0.958409 1.437244 1.437244 1.437244
5345.276855 0.000000 2914.784668 0.000000 0.991289 0.000000 -0.131705 0.813454 0.813454 0.813454
5334.707031 0.000000 2958.047607 0.000000 0.778647 0.000000 0.627462 0.507383 0.507383 0.507383
5323.666504 0.000000 2915.163574 0.000000 0.846891 0.000000 -0.531767 0.843673 0.843673 0.843673
5357.287109 0.000000 2965.167725 0.000000 0.389953 0.000000 -0.920835 1.395986 1.395986 1.395986
5385.215332 0.000000 2951.251221 0.000000 0.422121 0.000000 0.906539 0.713858 0.713858 0.713858
5339.254883 0.000000 2903.350586 0.000000 0.857851 0.000000 0.513899 0.749336 0.749336 0.749336
5375.833496 0.000000 2969.246338 0.000000 0.259246 0.000000 0.965811 0.648417 0.648417 0.648417
5328.096191 0.000000 2992.698486 0.000000 0.272929 0.000000 0.962034 0.675913 0.675913 0.675913
5311.351074 0.000000 2982.701416 0.000000 0.337930 0.000000 -0.941171 0.907746 0.907746 0.907746
5340.490234 0.000000 2951.540771 0.000000 0.568262 0.000000 -0.822848 0.890717 0.890717 0.890717
5374.380371 0.000000 2955.042236 0.000000 0.523611 0.000000 -0.851957 0.926270 0.926270 0.926270
5334.892578 0.000000 2925.380859 0.000000 0.264438 0.000000 -0.964403 0.924932 0.924932 0.924932
5320.324707 0.000000 2986.335205 0.000000 0.710639 0.000000 0.703557 0.715834 0.715834 0.715834
5363.695801 0.000000 2978.316162 0.000000 0.529821 0.000000 -0.848109 0.929409 0.929409 0.929409
5383.059570 0.000000 2940.150146 0.000000 0.490261 0.000000 -0.871576 0.909922 0.909922 0.909922
5380.245605 0.000000 2948.536865 0.000000 0.707720 0.000000 -0.706493 0.904982 0.904982 0.904982
5344.504395 0.000000 2990.036377 0.000000 0.562266 0.000000 -0.826956 0.932237 0.932237 0.932237
5392.645996 0.000000 2915.834473 0.000000 0.739873 0.000000 -0.672747 0.892849 0.892849 0.892849
5383.976562 0.000000 2993.970215 0.000000 0.880522 0.000000 -0.474006 0.857206 0.857206 0.857206
5329.998047 0.000000 2982.500977 0.000000 0.721258 0.000000 -0.692666 1.108705 1.108705 1.108705
5336.007812 0.000000 2954.019287 0.000000 0.943874 0.000000 0.330306 0.668896 0.668896 0.668896
5329.304688 0.000000 2957.112305 0.000000 0.096228 0.000000 -0.995359 1.006134 1.006134 1.006134
5344.694824 0.000000 2904.599365 0.000000 0.427494 0.000000 -0.904018 0.953342 0.953342 0.953342
5337.476074 0.000000 2962.159180 0.000000 0.977212 0.000000 0.212264 0.720115 0.720115 0.720115
5372.361816 0.000000 2957.967529 0.000000 0.244429 0.000000 -0.969667 0.993017 0.993017 0.993017
5386.399414 0.000000 2911.035645 0.000000 0.530916 0.000000 0.847425 0.680853 0.680853 0.680853
5330.775391 0.000000 2951.627930 0.000000 0.648487 0.000000 0.761225 0.658303 0.658303 0.658303
5337.224121 0.000000 2991.459229 0.000000 0.979958 0.000000 0.199204 0.767957 0.767957 0.767957
5388.177246 0.000000 2992.544922 0.000000 0.377333 0.000000 0.926078 0.596653 0.596653 0.596653
5346.017090 0.000000 2964.879395 0.000000 0.998413 0.000000 0.056322 0.790771 0.790771 0.790771
5349.057129 0.000000 2984.281738 0.000000 0.430467 0.000000 0.902606 0.649353 0.649353 0.649353
5339.803223 0.000000 2962.049072 0.000000 0.127426 0.000000 0.991848 0.203413 0.203413 0.203413
5318.909180 0.000000 2969.760498 0.000000 0.203427 0.000000 -0.979090 1.045530 1.045530 1.045530
5381.994141 0.000000 2946.182861 0.000000 0.401193 0.000000 -0.915993 0.975770 0.975770 0.975770
5354.057617 0.000000 2968.241211 0.000000 0.632586 0.000000 -0.774490 1.145028 1.145028 1.145028
5338.741699 0.000000 2970.089355 0.000000 0.370620 0.000000 0.928784 0.600168 0.600168 0.600168
5340.686523 0.000000 2984.473877 0.000000 0.743565 0.000000 0.668664 0.665423 0.665423 0.665423
5342.666992 0.000000 2907.249512 0.000000 0.072229 0.000000 0.997388 0.515677 0.515677 0.515677
5369.979492 0.000000 2957.492920 0.000000 0.754182 0.000000 0.656665 0.686967 0.686967 0.686967
5367.756836 0.000000 2987.358887 0.000000 0.046458 0.000000 0.998920 0.553401 0.553401 0.553401
5373.397949 0.000000 2970.593994 0.000000 0.999986 0.000000 -0.005290 0.801014 0.801014 0.801014
5352.102539 0.000000 2988.541748 0.000000 0.869472 0.000000 -0.493982 0.890807 0.890807 0.890807
5343.273926 0.000000 2958.792236 0.000000 0.830055 0.000000 0.557682 0.584958 0.584958 0.584958
5333.045898 0.000000 2959.559570 0.000000 0.952602 0.000000 -0.304219 0.912981 0.912981 0.912981
5389.775391 0.000000 2939.551758 0.000000 0.329212 0.000000 -0.944256 1.029454 1.029454 1.029454
5330.288574 0.000000 2918.125732 0.000000 0.973706 0.000000 0.227808 0.765115 0.765115 0.765115
5344.856445 0.000000 2967.408447 0.000000 0.023580 0.000000 0.999722 0.568238 0.568238 0.568238
5365.598145 0.000000 2975.908691 0.000000 0.998486 0.000000 0.055008 0.791316 0.791316 0.791316
5352.574219 0.000000 2964.596924 0.000000 0.545343 0.000000 -0.838213 1.173227 1.173227 1.173227
5340.998535 0.000000 2980.366699 0.000000 0.584336 0.000000 0.811512 0.622260 0.622260 0.622260
5338.550781 0.000000 2907.805908 0.000000 0.224998 0.000000 0.974359 0.620172 0.620172 0.620172
5362.444824 0.000000 2958.931396 0.000000 0.841837 0.000000 -0.539732 0.899064 0.899064 0.899064
5324.433594 0.000000 2924.407227 0.000000 0.858495 0.000000 -0.512821 0.987128 0.987128 0.987128
5384.736328 0.000000 2949.119629 0.000000 0.951773 0.000000 0.306803 0.752667 0.752667 0.752667
5378.747559 0.000000 2936.536621 0.000000 0.254320 0.000000 -0.967120 1.044002 1.044002 1.044002
5320.216309 0.000000 2976.661133 0.000000 0.972374 0.000000 0.233427 0.753886 0.753886 0.753886
5327.732422 0.000000 2988.387451 0.000000 0.223908 0.000000 -0.974610 1.039075 1.039075 1.039075
5390.388672 0.000000 2915.911377 0.000000 0.011145 0.000000 -0.999938 1.067890 1.067890 1.067890
5337.266113 0.000000 2987.181396 0.000000 0.994563 0.000000 -0.104141 0.818753 0.818753 0.818753
5360.528320 0.000000 2971.726318 0.000000 0.083538 0.000000 -0.996505 1.079200 1.079200 1.079200
5390.601562 0.000000 2909.133301 0.000000 0.966702 0.000000 0.255903 0.760203 0.760203 0.760203
5361.975098 0.000000 2984.972656 0.000000 0.886314 0.000000 -0.463084 0.894238 0.894238 0.894238
5364.433105 0.000000 2985.389160 0.000000 0.837403 0.000000 -0.546585 0.977865 0.977865 0.977865
5341.775879 0.000000 2902.876221 0.000000 0.644684 0.000000 0.764449 0.654010 0.654010 0.654010
5315.718262 0.000000 2986.639160 0.000000 0.792980 0.000000 -0.609248 0.915141 0.915141 0.915141
5356.279785 0.000000 2987.157471 0.000000 0.918099 0.000000 -0.396352 0.885465 0.885465 0.885465
5329.148926 0.000000 2984.623047 0.000000 0.992948 0.000000 0.118553 0.749685 0.749685 0.749685
5343.847168 0.000000 2983.086670 0.000000 0.360208 0.000000 -0.932872 1.028123 1.028123 1.028123
5339.238770 0.000000 2957.791504 0.000000 0.688457 0.000000 0.725277 0.451564 0.451564 0.451564
5359.815430 0.000000 2980.677246 0.000000 0.677416 0.000000 0.735600 0.639870 0.639870 0.639870
5334.104980 0.000000 2915.949951 0.000000 0.260333 0.000000 0.965519 0.591100 0.591100 0.591100
5356.893066 0.000000 2983.137207 0.000000 0.806344 0.000000 0.591447 0.679924 0.679924 0.679924
5390.596680 0.000000 2911.684570 0.000000 0.871921 0.000000 -0.489646 0.897086 0.897086 0.897086
5357.760254 0.000000 2978.561523 0.000000 0.532174 0.000000 -0.846635 0.955268 0.955268 0.955268
5370.479492 0.000000 2973.348145 0.000000 0.194045 0.000000 -0.980993 1.063734 1.063734 1.063734
5340.270020 0.000000 2974.822266 0.000000 0.318853 0.000000 0.947804 0.556067 0.556067 0.556067
5328.461426 0.000000 2924.444092 0.000000 0.752450 0.000000 -0.658650 1.036950 1.036950 1.036950
5375.488281 0.000000 2957.012939 0.000000 0.991439 0.000000 -0.130575 0.824584 0.824584 0.824584
5336.674316 0.000000 2958.711426 0.000000 0.437536 0.000000 -0.899201 1.275585 1.275585 1.275585
5340.326660 0.000000 2989.657471 0.000000 0.628308 0.000000 -0.777964 0.954893 0.954893 0.954893
5384.923828 0.000000 2990.040039 0.000000 0.946943 0.000000 0.321402 0.737916 0.737916 0.737916
5341.382812 0.000000 2911.616943 0.000000 0.332918 0.000000 -0.942956 1.154154 1.154154 1.154154
5350.967285 0.000000 2971.579590 0.000000 0.722009 0.000000 -0.691883 0.958712 0.958712 0.958712
5385.358887 0.000000 2922.812012 0.000000 0.834889 0.000000 -0.550419 0.910592 0.910592 0.910592
5384.103516 0.000000 2916.988281 0.000000 0.268018 0.000000 -0.963414 1.018008 1.018008 1.018008
5337.544922 0.000000 2911.723877 0.000000 0.445492 0.000000 0.895286 0.565201 0.565201 0.565201
5317.280762 0.000000 2971.325684 0.000000 0.773876 0.000000 -0.633338 0.930133 0.930133 0.930133
5390.363770 0.000000 2922.063232 0.000000 0.347471 0.000000 0.937691 0.571722 0.571722 0.571722
5359.305664 0.000000 2969.170898 0.000000 0.938177 0.000000 -0.346157 0.907307 0.907307 0.907307
5318.783203 0.000000 2985.010254 0.000000 0.760051 0.000000 0.649864 0.672843 0.672843 0.672843
5343.260742 0.000000 2914.596436 0.000000 0.113380 0.000000 -0.993552 1.134687 1.134687 1.134687
5347.541016 0.000000 2968.999512 0.000000 0.301613 0.000000 0.953430 0.575245 0.575245 0.575245
5348.120605 0.000000 2995.059326 0.000000 0.961974 0.000000 -0.273139 0.855807 0.855807 0.855807
5328.201660 0.000000 2980.107422 0.000000 0.909032 0.000000 -0.416727 0.921048 0.921048 0.921048
5340.046875 0.000000 2978.516602 0.000000 0.951919 0.000000 0.306349 0.748386 0.748386 0.748386
5361.545898 0.000000 2974.315674 0.000000 0.490500 0.000000 -0.871441 1.000768 1.000768 1.000768
5328.086914 0.000000 2916.585693 0.000000 0.771200 0.000000 0.636593 0.663554 0.663554 0.663554
5332.408203 0.000000 2991.401123 0.000000 0.797215 0.000000 -0.603696 0.924269 0.924269 0.924269
5387.819336 0.000000 2912.409424 0.000000 0.345165 0.000000 0.938542 0.595594 0.595594 0.595594
5386.942871 0.000000 2924.023926 0.000000 0.842535 0.000000 0.538641 0.692073 0.692073 0.692073
5324.222656 0.000000 2920.930908 0.000000 0.650687 0.000000 0.759346 0.477942 0.477942 0.477942
5341.912598 0.000000 2962.841064 0.000000 0.927856 0.000000 0.372939 0.649631 0.649631 0.649631
5340.444336 0.000000 2959.585449 0.000000 0.102298 0.000000 -0.994754 1.512618 1.512618 1.512618
5361.647949 0.000000 2982.817871 0.000000 0.658106 0.000000 0.752925 0.631439 0.631439 0.631439
5385.607910 0.000000 2920.399414 0.000000 0.666476 0.000000 -0.745526 0.962992 0.962992 0.962992
5355.375000 0.000000 2985.393555 0.000000 0.125116 0.000000 0.992142 0.528649 0.528649 0.528649
5365.557129 0.000000 2983.716309 0.000000 0.824109 0.000000 -0.566431 1.002049 1.002049 1.002049
5361.317871 0.000000 2965.268066 0.000000 0.984039 0.000000 0.177952 0.736398 0.736398 0.736398
5326.847168 0.000000 2923.351318 0.000000 0.071656 0.000000 0.997429 0.231137 0.231137 0.231137
5344.335938 0.000000 2977.687744 0.000000 0.932869 0.000000 0.360217 0.728610 0.728610 0.728610
5324.870117 0.000000 2970.551758 0.000000 0.472571 0.000000 -0.881293 1.052042 1.052042 1.052042
5351.584473 0.000000 2995.513672 0.000000 0.999952 0.000000 -0.009835 0.802200 0.802200 0.802200
5306.587891 0.000000 2978.424072 0.000000 0.776977 0.000000 -0.629529 1.010802 1.010802 1.010802
5314.899414 0.000000 2971.652100 0.000000 0.491218 0.000000 0.871037 0.607835 0.607835 0.607835
5350.271484 0.000000 2992.335449 0.000000 0.449569 0.000000 0.893246 0.581608 0.581608 0.581608
5349.973633 0.000000 2994.284424 0.000000 0.098064 0.000000 -0.995180 1.097049 1.097049 1.097049
5358.082520 0.000000 2963.384766 0.000000 0.958321 0.000000 -0.285693 0.899529 0.899529 0.899529
5339.403320 0.000000 2994.795410 0.000000 0.996220 0.000000 0.086865 0.781413 0.781413 0.781413
5335.126953 0.000000 2994.839600 0.000000 0.962027 0.000000 0.272956 0.742575 0.742575 0.742575
5336.070801 0.000000 2985.642822 0.000000 0.966939 0.000000 0.255008 0.749015 0.749015 0.749015
5388.899902 0.000000 2994.306641 0.000000 0.266486 0.000000 0.963839 0.553142 0.553142 0.553142
5366.555664 0.000000 2972.085205 0.000000 0.145946 0.000000 -0.989293 1.098696 1.098696 1.098696
5365.515625 0.000000 2961.051758 0.000000 0.906549 0.000000 -0.422100 0.889643 0.889643 0.889643
5330.559570 0.000000 2988.537109 0.000000 0.714382 0.000000 -0.699756 0.987305 0.987305 0.987305
5333.707520 0.000000 2977.408447 0.000000 0.766163 0.000000 0.642647 0.614602 0.614602 0.614602
5361.885254 0.000000 2977.606445 0.000000 0.184215 0.000000 -0.982886 1.062886 1.062886 1.062886
5387.547363 0.000000 2915.030762 0.000000 0.130007 0.000000 -0.991513 1.102071 1.102071 1.102071
5380.840332 0.000000 2935.524902 0.000000 0.627895 0.000000 -0.778298 0.969237 0.969237 0.969237
5352.979492 0.000000 2982.704834 0.000000 0.867280 0.000000 -0.497820 0.898869 0.898869 0.898869
5346.063477 0.000000 2976.583984 0.000000 0.037057 0.000000 0.999313 0.487551 0.487551 0.487551
5387.448730 0.000000 2941.095703 0.000000 0.772514 0.000000 0.634998 0.630984 0.630984 0.630984
5333.976562 0.000000 2950.425781 0.000000 0.873956 0.000000 0.486006 0.682419 0.682419 0.682419
5331.771973 0.000000 2953.233398 0.000000 0.772463 0.000000 0.635059 0.663947 0.663947 0.663947
5344.235352 0.000000 2971.007324 0.000000 0.814913 0.000000 -0.579583 0.930881 0.930881 0.930881
5336.487793 0.000000 2963.784180 0.000000 0.521736 0.000000 0.853107 0.418333 0.418333 0.418333
5337.444336 0.000000 2973.098145 0.000000 0.073808 0.000000 -0.997272 1.251446 1.251446 1.251446
5363.158691 0.000000 2970.825195 0.000000 0.755239 0.000000 0.655449 0.628690 0.628690 0.628690
5341.588867 0.000000 2992.933105 0.000000 0.991983 0.000000 0.126369 0.774693 0.774693 0.774693
5389.541016 0.000000 2918.300293 0.000000 0.431158 0.000000 0.902276 0.469701 0.469701 0.469701
5342.284668 0.000000 2975.478271 0.000000 0.079278 0.000000 -0.996853 1.115748 1.115748 1.115748
5328.064941 0.000000 2921.282471 0.000000 0.983737 0.000000 0.179615 0.744814 0.744814 0.744814
5329.996094 0.000000 2978.222168 0.000000 0.999705 0.000000 -0.024291 0.804901 0.804901 0.804901
5352.839844 0.000000 2962.556885 0.000000 0.681624 0.000000 0.731703 0.603276 0.603276 0.603276
5324.194336 0.000000 2985.370117 0.000000 0.291799 0.000000 -0.956480 1.158966 1.158966 1.158966
5335.521973 0.000000 2956.105713 0.000000 0.229396 0.000000 0.973333 0.206154 0.206154 0.206154
5343.034180 0.000000 2956.984375 0.000000 0.322206 0.000000 -0.946670 1.140040 1.140040 1.140040
5392.742676 0.000000 2919.472412 0.000000 0.967182 0.000000 0.254087 0.746125 0.746125 0.746125
5340.838379 0.000000 2955.925293 0.000000 0.881144 0.000000 -0.472849 0.939683 0.939683 0.939683
5345.406738 0.000000 2963.039795 0.000000 0.749403 0.000000 -0.662114 0.960426 0.960426 0.960426
5367.060547 0.000000 2969.497070 0.000000 0.552060 0.000000 0.833804 0.504620 0.504620 0.504620
5330.274414 0.000000 2924.324219 0.000000 0.557241 0.000000 0.830351 0.553447 0.553447 0.553447
5355.598145 0.000000 2964.567627 0.000000 0.846410 0.000000 0.532533 0.520714 0.520714 0.520714
5350.804688 0.000000 2964.823242 0.000000 0.680228 0.000000 0.733001 0.566669 0.566669 0.566669
5324.915039 0.000000 2922.656006 0.000000 0.841690 0.000000 0.539961 0.583551 0.583551 0.583551
5366.352539 0.000000 2966.187256 0.000000 0.060722 0.000000 0.998155 0.410948 0.410948 0.410948
5334.862793 0.000000 2970.698486 0.000000 0.998898 0.000000 -0.046939 0.812285 0.812285 0.812285
5356.089355 0.000000 2966.451172 0.000000 0.168239 0.000000 -0.985746 1.513907 1.513907 1.513907
5327.780273 0.000000 2926.652832 0.000000 0.478480 0.000000 0.878098 0.472460 0.472460 0.472460
5359.297363 0.000000 2965.448730 0.000000 0.618318 0.000000 0.785928 0.381032 0.381032 0.381032
5323.255859 0.000000 2973.390137 0.000000 0.948763 0.000000 -0.315989 0.874485 0.874485 0.874485
5327.111816 0.000000 2983.667725 0.000000 0.722712 0.000000 -0.691150 1.031656 1.031656 1.031656
5337.710938 0.000000 2954.571777 0.000000 0.867289 0.000000 0.497805 0.597065 0.597065 0.597065
5332.509277 0.000000 2951.447021 0.000000 0.573646 0.000000 0.819104 0.577623 0.577623 0.577623
5331.072754 0.000000 2986.315918 0.000000 0.584513 0.000000 0.811384 0.469177 0.469177 0.469177
5369.461426 0.000000 2971.930176 0.000000 0.608056 0.000000 -0.793894 1.034476 1.034476 1.034476
5332.923340 0.000000 2983.735107 0.000000 0.322421 0.000000 -0.946597 1.296318 1.296318 1.296318
5327.395020 0.000000 2929.624512 0.000000 0.048585 0.000000 0.998819 0.383495 0.383495 0.383495
5332.117676 0.000000 2980.263916 0.000000 0.049008 0.000000 -0.998798 1.286294 1.286294 1.286294
5333.949219 0.000000 2981.152100 0.000000 0.853213 0.000000 0.521563 0.624664 0.624664 0.624664
5352.914551 0.000000 2966.899414 0.000000 0.032274 0.000000 -0.999479 1.445285 1.445285 1.445285
5346.617188 0.000000 2973.291992 0.000000 0.329938 0.000000 -0.944002 1.093419 1.093419 1.093419
5357.930664 0.000000 2966.704590 0.000000 0.137905 0.000000 0.990445 0.070459 0.070459 0.070459
5327.031250 0.000000 2919.956299 0.000000 0.973079 0.000000 -0.230473 0.875711 0.875711 0.875711
5336.613281 0.000000 2960.358154 0.000000 0.959568 0.000000 0.281478 0.682035 0.682035 0.682035
5330.210938 0.000000 2955.676025 0.000000 0.024012 0.000000 0.999712 0.420017 0.420017 0.420017
5343.447266 0.000000 2962.249268 0.000000 0.952669 0.000000 -0.304009 0.893775 0.893775 0.893775
5339.201172 0.000000 2956.110107 0.000000 0.149108 0.000000 -0.988821 1.410242 1.410242 1.410242
5357.675781 0.000000 2969.319092 0.000000 0.433611 0.000000 0.901100 0.376356 0.376356 0.376356
5365.625000 0.000000 2981.973633 0.000000 0.924737 0.000000 -0.380606 0.899818 0.899818 0.899818
5322.263672 0.000000 2924.107666 0.000000 0.487231 0.000000 -0.873273 1.082070 1.082070 1.082070
5330.311523 0.000000 2927.965088 0.000000 0.994155 0.000000 0.107959 0.769754 0.769754 0.769754
5335.510742 0.000000 2972.561768 0.000000 0.491190 0.000000 0.871052 0.451559 0.451559 0.451559
5356.514648 0.000000 2962.975098 0.000000 0.981073 0.000000 -0.193640 0.872003 0.872003 0.872003
5363.010742 0.000000 2965.347656 0.000000 0.054292 0.000000 -0.998525 1.205855 1.205855 1.205855
5462.887207 0.000000 2812.227295 0.000000 0.850885 0.000000 0.525352 0.791162 0.791162 0.791162
5458.581055 0.000000 2797.527344 0.000000 0.556605 0.000000 0.830777 0.782375 0.782375 0.782375
5476.055176 0.000000 2835.263428 0.000000 0.866361 0.000000 -0.499418 0.815666 0.815666 0.815666
5420.121582 0.000000 2825.214111 0.000000 0.172029 0.000000 -0.985092 0.855839 0.855839 0.855839
5471.263672 0.000000 2869.109619 0.000000 0.187553 0.000000 -0.982255 0.877292 0.877292 0.877292
5456.524414 0.000000 2815.120117 0.000000 0.859967 0.000000 -0.510350 0.836370 0.836370 0.836370
5439.552734 0.000000 2800.362793 0.000000 0.326652 0.000000 0.945145 0.676367 0.676367 0.676367
5454.381348 0.000000 2783.788086 0.000000 0.471197 0.000000 -0.882028 0.894922 0.894922 0.894922
5432.269043 0.000000 2807.800293 0.000000 0.976477 0.000000 0.215621 0.779165 0.779165 0.779165
5480.441406 0.000000 2883.905029 0.000000 0.980657 0.000000 0.195733 0.783474 0.783474 0.783474
5436.964355 0.000000 2806.981201 0.000000 0.769348 0.000000 0.638830 0.718342 0.718342 0.718342
5473.828613 0.000000 2873.291504 0.000000 0.609737 0.000000 -0.792604 0.885898 0.885898 0.885898
5408.075684 0.000000 2783.997314 0.000000 0.194976 0.000000 -0.980808 0.959229 0.959229 0.959229
5460.896973 0.000000 2884.609375 0.000000 0.111403 0.000000 -0.993775 0.980686 0.980686 0.980686
5424.879883 0.000000 2821.667236 0.000000 0.799512 0.000000 0.600651 0.708634 0.708634 0.708634
5470.968750 0.000000 2886.985840 0.000000 0.223167 0.000000 -0.974780 0.950514 0.950514 0.950514
5412.981445 0.000000 2810.059814 0.000000 0.474081 0.000000 -0.880481 0.961308 0.961308 0.961308
5472.666016 0.000000 2871.091797 0.000000 0.941023 0.000000 -0.338344 0.842051 0.842051 0.842051
5418.524414 0.000000 2796.908691 0.000000 0.187439 0.000000 0.982276 0.617796 0.617796 0.617796
5409.304199 0.000000 2813.366455 0.000000 0.995125 0.000000 -0.098620 0.812429 0.812429 0.812429
5439.794922 0.000000 2802.909180 0.000000 0.834044 0.000000 0.551698 0.712461 0.712461 0.712461
5455.927246 0.000000 2801.225830 0.000000 0.293832 0.000000 -0.955857 0.985538 0.985538 0.985538
5455.492188 0.000000 2781.693604 0.000000 0.564762 0.000000 -0.825254 0.929888 0.929888 0.929888
5426.921387 0.000000 2798.914062 0.000000 0.999959 0.000000 -0.009007 0.801259 0.801259 0.801259
5432.379395 0.000000 2804.018555 0.000000 0.281437 0.000000 -0.959580 0.995127 0.995127 0.995127
5423.858887 0.000000 2816.806396 0.000000 0.705735 0.000000 -0.708476 0.913220 0.913220 0.913220
5478.187988 0.000000 2837.231201 0.000000 0.375907 0.000000 0.926657 0.639005 0.639005 0.639005
5429.683105 0.000000 2803.050049 0.000000 0.939024 0.000000 -0.343852 0.861694 0.861694 0.861694
5479.525879 0.000000 2887.336670 0.000000 0.749056 0.000000 0.662506 0.713221 0.713221 0.713221
5429.659180 0.000000 2800.265137 0.000000 0.880770 0.000000 -0.473545 0.893600 0.893600 0.893600
5417.280762 0.000000 2811.141357 0.000000 0.583054 0.000000 0.812433 0.620069 0.620069 0.620069
5425.542969 0.000000 2800.821533 0.000000 0.910960 0.000000 -0.412494 0.880675 0.880675 0.880675
5412.536133 0.000000 2812.254395 0.000000 0.606662 0.000000 -0.794960 0.974358 0.974358 0.974358
5423.242676 0.000000 2809.621582 0.000000 0.884579 0.000000 0.466390 0.709876 0.709876 0.709876
5419.561035 0.000000 2801.012695 0.000000 0.673115 0.000000 -0.739538 0.957934 0.957934 0.957934
5426.188477 0.000000 2803.311035 0.000000 0.987107 0.000000 -0.160064 0.827933 0.827933 0.827933
5416.221191 0.000000 2800.055420 0.000000 0.830320 0.000000 0.557288 0.687843 0.687843 0.687843
5422.882812 0.000000 2820.504150 0.000000 0.638258 0.000000 -0.769823 0.966696 0.966696 0.966696
5479.571777 0.000000 2876.559326 0.000000 0.372329 0.000000 -0.928101 1.184795 1.184795 1.184795
5418.535645 0.000000 2815.286133 0.000000 0.539456 0.000000 -0.842014 0.989929 0.989929 0.989929
5477.250000 0.000000 2870.681396 0.000000 0.999101 0.000000 0.042384 0.791871 0.791871 0.791871
5421.097168 0.000000 2808.965576 0.000000 0.953842 0.000000 -0.300310 0.857873 0.857873 0.857873
5418.594727 0.000000 2803.974365 0.000000 0.321626 0.000000 -0.946867 1.035910 1.035910 1.035910
5466.168457 0.000000 2885.539307 0.000000 0.315570 0.000000 0.948902 0.562877 0.562877 0.562877
5477.586914 0.000000 2863.243652 0.000000 0.791199 0.000000 -0.611559 0.924853 0.924853 0.924853
5470.581543 0.000000 2884.780273 0.000000 0.722538 0.000000 0.691331 0.679560 0.679560 0.679560
5471.916016 0.000000 2883.055664 0.000000 0.736897 0.000000 -0.676005 0.946778 0.946778 0.946778
5457.666504 0.000000 2809.962646 0.000000 0.772312 0.000000 0.635244 0.669399 0.669399 0.669399
5478.272461 0.000000 2875.062988 0.000000 0.997085 0.000000 -0.076300 0.823186 0.823186 0.823186
5423.574707 0.000000 2800.735107 0.000000 0.007500 0.000000 0.999972 0.503384 0.503384 0.503384
5411.214844 0.000000 2813.946533 0.000000 0.122370 0.000000 0.992485 0.525237 0.525237 0.525237
5473.287598 0.000000 2879.007080 0.000000 0.787616 0.000000 0.616167 0.647521 0.647521 0.647521
5459.570801 0.000000 2807.887939 0.000000 0.283734 0.000000 0.958903 0.574484 0.574484 0.574484
5477.519531 0.000000 2879.750977 0.000000 0.902509 0.000000 0.430671 0.663946 0.663946 0.663946
5416.662109 0.000000 2798.187256 0.000000 0.985364 0.000000 0.170464 0.767498 0.767498 0.767498
5475.892090 0.000000 2887.322266 0.000000 0.073193 0.000000 -0.997318 1.084139 1.084139 1.084139
5474.073730 0.000000 2880.942871 0.000000 0.072561 0.000000 -0.997364 1.218909 1.218909 1.218909
5476.243164 0.000000 2872.228027 0.000000 0.452228 0.000000 0.891903 0.568997 0.568997 0.568997
5450.778320 0.000000 2783.033936 0.000000 0.973721 0.000000 -0.227745 0.847265 0.847265 0.847265
5476.525391 0.000000 2881.233154 0.000000 0.327086 0.000000 0.944995 0.471259 0.471259 0.471259
5475.859863 0.000000 2877.831787 0.000000 0.961784 0.000000 0.273810 0.731865 0.731865 0.731865
5453.747070 0.000000 2781.767578 0.000000 0.921942 0.000000 -0.387327 0.893735 0.893735 0.893735
5474.378418 0.000000 2883.981689 0.000000 0.981165 0.000000 0.193174 0.752633 0.752633 0.752633
5505.827637 0.000000 2794.510498 0.000000 0.994705 0.000000 0.102769 0.798972 0.798972 0.798972
5553.825195 0.000000 2871.405273 0.000000 0.802110 0.000000 0.597176 0.792331 0.792331 0.792331
5554.255371 0.000000 2852.691406 0.000000 0.973206 0.000000 -0.229933 0.803707 0.803707 0.803707
5560.581055 0.000000 2877.040527 0.000000 0.728545 0.000000 -0.684997 0.812057 0.812057 0.812057
5488.050293 0.000000 2845.145996 0.000000 0.485914 0.000000 -0.874007 0.821238 0.821238 0.821238
5555.749512 0.000000 2805.376709 0.000000 0.477417 0.000000 0.878677 0.778568 0.778568 0.778568
5520.155762 0.000000 2871.544434 0.000000 0.576260 0.000000 0.817266 0.773251 0.773251 0.773251
5538.281250 0.000000 2835.913330 0.000000 0.990219 0.000000 -0.139522 0.805871 0.805871 0.805871
5512.796875 0.000000 2857.326904 0.000000 0.958022 0.000000 -0.286696 0.813938 0.813938 0.813938
5512.233398 0.000000 2882.332275 0.000000 0.476131 0.000000 0.879374 0.744201 0.744201 0.744201
5502.377441 0.000000 2852.764160 0.000000 0.362758 0.000000 0.931883 0.732917 0.732917 0.732917
5506.082520 0.000000 2829.576172 0.000000 0.742215 0.000000 -0.670162 0.836671 0.836671 0.836671
5537.505859 0.000000 2876.432617 0.000000 0.190203 0.000000 0.981745 0.717349 0.717349 0.717349
5551.784668 0.000000 2789.281006 0.000000 0.972505 0.000000 0.232882 0.786856 0.786856 0.786856
5513.386719 0.000000 2785.767578 0.000000 0.921893 0.000000 0.387445 0.768215 0.768215 0.768215
5553.126465 0.000000 2810.459717 0.000000 0.760576 0.000000 0.649249 0.753429 0.753429 0.753429
5512.416992 0.000000 2852.795410 0.000000 0.522579 0.000000 -0.852591 0.859132 0.859132 0.859132
5512.105469 0.000000 2814.749512 0.000000 0.523620 0.000000 0.851952 0.712427 0.712427 0.712427
5546.949219 0.000000 2886.999023 0.000000 0.808290 0.000000 -0.588784 0.849037 0.849037 0.849037
5500.051758 0.000000 2841.310791 0.000000 0.628361 0.000000 -0.777922 0.860528 0.860528 0.860528
5548.189941 0.000000 2806.608398 0.000000 0.513262 0.000000 0.858232 0.719630 0.719630 0.719630
5484.346680 0.000000 2826.791016 0.000000 0.438536 0.000000 -0.898714 0.900376 0.900376 0.900376
5556.700195 0.000000 2882.895020 0.000000 0.499895 0.000000 0.866086 0.722605 0.722605 0.722605
5546.962891 0.000000 2819.602539 0.000000 0.972035 0.000000 -0.234834 0.818464 0.818464 0.818464
5552.514648 0.000000 2786.200195 0.000000 0.573779 0.000000 -0.819010 0.870919 0.870919 0.870919
5534.059570 0.000000 2842.398682 0.000000 0.471807 0.000000 -0.881702 0.888393 0.888393 0.888393
5522.391113 0.000000 2852.823242 0.000000 0.199060 0.000000 -0.979987 0.923165 0.923165 0.923165
5497.897949 0.000000 2829.748047 0.000000 0.012638 0.000000 -0.999920 0.955601 0.955601 0.955601
5526.544922 0.000000 2800.362793 0.000000 0.988556 0.000000 -0.150857 0.813610 0.813610 0.813610
5494.168945 0.000000 2814.536621 0.000000 0.988703 0.000000 -0.149889 0.814724 0.814724 0.814724
5508.583008 0.000000 2800.245361 0.000000 0.989343 0.000000 -0.145602 0.810798 0.810798 0.810798
5512.215332 0.000000 2868.304688 0.000000 0.886116 0.000000 0.463464 0.748989 0.748989 0.748989
5484.522461 0.000000 2878.828369 0.000000 0.310754 0.000000 0.950490 0.704766 0.704766 0.704766
5558.296387 0.000000 2788.281250 0.000000 0.538550 0.000000 -0.842594 0.876053 0.876053 0.876053
5503.447266 0.000000 2808.187256 0.000000 0.964289 0.000000 0.264851 0.778050 0.778050 0.778050
5562.221191 0.000000 2879.497559 0.000000 0.562742 0.000000 0.826632 0.687277 0.687277 0.687277
5533.505371 0.000000 2784.551025 0.000000 0.075169 0.000000 0.997171 0.638703 0.638703 0.638703
5542.510254 0.000000 2872.852295 0.000000 0.528013 0.000000 -0.849236 0.921576 0.921576 0.921576
5544.027344 0.000000 2846.368164 0.000000 0.206675 0.000000 0.978410 0.672090 0.672090 0.672090
5536.256836 0.000000 2789.415771 0.000000 0.478433 0.000000 0.878124 0.686533 0.686533 0.686533
5500.786133 0.000000 2804.760742 0.000000 0.360693 0.000000 0.932684 0.696789 0.696789 0.696789
5527.424316 0.000000 2873.795166 0.000000 0.843656 0.000000 0.536884 0.552111 0.552111 0.552111
5507.986816 0.000000 2862.138916 0.000000 0.893717 0.000000 0.448631 0.745178 0.745178 0.745178
5505.584961 0.000000 2857.375977 0.000000 0.971882 0.000000 0.235467 0.771516 0.771516 0.771516
5504.413086 0.000000 2824.606689 0.000000 0.170443 0.000000 -0.985368 0.964915 0.964915 0.964915
5484.558105 0.000000 2859.224854 0.000000 0.461029 0.000000 0.887385 0.677905 0.677905 0.677905
5537.680176 0.000000 2871.331787 0.000000 0.448962 0.000000 0.893551 0.382814 0.382814 0.382814
5542.095215 0.000000 2863.949951 0.000000 0.308299 0.000000 -0.951289 0.930588 0.930588 0.930588
5551.008301 0.000000 2882.106689 0.000000 0.382337 0.000000 -0.924023 0.960051 0.960051 0.960051
5481.289062 0.000000 2849.235840 0.000000 0.748845 0.000000 -0.662746 0.881030 0.881030 0.881030
5480.515625 0.000000 2862.502930 0.000000 0.764535 0.000000 0.644582 0.718857 0.718857 0.718857
5522.570801 0.000000 2870.608887 0.000000 0.986873 0.000000 0.161498 0.778942 0.778942 0.778942
5546.300781 0.000000 2781.615479 0.000000 0.891187 0.000000 0.453637 0.730412 0.730412 0.730412
5508.898926 0.000000 2838.311523 0.000000 0.753592 0.000000 0.657342 0.724073 0.724073 0.724073
5551.434082 0.000000 2851.141602 0.000000 0.483622 0.000000 -0.875277 0.925615 0.925615 0.925615
5537.365723 0.000000 2838.368652 0.000000 0.595369 0.000000 -0.803453 0.898769 0.898769 0.898769
5509.992188 0.000000 2847.034912 0.000000 0.984597 0.000000 -0.174840 0.820358 0.820358 0.820358
5543.598145 0.000000 2868.808350 0.000000 0.875036 0.000000 0.484057 0.621376 0.621376 0.621376
5491.858887 0.000000 2857.024658 0.000000 0.864407 0.000000 -0.502792 0.882071 0.882071 0.882071
5511.460449 0.000000 2855.174805 0.000000 0.129266 0.000000 0.991610 0.644569 0.644569 0.644569
5505.502441 0.000000 2822.377930 0.000000 0.984495 0.000000 -0.175415 0.824652 0.824652 0.824652
5522.371582 0.000000 2840.629883 0.000000 0.691616 0.000000 -0.722265 0.904774 0.904774 0.904774
5480.520996 0.000000 2852.362549 0.000000 0.019992 0.000000 0.999800 0.555312 0.555312 0.555312
5559.691406 0.000000 2792.659668 0.000000 0.693716 0.000000 0.720249 0.706846 0.706846 0.706846
5566.389160 0.000000 2879.246338 0.000000 0.991713 0.000000 -0.128470 0.818268 0.818268 0.818268
5526.787109 0.000000 2802.909180 0.000000 0.486149 0.000000 0.873876 0.653492 0.653492 0.653492
5494.456055 0.000000 2816.963135 0.000000 0.768825 0.000000 0.639459 0.718245 0.718245 0.718245
5489.491211 0.000000 2853.094971 0.000000 0.112495 0.000000 -0.993652 1.027144 1.027144 1.027144
5514.136230 0.000000 2811.038818 0.000000 0.939696 0.000000 -0.342011 0.843920 0.843920 0.843920
5523.415527 0.000000 2861.142334 0.000000 0.757631 0.000000 -0.652683 1.084056 1.084056 1.084056
5484.684082 0.000000 2845.837646 0.000000 0.977832 0.000000 -0.209391 0.830756 0.830756 0.830756
5544.936035 0.000000 2860.325439 0.000000 0.636660 0.000000 -0.771145 0.905531 0.905531 0.905531
5480.569824 0.000000 2834.475098 0.000000 0.846005 0.000000 -0.533175 0.897714 0.897714 0.897714
5549.826660 0.000000 2887.319580 0.000000 0.013536 0.000000 -0.999908 1.039487 1.039487 1.039487
5511.208496 0.000000 2884.474854 0.000000 0.913809 0.000000 0.406145 0.739022 0.739022 0.739022
5505.769043 0.000000 2827.220947 0.000000 0.962066 0.000000 0.272816 0.763024 0.763024 0.763024
5564.276367 0.000000 2883.698975 0.000000 0.556893 0.000000 0.830584 0.631646 0.631646 0.631646
5542.318848 0.000000 2852.563721 0.000000 0.992770 0.000000 -0.120035 0.820187 0.820187 0.820187
5511.099121 0.000000 2859.010498 0.000000 0.022079 0.000000 -0.999756 1.031987 1.031987 1.031987
5492.893555 0.000000 2862.776123 0.000000 0.393526 0.000000 0.919314 0.599668 0.599668 0.599668
5528.041992 0.000000 2861.256836 0.000000 0.859369 0.000000 -0.511357 1.003688 1.003688 1.003688
5556.741211 0.000000 2783.787354 0.000000 0.935890 0.000000 0.352292 0.737443 0.737443 0.737443
5512.721680 0.000000 2787.937012 0.000000 0.577540 0.000000 -0.816362 0.944972 0.944972 0.944972
5549.560059 0.000000 2814.521973 0.000000 0.255586 0.000000 -0.966786 1.009685 1.009685 1.009685
5488.977051 0.000000 2860.787109 0.000000 0.816112 0.000000 -0.577894 0.911984 0.911984 0.911984
5507.411621 0.000000 2856.010010 0.000000 0.626382 0.000000 0.779516 0.630395 0.630395 0.630395
5507.030273 0.000000 2852.575195 0.000000 0.807115 0.000000 -0.590395 0.919828 0.919828 0.919828
5518.840820 0.000000 2860.424072 0.000000 0.365944 0.000000 0.930637 0.412983 0.412983 0.412983
5539.582520 0.000000 2868.924316 0.000000 0.048138 0.000000 0.998841 0.234360 0.234360 0.234360
5484.083008 0.000000 2873.797852 0.000000 0.594921 0.000000 -0.803784 0.951039 0.951039 0.951039
5539.674805 0.000000 2809.782471 0.000000 0.972803 0.000000 -0.231632 0.886837 0.886837 0.886837
5499.528320 0.000000 2812.254395 0.000000 0.170753 0.000000 0.985314 0.609971 0.609971 0.609971
5480.541016 0.000000 2840.839355 0.000000 0.980757 0.000000 -0.195234 0.837283 0.837283 0.837283
5510.234863 0.000000 2809.621582 0.000000 0.710908 0.000000 0.703285 0.547626 0.547626 0.547626
5524.604004 0.000000 2839.347656 0.000000 0.380350 0.000000 -0.924843 0.995713 0.995713 0.995713
5530.722168 0.000000 2788.386230 0.000000 0.736631 0.000000 0.676295 0.659078 0.659078 0.659078
5508.616699 0.000000 2859.966309 0.000000 0.726015 0.000000 0.687679 0.656124 0.656124 0.656124
5483.470703 0.000000 2848.382568 0.000000 0.815604 0.000000 -0.578611 0.913376 0.913376 0.913376
5533.152832 0.000000 2786.724609 0.000000 0.005147 0.000000 -0.999987 1.062666 1.062666 1.062666
5482.717773 0.000000 2844.586670 0.000000 0.858408 0.000000 -0.512968 0.902200 0.902200 0.902200
5482.930176 0.000000 2841.905762 0.000000 0.897758 0.000000 0.440489 0.736228 0.736228 0.736228
5520.770996 0.000000 2845.194092 0.000000 0.840340 0.000000 0.542060 0.700455 0.700455 0.700455
5527.213867 0.000000 2871.625977 0.000000 0.320601 0.000000 0.947214 0.233322 0.233322 0.233322
5488.077148 0.000000 2857.081543 0.000000 0.881448 0.000000 -0.472281 0.893328 0.893328 0.893328
5505.721191 0.000000 2820.223145 0.000000 0.287056 0.000000 -0.957914 1.009572 1.009572 1.009572
5503.213379 0.000000 2800.055420 0.000000 0.671121 0.000000 0.741348 0.641555 0.641555 0.641555
5529.499023 0.000000 2874.330811 0.000000 0.433308 0.000000 0.901246 0.427799 0.427799 0.427799
5533.941895 0.000000 2810.797119 0.000000 0.856459 0.000000 0.516215 0.707915 0.707915 0.707915
5485.353027 0.000000 2828.790527 0.000000 0.834027 0.000000 0.551724 0.704286 0.704286 0.704286
5529.578613 0.000000 2869.906982 0.000000 0.354940 0.000000 -0.934889 1.178772 1.178772 1.178772
5505.527832 0.000000 2815.286133 0.000000 0.612053 0.000000 0.790816 0.475726 0.475726 0.475726
5484.923828 0.000000 2835.690918 0.000000 0.073155 0.000000 0.997321 0.548755 0.548755 0.548755
5512.486816 0.000000 2793.708740 0.000000 0.860242 0.000000 0.509886 0.715578 0.715578 0.715578
5550.645996 0.000000 2865.956055 0.000000 0.036081 0.000000 0.999349 0.324898 0.324898 0.324898
5533.799805 0.000000 2873.692871 0.000000 0.318594 0.000000 -0.947891 1.263077 1.263077 1.263077
5508.089355 0.000000 2808.965576 0.000000 0.789175 0.000000 0.614168 0.584704 0.584704 0.584704
5523.113770 0.000000 2854.896973 0.000000 0.400038 0.000000 -0.916498 0.987537 0.987537 0.987537
5530.877441 0.000000 2876.152832 0.000000 0.138534 0.000000 0.990358 0.571226 0.571226 0.571226
5513.346191 0.000000 2813.026611 0.000000 0.829993 0.000000 0.557773 0.688914 0.688914 0.688914
5531.744629 0.000000 2871.577148 0.000000 0.206738 0.000000 0.978396 0.296550 0.296550 0.296550
5544.463867 0.000000 2866.363770 0.000000 0.767503 0.000000 0.641045 0.549837 0.549837 0.549837
5554.459961 0.000000 2796.430420 0.000000 0.123608 0.000000 -0.992331 1.042739 1.042739 1.042739
5505.586914 0.000000 2803.974365 0.000000 0.404958 0.000000 0.914335 0.581069 0.581069 0.581069
5480.630859 0.000000 2858.276123 0.000000 0.290791 0.000000 0.956787 0.557944 0.557944 0.557944
5537.821777 0.000000 2796.550293 0.000000 0.360305 0.000000 -0.932835 1.056916 1.056916 1.056916
5532.389160 0.000000 2834.913086 0.000000 0.081493 0.000000 0.996674 0.553132 0.553132 0.553132
5480.712891 0.000000 2875.050049 0.000000 0.998657 0.000000 0.051809 0.784575 0.784575 0.784575
5553.160645 0.000000 2885.539307 0.000000 0.214629 0.000000 0.976696 0.521361 0.521361 0.521361
5532.930664 0.000000 2839.417725 0.000000 0.999999 0.000000 -0.001118 0.800221 0.800221 0.800221
5514.254395 0.000000 2867.837891 0.000000 0.708477 0.000000 0.705734 0.674820 0.674820 0.674820
5535.860352 0.000000 2806.176025 0.000000 0.626140 0.000000 0.779711 0.483889 0.483889 0.483889
5523.170410 0.000000 2842.843262 0.000000 0.433147 0.000000 -0.901323 0.992857 0.992857 0.992857
5557.003906 0.000000 2793.952393 0.000000 0.934943 0.000000 0.354799 0.731907 0.731907 0.731907
5548.952148 0.000000 2857.525391 0.000000 0.445625 0.000000 0.895220 0.396909 0.396909 0.396909
5502.445801 0.000000 2817.459717 0.000000 0.900593 0.000000 -0.434664 0.944592 0.944592 0.944592
5549.472656 0.000000 2850.028564 0.000000 0.708218 0.000000 -0.705994 0.951852 0.951852 0.951852
5502.375488 0.000000 2823.992432 0.000000 0.338344 0.000000 -0.941022 1.032550 1.032550 1.032550
5482.430176 0.000000 2853.228027 0.000000 0.747096 0.000000 0.664716 0.657682 0.657682 0.657682
5525.375977 0.000000 2861.784668 0.000000 0.999267 0.000000 0.038291 0.784777 0.784777 0.784777
5542.740234 0.000000 2859.271729 0.000000 0.525507 0.000000 -0.850789 1.033699 1.033699 1.033699
5498.860840 0.000000 2819.722168 0.000000 0.673141 0.000000 -0.739515 0.982864 0.982864 0.982864
5542.832520 0.000000 2856.342041 0.000000 0.734258 0.000000 -0.678870 1.020577 1.020577 1.020577
5487.358887 0.000000 2849.683105 0.000000 0.660561 0.000000 -0.750772 0.933993 0.933993 0.933993
5505.303223 0.000000 2840.898926 0.000000 0.980658 0.000000 -0.195729 0.837379 0.837379 0.837379
5502.898438 0.000000 2803.574219 0.000000 0.242997 0.000000 -0.970027 1.051467 1.051467 1.051467
5480.638184 0.000000 2845.210449 0.000000 0.091710 0.000000 0.995786 0.525294 0.525294 0.525294
5485.521484 0.000000 2832.781982 0.000000 0.723180 0.000000 0.690659 0.655344 0.655344 0.655344
5538.182617 0.000000 2812.800537 0.000000 0.850196 0.000000 -0.526467 0.925130 0.925130 0.925130
5548.074219 0.000000 2813.164307 0.000000 0.894213 0.000000 -0.447641 0.897332 0.897332 0.897332
5482.981934 0.000000 2855.259766 0.000000 0.936882 0.000000 -0.349645 0.871340 0.871340 0.871340
5511.529297 0.000000 2804.739502 0.000000 0.337580 0.000000 -0.941297 0.998411 0.998411 0.998411
5491.265137 0.000000 2864.341309 0.000000 0.949044 0.000000 -0.315143 0.860831 0.860831 0.860831
5533.290039 0.000000 2862.186523 0.000000 0.539653 0.000000 -0.841887 1.111809 1.111809 1.111809
5535.517090 0.000000 2804.122314 0.000000 0.732851 0.000000 0.680389 0.501096 0.501096 0.501096
5548.842285 0.000000 2853.985107 0.000000 0.572693 0.000000 -0.819770 1.018808 1.018808 1.018808
5555.350098 0.000000 2792.221680 0.000000 0.998195 0.000000 -0.060060 0.811402 0.811402 0.811402
5521.525391 0.000000 2862.015137 0.000000 0.617635 0.000000 -0.786465 1.114528 1.114528 1.114528
5528.212402 0.000000 2806.117920 0.000000 0.945940 0.000000 -0.324340 0.860694 0.860694 0.860694
5514.689453 0.000000 2788.235352 0.000000 0.848297 0.000000 -0.529521 0.905881 0.905881 0.905881
5506.392578 0.000000 2884.416748 0.000000 0.057197 0.000000 0.998363 0.518865 0.518865 0.518865
5524.503906 0.000000 2846.479980 0.000000 0.999879 0.000000 0.015547 0.797298 0.797298 0.797298
5541.571289 0.000000 2810.617432 0.000000 0.376047 0.000000 0.926601 0.359688 0.359688 0.359688
5527.946289 0.000000 2865.125732 0.000000 0.271891 0.000000 0.962328 0.512810 0.512810 0.512810
5539.800781 0.000000 2871.154541 0.000000 0.597734 0.000000 -0.801694 1.104660 1.104660 1.104660
5546.990234 0.000000 2869.611816 0.000000 0.791470 0.000000 0.611208 0.579356 0.579356 0.579356
5504.413086 0.000000 2838.443115 0.000000 0.513224 0.000000 0.858255 0.604217 0.604217 0.604217
5520.382812 0.000000 2849.738281 0.000000 0.193786 0.000000 0.981044 0.560945 0.560945 0.560945
5508.056641 0.000000 2813.573242 0.000000 0.024233 0.000000 -0.999706 1.334371 1.334371 1.334371
5535.632324 0.000000 2875.833496 0.000000 0.971359 0.000000 -0.237617 0.856062 0.856062 0.856062
5491.274902 0.000000 2860.588135 0.000000 0.941559 0.000000 0.336847 0.734813 0.734813 0.734813
5527.827637 0.000000 2867.377930 0.000000 0.240939 0.000000 -0.970540 1.115500 1.115500 1.115500
5514.648926 0.000000 2864.180176 0.000000 0.320145 0.000000 -0.947369 1.071017 1.071017 1.071017
5535.302246 0.000000 2858.283691 0.000000 0.965837 0.000000 -0.259149 0.890052 0.890052 0.890052
5500.831543 0.000000 2816.366943 0.000000 0.140362 0.000000 -0.990100 1.231255 1.231255 1.231255
5486.152344 0.000000 2857.520264 0.000000 0.925522 0.000000 -0.378694 0.869037 0.869037 0.869037
5555.628906 0.000000 2782.179688 0.000000 0.992958 0.000000 0.118465 0.778181 0.778181 0.778181
5532.066895 0.000000 2856.400391 0.000000 0.577515 0.000000 0.816380 0.500508 0.500508 0.500508
5536.960938 0.000000 2802.812012 0.000000 0.934758 0.000000 -0.355284 0.932754 0.932754 0.932754
5509.111328 0.000000 2887.855225 0.000000 0.850516 0.000000 0.525950 0.694917 0.694917 0.694917
5540.540039 0.000000 2865.100830 0.000000 0.853230 0.000000 -0.521535 0.915057 0.915057 0.915057
5533.838867 0.000000 2800.603271 0.000000 0.703475 0.000000 -0.710720 1.032092 1.032092 1.032092
5553.673828 0.000000 2864.807617 0.000000 0.246280 0.000000 -0.969199 1.093069 1.093069 1.093069
5548.330566 0.000000 2811.035889 0.000000 0.248277 0.000000 -0.968689 1.074159 1.074159 1.074159
5517.369629 0.000000 2861.796875 0.000000 0.951906 0.000000 0.306390 0.725367 0.725367 0.725367
5539.500000 0.000000 2854.067383 0.000000 0.943470 0.000000 0.331459 0.694062 0.694062 0.694062
5551.162598 0.000000 2860.841553 0.000000 0.930279 0.000000 0.366852 0.652959 0.652959 0.652959
5543.204102 0.000000 2854.274902 0.000000 0.482964 0.000000 0.875640 0.508111 0.508111 0.508111
5535.869629 0.000000 2870.622070 0.000000 0.685827 0.000000 0.727764 0.490706 0.490706 0.490706
5546.454590 0.000000 2866.046631 0.000000 0.234565 0.000000 0.972100 0.296435 0.296435 0.296435
5549.425293 0.000000 2864.085449 0.000000 0.893652 0.000000 0.448761 0.641990 0.641990 0.641990
5534.323730 0.000000 2790.097900 0.000000 0.668588 0.000000 -0.743633 0.959093 0.959093 0.959093
5526.963867 0.000000 2875.720459 0.000000 0.727688 0.000000 0.685908 0.584125 0.584125 0.584125
5546.018555 0.000000 2856.912842 0.000000 0.940206 0.000000 -0.340606 0.910372 0.910372 0.910372
5543.208984 0.000000 2871.066895 0.000000 0.119404 0.000000 0.992846 0.423233 0.423233 0.423233
5535.388672 0.000000 2793.732422 0.000000 0.120269 0.000000 0.992741 0.521939 0.521939 0.521939
5518.219727 0.000000 2864.022949 0.000000 0.488658 0.000000 -0.872475 1.030814 1.030814 1.030814
5525.904785 0.000000 2868.229980 0.000000 0.975197 0.000000 -0.221339 0.858840 0.858840 0.858840
5537.143066 0.000000 2863.840820 0.000000 0.134291 0.000000 0.990942 0.510309 0.510309 0.510309
5502.049316 0.000000 2814.298096 0.000000 0.568683 0.000000 0.822557 0.464333 0.464333 0.464333
5524.615723 0.000000 2843.960938 0.000000 0.154626 0.000000 -0.987973 1.144917 1.144917 1.144917
5501.399414 0.000000 2831.770020 0.000000 0.768859 0.000000 -0.639418 0.953798 0.953798 0.953798
5530.075684 0.000000 2868.096191 0.000000 0.035165 0.000000 -0.999382 1.168041 1.168041 1.168041
5532.112793 0.000000 2852.859375 0.000000 0.214011 0.000000 -0.976831 1.076062 1.076062 1.076062
5506.591797 0.000000 2811.459473 0.000000 0.707541 0.000000 0.706672 0.514733 0.514733 0.514733
5507.562012 0.000000 2817.017822 0.000000 0.364802 0.000000 -0.931085 1.055885 1.055885 1.055885
5541.331543 0.000000 2868.204590 0.000000 0.103130 0.000000 0.994668 0.269505 0.269505 0.269505
5536.412598 0.000000 2809.329834 0.000000 0.110511 0.000000 -0.993875 1.292818 1.292818 1.292818
5553.050293 0.000000 2862.840332 0.000000 0.927126 0.000000 0.374751 0.690291 0.690291 0.690291
5533.175293 0.000000 2854.895508 0.000000 0.304989 0.000000 -0.952356 1.099673 1.099673 1.099673
5534.507812 0.000000 2797.120605 0.000000 0.700431 0.000000 -0.713720 0.974614 0.974614 0.974614
5519.391113 0.000000 2856.055420 0.000000 0.879083 0.000000 -0.476668 0.924044 0.924044 0.924044
5548.195312 0.000000 2859.813721 0.000000 0.999978 0.000000 -0.006681 0.802455 0.802455 0.802455
5504.258789 0.000000 2817.339844 0.000000 0.749542 0.000000 -0.661957 1.003725 1.003725 1.003725
5518.124023 0.000000 2858.729492 0.000000 0.196748 0.000000 0.980454 0.380517 0.380517 0.380517
5529.582520 0.000000 2857.583252 0.000000 0.932908 0.000000 -0.360115 0.887556 0.887556 0.887556
5544.057617 0.000000 2813.379639 0.000000 0.149645 0.000000 -0.988740 1.265309 1.265309 1.265309
5533.846191 0.000000 2803.503418 0.000000 0.984370 0.000000 0.176113 0.737769 0.737769 0.737769
5555.128906 0.000000 2884.273193 0.000000 0.571538 0.000000 0.820576 0.594327 0.594327 0.594327
5525.877930 0.000000 2872.868896 0.000000 0.988865 0.000000 -0.148818 0.841468 0.841468 0.841468
5530.397461 0.000000 2803.041504 0.000000 0.761619 0.000000 -0.648025 0.991492 0.991492 0.991492
5524.789062 0.000000 2857.838867 0.000000 0.507887 0.000000 -0.861424 1.032206 1.032206 1.032206
5498.899414 0.000000 2815.671631 0.000000 0.999819 0.000000 -0.019009 0.804063 0.804063 0.804063
5540.336914 0.000000 2859.202881 0.000000 0.487099 0.000000 0.873347 0.500921 0.500921 0.500921
5530.073730 0.000000 2859.466797 0.000000 0.596380 0.000000 0.802702 0.450122 0.450122 0.450122
5501.764648 0.000000 2819.668457 0.000000 0.642678 0.000000 0.766136 0.580356 0.580356 0.580356
5550.727051 0.000000 2857.774902 0.000000 0.967395 0.000000 0.253272 0.723288 0.723288 0.723288
5506.539551 0.000000 2808.017822 0.000000 0.048696 0.000000 -0.998814 1.204314 1.204314 1.204314
5545.365234 0.000000 2814.769531 0.000000 0.088565 0.000000 -0.996070 1.184818 1.184818 1.184818
5533.281738 0.000000 2858.464355 0.000000 0.989987 0.000000 0.141161 0.748233 0.748233 0.748233
5538.591309 0.000000 2806.345459 0.000000 0.355473 0.000000 0.934687 0.390059 0.390059 0.390059
5498.906250 0.000000 2828.246582 0.000000 0.976630 0.000000 0.214930 0.750679 0.750679 0.750679
5537.123047 0.000000 2801.104492 0.000000 0.817841 0.000000 -0.575444 0.988588 0.988588 0.988588
5539.462402 0.000000 2803.634033 0.000000 0.890598 0.000000 0.454792 0.676470 0.676470 0.676470
5545.034668 0.000000 2811.640625 0.000000 0.278064 0.000000 -0.960563 1.235087 1.235087 1.235087
5538.117188 0.000000 2809.127930 0.000000 0.846916 0.000000 -0.531727 1.008270 1.008270 1.008270
5533.131836 0.000000 2869.966309 0.000000 0.984225 0.000000 0.176921 0.754531 0.754531 0.754531
5526.898926 0.000000 2859.915039 0.000000 0.087564 0.000000 -0.996159 1.347997 1.347997 1.347997
5534.096191 0.000000 2807.141846 0.000000 0.869344 0.000000 -0.494207 0.982738 0.982738 0.982738
5531.915039 0.000000 2859.720215 0.000000 0.705568 0.000000 -0.708642 1.095718 1.095718 1.095718
5545.231934 0.000000 2869.461914 0.000000 0.883585 0.000000 -0.468271 0.972278 0.972278 0.972278
5511.944824 0.000000 2809.636230 0.000000 0.030867 0.000000 0.999524 0.301753 0.301753 0.301753
5523.063477 0.000000 2859.513428 0.000000 0.999405 0.000000 -0.034482 0.812743 0.812743 0.812743
5537.664551 0.000000 2866.839355 0.000000 0.996016 0.000000 0.089177 0.773605 0.773605 0.773605
5531.660156 0.000000 2862.334717 0.000000 0.995967 0.000000 0.089717 0.774701 0.774701 0.774701
5533.088379 0.000000 2868.295898 0.000000 0.882940 0.000000 0.469486 0.675063 0.675063 0.675063
5534.785156 0.000000 2861.190186 0.000000 0.637091 0.000000 0.770789 0.501187 0.501187 0.501187
5532.573730 0.000000 2806.328125 0.000000 0.473357 0.000000 0.880871 0.477137 0.477137 0.477137
5546.826172 0.000000 2811.744385 0.000000 0.999993 0.000000 0.003719 0.799012 0.799012 0.799012
5544.442871 0.000000 2808.242676 0.000000 0.365929 0.000000 -0.930643 1.120130 1.120130 1.120130
5539.602539 0.000000 2857.515381 0.000000 0.930767 0.000000 0.365613 0.663198 0.663198 0.663198
5536.995117 0.000000 2858.363281 0.000000 0.998879 0.000000 -0.047341 0.815323 0.815323 0.815323
5551.466797 0.000000 2862.539551 0.000000 0.870058 0.000000 0.492949 0.611596 0.611596 0.611596
5541.190918 0.000000 2809.049316 0.000000 0.355743 0.000000 -0.934584 1.233951 1.233951 1.233951
5452.301758 0.000000 2902.007812 0.000000 0.636098 0.000000 -0.771608 0.805281 0.805281 0.805281
5450.324707 0.000000 2917.875977 0.000000 0.417203 0.000000 0.908813 0.779501 0.779501 0.779501
5393.957520 0.000000 2993.864258 0.000000 0.548904 0.000000 -0.835886 0.827675 0.827675 0.827675
5428.764160 0.000000 2987.957764 0.000000 0.223821 0.000000 -0.974630 0.840296 0.840296 0.840296
5473.887695 0.000000 2948.668213 0.000000 0.038879 0.000000 0.999244 0.754106 0.754106 0.754106
5459.938965 0.000000 2929.845215 0.000000 0.672947 0.000000 -0.739690 0.826607 0.826607 0.826607
5471.919434 0.000000 2892.361084 0.000000 0.960563 0.000000 -0.278063 0.808442 0.808442 0.808442
5463.921875 0.000000 2931.066650 0.000000 0.308712 0.000000 -0.951155 0.855230 0.855230 0.855230
5459.431152 0.000000 2900.528320 0.000000 0.739638 0.000000 0.673005 0.764612 0.764612 0.764612
5470.666992 0.000000 2888.697021 0.000000 0.084538 0.000000 0.996420 0.705017 0.705017 0.705017
5451.770508 0.000000 2938.913330 0.000000 0.579651 0.000000 -0.814865 0.862778 0.862778 0.862778
5476.494141 0.000000 2945.867188 0.000000 0.808119 0.000000 0.589019 0.764777 0.764777 0.764777
5425.424805 0.000000 2959.779785 0.000000 0.724168 0.000000 -0.689623 0.862313 0.862313 0.862313
5425.355469 0.000000 2938.083008 0.000000 0.997854 0.000000 0.065477 0.796074 0.796074 0.796074
5429.724609 0.000000 2932.603271 0.000000 0.678913 0.000000 0.734219 0.739070 0.739070 0.739070
5451.396973 0.000000 2993.346436 0.000000 0.907123 0.000000 -0.420866 0.831234 0.831234 0.831234
5441.534180 0.000000 2917.031006 0.000000 0.424326 0.000000 -0.905509 0.895005 0.895005 0.895005
5466.527832 0.000000 2990.481934 0.000000 0.114455 0.000000 0.993428 0.706939 0.706939 0.706939
5428.341797 0.000000 2957.635986 0.000000 0.961091 0.000000 0.276231 0.775405 0.775405 0.775405
5437.598145 0.000000 2955.445312 0.000000 0.994308 0.000000 0.106540 0.791259 0.791259 0.791259
5471.156250 0.000000 2947.014893 0.000000 0.596671 0.000000 -0.802486 0.885575 0.885575 0.885575
5450.151367 0.000000 2924.255371 0.000000 0.874468 0.000000 -0.485083 0.847541 0.847541 0.847541
5425.223145 0.000000 2975.289062 0.000000 0.207029 0.000000 -0.978335 0.897947 0.897947 0.897947
5443.840332 0.000000 2924.213135 0.000000 0.930431 0.000000 0.366467 0.761782 0.761782 0.761782
5444.407715 0.000000 2938.858643 0.000000 0.727401 0.000000 -0.686212 0.863439 0.863439 0.863439
5421.699219 0.000000 2958.047607 0.000000 0.859965 0.000000 0.510352 0.746514 0.746514 0.746514
5445.292969 0.000000 2909.671631 0.000000 0.620932 0.000000 0.783864 0.706439 0.706439 0.706439
5471.304199 0.000000 2895.265625 0.000000 0.992659 0.000000 0.120946 0.787650 0.787650 0.787650
5448.479492 0.000000 2943.588379 0.000000 0.941559 0.000000 0.336847 0.762260 0.762260 0.762260
5468.593262 0.000000 2943.484131 0.000000 0.205078 0.000000 -0.978746 0.936237 0.936237 0.936237
5393.541992 0.000000 2914.334717 0.000000 0.897546 0.000000 -0.440920 0.857455 0.857455 0.857455
5459.533203 0.000000 2911.314941 0.000000 0.992631 0.000000 -0.121176 0.815285 0.815285 0.815285
5419.456055 0.000000 2981.955566 0.000000 0.999030 0.000000 0.044034 0.795337 0.795337 0.795337
5463.619141 0.000000 2891.220459 0.000000 0.124471 0.000000 -0.992223 0.981945 0.981945 0.981945
5440.018555 0.000000 2914.834473 0.000000 0.986487 0.000000 -0.163841 0.816764 0.816764 0.816764
5457.762695 0.000000 2941.630859 0.000000 0.875710 0.000000 0.482838 0.730559 0.730559 0.730559
5469.531250 0.000000 2902.935303 0.000000 0.983871 0.000000 -0.178882 0.817960 0.817960 0.817960
5402.715820 0.000000 2906.328125 0.000000 0.804421 0.000000 0.594060 0.718692 0.718692 0.718692
5479.289551 0.000000 2901.897217 0.000000 0.417009 0.000000 0.908902 0.296532 0.296532 0.296532
5470.051758 0.000000 2940.150146 0.000000 0.165361 0.000000 -0.986233 1.001994 1.001994 1.001994
5441.896484 0.000000 2952.302490 0.000000 0.996316 0.000000 -0.085756 0.809089 0.809089 0.809089
5456.003418 0.000000 2892.921875 0.000000 0.624866 0.000000 0.780732 0.692648 0.692648 0.692648
5445.354492 0.000000 2993.921875 0.000000 0.936522 0.000000 0.350609 0.758504 0.758504 0.758504
5463.836426 0.000000 2908.034180 0.000000 0.664602 0.000000 -0.747197 0.917974 0.917974 0.917974
5473.307617 0.000000 2888.803467 0.000000 0.956754 0.000000 0.290898 0.759913 0.759913 0.759913
5470.487305 0.000000 2930.605469 0.000000 0.175980 0.000000 0.984394 0.655235 0.655235 0.655235
5399.825195 0.000000 2912.742920 0.000000 0.999696 0.000000 0.024662 0.797192 0.797192 0.797192
5476.632812 0.000000 2934.611084 0.000000 0.774631 0.000000 -0.632414 0.884781 0.884781 0.884781
5430.097168 0.000000 2939.329834 0.000000 0.848850 0.000000 -0.528634 0.994678 0.994678 0.994678
5442.549805 0.000000 2919.228760 0.000000 0.488358 0.000000 -0.872644 0.963105 0.963105 0.963105
5397.700684 0.000000 2907.246826 0.000000 0.925356 0.000000 -0.379100 0.846594 0.846594 0.846594
5459.386230 0.000000 2986.942139 0.000000 0.022331 0.000000 0.999751 0.574237 0.574237 0.574237
5468.005859 0.000000 2995.466309 0.000000 0.719345 0.000000 -0.694653 0.930369 0.930369 0.930369
5465.298340 0.000000 2888.841064 0.000000 0.260638 0.000000 -0.965437 0.964469 0.964469 0.964469
5425.051758 0.000000 2977.703369 0.000000 0.754178 0.000000 -0.656670 0.898726 0.898726 0.898726
5462.834473 0.000000 2994.303955 0.000000 0.783563 0.000000 0.621312 0.504085 0.504085 0.504085
5460.336426 0.000000 2941.855713 0.000000 0.998432 0.000000 0.055980 0.792393 0.792393 0.792393
5443.321289 0.000000 2936.720703 0.000000 0.715969 0.000000 -0.698132 0.932735 0.932735 0.932735
5424.554199 0.000000 2950.005615 0.000000 0.106342 0.000000 -0.994330 1.016410 1.016410 1.016410
5444.607422 0.000000 2911.936523 0.000000 0.050725 0.000000 -0.998713 1.061087 1.061087 1.061087
5457.158203 0.000000 2911.035156 0.000000 0.952348 0.000000 0.305014 0.751095 0.751095 0.751095
5458.627441 0.000000 2945.856201 0.000000 0.569953 0.000000 -0.821677 0.930970 0.930970 0.930970
5454.749023 0.000000 2987.358887 0.000000 0.114198 0.000000 0.993458 0.538219 0.538219 0.538219
5465.326660 0.000000 2924.850098 0.000000 0.998917 0.000000 0.046523 0.785314 0.785314 0.785314
5457.261230 0.000000 2906.383789 0.000000 0.172491 0.000000 -0.985011 1.037237 1.037237 1.037237
5451.897461 0.000000 2936.634033 0.000000 0.551142 0.000000 0.834411 0.632431 0.632431 0.632431
5455.707031 0.000000 2942.429199 0.000000 0.933638 0.000000 0.358218 0.745122 0.745122 0.745122
5424.258301 0.000000 2987.181396 0.000000 0.722274 0.000000 -0.691607 0.934228 0.934228 0.934228
5473.317871 0.000000 2926.846680 0.000000 0.459102 0.000000 0.888384 0.647078 0.647078 0.647078
5439.233398 0.000000 2950.059570 0.000000 0.747253 0.000000 -0.664540 0.937916 0.937916 0.937916
5479.711914 0.000000 2892.212646 0.000000 0.921217 0.000000 0.389048 0.727374 0.727374 0.727374
5462.806152 0.000000 2897.403809 0.000000 0.183493 0.000000 -0.983021 1.063025 1.063025 1.063025
5472.049316 0.000000 2935.832031 0.000000 0.575143 0.000000 -0.818053 0.981772 0.981772 0.981772
5445.431152 0.000000 2919.545898 0.000000 0.635900 0.000000 0.771771 0.632723 0.632723 0.632723
5446.949707 0.000000 2917.781494 0.000000 0.794076 0.000000 -0.607818 0.900471 0.900471 0.900471
5397.738281 0.000000 2911.928467 0.000000 0.816427 0.000000 -0.577449 0.915573 0.915573 0.915573
5403.796875 0.000000 2911.412842 0.000000 0.963258 0.000000 -0.268579 0.845619 0.845619 0.845619
5461.241699 0.000000 2905.159668 0.000000 0.945121 0.000000 -0.326720 0.861821 0.861821 0.861821
5477.165039 0.000000 2901.403564 0.000000 0.894449 0.000000 0.447171 0.588890 0.588890 0.588890
5427.325684 0.000000 2938.964600 0.000000 0.573648 0.000000 -0.819102 0.949529 0.949529 0.949529
5460.325684 0.000000 2894.950195 0.000000 0.996805 0.000000 -0.079874 0.815012 0.815012 0.815012
5395.752441 0.000000 2919.924805 0.000000 0.004426 0.000000 -0.999990 1.062787 1.062787 1.062787
5458.027832 0.000000 2934.795898 0.000000 0.487905 0.000000 0.872897 0.397335 0.397335 0.397335
5465.351074 0.000000 2900.479004 0.000000 0.613867 0.000000 -0.789410 0.968998 0.968998 0.968998
5478.169434 0.000000 2888.744873 0.000000 0.905649 0.000000 -0.424028 0.883084 0.883084 0.883084
5455.458008 0.000000 2933.293701 0.000000 0.797619 0.000000 0.603162 0.564650 0.564650 0.564650
5445.938477 0.000000 2946.402100 0.000000 0.919384 0.000000 0.393360 0.678882 0.678882 0.678882
5475.587402 0.000000 2898.472656 0.000000 0.697430 0.000000 -0.716653 1.042558 1.042558 1.042558
5436.178223 0.000000 2949.827637 0.000000 0.199314 0.000000 0.979936 0.572871 0.572871 0.572871
5432.107422 0.000000 2950.988281 0.000000 0.991221 0.000000 -0.132216 0.826219 0.826219 0.826219
5424.191895 0.000000 2947.883301 0.000000 0.995782 0.000000 0.091745 0.782752 0.782752 0.782752
5429.791504 0.000000 2952.589111 0.000000 0.727436 0.000000 -0.686176 0.966138 0.966138 0.966138
5452.246582 0.000000 2946.212891 0.000000 0.704105 0.000000 0.710096 0.654908 0.654908 0.654908
5472.351074 0.000000 2922.812012 0.000000 0.994206 0.000000 -0.107493 0.821080 0.821080 0.821080
5462.892090 0.000000 2901.514404 0.000000 0.882522 0.000000 0.470271 0.707105 0.707105 0.707105
5442.234863 0.000000 2947.065186 0.000000 0.136894 0.000000 -0.990586 1.197955 1.197955 1.197955
5459.284668 0.000000 2937.527344 0.000000 0.744053 0.000000 0.668120 0.541343 0.541343 0.541343
5424.315918 0.000000 2981.595947 0.000000 0.415638 0.000000 0.909530 0.539949 0.539949 0.539949
5461.082031 0.000000 2920.148682 0.000000 0.250732 0.000000 -0.968057 1.049953 1.049953 1.049953
5475.005859 0.000000 2937.045898 0.000000 0.925484 0.000000 -0.378787 0.873710 0.873710 0.873710
5477.355957 0.000000 2922.063232 0.000000 0.834798 0.000000 0.550557 0.683555 0.683555 0.683555
5443.473633 0.000000 2915.871826 0.000000 0.920875 0.000000 -0.389859 0.870387 0.870387 0.870387
5435.112793 0.000000 2995.059326 0.000000 0.273532 0.000000 -0.961863 1.045470 1.045470 1.045470
5470.572754 0.000000 2942.123047 0.000000 0.611902 0.000000 -0.790934 0.958527 0.958527 0.958527
5449.981934 0.000000 2929.304443 0.000000 0.953982 0.000000 0.299863 0.734308 0.734308 0.734308
5447.764648 0.000000 2930.635254 0.000000 0.300029 0.000000 0.953930 0.572422 0.572422 0.572422
5473.935059 0.000000 2924.023926 0.000000 0.736100 0.000000 -0.676872 0.954436 0.954436 0.954436
5475.043457 0.000000 2933.412842 0.000000 0.587852 0.000000 -0.808968 0.975043 0.975043 0.975043
5462.491699 0.000000 2990.310059 0.000000 0.560381 0.000000 0.828235 0.548553 0.548553 0.548553
5426.154297 0.000000 2940.646484 0.000000 0.859207 0.000000 -0.511628 0.902977 0.902977 0.902977
5429.820312 0.000000 2942.137695 0.000000 0.926699 0.000000 0.375803 0.701509 0.701509 0.701509
5455.519043 0.000000 2945.457275 0.000000 0.971614 0.000000 0.236572 0.754684 0.754684 0.754684
5467.294922 0.000000 2924.768066 0.000000 0.874543 0.000000 0.484949 0.607870 0.607870 0.607870
5446.834961 0.000000 2935.346924 0.000000 0.444809 0.000000 0.895625 0.582773 0.582773 0.582773
5458.938477 0.000000 2891.843018 0.000000 0.937108 0.000000 -0.349039 0.867650 0.867650 0.867650
5472.838379 0.000000 2933.653809 0.000000 0.585911 0.000000 -0.810375 0.979263 0.979263 0.979263
5426.395508 0.000000 2994.795410 0.000000 0.223402 0.000000 0.974726 0.308230 0.308230 0.308230
5422.119141 0.000000 2994.839600 0.000000 0.963957 0.000000 0.266060 0.724699 0.724699 0.724699
5423.062988 0.000000 2985.642822 0.000000 0.552652 0.000000 0.833412 0.599286 0.599286 0.599286
5432.717285 0.000000 2939.728027 0.000000 0.027375 0.000000 -0.999625 1.314790 1.314790 1.314790
5434.323730 0.000000 2932.300781 0.000000 0.581447 0.000000 -0.813584 1.004979 1.004979 1.004979
5460.524414 0.000000 2892.992676 0.000000 0.117629 0.000000 -0.993058 1.075669 1.075669 1.075669
5434.764160 0.000000 2934.315918 0.000000 0.300315 0.000000 -0.953840 1.179208 1.179208 1.179208
5456.318848 0.000000 2993.037598 0.000000 0.969107 0.000000 0.246641 0.718371 0.718371 0.718371
5428.581055 0.000000 2992.933105 0.000000 0.887252 0.000000 0.461285 0.700413 0.700413 0.700413
5459.264160 0.000000 2933.288574 0.000000 0.680149 0.000000 0.733074 0.561709 0.561709 0.561709
5463.062012 0.000000 2936.588135 0.000000 0.460990 0.000000 -0.887405 1.070364 1.070364 1.070364
5475.372559 0.000000 2902.347656 0.000000 0.276763 0.000000 0.960938 0.354147 0.354147 0.354147
5470.413086 0.000000 2925.479980 0.000000 0.279279 0.000000 -0.960210 1.142069 1.142069 1.142069
5426.006348 0.000000 2991.016357 0.000000 0.796090 0.000000 0.605178 0.668884 0.668884 0.668884
5465.060059 0.000000 2906.606934 0.000000 0.927060 0.000000 -0.374912 0.879825 0.879825 0.879825
5479.730469 0.000000 2923.402832 0.000000 0.010498 0.000000 -0.999945 1.133443 1.133443 1.133443
5430.592773 0.000000 2994.840820 0.000000 0.943878 0.000000 -0.330295 0.869247 0.869247 0.869247
5479.734863 0.000000 2919.472412 0.000000 0.915058 0.000000 0.403322 0.702990 0.702990 0.702990
5459.224609 0.000000 2992.313721 0.000000 0.906437 0.000000 0.422341 0.621476 0.621476 0.621476
5432.365723 0.000000 2935.941162 0.000000 0.975731 0.000000 -0.218971 0.857318 0.857318 0.857318
5468.128418 0.000000 2927.854980 0.000000 0.361155 0.000000 0.932506 0.406521 0.406521 0.406521
5430.414551 0.000000 2937.419922 0.000000 0.985788 0.000000 -0.167995 0.847872 0.847872 0.847872
5461.373535 0.000000 2934.430420 0.000000 0.915552 0.000000 -0.402200 0.947152 0.947152 0.947152
5445.338867 0.000000 2949.011719 0.000000 0.998225 0.000000 -0.059562 0.816902 0.816902 0.816902
5461.123047 0.000000 2995.348389 0.000000 0.988755 0.000000 -0.149543 0.871652 0.871652 0.871652
5451.261719 0.000000 2934.267090 0.000000 0.304592 0.000000 0.952483 0.444808 0.444808 0.444808
5453.585449 0.000000 2988.761475 0.000000 0.719005 0.000000 0.695005 0.606624 0.606624 0.606624
5478.120605 0.000000 2905.883057 0.000000 1.000000 0.000000 0.000941 0.799716 0.799716 0.799716
5433.847168 0.000000 2938.299805 0.000000 0.490865 0.000000 -0.871236 1.152789 1.152789 1.152789
5471.660645 0.000000 2927.400635 0.000000 0.242911 0.000000 -0.970049 1.099134 1.099134 1.099134
5469.260742 0.000000 2922.038086 0.000000 0.399423 0.000000 0.916767 0.505790 0.505790 0.505790
5468.552246 0.000000 2926.085693 0.000000 0.592676 0.000000 0.805441 0.493278 0.493278 0.493278
5473.718750 0.000000 2901.613281 0.000000 0.917309 0.000000 0.398175 0.702667 0.702667 0.702667
5480.014648 0.000000 2898.880371 0.000000 0.083993 0.000000 0.996466 0.381328 0.381328 0.381328
5423.683594 0.000000 2995.472656 0.000000 0.940879 0.000000 0.338743 0.703371 0.703371 0.703371
5461.488770 0.000000 2993.219238 0.000000 0.672394 0.000000 -0.740194 1.169500 1.169500 1.169500
5433.354492 0.000000 2941.419189 0.000000 0.944562 0.000000 -0.328333 0.896214 0.896214 0.896214
5476.622070 0.000000 2899.757568 0.000000 0.076845 0.000000 -0.997043 1.369872 1.369872 1.369872
5475.867676 0.000000 2904.763184 0.000000 0.589737 0.000000 0.807596 0.518370 0.518370 0.518370
5428.243652 0.000000 2942.839844 0.000000 0.389142 0.000000 -0.921178 1.099387 1.099387 1.099387
5459.946289 0.000000 2990.238525 0.000000 0.990032 0.000000 -0.140842 0.854189 0.854189 0.854189
5454.361328 0.000000 2935.439697 0.000000 0.654653 0.000000 -0.755929 1.118391 1.118391 1.118391
5457.806641 0.000000 2936.392578 0.000000 0.826990 0.000000 0.562217 0.613973 0.613973 0.613973
5526.778809 0.000000 2904.274170 0.000000 0.820412 0.000000 -0.571772 0.801216 0.801216 0.801216
5563.062012 0.000000 2888.935547 0.000000 0.984530 0.000000 -0.175217 0.801759 0.801759 0.801759
5541.095703 0.000000 2910.076172 0.000000 0.835651 0.000000 0.549260 0.789548 0.789548 0.789548
5545.573242 0.000000 2904.511719 0.000000 0.563795 0.000000 -0.825915 0.819410 0.819410 0.819410
5499.677734 0.000000 2939.387451 0.000000 0.876997 0.000000 -0.480497 0.812013 0.812013 0.812013
5487.231934 0.000000 2924.630371 0.000000 0.916578 0.000000 -0.399857 0.815610 0.815610 0.815610
5566.072754 0.000000 2913.255859 0.000000 0.788551 0.000000 0.614969 0.768251 0.768251 0.768251
5486.218750 0.000000 2910.334229 0.000000 0.538301 0.000000 -0.842753 0.844044 0.844044 0.844044
5538.829102 0.000000 2897.792236 0.000000 0.991815 0.000000 0.127685 0.793096 0.793096 0.793096
5542.998047 0.000000 2935.342773 0.000000 0.328254 0.000000 0.944589 0.743207 0.743207 0.743207
5484.666016 0.000000 2937.836182 0.000000 0.978157 0.000000 -0.207869 0.811292 0.811292 0.811292
5515.041992 0.000000 2941.017822 0.000000 0.755301 0.000000 -0.655379 0.849959 0.849959 0.849959
5505.976074 0.000000 2925.013916 0.000000 0.181220 0.000000 -0.983443 0.897066 0.897066 0.897066
5505.666992 0.000000 2961.484131 0.000000 0.406547 0.000000 0.913630 0.714860 0.714860 0.714860
5500.879883 0.000000 2952.842773 0.000000 0.544511 0.000000 -0.838754 0.865579 0.865579 0.865579
5559.617188 0.000000 2918.345703 0.000000 0.995772 0.000000 0.091854 0.791182 0.791182 0.791182
5540.045898 0.000000 2934.469482 0.000000 0.413849 0.000000 -0.910345 0.895973 0.895973 0.895973
5508.583008 0.000000 2907.229736 0.000000 0.249787 0.000000 0.968301 0.670981 0.670981 0.670981
5506.940918 0.000000 2913.204834 0.000000 0.511863 0.000000 0.859067 0.707118 0.707118 0.707118
5530.832520 0.000000 2924.213135 0.000000 0.999490 0.000000 -0.031932 0.803126 0.803126 0.803126
5531.399902 0.000000 2938.858643 0.000000 0.939374 0.000000 -0.342895 0.836349 0.836349 0.836349
5497.662109 0.000000 2893.517334 0.000000 0.310008 0.000000 -0.950734 0.900309 0.900309 0.900309
5534.328613 0.000000 2933.275879 0.000000 0.023918 0.000000 -0.999714 0.945206 0.945206 0.945206
5511.574707 0.000000 2898.569336 0.000000 0.999154 0.000000 -0.041116 0.803368 0.803368 0.803368
5491.851074 0.000000 2901.110596 0.000000 0.957901 0.000000 -0.287099 0.823264 0.823264 0.823264
5535.089844 0.000000 2928.675781 0.000000 0.993068 0.000000 0.117545 0.787058 0.787058 0.787058
5536.974609 0.000000 2921.421875 0.000000 0.086672 0.000000 0.996237 0.636984 0.636984 0.636984
5517.602051 0.000000 2935.243896 0.000000 0.678398 0.000000 0.734695 0.699463 0.699463 0.699463
5496.478027 0.000000 2931.093750 0.000000 0.956868 0.000000 0.290523 0.771741 0.771741 0.771741
5480.534180 0.000000 2914.334717 0.000000 0.945920 0.000000 0.324400 0.770307 0.770307 0.770307
5542.908691 0.000000 2915.853516 0.000000 0.047692 0.000000 0.998862 0.663112 0.663112 0.663112
5496.780762 0.000000 2962.908936 0.000000 0.523119 0.000000 0.852260 0.708301 0.708301 0.708301
5553.039551 0.000000 2904.990723 0.000000 0.626416 0.000000 -0.779489 0.887476 0.887476 0.887476
5492.554688 0.000000 2939.226562 0.000000 0.938035 0.000000 -0.346541 0.845941 0.845941 0.845941
5490.144043 0.000000 2918.908447 0.000000 0.955105 0.000000 0.296268 0.760952 0.760952 0.760952
5550.611328 0.000000 2891.220459 0.000000 0.503763 0.000000 -0.863842 0.943714 0.943714 0.943714
5504.065430 0.000000 2894.273926 0.000000 0.820409 0.000000 -0.571777 1.018819 1.018819 1.018819
5496.093750 0.000000 2895.526855 0.000000 0.849953 0.000000 0.526858 0.717988 0.717988 0.717988
5487.982422 0.000000 2915.243652 0.000000 0.969396 0.000000 0.245504 0.766313 0.766313 0.766313
5509.992188 0.000000 2954.019287 0.000000 0.717248 0.000000 -0.696818 0.912403 0.912403 0.912403
5499.973633 0.000000 2917.044189 0.000000 0.124789 0.000000 0.992183 0.629645 0.629645 0.629645
5516.390137 0.000000 2928.249268 0.000000 0.933001 0.000000 0.359873 0.758826 0.758826 0.758826
5509.403320 0.000000 2933.026855 0.000000 0.931626 0.000000 0.363420 0.745772 0.745772 0.745772
5484.905762 0.000000 2923.883545 0.000000 0.785433 0.000000 0.618946 0.698695 0.698695 0.698695
5535.433594 0.000000 2926.128418 0.000000 0.267828 0.000000 0.963467 0.639065 0.639065 0.639065
5505.680664 0.000000 2942.570312 0.000000 0.596408 0.000000 -0.802681 0.917242 0.917242 0.917242
5541.987305 0.000000 2924.076416 0.000000 0.798688 0.000000 -0.601745 0.883823 0.883823 0.883823
5508.098145 0.000000 2900.534424 0.000000 0.910237 0.000000 -0.414088 0.866511 0.866511 0.866511
5562.858887 0.000000 2923.453857 0.000000 0.995038 0.000000 -0.099494 0.815924 0.815924 0.815924
5514.194824 0.000000 2946.369385 0.000000 0.834641 0.000000 0.550794 0.704468 0.704468 0.704468
5531.874023 0.000000 2907.315186 0.000000 0.407141 0.000000 0.913365 0.645915 0.645915 0.645915
5530.313477 0.000000 2936.720703 0.000000 0.754516 0.000000 -0.656281 0.924391 0.924391 0.924391
5509.602539 0.000000 2951.415771 0.000000 0.567105 0.000000 0.823645 0.680157 0.680157 0.680157
5553.230469 0.000000 2931.460205 0.000000 0.034546 0.000000 -0.999403 1.048528 1.048528 1.048528
5489.222168 0.000000 2936.070068 0.000000 0.708661 0.000000 0.705549 0.668605 0.668605 0.668605
5492.885742 0.000000 2916.134277 0.000000 0.371767 0.000000 0.928326 0.588493 0.588493 0.588493
5495.835449 0.000000 2956.235352 0.000000 0.689706 0.000000 -0.724089 0.916438 0.916438 0.916438
5544.166016 0.000000 2899.415283 0.000000 0.831622 0.000000 0.555342 0.688287 0.688287 0.688287
5496.845703 0.000000 2908.640625 0.000000 0.953492 0.000000 0.301418 0.743129 0.743129 0.743129
5539.674805 0.000000 2916.766846 0.000000 0.931013 0.000000 -0.364987 0.870890 0.870890 0.870890
5561.758301 0.000000 2918.845215 0.000000 0.767866 0.000000 0.640611 0.695850 0.695850 0.695850
5538.889648 0.000000 2936.634033 0.000000 0.385299 0.000000 0.922792 0.607523 0.607523 0.607523
5508.618164 0.000000 2930.132568 0.000000 0.867659 0.000000 -0.497160 0.898725 0.898725 0.898725
5504.612305 0.000000 2959.484619 0.000000 0.325016 0.000000 -0.945709 0.983232 0.983232 0.983232
5499.396484 0.000000 2909.053223 0.000000 0.917267 0.000000 0.398273 0.741094 0.741094 0.741094
5482.375488 0.000000 2895.704590 0.000000 0.956814 0.000000 -0.290700 0.855965 0.855965 0.855965
5560.310059 0.000000 2926.846680 0.000000 0.951932 0.000000 -0.306311 0.847254 0.847254 0.847254
5506.553223 0.000000 2907.997070 0.000000 0.592040 0.000000 -0.805909 0.972208 0.972208 0.972208
5510.296875 0.000000 2943.643066 0.000000 0.136065 0.000000 0.990700 0.582286 0.582286 0.582286
5532.423340 0.000000 2919.545898 0.000000 0.103030 0.000000 -0.994678 1.098974 1.098974 1.098974
5495.543945 0.000000 2960.936523 0.000000 0.995421 0.000000 -0.095590 0.815679 0.815679 0.815679
5500.717773 0.000000 2891.512451 0.000000 0.268386 0.000000 0.963311 0.597623 0.597623 0.597623
5505.721191 0.000000 2927.207520 0.000000 0.889177 0.000000 -0.457563 0.869291 0.869291 0.869291
5512.799805 0.000000 2931.627197 0.000000 0.001823 0.000000 0.999998 0.502307 0.502307 0.502307
5502.902344 0.000000 2892.283203 0.000000 0.183752 0.000000 0.982973 0.357094 0.357094 0.357094
5490.789062 0.000000 2911.412842 0.000000 0.978408 0.000000 -0.206682 0.830769 0.830769 0.830769
5508.442383 0.000000 2896.191895 0.000000 0.716503 0.000000 0.697584 0.685899 0.685899 0.685899
5493.141113 0.000000 2899.329834 0.000000 0.755248 0.000000 -0.655439 0.905639 0.905639 0.905639
5482.125000 0.000000 2892.124512 0.000000 0.002048 0.000000 0.999998 0.524282 0.524282 0.524282
5485.860352 0.000000 2916.970215 0.000000 0.899098 0.000000 -0.437748 0.885064 0.885064 0.885064
5505.997070 0.000000 2896.597656 0.000000 0.428582 0.000000 0.903503 0.381011 0.381011 0.381011
5493.222168 0.000000 2934.596436 0.000000 0.992465 0.000000 -0.122532 0.823308 0.823308 0.823308
5548.169434 0.000000 2899.267334 0.000000 0.623388 0.000000 -0.781913 0.970333 0.970333 0.970333
5482.744629 0.000000 2919.924805 0.000000 0.961069 0.000000 0.276309 0.718926 0.718926 0.718926
5552.343262 0.000000 2900.479004 0.000000 0.732161 0.000000 0.681131 0.644359 0.644359 0.644359
5554.459961 0.000000 2903.414795 0.000000 0.684359 0.000000 -0.729145 0.961557 0.961557 0.961557
5505.586914 0.000000 2910.958740 0.000000 0.611083 0.000000 0.791566 0.626700 0.626700 0.626700
5508.049316 0.000000 2947.380371 0.000000 0.891621 0.000000 0.452783 0.723045 0.723045 0.723045
5535.809570 0.000000 2906.892334 0.000000 0.382582 0.000000 0.923921 0.592922 0.592922 0.592922
5562.579590 0.000000 2898.472656 0.000000 0.667167 0.000000 -0.744908 1.051771 1.051771 1.051771
5502.308594 0.000000 2895.597412 0.000000 0.402744 0.000000 -0.915312 1.284968 1.284968 1.284968
5511.184082 0.000000 2947.883301 0.000000 0.612147 0.000000 0.790744 0.657921 0.657921 0.657921
5516.791504 0.000000 2930.293213 0.000000 0.211807 0.000000 0.977312 0.550588 0.550588 0.550588
5559.343262 0.000000 2922.812012 0.000000 0.310256 0.000000 -0.950653 1.038184 1.038184 1.038184
5549.884277 0.000000 2901.514404 0.000000 0.161595 0.000000 -0.986857 1.067243 1.067243 1.067243
5505.303223 0.000000 2947.883301 0.000000 0.023152 0.000000 -0.999732 1.096737 1.096737 1.096737
5502.898438 0.000000 2910.558594 0.000000 0.762403 0.000000 -0.647103 0.933533 0.933533 0.933533
5511.379883 0.000000 2933.568115 0.000000 0.737447 0.000000 -0.675405 0.921440 0.921440 0.921440
5494.486816 0.000000 2906.366699 0.000000 0.691408 0.000000 -0.722464 1.075736 1.075736 1.075736
5545.957520 0.000000 2898.367920 0.000000 0.349026 0.000000 0.937113 0.569608 0.569608 0.569608
5505.766113 0.000000 2955.176270 0.000000 0.827015 0.000000 -0.562180 0.913277 0.913277 0.913277
5538.182617 0.000000 2919.784912 0.000000 0.044345 0.000000 -0.999016 1.046941 1.046941 1.046941
5502.217285 0.000000 2913.331543 0.000000 0.560403 0.000000 -0.828220 0.985169 0.985169 0.985169
5530.465820 0.000000 2915.871826 0.000000 0.180159 0.000000 -0.983638 1.185789 1.185789 1.185789
5497.858398 0.000000 2905.129639 0.000000 0.934222 0.000000 -0.356693 0.920193 0.920193 0.920193
5528.212402 0.000000 2913.102295 0.000000 0.984520 0.000000 0.175274 0.762349 0.762349 0.762349
5536.974121 0.000000 2929.304443 0.000000 0.722704 0.000000 -0.691158 0.926498 0.926498 0.926498
5496.756348 0.000000 2912.517090 0.000000 0.580941 0.000000 0.813946 0.638568 0.638568 0.638568
5502.899414 0.000000 2901.486328 0.000000 0.197407 0.000000 -0.980322 1.167211 1.167211 1.167211
5560.927246 0.000000 2924.023926 0.000000 0.239001 0.000000 0.971019 0.576959 0.576959 0.576959
5541.987305 0.000000 2926.109375 0.000000 0.759851 0.000000 0.650097 0.665720 0.665720 0.665720
5541.571289 0.000000 2917.601807 0.000000 0.987936 0.000000 0.154861 0.771740 0.771740 0.771740
5504.413086 0.000000 2945.427490 0.000000 0.428938 0.000000 0.903334 0.586075 0.586075 0.586075
5496.490723 0.000000 2906.586182 0.000000 0.981166 0.000000 0.193167 0.746811 0.746811 0.746811
5489.154297 0.000000 2933.896240 0.000000 0.535646 0.000000 0.844443 0.609214 0.609214 0.609214
5506.770996 0.000000 2890.457764 0.000000 0.988339 0.000000 -0.152268 0.832057 0.832057 0.832057
5545.782715 0.000000 2896.162354 0.000000 0.745378 0.000000 -0.666642 0.935536 0.935536 0.935536
5557.123047 0.000000 2896.916504 0.000000 0.880130 0.000000 0.474732 0.695277 0.695277 0.695277
5533.827148 0.000000 2935.346924 0.000000 0.903849 0.000000 0.427853 0.716114 0.716114 0.716114
5538.723145 0.000000 2941.006836 0.000000 0.835729 0.000000 0.549142 0.695504 0.695504 0.695504
5506.131836 0.000000 2899.566162 0.000000 0.516567 0.000000 0.856247 0.563896 0.563896 0.563896
5492.686523 0.000000 2908.847168 0.000000 0.999868 0.000000 0.016255 0.795877 0.795877 0.795877
5481.503418 0.000000 2922.203857 0.000000 0.544901 0.000000 0.838500 0.571575 0.571575 0.571575
5527.282715 0.000000 2918.686523 0.000000 0.832306 0.000000 -0.554316 1.007702 1.007702 1.007702
5555.628906 0.000000 2889.164062 0.000000 0.626628 0.000000 0.779319 0.575129 0.575129 0.575129
5482.870605 0.000000 2923.830322 0.000000 0.542058 0.000000 -0.840341 1.011265 1.011265 1.011265
5503.654297 0.000000 2905.171631 0.000000 0.897107 0.000000 -0.441813 0.915161 0.915161 0.915161
5540.462891 0.000000 2939.743896 0.000000 0.859543 0.000000 -0.511063 0.898565 0.898565 0.898565
5533.838867 0.000000 2907.587646 0.000000 0.213418 0.000000 0.976961 0.542768 0.542768 0.542768
5514.638672 0.000000 2932.151611 0.000000 0.915333 0.000000 0.402699 0.721361 0.721361 0.721361
5506.729492 0.000000 2944.261230 0.000000 0.313348 0.000000 0.949638 0.562433 0.562433 0.562433
5532.401855 0.000000 2936.887451 0.000000 0.855620 0.000000 -0.517604 0.903226 0.903226 0.903226
5502.616211 0.000000 2898.361084 0.000000 0.838777 0.000000 0.544475 0.607961 0.607961 0.607961
5539.821777 0.000000 2927.566162 0.000000 0.823375 0.000000 0.567497 0.685500 0.685500 0.685500
5481.680176 0.000000 2899.366699 0.000000 0.997001 0.000000 0.077394 0.778183 0.778183 0.778183
5493.062012 0.000000 2905.110840 0.000000 0.191251 0.000000 -0.981541 1.256984 1.256984 1.256984
5507.960938 0.000000 2950.425781 0.000000 0.170768 0.000000 -0.985311 1.101807 1.101807 1.101807
5505.756348 0.000000 2953.233398 0.000000 0.152710 0.000000 -0.988271 1.105754 1.105754 1.105754
5507.100098 0.000000 2905.964355 0.000000 0.982434 0.000000 -0.186608 0.839364 0.839364 0.839364
5496.404785 0.000000 2899.841797 0.000000 0.139002 0.000000 -0.990292 1.131613 1.131613 1.131613
5562.364746 0.000000 2902.347656 0.000000 0.735526 0.000000 -0.677496 0.954612 0.954612 0.954612
5529.198730 0.000000 2921.631348 0.000000 0.161607 0.000000 -0.986855 1.140381 1.140381 1.140381
5558.953125 0.000000 2896.997314 0.000000 0.104152 0.000000 0.994561 0.483683 0.483683 0.483683
5528.755371 0.000000 2915.227539 0.000000 0.151944 0.000000 -0.988389 1.193732 1.193732 1.193732
5504.496094 0.000000 2949.626465 0.000000 0.868969 0.000000 0.494866 0.685234 0.685234 0.685234
5481.463379 0.000000 2918.737549 0.000000 0.698286 0.000000 -0.715819 1.039008 1.039008 1.039008
5485.787598 0.000000 2918.875244 0.000000 0.195168 0.000000 -0.980770 1.110178 1.110178 1.110178
5501.187500 0.000000 2904.171875 0.000000 0.717542 0.000000 0.696516 0.626101 0.626101 0.626101
5504.406738 0.000000 2902.481689 0.000000 0.987625 0.000000 -0.156836 0.842463 0.842463 0.842463
5497.690918 0.000000 2898.468506 0.000000 0.938234 0.000000 -0.346002 0.881854 0.881854 0.881854
5560.710938 0.000000 2901.613281 0.000000 0.618616 0.000000 -0.785694 1.052719 1.052719 1.052719
5567.006836 0.000000 2898.880371 0.000000 0.069966 0.000000 -0.997549 1.141704 1.141704 1.141704
5504.993164 0.000000 2898.286865 0.000000 0.999439 0.000000 0.033479 0.790369 0.790369 0.790369
5499.722656 0.000000 2905.155762 0.000000 0.681627 0.000000 0.731700 0.593441 0.593441 0.593441
5563.614258 0.000000 2899.757568 0.000000 0.966406 0.000000 -0.257020 0.877873 0.877873 0.877873
5526.694336 0.000000 2916.963867 0.000000 0.762485 0.000000 0.647006 0.579359 0.579359 0.579359
5505.777832 0.000000 2893.377441 0.000000 0.427464 0.000000 0.904032 0.477520 0.477520 0.477520
5492.013184 0.000000 2902.747803 0.000000 0.807491 0.000000 -0.589880 0.971371 0.971371 0.971371
5495.256836 0.000000 2903.093750 0.000000 0.999877 0.000000 0.015655 0.794841 0.794841 0.794841
5249.564941 0.000000 3002.654053 0.000000 0.252204 0.000000 0.967674 0.773720 0.773720 0.773720
5300.158691 0.000000 3028.796875 0.000000 0.071828 0.000000 0.997417 0.758089 0.758089 0.758089
5297.935059 0.000000 2999.345459 0.000000 0.844505 0.000000 0.535547 0.781940 0.781940 0.781940
5242.914062 0.000000 3003.966064 0.000000 0.872847 0.000000 -0.487993 0.818327 0.818327 0.818327
5300.194336 0.000000 3042.193848 0.000000 0.672442 0.000000 -0.740150 1.184450 1.184450 1.184450
5290.270020 0.000000 3067.658203 0.000000 0.991043 0.000000 0.133541 0.790637 0.790637 0.790637
5305.575195 0.000000 3037.522705 0.000000 0.336394 0.000000 -0.941721 0.905437 0.905437 0.905437
5295.897461 0.000000 3034.213135 0.000000 0.112723 0.000000 0.993626 0.674799 0.674799 0.674799
5236.685547 0.000000 3000.501709 0.000000 0.889305 0.000000 0.457315 0.760157 0.760157 0.760157
5293.371582 0.000000 3027.370117 0.000000 0.973650 0.000000 -0.228047 0.823435 0.823435 0.823435
5279.076660 0.000000 3032.448242 0.000000 0.109749 0.000000 0.993959 0.639531 0.639531 0.639531
5303.643555 0.000000 2998.659912 0.000000 0.737040 0.000000 0.675849 0.731820 0.731820 0.731820
5298.533203 0.000000 3048.170654 0.000000 0.209445 0.000000 -0.977820 0.952086 0.952086 0.952086
5299.982910 0.000000 3071.197510 0.000000 0.927466 0.000000 -0.373906 0.841330 0.841330 0.841330
5294.404297 0.000000 3039.393799 0.000000 0.997943 0.000000 0.064111 0.793722 0.793722 0.793722
5295.783691 0.000000 3042.601074 0.000000 0.732316 0.000000 -0.680965 0.894254 0.894254 0.894254
5296.067383 0.000000 3047.134521 0.000000 0.206757 0.000000 0.978392 0.642164 0.642164 0.642164
5243.088867 0.000000 3001.258301 0.000000 0.975705 0.000000 0.219090 0.775295 0.775295 0.775295
5305.454102 0.000000 3004.072998 0.000000 0.995989 0.000000 0.089480 0.789800 0.789800 0.789800
5290.457520 0.000000 3065.110352 0.000000 0.998114 0.000000 -0.061380 0.808096 0.808096 0.808096
5291.053223 0.000000 3035.682373 0.000000 0.329160 0.000000 0.944274 0.649491 0.649491 0.649491
5224.345703 0.000000 2995.619141 0.000000 0.913122 0.000000 0.407687 0.746324 0.746324 0.746324
5295.745605 0.000000 3066.107666 0.000000 0.655284 0.000000 -0.755382 0.936809 0.936809 0.936809
5281.507812 0.000000 2995.662354 0.000000 0.702306 0.000000 -0.711875 1.095860 1.095860 1.095860
5249.315430 0.000000 2996.761963 0.000000 0.010404 0.000000 -0.999946 1.030619 1.030619 1.030619
5288.583496 0.000000 3028.490723 0.000000 0.353155 0.000000 -0.935565 0.995726 0.995726 0.995726
5301.120117 0.000000 3015.258301 0.000000 0.451793 0.000000 -0.892123 0.976080 0.976080 0.976080
5301.459961 0.000000 3066.307373 0.000000 0.612860 0.000000 0.790191 0.630765 0.630765 0.630765
5303.546387 0.000000 3069.904541 0.000000 0.999582 0.000000 -0.028913 0.805487 0.805487 0.805487
5297.744141 0.000000 3056.104004 0.000000 0.409147 0.000000 0.912469 0.623256 0.623256 0.623256
5272.176270 0.000000 3000.693359 0.000000 0.621348 0.000000 0.783535 0.634567 0.634567 0.634567
5293.570312 0.000000 3029.552490 0.000000 0.965775 0.000000 -0.259383 0.846116 0.846116 0.846116
5299.333496 0.000000 3033.831055 0.000000 0.384290 0.000000 0.923212 0.595596 0.595596 0.595596
5298.064941 0.000000 3042.816406 0.000000 0.339823 0.000000 0.940489 0.215703 0.215703 0.215703
5239.741211 0.000000 2998.496826 0.000000 0.845035 0.000000 0.534711 0.695210 0.695210 0.695210
5241.925781 0.000000 2999.267578 0.000000 0.858267 0.000000 -0.513204 0.885031 0.885031 0.885031
5287.599121 0.000000 3053.169922 0.000000 0.343973 0.000000 0.938979 0.614869 0.614869 0.614869
5304.185059 0.000000 2995.729248 0.000000 0.018564 0.000000 -0.999828 1.094517 1.094517 1.094517
5287.760254 0.000000 3032.548340 0.000000 0.989058 0.000000 -0.147530 0.848796 0.848796 0.848796
5291.243164 0.000000 3055.373047 0.000000 0.460864 0.000000 0.887471 0.573213 0.573213 0.573213
5301.021484 0.000000 3044.030273 0.000000 0.084097 0.000000 0.996458 0.286347 0.286347 0.286347
5239.271973 0.000000 2996.247559 0.000000 0.586596 0.000000 -0.809880 1.058284 1.058284 1.058284
5300.614258 0.000000 3036.944824 0.000000 0.421082 0.000000 -0.907023 1.140377 1.140377 1.140377
5294.600586 0.000000 3064.492188 0.000000 0.692401 0.000000 -0.721513 0.972243 0.972243 0.972243
5301.276367 0.000000 3060.579590 0.000000 0.587094 0.000000 0.809518 0.641739 0.641739 0.641739
5281.010742 0.000000 3033.093750 0.000000 0.998188 0.000000 0.060173 0.789057 0.789057 0.789057
5301.059082 0.000000 3040.397217 0.000000 0.999188 0.000000 -0.040291 0.818030 0.818030 0.818030
5245.794434 0.000000 2997.442139 0.000000 0.910221 0.000000 0.414123 0.718986 0.718986 0.718986
5293.310547 0.000000 3031.752441 0.000000 0.759673 0.000000 0.650305 0.665668 0.665668 0.665668
5284.954102 0.000000 2998.827393 0.000000 0.842286 0.000000 0.539031 0.689711 0.689711 0.689711
5298.854004 0.000000 3040.638184 0.000000 0.409871 0.000000 -0.912143 1.316104 1.316104 1.316104
5295.716309 0.000000 3058.904785 0.000000 0.344447 0.000000 -0.938806 1.099496 1.099496 1.099496
5303.666992 0.000000 3037.188721 0.000000 0.669251 0.000000 0.743036 0.627693 0.627693 0.627693
5305.372559 0.000000 3066.295898 0.000000 0.332903 0.000000 -0.942961 1.033646 1.033646 1.033646
5235.977539 0.000000 2998.708252 0.000000 0.069837 0.000000 -0.997558 1.117752 1.117752 1.117752
5303.744141 0.000000 3048.191895 0.000000 0.736454 0.000000 -0.676488 0.940972 0.940972 0.940972
5285.871582 0.000000 3031.631592 0.000000 0.902990 0.000000 0.429661 0.699768 0.699768 0.699768
5274.474121 0.000000 2998.682129 0.000000 0.363965 0.000000 -0.931413 1.032144 1.032144 1.032144
5278.561035 0.000000 2997.448975 0.000000 0.615798 0.000000 0.787904 0.511846 0.511846 0.511846
5292.642090 0.000000 3061.857422 0.000000 0.706212 0.000000 0.708001 0.584752 0.584752 0.584752
5299.974609 0.000000 3067.689941 0.000000 0.309361 0.000000 -0.950945 1.053417 1.053417 1.053417
5299.202148 0.000000 3044.371582 0.000000 0.089673 0.000000 0.995971 0.273491 0.273491 0.273491
5300.634766 0.000000 3035.062500 0.000000 0.921270 0.000000 -0.388923 0.890952 0.890952 0.890952
5298.077637 0.000000 3064.880371 0.000000 0.167402 0.000000 -0.985889 1.094140 1.094140 1.094140
5276.793945 0.000000 2997.002686 0.000000 0.251228 0.000000 -0.967928 1.165578 1.165578 1.165578
5297.948730 0.000000 3038.719727 0.000000 0.795979 0.000000 -0.605325 0.953229 0.953229 0.953229
5284.245117 0.000000 3033.723389 0.000000 0.494701 0.000000 -0.869063 1.073481 1.073481 1.073481
5296.156738 0.000000 3062.082031 0.000000 0.399696 0.000000 0.916648 0.494285 0.494285 0.494285
5304.136230 0.000000 3012.867432 0.000000 0.094714 0.000000 0.995505 0.381412 0.381412 0.381412
5279.762695 0.000000 2995.736328 0.000000 0.986898 0.000000 -0.161346 0.861496 0.861496 0.861496
5237.143555 0.000000 2996.066895 0.000000 0.682454 0.000000 -0.730928 1.086492 1.086492 1.086492
5278.873047 0.000000 2999.106934 0.000000 0.990430 0.000000 0.138014 0.766263 0.766263 0.766263
5294.386230 0.000000 3062.838379 0.000000 0.950237 0.000000 0.311529 0.717745 0.717745 0.717745
5303.919922 0.000000 3042.632812 0.000000 0.042260 0.000000 0.999107 0.357340 0.357340 0.357340
5283.715332 0.000000 2995.880615 0.000000 0.911060 0.000000 -0.412274 0.928157 0.928157 0.928157
5368.818359 0.000000 3075.378906 0.000000 0.061671 0.000000 -0.998097 0.812056 0.812056 0.812056
5367.384277 0.000000 3068.709717 0.000000 0.990971 0.000000 0.134075 0.796777 0.796777 0.796777
5364.986328 0.000000 2995.666748 0.000000 0.075046 0.000000 0.997180 0.764153 0.764153 0.764153
5325.693359 0.000000 3046.371826 0.000000 0.987181 0.000000 0.159608 0.795198 0.795198 0.795198
5381.562500 0.000000 3061.099121 0.000000 0.728769 0.000000 -0.684760 0.831636 0.831636 0.831636
5360.018066 0.000000 3085.504395 0.000000 0.999705 0.000000 0.024282 0.798787 0.798787 0.798787
5374.062988 0.000000 3058.925293 0.000000 0.996314 0.000000 -0.085785 0.804289 0.804289 0.804289
5306.972168 0.000000 3000.976318 0.000000 0.699732 0.000000 -0.714405 0.831787 0.831787 0.831787
5350.756348 0.000000 3035.024414 0.000000 0.964839 0.000000 -0.262843 0.813811 0.813811 0.813811
5363.319824 0.000000 3067.983398 0.000000 0.603760 0.000000 -0.797166 0.849751 0.849751 0.849751
5378.371094 0.000000 3029.550049 0.000000 0.165086 0.000000 0.986279 0.741074 0.741074 0.741074
5357.202148 0.000000 3054.551270 0.000000 0.241809 0.000000 0.970324 0.733763 0.733763 0.733763
5393.026855 0.000000 2996.750732 0.000000 0.808145 0.000000 0.588984 0.764780 0.764780 0.764780
5341.637695 0.000000 3027.020752 0.000000 0.966490 0.000000 -0.256703 0.814518 0.814518 0.814518
5377.879883 0.000000 3078.201172 0.000000 0.512792 0.000000 0.858513 0.723711 0.723711 0.723711
5338.121094 0.000000 3028.718262 0.000000 0.919009 0.000000 0.394237 0.768435 0.768435 0.768435
5388.062988 0.000000 3007.479492 0.000000 0.749650 0.000000 -0.661834 0.854892 0.854892 0.854892
5372.964844 0.000000 3100.967773 0.000000 0.392516 0.000000 0.919745 0.718393 0.718393 0.718393
5360.756348 0.000000 3022.657471 0.000000 0.466117 0.000000 0.884723 0.715417 0.715417 0.715417
5364.404785 0.000000 3100.330811 0.000000 0.305002 0.000000 0.952352 0.724453 0.724453 0.724453
5374.205566 0.000000 3020.577148 0.000000 0.755431 0.000000 0.655229 0.735785 0.735785 0.735785
5352.156250 0.000000 3004.178711 0.000000 0.862673 0.000000 -0.505761 0.836008 0.836008 0.836008
5361.860840 0.000000 2996.838135 0.000000 0.409154 0.000000 -0.912466 0.871156 0.871156 0.871156
5332.273438 0.000000 3056.646484 0.000000 0.918762 0.000000 0.394812 0.765955 0.765955 0.765955
5321.218750 0.000000 3055.390869 0.000000 0.821408 0.000000 -0.570342 0.842426 0.842426 0.842426
5324.614258 0.000000 3075.558105 0.000000 0.941222 0.000000 -0.337788 0.824086 0.824086 0.824086
5348.406738 0.000000 3066.791992 0.000000 0.625857 0.000000 -0.779938 0.860747 0.860747 0.860747
5354.400879 0.000000 3072.903076 0.000000 0.160345 0.000000 0.987061 0.690191 0.690191 0.690191
5339.167969 0.000000 3022.462402 0.000000 0.942890 0.000000 0.333106 0.775583 0.775583 0.775583
5362.212891 0.000000 3087.609131 0.000000 0.749696 0.000000 -0.661782 0.862109 0.862109 0.862109
5351.509277 0.000000 3090.933350 0.000000 0.202322 0.000000 0.979319 0.671673 0.671673 0.671673
5357.415527 0.000000 3045.843018 0.000000 0.949589 0.000000 -0.313497 0.829933 0.829933 0.829933
5334.707031 0.000000 3065.031982 0.000000 0.466730 0.000000 0.884400 0.689462 0.689462 0.689462
5324.116211 0.000000 3064.424561 0.000000 0.954507 0.000000 -0.298188 0.828423 0.828423 0.828423
5392.644043 0.000000 3017.332031 0.000000 0.105886 0.000000 -0.994378 0.925791 0.925791 0.925791
5323.600098 0.000000 3053.753906 0.000000 0.998583 0.000000 -0.053219 0.805530 0.805530 0.805530
5361.105469 0.000000 3035.660156 0.000000 0.248288 0.000000 0.968686 0.657649 0.657649 0.657649
5389.574219 0.000000 3027.181152 0.000000 0.936362 0.000000 -0.351035 0.838684 0.838684 0.838684
5347.413574 0.000000 3016.688232 0.000000 0.961493 0.000000 -0.274830 0.824467 0.824467 0.824467
5354.960938 0.000000 3018.114502 0.000000 0.218987 0.000000 0.975728 0.649007 0.649007 0.649007
5334.002441 0.000000 3076.107666 0.000000 0.216724 0.000000 0.976233 0.637943 0.637943 0.637943
5331.600586 0.000000 3071.344727 0.000000 0.996601 0.000000 -0.082376 0.810212 0.810212 0.810212
5378.864258 0.000000 3060.202148 0.000000 0.347643 0.000000 -0.937627 0.911694 0.911694 0.911694
5381.649902 0.000000 3015.409180 0.000000 0.965405 0.000000 0.260756 0.764699 0.764699 0.764699
5318.570312 0.000000 3046.210938 0.000000 0.912558 0.000000 0.408947 0.761294 0.761294 0.761294
5321.083496 0.000000 2997.966064 0.000000 0.999546 0.000000 0.030122 0.796510 0.796510 0.796510
5384.546387 0.000000 3011.735352 0.000000 0.219848 0.000000 -0.975534 0.923949 0.923949 0.923949
5348.362793 0.000000 3064.147461 0.000000 0.662936 0.000000 -0.748676 0.916595 0.916595 0.916595
5330.004395 0.000000 3006.613770 0.000000 0.989424 0.000000 -0.145056 0.820061 0.820061 0.820061
5358.585449 0.000000 3097.971924 0.000000 0.997921 0.000000 -0.064447 0.809016 0.809016 0.809016
5351.416016 0.000000 2998.316895 0.000000 0.619419 0.000000 0.785061 0.699027 0.699027 0.699027
5360.425781 0.000000 3059.692627 0.000000 0.069569 0.000000 0.997577 0.602119 0.602119 0.602119
5358.362305 0.000000 3100.906250 0.000000 0.748541 0.000000 0.663089 0.708784 0.708784 0.708784
5373.904785 0.000000 3098.578125 0.000000 0.913959 0.000000 0.405807 0.739076 0.739076 0.739076
5360.512695 0.000000 3064.666992 0.000000 0.046703 0.000000 -0.998909 0.973505 0.973505 0.973505
5375.636719 0.000000 3090.299561 0.000000 0.117263 0.000000 0.993101 0.588117 0.588117 0.588117
5344.694824 0.000000 3011.583740 0.000000 0.952514 0.000000 -0.304495 0.848201 0.848201 0.848201
5337.476074 0.000000 3069.143555 0.000000 0.927111 0.000000 0.374787 0.753196 0.753196 0.753196
5355.557617 0.000000 3026.213135 0.000000 0.504464 0.000000 -0.863433 0.924872 0.924872 0.924872
5386.399414 0.000000 3018.020020 0.000000 0.869648 0.000000 0.493673 0.723692 0.723692 0.723692
5331.532227 0.000000 3010.877441 0.000000 0.905408 0.000000 -0.424543 0.867429 0.867429 0.867429
5384.321777 0.000000 3089.667725 0.000000 0.100688 0.000000 0.994918 0.612108 0.612108 0.612108
5372.394043 0.000000 3093.926514 0.000000 0.998637 0.000000 -0.052189 0.806465 0.806465 0.806465
5352.802734 0.000000 3016.877930 0.000000 0.926408 0.000000 0.376521 0.752197 0.752197 0.752197
5345.387207 0.000000 3017.987305 0.000000 0.943089 0.000000 -0.332541 0.841301 0.841301 0.841301
5338.059570 0.000000 3084.687744 0.000000 0.393881 0.000000 0.919161 0.599734 0.599734 0.599734
5306.585449 0.000000 3048.443848 0.000000 0.168027 0.000000 0.985782 0.587195 0.587195 0.587195
5342.690918 0.000000 3017.018799 0.000000 0.800068 0.000000 -0.599910 0.900230 0.900230 0.900230
5340.210449 0.000000 3053.353760 0.000000 0.975061 0.000000 0.221935 0.762454 0.762454 0.762454
5346.231445 0.000000 3098.889404 0.000000 0.999282 0.000000 0.037893 0.793868 0.793868 0.793868
5356.329102 0.000000 3043.705078 0.000000 0.748198 0.000000 -0.663475 0.928953 0.928953 0.928953
5336.198242 0.000000 3027.244385 0.000000 0.619506 0.000000 -0.784992 0.909975 0.909975 0.909975
5335.618164 0.000000 3058.400146 0.000000 0.236765 0.000000 0.971567 0.579233 0.579233 0.579233
5337.562012 0.000000 3056.989990 0.000000 0.961361 0.000000 0.275292 0.759338 0.759338 0.759338
5336.307617 0.000000 2996.761963 0.000000 0.533194 0.000000 -0.845993 0.969181 0.969181 0.969181
5374.434570 0.000000 3081.988770 0.000000 0.116284 0.000000 -0.993216 1.000409 1.000409 1.000409
5343.811035 0.000000 2995.577148 0.000000 0.022401 0.000000 -0.999749 1.050493 1.050493 1.050493
5358.822754 0.000000 3010.364746 0.000000 0.865363 0.000000 -0.501145 0.866049 0.866049 0.866049
5354.057617 0.000000 3075.225586 0.000000 0.325936 0.000000 -0.945392 0.990511 0.990511 0.990511
5386.036133 0.000000 3023.092773 0.000000 0.998354 0.000000 0.057357 0.791633 0.791633 0.791633
5369.979492 0.000000 3064.477295 0.000000 0.640106 0.000000 -0.768287 0.948742 0.948742 0.948742
5371.635254 0.000000 3052.840576 0.000000 0.904204 0.000000 -0.427101 0.883728 0.883728 0.883728
5314.992676 0.000000 3074.755859 0.000000 0.917862 0.000000 -0.396900 0.871733 0.871733 0.871733
5388.112305 0.000000 3015.258301 0.000000 0.999988 0.000000 -0.004829 0.800916 0.800916 0.800916
5336.261719 0.000000 3010.645264 0.000000 0.315405 0.000000 0.948957 0.592801 0.592801 0.592801
5333.427246 0.000000 3069.978760 0.000000 0.380548 0.000000 0.924761 0.606680 0.606680 0.606680
5330.288574 0.000000 3025.110107 0.000000 0.745898 0.000000 0.666060 0.696637 0.696637 0.696637
5345.545898 0.000000 3038.353760 0.000000 0.983416 0.000000 -0.181363 0.828775 0.828775 0.828775
5340.998535 0.000000 3087.351074 0.000000 0.169649 0.000000 0.985505 0.534306 0.534306 0.534306
5379.858398 0.000000 3014.071045 0.000000 0.813784 0.000000 -0.581168 0.917668 0.917668 0.917668
5346.216797 0.000000 3004.154541 0.000000 0.074405 0.000000 -0.997228 1.077932 1.077932 1.077932
5387.773926 0.000000 3025.829590 0.000000 0.992721 0.000000 0.120437 0.782157 0.782157 0.782157
5324.753906 0.000000 3059.410156 0.000000 0.982604 0.000000 0.185715 0.771646 0.771646 0.771646
5372.378906 0.000000 3060.440186 0.000000 0.950397 0.000000 0.311040 0.757044 0.757044 0.757044
5336.250488 0.000000 3023.590332 0.000000 0.861418 0.000000 -0.507897 0.875545 0.875545 0.875545
5316.038086 0.000000 3057.952637 0.000000 0.999931 0.000000 0.011736 0.798383 0.798383 0.798383
5367.651367 0.000000 3098.790039 0.000000 0.904996 0.000000 -0.425420 0.880743 0.880743 0.880743
5320.517578 0.000000 3049.812988 0.000000 0.918897 0.000000 0.394498 0.727917 0.727917 0.727917
5351.977051 0.000000 3009.106689 0.000000 0.921798 0.000000 0.387671 0.723670 0.723670 0.723670
5320.216309 0.000000 3083.645508 0.000000 0.817797 0.000000 -0.575507 0.902879 0.902879 0.902879
5345.669922 0.000000 3007.564941 0.000000 0.705479 0.000000 0.708731 0.650544 0.650544 0.650544
5323.556152 0.000000 3051.017090 0.000000 0.864697 0.000000 0.502294 0.721171 0.721171 0.721171
5356.737793 0.000000 3002.354980 0.000000 0.947462 0.000000 -0.319867 0.861777 0.861777 0.861777
5334.632324 0.000000 3073.935059 0.000000 0.229181 0.000000 -0.973384 1.043463 1.043463 1.043463
5319.995605 0.000000 3053.552734 0.000000 0.777707 0.000000 0.628627 0.691384 0.691384 0.691384
5359.168457 0.000000 3000.693359 0.000000 0.995174 0.000000 -0.098127 0.815311 0.815311 0.815311
5390.388672 0.000000 3022.895752 0.000000 0.978657 0.000000 -0.205501 0.839271 0.839271 0.839271
5386.450195 0.000000 3001.715820 0.000000 0.328953 0.000000 -0.944346 1.034440 1.034440 1.034440
5332.568848 0.000000 3014.981445 0.000000 0.463899 0.000000 0.885888 0.593489 0.593489 0.593489
5342.063965 0.000000 3005.916992 0.000000 0.492523 0.000000 -0.870300 1.006653 1.006653 1.006653
5352.241211 0.000000 3057.043945 0.000000 0.725344 0.000000 -0.688387 0.907666 0.907666 0.907666
5336.312500 0.000000 3050.627441 0.000000 0.999821 0.000000 -0.018943 0.802686 0.802686 0.802686
5325.443359 0.000000 3005.831543 0.000000 0.976700 0.000000 -0.214607 0.841470 0.841470 0.841470
5308.733398 0.000000 3058.555420 0.000000 0.983479 0.000000 -0.181020 0.837809 0.837809 0.837809
5340.202637 0.000000 2997.731201 0.000000 0.994626 0.000000 0.103529 0.779907 0.779907 0.779907
5308.945801 0.000000 3055.874512 0.000000 0.933672 0.000000 -0.358129 0.911190 0.911190 0.911190
5355.857910 0.000000 3006.907471 0.000000 0.875343 0.000000 0.483502 0.723399 0.723399 0.723399
5352.833496 0.000000 3043.574951 0.000000 0.945983 0.000000 -0.324216 0.860670 0.860670 0.860670
5360.528320 0.000000 3078.710693 0.000000 0.512735 0.000000 0.858547 0.604109 0.604109 0.604109
5358.438965 0.000000 3026.530273 0.000000 0.490951 0.000000 0.871187 0.599331 0.599331 0.599331
5346.786621 0.000000 3059.162842 0.000000 0.948774 0.000000 0.315956 0.739006 0.739006 0.739006
5390.601562 0.000000 3016.117676 0.000000 0.866975 0.000000 0.498352 0.715602 0.715602 0.715602
5374.789062 0.000000 3093.823242 0.000000 0.254020 0.000000 0.967199 0.561189 0.561189 0.561189
5326.733398 0.000000 2998.496826 0.000000 0.168792 0.000000 -0.985652 1.021083 1.021083 1.021083
5329.229004 0.000000 3014.024170 0.000000 0.984828 0.000000 0.173536 0.770390 0.770390 0.770390
5328.917969 0.000000 2999.267578 0.000000 0.995988 0.000000 -0.089488 0.817002 0.817002 0.817002
5354.283691 0.000000 3039.544434 0.000000 0.725967 0.000000 -0.687730 0.939345 0.939345 0.939345
5341.775879 0.000000 3009.860596 0.000000 0.741844 0.000000 0.670573 0.682565 0.682565 0.682565
5355.514648 0.000000 3088.299561 0.000000 0.690827 0.000000 0.723020 0.662802 0.662802 0.662802
5359.957520 0.000000 3024.765869 0.000000 0.994441 0.000000 0.105291 0.780407 0.780407 0.780407
5356.279785 0.000000 3094.141846 0.000000 0.112826 0.000000 0.993615 0.505945 0.505945 0.505945
5334.458008 0.000000 3003.176270 0.000000 0.981311 0.000000 -0.192428 0.832099 0.832099 0.832099
5343.847168 0.000000 3090.071045 0.000000 0.908183 0.000000 -0.418573 0.881943 0.881943 0.881943
5338.502441 0.000000 3007.677490 0.000000 0.127203 0.000000 0.991877 0.517514 0.517514 0.517514
5390.172852 0.000000 3008.387939 0.000000 0.861658 0.000000 -0.507489 0.913748 0.913748 0.913748
5371.086426 0.000000 3055.563721 0.000000 0.597189 0.000000 0.802100 0.643841 0.643841 0.643841
5334.104980 0.000000 3022.934326 0.000000 0.793345 0.000000 0.608772 0.661435 0.661435 0.661435
5327.039551 0.000000 3009.136719 0.000000 0.836897 0.000000 0.547360 0.690103 0.690103 0.690103
5319.419922 0.000000 3064.925049 0.000000 0.949009 0.000000 0.315248 0.749397 0.749397 0.749397
5332.012695 0.000000 3003.582031 0.000000 0.467389 0.000000 0.884052 0.594237 0.594237 0.594237
5356.893066 0.000000 3090.121582 0.000000 0.647325 0.000000 -0.762214 0.990417 0.990417 0.990417
5313.626953 0.000000 3061.185791 0.000000 0.636395 0.000000 -0.771363 0.949560 0.949560 0.949560
5390.596680 0.000000 3018.668945 0.000000 0.222680 0.000000 -0.974892 1.028544 1.028544 1.028544
5341.548828 0.000000 2999.365967 0.000000 0.087838 0.000000 -0.996135 1.084313 1.084313 1.084313
5349.210449 0.000000 3095.625488 0.000000 0.384421 0.000000 0.923158 0.539241 0.539241 0.539241
5361.960449 0.000000 3062.202637 0.000000 0.906582 0.000000 0.422029 0.723426 0.723426 0.723426
5370.479492 0.000000 3080.332520 0.000000 0.960408 0.000000 -0.278598 0.847367 0.847367 0.847367
5331.602539 0.000000 3017.943115 0.000000 0.979016 0.000000 0.203785 0.763111 0.763111 0.763111
5379.744629 0.000000 3018.329590 0.000000 0.026794 0.000000 0.999641 0.507045 0.507045 0.507045
5328.324219 0.000000 3002.581787 0.000000 0.037685 0.000000 -0.999290 1.035772 1.035772 1.035772
5325.410645 0.000000 3061.394043 0.000000 0.710493 0.000000 0.703704 0.651891 0.651891 0.651891
5375.488281 0.000000 3063.997314 0.000000 0.611472 0.000000 -0.791266 0.973207 0.973207 0.973207
5345.115234 0.000000 3057.972656 0.000000 0.588596 0.000000 0.808427 0.642051 0.642051 0.642051
5351.391602 0.000000 3075.753418 0.000000 0.660326 0.000000 0.750979 0.640506 0.640506 0.640506
5342.799316 0.000000 3059.573486 0.000000 0.042515 0.000000 0.999096 0.528344 0.528344 0.528344
5347.994629 0.000000 2997.631104 0.000000 0.984401 0.000000 0.175941 0.766796 0.766796 0.766796
5354.558594 0.000000 3013.477295 0.000000 0.972137 0.000000 0.234412 0.750380 0.750380 0.750380
5342.807129 0.000000 3037.277588 0.000000 0.475976 0.000000 0.879458 0.604671 0.604671 0.604671
5385.358887 0.000000 3029.796387 0.000000 0.200368 0.000000 0.979721 0.567581 0.567581 0.567581
5344.870605 0.000000 3023.798584 0.000000 0.997414 0.000000 -0.071872 0.813361 0.813361 0.813361
5306.653809 0.000000 3059.179199 0.000000 0.991884 0.000000 0.127149 0.777592 0.777592 0.777592
5378.635254 0.000000 3094.623047 0.000000 0.734532 0.000000 0.678574 0.671896 0.671896 0.671896
5319.275391 0.000000 3060.656738 0.000000 0.363253 0.000000 -0.931691 1.166399 1.166399 1.166399
5317.280762 0.000000 3078.310059 0.000000 0.938238 0.000000 0.345990 0.737906 0.737906 0.737906
5381.436523 0.000000 3023.432129 0.000000 0.999894 0.000000 0.014552 0.797239 0.797239 0.797239
5359.305664 0.000000 3076.155273 0.000000 0.910889 0.000000 0.412651 0.726939 0.726939 0.726939
5335.609375 0.000000 3005.012451 0.000000 0.858103 0.000000 0.513477 0.697687 0.697687 0.697687
5356.481445 0.000000 3022.856201 0.000000 0.933757 0.000000 -0.357907 0.869449 0.869449 0.869449
5376.584473 0.000000 3088.497559 0.000000 0.990242 0.000000 0.139357 0.771518 0.771518 0.771518
5392.022461 0.000000 3039.462891 0.000000 0.892748 0.000000 -0.450555 0.889615 0.889615 0.889615
5354.228027 0.000000 3020.086670 0.000000 0.983530 0.000000 0.180743 0.769872 0.769872 0.769872
5361.545898 0.000000 3081.300049 0.000000 0.712122 0.000000 -0.702055 0.930570 0.930570 0.930570
5360.772461 0.000000 3037.619629 0.000000 0.996163 0.000000 -0.087514 0.815751 0.815751 0.815751
5315.555176 0.000000 3060.447510 0.000000 0.285068 0.000000 -0.958507 1.045750 1.045750 1.045750
5340.705078 0.000000 3002.204102 0.000000 0.223668 0.000000 0.974665 0.550134 0.550134 0.550134
5341.735352 0.000000 3032.466797 0.000000 0.992273 0.000000 0.124075 0.777391 0.777391 0.777391
5328.915039 0.000000 3008.470703 0.000000 0.219385 0.000000 -0.975638 1.034508 1.034508 1.034508
5350.519531 0.000000 3060.448730 0.000000 0.977304 0.000000 -0.211841 0.853291 0.853291 0.853291
5319.654297 0.000000 3081.120117 0.000000 0.219996 0.000000 -0.975501 1.042482 1.042482 1.042482
5373.005859 0.000000 3083.580566 0.000000 0.999713 0.000000 -0.023965 0.804547 0.804547 0.804547
5328.893066 0.000000 3059.200928 0.000000 0.532485 0.000000 0.846439 0.624631 0.624631 0.624631
5339.664551 0.000000 3006.058350 0.000000 0.914336 0.000000 -0.404957 0.881606 0.881606 0.881606
5358.490723 0.000000 3060.491699 0.000000 0.700556 0.000000 0.713597 0.649231 0.649231 0.649231
5381.282227 0.000000 3092.470703 0.000000 0.203895 0.000000 -0.978993 1.053625 1.053625 1.053625
5334.072266 0.000000 3027.541992 0.000000 0.879787 0.000000 -0.475368 0.907844 0.907844 0.907844
5375.499512 0.000000 3097.294434 0.000000 0.982486 0.000000 0.186336 0.766683 0.766683 0.766683
5361.647949 0.000000 3089.802246 0.000000 0.230671 0.000000 -0.973032 1.037840 1.037840 1.037840
5385.607910 0.000000 3027.383789 0.000000 0.384737 0.000000 0.923026 0.574544 0.574544 0.574544
5317.290527 0.000000 3074.556885 0.000000 0.949448 0.000000 0.313924 0.739412 0.739412 0.739412
5355.375000 0.000000 3092.377930 0.000000 0.597077 0.000000 -0.802184 0.984073 0.984073 0.984073
5365.557129 0.000000 3090.700684 0.000000 0.992120 0.000000 0.125293 0.777921 0.777921 0.777921
5344.430176 0.000000 3003.148926 0.000000 0.952388 0.000000 0.304890 0.739359 0.739359 0.739359
5332.786621 0.000000 2997.442139 0.000000 0.885805 0.000000 0.464058 0.711330 0.711330 0.711330
5379.032227 0.000000 3020.180908 0.000000 0.553680 0.000000 0.832730 0.613294 0.613294 0.613294
5327.955078 0.000000 3061.471436 0.000000 0.999999 0.000000 -0.001395 0.800265 0.800265 0.800265
5344.969727 0.000000 3092.416260 0.000000 0.738327 0.000000 -0.674443 0.940446 0.940446 0.940446
5368.526855 0.000000 3052.441650 0.000000 0.246868 0.000000 0.969049 0.549290 0.549290 0.549290
5350.271484 0.000000 3099.319824 0.000000 0.079048 0.000000 -0.996871 1.187298 1.187298 1.187298
5348.701172 0.000000 3098.041016 0.000000 0.374012 0.000000 -0.927424 1.060881 1.060881 1.060881
5382.339355 0.000000 3027.181885 0.000000 0.784433 0.000000 0.620214 0.673063 0.673063 0.673063
5329.669922 0.000000 3012.156006 0.000000 0.531561 0.000000 -0.847020 0.991702 0.991702 0.991702
5349.262207 0.000000 3023.150391 0.000000 0.485760 0.000000 -0.874092 1.012419 1.012419 1.012419
5358.442871 0.000000 3040.131348 0.000000 0.767258 0.000000 0.641339 0.662334 0.662334 0.662334
5378.452637 0.000000 3087.931152 0.000000 0.971137 0.000000 0.238524 0.747087 0.747087 0.747087
5321.119629 0.000000 3061.436279 0.000000 0.725637 0.000000 0.688078 0.569632 0.569632 0.569632
5333.707520 0.000000 3084.392822 0.000000 0.367820 0.000000 0.929897 0.523344 0.523344 0.523344
5347.331543 0.000000 3039.285156 0.000000 0.999890 0.000000 0.014860 0.797240 0.797240 0.797240
5348.893066 0.000000 3012.978271 0.000000 0.596558 0.000000 -0.802570 0.991643 0.991643 0.991643
5321.024414 0.000000 3079.809570 0.000000 0.381628 0.000000 -0.924316 1.035522 1.035522 1.035522
5307.695801 0.000000 3006.351074 0.000000 0.387844 0.000000 0.921725 0.577532 0.577532 0.577532
5380.083008 0.000000 3090.475098 0.000000 0.999784 0.000000 -0.020785 0.804152 0.804152 0.804152
5377.326660 0.000000 3091.548340 0.000000 0.910506 0.000000 -0.413496 0.895357 0.895357 0.895357
5329.996094 0.000000 3085.206543 0.000000 0.980894 0.000000 0.194542 0.753466 0.753466 0.753466
5332.607422 0.000000 3025.428223 0.000000 0.750902 0.000000 0.660413 0.635755 0.635755 0.635755
5313.245117 0.000000 3055.122803 0.000000 0.885035 0.000000 0.465525 0.694584 0.694584 0.694584
5352.290527 0.000000 3063.254639 0.000000 0.971397 0.000000 0.237462 0.750679 0.750679 0.750679
5309.048340 0.000000 3052.008545 0.000000 0.992674 0.000000 -0.120826 0.833142 0.833142 0.833142
5392.742676 0.000000 3026.456787 0.000000 0.688868 0.000000 -0.724887 1.004057 1.004057 1.004057
5356.258789 0.000000 3041.363037 0.000000 0.727136 0.000000 0.686493 0.620165 0.620165 0.620165
5328.476562 0.000000 3082.932617 0.000000 0.284847 0.000000 -0.958573 1.120045 1.120045 1.120045
5351.918457 0.000000 3098.704346 0.000000 0.443986 0.000000 -0.896034 1.088397 1.088397 1.088397
5366.593262 0.000000 3095.745850 0.000000 0.995498 0.000000 0.094781 0.774406 0.774406 0.774406
5326.618652 0.000000 3083.487305 0.000000 0.059001 0.000000 -0.998258 1.210631 1.210631 1.210631
5323.255859 0.000000 3080.374512 0.000000 0.841735 0.000000 -0.539891 0.942380 0.942380 0.942380
5354.611816 0.000000 3060.973145 0.000000 0.995003 0.000000 -0.099843 0.822171 0.822171 0.822171
5328.287598 0.000000 3076.085693 0.000000 0.608740 0.000000 -0.793369 1.045236 1.045236 1.045236
5307.023438 0.000000 3053.174072 0.000000 0.977349 0.000000 0.211635 0.742929 0.742929 0.742929
5310.294922 0.000000 3053.523682 0.000000 0.922944 0.000000 -0.384935 0.900226 0.900226 0.900226
5346.407715 0.000000 3095.178467 0.000000 0.524587 0.000000 -0.851357 1.046153 1.046153 1.046153
5351.182617 0.000000 3010.648438 0.000000 0.784301 0.000000 -0.620381 0.968413 0.968413 0.968413
5331.620117 0.000000 3081.617432 0.000000 0.218753 0.000000 0.975780 0.460204 0.460204 0.460204
5311.913086 0.000000 3053.233154 0.000000 0.933446 0.000000 0.358717 0.706938 0.706938 0.706938
5354.749023 0.000000 3096.912354 0.000000 0.271007 0.000000 0.962577 0.427164 0.427164 0.427164
5349.758301 0.000000 3103.266113 0.000000 0.328165 0.000000 0.944620 0.723447 0.723447 0.723447
5408.380859 0.000000 3097.744873 0.000000 0.975344 0.000000 -0.220691 0.800889 0.800889 0.800889
5394.044922 0.000000 3079.239990 0.000000 0.832967 0.000000 0.553322 0.794145 0.794145 0.794145
5406.580566 0.000000 3090.100586 0.000000 0.675967 0.000000 -0.736932 0.813238 0.813238 0.813238
5460.636719 0.000000 3091.822021 0.000000 0.914293 0.000000 0.405053 0.793337 0.793337 0.793337
5402.589844 0.000000 3000.072266 0.000000 0.848096 0.000000 -0.529842 0.813384 0.813384 0.813384
5414.599121 0.000000 3015.946289 0.000000 0.822830 0.000000 -0.568288 0.813279 0.813279 0.813279
5405.420898 0.000000 3049.002197 0.000000 0.781365 0.000000 0.624075 0.777117 0.777117 0.777117
5433.163574 0.000000 3085.513184 0.000000 0.712146 0.000000 -0.702031 0.821761 0.821761 0.821761
5424.285156 0.000000 3063.289795 0.000000 0.563984 0.000000 0.825786 0.770892 0.770892 0.770892
5411.472168 0.000000 3067.463867 0.000000 0.566923 0.000000 0.823771 0.761332 0.761332 0.761332
5453.460449 0.000000 3000.722412 0.000000 0.567665 0.000000 -0.823259 0.830905 0.830905 0.830905
5404.273926 0.000000 3011.202637 0.000000 0.787923 0.000000 0.615773 0.777477 0.777477 0.777477
5470.945801 0.000000 3040.260498 0.000000 0.969109 0.000000 0.246634 0.792036 0.792036 0.792036
5412.347168 0.000000 3100.114746 0.000000 0.839011 0.000000 -0.544115 0.820683 0.820683 0.820683
5443.274414 0.000000 3099.357178 0.000000 0.803970 0.000000 -0.594670 0.826711 0.826711 0.826711
5437.358398 0.000000 3093.787598 0.000000 0.703743 0.000000 -0.710455 1.180324 1.180324 1.180324
5406.680176 0.000000 3034.581299 0.000000 0.999561 0.000000 0.029632 0.798402 0.798402 0.798402
5449.672852 0.000000 3038.416260 0.000000 0.547302 0.000000 -0.836935 0.843573 0.843573 0.843573
5413.493652 0.000000 3032.323730 0.000000 0.363906 0.000000 0.931436 0.742559 0.742559 0.742559
5397.535156 0.000000 3057.396240 0.000000 0.803491 0.000000 0.595317 0.759246 0.759246 0.759246
5450.513672 0.000000 3090.401367 0.000000 0.463511 0.000000 -0.886091 0.860891 0.860891 0.860891
5409.137695 0.000000 3047.840820 0.000000 0.971747 0.000000 0.236025 0.784296 0.784296 0.784296
5398.243652 0.000000 3076.138916 0.000000 0.500710 0.000000 -0.865615 0.856426 0.856426 0.856426
5421.081055 0.000000 3049.860840 0.000000 0.688230 0.000000 -0.725493 0.861608 0.861608 0.861608
5430.797363 0.000000 3032.740723 0.000000 0.130189 0.000000 -0.991489 0.912183 0.912183 0.912183
5408.434570 0.000000 3065.762207 0.000000 0.450396 0.000000 -0.892829 0.877144 0.877144 0.877144
5458.481445 0.000000 3000.818604 0.000000 0.998446 0.000000 0.055723 0.796214 0.796214 0.796214
5425.424805 0.000000 3066.764160 0.000000 0.965460 0.000000 -0.260553 0.816320 0.816320 0.816320
5413.277344 0.000000 3037.864990 0.000000 0.979277 0.000000 -0.202523 0.817921 0.817921 0.817921
5470.901367 0.000000 3028.310303 0.000000 0.840096 0.000000 -0.542438 0.842368 0.842368 0.842368
5420.562012 0.000000 3086.363037 0.000000 0.786881 0.000000 -0.617104 0.846490 0.846490 0.846490
5472.196289 0.000000 3031.982910 0.000000 0.317934 0.000000 -0.948113 0.909606 0.909606 0.909606
5478.051758 0.000000 3031.393555 0.000000 0.996347 0.000000 0.085392 0.792999 0.792999 0.792999
5408.210938 0.000000 3055.390869 0.000000 0.313477 0.000000 0.949596 0.712485 0.712485 0.712485
5431.895020 0.000000 3094.425781 0.000000 0.073213 0.000000 -0.997316 0.925618 0.925618 0.925618
5479.149902 0.000000 3041.511230 0.000000 0.940931 0.000000 0.338598 0.773784 0.773784 0.773784
5432.593750 0.000000 3076.689697 0.000000 0.811518 0.000000 0.584327 0.755130 0.755130 0.755130
5407.176758 0.000000 3028.505371 0.000000 0.837770 0.000000 -0.546024 0.851913 0.851913 0.851913
5438.501465 0.000000 3090.933350 0.000000 0.989869 0.000000 0.141986 0.732848 0.732848 0.732848
5432.269043 0.000000 3021.769043 0.000000 0.898442 0.000000 -0.439093 0.848120 0.848120 0.848120
5460.845215 0.000000 3014.205078 0.000000 0.995585 0.000000 -0.093860 0.807322 0.807322 0.807322
5421.699219 0.000000 3065.031982 0.000000 0.096761 0.000000 0.995308 0.691083 0.691083 0.691083
5421.450684 0.000000 3025.505859 0.000000 0.024813 0.000000 0.999692 0.654879 0.654879 0.654879
5410.658691 0.000000 3022.147949 0.000000 0.419439 0.000000 0.907784 0.702270 0.702270 0.702270
5414.252441 0.000000 3012.952393 0.000000 0.004347 0.000000 -0.999991 0.937657 0.937657 0.937657
5424.582520 0.000000 3005.553711 0.000000 0.998728 0.000000 0.050430 0.795566 0.795566 0.795566
5408.468750 0.000000 3041.286865 0.000000 0.116315 0.000000 -0.993212 0.956839 0.956839 0.956839
5404.858887 0.000000 3008.094971 0.000000 0.425866 0.000000 -0.904786 0.890345 0.890345 0.890345
5403.285156 0.000000 3072.888672 0.000000 0.549715 0.000000 -0.835352 0.890841 0.890841 0.890841
5431.222656 0.000000 3025.764648 0.000000 0.736996 0.000000 0.675897 0.728849 0.728849 0.728849
5409.485840 0.000000 3038.078125 0.000000 0.734082 0.000000 -0.679061 0.865600 0.865600 0.865600
5393.523438 0.000000 3017.137695 0.000000 0.511772 0.000000 -0.859121 0.888763 0.888763 0.888763
5457.288086 0.000000 3044.906738 0.000000 0.278162 0.000000 -0.960534 0.944159 0.944159 0.944159
5440.432129 0.000000 3087.763916 0.000000 0.969723 0.000000 -0.244206 0.828085 0.828085 0.828085
5431.720215 0.000000 3068.173584 0.000000 0.033286 0.000000 0.999446 0.637250 0.637250 0.637250
5455.385254 0.000000 3019.569092 0.000000 0.645848 0.000000 0.763466 0.687230 0.687230 0.687230
5431.534668 0.000000 3062.962402 0.000000 0.512681 0.000000 0.858579 0.682458 0.682458 0.682458
5443.012207 0.000000 2997.113770 0.000000 0.426460 0.000000 -0.904506 0.917381 0.917381 0.917381
5440.400879 0.000000 3092.754150 0.000000 0.996940 0.000000 -0.078168 0.833287 0.833287 0.833287
5435.354980 0.000000 3064.147461 0.000000 0.993653 0.000000 0.112486 0.787167 0.787167 0.787167
5400.941895 0.000000 3076.902100 0.000000 0.789147 0.000000 0.614204 0.735275 0.735275 0.735275
5404.624023 0.000000 3028.151855 0.000000 0.100358 0.000000 -0.994951 0.984998 0.984998 0.984998
5395.958008 0.000000 3022.506592 0.000000 0.743719 0.000000 -0.668492 0.895052 0.895052 0.895052
5460.896973 0.000000 3098.578125 0.000000 0.673569 0.000000 -0.739124 0.889707 0.889707 0.889707
5423.213379 0.000000 3086.346924 0.000000 0.951849 0.000000 0.306566 0.767640 0.767640 0.767640
5459.308594 0.000000 2995.584229 0.000000 0.659677 0.000000 -0.751550 1.136297 1.136297 1.136297
5416.505859 0.000000 3033.401611 0.000000 0.110094 0.000000 -0.993921 0.975015 0.975015 0.975015
5405.532227 0.000000 3085.093018 0.000000 0.783948 0.000000 -0.620827 0.872238 0.872238 0.872238
5409.101562 0.000000 3002.511230 0.000000 0.932074 0.000000 0.362267 0.742991 0.742991 0.742991
5416.990234 0.000000 3089.485352 0.000000 0.993591 0.000000 0.113034 0.782353 0.782353 0.782353
5412.981445 0.000000 3024.028564 0.000000 0.742971 0.000000 0.669324 0.691622 0.691622 0.691622
5416.296875 0.000000 3064.096680 0.000000 0.805547 0.000000 -0.592532 0.894998 0.894998 0.894998
5416.937988 0.000000 3075.492920 0.000000 0.688900 0.000000 0.724857 0.492311 0.492311 0.492311
5447.643555 0.000000 3096.364990 0.000000 0.882988 0.000000 0.469396 0.721931 0.721931 0.721931
5418.510254 0.000000 3036.346680 0.000000 0.547657 0.000000 0.836703 0.639642 0.639642 0.639642
5408.549805 0.000000 3088.623047 0.000000 0.942076 0.000000 -0.335400 0.851234 0.851234 0.851234
5456.287598 0.000000 3010.634766 0.000000 0.093846 0.000000 0.995587 0.566986 0.566986 0.566986
5404.322754 0.000000 3061.360352 0.000000 0.998628 0.000000 -0.052360 0.808265 0.808265 0.808265
5402.890137 0.000000 3053.615967 0.000000 0.287667 0.000000 0.957731 0.621186 0.621186 0.621186
5402.499023 0.000000 3067.063721 0.000000 0.912052 0.000000 -0.410075 0.863293 0.863293 0.863293
5427.144043 0.000000 3025.007568 0.000000 0.837778 0.000000 -0.546011 0.868062 0.868062 0.868062
5416.713867 0.000000 3072.977539 0.000000 0.190510 0.000000 0.981685 0.276660 0.276660 0.276660
5465.298340 0.000000 2995.825439 0.000000 1.000000 0.000000 0.000090 0.799967 0.799967 0.799967
5418.776855 0.000000 3041.189697 0.000000 0.976271 0.000000 0.216550 0.765124 0.765124 0.765124
5409.860352 0.000000 3009.552734 0.000000 0.608796 0.000000 -0.793327 0.913459 0.913459 0.913459
5444.881836 0.000000 3014.299561 0.000000 0.208696 0.000000 0.977981 0.615220 0.615220 0.615220
5443.321289 0.000000 3043.705078 0.000000 0.801109 0.000000 0.598518 0.688507 0.688507 0.688507
5462.193359 0.000000 3046.994141 0.000000 0.999943 0.000000 -0.010718 0.803939 0.803939 0.803939
5436.049316 0.000000 3091.266113 0.000000 0.948934 0.000000 0.315475 0.646794 0.646794 0.646794
5449.204102 0.000000 3011.843994 0.000000 0.135328 0.000000 -0.990801 0.977701 0.977701 0.977701
5414.160645 0.000000 3049.929199 0.000000 0.010578 0.000000 0.999944 0.547594 0.547594 0.547594
5423.299805 0.000000 2996.761963 0.000000 0.950428 0.000000 -0.310943 0.913670 0.913670 0.913670
5444.607422 0.000000 3018.920898 0.000000 0.017880 0.000000 0.999840 0.607704 0.607704 0.607704
5416.612305 0.000000 3027.279541 0.000000 0.347769 0.000000 -0.937580 1.011223 1.011223 1.011223
5399.923828 0.000000 3057.092285 0.000000 0.071385 0.000000 -0.997449 1.009619 1.009619 1.009619
5441.776367 0.000000 3010.100342 0.000000 0.966490 0.000000 0.256703 0.751779 0.751779 0.751779
5399.238770 0.000000 3081.750244 0.000000 0.998736 0.000000 -0.050259 0.808435 0.808435 0.808435
5462.567871 0.000000 3028.490723 0.000000 0.915978 0.000000 -0.401228 0.863492 0.863492 0.863492
5405.893555 0.000000 3023.118652 0.000000 0.436529 0.000000 -0.899690 0.998918 0.998918 0.998918
5436.999023 0.000000 3005.112793 0.000000 0.901144 0.000000 -0.433520 0.865375 0.865375 0.865375
5439.094727 0.000000 3095.526123 0.000000 0.998194 0.000000 -0.060069 0.819927 0.819927 0.819927
5430.266113 0.000000 3065.776611 0.000000 0.722263 0.000000 -0.691618 0.935756 0.935756 0.935756
5465.326660 0.000000 3031.834473 0.000000 0.739360 0.000000 -0.673310 0.925402 0.925402 0.925402
5457.261230 0.000000 3013.368164 0.000000 0.446366 0.000000 0.894851 0.591965 0.591965 0.591965
5417.280762 0.000000 3025.110107 0.000000 0.212329 0.000000 0.977198 0.542557 0.542557 0.542557
5427.744629 0.000000 2995.589111 0.000000 0.846115 0.000000 -0.533000 1.005460 1.005460 1.005460
5399.876953 0.000000 3050.693604 0.000000 0.202675 0.000000 0.979246 0.540684 0.540684 0.540684
5432.538086 0.000000 3038.353760 0.000000 0.885180 0.000000 -0.465249 0.869588 0.869588 0.869588
5437.539062 0.000000 3037.249512 0.000000 0.678424 0.000000 0.734671 0.654969 0.654969 0.654969
5456.232910 0.000000 3037.264404 0.000000 0.276786 0.000000 0.960932 0.354156 0.354156 0.354156
5427.990723 0.000000 3087.351074 0.000000 0.971879 0.000000 0.235481 0.754897 0.754897 0.754897
5412.536133 0.000000 3026.223145 0.000000 0.999811 0.000000 0.019432 0.797244 0.797244 0.797244
5412.256836 0.000000 3093.796143 0.000000 0.299795 0.000000 -0.954004 1.045327 1.045327 1.045327
5433.208984 0.000000 3004.154541 0.000000 0.084029 0.000000 -0.996463 1.263200 1.263200 1.263200
5421.625977 0.000000 3037.116943 0.000000 0.392881 0.000000 -0.919589 0.998122 0.998122 0.998122
5417.620117 0.000000 3066.468994 0.000000 0.651373 0.000000 0.758758 0.627957 0.627957 0.627957
5404.874512 0.000000 3068.664062 0.000000 0.915242 0.000000 -0.402905 0.881167 0.881167 0.881167
5423.242676 0.000000 3023.590332 0.000000 0.240480 0.000000 0.970654 0.609041 0.609041 0.609041
5403.030273 0.000000 3057.952637 0.000000 0.603651 0.000000 -0.797248 0.969547 0.969547 0.969547
5455.707031 0.000000 3049.413574 0.000000 0.108889 0.000000 -0.994054 1.007274 1.007274 1.007274
5414.392578 0.000000 3053.184570 0.000000 0.883050 0.000000 0.469279 0.704391 0.704391 0.704391
5440.296875 0.000000 3064.748047 0.000000 0.229291 0.000000 -0.973358 1.008665 1.008665 1.008665
5438.969238 0.000000 3009.106689 0.000000 0.999901 0.000000 0.014039 0.797336 0.797336 0.797336
5410.548340 0.000000 3051.017090 0.000000 0.833993 0.000000 -0.551775 0.889887 0.889887 0.889887
5452.729004 0.000000 3006.855225 0.000000 0.995458 0.000000 0.095205 0.768959 0.768959 0.768959
5421.624512 0.000000 3073.935059 0.000000 0.200289 0.000000 -0.979737 1.010557 1.010557 1.010557
5446.160645 0.000000 3000.693359 0.000000 0.997543 0.000000 0.070056 0.790198 0.790198 0.790198
5466.200684 0.000000 3045.947266 0.000000 0.815781 0.000000 0.578361 0.682985 0.682985 0.682985
5473.317871 0.000000 3033.831055 0.000000 0.693387 0.000000 0.720566 0.677867 0.677867 0.677867
5429.056152 0.000000 3005.916992 0.000000 0.342839 0.000000 0.939394 0.402549 0.402549 0.402549
5414.064941 0.000000 3097.760010 0.000000 0.591556 0.000000 0.806264 0.607078 0.607078 0.607078
5423.304688 0.000000 3050.627441 0.000000 0.222395 0.000000 0.974957 0.576785 0.576785 0.576785
5412.435547 0.000000 3005.831543 0.000000 0.822764 0.000000 -0.568383 0.897800 0.897800 0.897800
5427.194824 0.000000 2997.731201 0.000000 0.042607 0.000000 -0.999092 1.428739 1.428739 1.428739
5413.725586 0.000000 2998.496826 0.000000 0.350145 0.000000 0.936695 0.603754 0.603754 0.603754
5401.015625 0.000000 3007.403076 0.000000 0.870881 0.000000 -0.491494 0.897488 0.897488 0.897488
5423.729492 0.000000 3090.779785 0.000000 0.983544 0.000000 -0.180668 0.829752 0.829752 0.829752
5441.275879 0.000000 3039.544434 0.000000 0.686547 0.000000 -0.727085 0.947956 0.947956 0.947956
5442.506836 0.000000 3088.299561 0.000000 0.388886 0.000000 -0.921286 1.050328 1.050328 1.050328
5424.780762 0.000000 3020.795654 0.000000 0.141652 0.000000 0.989917 0.528928 0.528928 0.528928
5420.882324 0.000000 3041.721924 0.000000 0.072899 0.000000 -0.997339 1.018382 1.018382 1.018382
5403.796875 0.000000 3018.397217 0.000000 0.812427 0.000000 0.583063 0.703025 0.703025 0.703025
5443.271973 0.000000 3094.141846 0.000000 0.059144 0.000000 0.998249 0.332046 0.332046 0.332046
5397.931641 0.000000 3049.659668 0.000000 0.929932 0.000000 0.367731 0.735320 0.735320 0.735320
5440.627441 0.000000 3005.738037 0.000000 0.908903 0.000000 0.417008 0.726116 0.726116 0.726116
5436.121582 0.000000 3068.865723 0.000000 0.892940 0.000000 0.450175 0.726322 0.726322 0.726322
5443.885254 0.000000 3090.121582 0.000000 0.317803 0.000000 0.948157 0.369001 0.369001 0.369001
5406.229980 0.000000 3041.580811 0.000000 0.893220 0.000000 -0.449620 0.884757 0.884757 0.884757
5400.619141 0.000000 3061.185791 0.000000 0.935219 0.000000 0.354071 0.742896 0.742896 0.742896
5436.202637 0.000000 3095.625488 0.000000 0.055220 0.000000 -0.998474 1.314575 1.314575 1.314575
5458.027832 0.000000 3041.780273 0.000000 0.996906 0.000000 -0.078605 0.822945 0.822945 0.822945
5402.185547 0.000000 3064.979004 0.000000 0.330960 0.000000 -0.943645 1.024183 1.024183 1.024183
5412.386230 0.000000 3001.698975 0.000000 0.022500 0.000000 0.999747 0.515507 0.515507 0.515507
5421.057129 0.000000 3054.364746 0.000000 0.936753 0.000000 0.349990 0.729301 0.729301 0.729301
5395.270508 0.000000 3032.736816 0.000000 0.997370 0.000000 0.072480 0.785801 0.785801 0.785801
5450.829590 0.000000 3010.519043 0.000000 0.986339 0.000000 0.164729 0.764635 0.764635 0.764635
5424.869141 0.000000 2998.243896 0.000000 0.718648 0.000000 0.695374 0.497456 0.497456 0.497456
5427.262207 0.000000 3081.806641 0.000000 0.737161 0.000000 -0.675717 0.948183 0.948183 0.948183
5461.879395 0.000000 3037.665039 0.000000 0.991098 0.000000 0.133132 0.749329 0.749329 0.749329
5415.453613 0.000000 3031.428467 0.000000 0.675815 0.000000 -0.737071 0.932413 0.932413 0.932413
5457.666504 0.000000 3023.931396 0.000000 0.282798 0.000000 0.959180 0.584571 0.584571 0.584571
5434.986816 0.000000 2997.631104 0.000000 0.329631 0.000000 -0.944110 1.034304 1.034304 1.034304
5441.550781 0.000000 3013.477295 0.000000 0.574147 0.000000 -0.818752 0.982003 0.982003 0.982003
5431.862793 0.000000 3023.798584 0.000000 0.317509 0.000000 0.948255 0.593169 0.593169 0.593169
5398.529297 0.000000 3046.750732 0.000000 0.570284 0.000000 -0.821448 1.063756 1.063756 1.063756
5459.284668 0.000000 3044.511719 0.000000 0.175017 0.000000 0.984565 0.513053 0.513053 0.513053
5424.315918 0.000000 3088.580322 0.000000 0.617468 0.000000 -0.786596 0.948260 0.948260 0.948260
5461.082031 0.000000 3027.133057 0.000000 0.086241 0.000000 0.996274 0.509450 0.509450 0.509450
5424.537109 0.000000 3018.708252 0.000000 0.153224 0.000000 -0.988192 1.034892 1.034892 1.034892
5404.272949 0.000000 3078.310059 0.000000 0.598045 0.000000 0.801462 0.623594 0.623594 0.623594
5401.423340 0.000000 3081.160156 0.000000 0.966202 0.000000 0.257785 0.750530 0.750530 0.750530
5430.252930 0.000000 3021.580811 0.000000 0.997422 0.000000 0.071756 0.787091 0.787091 0.787091
5479.014648 0.000000 3039.462891 0.000000 0.474280 0.000000 0.880374 0.615072 0.615072 0.615072
5415.193848 0.000000 3087.091797 0.000000 0.638304 0.000000 0.769784 0.652615 0.652615 0.652615
5474.598633 0.000000 3036.944824 0.000000 0.624669 0.000000 0.780889 0.544073 0.544073 0.544073
5427.039062 0.000000 3085.500977 0.000000 0.970527 0.000000 0.240991 0.753820 0.753820 0.753820
5415.979492 0.000000 3080.848389 0.000000 0.995659 0.000000 -0.093076 0.825691 0.825691 0.825691
5406.495605 0.000000 3067.477539 0.000000 0.995929 0.000000 0.090136 0.784136 0.784136 0.784136
5402.547363 0.000000 3060.447510 0.000000 0.944795 0.000000 -0.327661 0.863340 0.863340 0.863340
5427.697266 0.000000 3002.204102 0.000000 0.376152 0.000000 -0.926558 1.062742 1.062742 1.062742
5419.400391 0.000000 3098.385498 0.000000 0.188595 0.000000 -0.982055 1.064798 1.064798 1.064798
5406.646484 0.000000 3081.120117 0.000000 0.394745 0.000000 0.918791 0.590588 0.590588 0.590588
5415.885254 0.000000 3059.200928 0.000000 0.624285 0.000000 0.781197 0.629885 0.629885 0.629885
5417.420898 0.000000 3052.411865 0.000000 0.816951 0.000000 -0.576707 0.920313 0.920313 0.920313
5412.795898 0.000000 3073.899658 0.000000 0.831530 0.000000 0.555481 0.685903 0.685903 0.685903
5402.162109 0.000000 3040.880615 0.000000 0.645823 0.000000 0.763487 0.529341 0.529341 0.529341
5459.570801 0.000000 3021.856689 0.000000 0.337246 0.000000 -0.941417 1.049923 1.049923 1.049923
5404.282715 0.000000 3074.556885 0.000000 0.819762 0.000000 -0.572704 0.904741 0.904741 0.904741
5398.159668 0.000000 3035.269043 0.000000 0.454342 0.000000 0.890827 0.582666 0.582666 0.582666
5442.367188 0.000000 3092.377930 0.000000 0.245137 0.000000 -0.969488 1.323238 1.323238 1.323238
5431.422363 0.000000 3003.148926 0.000000 0.404401 0.000000 0.914582 0.456442 0.456442 0.456442
5424.083496 0.000000 3000.790039 0.000000 0.224804 0.000000 0.974404 0.426869 0.426869 0.426869
5427.656738 0.000000 3078.148926 0.000000 0.997298 0.000000 0.073462 0.786636 0.786636 0.786636
5431.961914 0.000000 3092.416260 0.000000 0.019948 0.000000 -0.999801 1.075670 1.075670 1.075670
5467.294922 0.000000 3031.752441 0.000000 0.756295 0.000000 0.654231 0.668959 0.668959 0.668959
5446.834961 0.000000 3042.331299 0.000000 0.091346 0.000000 -0.995819 1.065910 1.065910 1.065910
5394.511230 0.000000 3029.188232 0.000000 0.560694 0.000000 -0.828023 1.066938 1.066938 1.066938
5468.636719 0.000000 2996.148438 0.000000 0.303993 0.000000 -0.952674 1.067157 1.067157 1.067157
5395.878418 0.000000 3030.814697 0.000000 0.985795 0.000000 0.167955 0.764947 0.764947 0.764947
5477.651367 0.000000 3037.188721 0.000000 0.990433 0.000000 0.137995 0.759632 0.759632 0.759632
5445.435059 0.000000 3040.131348 0.000000 0.951861 0.000000 0.306531 0.740888 0.740888 0.740888
5461.338379 0.000000 3025.004639 0.000000 0.937951 0.000000 -0.346768 0.868605 0.868605 0.868605
5417.551758 0.000000 3095.521484 0.000000 0.152881 0.000000 -0.988245 1.207623 1.207623 1.207623
5451.070312 0.000000 3098.420166 0.000000 0.154924 0.000000 0.987926 0.412758 0.412758 0.412758
5407.668945 0.000000 3074.820557 0.000000 0.998099 0.000000 -0.061628 0.813671 0.813671 0.813671
5445.409668 0.000000 3043.871826 0.000000 0.988375 0.000000 -0.152036 0.828959 0.828959 0.828959
5452.771484 0.000000 3101.822754 0.000000 0.479958 0.000000 0.877291 0.579845 0.579845 0.579845
5434.323730 0.000000 3039.285156 0.000000 0.999999 0.000000 0.001630 0.799691 0.799691 0.799691
5447.694824 0.000000 3002.233398 0.000000 0.913951 0.000000 0.405824 0.720712 0.720712 0.720712
5460.524414 0.000000 2999.977051 0.000000 0.344824 0.000000 -0.938667 1.084792 1.084792 1.084792
5408.016602 0.000000 3079.809570 0.000000 0.891352 0.000000 -0.453313 0.889267 0.889267 0.889267
5449.646484 0.000000 3005.205078 0.000000 0.000554 0.000000 -1.000000 1.132432 1.132432 1.132432
5459.855957 0.000000 3031.631592 0.000000 0.000132 0.000000 -1.000000 1.110562 1.110562 1.110562
5439.971680 0.000000 3089.689209 0.000000 0.868211 0.000000 0.496196 0.633045 0.633045 0.633045
5406.671875 0.000000 3071.469482 0.000000 0.946107 0.000000 -0.323854 0.888264 0.888264 0.888264
5448.396484 0.000000 3007.701172 0.000000 0.412704 0.000000 0.910865 0.514051 0.514051 0.514051
5414.977051 0.000000 3055.413086 0.000000 0.781346 0.000000 -0.624098 0.937301 0.937301 0.937301
5424.436523 0.000000 3080.082520 0.000000 0.514672 0.000000 -0.857387 1.003692 1.003692 1.003692
5459.264160 0.000000 3040.272949 0.000000 0.779899 0.000000 0.625905 0.602796 0.602796 0.602796
5401.376465 0.000000 3047.273438 0.000000 0.731988 0.000000 0.681318 0.620354 0.620354 0.620354
5463.062012 0.000000 3043.572510 0.000000 0.999975 0.000000 -0.007053 0.802211 0.802211 0.802211
5403.055664 0.000000 3037.403076 0.000000 0.978523 0.000000 0.206140 0.756044 0.756044 0.756044
5458.237305 0.000000 3037.540771 0.000000 0.887357 0.000000 -0.461083 0.981850 0.981850 0.981850
5437.044922 0.000000 3089.708008 0.000000 0.784647 0.000000 0.619943 0.584986 0.584986 0.584986
5467.046387 0.000000 2999.224121 0.000000 0.990480 0.000000 0.137656 0.765248 0.765248 0.765248
5474.619141 0.000000 3035.062500 0.000000 0.994480 0.000000 0.104925 0.773967 0.773967 0.773967
5453.064453 0.000000 3099.643066 0.000000 0.735956 0.000000 0.677029 0.593532 0.593532 0.593532
5465.472656 0.000000 2998.294189 0.000000 0.907505 0.000000 0.420042 0.677058 0.677058 0.677058
5399.838379 0.000000 3043.866943 0.000000 0.035746 0.000000 -0.999361 1.189362 1.189362 1.189362
5462.793945 0.000000 3039.494629 0.000000 0.390042 0.000000 -0.920797 1.117833 1.117833 1.117833
5421.592773 0.000000 2997.720703 0.000000 0.120260 0.000000 0.992742 0.377113 0.377113 0.377113
5458.229492 0.000000 3033.723389 0.000000 0.974303 0.000000 0.225241 0.736475 0.736475 0.736475
5461.373535 0.000000 3041.414795 0.000000 0.475385 0.000000 0.879778 0.462792 0.462792 0.462792
5415.468750 0.000000 3082.932617 0.000000 0.569763 0.000000 0.821809 0.555335 0.555335 0.555335
5447.060547 0.000000 3094.711914 0.000000 0.373397 0.000000 -0.927672 1.058654 1.058654 1.058654
5412.780273 0.000000 3088.500244 0.000000 0.584300 0.000000 -0.811538 1.000440 1.000440 1.000440
5417.503906 0.000000 3056.610840 0.000000 0.833088 0.000000 -0.553140 0.932282 0.932282 0.932282
5450.211426 0.000000 3008.800049 0.000000 0.959381 0.000000 -0.282114 0.889108 0.889108 0.889108
5394.471191 0.000000 3025.721924 0.000000 0.996075 0.000000 0.088513 0.780529 0.780529 0.780529
5413.610840 0.000000 3083.487305 0.000000 0.497843 0.000000 0.867267 0.485529 0.485529 0.485529
5395.665039 0.000000 3024.231201 0.000000 0.814220 0.000000 0.580557 0.663917 0.663917 0.663917
5397.494141 0.000000 3027.032715 0.000000 0.956196 0.000000 -0.292728 0.864674 0.864674 0.864674
5453.487305 0.000000 3004.316406 0.000000 0.997166 0.000000 0.075238 0.781951 0.781951 0.781951
5410.248047 0.000000 3080.374512 0.000000 0.190717 0.000000 -0.981645 1.158020 1.158020 1.158020
5460.943359 0.000000 2996.290039 0.000000 0.491071 0.000000 -0.871120 1.203399 1.203399 1.203399
5417.729004 0.000000 3097.927734 0.000000 0.489827 0.000000 -0.871820 1.066476 1.066476 1.066476
5415.279785 0.000000 3076.085693 0.000000 0.418001 0.000000 0.908446 0.451778 0.451778 0.451778
5433.171875 0.000000 3005.875977 0.000000 0.999366 0.000000 0.035597 0.788907 0.788907 0.788907
5418.712891 0.000000 3075.782227 0.000000 0.748968 0.000000 -0.662607 1.025668 1.025668 1.025668
5430.559570 0.000000 3006.983887 0.000000 0.539164 0.000000 0.842201 0.482010 0.482010 0.482010
5439.108887 0.000000 3093.829590 0.000000 0.139323 0.000000 0.990247 0.116918 0.116918 0.116918
5418.064941 0.000000 3093.300293 0.000000 0.579848 0.000000 0.814725 0.556559 0.556559 0.556559
5459.332520 0.000000 3035.261475 0.000000 0.775765 0.000000 0.631021 0.553143 0.553143 0.553143
5417.633789 0.000000 3069.924072 0.000000 0.596181 0.000000 0.802850 0.567307 0.567307 0.567307
5480.055176 0.000000 3035.920166 0.000000 0.044434 0.000000 -0.999012 1.223739 1.223739 1.223739
5459.721680 0.000000 3038.582520 0.000000 0.157580 0.000000 0.987506 0.292181 0.292181 0.292181
5445.438477 0.000000 3093.484619 0.000000 0.948907 0.000000 -0.315556 0.898104 0.898104 0.898104
5456.245605 0.000000 3034.231201 0.000000 0.735700 0.000000 -0.677307 1.019948 1.019948 1.019948
5462.076660 0.000000 2999.094971 0.000000 0.437423 0.000000 0.899256 0.511937 0.511937 0.511937
5432.530273 0.000000 3090.384033 0.000000 0.944375 0.000000 0.328871 0.696929 0.696929 0.696929
5435.969238 0.000000 3092.885742 0.000000 0.250039 0.000000 0.968236 0.262967 0.262967 0.262967
5451.578125 0.000000 3096.049316 0.000000 0.771300 0.000000 -0.636472 0.992910 0.992910 0.992910
5442.287109 0.000000 3000.347168 0.000000 0.653723 0.000000 -0.756734 1.033136 1.033136 1.033136
5401.354492 0.000000 3044.427734 0.000000 0.738892 0.000000 0.673824 0.600645 0.600645 0.600645
5493.809082 0.000000 3038.889160 0.000000 0.980237 0.000000 -0.197826 0.805568 0.805568 0.805568
5493.204102 0.000000 3079.170166 0.000000 0.979904 0.000000 0.199470 0.788770 0.788770 0.788770
5499.811035 0.000000 3070.162842 0.000000 0.765722 0.000000 -0.643172 0.862790 0.862790 0.862790
5484.905762 0.000000 3030.867920 0.000000 0.707974 0.000000 -0.706239 0.925294 0.925294 0.925294
5501.566406 0.000000 3079.453613 0.000000 0.509718 0.000000 -0.860341 1.178630 1.178630 1.178630
5491.516113 0.000000 3034.757324 0.000000 0.999872 0.000000 -0.016020 0.802880 0.802880 0.802880
5502.971680 0.000000 3080.848389 0.000000 0.703486 0.000000 -0.710709 0.946831 0.946831 0.946831
5485.151855 0.000000 3035.269043 0.000000 0.971113 0.000000 0.238620 0.732629 0.732629 0.732629
5498.854492 0.000000 3077.536133 0.000000 0.999305 0.000000 0.037272 0.786300 0.786300 0.786300
5494.661133 0.000000 3074.820557 0.000000 0.939803 0.000000 -0.341716 0.874528 0.874528 0.874528
5495.008789 0.000000 3079.809570 0.000000 0.940919 0.000000 0.338632 0.735143 0.735143 0.735143
5485.979004 0.000000 3032.941162 0.000000 0.534142 0.000000 -0.845395 1.035384 1.035384 1.035384
5497.285156 0.000000 3076.730957 0.000000 0.803930 0.000000 0.594724 0.583745 0.583745 0.583745
5497.240234 0.000000 3080.374512 0.000000 0.826460 0.000000 0.562995 0.665037 0.665037 0.665037
5502.271973 0.000000 3076.085693 0.000000 0.995178 0.000000 -0.098082 0.827077 0.827077 0.827077
5483.289551 0.000000 3037.150635 0.000000 0.298641 0.000000 -0.954365 1.139228 1.139228 1.139228
5475.358887 0.000000 3130.700195 0.000000 0.837496 0.000000 -0.546443 0.813856 0.813856 0.813856
5447.667480 0.000000 3112.878174 0.000000 0.624840 0.000000 0.780753 0.771372 0.771372 0.771372
5441.846680 0.000000 3176.825928 0.000000 0.534203 0.000000 -0.845356 0.830175 0.830175 0.830175
5416.898438 0.000000 3110.950439 0.000000 0.497085 0.000000 0.867702 0.768527 0.768527 0.768527
5459.431152 0.000000 3114.497070 0.000000 0.966100 0.000000 -0.258167 0.814081 0.814081 0.814081
5476.104980 0.000000 3182.762695 0.000000 0.986347 0.000000 0.164682 0.788436 0.788436 0.788436
5448.500000 0.000000 3116.570801 0.000000 0.823290 0.000000 -0.567621 0.834961 0.834961 0.834961
5457.652344 0.000000 3146.340576 0.000000 0.989528 0.000000 -0.144338 0.809257 0.809257 0.809257
5419.895020 0.000000 3108.642090 0.000000 0.525748 0.000000 0.850640 0.716705 0.716705 0.716705
5463.132812 0.000000 3148.656738 0.000000 0.908678 0.000000 -0.417498 0.836128 0.836128 0.836128
5470.901367 0.000000 3135.294678 0.000000 0.781318 0.000000 0.624133 0.738076 0.738076 0.738076
5472.625000 0.000000 3132.314453 0.000000 0.370925 0.000000 -0.928663 0.899888 0.899888 0.899888
5441.276855 0.000000 3173.708496 0.000000 0.598930 0.000000 -0.800801 0.863060 0.863060 0.863060
5469.881836 0.000000 3141.197510 0.000000 0.660292 0.000000 0.751009 0.725339 0.725339 0.725339
5466.740234 0.000000 3140.675293 0.000000 0.160341 0.000000 0.987062 0.676112 0.676112 0.676112
5420.994629 0.000000 3183.092041 0.000000 0.992795 0.000000 -0.119827 0.811035 0.811035 0.811035
5431.720215 0.000000 3175.157959 0.000000 0.478412 0.000000 -0.878136 0.900624 0.900624 0.900624
5441.595215 0.000000 3108.893066 0.000000 0.909258 0.000000 0.416233 0.740839 0.740839 0.740839
5454.792480 0.000000 3109.908936 0.000000 0.788335 0.000000 -0.615247 0.875443 0.875443 0.875443
5441.202148 0.000000 3106.054932 0.000000 0.667842 0.000000 0.744303 0.677604 0.677604 0.677604
5420.517090 0.000000 3106.247314 0.000000 0.538447 0.000000 -0.842659 0.938113 0.938113 0.938113
5417.946777 0.000000 3103.314697 0.000000 0.844955 0.000000 0.534837 0.707580 0.707580 0.707580
5436.774414 0.000000 3108.668945 0.000000 0.489111 0.000000 0.872222 0.632794 0.632794 0.632794
5478.567383 0.000000 3180.853271 0.000000 0.605337 0.000000 -0.795969 0.961803 0.961803 0.961803
5423.299805 0.000000 3103.746338 0.000000 0.966655 0.000000 0.256082 0.757071 0.757071 0.757071
5430.803223 0.000000 3102.561523 0.000000 0.807663 0.000000 -0.589645 0.883127 0.883127 0.883127
5425.729492 0.000000 3108.890137 0.000000 0.993002 0.000000 -0.118097 0.815367 0.815367 0.815367
5439.230957 0.000000 3174.764160 0.000000 0.582014 0.000000 -0.813179 0.927070 0.927070 0.927070
5420.419434 0.000000 3176.963135 0.000000 0.722492 0.000000 -0.691379 0.918925 0.918925 0.918925
5457.173828 0.000000 3113.384033 0.000000 0.971984 0.000000 -0.235046 0.834119 0.834119 0.834119
5431.848633 0.000000 3181.377197 0.000000 0.916900 0.000000 -0.399117 0.874618 0.874618 0.874618
5452.729004 0.000000 3113.839600 0.000000 0.041040 0.000000 -0.999157 1.090250 1.090250 1.090250
5421.624512 0.000000 3180.919434 0.000000 0.993884 0.000000 0.110432 0.782319 0.782319 0.782319
5421.450195 0.000000 3110.160645 0.000000 0.810220 0.000000 0.586127 0.691180 0.691180 0.691180
5436.121582 0.000000 3175.850098 0.000000 0.980145 0.000000 -0.198281 0.837872 0.837872 0.837872
5422.142090 0.000000 3108.072266 0.000000 0.911627 0.000000 0.411019 0.734860 0.734860 0.734860
5428.541016 0.000000 3106.350342 0.000000 0.474100 0.000000 -0.880471 0.980662 0.980662 0.980662
5461.879395 0.000000 3144.649414 0.000000 0.939573 0.000000 -0.342350 0.866297 0.866297 0.866297
5434.986816 0.000000 3104.615479 0.000000 0.303072 0.000000 -0.952968 1.034572 1.034572 1.034572
5472.351074 0.000000 3136.780762 0.000000 0.505212 0.000000 -0.862995 0.987152 0.987152 0.987152
5477.355957 0.000000 3136.031982 0.000000 0.653165 0.000000 -0.757216 0.962992 0.962992 0.962992
5422.601562 0.000000 3111.996826 0.000000 0.891314 0.000000 -0.453386 0.889283 0.889283 0.889283
5473.935059 0.000000 3137.992676 0.000000 0.888783 0.000000 0.458329 0.714418 0.714418 0.714418
5437.511719 0.000000 3167.433105 0.000000 0.927262 0.000000 0.374412 0.727186 0.727186 0.727186
5428.904785 0.000000 3176.809814 0.000000 0.647844 0.000000 0.761773 0.601084 0.601084 0.601084
5426.657715 0.000000 3180.016357 0.000000 0.203363 0.000000 -0.979103 1.261072 1.261072 1.261072
5433.605469 0.000000 3106.855225 0.000000 0.791693 0.000000 0.610919 0.679238 0.679238 0.679238
5479.666016 0.000000 3139.613281 0.000000 0.023577 0.000000 -0.999722 1.090475 1.090475 1.090475
5437.302734 0.000000 3174.286133 0.000000 0.965512 0.000000 0.260359 0.750024 0.750024 0.750024
5480.454590 0.000000 3181.395264 0.000000 0.404383 0.000000 -0.914590 1.019051 1.019051 1.019051
5431.131836 0.000000 3179.682617 0.000000 0.964886 0.000000 0.262668 0.739484 0.739484 0.739484
5425.396973 0.000000 3181.158447 0.000000 0.536802 0.000000 0.843708 0.529253 0.529253 0.529253
5427.996094 0.000000 3180.918457 0.000000 0.066193 0.000000 0.997807 0.292162 0.292162 0.292162
5503.890625 0.000000 3110.950439 0.000000 0.886586 0.000000 0.462564 0.782712 0.782712 0.782712
5481.849609 0.000000 3190.858154 0.000000 0.369505 0.000000 -0.929229 0.842864 0.842864 0.842864
5508.073242 0.000000 3156.845215 0.000000 0.857405 0.000000 -0.514642 0.830231 0.830231 0.830231
5502.780273 0.000000 3151.525146 0.000000 0.394596 0.000000 -0.918855 0.895412 0.895412 0.895412
5566.400391 0.000000 3183.030518 0.000000 0.413057 0.000000 0.910705 0.722248 0.722248 0.722248
5494.168945 0.000000 3135.489746 0.000000 0.871299 0.000000 -0.490753 0.838931 0.838931 0.838931
5481.493164 0.000000 3144.306396 0.000000 0.924257 0.000000 -0.381771 0.835205 0.835205 0.835205
5491.860352 0.000000 3158.839111 0.000000 0.245260 0.000000 -0.969457 0.918906 0.918906 0.918906
5496.780762 0.000000 3176.877686 0.000000 0.215758 0.000000 0.976447 0.662151 0.662151 0.662151
5483.604980 0.000000 3185.247559 0.000000 0.724422 0.000000 0.689357 0.708854 0.708854 0.708854
5503.988770 0.000000 3113.598145 0.000000 0.945582 0.000000 0.325385 0.766242 0.766242 0.766242
5490.121582 0.000000 3154.791992 0.000000 0.828749 0.000000 -0.559621 0.875918 0.875918 0.875918
5487.934082 0.000000 3183.886475 0.000000 0.716385 0.000000 -0.697705 0.880197 0.880197 0.880197
5480.515625 0.000000 3183.456055 0.000000 0.859047 0.000000 0.511897 0.727016 0.727016 0.727016
5499.973633 0.000000 3131.012939 0.000000 0.893699 0.000000 -0.448667 0.852039 0.852039 0.852039
5503.289062 0.000000 3171.081055 0.000000 0.205463 0.000000 -0.978665 0.987953 0.987953 0.987953
5504.759766 0.000000 3165.596680 0.000000 0.943769 0.000000 0.330605 0.754239 0.754239 0.754239
5496.296387 0.000000 3134.319580 0.000000 0.064727 0.000000 -0.997903 1.010552 1.010552 1.010552
5489.491211 0.000000 3174.048096 0.000000 0.156278 0.000000 -0.987713 0.980726 0.980726 0.980726
5493.241699 0.000000 3163.852295 0.000000 0.662485 0.000000 0.749075 0.666412 0.666412 0.666412
5498.690918 0.000000 3126.958008 0.000000 0.511621 0.000000 -0.859211 0.934199 0.934199 0.934199
5496.852539 0.000000 3116.537109 0.000000 0.993403 0.000000 0.114677 0.781637 0.781637 0.781637
5501.152832 0.000000 3156.913574 0.000000 0.200149 0.000000 0.979765 0.573012 0.573012 0.573012
5503.604492 0.000000 3134.263916 0.000000 0.872181 0.000000 0.489184 0.706078 0.706078 0.706078
5500.418457 0.000000 3164.557861 0.000000 0.998363 0.000000 -0.057194 0.809143 0.809143 0.809143
5486.230957 0.000000 3188.734619 0.000000 0.197399 0.000000 0.980323 0.564326 0.564326 0.564326
5495.835449 0.000000 3170.204102 0.000000 0.191886 0.000000 -0.981417 1.306298 1.306298 1.306298
5483.288086 0.000000 3145.785889 0.000000 0.337690 0.000000 0.941257 0.613854 0.613854 0.613854
5494.534668 0.000000 3143.671387 0.000000 0.792942 0.000000 -0.609298 0.895523 0.895523 0.895523
5496.845703 0.000000 3122.609375 0.000000 0.886903 0.000000 -0.461956 0.883439 0.883439 0.883439
5498.417969 0.000000 3138.375977 0.000000 0.945871 0.000000 -0.324543 0.849511 0.849511 0.849511
5491.866699 0.000000 3175.648438 0.000000 0.999753 0.000000 -0.022204 0.803459 0.803459 0.803459
5497.540527 0.000000 3158.001465 0.000000 0.757131 0.000000 -0.653264 0.923697 0.923697 0.923697
5499.396484 0.000000 3123.021973 0.000000 0.760443 0.000000 0.649405 0.665893 0.665893 0.665893
5493.979980 0.000000 3160.537109 0.000000 0.967565 0.000000 -0.252624 0.841826 0.841826 0.841826
5489.330566 0.000000 3137.695557 0.000000 0.621138 0.000000 -0.783701 0.972677 0.972677 0.972677
5488.077148 0.000000 3178.034668 0.000000 0.994201 0.000000 -0.107538 0.819583 0.819583 0.819583
5501.023926 0.000000 3116.121094 0.000000 0.990652 0.000000 -0.136416 0.825691 0.825691 0.825691
5480.630859 0.000000 3179.229248 0.000000 0.911507 0.000000 0.411284 0.719577 0.719577 0.719577
5499.395020 0.000000 3168.378418 0.000000 0.933817 0.000000 -0.357751 0.935181 0.935181 0.935181
5564.103027 0.000000 3166.497314 0.000000 0.645117 0.000000 0.764084 0.635000 0.635000 0.635000
5491.516113 0.000000 3141.741699 0.000000 0.654359 0.000000 -0.756184 0.966118 0.966118 0.966118
5494.097168 0.000000 3154.753418 0.000000 0.904578 0.000000 -0.426309 0.899395 0.899395 0.899395
5502.898438 0.000000 3124.527344 0.000000 0.957856 0.000000 0.287250 0.748792 0.748792 0.748792
5487.161621 0.000000 3136.581543 0.000000 0.967696 0.000000 0.252118 0.746042 0.746042 0.746042
5493.259766 0.000000 3167.641113 0.000000 0.995414 0.000000 -0.095658 0.820282 0.820282 0.820282
5502.217285 0.000000 3127.300293 0.000000 0.516945 0.000000 -0.856019 0.994959 0.994959 0.994959
5497.858398 0.000000 3119.098389 0.000000 0.693502 0.000000 -0.720454 0.952636 0.952636 0.952636
5495.438477 0.000000 3164.542725 0.000000 0.990140 0.000000 0.140079 0.767439 0.767439 0.767439
5493.487793 0.000000 3174.461914 0.000000 0.778995 0.000000 0.627031 0.671408 0.671408 0.671408
5502.071289 0.000000 3130.554443 0.000000 0.597316 0.000000 0.802006 0.623421 0.623421 0.623421
5498.207031 0.000000 3134.899658 0.000000 0.204996 0.000000 0.978763 0.560208 0.560208 0.560208
5502.877441 0.000000 3166.185303 0.000000 0.038955 0.000000 -0.999241 1.090646 1.090646 1.090646
5504.413086 0.000000 3159.396240 0.000000 0.968715 0.000000 -0.248177 0.847085 0.847085 0.847085
5496.490723 0.000000 3120.554932 0.000000 0.761503 0.000000 -0.648161 0.933797 0.933797 0.933797
5489.154297 0.000000 3147.864990 0.000000 0.969851 0.000000 0.243700 0.737557 0.737557 0.737557
5485.151855 0.000000 3142.253418 0.000000 0.831688 0.000000 -0.555244 0.923447 0.923447 0.923447
5500.831543 0.000000 3137.320068 0.000000 0.997362 0.000000 -0.072589 0.813785 0.813785 0.813785
5501.939453 0.000000 3168.455811 0.000000 0.085077 0.000000 -0.996374 1.185727 1.185727 1.185727
5486.152344 0.000000 3178.473389 0.000000 0.230174 0.000000 0.973149 0.546029 0.546029 0.546029
5481.503418 0.000000 3136.172607 0.000000 0.713198 0.000000 0.700963 0.638660 0.638660 0.638660
5482.870605 0.000000 3137.799072 0.000000 0.927965 0.000000 -0.372667 0.886186 0.886186 0.886186
5497.952637 0.000000 3154.288330 0.000000 0.976078 0.000000 0.217421 0.744845 0.744845 0.744845
5503.888184 0.000000 3155.864746 0.000000 0.722246 0.000000 -0.691636 0.944913 0.944913 0.944913
5495.104004 0.000000 3168.420654 0.000000 0.693780 0.000000 0.720187 0.493269 0.493269 0.493269
5566.349121 0.000000 3173.280273 0.000000 0.103057 0.000000 -0.994675 1.078451 1.078451 1.078451
5500.348145 0.000000 3155.189453 0.000000 0.997534 0.000000 -0.070186 0.813749 0.813749 0.813749
5490.047852 0.000000 3144.387451 0.000000 0.383121 0.000000 -0.923698 1.089295 1.089295 1.089295
5497.224121 0.000000 3173.018311 0.000000 0.008782 0.000000 -0.999961 1.280436 1.280436 1.280436
5494.743652 0.000000 3153.083984 0.000000 0.228050 0.000000 0.973650 0.510804 0.510804 0.510804
5496.949219 0.000000 3166.254150 0.000000 0.766207 0.000000 -0.642594 1.043921 1.043921 1.043921
5485.979004 0.000000 3139.925537 0.000000 0.126206 0.000000 0.992004 0.482703 0.482703 0.482703
5488.215820 0.000000 3140.214355 0.000000 0.753521 0.000000 0.657423 0.639526 0.639526 0.639526
5496.211914 0.000000 3156.547119 0.000000 0.973622 0.000000 0.228168 0.744370 0.744370 0.744370
5485.283203 0.000000 3136.176270 0.000000 0.673336 0.000000 -0.739336 0.996101 0.996101 0.996101
5498.509277 0.000000 3169.778809 0.000000 0.543091 0.000000 -0.839674 1.168263 1.168263 1.168263
5567.570801 0.000000 2586.026855 0.000000 0.169332 0.000000 -0.985559 0.833569 0.833569 0.833569
5581.989258 0.000000 2592.687988 0.000000 0.993448 0.000000 0.114287 0.795654 0.795654 0.795654
5582.899414 0.000000 2653.695312 0.000000 0.553177 0.000000 0.833064 0.742971 0.742971 0.742971
5580.196289 0.000000 2651.232666 0.000000 0.919372 0.000000 0.393388 0.770930 0.770930 0.770930
5589.028809 0.000000 2656.833984 0.000000 0.338358 0.000000 0.941017 0.694742 0.694742 0.694742
5582.024902 0.000000 2631.587891 0.000000 0.594022 0.000000 -0.804449 0.889612 0.889612 0.889612
5595.683594 0.000000 2637.094482 0.000000 0.665385 0.000000 -0.746500 0.874063 0.874063 0.874063
5577.269531 0.000000 2644.951172 0.000000 0.999998 0.000000 -0.002090 0.800221 0.800221 0.800221
5586.803223 0.000000 2642.225342 0.000000 0.324913 0.000000 -0.945744 0.913911 0.913911 0.913911
5567.507812 0.000000 2589.200195 0.000000 0.140489 0.000000 -0.990082 0.925652 0.925652 0.925652
5571.550293 0.000000 2645.256104 0.000000 0.308638 0.000000 -0.951180 0.968210 0.968210 0.968210
5574.234375 0.000000 2617.693604 0.000000 0.377802 0.000000 -0.925887 0.911084 0.911084 0.911084
5576.700195 0.000000 2585.375000 0.000000 0.917693 0.000000 0.397291 0.757568 0.757568 0.757568
5596.839355 0.000000 2653.193359 0.000000 0.487481 0.000000 0.873134 0.668544 0.668544 0.668544
5568.281250 0.000000 2635.267090 0.000000 0.298126 0.000000 -0.954526 0.941827 0.941827 0.941827
5595.301758 0.000000 2663.716309 0.000000 0.178728 0.000000 -0.983899 0.972259 0.972259 0.972259
5567.667969 0.000000 2623.389160 0.000000 0.993084 0.000000 -0.117404 0.811986 0.811986 0.811986
5579.929199 0.000000 2659.680664 0.000000 0.395275 0.000000 0.918563 0.632554 0.632554 0.632554
5574.974609 0.000000 2594.290527 0.000000 0.845459 0.000000 -0.534040 0.885514 0.885514 0.885514
5582.362305 0.000000 2589.862061 0.000000 0.178129 0.000000 -0.984007 0.997350 0.997350 0.997350
5574.297852 0.000000 2641.020264 0.000000 0.984855 0.000000 0.173383 0.778421 0.778421 0.778421
5572.415527 0.000000 2670.270020 0.000000 0.366253 0.000000 0.930515 0.635205 0.635205 0.635205
5571.897949 0.000000 2602.930420 0.000000 0.155476 0.000000 -0.987840 1.317060 1.317060 1.317060
5567.513184 0.000000 2638.393799 0.000000 0.515268 0.000000 -0.857029 0.956264 0.956264 0.956264
5576.874512 0.000000 2625.678467 0.000000 0.997815 0.000000 0.066076 0.791548 0.791548 0.791548
5587.221680 0.000000 2637.524414 0.000000 0.296425 0.000000 -0.955056 1.276804 1.276804 1.276804
5567.562012 0.000000 2620.506348 0.000000 0.585167 0.000000 -0.810913 0.918995 0.918995 0.918995
5575.639648 0.000000 2589.832764 0.000000 0.023732 0.000000 -0.999718 1.059548 1.059548 1.059548
5577.298340 0.000000 2656.295898 0.000000 0.722430 0.000000 -0.691444 0.903691 0.903691 0.903691
5575.969238 0.000000 2646.818359 0.000000 0.569904 0.000000 0.821712 0.617016 0.617016 0.617016
5594.022461 0.000000 2638.606445 0.000000 0.637030 0.000000 0.770839 0.636517 0.636517 0.636517
5573.861328 0.000000 2622.756104 0.000000 0.200274 0.000000 0.979740 0.616786 0.616786 0.616786
5583.837891 0.000000 2587.687500 0.000000 0.883466 0.000000 -0.468496 0.892514 0.892514 0.892514
5585.730469 0.000000 2631.472656 0.000000 0.275601 0.000000 0.961272 0.601371 0.601371 0.601371
5591.604492 0.000000 2638.531494 0.000000 0.791038 0.000000 -0.611767 1.044547 1.044547 1.044547
5581.494141 0.000000 2621.875488 0.000000 0.865593 0.000000 -0.500748 0.871229 0.871229 0.871229
5581.192871 0.000000 2655.708008 0.000000 0.852421 0.000000 0.522856 0.705497 0.705497 0.705497
5588.708984 0.000000 2667.434326 0.000000 0.637011 0.000000 0.770855 0.664639 0.664639 0.664639
5587.632324 0.000000 2640.185547 0.000000 0.331618 0.000000 0.943414 0.566096 0.566096 0.566096
5580.972168 0.000000 2625.615234 0.000000 0.754688 0.000000 0.656084 0.664220 0.664220 0.664220
5588.049316 0.000000 2669.822510 0.000000 0.998791 0.000000 0.049150 0.791653 0.791653 0.791653
5575.069336 0.000000 2643.112793 0.000000 0.417945 0.000000 0.908472 0.601981 0.601981 0.601981
5577.781250 0.000000 2590.459717 0.000000 0.404243 0.000000 0.914652 0.580920 0.580920 0.580920
5590.490234 0.000000 2640.701660 0.000000 0.812962 0.000000 0.582317 0.577783 0.577783 0.577783
5590.125488 0.000000 2663.669922 0.000000 0.594389 0.000000 0.804177 0.628328 0.628328 0.628328
5572.852539 0.000000 2596.017090 0.000000 0.896622 0.000000 0.442796 0.715713 0.715713 0.715713
5573.291992 0.000000 2666.099609 0.000000 0.992214 0.000000 -0.124545 0.823692 0.823692 0.823692
5569.736816 0.000000 2598.971680 0.000000 0.364596 0.000000 -0.931166 1.020054 1.020054 1.020054
5569.254883 0.000000 2604.799316 0.000000 0.004918 0.000000 -0.999988 1.394212 1.394212 1.394212
5567.705078 0.000000 2661.081299 0.000000 0.903773 0.000000 0.428013 0.714314 0.714314 0.714314
5586.387207 0.000000 2633.456543 0.000000 0.953104 0.000000 0.302644 0.710344 0.710344 0.710344
5581.479004 0.000000 2585.413574 0.000000 0.267211 0.000000 -0.963638 1.012955 1.012955 1.012955
5567.630371 0.000000 2631.241699 0.000000 0.554021 0.000000 0.832503 0.633017 0.633017 0.633017
5575.407715 0.000000 2653.222656 0.000000 0.146067 0.000000 -0.989275 1.033247 1.033247 1.033247
5573.835449 0.000000 2668.807373 0.000000 0.966106 0.000000 0.258144 0.750459 0.750459 0.750459
5577.197266 0.000000 2654.179932 0.000000 0.743484 0.000000 -0.668754 0.936063 0.936063 0.936063
5570.143066 0.000000 2668.201904 0.000000 0.942653 0.000000 -0.333774 0.868647 0.868647 0.868647
5573.998535 0.000000 2647.156006 0.000000 0.010293 0.000000 0.999947 0.503914 0.503914 0.503914
5601.641113 0.000000 2650.211426 0.000000 0.706036 0.000000 -0.708176 0.936734 0.936734 0.936734
5588.931641 0.000000 2633.533936 0.000000 0.983010 0.000000 0.183551 0.763869 0.763869 0.763869
5569.630371 0.000000 2665.344971 0.000000 0.313792 0.000000 0.949492 0.490029 0.490029 0.490029
5573.144531 0.000000 2643.551514 0.000000 0.006453 0.000000 -0.999979 1.096815 1.096815 1.096815
5579.678711 0.000000 2587.894043 0.000000 0.980683 0.000000 -0.195603 0.837354 0.837354 0.837354
5568.495605 0.000000 2601.250732 0.000000 0.975359 0.000000 0.220623 0.740909 0.740909 0.740909
5575.875977 0.000000 2650.698975 0.000000 0.308907 0.000000 0.951092 0.561547 0.561547 0.561547
5569.862793 0.000000 2602.877197 0.000000 0.987010 0.000000 -0.160661 0.857365 0.857365 0.857365
5570.766602 0.000000 2592.827148 0.000000 0.313158 0.000000 -0.949701 1.030101 1.030101 1.030101
5582.096191 0.000000 2633.498779 0.000000 0.368826 0.000000 0.929499 0.559336 0.559336 0.559336
5591.536133 0.000000 2667.583984 0.000000 0.262391 0.000000 -0.964962 1.047664 1.047664 1.047664
5597.464355 0.000000 2642.831055 0.000000 0.644514 0.000000 -0.764593 0.996441 0.996441 0.996441
5594.010254 0.000000 2644.553467 0.000000 0.906709 0.000000 0.421756 0.669566 0.669566 0.669566
5584.216309 0.000000 2638.096436 0.000000 0.398106 0.000000 0.917339 0.568052 0.568052 0.568052
5568.301758 0.000000 2669.034668 0.000000 0.759786 0.000000 -0.650174 0.956917 0.956917 0.956917
5572.971191 0.000000 2605.003662 0.000000 0.997270 0.000000 -0.073846 0.817715 0.817715 0.817715
5595.839355 0.000000 2649.745361 0.000000 0.952406 0.000000 -0.304832 0.870528 0.870528 0.870528
5571.478516 0.000000 2599.095215 0.000000 0.352393 0.000000 0.935852 0.534020 0.534020 0.534020
5570.925781 0.000000 2666.538818 0.000000 0.436142 0.000000 -0.899878 1.057127 1.057127 1.057127
5592.697266 0.000000 2647.844727 0.000000 0.145119 0.000000 -0.989414 1.141567 1.141567 1.141567
5588.890625 0.000000 2637.137939 0.000000 0.378178 0.000000 0.925733 0.351092 0.351092 0.351092
5591.618164 0.000000 2641.986572 0.000000 0.126448 0.000000 -0.991973 1.316241 1.316241 1.316241
5585.501465 0.000000 2634.856934 0.000000 0.904128 0.000000 0.427262 0.640411 0.640411 0.640411
5588.935547 0.000000 2641.159912 0.000000 0.308353 0.000000 -0.951272 1.181702 1.181702 1.181702
5602.748535 0.000000 2773.989014 0.000000 0.795418 0.000000 -0.606062 0.818206 0.818206 0.818206
5631.951660 0.000000 2699.658691 0.000000 0.780512 0.000000 -0.625141 0.820231 0.820231 0.820231
5615.831055 0.000000 2748.888428 0.000000 0.146429 0.000000 0.989221 0.760188 0.760188 0.760188
5626.701172 0.000000 2708.435547 0.000000 0.877007 0.000000 -0.480478 0.814014 0.814014 0.814014
5568.841797 0.000000 2762.920654 0.000000 0.032784 0.000000 0.999462 0.744708 0.744708 0.744708
5644.930176 0.000000 2719.307373 0.000000 0.951686 0.000000 -0.307072 0.813714 0.813714 0.813714
5577.584473 0.000000 2755.415527 0.000000 0.830057 0.000000 0.557678 0.772825 0.772825 0.772825
5618.178711 0.000000 2733.598145 0.000000 0.982215 0.000000 -0.187762 0.810563 0.810563 0.810563
5609.316895 0.000000 2716.729736 0.000000 0.411226 0.000000 -0.911533 0.875597 0.875597 0.875597
5568.168945 0.000000 2683.577148 0.000000 0.969331 0.000000 0.245758 0.784627 0.784627 0.784627
5621.051758 0.000000 2735.414307 0.000000 0.326280 0.000000 -0.945273 0.889044 0.889044 0.889044
5643.866211 0.000000 2713.260010 0.000000 0.954188 0.000000 -0.299208 0.821848 0.821848 0.821848
5567.854980 0.000000 2676.338623 0.000000 0.920239 0.000000 0.391356 0.761451 0.761451 0.761451
5600.770508 0.000000 2754.098389 0.000000 0.827545 0.000000 -0.561400 0.855954 0.855954 0.855954
5628.354980 0.000000 2750.736328 0.000000 0.808874 0.000000 0.587983 0.748529 0.748529 0.748529
5619.277344 0.000000 2695.702881 0.000000 0.851668 0.000000 0.524082 0.744913 0.744913 0.744913
5626.310059 0.000000 2759.565430 0.000000 0.362082 0.000000 -0.932146 0.905480 0.905480 0.905480
5617.665039 0.000000 2740.391357 0.000000 0.298603 0.000000 0.954378 0.645570 0.645570 0.645570
5618.835449 0.000000 2684.886719 0.000000 0.648416 0.000000 -0.761287 0.882954 0.882954 0.882954
5592.577148 0.000000 2750.391602 0.000000 0.479967 0.000000 -0.877287 0.917557 0.917557 0.917557
5605.696289 0.000000 2678.113525 0.000000 0.981730 0.000000 0.190280 0.782411 0.782411 0.782411
5642.373047 0.000000 2718.440674 0.000000 0.408808 0.000000 0.912620 0.657640 0.657640 0.657640
5592.272949 0.000000 2759.006592 0.000000 0.953052 0.000000 -0.302805 0.837480 0.837480 0.837480
5643.752441 0.000000 2721.647949 0.000000 0.126144 0.000000 0.992012 0.615383 0.615383 0.615383
5615.880859 0.000000 2738.333740 0.000000 0.332118 0.000000 -0.943238 0.964893 0.964893 0.964893
5574.926270 0.000000 2755.948975 0.000000 0.302670 0.000000 0.953095 0.643567 0.643567 0.643567
5595.301758 0.000000 2770.700684 0.000000 0.437395 0.000000 0.899269 0.650382 0.650382 0.650382
5567.507812 0.000000 2755.518555 0.000000 0.852337 0.000000 -0.522994 1.002253 1.002253 1.002253
5600.110352 0.000000 2768.605957 0.000000 0.383663 0.000000 0.923473 0.668354 0.668354 0.668354
5590.281250 0.000000 2743.143555 0.000000 0.521322 0.000000 -0.853360 0.947022 0.947022 0.947022
5638.721191 0.000000 2726.656982 0.000000 0.985537 0.000000 -0.169461 0.826187 0.826187 0.826187
5630.590332 0.000000 2761.823975 0.000000 0.272097 0.000000 0.962270 0.647375 0.647375 0.647375
5598.452637 0.000000 2748.190430 0.000000 0.877827 0.000000 0.478977 0.726178 0.726178 0.726178
5574.297852 0.000000 2748.004639 0.000000 0.346977 0.000000 0.937874 0.634791 0.634791 0.634791
5609.363770 0.000000 2733.645508 0.000000 0.246172 0.000000 -0.969226 1.013879 1.013879 1.013879
5592.948730 0.000000 2756.632080 0.000000 0.999757 0.000000 -0.022065 0.803041 0.803041 0.803041
5618.866211 0.000000 2693.346436 0.000000 0.238398 0.000000 -0.971168 1.004550 1.004550 1.004550
5624.565430 0.000000 2754.917969 0.000000 0.328789 0.000000 -0.944404 1.004856 1.004856 1.004856
5610.758789 0.000000 2680.731445 0.000000 0.921979 0.000000 0.387239 0.745996 0.745996 0.745996
5623.188477 0.000000 2690.890869 0.000000 0.989622 0.000000 0.143694 0.777537 0.777537 0.777537
5635.411133 0.000000 2761.035645 0.000000 0.772816 0.000000 -0.634630 0.923584 0.923584 0.923584
5610.004395 0.000000 2687.832520 0.000000 0.980481 0.000000 -0.196612 0.825296 0.825296 0.825296
5628.540039 0.000000 2706.810303 0.000000 0.999118 0.000000 -0.041987 0.805620 0.805620 0.805620
5615.760742 0.000000 2689.147217 0.000000 0.979817 0.000000 -0.199895 0.831352 0.831352 0.831352
5636.552246 0.000000 2707.537598 0.000000 0.977337 0.000000 0.211688 0.770605 0.770605 0.770605
5575.969238 0.000000 2753.802734 0.000000 0.974151 0.000000 -0.225897 0.832312 0.832312 0.832312
5634.374512 0.000000 2756.625244 0.000000 0.425925 0.000000 -0.904758 0.958095 0.958095 0.958095
5610.983398 0.000000 2684.159668 0.000000 0.863759 0.000000 -0.503906 0.900203 0.900203 0.900203
5632.316406 0.000000 2709.548340 0.000000 0.990328 0.000000 -0.138749 0.824465 0.824465 0.824465
5594.403809 0.000000 2749.025635 0.000000 0.689098 0.000000 -0.724668 0.953792 0.953792 0.953792
5599.255371 0.000000 2721.723633 0.000000 0.067243 0.000000 -0.997737 1.046234 1.046234 1.046234
5639.311035 0.000000 2710.881348 0.000000 0.107261 0.000000 -0.994231 1.068881 1.068881 1.068881
5606.522461 0.000000 2717.400635 0.000000 0.239722 0.000000 0.970842 0.595660 0.595660 0.595660
5626.666992 0.000000 2702.798096 0.000000 0.540527 0.000000 0.841327 0.610313 0.610313 0.610313
5607.193359 0.000000 2683.201416 0.000000 0.999064 0.000000 -0.043257 0.808210 0.808210 0.808210
5591.604492 0.000000 2745.515869 0.000000 0.970639 0.000000 -0.240541 0.846092 0.846092 0.846092
5569.887207 0.000000 2755.215820 0.000000 0.868186 0.000000 0.496239 0.626806 0.626806 0.626806
5639.724121 0.000000 2722.567871 0.000000 0.683296 0.000000 -0.730142 0.955306 0.955306 0.955306
5611.596191 0.000000 2732.363281 0.000000 0.984939 0.000000 -0.172902 0.832972 0.832972 0.832972
5595.608887 0.000000 2752.981934 0.000000 0.963602 0.000000 0.267340 0.752975 0.752975 0.752975
5570.462891 0.000000 2741.398193 0.000000 0.997791 0.000000 0.066424 0.786325 0.786325 0.786325
5598.242676 0.000000 2773.212646 0.000000 0.679350 0.000000 0.733814 0.658481 0.658481 0.658481
5640.185059 0.000000 2724.994141 0.000000 0.359863 0.000000 -0.933005 1.016183 1.016183 1.016183
5613.217773 0.000000 2736.090820 0.000000 0.998404 0.000000 0.056481 0.791761 0.791761 0.791761
5569.709961 0.000000 2737.602295 0.000000 0.717566 0.000000 -0.696490 0.924648 0.924648 0.924648
5622.129395 0.000000 2748.036621 0.000000 0.234913 0.000000 -0.972017 1.037065 1.037065 1.037065
5616.834473 0.000000 2685.954346 0.000000 0.808976 0.000000 0.587841 0.705872 0.705872 0.705872
5602.550781 0.000000 2720.603271 0.000000 0.544485 0.000000 0.838770 0.450236 0.450236 0.450236
5597.713867 0.000000 2769.826660 0.000000 0.322842 0.000000 -0.946453 1.035667 1.035667 1.035667
5590.490234 0.000000 2747.686035 0.000000 0.952305 0.000000 -0.305147 0.858836 0.858836 0.858836
5614.611816 0.000000 2684.784912 0.000000 0.435218 0.000000 -0.900325 1.012604 1.012604 1.012604
5617.639648 0.000000 2735.659668 0.000000 0.044377 0.000000 -0.999015 1.053033 1.053033 1.053033
5631.456055 0.000000 2759.379395 0.000000 0.548328 0.000000 0.836263 0.621968 0.621968 0.621968
5638.728516 0.000000 2719.044189 0.000000 0.674009 0.000000 -0.738723 0.957705 0.957705 0.957705
5611.003906 0.000000 2726.135498 0.000000 0.964251 0.000000 -0.264991 0.859457 0.859457 0.859457
5567.623047 0.000000 2751.291748 0.000000 0.178940 0.000000 -0.983860 1.111129 1.111129 1.111129
5622.801758 0.000000 2692.923584 0.000000 0.994062 0.000000 -0.108817 0.820688 0.820688 0.820688
5622.852539 0.000000 2699.191650 0.000000 0.971660 0.000000 0.236382 0.754721 0.754721 0.754721
5610.162598 0.000000 2735.858887 0.000000 0.088574 0.000000 0.996070 0.566150 0.566150 0.566150
5631.650879 0.000000 2702.978271 0.000000 0.986328 0.000000 -0.164795 0.826121 0.826121 0.826121
5603.783691 0.000000 2716.324463 0.000000 0.881173 0.000000 -0.472794 0.906224 0.906224 0.906224
5598.372070 0.000000 2719.599365 0.000000 0.522738 0.000000 0.852493 0.636908 0.636908 0.636908
5567.630371 0.000000 2738.226074 0.000000 0.603667 0.000000 -0.797237 0.975072 0.975072 0.975072
5635.729004 0.000000 2711.595215 0.000000 0.983966 0.000000 -0.178356 0.830083 0.830083 0.830083
5598.300293 0.000000 2767.627197 0.000000 0.319212 0.000000 -0.947683 1.036394 1.036394 1.036394
5635.066406 0.000000 2706.179932 0.000000 0.818525 0.000000 -0.574471 0.916111 0.916111 0.916111
5569.974121 0.000000 2748.275391 0.000000 0.996161 0.000000 0.087540 0.780568 0.780568 0.780568
5622.509277 0.000000 2697.137939 0.000000 0.291605 0.000000 0.956539 0.558105 0.558105 0.558105
5631.769531 0.000000 2755.424805 0.000000 0.997520 0.000000 0.070381 0.788183 0.788183 0.788183
5628.563477 0.000000 2703.633057 0.000000 0.988552 0.000000 0.150882 0.771262 0.771262 0.771262
5573.998535 0.000000 2754.140381 0.000000 0.962335 0.000000 0.271867 0.742260 0.742260 0.742260
5619.467285 0.000000 2739.538574 0.000000 0.298841 0.000000 0.954303 0.559542 0.559542 0.559542
5619.656250 0.000000 2742.908447 0.000000 0.919163 0.000000 0.393878 0.723185 0.723185 0.723185
5622.294434 0.000000 2751.299316 0.000000 0.591495 0.000000 -0.806309 0.977952 0.977952 0.977952
5573.144531 0.000000 2750.535889 0.000000 0.788343 0.000000 0.615236 0.639852 0.639852 0.639852
5623.953125 0.000000 2695.827637 0.000000 0.502365 0.000000 -0.864656 0.998174 0.998174 0.998174
5597.047363 0.000000 2771.674072 0.000000 0.995664 0.000000 -0.093025 0.817676 0.817676 0.817676
5606.701660 0.000000 2725.759277 0.000000 0.481242 0.000000 0.876588 0.464884 0.464884 0.464884
5620.831055 0.000000 2693.618896 0.000000 0.913891 0.000000 -0.405960 0.879316 0.879316 0.879316
5601.630859 0.000000 2718.182861 0.000000 0.956708 0.000000 -0.291051 0.879628 0.879628 0.879628
5633.446777 0.000000 2759.062256 0.000000 0.761347 0.000000 -0.648345 0.933843 0.933843 0.933843
5608.748535 0.000000 2720.347168 0.000000 0.879066 0.000000 0.476700 0.667016 0.667016 0.667016
5641.816895 0.000000 2721.556152 0.000000 0.502739 0.000000 -0.864439 0.998092 0.998092 0.998092
5601.092285 0.000000 2721.981934 0.000000 0.574138 0.000000 0.818758 0.537530 0.537530 0.537530
5606.350098 0.000000 2721.972412 0.000000 0.994078 0.000000 0.108673 0.761507 0.761507 0.761507
5604.398926 0.000000 2723.451172 0.000000 0.954498 0.000000 -0.298218 0.905238 0.905238 0.905238
5595.839355 0.000000 2756.729736 0.000000 0.040410 0.000000 -0.999183 1.188179 1.188179 1.188179
5607.831543 0.000000 2724.331055 0.000000 0.017984 0.000000 -0.999838 1.286909 1.286909 1.286909
5568.881348 0.000000 2756.659912 0.000000 0.525882 0.000000 -0.850558 1.078286 1.078286 1.078286
5605.186523 0.000000 2719.591309 0.000000 0.151086 0.000000 0.988521 0.289819 0.289819 0.289819
5570.663574 0.000000 2753.713135 0.000000 0.991997 0.000000 0.126264 0.759543 0.759543 0.759543
5607.338867 0.000000 2727.450439 0.000000 0.855057 0.000000 0.518535 0.643218 0.643218 0.643218
5567.540527 0.000000 2753.875977 0.000000 0.938297 0.000000 -0.345831 0.906496 0.906496 0.906496
5572.478516 0.000000 2745.054932 0.000000 0.965711 0.000000 -0.259621 0.877631 0.877631 0.877631
5571.181152 0.000000 2750.582764 0.000000 0.281169 0.000000 -0.959658 1.192907 1.192907 1.192907
5573.173340 0.000000 2746.714355 0.000000 0.817086 0.000000 0.576516 0.620826 0.620826 0.620826
5641.247559 0.000000 2852.691406 0.000000 0.893683 0.000000 -0.448700 0.805576 0.805576 0.805576
5608.324707 0.000000 2818.656982 0.000000 0.363162 0.000000 0.931726 0.785630 0.785630 0.785630
5646.808105 0.000000 2884.948730 0.000000 0.800312 0.000000 0.599583 0.785874 0.785874 0.785874
5643.132324 0.000000 2817.115234 0.000000 0.998900 0.000000 -0.046881 0.800937 0.800937 0.800937
5586.669922 0.000000 2832.403076 0.000000 0.999962 0.000000 0.008708 0.799704 0.799704 0.799704
5637.988281 0.000000 2848.593018 0.000000 0.565051 0.000000 -0.825056 0.834883 0.834883 0.834883
5644.930176 0.000000 2826.291748 0.000000 0.947441 0.000000 0.319932 0.634144 0.634144 0.634144
5642.554199 0.000000 2885.998047 0.000000 0.962425 0.000000 0.271548 0.787367 0.787367 0.787367
5635.487305 0.000000 2873.937988 0.000000 0.888499 0.000000 0.458878 0.773340 0.773340 0.773340
5618.178711 0.000000 2840.582520 0.000000 0.710957 0.000000 0.703235 0.753268 0.753268 0.753268
5631.300781 0.000000 2857.919434 0.000000 0.984921 0.000000 0.173006 0.788887 0.788887 0.788887
5650.089355 0.000000 2861.809570 0.000000 0.717156 0.000000 0.696913 0.755339 0.755339 0.755339
5599.339844 0.000000 2831.098633 0.000000 0.921667 0.000000 -0.387983 0.827057 0.827057 0.827057
5644.567383 0.000000 2849.837402 0.000000 0.053751 0.000000 -0.998554 0.912105 0.912105 0.912105
5606.586426 0.000000 2839.449463 0.000000 0.097518 0.000000 0.995234 0.697024 0.697024 0.697024
5576.219238 0.000000 2836.339111 0.000000 0.125775 0.000000 0.992059 0.681699 0.681699 0.681699
5641.971191 0.000000 2858.443359 0.000000 0.999975 0.000000 -0.007048 0.800634 0.800634 0.800634
5653.134277 0.000000 2827.542480 0.000000 0.991184 0.000000 0.132492 0.788057 0.788057 0.788057
5627.045410 0.000000 2818.479492 0.000000 0.127617 0.000000 0.991823 0.661680 0.661680 0.661680
5654.425781 0.000000 2883.905029 0.000000 0.389103 0.000000 0.921194 0.699421 0.699421 0.699421
5647.823730 0.000000 2824.793457 0.000000 0.027186 0.000000 0.999630 0.137165 0.137165 0.137165
5584.576660 0.000000 2839.785156 0.000000 0.928309 0.000000 0.371811 0.758913 0.758913 0.758913
5585.673828 0.000000 2835.094238 0.000000 0.252732 0.000000 0.967536 0.652891 0.652891 0.652891
5641.330078 0.000000 2874.206787 0.000000 0.730325 0.000000 0.683100 0.721900 0.721900 0.721900
5647.433594 0.000000 2887.780762 0.000000 0.991688 0.000000 0.128664 0.788662 0.788662 0.788662
5629.900879 0.000000 2808.869141 0.000000 0.571397 0.000000 -0.820674 0.899971 0.899971 0.899971
5647.637207 0.000000 2838.717529 0.000000 0.996028 0.000000 0.089036 0.790563 0.790563 0.790563
5642.373047 0.000000 2825.425049 0.000000 0.906036 0.000000 0.423200 0.605379 0.605379 0.605379
5636.546875 0.000000 2842.706055 0.000000 0.523862 0.000000 -0.851803 0.901801 0.901801 0.901801
5633.912598 0.000000 2858.550293 0.000000 0.415770 0.000000 -0.909470 0.909481 0.909481 0.909481
5579.546875 0.000000 2832.242188 0.000000 0.381622 0.000000 -0.924318 0.943669 0.943669 0.943669
5615.319824 0.000000 2816.248535 0.000000 0.650388 0.000000 0.759602 0.703511 0.703511 0.703511
5635.356934 0.000000 2848.057861 0.000000 0.161759 0.000000 -0.986830 0.971578 0.971578 0.971578
5623.653809 0.000000 2856.771484 0.000000 0.645356 0.000000 -0.763882 0.914590 0.914590 0.914590
5635.507812 0.000000 2830.793457 0.000000 0.788333 0.000000 0.615248 0.724556 0.724556 0.724556
5621.402344 0.000000 2845.723877 0.000000 0.306446 0.000000 0.951888 0.646573 0.646573 0.646573
5621.489258 0.000000 2850.698242 0.000000 0.895821 0.000000 0.444414 0.751252 0.751252 0.751252
5637.049316 0.000000 2816.830811 0.000000 0.460515 0.000000 0.887652 0.653844 0.653844 0.653844
5626.113281 0.000000 2855.971191 0.000000 0.995937 0.000000 -0.090054 0.811166 0.811166 0.811166
5644.953125 0.000000 2886.985840 0.000000 0.061559 0.000000 0.998103 0.628189 0.628189 0.628189
5627.538086 0.000000 2834.688477 0.000000 0.009032 0.000000 0.999959 0.581655 0.581655 0.581655
5631.758789 0.000000 2855.502197 0.000000 0.848323 0.000000 -0.529478 0.872438 0.872438 0.872438
5641.781250 0.000000 2844.588867 0.000000 0.263074 0.000000 -0.964776 0.951123 0.951123 0.951123
5572.415527 0.000000 2884.238770 0.000000 0.679755 0.000000 0.733439 0.689821 0.689821 0.689821
5646.650391 0.000000 2871.091797 0.000000 0.772209 0.000000 0.635369 0.689994 0.689994 0.689994
5644.899414 0.000000 2846.453613 0.000000 0.501614 0.000000 -0.865091 0.952408 0.952408 0.952408
5645.298340 0.000000 2875.698975 0.000000 0.537517 0.000000 -0.843253 0.946280 0.946280 0.946280
5634.827148 0.000000 2871.428223 0.000000 0.989968 0.000000 -0.141290 0.817838 0.817838 0.817838
5580.233887 0.000000 2842.899170 0.000000 0.832481 0.000000 0.554054 0.712038 0.712038 0.712038
5652.172363 0.000000 2837.231201 0.000000 0.961404 0.000000 0.275140 0.753794 0.753794 0.753794
5647.864258 0.000000 2836.302979 0.000000 0.989078 0.000000 0.147392 0.782273 0.782273 0.782273
5601.187012 0.000000 2839.385010 0.000000 0.726342 0.000000 0.687334 0.674377 0.674377 0.674377
5605.570801 0.000000 2841.769775 0.000000 0.630685 0.000000 -0.776039 0.938393 0.938393 0.938393
5640.222656 0.000000 2824.475830 0.000000 0.903614 0.000000 -0.428348 0.958255 0.958255 0.958255
5635.411133 0.000000 2868.020020 0.000000 0.964647 0.000000 -0.263545 0.839416 0.839416 0.839416
5618.591797 0.000000 2804.952148 0.000000 0.481724 0.000000 -0.876323 0.960005 0.960005 0.960005
5587.410645 0.000000 2843.604736 0.000000 0.572079 0.000000 -0.820199 0.974798 0.974798 0.974798
5633.813965 0.000000 2843.008301 0.000000 0.059920 0.000000 0.998203 0.606879 0.606879 0.606879
5632.611816 0.000000 2838.871826 0.000000 0.626426 0.000000 0.779481 0.632191 0.632191 0.632191
5644.388672 0.000000 2863.929688 0.000000 0.148194 0.000000 -0.988958 1.061297 1.061297 1.061297
5636.957031 0.000000 2855.724121 0.000000 0.924711 0.000000 -0.380670 0.870197 0.870197 0.870197
5632.316406 0.000000 2816.532715 0.000000 0.067845 0.000000 -0.997696 1.085157 1.085157 1.085157
5650.751953 0.000000 2832.567383 0.000000 0.934059 0.000000 -0.357118 0.864912 0.864912 0.864912
5639.711914 0.000000 2858.838867 0.000000 0.703444 0.000000 0.710751 0.673684 0.673684 0.673684
5571.075195 0.000000 2873.797852 0.000000 0.649790 0.000000 0.760114 0.636164 0.636164 0.636164
5630.217285 0.000000 2823.295654 0.000000 0.317011 0.000000 -0.948422 1.014397 1.014397 1.014397
5570.290039 0.000000 2871.656494 0.000000 0.635120 0.000000 0.772414 0.667788 0.667788 0.667788
5623.421387 0.000000 2851.947021 0.000000 0.480234 0.000000 -0.877140 0.947439 0.947439 0.947439
5626.666992 0.000000 2809.782471 0.000000 0.971932 0.000000 0.235261 0.761580 0.761580 0.761580
5612.332520 0.000000 2814.534180 0.000000 0.630660 0.000000 -0.776059 0.941947 0.941947 0.941947
5585.730469 0.000000 2845.441406 0.000000 0.322055 0.000000 0.946721 0.579070 0.579070 0.579070
5633.355469 0.000000 2846.471436 0.000000 0.751362 0.000000 0.659890 0.670458 0.670458 0.670458
5647.571289 0.000000 2869.072754 0.000000 0.598059 0.000000 0.801452 0.671876 0.671876 0.671876
5645.712891 0.000000 2842.135254 0.000000 0.997470 0.000000 0.071084 0.786501 0.786501 0.786501
5581.494141 0.000000 2835.844238 0.000000 0.840372 0.000000 -0.542010 0.908687 0.908687 0.908687
5629.691406 0.000000 2835.444824 0.000000 0.823792 0.000000 0.566891 0.685640 0.685640 0.685640
5639.724121 0.000000 2829.552246 0.000000 0.215985 0.000000 -0.976397 1.043221 1.043221 1.043221
5580.972168 0.000000 2839.583984 0.000000 0.481924 0.000000 0.876213 0.597370 0.597370 0.597370
5640.185059 0.000000 2831.978516 0.000000 0.506673 0.000000 0.862138 0.594468 0.594468 0.594468
5622.129395 0.000000 2855.020996 0.000000 0.121231 0.000000 -0.992624 1.074980 1.074980 1.074980
5646.033691 0.000000 2828.847656 0.000000 0.992507 0.000000 -0.122184 0.855534 0.855534 0.855534
5619.415527 0.000000 2812.561523 0.000000 0.842042 0.000000 0.539411 0.693037 0.693037 0.693037
5576.694824 0.000000 2879.654785 0.000000 0.977620 0.000000 -0.210377 0.845297 0.845297 0.845297
5620.934082 0.000000 2810.797119 0.000000 0.896383 0.000000 0.443279 0.719283 0.719283 0.719283
5653.556152 0.000000 2876.559326 0.000000 0.642427 0.000000 0.766347 0.634333 0.634333 0.634333
5637.638184 0.000000 2865.956055 0.000000 0.089746 0.000000 0.995965 0.516054 0.516054 0.516054
5573.291992 0.000000 2880.068359 0.000000 0.383911 0.000000 0.923370 0.438056 0.438056 0.438056
5632.012207 0.000000 2827.811523 0.000000 0.026050 0.000000 0.999661 0.547012 0.547012 0.547012
5635.567871 0.000000 2839.201172 0.000000 0.917034 0.000000 -0.398809 0.876195 0.876195 0.876195
5638.728516 0.000000 2826.028564 0.000000 0.799327 0.000000 -0.600896 0.941621 0.941621 0.941621
5622.852539 0.000000 2806.176025 0.000000 0.448632 0.000000 -0.893717 1.007559 1.007559 1.007559
5586.387207 0.000000 2847.425293 0.000000 0.940084 0.000000 0.340942 0.737461 0.737461 0.737461
5635.863770 0.000000 2823.696289 0.000000 0.795516 0.000000 0.605933 0.615389 0.615389 0.615389
5635.944336 0.000000 2857.525391 0.000000 0.940541 0.000000 -0.339681 0.864374 0.864374 0.864374
5651.095215 0.000000 2845.544189 0.000000 0.381780 0.000000 -0.924253 1.004876 1.004876 1.004876
5652.381348 0.000000 2849.468262 0.000000 0.453521 0.000000 0.891246 0.591273 0.591273 0.591273
5643.665039 0.000000 2867.482666 0.000000 0.603211 0.000000 -0.797582 0.980712 0.980712 0.980712
5626.230957 0.000000 2839.228516 0.000000 0.879769 0.000000 0.475401 0.705011 0.705011 0.705011
5581.089355 0.000000 2833.800293 0.000000 0.707176 0.000000 0.707038 0.652567 0.652567 0.652567
5647.145020 0.000000 2865.535889 0.000000 0.791762 0.000000 -0.610830 0.924678 0.924678 0.924678
5625.174805 0.000000 2812.800537 0.000000 0.958748 0.000000 -0.284259 0.850659 0.850659 0.850659
5635.729004 0.000000 2818.579590 0.000000 0.002982 0.000000 0.999996 0.449294 0.449294 0.449294
5639.211914 0.000000 2841.404297 0.000000 0.852688 0.000000 0.522420 0.696802 0.696802 0.696802
5648.990234 0.000000 2830.061523 0.000000 0.089466 0.000000 0.995990 0.338500 0.338500 0.338500
5623.060547 0.000000 2842.023193 0.000000 0.139467 0.000000 0.990227 0.528510 0.528510 0.528510
5626.035156 0.000000 2845.290771 0.000000 0.241636 0.000000 -0.970367 1.014636 1.014636 1.014636
5635.834473 0.000000 2853.985107 0.000000 0.934181 0.000000 0.356799 0.731505 0.731505 0.731505
5629.439941 0.000000 2844.702881 0.000000 0.935805 0.000000 0.352518 0.731645 0.731645 0.731645
5620.057129 0.000000 2814.519287 0.000000 0.730639 0.000000 0.682764 0.652902 0.652902 0.652902
5582.430664 0.000000 2843.589600 0.000000 0.996549 0.000000 -0.083010 0.815602 0.815602 0.815602
5649.245117 0.000000 2846.610840 0.000000 0.674681 0.000000 0.738109 0.642468 0.642468 0.642468
5652.256836 0.000000 2875.062988 0.000000 0.683567 0.000000 0.729887 0.644765 0.644765 0.644765
5573.835449 0.000000 2882.776123 0.000000 0.243080 0.000000 -0.970006 1.096448 1.096448 1.096448
5570.143066 0.000000 2882.170654 0.000000 0.156941 0.000000 -0.987608 1.079428 1.079428 1.079428
5589.869629 0.000000 2845.232178 0.000000 0.345476 0.000000 0.938428 0.568890 0.568890 0.568890
5649.027832 0.000000 2826.428467 0.000000 0.409982 0.000000 -0.912094 1.228894 1.228894 1.228894
5603.804688 0.000000 2835.153320 0.000000 0.861919 0.000000 0.507045 0.699106 0.699106 0.699106
5641.090332 0.000000 2867.883057 0.000000 0.895510 0.000000 -0.445042 0.907777 0.907777 0.907777
5602.545410 0.000000 2841.988770 0.000000 0.182181 0.000000 -0.983265 1.063279 1.063279 1.063279
5588.931641 0.000000 2847.502686 0.000000 0.629094 0.000000 0.777330 0.631056 0.631056 0.631056
5632.756348 0.000000 2836.351807 0.000000 0.851446 0.000000 -0.524443 0.913567 0.913567 0.913567
5619.729980 0.000000 2817.721436 0.000000 0.982251 0.000000 0.187570 0.765329 0.765329 0.765329
5629.503418 0.000000 2838.472900 0.000000 0.397729 0.000000 0.917503 0.570290 0.570290 0.570290
5646.822754 0.000000 2826.669434 0.000000 0.449849 0.000000 -0.893105 1.362364 1.362364 1.362364
5640.666016 0.000000 2864.807617 0.000000 0.000420 0.000000 1.000000 0.458131 0.458131 0.458131
5639.429199 0.000000 2873.962402 0.000000 0.831803 0.000000 -0.555071 0.921053 0.921053 0.921053
5577.314941 0.000000 2881.700684 0.000000 0.962217 0.000000 -0.272285 0.857831 0.857831 0.857831
5572.989258 0.000000 2877.623047 0.000000 0.961889 0.000000 0.273442 0.734172 0.734172 0.734172
5650.500977 0.000000 2849.678711 0.000000 0.915796 0.000000 0.401644 0.721579 0.721579 0.721579
5636.417480 0.000000 2864.085449 0.000000 0.984373 0.000000 0.176098 0.766059 0.766059 0.766059
5641.816895 0.000000 2828.540527 0.000000 0.861524 0.000000 -0.507716 0.936140 0.936140 0.936140
5633.840332 0.000000 2817.662842 0.000000 0.815262 0.000000 -0.579092 0.917185 0.917185 0.917185
5643.474121 0.000000 2831.262451 0.000000 0.814839 0.000000 -0.579688 0.933378 0.933378 0.933378
5573.500488 0.000000 2874.177734 0.000000 0.577575 0.000000 -0.816337 0.986930 0.986930 0.986930
5575.721191 0.000000 2876.885010 0.000000 0.734600 0.000000 -0.678501 0.980215 0.980215 0.980215
5632.221680 0.000000 2823.572021 0.000000 0.247708 0.000000 0.968835 0.507258 0.507258 0.507258
5647.170898 0.000000 2830.402832 0.000000 0.137592 0.000000 0.990489 0.353594 0.353594 0.353594
5646.705078 0.000000 2832.207520 0.000000 0.808347 0.000000 0.588706 0.667997 0.667997 0.667997
5636.778320 0.000000 2825.525879 0.000000 0.575284 0.000000 0.817954 0.549391 0.549391 0.549391
5642.112793 0.000000 2820.870605 0.000000 0.579172 0.000000 0.815205 0.582997 0.582997 0.582997
5626.351074 0.000000 2850.146973 0.000000 0.234645 0.000000 0.972081 0.512266 0.512266 0.512266
5645.917480 0.000000 2824.750977 0.000000 0.740435 0.000000 -0.672128 1.160670 1.160670 1.160670
5643.604004 0.000000 2822.072754 0.000000 0.047786 0.000000 0.998858 0.276814 0.276814 0.276814
5632.213867 0.000000 2819.754639 0.000000 0.827753 0.000000 -0.561093 0.926115 0.926115 0.926115
5636.492676 0.000000 2871.842041 0.000000 0.432562 0.000000 0.901604 0.530741 0.530741 0.530741
5570.925781 0.000000 2880.507568 0.000000 0.964432 0.000000 -0.264330 0.868388 0.868388 0.868388
5640.858887 0.000000 2869.586182 0.000000 0.744479 0.000000 0.667646 0.608731 0.608731 0.608731
5643.220215 0.000000 2826.925293 0.000000 0.822259 0.000000 0.569114 0.532770 0.532770 0.532770
5637.474609 0.000000 2868.284180 0.000000 0.947393 0.000000 -0.320071 0.885894 0.885894 0.885894
5660.618652 0.000000 2834.457520 0.000000 0.638190 0.000000 0.769879 0.794735 0.794735 0.794735
5660.881348 0.000000 2799.179688 0.000000 0.877074 0.000000 0.480355 0.792995 0.792995 0.792995
5703.537598 0.000000 2801.368408 0.000000 0.914460 0.000000 -0.404676 0.816642 0.816642 0.816642
5704.812012 0.000000 2785.836914 0.000000 0.201347 0.000000 0.979520 0.756282 0.756282 0.756282
5672.979980 0.000000 2865.495850 0.000000 0.610702 0.000000 0.791861 0.765322 0.765322 0.765322
5686.455566 0.000000 2878.062988 0.000000 0.877335 0.000000 0.479879 0.775009 0.775009 0.775009
5667.656738 0.000000 2820.612549 0.000000 0.969276 0.000000 0.245976 0.786598 0.786598 0.786598
5665.836914 0.000000 2852.388184 0.000000 0.715510 0.000000 -0.698603 0.840164 0.840164 0.840164
5691.748047 0.000000 2856.877930 0.000000 0.452802 0.000000 -0.891611 0.872559 0.872559 0.872559
5666.904785 0.000000 2804.168213 0.000000 0.209834 0.000000 -0.977737 0.905886 0.905886 0.905886
5655.672363 0.000000 2873.190674 0.000000 0.285974 0.000000 -0.958237 0.909994 0.909994 0.909994
5658.506836 0.000000 2878.828369 0.000000 0.967517 0.000000 -0.252806 0.822970 0.822970 0.822970
5671.635254 0.000000 2808.179199 0.000000 0.151638 0.000000 -0.988436 0.950161 0.950161 0.950161
5706.269531 0.000000 2802.687256 0.000000 0.752322 0.000000 0.658796 0.745415 0.745415 0.745415
5674.636719 0.000000 2828.578125 0.000000 0.548884 0.000000 -0.835898 0.890933 0.890933 0.890933
5670.462402 0.000000 2824.109375 0.000000 0.928365 0.000000 -0.371670 0.833465 0.833465 0.833465
5705.827637 0.000000 2791.871094 0.000000 0.303366 0.000000 -0.952874 0.951300 0.951300 0.951300
5683.174316 0.000000 2883.102539 0.000000 0.713772 0.000000 0.700378 0.486958 0.486958 0.486958
5656.507324 0.000000 2857.470703 0.000000 0.774398 0.000000 -0.632698 0.860200 0.860200 0.860200
5680.432617 0.000000 2874.971191 0.000000 0.617831 0.000000 -0.786311 0.913849 0.913849 0.913849
5658.542480 0.000000 2859.224854 0.000000 0.921068 0.000000 0.389402 0.764051 0.764051 0.764051
5673.986328 0.000000 2872.634277 0.000000 0.312482 0.000000 -0.949924 1.280484 1.280484 1.280484
5682.293945 0.000000 2877.685059 0.000000 0.322397 0.000000 -0.946604 0.973715 0.973715 0.973715
5671.462891 0.000000 2872.225586 0.000000 0.946017 0.000000 0.324116 0.664196 0.664196 0.664196
5707.446777 0.000000 2794.132812 0.000000 0.639715 0.000000 0.768613 0.668681 0.668681 0.668681
5661.966797 0.000000 2808.259277 0.000000 0.211406 0.000000 0.977398 0.607461 0.607461 0.607461
5665.843262 0.000000 2857.024658 0.000000 0.150843 0.000000 0.988558 0.573214 0.573214 0.573214
5670.585449 0.000000 2864.819092 0.000000 0.885042 0.000000 -0.465511 0.856091 0.856091 0.856091
5689.210449 0.000000 2857.777588 0.000000 0.160822 0.000000 0.986983 0.600160 0.600160 0.600160
5669.526367 0.000000 2874.654297 0.000000 0.480313 0.000000 0.877097 0.400453 0.400453 0.400453
5654.505371 0.000000 2852.362549 0.000000 0.878438 0.000000 -0.477857 0.882589 0.882589 0.882589
5658.677246 0.000000 2800.262451 0.000000 0.916629 0.000000 -0.399739 0.846816 0.846816 0.846816
5678.744141 0.000000 2844.643555 0.000000 0.725590 0.000000 -0.688128 0.900037 0.900037 0.900037
5673.173828 0.000000 2876.827881 0.000000 0.061641 0.000000 0.998098 0.212257 0.212257 0.212257
5680.662598 0.000000 2879.895508 0.000000 0.922067 0.000000 -0.387029 0.935726 0.935726 0.935726
5654.554199 0.000000 2834.475098 0.000000 0.950178 0.000000 0.311707 0.755683 0.755683 0.755683
5685.192871 0.000000 2884.474854 0.000000 0.999593 0.000000 0.028528 0.788546 0.788546 0.788546
5679.753418 0.000000 2827.220947 0.000000 0.912173 0.000000 -0.409805 0.868308 0.868308 0.868308
5694.052246 0.000000 2887.615967 0.000000 0.852144 0.000000 -0.523307 0.868196 0.868196 0.868196
5683.586914 0.000000 2844.431396 0.000000 0.220729 0.000000 0.975335 0.557653 0.557653 0.557653
5687.526367 0.000000 2880.257324 0.000000 0.112248 0.000000 -0.993680 1.035920 1.035920 1.035920
5659.402832 0.000000 2850.335693 0.000000 0.309689 0.000000 -0.950838 0.988130 0.988130 0.988130
5675.089844 0.000000 2826.038818 0.000000 0.759017 0.000000 0.651071 0.695214 0.695214 0.695214
5702.752930 0.000000 2796.131592 0.000000 0.903073 0.000000 0.429487 0.727297 0.727297 0.727297
5714.599609 0.000000 2800.786621 0.000000 0.999693 0.000000 0.024785 0.796584 0.796584 0.796584
5660.215332 0.000000 2867.781494 0.000000 0.910079 0.000000 -0.414435 0.857182 0.857182 0.857182
5666.870117 0.000000 2809.149902 0.000000 0.922521 0.000000 0.385947 0.724819 0.724819 0.724819
5662.961426 0.000000 2860.787109 0.000000 0.334851 0.000000 -0.942271 1.008701 1.008701 1.008701
5654.525391 0.000000 2840.839355 0.000000 0.956317 0.000000 0.292333 0.750822 0.750822 0.750822
5672.402344 0.000000 2817.422852 0.000000 0.759731 0.000000 0.650237 0.696790 0.696790 0.696790
5668.185059 0.000000 2869.676758 0.000000 0.935884 0.000000 -0.352307 0.913614 0.913614 0.913614
5703.826660 0.000000 2792.938721 0.000000 0.363208 0.000000 -0.931708 1.027512 1.027512 1.027512
5662.061523 0.000000 2857.081543 0.000000 0.966953 0.000000 -0.254956 0.848915 0.848915 0.848915
5668.297363 0.000000 2885.701416 0.000000 0.856620 0.000000 -0.515948 0.896363 0.896363 0.896363
5663.687012 0.000000 2879.654785 0.000000 0.137364 0.000000 -0.990521 1.060445 1.060445 1.060445
5658.714844 0.000000 2804.944092 0.000000 0.995749 0.000000 -0.092103 0.817500 0.817500 0.817500
5677.117676 0.000000 2877.638672 0.000000 0.910139 0.000000 0.414304 0.639603 0.639603 0.639603
5701.604004 0.000000 2791.769287 0.000000 0.964468 0.000000 -0.264201 0.850731 0.850731 0.850731
5709.793945 0.000000 2799.907959 0.000000 0.954096 0.000000 0.299500 0.742288 0.742288 0.742288
5684.643066 0.000000 2851.727051 0.000000 0.123848 0.000000 0.992301 0.539966 0.539966 0.539966
5688.295410 0.000000 2882.673096 0.000000 0.990980 0.000000 0.134013 0.772885 0.772885 0.772885
5676.359863 0.000000 2823.992432 0.000000 0.707034 0.000000 0.707180 0.669787 0.669787 0.669787
5656.414551 0.000000 2853.228027 0.000000 0.700088 0.000000 -0.714056 0.950894 0.950894 0.950894
5672.845215 0.000000 2819.722168 0.000000 0.495479 0.000000 0.868620 0.612930 0.612930 0.612930
5665.249512 0.000000 2864.341309 0.000000 0.898990 0.000000 0.437968 0.628875 0.628875 0.628875
5662.399902 0.000000 2867.191406 0.000000 0.974909 0.000000 -0.222605 0.864114 0.864114 0.864114
5669.178711 0.000000 2811.525391 0.000000 0.977960 0.000000 -0.208791 0.847891 0.847891 0.847891
5676.170410 0.000000 2873.123047 0.000000 0.993861 0.000000 0.110632 0.776087 0.776087 0.776087
5680.376953 0.000000 2884.416748 0.000000 0.988991 0.000000 0.147973 0.764108 0.764108 0.764108
5664.189453 0.000000 2868.148682 0.000000 0.969486 0.000000 -0.245148 0.881619 0.881619 0.881619
5667.623047 0.000000 2867.151367 0.000000 0.972033 0.000000 -0.234846 0.889485 0.889485 0.889485
5665.259277 0.000000 2860.588135 0.000000 0.405177 0.000000 -0.914238 1.037318 1.037318 1.037318
5671.728516 0.000000 2881.507568 0.000000 0.914426 0.000000 -0.404752 0.892381 0.892381 0.892381
5672.332520 0.000000 2823.587891 0.000000 0.449890 0.000000 0.893084 0.590500 0.590500 0.590500
5660.136719 0.000000 2857.520264 0.000000 0.939074 0.000000 0.343716 0.733427 0.733427 0.733427
5662.868164 0.000000 2864.667725 0.000000 0.980640 0.000000 0.195821 0.750401 0.750401 0.750401
5687.372070 0.000000 2887.811035 0.000000 0.222116 0.000000 0.975020 0.302368 0.302368 0.302368
5683.095703 0.000000 2887.855225 0.000000 0.707508 0.000000 -0.706706 0.969289 0.969289 0.969289
5671.463379 0.000000 2885.504639 0.000000 0.807451 0.000000 0.589934 0.679020 0.679020 0.679020
5678.528320 0.000000 2881.552734 0.000000 0.998321 0.000000 0.057923 0.780322 0.780322 0.780322
5664.307129 0.000000 2881.700684 0.000000 0.400847 0.000000 0.916145 0.547827 0.547827 0.547827
5672.056152 0.000000 2887.603271 0.000000 0.489963 0.000000 0.871743 0.561053 0.561053 0.561053
5668.993164 0.000000 2865.840820 0.000000 0.907337 0.000000 0.420405 0.691677 0.691677 0.691677
5689.557617 0.000000 2885.948730 0.000000 0.545816 0.000000 -0.837905 1.115476 1.115476 1.115476
5662.713379 0.000000 2876.885010 0.000000 0.192728 0.000000 -0.981252 1.069491 1.069491 1.069491
5686.982910 0.000000 2884.031982 0.000000 0.497044 0.000000 0.867725 0.397124 0.397124 0.397124
5672.163086 0.000000 2878.385742 0.000000 0.904109 0.000000 -0.427301 0.933151 0.933151 0.933151
5668.854980 0.000000 2877.645752 0.000000 0.991738 0.000000 -0.128277 0.843931 0.843931 0.843931
5691.569336 0.000000 2887.856445 0.000000 0.139696 0.000000 -0.990194 1.154310 1.154310 1.154310
5668.705566 0.000000 2864.081787 0.000000 0.787264 0.000000 0.616616 0.634120 0.634120 0.634120
5665.900391 0.000000 2866.621338 0.000000 0.960435 0.000000 0.278503 0.689517 0.689517 0.689517
5684.365723 0.000000 2881.778809 0.000000 0.158045 0.000000 -0.987432 1.180737 1.180737 1.180737
5673.756836 0.000000 2874.531494 0.000000 0.963186 0.000000 0.268836 0.683666 0.683666 0.683666
5665.833984 0.000000 2876.274902 0.000000 0.416366 0.000000 -0.909197 1.080385 1.080385 1.080385
5683.726074 0.000000 2885.455566 0.000000 0.535164 0.000000 -0.844748 1.153656 1.153656 1.153656
5675.080566 0.000000 2876.683350 0.000000 0.936705 0.000000 0.350120 0.664262 0.664262 0.664262
5678.705566 0.000000 2883.958984 0.000000 0.966937 0.000000 0.255017 0.737168 0.737168 0.737168
5682.004883 0.000000 2881.802246 0.000000 0.680107 0.000000 -0.733113 1.090900 1.090900 1.090900
5679.041504 0.000000 2879.331543 0.000000 0.430654 0.000000 0.902517 0.372871 0.372871 0.372871
5680.892090 0.000000 2876.750732 0.000000 0.953780 0.000000 0.300507 0.723190 0.723190 0.723190
5669.410156 0.000000 2815.555176 0.000000 0.971325 0.000000 0.237755 0.731919 0.731919 0.731919
5618.827148 0.000000 2951.593262 0.000000 0.961651 0.000000 0.274275 0.798335 0.798335 0.798335
5596.508301 0.000000 2976.829346 0.000000 0.560507 0.000000 -0.828149 0.807796 0.807796 0.807796
5629.794922 0.000000 2968.394531 0.000000 0.337234 0.000000 -0.941421 0.809801 0.809801 0.809801
5642.741699 0.000000 2912.361084 0.000000 0.658251 0.000000 -0.752798 0.820427 0.820427 0.820427
5608.142090 0.000000 2962.702393 0.000000 0.795077 0.000000 -0.606508 0.818221 0.818221 0.818221
5595.023926 0.000000 2992.667236 0.000000 0.776234 0.000000 0.630445 0.780927 0.780927 0.780927
5617.389160 0.000000 2968.261475 0.000000 0.511980 0.000000 0.858997 0.764916 0.764916 0.764916
5608.092285 0.000000 2966.984131 0.000000 0.600944 0.000000 -0.799291 0.842542 0.842542 0.842542
5645.248047 0.000000 2976.093994 0.000000 0.846941 0.000000 -0.531686 0.823512 0.823512 0.823512
5615.020996 0.000000 2955.609131 0.000000 0.999889 0.000000 -0.014870 0.800743 0.800743 0.800743
5642.932129 0.000000 2983.569092 0.000000 0.691058 0.000000 -0.722799 0.845177 0.845177 0.845177
5649.440430 0.000000 2893.737549 0.000000 0.882210 0.000000 -0.470856 0.827417 0.827417 0.827417
5599.225586 0.000000 2989.316650 0.000000 0.990444 0.000000 -0.137915 0.808843 0.808843 0.808843
5582.899414 0.000000 2974.648438 0.000000 0.791544 0.000000 -0.611112 0.845959 0.845959 0.845959
5650.478516 0.000000 2945.867188 0.000000 0.464950 0.000000 -0.885337 0.865143 0.865143 0.865143
5602.034180 0.000000 2941.017822 0.000000 0.422150 0.000000 -0.906526 0.865738 0.865738 0.865738
5636.937012 0.000000 2966.350586 0.000000 0.579621 0.000000 0.814886 0.729610 0.729610 0.729610
5633.941406 0.000000 2993.983398 0.000000 0.263389 0.000000 -0.964690 0.883358 0.883358 0.883358
5644.885742 0.000000 2921.325928 0.000000 0.110405 0.000000 -0.993887 0.910819 0.910819 0.910819
5594.546387 0.000000 2979.378662 0.000000 0.569756 0.000000 -0.821814 0.861648 0.861648 0.861648
5646.180664 0.000000 2924.998535 0.000000 0.241112 0.000000 0.970497 0.696615 0.696615 0.696615
5615.261230 0.000000 2959.739746 0.000000 0.985401 0.000000 -0.170249 0.815035 0.815035 0.815035
5605.621582 0.000000 2941.290283 0.000000 0.426812 0.000000 0.904340 0.718764 0.718764 0.718764
5619.125000 0.000000 2970.880615 0.000000 0.531641 0.000000 0.846970 0.715255 0.715255 0.715255
5653.134277 0.000000 2934.526855 0.000000 0.737441 0.000000 -0.675411 0.865164 0.865164 0.865164
5634.743652 0.000000 2891.031250 0.000000 0.992972 0.000000 0.118353 0.788864 0.788864 0.788864
5599.207520 0.000000 2975.289062 0.000000 0.422291 0.000000 0.906460 0.709339 0.709339 0.709339
5601.021484 0.000000 2943.938477 0.000000 0.990133 0.000000 -0.140134 0.810951 0.810951 0.810951
5591.909180 0.000000 2992.773926 0.000000 0.916565 0.000000 -0.399886 0.838618 0.838618 0.838618
5640.729004 0.000000 2956.749268 0.000000 0.037384 0.000000 -0.999301 0.922503 0.922503 0.922503
5654.425781 0.000000 2990.889404 0.000000 0.248188 0.000000 0.968712 0.652366 0.652366 0.652366
5607.546387 0.000000 2943.327393 0.000000 0.341635 0.000000 -0.939833 0.936691 0.936691 0.936691
5640.313965 0.000000 2898.599121 0.000000 0.423068 0.000000 0.906098 0.675436 0.675436 0.675436
5617.665039 0.000000 2954.360107 0.000000 0.516823 0.000000 -0.856092 0.908782 0.908782 0.908782
5648.394043 0.000000 2891.172607 0.000000 0.747353 0.000000 -0.664427 0.863864 0.863864 0.863864
5583.772949 0.000000 2962.908936 0.000000 0.858692 0.000000 -0.512493 0.856958 0.856958 0.856958
5642.528809 0.000000 2976.183594 0.000000 0.293283 0.000000 0.956026 0.644892 0.644892 0.644892
5626.095215 0.000000 2987.541748 0.000000 0.960739 0.000000 0.277454 0.771925 0.771925 0.771925
5639.840820 0.000000 2953.217773 0.000000 0.876692 0.000000 0.481052 0.748882 0.748882 0.748882
5642.373047 0.000000 2932.409424 0.000000 0.969685 0.000000 -0.244356 0.830075 0.830075 0.830075
5576.700195 0.000000 2906.328125 0.000000 0.936514 0.000000 0.350629 0.753493 0.753493 0.753493
5638.000488 0.000000 2989.091064 0.000000 0.985808 0.000000 -0.167875 0.821560 0.821560 0.821560
5653.460449 0.000000 2904.497070 0.000000 0.932376 0.000000 0.361491 0.763064 0.763064 0.763064
5569.942383 0.000000 2915.522217 0.000000 0.785895 0.000000 0.618360 0.702803 0.702803 0.702803
5623.148438 0.000000 2967.036133 0.000000 0.618344 0.000000 -0.785908 0.893903 0.893903 0.893903
5574.339355 0.000000 2891.117432 0.000000 0.473538 0.000000 -0.880773 0.950641 0.950641 0.950641
5647.291992 0.000000 2888.803467 0.000000 0.680578 0.000000 -0.732676 0.924809 0.924809 0.924809
5638.426270 0.000000 2958.125977 0.000000 0.930111 0.000000 0.367280 0.744417 0.744417 0.744417
5590.281250 0.000000 2957.112305 0.000000 0.377482 0.000000 -0.926017 0.963128 0.963128 0.963128
5646.406250 0.000000 2962.250000 0.000000 0.908696 0.000000 0.417458 0.751834 0.751834 0.751834
5650.617188 0.000000 2934.611084 0.000000 0.903226 0.000000 -0.429166 0.851383 0.851383 0.851383
5637.479004 0.000000 2952.304932 0.000000 0.738710 0.000000 0.674023 0.708411 0.708411 0.708411
5572.314453 0.000000 2888.634766 0.000000 0.157013 0.000000 -0.987597 1.028611 1.028611 1.028611
5609.925781 0.000000 2973.073730 0.000000 0.044452 0.000000 -0.999012 1.007294 1.007294 1.007294
5632.983887 0.000000 2980.538818 0.000000 0.982773 0.000000 0.184817 0.733545 0.733545 0.733545
5569.806641 0.000000 2902.434814 0.000000 0.976442 0.000000 -0.215778 0.826497 0.826497 0.826497
5633.338379 0.000000 2957.967529 0.000000 0.391093 0.000000 -0.920351 0.975105 0.975105 0.975105
5571.685059 0.000000 2907.246826 0.000000 0.564865 0.000000 -0.825184 0.922118 0.922118 0.922118
5634.827148 0.000000 2978.412598 0.000000 0.083343 0.000000 -0.996521 1.435710 1.435710 1.435710
5586.181641 0.000000 2983.812256 0.000000 0.633924 0.000000 -0.773396 0.925380 0.925380 0.925380
5585.330566 0.000000 2974.811035 0.000000 0.231425 0.000000 0.972853 0.597018 0.597018 0.597018
5644.896484 0.000000 2907.042725 0.000000 0.989784 0.000000 -0.142578 0.817430 0.817430 0.817430
5652.172363 0.000000 2944.215576 0.000000 0.998568 0.000000 -0.053501 0.806307 0.806307 0.806307
5573.311523 0.000000 2903.841064 0.000000 0.615217 0.000000 -0.788358 0.954170 0.954170 0.954170
5575.639648 0.000000 2910.785889 0.000000 0.117864 0.000000 -0.993030 1.020499 1.020499 1.020499
5632.565430 0.000000 2989.387207 0.000000 0.997794 0.000000 -0.066388 0.811279 0.811279 0.811279
5605.570801 0.000000 2948.754150 0.000000 0.783416 0.000000 0.621497 0.716954 0.716954 0.716954
5598.538574 0.000000 2950.005615 0.000000 0.411164 0.000000 0.911561 0.612141 0.612141 0.612141
5600.779785 0.000000 2962.049072 0.000000 0.855310 0.000000 -0.518116 0.891374 0.891374 0.891374
5600.534180 0.000000 2987.241699 0.000000 0.728250 0.000000 0.685311 0.686902 0.686902 0.686902
5635.411133 0.000000 2975.004395 0.000000 0.746967 0.000000 0.664862 0.516741 0.516741 0.516741
5588.558594 0.000000 2972.469238 0.000000 0.528223 0.000000 0.849105 0.613628 0.613628 0.613628
5644.388672 0.000000 2970.914062 0.000000 0.969952 0.000000 -0.243298 0.831414 0.831414 0.831414
5636.957031 0.000000 2962.708496 0.000000 0.815565 0.000000 -0.578666 0.893668 0.893668 0.893668
5628.733398 0.000000 2987.358887 0.000000 0.780710 0.000000 -0.624894 0.897065 0.897065 0.897065
5634.374512 0.000000 2970.593994 0.000000 0.638888 0.000000 -0.769300 0.964788 0.964788 0.964788
5582.827637 0.000000 2956.235352 0.000000 0.978227 0.000000 -0.207540 0.835491 0.835491 0.835491
5653.710938 0.000000 2937.017822 0.000000 0.855898 0.000000 -0.517144 0.879243 0.879243 0.879243
5604.250488 0.000000 2958.792236 0.000000 0.933480 0.000000 -0.358629 0.864467 0.864467 0.864467
5594.022461 0.000000 2959.559570 0.000000 0.338978 0.000000 -0.940794 1.000617 1.000617 1.000617
5650.751953 0.000000 2939.551758 0.000000 0.672470 0.000000 0.740125 0.641900 0.641900 0.641900
5605.833008 0.000000 2967.408447 0.000000 0.689335 0.000000 -0.724443 0.950494 0.950494 0.950494
5633.842285 0.000000 2960.679932 0.000000 0.695202 0.000000 0.718814 0.691066 0.691066 0.691066
5640.834961 0.000000 2907.086670 0.000000 0.881329 0.000000 -0.472503 0.880598 0.880598 0.880598
5591.604492 0.000000 2959.484619 0.000000 0.319525 0.000000 -0.947578 1.036331 1.036331 1.036331
5587.632324 0.000000 2961.138672 0.000000 0.855268 0.000000 0.518186 0.696644 0.696644 0.696644
5569.367676 0.000000 2895.704590 0.000000 0.943372 0.000000 0.331737 0.734491 0.734491 0.734491
5629.698242 0.000000 2984.381348 0.000000 0.769988 0.000000 -0.638059 0.931294 0.931294 0.931294
5598.242676 0.000000 2987.181396 0.000000 0.057113 0.000000 -0.998368 1.011619 1.011619 1.011619
5641.539062 0.000000 2922.568115 0.000000 0.727838 0.000000 0.685749 0.656628 0.656628 0.656628
5622.129395 0.000000 2962.005371 0.000000 0.917603 0.000000 0.397499 0.661203 0.661203 0.661203
5636.790527 0.000000 2897.403809 0.000000 0.453769 0.000000 0.891119 0.437565 0.437565 0.437565
5582.536133 0.000000 2960.936523 0.000000 0.205324 0.000000 0.978694 0.557543 0.557543 0.557543
5635.765625 0.000000 2986.838867 0.000000 0.964760 0.000000 -0.263133 0.848926 0.848926 0.848926
5597.713867 0.000000 2983.795410 0.000000 0.890279 0.000000 0.455416 0.710285 0.710285 0.710285
5616.491211 0.000000 2981.315186 0.000000 0.845390 0.000000 0.534149 0.695333 0.695333 0.695333
5571.722656 0.000000 2911.928467 0.000000 0.918792 0.000000 0.394742 0.728680 0.728680 0.728680
5590.490234 0.000000 2961.654785 0.000000 0.600968 0.000000 -0.799273 0.975713 0.975713 0.975713
5616.570801 0.000000 2976.891357 0.000000 0.981535 0.000000 -0.191283 0.858430 0.858430 0.858430
5572.852539 0.000000 2916.970215 0.000000 0.776363 0.000000 -0.630287 0.903509 0.903509 0.903509
5651.149414 0.000000 2901.403564 0.000000 0.132701 0.000000 -0.991156 1.032586 1.032586 1.032586
5637.638184 0.000000 2972.940430 0.000000 0.004763 0.000000 0.999989 0.318328 0.318328 0.318328
5600.215332 0.000000 2957.791504 0.000000 0.856442 0.000000 0.516244 0.697075 0.697075 0.697075
5580.396484 0.000000 2957.940674 0.000000 0.380552 0.000000 0.924759 0.620826 0.620826 0.620826
5635.161621 0.000000 2899.267334 0.000000 0.997993 0.000000 -0.063323 0.818351 0.818351 0.818351
5569.736816 0.000000 2919.924805 0.000000 0.999304 0.000000 -0.037296 0.806184 0.806184 0.806184
5631.456055 0.000000 2973.348145 0.000000 0.410430 0.000000 0.911892 0.600546 0.600546 0.600546
5641.452148 0.000000 2903.414795 0.000000 0.938767 0.000000 0.344553 0.728339 0.728339 0.728339
5617.147949 0.000000 2956.344727 0.000000 0.117274 0.000000 0.993100 0.561996 0.561996 0.561996
5640.152832 0.000000 2992.523682 0.000000 0.857148 0.000000 -0.515069 0.901584 0.901584 0.901584
5634.250488 0.000000 2909.371094 0.000000 0.707150 0.000000 0.707063 0.655698 0.655698 0.655698
5636.464844 0.000000 2957.012939 0.000000 0.787862 0.000000 -0.615852 0.925885 0.925885 0.925885
5618.503418 0.000000 2973.845947 0.000000 0.189293 0.000000 0.981921 0.568421 0.568421 0.568421
5636.876465 0.000000 2901.514404 0.000000 0.757536 0.000000 -0.652794 1.031553 1.031553 1.031553
5632.949707 0.000000 2898.367920 0.000000 0.382984 0.000000 0.923755 0.590646 0.590646 0.590646
5575.674316 0.000000 2904.585693 0.000000 0.751617 0.000000 -0.659600 0.936665 0.936665 0.936665
5635.834473 0.000000 2960.969482 0.000000 0.924721 0.000000 0.380646 0.729808 0.729808 0.729808
5637.561035 0.000000 2981.513184 0.000000 0.960428 0.000000 0.278530 0.703599 0.703599 0.703599
5645.661621 0.000000 2968.790039 0.000000 0.091949 0.000000 -0.995764 1.080568 1.080568 1.080568
5589.178223 0.000000 2980.107422 0.000000 0.421030 0.000000 -0.907047 1.026929 1.026929 1.026929
5625.055176 0.000000 2981.457031 0.000000 0.087437 0.000000 -0.996170 1.075503 1.075503 1.075503
5589.963867 0.000000 2973.864014 0.000000 0.556833 0.000000 0.830624 0.619887 0.619887 0.619887
5622.522461 0.000000 2974.315674 0.000000 0.962137 0.000000 -0.272566 0.852930 0.852930 0.852930
5614.938477 0.000000 2972.110107 0.000000 0.063327 0.000000 0.997993 0.468824 0.468824 0.468824
5626.792969 0.000000 2978.138916 0.000000 0.079356 0.000000 -0.996846 1.130624 1.130624 1.130624
5633.982422 0.000000 2976.596191 0.000000 0.246921 0.000000 -0.969036 1.338344 1.338344 1.338344
5602.889160 0.000000 2962.841064 0.000000 0.783977 0.000000 -0.620790 0.927077 0.927077 0.927077
5645.872559 0.000000 2890.307617 0.000000 0.186194 0.000000 0.982513 0.537496 0.537496 0.537496
5601.420898 0.000000 2959.585449 0.000000 0.920145 0.000000 0.391578 0.726874 0.726874 0.726874
5636.476074 0.000000 2990.310059 0.000000 0.838532 0.000000 -0.544852 0.909329 0.909329 0.909329
5626.533691 0.000000 2983.716309 0.000000 0.649008 0.000000 0.760782 0.635969 0.635969 0.635969
5614.819824 0.000000 2974.362305 0.000000 0.376510 0.000000 -0.926413 1.169138 1.169138 1.169138
5636.680176 0.000000 2912.259033 0.000000 0.955932 0.000000 -0.293588 0.856538 0.856538 0.856538
5619.656250 0.000000 2956.877197 0.000000 0.881326 0.000000 -0.472509 0.899274 0.899274 0.899274
5643.218262 0.000000 2963.653809 0.000000 0.870588 0.000000 -0.492012 0.897601 0.897601 0.897601
5640.071777 0.000000 2961.398682 0.000000 0.999964 0.000000 0.008477 0.798527 0.798527 0.798527
5641.090332 0.000000 2974.867432 0.000000 0.874579 0.000000 -0.484882 0.926382 0.926382 0.926382
5622.294434 0.000000 2965.268066 0.000000 0.714791 0.000000 0.699338 0.619024 0.619024 0.619024
5645.140137 0.000000 2966.574219 0.000000 0.871106 0.000000 0.491096 0.702599 0.702599 0.702599
5602.545410 0.000000 2948.973145 0.000000 0.213730 0.000000 -0.976893 1.057171 1.057171 1.057171
5641.279297 0.000000 2924.768066 0.000000 0.987943 0.000000 -0.154819 0.829494 0.829494 0.829494
5653.218262 0.000000 2992.401123 0.000000 0.607339 0.000000 0.794443 0.634972 0.634972 0.634972
5642.621094 0.000000 2889.164062 0.000000 0.032262 0.000000 -0.999479 1.091917 1.091917 1.091917
5619.059082 0.000000 2963.384766 0.000000 0.613454 0.000000 0.789731 0.569085 0.569085 0.569085
5600.379883 0.000000 2994.795410 0.000000 0.894395 0.000000 0.447278 0.686083 0.686083 0.686083
5596.103516 0.000000 2994.839600 0.000000 0.106573 0.000000 0.994305 0.533916 0.533916 0.533916
5597.047363 0.000000 2985.642822 0.000000 0.978047 0.000000 0.208386 0.760589 0.760589 0.760589
5605.993164 0.000000 2944.444336 0.000000 0.999346 0.000000 -0.036152 0.806861 0.806861 0.806861
5573.130371 0.000000 2895.376953 0.000000 0.334318 0.000000 -0.942460 1.053013 1.053013 1.053013
5570.766602 0.000000 2913.780273 0.000000 0.633169 0.000000 0.774014 0.632053 0.632053 0.632053
5640.666016 0.000000 2971.791992 0.000000 0.991323 0.000000 -0.131446 0.828962 0.828962 0.828962
5639.429199 0.000000 2980.946777 0.000000 0.944290 0.000000 0.329116 0.715604 0.715604 0.715604
5604.361816 0.000000 2968.781250 0.000000 0.808773 0.000000 -0.588120 0.919294 0.919294 0.919294
5633.446777 0.000000 2973.031006 0.000000 0.981010 0.000000 -0.193957 0.850290 0.850290 0.850290
5636.417480 0.000000 2971.069824 0.000000 0.665519 0.000000 0.746381 0.613199 0.613199 0.613199
5568.672363 0.000000 2899.366699 0.000000 0.138500 0.000000 -0.990362 1.200364 1.200364 1.200364
5588.751953 0.000000 2994.578613 0.000000 0.871768 0.000000 0.489919 0.702855 0.702855 0.702855
5630.201172 0.000000 2978.051270 0.000000 0.003577 0.000000 0.999994 0.280402 0.280402 0.280402
5612.896973 0.000000 2975.214355 0.000000 0.986934 0.000000 -0.161126 0.845573 0.845573 0.845573
5638.110352 0.000000 2894.468262 0.000000 0.327427 0.000000 -0.944876 1.111348 1.111348 1.111348
5636.366699 0.000000 2895.637207 0.000000 0.413160 0.000000 -0.910659 1.140702 1.140702 1.140702
5617.067871 0.000000 2975.080566 0.000000 0.850844 0.000000 -0.525419 0.955789 0.955789 0.955789
5619.104980 0.000000 2959.843750 0.000000 0.129677 0.000000 -0.991556 1.162568 1.162568 1.162568
5628.323730 0.000000 2975.188965 0.000000 0.629837 0.000000 0.776727 0.599261 0.599261 0.599261
5637.059082 0.000000 2903.676025 0.000000 0.358200 0.000000 0.933645 0.407889 0.407889 0.407889
5620.167480 0.000000 2961.879883 0.000000 0.500363 0.000000 -0.865816 1.130325 1.130325 1.130325
5631.308594 0.000000 2979.766113 0.000000 0.999699 0.000000 0.024544 0.791862 0.791862 0.791862
5635.100098 0.000000 2901.164551 0.000000 0.522854 0.000000 0.852422 0.475897 0.475897 0.475897
5638.535645 0.000000 2898.119873 0.000000 0.964782 0.000000 0.263049 0.740458 0.740458 0.740458
5589.453125 0.000000 2975.948242 0.000000 0.998663 0.000000 -0.051688 0.810844 0.810844 0.810844
5587.595215 0.000000 2976.502930 0.000000 0.599155 0.000000 -0.800633 1.029913 1.029913 1.029913
5570.132812 0.000000 2897.518311 0.000000 0.020652 0.000000 -0.999787 1.273689 1.273689 1.273689
5636.492676 0.000000 2978.826416 0.000000 0.989977 0.000000 -0.141231 0.852075 0.852075 0.852075
5620.273926 0.000000 2965.448730 0.000000 0.641508 0.000000 0.767117 0.566002 0.566002 0.566002
5573.020508 0.000000 2897.136230 0.000000 0.982160 0.000000 0.188045 0.752395 0.752395 0.752395
5572.148438 0.000000 2899.884033 0.000000 0.998252 0.000000 -0.059109 0.813584 0.813584 0.813584
5635.000488 0.000000 2982.588623 0.000000 0.392741 0.000000 0.919649 0.436341 0.436341 0.436341
5637.474609 0.000000 2975.268555 0.000000 0.500445 0.000000 -0.865768 1.184648 1.184648 1.184648
5632.224121 0.000000 2976.446289 0.000000 0.733355 0.000000 -0.679846 1.104580 1.104580 1.104580
5643.318359 0.000000 2994.506348 0.000000 0.829319 0.000000 -0.558776 0.956312 0.956312 0.956312
5638.579590 0.000000 2904.262207 0.000000 0.300292 0.000000 0.953847 0.481459 0.481459 0.481459
5622.625977 0.000000 2960.398438 0.000000 0.414548 0.000000 0.910028 0.427782 0.427782 0.427782
5717.962402 0.000000 2925.500488 0.000000 0.908203 0.000000 -0.418531 0.808625 0.808625 0.808625
5680.027344 0.000000 2916.643799 0.000000 0.848057 0.000000 -0.529905 0.813385 0.813385 0.813385
5654.562988 0.000000 2906.979980 0.000000 0.974075 0.000000 0.226225 0.792708 0.792708 0.792708
5734.605469 0.000000 2906.538086 0.000000 0.678327 0.000000 0.734760 0.771978 0.771978 0.771978
5664.019531 0.000000 2938.213623 0.000000 0.393310 0.000000 -0.919406 0.862908 0.862908 0.862908
5663.235352 0.000000 2955.896973 0.000000 0.165311 0.000000 0.986242 0.713027 0.713027 0.713027
5658.649902 0.000000 2993.755615 0.000000 0.787300 0.000000 -0.616570 0.837154 0.837154 0.837154
5705.003418 0.000000 2921.171875 0.000000 0.189965 0.000000 -0.981791 0.868888 0.868888 0.868888
5661.991211 0.000000 2896.103516 0.000000 0.944756 0.000000 -0.327776 0.826679 0.826679 0.826679
5655.161133 0.000000 2897.545898 0.000000 0.379415 0.000000 -0.925226 0.873160 0.873160 0.873160
5674.036133 0.000000 2948.295166 0.000000 0.999652 0.000000 -0.026386 0.801687 0.801687 0.801687
5700.125000 0.000000 2897.194336 0.000000 0.946880 0.000000 0.321587 0.772536 0.772536 0.772536
5656.678711 0.000000 2991.182617 0.000000 0.310721 0.000000 0.950501 0.707270 0.707270 0.707270
5720.947266 0.000000 2926.586914 0.000000 0.701718 0.000000 0.712454 0.727146 0.727146 0.727146
5672.124023 0.000000 2900.565186 0.000000 0.999884 0.000000 0.015231 0.798722 0.798722 0.798722
5671.646484 0.000000 2893.517334 0.000000 0.937661 0.000000 -0.347552 0.942496 0.942496 0.942496
5688.013672 0.000000 2943.938477 0.000000 0.854129 0.000000 0.520061 0.754122 0.754122 0.754122
5664.646484 0.000000 2890.168701 0.000000 0.576962 0.000000 0.816771 0.712189 0.712189 0.712189
5675.229004 0.000000 2905.968018 0.000000 0.606636 0.000000 -0.794979 0.886264 0.886264 0.886264
5672.084961 0.000000 2957.440186 0.000000 0.765506 0.000000 -0.643429 0.864216 0.864216 0.864216
5732.280762 0.000000 2895.265625 0.000000 0.666691 0.000000 0.745334 0.709294 0.709294 0.709294
5669.985352 0.000000 2898.051270 0.000000 0.979906 0.000000 0.199460 0.782754 0.782754 0.782754
5654.738281 0.000000 2904.091553 0.000000 0.145734 0.000000 -0.989324 0.947948 0.947948 0.947948
5697.940918 0.000000 2913.965576 0.000000 0.992774 0.000000 0.120003 0.745462 0.745462 0.745462
5710.241211 0.000000 2896.400146 0.000000 0.292489 0.000000 0.956269 0.657513 0.657513 0.657513
5727.306152 0.000000 2898.599121 0.000000 0.482502 0.000000 0.875895 0.710472 0.710472 0.710472
5705.827637 0.000000 2898.855469 0.000000 0.935319 0.000000 0.353805 0.760275 0.760275 0.760275
5735.330566 0.000000 2903.954590 0.000000 0.807307 0.000000 0.590131 0.743269 0.743269 0.743269
5657.444824 0.000000 2940.247559 0.000000 0.904111 0.000000 0.427297 0.741802 0.741802 0.741802
5681.749023 0.000000 2955.516357 0.000000 0.255096 0.000000 0.966916 0.668896 0.668896 0.668896
5723.601074 0.000000 2916.561035 0.000000 0.193783 0.000000 0.981044 0.632387 0.632387 0.632387
5664.105957 0.000000 2940.823242 0.000000 0.704269 0.000000 0.709933 0.700673 0.700673 0.700673
5678.049805 0.000000 2894.273926 0.000000 0.400788 0.000000 -0.916171 1.234964 1.234964 1.234964
5724.041504 0.000000 2923.815186 0.000000 0.988325 0.000000 0.152363 0.777393 0.777393 0.777393
5707.446777 0.000000 2901.117188 0.000000 0.416035 0.000000 -0.909348 0.932256 0.932256 0.932256
5690.374512 0.000000 2928.249268 0.000000 0.925131 0.000000 -0.379648 0.848221 0.848221 0.848221
5703.526367 0.000000 2919.228760 0.000000 0.992823 0.000000 -0.119589 0.815084 0.815084 0.815084
5690.572266 0.000000 2896.803223 0.000000 0.639309 0.000000 0.768950 0.691378 0.691378 0.691378
5733.675781 0.000000 2899.644043 0.000000 0.521649 0.000000 0.853160 0.638745 0.638745 0.638745
5689.220215 0.000000 2914.028564 0.000000 0.312077 0.000000 0.950057 0.597227 0.597227 0.597227
5695.671387 0.000000 2915.070557 0.000000 0.124811 0.000000 0.992180 0.286056 0.286056 0.286056
5700.771484 0.000000 2909.893555 0.000000 0.231836 0.000000 -0.972755 0.989568 0.989568 0.989568
5667.226074 0.000000 2949.883545 0.000000 0.109313 0.000000 -0.994007 1.045153 1.045153 1.045153
5660.303711 0.000000 2903.841064 0.000000 0.148322 0.000000 -0.988939 1.038554 1.038554 1.038554
5690.659668 0.000000 2910.034424 0.000000 0.657543 0.000000 -0.753417 0.941443 0.941443 0.941443
5685.530762 0.000000 2950.005615 0.000000 0.034533 0.000000 -0.999404 1.036257 1.036257 1.036257
5710.180664 0.000000 2904.859619 0.000000 0.709963 0.000000 -0.704239 0.937328 0.937328 0.937328
5706.791504 0.000000 2903.380371 0.000000 0.834037 0.000000 0.551708 0.707791 0.707791 0.707791
5713.935547 0.000000 2912.273193 0.000000 0.935051 0.000000 0.354513 0.750783 0.750783 0.750783
5674.402832 0.000000 2950.589111 0.000000 0.958975 0.000000 0.283491 0.759815 0.759815 0.759815
5690.635742 0.000000 2907.249512 0.000000 0.727778 0.000000 0.685813 0.686799 0.686799 0.686799
5723.544434 0.000000 2921.506348 0.000000 0.909010 0.000000 0.416774 0.718433 0.718433 0.718433
5686.247559 0.000000 2935.692383 0.000000 0.948796 0.000000 -0.315889 0.852636 0.852636 0.852636
5693.514648 0.000000 2931.369385 0.000000 0.604213 0.000000 0.796823 0.672937 0.672937 0.672937
5686.519531 0.000000 2907.805908 0.000000 0.250791 0.000000 0.968041 0.623726 0.623726 0.623726
5694.185547 0.000000 2897.170166 0.000000 0.283705 0.000000 0.958912 0.587293 0.587293 0.587293
5672.722656 0.000000 2952.425781 0.000000 0.546377 0.000000 0.837539 0.611635 0.611635 0.611635
5718.964355 0.000000 2902.182617 0.000000 0.412868 0.000000 -0.910791 0.962393 0.962393 0.962393
5665.026855 0.000000 2995.388184 0.000000 0.481417 0.000000 -0.876491 0.972862 0.972862 0.972862
5664.006836 0.000000 2950.968262 0.000000 0.043500 0.000000 -0.999053 1.007424 1.007424 1.007424
5668.486328 0.000000 2942.828613 0.000000 0.750563 0.000000 0.660799 0.693309 0.693309 0.693309
5699.945801 0.000000 2902.122314 0.000000 0.819951 0.000000 0.572434 0.708705 0.708705 0.708705
5693.638672 0.000000 2900.580566 0.000000 0.986053 0.000000 0.166430 0.746567 0.746567 0.746567
5713.705566 0.000000 2899.870850 0.000000 0.858767 0.000000 0.512367 0.709751 0.709751 0.709751
5667.964355 0.000000 2946.568359 0.000000 0.368626 0.000000 0.929578 0.566443 0.566443 0.566443
5684.281250 0.000000 2943.643066 0.000000 0.398632 0.000000 -0.917111 1.020242 1.020242 1.020242
5703.826660 0.000000 2899.923096 0.000000 0.985419 0.000000 0.170144 0.775072 0.775072 0.775072
5687.165039 0.000000 2910.295410 0.000000 0.043989 0.000000 -0.999032 1.056147 1.056147 1.056147
5674.702148 0.000000 2891.512451 0.000000 0.546752 0.000000 0.837294 0.465060 0.465060 0.465060
5661.992188 0.000000 2900.418701 0.000000 0.984398 0.000000 0.175957 0.766440 0.766440 0.766440
5677.197754 0.000000 2907.039795 0.000000 0.826699 0.000000 0.562644 0.715261 0.715261 0.715261
5676.886719 0.000000 2892.283203 0.000000 0.988322 0.000000 0.152377 0.746839 0.746839 0.746839
5689.542969 0.000000 2934.572021 0.000000 0.983211 0.000000 -0.182472 0.834817 0.834817 0.834817
5668.297363 0.000000 2992.685791 0.000000 0.095112 0.000000 0.995467 0.584868 0.584868 0.584868
5689.744629 0.000000 2902.876221 0.000000 0.355985 0.000000 -0.934492 1.173600 1.173600 1.173600
5685.757324 0.000000 2913.811279 0.000000 0.595320 0.000000 -0.803489 0.977050 0.977050 0.977050
5707.926270 0.000000 2917.781494 0.000000 0.806487 0.000000 0.591252 0.692605 0.692605 0.692605
5682.426758 0.000000 2896.191895 0.000000 0.297056 0.000000 -0.954860 1.276556 1.276556 1.276556
5658.908203 0.000000 2942.675293 0.000000 0.182336 0.000000 0.983236 0.597714 0.597714 0.597714
5701.604004 0.000000 2898.753662 0.000000 0.813106 0.000000 -0.582115 0.898034 0.898034 0.898034
5686.471191 0.000000 2900.693115 0.000000 0.296429 0.000000 -0.955055 1.248904 1.248904 1.248904
5713.654785 0.000000 2895.802246 0.000000 0.790244 0.000000 -0.612792 0.909341 0.909341 0.909341
5688.302246 0.000000 2938.964600 0.000000 0.941937 0.000000 0.335789 0.746653 0.746653 0.746653
5679.981445 0.000000 2896.597656 0.000000 0.191310 0.000000 -0.981530 1.323031 1.323031 1.323031
5715.326172 0.000000 2902.706787 0.000000 0.113998 0.000000 -0.993481 1.073453 1.073453 1.073453
5684.746094 0.000000 2939.546143 0.000000 0.007777 0.000000 0.999970 0.540897 0.540897 0.540897
5673.362793 0.000000 2894.714600 0.000000 0.982065 0.000000 -0.188543 0.860613 0.860613 0.860613
5679.571289 0.000000 2910.958740 0.000000 0.419539 0.000000 -0.907737 1.015895 1.015895 1.015895
5682.033691 0.000000 2947.380371 0.000000 0.528772 0.000000 -0.848764 0.984228 0.984228 0.984228
5676.292969 0.000000 2895.597412 0.000000 0.287967 0.000000 -0.957640 1.285233 1.285233 1.285233
5673.379395 0.000000 2954.409668 0.000000 0.999921 0.000000 -0.012541 0.802079 0.802079 0.802079
5730.988281 0.000000 2900.936768 0.000000 0.798124 0.000000 -0.602493 0.922688 0.922688 0.922688
5685.168457 0.000000 2947.883301 0.000000 0.596241 0.000000 0.802805 0.623167 0.623167 0.623167
5718.643066 0.000000 2916.947021 0.000000 0.223903 0.000000 0.974612 0.544807 0.544807 0.544807
5695.963379 0.000000 2890.646729 0.000000 0.996073 0.000000 0.088531 0.783180 0.783180 0.783180
5702.527344 0.000000 2906.492920 0.000000 0.973225 0.000000 -0.229856 0.836594 0.836594 0.836594
5690.775879 0.000000 2930.293213 0.000000 0.687963 0.000000 0.725745 0.645911 0.645911 0.645911
5676.882812 0.000000 2910.558594 0.000000 0.490582 0.000000 0.871395 0.609816 0.609816 0.609816
5722.721191 0.000000 2925.563965 0.000000 0.900471 0.000000 -0.434917 0.882676 0.882676 0.882676
5722.058594 0.000000 2920.148682 0.000000 0.965755 0.000000 -0.259455 0.849798 0.849798 0.849798
5685.513672 0.000000 2911.723877 0.000000 0.003208 0.000000 0.999995 0.521354 0.521354 0.521354
5683.578125 0.000000 2898.028076 0.000000 0.403848 0.000000 -0.914826 1.229095 1.229095 1.229095
5709.501465 0.000000 2911.106689 0.000000 0.833204 0.000000 -0.552965 0.913511 0.913511 0.913511
5674.232910 0.000000 2889.263184 0.000000 0.881791 0.000000 0.471640 0.685230 0.685230 0.685230
5704.450195 0.000000 2915.871826 0.000000 0.074505 0.000000 -0.997221 1.083890 1.083890 1.083890
5691.229492 0.000000 2914.596436 0.000000 0.802456 0.000000 0.596711 0.669743 0.669743 0.669743
5671.842773 0.000000 2905.129639 0.000000 0.210723 0.000000 -0.977546 1.046902 1.046902 1.046902
5669.422852 0.000000 2950.573975 0.000000 0.606562 0.000000 0.795036 0.632961 0.632961 0.632961
5676.861816 0.000000 2952.216553 0.000000 0.996980 0.000000 -0.077656 0.815525 0.815525 0.815525
5687.633301 0.000000 2899.073975 0.000000 0.999999 0.000000 -0.001440 0.800478 0.800478 0.800478
5731.107422 0.000000 2896.916504 0.000000 0.467626 0.000000 0.883927 0.594288 0.594288 0.594288
5694.582031 0.000000 2892.886475 0.000000 0.513969 0.000000 -0.857809 0.983263 0.983263 0.983263
5680.116211 0.000000 2899.566162 0.000000 0.999801 0.000000 -0.019957 0.806498 0.806498 0.806498
5664.349121 0.000000 2902.401611 0.000000 0.775138 0.000000 -0.631792 0.929755 0.929755 0.929755
5699.066895 0.000000 2908.986328 0.000000 0.716255 0.000000 -0.697838 0.948091 0.948091 0.948091
5710.945312 0.000000 2909.796387 0.000000 0.669028 0.000000 -0.743237 0.979062 0.979062 0.979062
5697.230957 0.000000 2916.166016 0.000000 0.918104 0.000000 -0.396340 0.897671 0.897671 0.897671
5667.829102 0.000000 2994.741943 0.000000 0.714588 0.000000 -0.699546 0.947001 0.947001 0.947001
5707.823242 0.000000 2907.587646 0.000000 0.845724 0.000000 0.533620 0.647109 0.647109 0.647109
5670.938477 0.000000 2891.723877 0.000000 0.836887 0.000000 0.547376 0.559375 0.559375 0.559375
5681.945312 0.000000 2950.425781 0.000000 0.703546 0.000000 -0.710649 0.959445 0.959445 0.959445
5679.740723 0.000000 2953.233398 0.000000 0.912513 0.000000 0.409049 0.715834 0.715834 0.715834
5686.053711 0.000000 2896.768555 0.000000 0.748617 0.000000 -0.663002 0.982403 0.982403 0.982403
5693.027832 0.000000 2912.942139 0.000000 0.257537 0.000000 -0.966269 1.171618 1.171618 1.171618
5673.147461 0.000000 2892.456787 0.000000 0.027775 0.000000 -0.999614 1.434845 1.434845 1.434845
5707.830566 0.000000 2910.487793 0.000000 0.756010 0.000000 -0.654561 0.955350 0.955350 0.955350
5697.413574 0.000000 2912.243652 0.000000 0.998522 0.000000 -0.054344 0.824650 0.824650 0.824650
5694.148438 0.000000 2898.891602 0.000000 0.993528 0.000000 0.113584 0.770445 0.770445 0.770445
5677.778320 0.000000 2890.618896 0.000000 0.921997 0.000000 -0.387198 0.893702 0.893702 0.893702
5691.536133 0.000000 2899.999512 0.000000 0.562398 0.000000 -0.826867 1.025543 1.025543 1.025543
5688.655762 0.000000 2904.290283 0.000000 0.967812 0.000000 0.251674 0.740550 0.740550 0.740550
5678.977539 0.000000 2898.286865 0.000000 0.908516 0.000000 0.417850 0.686353 0.686353 0.686353
5691.258789 0.000000 2903.665039 0.000000 0.735532 0.000000 -0.677490 1.024482 1.024482 1.024482
5672.104492 0.000000 2889.082520 0.000000 0.979564 0.000000 -0.201132 0.865928 0.865928 0.865928
5699.283691 0.000000 2914.985840 0.000000 0.637176 0.000000 -0.770718 1.126896 1.126896 1.126896
5683.969238 0.000000 2899.720459 0.000000 0.804586 0.000000 0.593836 0.563802 0.563802 0.563802
5692.947266 0.000000 2902.904785 0.000000 0.719409 0.000000 0.694587 0.574565 0.574565 0.574565
5670.005859 0.000000 2893.198975 0.000000 0.260875 0.000000 -0.965373 1.324636 1.324636 1.324636
5679.762207 0.000000 2893.377441 0.000000 0.984882 0.000000 0.173224 0.750275 0.750275 0.750275
5696.302246 0.000000 2911.030518 0.000000 0.821291 0.000000 0.570510 0.586586 0.586586 0.586586
5695.741211 0.000000 2898.200195 0.000000 0.089859 0.000000 -0.995954 1.184481 1.184481 1.184481
5763.754883 0.000000 2950.174561 0.000000 0.276803 0.000000 0.960927 0.766498 0.766498 0.766498
5761.462402 0.000000 2925.339355 0.000000 0.824367 0.000000 -0.566056 0.830044 0.830044 0.830044
5761.246094 0.000000 2930.880615 0.000000 0.209936 0.000000 -0.977715 0.897734 0.897734 0.897734
5756.179688 0.000000 2948.406494 0.000000 0.506648 0.000000 0.862153 0.721107 0.721107 0.721107
5779.605957 0.000000 2941.290283 0.000000 0.989487 0.000000 0.144621 0.789855 0.789855 0.789855
5792.376465 0.000000 2938.858643 0.000000 0.748452 0.000000 -0.663189 0.865166 0.865166 0.865166
5795.305176 0.000000 2933.275879 0.000000 0.873560 0.000000 -0.486716 0.855839 0.855839 0.855839
5759.658203 0.000000 2942.078613 0.000000 0.410848 0.000000 -0.911704 0.921458 0.921458 0.921458
5786.508789 0.000000 2938.609131 0.000000 0.630870 0.000000 0.775889 0.718406 0.718406 0.718406
5761.511719 0.000000 2928.125000 0.000000 0.618318 0.000000 0.785928 0.706093 0.706093 0.706093
5778.065918 0.000000 2939.329834 0.000000 0.840685 0.000000 -0.541524 0.883433 0.883433 0.883433
5771.827637 0.000000 2923.790771 0.000000 0.105555 0.000000 0.994413 0.586399 0.586399 0.586399
5791.290039 0.000000 2936.720703 0.000000 0.623747 0.000000 -0.781626 0.937989 0.937989 0.937989
5762.129395 0.000000 2942.944824 0.000000 0.508887 0.000000 -0.860834 0.984314 0.984314 0.984314
5783.627441 0.000000 2938.264160 0.000000 0.999930 0.000000 -0.011842 0.801656 0.801656 0.801656
5762.361328 0.000000 2946.200195 0.000000 0.223957 0.000000 0.974599 0.577051 0.577051 0.577051
5758.517090 0.000000 2944.032715 0.000000 0.985608 0.000000 -0.169047 0.829176 0.829176 0.829176
5787.794434 0.000000 2936.590576 0.000000 0.808192 0.000000 0.588920 0.695611 0.695611 0.695611
5773.776367 0.000000 2931.627197 0.000000 0.605419 0.000000 -0.795907 0.970977 0.970977 0.970977
5789.244629 0.000000 2932.560059 0.000000 0.400746 0.000000 -0.916189 0.968902 0.968902 0.968902
5767.552246 0.000000 2938.618652 0.000000 0.272076 0.000000 0.962276 0.554243 0.554243 0.554243
5772.356445 0.000000 2933.568115 0.000000 0.251680 0.000000 -0.967810 1.065542 1.065542 1.065542
5765.080078 0.000000 2936.019531 0.000000 0.502508 0.000000 0.864572 0.601857 0.601857 0.601857
5765.389648 0.000000 2945.427490 0.000000 0.999460 0.000000 0.032851 0.793766 0.793766 0.793766
5771.387695 0.000000 2937.596191 0.000000 0.954931 0.000000 0.296828 0.748236 0.748236 0.748236
5765.670898 0.000000 2937.975830 0.000000 0.890948 0.000000 -0.454105 0.889436 0.889436 0.889436
5764.864746 0.000000 2941.895996 0.000000 0.033358 0.000000 -0.999443 1.091709 1.091709 1.091709
5782.732910 0.000000 2934.315918 0.000000 0.793432 0.000000 -0.608659 0.924158 0.924158 0.924158
5768.538574 0.000000 2924.002197 0.000000 0.402835 0.000000 -0.915272 1.030918 1.030918 1.030918
5768.343750 0.000000 2926.342041 0.000000 0.903500 0.000000 0.428587 0.686767 0.686767 0.686767
5767.817871 0.000000 2930.429932 0.000000 0.227567 0.000000 0.973762 0.441050 0.441050 0.441050
5771.253418 0.000000 2929.202393 0.000000 0.912778 0.000000 -0.408457 0.903365 0.903365 0.903365
5644.996094 0.000000 3071.487549 0.000000 0.991084 0.000000 0.133238 0.797064 0.797064 0.797064
5607.679199 0.000000 3091.553223 0.000000 0.999477 0.000000 -0.032337 0.801227 0.801227 0.801227
5626.770020 0.000000 3097.297852 0.000000 0.812530 0.000000 -0.582920 0.818644 0.818644 0.818644
5625.491699 0.000000 3072.930420 0.000000 0.163531 0.000000 0.986538 0.757862 0.757862 0.757862
5600.156738 0.000000 3079.397461 0.000000 0.999055 0.000000 0.043463 0.798350 0.798350 0.798350
5589.075684 0.000000 3025.543457 0.000000 0.999431 0.000000 -0.033739 0.801820 0.801820 0.801820
5584.863281 0.000000 3017.659912 0.000000 0.999407 0.000000 0.034429 0.797937 0.797937 0.797937
5649.226074 0.000000 3032.806152 0.000000 0.375359 0.000000 0.926880 0.726569 0.726569 0.726569
5613.871582 0.000000 3077.226562 0.000000 0.743539 0.000000 -0.668693 0.849738 0.849738 0.849738
5587.043945 0.000000 3055.279541 0.000000 0.416841 0.000000 0.908979 0.702024 0.702024 0.702024
5653.392578 0.000000 3076.046143 0.000000 0.723947 0.000000 -0.689856 0.857778 0.857778 0.857778
5579.912598 0.000000 3018.136963 0.000000 0.942610 0.000000 -0.333897 0.823798 0.823798 0.823798
5654.004395 0.000000 3071.680664 0.000000 0.869909 0.000000 0.493212 0.750554 0.750554 0.750554
5599.207520 0.000000 3082.273438 0.000000 0.646143 0.000000 -0.763217 0.874569 0.874569 0.874569
5606.253418 0.000000 3021.769043 0.000000 0.453590 0.000000 -0.891210 0.883485 0.883485 0.883485
5608.723633 0.000000 3006.825684 0.000000 0.867724 0.000000 -0.497046 0.850908 0.850908 0.850908
5602.981934 0.000000 3080.609375 0.000000 0.342936 0.000000 0.939359 0.695160 0.695160 0.695160
5585.092773 0.000000 3064.424561 0.000000 0.287108 0.000000 -0.957898 0.943116 0.943116 0.943116
5638.123535 0.000000 3086.466309 0.000000 0.646554 0.000000 -0.762868 0.883188 0.883188 0.883188
5647.951660 0.000000 3071.197510 0.000000 0.648099 0.000000 -0.761556 0.872619 0.872619 0.872619
5612.085938 0.000000 3085.124023 0.000000 0.756607 0.000000 -0.653870 0.874017 0.874017 0.874017
5618.729492 0.000000 3088.033447 0.000000 0.665861 0.000000 -0.746076 0.879053 0.879053 0.879053
5627.070312 0.000000 3026.008301 0.000000 0.065622 0.000000 0.997845 0.661720 0.661720 0.661720
5571.855957 0.000000 3051.856689 0.000000 0.584519 0.000000 0.811380 0.714932 0.714932 0.714932
5645.168457 0.000000 3080.029785 0.000000 0.960862 0.000000 0.277027 0.771408 0.771408 0.771408
5620.497559 0.000000 2998.519775 0.000000 0.671050 0.000000 -0.741412 0.886738 0.886738 0.886738
5629.502441 0.000000 3086.821045 0.000000 0.673006 0.000000 0.739637 0.723513 0.723513 0.723513
5623.249023 0.000000 3003.384521 0.000000 0.047194 0.000000 -0.998886 0.976492 0.976492 0.976492
5573.168457 0.000000 3027.700195 0.000000 0.727663 0.000000 0.685935 0.730554 0.730554 0.730554
5636.810059 0.000000 3076.230713 0.000000 0.729146 0.000000 -0.684358 0.875268 0.875268 0.875268
5609.947266 0.000000 3071.843018 0.000000 0.890687 0.000000 -0.454616 0.858440 0.858440 0.858440
5648.394043 0.000000 2998.156982 0.000000 0.439741 0.000000 0.898124 0.675238 0.675238 0.675238
5628.165039 0.000000 3089.473877 0.000000 0.922084 0.000000 -0.386989 0.846031 0.846031 0.846031
5633.517578 0.000000 3018.299316 0.000000 0.430668 0.000000 0.902510 0.671863 0.671863 0.671863
5587.798828 0.000000 3077.147949 0.000000 0.169134 0.000000 -0.985593 0.962274 0.962274 0.962274
5626.095215 0.000000 3094.526123 0.000000 0.646988 0.000000 -0.762500 0.883133 0.883133 0.883133
5624.672363 0.000000 3085.300537 0.000000 0.502576 0.000000 -0.864533 0.900107 0.900107 0.900107
5590.980957 0.000000 3006.613770 0.000000 0.965814 0.000000 -0.259235 0.836138 0.836138 0.836138
5649.785645 0.000000 3078.454834 0.000000 0.940894 0.000000 0.338701 0.762043 0.762043 0.762043
5615.186523 0.000000 2999.070557 0.000000 0.989913 0.000000 -0.141678 0.817319 0.817319 0.817319
5609.562988 0.000000 3084.577637 0.000000 0.253838 0.000000 0.967247 0.639895 0.639895 0.639895
5596.448730 0.000000 3018.801758 0.000000 0.130122 0.000000 0.991498 0.618772 0.618772 0.618772
5637.820801 0.000000 3015.018555 0.000000 0.728489 0.000000 -0.685057 0.896466 0.896466 0.896466
5653.422852 0.000000 3004.072998 0.000000 0.991891 0.000000 0.127095 0.784474 0.784474 0.784474
5574.974609 0.000000 3022.228027 0.000000 0.053541 0.000000 0.998566 0.596972 0.596972 0.596972
5630.590332 0.000000 3082.777100 0.000000 0.784783 0.000000 0.619770 0.702541 0.702541 0.702541
5578.851074 0.000000 3070.993408 0.000000 0.996499 0.000000 -0.083606 0.810532 0.810532 0.810532
5602.218262 0.000000 3071.746338 0.000000 0.641334 0.000000 -0.767262 0.936243 0.936243 0.936243
5609.925781 0.000000 3080.058105 0.000000 0.044896 0.000000 -0.998992 1.031614 1.031614 1.031614
5646.683594 0.000000 3006.628418 0.000000 0.633652 0.000000 0.773618 0.699303 0.699303 0.699303
5592.948730 0.000000 3077.585205 0.000000 0.986174 0.000000 0.165715 0.738154 0.738154 0.738154
5576.874512 0.000000 3053.615967 0.000000 0.322076 0.000000 -0.946714 0.956386 0.956386 0.956386
5633.370605 0.000000 3093.926514 0.000000 0.214573 0.000000 -0.976708 0.986669 0.986669 0.986669
5608.679199 0.000000 3022.054932 0.000000 0.714452 0.000000 -0.699685 0.889771 0.889771 0.889771
5576.483398 0.000000 3067.063721 0.000000 0.759349 0.000000 -0.650684 0.916031 0.916031 0.916031
5610.407715 0.000000 3075.111084 0.000000 0.753499 0.000000 -0.657449 0.893137 0.893137 0.893137
5629.911621 0.000000 3015.194580 0.000000 0.266512 0.000000 -0.963832 0.955907 0.955907 0.955907
5587.221680 0.000000 3065.461914 0.000000 0.960712 0.000000 0.277547 0.752255 0.752255 0.752255
5585.683105 0.000000 3019.973633 0.000000 0.024316 0.000000 -0.999704 1.013119 1.013119 1.013119
5595.090332 0.000000 3007.518799 0.000000 0.284684 0.000000 -0.958621 0.966445 0.966445 0.966445
5591.931152 0.000000 2996.330322 0.000000 0.588261 0.000000 -0.808671 0.942970 0.942970 0.942970
5603.667480 0.000000 3017.018799 0.000000 0.805716 0.000000 -0.592302 0.897488 0.897488 0.897488
5606.993652 0.000000 3071.863770 0.000000 0.100199 0.000000 -0.994967 1.014386 1.014386 1.014386
5652.551758 0.000000 3073.868896 0.000000 0.846740 0.000000 -0.532007 0.885150 0.885150 0.885150
5608.021484 0.000000 3078.607910 0.000000 0.329706 0.000000 0.944084 0.597772 0.597772 0.597772
5635.411133 0.000000 3081.988770 0.000000 0.905847 0.000000 0.423605 0.740593 0.740593 0.740593
5604.787598 0.000000 2995.577148 0.000000 0.903303 0.000000 0.429002 0.734469 0.734469 0.734469
5631.142578 0.000000 3018.019531 0.000000 0.998681 0.000000 -0.051339 0.806975 0.806975 0.806975
5643.733398 0.000000 2997.756104 0.000000 0.003931 0.000000 -0.999992 1.331999 1.331999 1.331999
5587.410645 0.000000 3057.573486 0.000000 0.101577 0.000000 0.994828 0.562344 0.562344 0.562344
5573.908203 0.000000 3057.092285 0.000000 0.680648 0.000000 0.732611 0.648933 0.648933 0.648933
5639.053711 0.000000 3083.858887 0.000000 0.319375 0.000000 -0.947628 1.006505 1.006505 1.006505
5627.607422 0.000000 3014.755371 0.000000 0.098807 0.000000 0.995107 0.585410 0.585410 0.585410
5578.251953 0.000000 3064.157959 0.000000 0.818072 0.000000 0.575116 0.708215 0.708215 0.708215
5603.643555 0.000000 3014.233887 0.000000 0.436226 0.000000 -0.899837 0.972149 0.972149 0.972149
5644.388672 0.000000 3077.898438 0.000000 0.652558 0.000000 0.757739 0.642008 0.642008 0.642008
5579.877930 0.000000 3023.118652 0.000000 0.750704 0.000000 -0.660638 0.936928 0.936928 0.936928
5628.733398 0.000000 3094.343262 0.000000 0.455787 0.000000 -0.890089 0.949059 0.949059 0.949059
5610.983398 0.000000 3005.112793 0.000000 0.429837 0.000000 0.902906 0.602013 0.602013 0.602013
5594.022461 0.000000 3066.543945 0.000000 0.956687 0.000000 -0.291119 0.904426 0.904426 0.904426
5631.245605 0.000000 3013.368164 0.000000 0.873382 0.000000 0.487036 0.720753 0.720753 0.720753
5631.158203 0.000000 3006.399658 0.000000 0.897163 0.000000 0.441699 0.715024 0.715024 0.715024
5573.861328 0.000000 3050.693604 0.000000 0.834351 0.000000 -0.551234 0.887455 0.887455 0.887455
5599.527344 0.000000 3014.790283 0.000000 0.461471 0.000000 -0.887155 0.972163 0.972163 0.972163
5651.515137 0.000000 3069.904541 0.000000 0.745734 0.000000 -0.666244 0.936893 0.936893 0.936893
5626.666992 0.000000 3023.751221 0.000000 0.996278 0.000000 0.086203 0.784141 0.784141 0.784141
5607.193359 0.000000 3004.154541 0.000000 0.609484 0.000000 -0.792798 0.975512 0.975512 0.975512
5585.730469 0.000000 3059.410156 0.000000 0.999912 0.000000 0.013298 0.797583 0.797583 0.797583
5631.972168 0.000000 3009.166992 0.000000 0.574771 0.000000 0.818314 0.618142 0.618142 0.618142
5591.604492 0.000000 3066.468994 0.000000 0.957608 0.000000 0.288076 0.707787 0.707787 0.707787
5578.858887 0.000000 3068.664062 0.000000 0.591893 0.000000 -0.806016 0.972242 0.972242 0.972242
5597.227051 0.000000 3023.590332 0.000000 0.829593 0.000000 0.558369 0.710077 0.710077 0.710077
5577.014648 0.000000 3057.952637 0.000000 0.529487 0.000000 0.848318 0.626039 0.626039 0.626039
5587.632324 0.000000 3068.123047 0.000000 0.013284 0.000000 -0.999912 1.042636 1.042636 1.042636
5617.714355 0.000000 3002.354980 0.000000 0.995666 0.000000 0.093001 0.786235 0.786235 0.786235
5626.713379 0.000000 3006.855225 0.000000 0.431023 0.000000 -0.902341 0.959554 0.959554 0.959554
5629.698242 0.000000 3091.365723 0.000000 0.680682 0.000000 0.732579 0.650584 0.650584 0.650584
5603.040527 0.000000 3005.916992 0.000000 0.732625 0.000000 0.680632 0.692347 0.692347 0.692347
5601.179199 0.000000 2997.731201 0.000000 0.616593 0.000000 -0.787282 1.125849 1.125849 1.125849
5621.504883 0.000000 3078.710693 0.000000 0.703746 0.000000 -0.710452 1.099839 1.099839 1.099839
5649.114258 0.000000 3073.262695 0.000000 0.174272 0.000000 0.984698 0.540771 0.540771 0.540771
5582.536133 0.000000 3067.920898 0.000000 0.939279 0.000000 -0.343156 0.853168 0.853168 0.853168
5600.172852 0.000000 3017.279785 0.000000 0.488238 0.000000 0.872711 0.588147 0.588147 0.588147
5614.206055 0.000000 3085.594727 0.000000 0.413479 0.000000 0.910514 0.612557 0.612557 0.612557
5587.709961 0.000000 2998.496826 0.000000 0.855160 0.000000 0.518365 0.719461 0.719461 0.719461
5589.894531 0.000000 2999.267578 0.000000 0.452782 0.000000 -0.891621 1.008885 1.008885 1.008885
5616.491211 0.000000 3088.299561 0.000000 0.942139 0.000000 0.335223 0.746746 0.746746 0.746746
5616.570801 0.000000 3083.875732 0.000000 0.158099 0.000000 -0.987423 1.090477 1.090477 1.090477
5635.226074 0.000000 3012.144043 0.000000 0.455796 0.000000 0.890084 0.602717 0.602717 0.602717
5599.479004 0.000000 3007.677490 0.000000 0.686031 0.000000 -0.727573 0.954594 0.954594 0.954594
5651.149414 0.000000 3008.387939 0.000000 0.889542 0.000000 -0.456852 0.881493 0.881493 0.881493
5626.662598 0.000000 3002.786621 0.000000 0.947270 0.000000 0.320437 0.738109 0.738109 0.738109
5637.638184 0.000000 3079.924805 0.000000 0.423749 0.000000 -0.905779 0.978801 0.978801 0.978801
5600.215332 0.000000 3064.775879 0.000000 0.352035 0.000000 -0.935987 1.182164 1.182164 1.182164
5592.989258 0.000000 3003.582031 0.000000 0.998518 0.000000 -0.054420 0.809134 0.809134 0.809134
5628.333984 0.000000 3009.691162 0.000000 0.434463 0.000000 0.900690 0.623071 0.623071 0.623071
5596.126465 0.000000 3001.087891 0.000000 0.985020 0.000000 0.172443 0.767463 0.767463 0.767463
5602.525391 0.000000 2999.365967 0.000000 0.049201 0.000000 -0.998789 1.362206 1.362206 1.362206
5652.153809 0.000000 2995.729248 0.000000 0.340343 0.000000 0.940302 0.572740 0.572740 0.572740
5618.736816 0.000000 3085.545898 0.000000 0.147609 0.000000 0.989046 0.544277 0.544277 0.544277
5622.801758 0.000000 3013.876709 0.000000 0.700289 0.000000 0.713859 0.650747 0.650747 0.650747
5649.571777 0.000000 3005.457031 0.000000 0.232151 0.000000 0.972680 0.546414 0.546414 0.546414
5598.853516 0.000000 2998.243896 0.000000 0.998158 0.000000 0.060663 0.779148 0.779148 0.779148
5589.300781 0.000000 3002.581787 0.000000 0.024924 0.000000 -0.999689 1.046998 1.046998 1.046998
5586.387207 0.000000 3061.394043 0.000000 0.473567 0.000000 -0.880758 1.004435 1.004435 1.004435
5634.250488 0.000000 3016.355469 0.000000 0.963359 0.000000 0.268217 0.752817 0.752817 0.752817
5597.650879 0.000000 3065.695801 0.000000 0.969805 0.000000 -0.243882 0.886601 0.886601 0.886601
5618.503418 0.000000 3080.830322 0.000000 0.976047 0.000000 0.217560 0.733859 0.733859 0.733859
5631.650879 0.000000 3023.931396 0.000000 0.242254 0.000000 -0.970213 1.011884 1.011884 1.011884
5602.359375 0.000000 3018.601318 0.000000 0.999981 0.000000 0.006117 0.798913 0.798913 0.798913
5605.847168 0.000000 3023.798584 0.000000 0.078839 0.000000 0.996887 0.543752 0.543752 0.543752
5592.758301 0.000000 3062.160645 0.000000 0.128958 0.000000 0.991650 0.385427 0.385427 0.385427
5598.521484 0.000000 3018.708252 0.000000 0.281268 0.000000 -0.959629 1.082459 1.082459 1.082459
5620.282227 0.000000 3076.155273 0.000000 0.478314 0.000000 -0.878189 1.204680 1.204680 1.204680
5587.240723 0.000000 2996.247559 0.000000 0.928544 0.000000 -0.371222 0.868364 0.868364 0.868364
5608.517578 0.000000 3075.983887 0.000000 0.586500 0.000000 0.809949 0.620875 0.620875 0.620875
5622.522461 0.000000 3081.300049 0.000000 0.811685 0.000000 -0.584095 1.032966 1.032966 1.032966
5580.479980 0.000000 3067.477539 0.000000 0.207194 0.000000 0.978300 0.560603 0.560603 0.560603
5608.707520 0.000000 3001.669922 0.000000 0.975768 0.000000 -0.218808 0.870492 0.870492 0.870492
5628.563477 0.000000 3024.586182 0.000000 0.471470 0.000000 -0.881882 1.004886 1.004886 1.004886
5602.889160 0.000000 3069.825439 0.000000 0.590189 0.000000 -0.807265 1.053316 1.053316 1.053316
5600.641113 0.000000 3006.058350 0.000000 0.626126 0.000000 -0.779722 0.957166 0.957166 0.957166
5586.780273 0.000000 3073.899658 0.000000 0.726784 0.000000 -0.686867 0.960298 0.960298 0.960298
5645.872559 0.000000 2997.291992 0.000000 0.232908 0.000000 -0.972499 1.186827 1.186827 1.186827
5601.420898 0.000000 3066.569824 0.000000 0.021590 0.000000 -0.999767 1.347661 1.347661 1.347661
5605.406738 0.000000 3003.148926 0.000000 0.990310 0.000000 -0.138871 0.833113 0.833113 0.833113
5649.133301 0.000000 3002.681641 0.000000 0.367108 0.000000 0.930178 0.566123 0.566123 0.566123
5598.067871 0.000000 3000.790039 0.000000 0.478331 0.000000 0.878179 0.547347 0.547347 0.547347
5644.115234 0.000000 3003.900879 0.000000 0.298188 0.000000 0.954507 0.455580 0.455580 0.455580
5648.536621 0.000000 3076.969482 0.000000 0.530906 0.000000 -0.847431 0.985791 0.985791 0.985791
5588.931641 0.000000 3061.471436 0.000000 0.773354 0.000000 -0.633975 0.935775 0.935775 0.935775
5605.312500 0.000000 3084.672119 0.000000 0.329861 0.000000 0.944030 0.565742 0.565742 0.565742
5607.589844 0.000000 2999.870850 0.000000 0.829010 0.000000 -0.559233 0.981348 0.981348 0.981348
5653.650391 0.000000 3032.628906 0.000000 0.434156 0.000000 0.900838 0.587172 0.587172 0.587172
5642.621094 0.000000 2996.148438 0.000000 0.476338 0.000000 -0.879262 1.164761 1.164761 1.164761
5627.532227 0.000000 3079.069580 0.000000 0.281814 0.000000 -0.959469 1.084901 1.084901 1.084901
5640.666016 0.000000 3078.776367 0.000000 0.655059 0.000000 0.755577 0.637483 0.637483 0.637483
5607.040039 0.000000 3083.568359 0.000000 0.073252 0.000000 -0.997313 1.084128 1.084128 1.084128
5624.135254 0.000000 3077.809570 0.000000 0.999974 0.000000 -0.007155 0.801586 0.801586 0.801586
5594.010254 0.000000 3072.490967 0.000000 0.621096 0.000000 -0.783734 0.996072 0.996072 0.996072
5611.421387 0.000000 2999.987549 0.000000 0.194572 0.000000 0.980888 0.519892 0.519892 0.519892
5617.067871 0.000000 3082.064941 0.000000 0.539611 0.000000 0.841915 0.594115 0.594115 0.594115
5645.945312 0.000000 3003.981689 0.000000 0.999994 0.000000 -0.003392 0.800921 0.800921 0.800921
5617.640625 0.000000 3078.926270 0.000000 0.641496 0.000000 0.767126 0.552028 0.552028 0.552028
5596.498535 0.000000 3063.090088 0.000000 0.727930 0.000000 -0.685651 0.984087 0.984087 0.984087
5641.030762 0.000000 2999.224121 0.000000 0.879161 0.000000 0.476525 0.655164 0.655164 0.655164
5611.553711 0.000000 3003.304443 0.000000 0.987319 0.000000 0.158747 0.758926 0.758926 0.758926
5644.594238 0.000000 3000.598877 0.000000 0.176711 0.000000 0.984263 0.310287 0.310287 0.310287
5647.750977 0.000000 2999.912109 0.000000 0.957666 0.000000 -0.287881 0.867070 0.867070 0.867070
5605.550781 0.000000 2997.283691 0.000000 0.477102 0.000000 -0.878848 1.110868 1.110868 1.110868
5595.839355 0.000000 3077.682861 0.000000 0.292289 0.000000 -0.956330 1.219898 1.219898 1.219898
5605.168457 0.000000 3000.735596 0.000000 0.494280 0.000000 -0.869303 1.134642 1.134642 1.134642
5613.916504 0.000000 3002.538574 0.000000 0.684620 0.000000 -0.728900 0.982691 0.982691 0.982691
5592.697266 0.000000 3075.782227 0.000000 0.996784 0.000000 -0.080139 0.828841 0.828841 0.828841
5625.274902 0.000000 3079.142334 0.000000 0.005617 0.000000 -0.999984 1.306418 1.306418 1.306418
5588.890625 0.000000 3065.075439 0.000000 0.527249 0.000000 -0.849711 1.063649 1.063649 1.063649
5591.618164 0.000000 3069.924072 0.000000 0.652331 0.000000 -0.757934 1.026764 1.026764 1.026764
5619.483887 0.000000 3079.477783 0.000000 0.955669 0.000000 0.294442 0.688973 0.688973 0.688973
5597.589844 0.000000 3067.342529 0.000000 0.948021 0.000000 0.318209 0.684872 0.684872 0.684872
5591.187500 0.000000 3062.660400 0.000000 0.843776 0.000000 -0.536696 0.951617 0.951617 0.951617
5624.656738 0.000000 3080.808105 0.000000 0.962931 0.000000 0.269749 0.708354 0.708354 0.708354
5618.652344 0.000000 3076.303467 0.000000 0.499644 0.000000 0.866231 0.402458 0.402458 0.402458
5621.777344 0.000000 3075.158936 0.000000 0.672933 0.000000 0.739704 0.547230 0.547230 0.547230
5607.138672 0.000000 2998.325439 0.000000 0.469406 0.000000 0.882983 0.469311 0.469311 0.469311
5643.242188 0.000000 3001.499756 0.000000 0.326010 0.000000 0.945366 0.354678 0.354678 0.354678
5655.204590 0.000000 3040.305664 0.000000 0.045078 0.000000 0.998984 0.787811 0.787811 0.787811
5659.208984 0.000000 3008.601074 0.000000 0.046784 0.000000 -0.998905 0.860876 0.860876 0.860876
5661.216309 0.000000 3031.614746 0.000000 0.345611 0.000000 -0.938378 0.851081 0.851081 0.851081
5659.465820 0.000000 3021.880127 0.000000 0.750680 0.000000 -0.660666 0.846125 0.846125 0.846125
5655.161133 0.000000 3004.530273 0.000000 0.230209 0.000000 -0.973141 0.898913 0.898913 0.898913
5662.417969 0.000000 3009.563232 0.000000 0.766111 0.000000 -0.642708 0.847400 0.847400 0.847400
5670.434570 0.000000 2995.656250 0.000000 0.489245 0.000000 -0.872146 0.901579 0.901579 0.901579
5665.835449 0.000000 3008.094971 0.000000 0.804052 0.000000 -0.594559 0.850867 0.850867 0.850867
5656.934570 0.000000 3022.506592 0.000000 0.950283 0.000000 0.311386 0.766481 0.766481 0.766481
5657.694824 0.000000 3000.958740 0.000000 0.876192 0.000000 0.481963 0.727683 0.727683 0.727683
5661.966797 0.000000 3022.228027 0.000000 0.562169 0.000000 -0.827022 0.940032 0.940032 0.940032
5665.926270 0.000000 3000.751465 0.000000 0.572027 0.000000 -0.820235 0.994020 0.994020 0.994020
5656.109375 0.000000 2999.108887 0.000000 0.347837 0.000000 -0.937555 1.028205 1.028205 1.028205
5656.729004 0.000000 3026.909180 0.000000 0.123546 0.000000 -0.992339 1.074538 1.074538 1.074538
5665.208496 0.000000 3004.646240 0.000000 0.895770 0.000000 0.444518 0.699720 0.699720 0.699720
5655.487793 0.000000 3029.188232 0.000000 0.300651 0.000000 -0.953734 1.040098 1.040098 1.040098
5667.894043 0.000000 3002.432861 0.000000 0.841527 0.000000 -0.540215 0.941336 0.941336 0.941336
5661.891113 0.000000 3001.114746 0.000000 0.713593 0.000000 0.700560 0.652729 0.652729 0.652729
5663.564453 0.000000 3003.932129 0.000000 0.999994 0.000000 0.003575 0.799279 0.799279 0.799279
5571.519531 0.000000 3164.380615 0.000000 0.500885 0.000000 -0.865514 0.848058 0.848058 0.848058
5572.327637 0.000000 3196.670166 0.000000 0.335366 0.000000 -0.942088 0.907985 0.907985 0.907985
5571.496582 0.000000 3174.376709 0.000000 0.949418 0.000000 0.314014 0.761723 0.761723 0.761723
5570.597168 0.000000 3185.247559 0.000000 0.178309 0.000000 0.983975 0.669377 0.669377 0.669377
5579.516602 0.000000 3192.077393 0.000000 0.272551 0.000000 -0.962141 0.942226 0.942226 0.942226
5579.929199 0.000000 3194.602539 0.000000 0.789125 0.000000 -0.614233 0.896433 0.896433 0.896433
5577.298340 0.000000 3191.217773 0.000000 0.310275 0.000000 0.950647 0.599427 0.599427 0.599427
5573.223145 0.000000 3188.734619 0.000000 0.004216 0.000000 0.999991 0.549693 0.549693 0.549693
5575.969238 0.000000 3181.740234 0.000000 0.372965 0.000000 -0.927846 1.001782 1.001782 1.001782
5578.034668 0.000000 3209.356934 0.000000 0.981725 0.000000 -0.190305 0.862334 0.862334 0.862334
5581.305176 0.000000 3206.654541 0.000000 0.351299 0.000000 -0.936263 1.228398 1.228398 1.228398
5576.694824 0.000000 3200.607910 0.000000 0.259064 0.000000 0.965860 0.549068 0.549068 0.549068
5567.623047 0.000000 3179.229248 0.000000 0.729333 0.000000 -0.684159 0.935434 0.935434 0.935434
5569.422363 0.000000 3174.181152 0.000000 0.998904 0.000000 -0.046807 0.808884 0.808884 0.808884
5567.630371 0.000000 3166.163574 0.000000 0.762298 0.000000 0.647226 0.666436 0.666436 0.666436
5569.974121 0.000000 3176.212891 0.000000 0.713188 0.000000 0.700972 0.652619 0.652619 0.652619
5575.407715 0.000000 3188.144531 0.000000 0.988916 0.000000 0.148475 0.771724 0.771724 0.771724
5579.759766 0.000000 3198.979004 0.000000 0.370114 0.000000 0.928986 0.573896 0.573896 0.573896
5579.656250 0.000000 3205.575684 0.000000 0.740432 0.000000 -0.672131 1.066456 1.066456 1.066456
5573.998535 0.000000 3182.077881 0.000000 0.989795 0.000000 -0.142499 0.827130 0.827130 0.827130
5575.875977 0.000000 3185.620850 0.000000 0.999861 0.000000 -0.016657 0.803161 0.803161 0.803161
5580.836914 0.000000 3208.710693 0.000000 0.943306 0.000000 -0.331924 0.912175 0.912175 0.912175
5577.314941 0.000000 3202.653809 0.000000 0.803916 0.000000 0.594742 0.649889 0.649889 0.649889
5577.809570 0.000000 3206.327393 0.000000 0.982839 0.000000 0.184464 0.749236 0.749236 0.749236
5576.092285 0.000000 3204.169922 0.000000 0.568945 0.000000 0.822375 0.533870 0.533870 0.533870
5709.132324 0.000000 3206.026367 0.000000 0.999992 0.000000 0.004078 0.799959 0.799959 0.799959
5733.642090 0.000000 3184.517334 0.000000 0.977913 0.000000 -0.209014 0.802944 0.802944 0.802944
5729.035645 0.000000 3187.089111 0.000000 0.979802 0.000000 0.199968 0.792762 0.792762 0.792762
5740.125977 0.000000 3190.350342 0.000000 0.999631 0.000000 -0.027150 0.801410 0.801410 0.801410
5735.661621 0.000000 3187.929443 0.000000 0.375118 0.000000 -0.926977 0.875817 0.875817 0.875817
5734.805176 0.000000 3194.244629 0.000000 0.674127 0.000000 -0.738615 0.897924 0.897924 0.897924
5729.520996 0.000000 3190.152344 0.000000 0.414598 0.000000 -0.910004 0.946140 0.946140 0.946140
5732.080566 0.000000 3199.149170 0.000000 0.875205 0.000000 0.483753 0.741508 0.741508 0.741508
5718.364746 0.000000 3208.574951 0.000000 0.869355 0.000000 0.494188 0.731863 0.731863 0.731863
5721.873535 0.000000 3205.562500 0.000000 0.875490 0.000000 -0.483235 0.860438 0.860438 0.860438
5728.982422 0.000000 3209.435059 0.000000 0.560002 0.000000 0.828491 0.665442 0.665442 0.665442
5723.811035 0.000000 3208.272705 0.000000 0.642993 0.000000 0.765872 0.672806 0.672806 0.672806
5730.671875 0.000000 3192.242920 0.000000 0.427030 0.000000 -0.904237 0.987253 0.987253 0.987253
5702.148438 0.000000 3207.726562 0.000000 0.729900 0.000000 -0.683554 0.906725 0.906725 0.906725
5736.606934 0.000000 3197.052490 0.000000 0.531599 0.000000 -0.846996 0.957391 0.957391 0.957391
5734.563477 0.000000 3190.025879 0.000000 0.681488 0.000000 0.731829 0.644225 0.644225 0.644225
5740.548340 0.000000 3197.512451 0.000000 0.965895 0.000000 0.258935 0.748735 0.748735 0.748735
5731.558105 0.000000 3205.733398 0.000000 0.871181 0.000000 0.490962 0.685203 0.685203 0.685203
5732.892578 0.000000 3204.008789 0.000000 0.612978 0.000000 -0.790100 1.092928 1.092928 1.092928
5739.249023 0.000000 3196.016113 0.000000 0.590310 0.000000 -0.807177 0.980107 0.980107 0.980107
5729.250977 0.000000 3199.455078 0.000000 0.884158 0.000000 -0.467188 0.899029 0.899029 0.899029
5738.496094 0.000000 3200.704102 0.000000 0.852818 0.000000 -0.522209 0.906444 0.906444 0.906444
5740.210449 0.000000 3206.369873 0.000000 0.979076 0.000000 0.203497 0.752522 0.752522 0.752522
5736.868652 0.000000 3208.275391 0.000000 0.655462 0.000000 -0.755228 1.042769 1.042769 1.042769
5725.295410 0.000000 3198.532715 0.000000 0.924880 0.000000 0.380258 0.677685 0.677685 0.677685
5723.513672 0.000000 3199.108154 0.000000 0.378220 0.000000 0.925716 0.457426 0.457426 0.457426
5737.501953 0.000000 3202.186279 0.000000 0.934121 0.000000 -0.356955 0.880191 0.880191 0.880191
5735.354980 0.000000 3204.934814 0.000000 0.931776 0.000000 -0.363034 0.926143 0.926143 0.926143
5758.978516 0.000000 3195.652832 0.000000 0.787738 0.000000 0.616011 0.770839 0.770839 0.770839
5768.855469 0.000000 3186.161621 0.000000 0.628145 0.000000 -0.778096 0.837397 0.837397 0.837397
5757.892090 0.000000 3200.633301 0.000000 0.065320 0.000000 -0.997864 0.872161 0.872161 0.872161
5768.530762 0.000000 3193.347412 0.000000 0.653984 0.000000 0.756509 0.436728 0.436728 0.436728
5751.877930 0.000000 3204.466797 0.000000 0.959049 0.000000 -0.283239 0.820648 0.820648 0.820648
5764.426758 0.000000 3200.948975 0.000000 0.059123 0.000000 0.998251 0.636968 0.636968 0.636968
5746.312012 0.000000 3196.670166 0.000000 0.999510 0.000000 0.031290 0.796437 0.796437 0.796437
5767.424805 0.000000 3195.924316 0.000000 0.807038 0.000000 0.590500 0.514876 0.514876 0.514876
5798.053223 0.000000 3203.764160 0.000000 0.431781 0.000000 -0.901979 0.907787 0.907787 0.907787
5770.823730 0.000000 3188.115234 0.000000 0.296505 0.000000 -0.955031 0.974986 0.974986 0.974986
5766.734863 0.000000 3191.502930 0.000000 0.877516 0.000000 -0.479547 0.993786 0.993786 0.993786
5782.660156 0.000000 3201.090332 0.000000 0.698283 0.000000 -0.715822 1.104339 1.104339 1.104339
5791.322266 0.000000 3203.854004 0.000000 0.873556 0.000000 0.486723 0.723855 0.723855 0.723855
5758.820312 0.000000 3204.589355 0.000000 0.598715 0.000000 -0.800962 0.950274 0.950274 0.950274
5767.654785 0.000000 3200.848633 0.000000 0.063095 0.000000 -0.998008 1.046915 1.046915 1.046915
5825.252930 0.000000 3204.652100 0.000000 0.998838 0.000000 -0.048192 0.805777 0.805777 0.805777
5781.192383 0.000000 3205.873779 0.000000 0.688307 0.000000 0.725419 0.530907 0.530907 0.530907
5762.693359 0.000000 3202.356201 0.000000 0.079344 0.000000 -0.996847 1.047225 1.047225 1.047225
5772.227051 0.000000 3201.150146 0.000000 0.035489 0.000000 -0.999370 1.269153 1.269153 1.269153
5762.033691 0.000000 3204.744385 0.000000 0.692037 0.000000 0.721862 0.661475 0.661475 0.661475
5771.698242 0.000000 3197.764160 0.000000 0.874214 0.000000 0.485541 0.647103 0.647103 0.647103
5778.808105 0.000000 3197.055420 0.000000 0.801824 0.000000 -0.597561 0.911285 0.911285 0.911285
5784.171387 0.000000 3202.609863 0.000000 0.233033 0.000000 -0.972469 1.266815 1.266815 1.266815
5741.689453 0.000000 3196.003174 0.000000 0.865988 0.000000 -0.500065 0.902498 0.902498 0.902498
5814.137207 0.000000 3206.492432 0.000000 0.636965 0.000000 0.770893 0.632985 0.632985 0.632985
5775.230957 0.000000 3188.791016 0.000000 0.767109 0.000000 0.641517 0.660897 0.660897 0.660897
5775.287598 0.000000 3203.626221 0.000000 0.969087 0.000000 -0.246720 0.869208 0.869208 0.869208
5772.284668 0.000000 3195.564697 0.000000 0.532840 0.000000 0.846216 0.515899 0.515899 0.515899
5763.162598 0.000000 3194.076172 0.000000 0.981922 0.000000 0.189285 0.738384 0.738384 0.738384
5775.007812 0.000000 3192.485352 0.000000 0.831049 0.000000 0.556199 0.662176 0.662176 0.662176
5767.369141 0.000000 3205.369873 0.000000 0.095451 0.000000 0.995434 0.537777 0.537777 0.537777
5744.127441 0.000000 3203.123779 0.000000 0.508179 0.000000 -0.861252 0.998969 0.998969 0.998969
5779.930664 0.000000 3199.400635 0.000000 0.446869 0.000000 -0.894599 1.074289 1.074289 1.074289
5743.614746 0.000000 3200.266846 0.000000 0.472516 0.000000 -0.881322 1.080063 1.080063 1.080063
5779.296875 0.000000 3191.656494 0.000000 0.947823 0.000000 -0.318798 0.876467 0.876467 0.876467
5827.202637 0.000000 3206.369873 0.000000 0.577899 0.000000 -0.816108 1.000199 1.000199 1.000199
5743.774902 0.000000 3207.167725 0.000000 0.945552 0.000000 -0.325471 0.872831 0.872831 0.872831
5783.662109 0.000000 3205.025391 0.000000 0.748218 0.000000 0.663453 0.542105 0.542105 0.542105
5771.031738 0.000000 3199.611572 0.000000 0.068605 0.000000 0.997644 0.382982 0.382982 0.382982
5823.860840 0.000000 3208.275391 0.000000 0.335593 0.000000 -0.942007 1.109170 1.109170 1.109170
5747.418457 0.000000 3206.804199 0.000000 0.878229 0.000000 0.478241 0.694432 0.694432 0.694432
5768.668457 0.000000 3191.377197 0.000000 0.767968 0.000000 -0.640489 1.016582 1.016582 1.016582
5800.740234 0.000000 3208.807129 0.000000 0.069762 0.000000 -0.997564 1.321619 1.321619 1.321619
5781.024414 0.000000 3190.552734 0.000000 0.805341 0.000000 0.592812 0.669464 0.669464 0.669464
5777.245605 0.000000 3189.447021 0.000000 0.501874 0.000000 0.864941 0.562062 0.562062 0.562062
5764.957031 0.000000 3192.190918 0.000000 0.199623 0.000000 0.979873 0.135185 0.135185 0.135185
5773.975098 0.000000 3204.985107 0.000000 0.838923 0.000000 -0.544251 0.928733 0.928733 0.928733
5742.286133 0.000000 3203.956543 0.000000 0.061007 0.000000 0.998137 0.438160 0.438160 0.438160
5742.025879 0.000000 3205.993652 0.000000 0.746131 0.000000 0.665799 0.653033 0.653033 0.653033
5785.013672 0.000000 3196.692383 0.000000 0.537454 0.000000 0.843293 0.587577 0.587577 0.587577
5777.796875 0.000000 3203.376465 0.000000 0.671895 0.000000 0.740647 0.558465 0.558465 0.558465
5801.033203 0.000000 3206.627441 0.000000 0.771092 0.000000 0.636724 0.624921 0.624921 0.624921
5771.357910 0.000000 3202.731934 0.000000 0.971065 0.000000 0.238817 0.738833 0.738833 0.738833
5775.932129 0.000000 3200.185791 0.000000 0.087001 0.000000 -0.996208 1.253381 1.253381 1.253381
5745.128418 0.000000 3198.059814 0.000000 0.909056 0.000000 0.416674 0.707295 0.707295 0.707295
5778.150391 0.000000 3200.855957 0.000000 0.290454 0.000000 -0.956889 1.195043 1.195043 1.195043
5784.801270 0.000000 3193.335205 0.000000 0.962055 0.000000 -0.272856 0.861819 0.861819 0.861819
5744.910156 0.000000 3201.460693 0.000000 0.060979 0.000000 -0.998139 1.131693 1.131693 1.131693
5778.581055 0.000000 3205.491699 0.000000 0.353887 0.000000 -0.935288 1.123584 1.123584 1.123584
5777.616211 0.000000 3191.610352 0.000000 0.787255 0.000000 -0.616627 0.971192 0.971192 0.971192
5767.884277 0.000000 3197.703857 0.000000 0.943466 0.000000 0.331469 0.696083 0.696083 0.696083
5767.078613 0.000000 3194.232666 0.000000 0.760665 0.000000 -0.649145 1.118879 1.118879 1.118879
5781.368652 0.000000 3202.162842 0.000000 0.953374 0.000000 -0.301793 0.922460 0.922460 0.922460
5768.910156 0.000000 3195.120850 0.000000 0.959366 0.000000 0.282164 0.679454 0.679454 0.679454
5774.363770 0.000000 3190.583008 0.000000 0.185493 0.000000 -0.982646 1.148342 1.148342 1.148342
5798.160645 0.000000 3209.427002 0.000000 0.978292 0.000000 -0.207229 0.862953 0.862953 0.862953
5783.937988 0.000000 3199.870117 0.000000 0.908509 0.000000 0.417866 0.674294 0.674294 0.674294
5847.308105 0.000000 3207.099121 0.000000 0.781021 0.000000 0.624504 0.774405 0.774405 0.774405
5876.681152 0.000000 3197.323975 0.000000 0.850979 0.000000 -0.525200 0.820983 0.820983 0.820983
5832.634277 0.000000 3207.724365 0.000000 0.725218 0.000000 -0.688519 0.853088 0.853088 0.853088
5872.489746 0.000000 3204.304443 0.000000 0.489034 0.000000 0.872265 0.713215 0.713215 0.713215
5879.304688 0.000000 3199.232422 0.000000 0.983601 0.000000 0.180357 0.787685 0.787685 0.787685
5875.573242 0.000000 3205.143311 0.000000 0.624355 0.000000 0.781141 0.690779 0.690779 0.690779
5875.361816 0.000000 3199.738525 0.000000 0.923077 0.000000 -0.384615 0.849675 0.849675 0.849675
5878.314453 0.000000 3203.854004 0.000000 0.180046 0.000000 -0.983658 0.958214 0.958214 0.958214
5874.055664 0.000000 3202.510498 0.000000 0.491253 0.000000 0.871017 0.599396 0.599396 0.599396
5830.767090 0.000000 3207.167725 0.000000 0.999624 0.000000 -0.027434 0.804877 0.804877 0.804877
5841.813477 0.000000 3208.710693 0.000000 0.446674 0.000000 -0.894697 1.043369 1.043369 1.043369
5828.604980 0.000000 3209.530762 0.000000 0.027536 0.000000 0.999621 0.417801 0.417801 0.417801
5613.770996 0.000000 3225.227295 0.000000 0.909193 0.000000 -0.416374 0.800858 0.800858 0.800858
5624.309082 0.000000 3238.829102 0.000000 0.556059 0.000000 -0.831143 0.821556 0.821556 0.821556
5600.412109 0.000000 3233.387207 0.000000 0.223444 0.000000 -0.974717 0.829559 0.829559 0.829559
5581.989258 0.000000 3234.594238 0.000000 0.698742 0.000000 0.715374 0.777710 0.777710 0.777710
5612.653320 0.000000 3262.345215 0.000000 0.284786 0.000000 -0.958591 0.856331 0.856331 0.856331
5609.316895 0.000000 3251.651611 0.000000 0.983303 0.000000 0.181977 0.788670 0.788670 0.788670
5604.781738 0.000000 3246.709473 0.000000 0.853840 0.000000 0.520535 0.762823 0.762823 0.762823
5592.924805 0.000000 3241.163818 0.000000 0.951572 0.000000 0.307425 0.780029 0.780029 0.780029
5598.058594 0.000000 3230.580811 0.000000 0.988129 0.000000 0.153629 0.791066 0.791066 0.791066
5641.794434 0.000000 3258.398926 0.000000 0.051189 0.000000 -0.998689 0.897119 0.897119 0.897119
5621.206055 0.000000 3258.433594 0.000000 0.987204 0.000000 0.159460 0.784967 0.784967 0.784967
5653.134277 0.000000 3255.479980 0.000000 0.960956 0.000000 0.276700 0.778722 0.778722 0.778722
5613.537109 0.000000 3228.300293 0.000000 0.495804 0.000000 -0.868435 0.900856 0.900856 0.900856
5595.575195 0.000000 3228.182861 0.000000 0.293835 0.000000 -0.955856 0.914372 0.914372 0.914372
5600.144531 0.000000 3236.431152 0.000000 0.894608 0.000000 -0.446852 0.839784 0.839784 0.839784
5617.824707 0.000000 3245.166260 0.000000 0.892099 0.000000 0.451840 0.755055 0.755055 0.755055
5584.654297 0.000000 3214.470459 0.000000 0.017666 0.000000 0.999844 0.660411 0.660411 0.660411
5606.253418 0.000000 3235.737793 0.000000 0.326216 0.000000 0.945295 0.666427 0.666427 0.666427
5627.045410 0.000000 3246.416992 0.000000 0.320315 0.000000 0.947311 0.668240 0.668240 0.668240
5617.632324 0.000000 3253.342529 0.000000 0.505229 0.000000 0.862985 0.323812 0.323812 0.323812
5628.615723 0.000000 3219.561035 0.000000 0.401449 0.000000 0.915882 0.679766 0.679766 0.679766
5605.207031 0.000000 3239.733398 0.000000 0.752757 0.000000 0.658299 0.718198 0.718198 0.718198
5610.477051 0.000000 3254.307617 0.000000 0.708633 0.000000 0.705577 0.720220 0.720220 0.720220
5611.077148 0.000000 3231.546387 0.000000 0.878954 0.000000 0.476906 0.742412 0.742412 0.742412
5579.292969 0.000000 3227.756592 0.000000 0.811371 0.000000 0.584532 0.738903 0.738903 0.738903
5612.524414 0.000000 3259.562256 0.000000 0.945845 0.000000 -0.324619 0.838298 0.838298 0.838298
5629.900879 0.000000 3236.806641 0.000000 0.724348 0.000000 -0.689435 0.865331 0.865331 0.865331
5577.862305 0.000000 3216.613037 0.000000 0.860919 0.000000 0.508741 0.737108 0.737108 0.737108
5591.543945 0.000000 3229.813232 0.000000 0.619557 0.000000 0.784951 0.715271 0.715271 0.715271
5614.002930 0.000000 3235.787598 0.000000 0.991167 0.000000 0.132620 0.781670 0.781670 0.781670
5643.752441 0.000000 3256.569824 0.000000 0.819538 0.000000 0.573024 0.714691 0.714691 0.714691
5644.471680 0.000000 3251.558594 0.000000 0.965015 0.000000 -0.262193 0.827552 0.827552 0.827552
5626.747070 0.000000 3225.412842 0.000000 0.749933 0.000000 0.661514 0.687393 0.687393 0.687393
5650.617188 0.000000 3255.564209 0.000000 0.324700 0.000000 -0.945817 0.988235 0.988235 0.988235
5619.379883 0.000000 3235.878662 0.000000 0.287139 0.000000 -0.957889 0.958446 0.958446 0.958446
5622.425781 0.000000 3247.081543 0.000000 0.119690 0.000000 -0.992811 0.979653 0.979653 0.979653
5601.128418 0.000000 3238.976318 0.000000 0.730496 0.000000 -0.682917 0.918612 0.918612 0.918612
5618.866211 0.000000 3228.268311 0.000000 0.994649 0.000000 -0.103310 0.817156 0.817156 0.817156
5625.881348 0.000000 3253.320557 0.000000 0.996836 0.000000 0.079490 0.789988 0.789988 0.789988
5640.222656 0.000000 3252.413330 0.000000 0.884927 0.000000 0.465729 0.716788 0.716788 0.716788
5623.188477 0.000000 3225.812744 0.000000 0.782661 0.000000 0.622448 0.691308 0.691308 0.691308
5604.164062 0.000000 3244.085693 0.000000 0.277133 0.000000 -0.960832 0.985502 0.985502 0.985502
5613.262207 0.000000 3247.258789 0.000000 0.262416 0.000000 -0.964955 1.047659 1.047659 1.047659
5611.523438 0.000000 3251.218262 0.000000 0.818614 0.000000 0.574344 0.710800 0.710800 0.710800
5583.837891 0.000000 3229.593750 0.000000 0.918690 0.000000 0.394979 0.722958 0.722958 0.722958
5597.227051 0.000000 3237.559082 0.000000 0.830917 0.000000 0.556397 0.688047 0.688047 0.688047
5639.724121 0.000000 3257.489746 0.000000 0.646785 0.000000 0.762672 0.675262 0.675262 0.675262
5586.388672 0.000000 3230.006348 0.000000 0.865147 0.000000 0.501519 0.700321 0.700321 0.700321
5626.713379 0.000000 3220.823975 0.000000 0.254626 0.000000 -0.967040 1.049189 1.049189 1.049189
5586.419922 0.000000 3219.800293 0.000000 0.029657 0.000000 -0.999560 1.064709 1.064709 1.064709
5613.810059 0.000000 3257.543701 0.000000 0.939490 0.000000 0.342575 0.741339 0.741339 0.741339
5615.260254 0.000000 3253.513184 0.000000 0.942323 0.000000 -0.334705 0.934965 0.934965 0.934965
5578.934082 0.000000 3214.720215 0.000000 0.793847 0.000000 -0.608118 0.924029 0.924029 0.924029
5580.133301 0.000000 3220.282959 0.000000 0.522329 0.000000 -0.852744 0.950931 0.950931 0.950931
5606.373535 0.000000 3245.290283 0.000000 0.756701 0.000000 0.653761 0.686150 0.686150 0.686150
5615.404297 0.000000 3261.196045 0.000000 0.657594 0.000000 0.753373 0.667088 0.667088 0.667088
5595.081543 0.000000 3236.903076 0.000000 0.858757 0.000000 -0.512383 0.902071 0.902071 0.902071
5600.338379 0.000000 3240.964111 0.000000 0.569420 0.000000 -0.822047 0.983096 0.983096 0.983096
5638.728516 0.000000 3253.966064 0.000000 0.483229 0.000000 0.875494 0.621083 0.621083 0.621083
5592.579102 0.000000 3231.911865 0.000000 0.999462 0.000000 0.032790 0.794170 0.794170 0.794170
5624.813965 0.000000 3224.487793 0.000000 0.162908 0.000000 0.986641 0.533009 0.533009 0.533009
5622.801758 0.000000 3227.845459 0.000000 0.699630 0.000000 -0.714505 0.966912 0.966912 0.966912
5619.381348 0.000000 3262.850586 0.000000 0.696273 0.000000 -0.717777 0.951905 0.951905 0.951905
5622.852539 0.000000 3234.113525 0.000000 0.985774 0.000000 -0.168078 0.826309 0.826309 0.826309
5589.890625 0.000000 3231.511719 0.000000 0.632315 0.000000 0.774712 0.646004 0.646004 0.646004
5581.479004 0.000000 3227.319824 0.000000 0.273143 0.000000 -0.961973 1.022284 1.022284 1.022284
5622.509277 0.000000 3232.059814 0.000000 0.560420 0.000000 -0.828208 1.029995 1.029995 1.029995
5610.172852 0.000000 3244.348145 0.000000 0.673010 0.000000 -0.739633 0.981240 0.981240 0.981240
5623.966309 0.000000 3250.257568 0.000000 0.916104 0.000000 0.400941 0.715133 0.715133 0.715133
5621.749023 0.000000 3251.588379 0.000000 0.999499 0.000000 0.031648 0.791592 0.791592 0.791592
5583.482910 0.000000 3227.539307 0.000000 0.046980 0.000000 -0.998896 1.089122 1.089122 1.089122
5649.027832 0.000000 3254.365967 0.000000 0.061209 0.000000 -0.998125 1.086418 1.086418 1.086418
5601.455078 0.000000 3242.724854 0.000000 0.138143 0.000000 0.990412 0.528256 0.528256 0.528256
5646.822754 0.000000 3254.606934 0.000000 0.302293 0.000000 0.953215 0.560229 0.560229 0.560229
5623.953125 0.000000 3230.749512 0.000000 0.772378 0.000000 -0.635163 1.000682 1.000682 1.000682
5610.238770 0.000000 3237.119141 0.000000 0.946068 0.000000 0.323968 0.735425 0.735425 0.735425
5620.831055 0.000000 3228.540771 0.000000 0.060754 0.000000 -0.998153 1.167933 1.167933 1.167933
5619.419434 0.000000 3254.100098 0.000000 0.946744 0.000000 0.321987 0.680836 0.680836 0.680836
5619.394043 0.000000 3257.840576 0.000000 0.961120 0.000000 0.276131 0.731831 0.731831 0.731831
5580.901855 0.000000 3216.401611 0.000000 0.892366 0.000000 0.451312 0.697130 0.697130 0.697130
5614.203125 0.000000 3251.237305 0.000000 0.003830 0.000000 0.999993 0.308652 0.308652 0.308652
5617.950684 0.000000 3251.104492 0.000000 0.346869 0.000000 0.937914 0.345633 0.345633 0.345633
5617.235352 0.000000 3255.331787 0.000000 0.996263 0.000000 -0.086374 0.835754 0.835754 0.835754
5620.838379 0.000000 3231.440918 0.000000 0.955050 0.000000 -0.296445 0.882352 0.882352 0.882352
5624.115234 0.000000 3229.041992 0.000000 0.551363 0.000000 0.834265 0.537874 0.537874 0.537874
5615.484375 0.000000 3257.397461 0.000000 0.179419 0.000000 -0.983773 1.141566 1.141566 1.141566
5579.347656 0.000000 3211.043945 0.000000 0.732690 0.000000 -0.680563 1.001824 1.001824 1.001824
5620.602051 0.000000 3252.788330 0.000000 0.939219 0.000000 0.343319 0.697110 0.697110 0.697110
5736.432617 0.000000 3214.690674 0.000000 0.081744 0.000000 0.996653 0.725655 0.725655 0.725655
5709.476562 0.000000 3223.555176 0.000000 0.907291 0.000000 0.420504 0.772262 0.772262 0.772262
5725.769043 0.000000 3217.218506 0.000000 0.883402 0.000000 0.468616 0.770777 0.770777 0.770777
5700.125000 0.000000 3218.147461 0.000000 0.999976 0.000000 0.006973 0.799540 0.799540 0.799540
5710.241211 0.000000 3217.353271 0.000000 0.985943 0.000000 0.167084 0.784912 0.784912 0.784912
5713.705566 0.000000 3220.823975 0.000000 0.754521 0.000000 0.656276 0.664172 0.664172 0.664172
5707.137207 0.000000 3214.662109 0.000000 0.750766 0.000000 0.660568 0.696237 0.696237 0.696237
5727.539062 0.000000 3215.911621 0.000000 0.934453 0.000000 -0.356086 0.858899 0.858899 0.858899
5732.864746 0.000000 3211.260742 0.000000 0.069769 0.000000 -0.997563 1.099780 1.099780 1.099780
5719.915039 0.000000 3212.796143 0.000000 0.837814 0.000000 0.545955 0.690421 0.690421 0.690421
5729.613281 0.000000 3210.117188 0.000000 0.629789 0.000000 -0.776766 0.968774 0.968774 0.968774
5705.959961 0.000000 3211.247314 0.000000 0.567874 0.000000 0.823115 0.616547 0.616547 0.616547
5801.374023 0.000000 3235.577637 0.000000 0.208386 0.000000 0.978047 0.751076 0.751076 0.751076
5818.376953 0.000000 3219.783203 0.000000 0.166214 0.000000 0.986090 0.713084 0.713084 0.713084
5790.973633 0.000000 3225.983887 0.000000 0.532912 0.000000 -0.846170 0.892678 0.892678 0.892678
5817.809570 0.000000 3282.513428 0.000000 0.673162 0.000000 0.739495 0.728519 0.728519 0.728519
5819.272949 0.000000 3216.218750 0.000000 0.872090 0.000000 -0.489345 0.840851 0.840851 0.840851
5794.481934 0.000000 3212.488525 0.000000 0.394522 0.000000 -0.918886 0.904728 0.904728 0.904728
5802.600098 0.000000 3219.561035 0.000000 0.805740 0.000000 0.592269 0.736700 0.736700 0.736700
5816.562012 0.000000 3264.437256 0.000000 0.406022 0.000000 0.913863 0.677983 0.677983 0.677983
5821.621582 0.000000 3266.655029 0.000000 0.819065 0.000000 0.573701 0.724338 0.724338 0.724338
5807.501953 0.000000 3232.268066 0.000000 0.804235 0.000000 -0.594311 0.863553 0.863553 0.863553
5803.354004 0.000000 3233.537842 0.000000 0.367151 0.000000 0.930161 0.649656 0.649656 0.649656
5756.044434 0.000000 3211.934814 0.000000 0.332690 0.000000 -0.943036 0.950053 0.950053 0.950053
5818.020508 0.000000 3261.103271 0.000000 0.973578 0.000000 0.228355 0.775613 0.775613 0.775613
5786.376953 0.000000 3212.285645 0.000000 0.842433 0.000000 0.538800 0.731813 0.731813 0.731813
5789.170898 0.000000 3213.039307 0.000000 0.913358 0.000000 0.407157 0.738023 0.738023 0.738023
5765.041992 0.000000 3215.227051 0.000000 0.019705 0.000000 0.999806 0.586245 0.586245 0.586245
5811.805176 0.000000 3228.987305 0.000000 0.491036 0.000000 0.871139 0.647928 0.647928 0.647928
5757.070312 0.000000 3216.479980 0.000000 0.486301 0.000000 -0.873791 0.929500 0.929500 0.929500
5768.485840 0.000000 3213.231689 0.000000 0.844015 0.000000 -0.536320 0.865574 0.865574 0.865574
5821.360352 0.000000 3231.988770 0.000000 0.911927 0.000000 -0.410353 0.859116 0.859116 0.859116
5803.460938 0.000000 3209.631104 0.000000 0.817589 0.000000 -0.575803 1.015684 1.015684 1.015684
5818.880859 0.000000 3227.995850 0.000000 0.946592 0.000000 0.322435 0.754757 0.754757 0.754757
5817.717773 0.000000 3211.724854 0.000000 0.030414 0.000000 -0.999537 1.012279 1.012279 1.012279
5823.073242 0.000000 3229.227051 0.000000 0.754873 0.000000 -0.655871 0.935726 0.935726 0.935726
5823.413086 0.000000 3280.276123 0.000000 0.768229 0.000000 0.640176 0.675122 0.675122 0.675122
5805.229980 0.000000 3227.336914 0.000000 0.752630 0.000000 -0.658444 0.896179 0.896179 0.896179
5825.499512 0.000000 3283.873291 0.000000 0.225975 0.000000 -0.974133 1.062836 1.062836 1.062836
5786.937988 0.000000 3223.075439 0.000000 0.779230 0.000000 0.626738 0.699889 0.699889 0.699889
5791.698730 0.000000 3216.323730 0.000000 0.187366 0.000000 0.982290 0.570852 0.570852 0.570852
5821.411133 0.000000 3215.684570 0.000000 0.678277 0.000000 -0.734807 0.963200 0.963200 0.963200
5827.680664 0.000000 3213.165771 0.000000 0.983653 0.000000 0.180074 0.766007 0.766007 0.766007
5825.562500 0.000000 3230.086426 0.000000 0.954995 0.000000 -0.296623 0.845111 0.845111 0.845111
5761.694336 0.000000 3212.465576 0.000000 0.163127 0.000000 -0.986605 1.027609 1.027609 1.027609
5763.878906 0.000000 3213.236328 0.000000 0.659777 0.000000 -0.751461 0.949442 0.949442 0.949442
5752.918457 0.000000 3214.720215 0.000000 0.833610 0.000000 0.552354 0.702993 0.702993 0.702993
5809.210449 0.000000 3226.112793 0.000000 0.673922 0.000000 0.738803 0.642273 0.642273 0.642273
5788.596191 0.000000 3219.706787 0.000000 0.083969 0.000000 0.996468 0.503065 0.503065 0.503065
5825.133789 0.000000 3222.356689 0.000000 0.956878 0.000000 -0.290490 0.848859 0.848859 0.848859
5800.646973 0.000000 3216.755371 0.000000 0.964402 0.000000 -0.264440 0.848640 0.848640 0.848640
5808.294434 0.000000 3215.903320 0.000000 0.300100 0.000000 -0.953908 1.014923 1.014923 1.014923
5823.556152 0.000000 3219.425781 0.000000 0.523957 0.000000 -0.851745 1.015795 1.015795 1.015795
5821.061523 0.000000 3229.497803 0.000000 0.074641 0.000000 0.997210 0.516136 0.516136 0.516136
5825.295898 0.000000 3281.466064 0.000000 0.939691 0.000000 -0.342025 0.875992 0.875992 0.875992
5818.541504 0.000000 3263.076172 0.000000 0.245475 0.000000 0.969403 0.570153 0.570153 0.570153
5819.856934 0.000000 3211.260742 0.000000 0.378196 0.000000 0.925725 0.554286 0.554286 0.554286
5823.117676 0.000000 3216.650391 0.000000 0.971899 0.000000 -0.235397 0.857426 0.857426 0.857426
5767.747559 0.000000 3211.410889 0.000000 0.090110 0.000000 0.995932 0.519081 0.519081 0.519081
5806.907227 0.000000 3212.796143 0.000000 0.033718 0.000000 -0.999431 1.306533 1.306533 1.306533
5825.394531 0.000000 3214.744629 0.000000 0.720787 0.000000 0.693157 0.647040 0.647040 0.647040
5827.325684 0.000000 3280.264648 0.000000 0.314517 0.000000 -0.949252 1.119775 1.119775 1.119775
5757.930664 0.000000 3212.677002 0.000000 0.412668 0.000000 0.910882 0.584959 0.584959 0.584959
5824.485352 0.000000 3277.616211 0.000000 0.234950 0.000000 0.972008 0.517661 0.517661 0.517661
5808.493164 0.000000 3213.945801 0.000000 0.980529 0.000000 0.196376 0.752627 0.752627 0.752627
5797.615234 0.000000 3219.173828 0.000000 0.659109 0.000000 0.752048 0.636802 0.636802 0.636802
5800.514160 0.000000 3211.417725 0.000000 0.401565 0.000000 0.915830 0.379226 0.379226 0.379226
5798.747070 0.000000 3210.971436 0.000000 0.379556 0.000000 -0.925169 1.158674 1.158674 1.158674
5746.606445 0.000000 3211.350830 0.000000 0.700109 0.000000 -0.714036 0.969948 0.969948 0.969948
5750.184570 0.000000 3212.309326 0.000000 0.424971 0.000000 0.905207 0.560376 0.560376 0.560376
5826.089355 0.000000 3226.836182 0.000000 0.752949 0.000000 0.658079 0.624985 0.624985 0.624985
5801.715820 0.000000 3209.705078 0.000000 0.418416 0.000000 -0.908255 1.195858 1.195858 1.195858
5808.912109 0.000000 3210.258789 0.000000 0.503222 0.000000 -0.864157 1.056340 1.056340 1.056340
5827.794434 0.000000 3276.252686 0.000000 0.981816 0.000000 0.189835 0.751554 0.751554 0.751554
5800.826172 0.000000 3213.075684 0.000000 0.219575 0.000000 -0.975596 1.188095 1.188095 1.188095
5750.434082 0.000000 3210.018555 0.000000 0.257189 0.000000 -0.966361 1.145543 1.145543 1.145543
5805.668457 0.000000 3209.849365 0.000000 0.248818 0.000000 -0.968550 1.163634 1.163634 1.163634
5803.891602 0.000000 3212.208008 0.000000 0.581374 0.000000 0.813636 0.481113 0.481113 0.481113
5880.864746 0.000000 3209.532471 0.000000 0.066773 0.000000 0.997768 0.754943 0.754943 0.754943
5839.234863 0.000000 3225.171387 0.000000 0.890027 0.000000 -0.455908 0.818910 0.818910 0.818910
5878.796387 0.000000 3213.774414 0.000000 0.558170 0.000000 -0.829727 0.841045 0.841045 0.841045
5835.200684 0.000000 3245.583496 0.000000 0.925712 0.000000 -0.378229 0.814719 0.814719 0.814719
5859.507324 0.000000 3247.015381 0.000000 0.971342 0.000000 0.237685 0.787538 0.787538 0.787538
5841.118164 0.000000 3218.166016 0.000000 0.705877 0.000000 -0.708335 1.200885 1.200885 1.200885
5890.800293 0.000000 3222.163330 0.000000 0.563307 0.000000 -0.826248 0.860206 0.860206 0.860206
5880.834961 0.000000 3216.825684 0.000000 0.850013 0.000000 -0.526762 0.838781 0.838781 0.838781
5864.411621 0.000000 3291.387939 0.000000 0.298899 0.000000 0.954285 0.713946 0.713946 0.713946
5854.226562 0.000000 3270.615234 0.000000 0.649884 0.000000 0.760033 0.724129 0.724129 0.724129
5828.658203 0.000000 3241.282959 0.000000 0.892795 0.000000 0.450464 0.768269 0.768269 0.768269
5895.720215 0.000000 3211.984375 0.000000 0.702693 0.000000 0.711493 0.460073 0.460073 0.460073
5854.909668 0.000000 3234.157959 0.000000 0.999366 0.000000 -0.035591 0.803057 0.803057 0.803057
5867.229980 0.000000 3235.737793 0.000000 0.578369 0.000000 -0.815776 0.872409 0.872409 0.872409
5843.969727 0.000000 3219.004395 0.000000 0.966417 0.000000 -0.256978 0.915752 0.915752 0.915752
5866.183594 0.000000 3239.733398 0.000000 0.955512 0.000000 0.294951 0.772493 0.772493 0.772493
5848.754883 0.000000 3232.698242 0.000000 0.037973 0.000000 -0.999279 0.977561 0.977561 0.977561
5876.914062 0.000000 3232.083252 0.000000 0.640553 0.000000 -0.767914 0.894432 0.894432 0.894432
5838.838867 0.000000 3216.613037 0.000000 0.959488 0.000000 -0.281750 0.945464 0.945464 0.945464
5843.036621 0.000000 3211.934814 0.000000 0.822060 0.000000 -0.569401 1.029878 1.029878 1.029878
5862.443359 0.000000 3272.493896 0.000000 0.982675 0.000000 0.185338 0.776172 0.776172 0.776172
5855.733398 0.000000 3276.469482 0.000000 0.924149 0.000000 -0.382033 0.838363 0.838363 0.838363
5861.520508 0.000000 3275.438477 0.000000 0.606049 0.000000 -0.795427 0.888171 0.888171 0.888171
5890.964355 0.000000 3213.875000 0.000000 0.871809 0.000000 0.489846 0.599607 0.599607 0.599607
5889.753418 0.000000 3216.893311 0.000000 0.052655 0.000000 0.998613 0.615045 0.615045 0.615045
5840.614258 0.000000 3212.673340 0.000000 0.006891 0.000000 0.999976 0.209660 0.209660 0.209660
5841.596680 0.000000 3224.152832 0.000000 0.361912 0.000000 -0.932212 0.931870 0.931870 0.931870
5887.723633 0.000000 3225.412842 0.000000 0.500196 0.000000 0.865912 0.653626 0.653626 0.653626
5853.485352 0.000000 3224.846191 0.000000 0.712481 0.000000 -0.701691 0.894757 0.894757 0.894757
5853.925293 0.000000 3291.553955 0.000000 0.331460 0.000000 0.943469 0.637476 0.637476 0.637476
5837.459961 0.000000 3281.032471 0.000000 0.704554 0.000000 -0.709650 0.926066 0.926066 0.926066
5841.210449 0.000000 3270.836670 0.000000 0.152983 0.000000 0.988229 0.633000 0.633000 0.633000
5858.819824 0.000000 3244.743896 0.000000 0.122170 0.000000 -0.992509 1.028519 1.028519 1.028519
5870.980957 0.000000 3222.754395 0.000000 0.529368 0.000000 0.848392 0.660407 0.660407 0.660407
5860.690430 0.000000 3215.874512 0.000000 0.478496 0.000000 -0.878090 0.999090 0.999090 0.999090
5865.140625 0.000000 3244.085693 0.000000 0.273992 0.000000 0.961732 0.590782 0.590782 0.590782
5864.620117 0.000000 3228.202637 0.000000 0.618316 0.000000 0.785930 0.653722 0.653722 0.653722
5865.227051 0.000000 3279.745361 0.000000 0.729325 0.000000 0.684167 0.669079 0.669079 0.669079
5860.503906 0.000000 3228.759033 0.000000 0.992636 0.000000 0.121137 0.781810 0.781810 0.781810
5858.203613 0.000000 3237.559082 0.000000 0.064184 0.000000 -0.997938 1.004610 1.004610 1.004610
5837.991211 0.000000 3271.921387 0.000000 0.845387 0.000000 0.534154 0.697583 0.697583 0.697583
5873.930176 0.000000 3223.075439 0.000000 0.278974 0.000000 -0.960299 1.044396 1.044396 1.044396
5830.344238 0.000000 3216.657715 0.000000 0.790155 0.000000 0.612907 0.685365 0.685365 0.685365
5887.689941 0.000000 3220.823975 0.000000 0.576329 0.000000 -0.817218 0.981497 0.981497 0.981497
5854.521973 0.000000 3228.950195 0.000000 0.355266 0.000000 0.934765 0.570873 0.570873 0.570873
5864.017090 0.000000 3219.885742 0.000000 0.332809 0.000000 0.942994 0.379403 0.379403 0.379403
5847.396484 0.000000 3219.800293 0.000000 0.579055 0.000000 -0.815288 0.971344 0.971344 0.971344
5830.686523 0.000000 3272.524170 0.000000 0.880128 0.000000 0.474736 0.707132 0.707132 0.707132
5872.748535 0.000000 3227.075684 0.000000 0.852585 0.000000 -0.522588 0.884565 0.884565 0.884565
5839.910645 0.000000 3214.720215 0.000000 0.575765 0.000000 -0.817615 1.197669 1.197669 1.197669
5859.741699 0.000000 3234.764404 0.000000 0.845124 0.000000 -0.534570 0.885609 0.885609 0.885609
5856.411133 0.000000 3217.145020 0.000000 0.227017 0.000000 -0.973891 1.054587 1.054587 1.054587
5841.109863 0.000000 3220.282959 0.000000 0.111700 0.000000 -0.993742 1.333207 1.333207 1.333207
5830.093750 0.000000 3213.077637 0.000000 0.979047 0.000000 0.203637 0.760681 0.760681 0.760681
5833.829102 0.000000 3237.923340 0.000000 0.829266 0.000000 -0.558855 0.921990 0.921990 0.921990
5887.639160 0.000000 3216.755371 0.000000 0.896244 0.000000 0.443561 0.724735 0.724735 0.724735
5861.191895 0.000000 3278.744629 0.000000 0.218261 0.000000 -0.975890 1.013126 1.013126 1.013126
5895.286621 0.000000 3215.903320 0.000000 0.772248 0.000000 -0.635321 1.039241 1.039241 1.039241
5841.373047 0.000000 3278.893799 0.000000 0.715726 0.000000 0.698381 0.633234 0.633234 0.633234
5853.965820 0.000000 3217.550781 0.000000 0.778449 0.000000 0.627708 0.671243 0.671243 0.671243
5861.314941 0.000000 3240.964111 0.000000 0.996969 0.000000 0.077804 0.784445 0.784445 0.784445
5896.138184 0.000000 3220.220459 0.000000 0.997237 0.000000 -0.074280 0.815889 0.815889 0.815889
5857.103027 0.000000 3215.056641 0.000000 0.405302 0.000000 -0.914183 1.011949 1.011949 1.011949
5900.312012 0.000000 3221.432129 0.000000 0.996208 0.000000 0.087005 0.783297 0.783297 0.783297
5837.146484 0.000000 3278.947754 0.000000 0.744079 0.000000 -0.668092 0.921285 0.921285 0.921285
5847.347168 0.000000 3215.667725 0.000000 0.618828 0.000000 0.785526 0.608713 0.608713 0.608713
5885.790527 0.000000 3224.487793 0.000000 0.760476 0.000000 -0.649366 0.938332 0.938332 0.938332
5883.778320 0.000000 3227.845459 0.000000 0.953737 0.000000 0.300642 0.710956 0.710956 0.710956
5850.277344 0.000000 3216.550537 0.000000 0.993856 0.000000 -0.110682 0.821044 0.821044 0.821044
5864.752441 0.000000 3273.542236 0.000000 0.609459 0.000000 -0.792817 0.966376 0.966376 0.966376
5897.853027 0.000000 3222.467529 0.000000 0.070318 0.000000 0.997525 0.521307 0.521307 0.521307
5850.867188 0.000000 3231.511719 0.000000 0.880711 0.000000 -0.473654 0.878841 0.878841 0.878841
5828.606934 0.000000 3273.147949 0.000000 0.946474 0.000000 -0.322781 0.857765 0.857765 0.857765
5860.776855 0.000000 3245.276855 0.000000 0.481439 0.000000 0.876480 0.614338 0.614338 0.614338
5859.498047 0.000000 3232.677002 0.000000 0.613464 0.000000 0.789723 0.607271 0.607271 0.607271
5841.228516 0.000000 3274.625488 0.000000 0.560591 0.000000 -0.828093 1.000716 1.000716 1.000716
5901.523438 0.000000 3215.911621 0.000000 0.996653 0.000000 -0.081752 0.830894 0.830894 0.830894
5845.827148 0.000000 3226.082764 0.000000 0.564841 0.000000 0.825200 0.604218 0.604218 0.604218
5843.163086 0.000000 3239.462891 0.000000 0.875059 0.000000 0.484016 0.636529 0.636529 0.636529
5841.456543 0.000000 3281.446289 0.000000 0.498485 0.000000 -0.866899 0.975980 0.975980 0.975980
5837.508301 0.000000 3274.416260 0.000000 0.789688 0.000000 -0.613509 0.912129 0.912129 0.912129
5850.846191 0.000000 3273.169678 0.000000 0.572108 0.000000 -0.820178 0.986317 0.986317 0.986317
5830.616699 0.000000 3227.792969 0.000000 0.482782 0.000000 0.875740 0.465435 0.465435 0.465435
5863.865723 0.000000 3283.794189 0.000000 0.998895 0.000000 0.046999 0.790797 0.790797 0.790797
5844.459473 0.000000 3227.539307 0.000000 0.838361 0.000000 0.545115 0.683702 0.683702 0.683702
5856.025391 0.000000 3241.510742 0.000000 0.440566 0.000000 0.897720 0.581846 0.581846 0.581846
5839.192871 0.000000 3218.614990 0.000000 0.953907 0.000000 -0.300104 0.947929 0.947929 0.947929
5862.397461 0.000000 3280.538574 0.000000 0.475189 0.000000 0.879884 0.595915 0.595915 0.595915
5861.618652 0.000000 3287.000732 0.000000 0.251362 0.000000 0.967893 0.345048 0.345048 0.345048
5866.383301 0.000000 3217.117676 0.000000 0.519448 0.000000 -0.854502 1.102860 1.102860 1.102860
5859.044434 0.000000 3214.758789 0.000000 0.356931 0.000000 -0.934131 1.026380 1.026380 1.026380
5893.751465 0.000000 3217.115479 0.000000 0.139845 0.000000 -0.990173 1.048562 1.048562 1.048562
5849.908203 0.000000 3275.440186 0.000000 0.105774 0.000000 -0.994390 1.086709 1.086709 1.086709
5862.431641 0.000000 3242.724854 0.000000 0.889144 0.000000 0.457628 0.703168 0.703168 0.703168
5893.899414 0.000000 3212.796143 0.000000 0.916914 0.000000 -0.399084 0.983658 0.983658 0.983658
5873.051270 0.000000 3229.939453 0.000000 0.999636 0.000000 0.026972 0.795043 0.795043 0.795043
5851.623047 0.000000 3226.124756 0.000000 0.856389 0.000000 0.516330 0.679718 0.679718 0.679718
5834.106934 0.000000 3216.330078 0.000000 0.616583 0.000000 0.787290 0.604488 0.604488 0.604488
5881.807617 0.000000 3228.540771 0.000000 0.498339 0.000000 0.866983 0.494081 0.494081 0.494081
5843.072754 0.000000 3275.405029 0.000000 0.270379 0.000000 0.962754 0.543547 0.543547 0.543547
5844.922852 0.000000 3212.677002 0.000000 0.036664 0.000000 0.999328 0.337334 0.337334 0.337334
5895.485352 0.000000 3213.945801 0.000000 0.665177 0.000000 0.746686 0.427879 0.427879 0.427879
5841.878418 0.000000 3216.401611 0.000000 0.995573 0.000000 0.093996 0.752058 0.752058 0.752058
5857.265137 0.000000 3230.026123 0.000000 0.996345 0.000000 -0.085420 0.816227 0.816227 0.816227
5884.607422 0.000000 3219.173828 0.000000 0.758790 0.000000 0.651335 0.663994 0.663994 0.663994
5829.648926 0.000000 3220.319824 0.000000 0.455094 0.000000 -0.890443 1.008392 1.008392 1.008392
5883.419434 0.000000 3212.650879 0.000000 0.990644 0.000000 0.136472 0.774025 0.774025 0.774025
5835.875488 0.000000 3215.083496 0.000000 0.256615 0.000000 -0.966514 1.093321 1.093321 1.093321
5858.440918 0.000000 3284.737305 0.000000 0.327953 0.000000 0.944694 0.466563 0.466563 0.466563
5859.397461 0.000000 3294.051270 0.000000 0.579310 0.000000 -0.815107 1.037900 1.037900 1.037900
5899.086914 0.000000 3215.421387 0.000000 0.864904 0.000000 -0.501937 0.991140 0.991140 0.991140
5863.369629 0.000000 3289.898926 0.000000 0.994271 0.000000 -0.106892 0.824598 0.824598 0.824598
5887.506348 0.000000 3211.417725 0.000000 0.869455 0.000000 -0.494012 0.917645 0.917645 0.917645
5897.343262 0.000000 3216.590332 0.000000 0.030716 0.000000 0.999528 0.366298 0.366298 0.366298
5837.093262 0.000000 3238.301514 0.000000 0.128623 0.000000 -0.991694 1.240587 1.240587 1.240587
5860.038086 0.000000 3217.721680 0.000000 0.770024 0.000000 0.638015 0.660426 0.660426 0.660426
5837.548828 0.000000 3217.900879 0.000000 0.213400 0.000000 0.976965 0.358638 0.358638 0.358638
5901.464844 0.000000 3217.743164 0.000000 0.572849 0.000000 0.819661 0.454583 0.454583 0.454583
5900.433594 0.000000 3212.262939 0.000000 0.239271 0.000000 -0.970953 1.142455 1.142455 1.142455
5882.476562 0.000000 3225.058105 0.000000 0.739544 0.000000 -0.673108 0.991720 0.991720 0.991720
5899.512207 0.000000 3219.072998 0.000000 0.505429 0.000000 -0.862868 1.101449 1.101449 1.101449
5837.176758 0.000000 3212.309326 0.000000 0.803562 0.000000 0.595221 0.642108 0.642108 0.642108
5832.872070 0.000000 3230.041748 0.000000 0.638023 0.000000 0.770017 0.510374 0.510374 0.510374
5856.815918 0.000000 3291.651611 0.000000 0.655981 0.000000 0.754778 0.511303 0.511303 0.511303
5833.756348 0.000000 3239.828369 0.000000 0.949481 0.000000 -0.313825 0.871406 0.871406 0.871406
5835.852539 0.000000 3240.983643 0.000000 0.970533 0.000000 0.240969 0.736327 0.736327 0.736327
5879.708496 0.000000 3226.308105 0.000000 0.469387 0.000000 -0.882992 1.152310 1.152310 1.152310
5848.434082 0.000000 3228.510742 0.000000 0.979486 0.000000 -0.201511 0.851466 0.851466 0.851466
5888.708008 0.000000 3209.705078 0.000000 0.803384 0.000000 -0.595462 0.942679 0.942679 0.942679
5838.821777 0.000000 3212.855957 0.000000 0.860282 0.000000 0.509818 0.625840 0.625840 0.625840
5895.904297 0.000000 3210.258789 0.000000 0.976526 0.000000 0.215401 0.706775 0.706775 0.706775
5868.132812 0.000000 3219.844727 0.000000 0.037438 0.000000 0.999299 0.337568 0.337568 0.337568
5879.049805 0.000000 3224.624512 0.000000 0.941896 0.000000 -0.335904 0.902628 0.902628 0.902628
5865.520508 0.000000 3220.952637 0.000000 0.073767 0.000000 0.997276 0.366480 0.366480 0.366480
5845.659668 0.000000 3219.421631 0.000000 0.994282 0.000000 -0.106782 0.827778 0.827778 0.827778
5836.182129 0.000000 3219.061768 0.000000 0.999174 0.000000 -0.040646 0.812099 0.812099 0.812099
5839.497559 0.000000 3238.817871 0.000000 0.971498 0.000000 0.237048 0.732603 0.732603 0.732603
5838.240234 0.000000 3235.526123 0.000000 0.590261 0.000000 0.807212 0.580481 0.580481 0.580481
5829.375488 0.000000 3229.509766 0.000000 0.994325 0.000000 -0.106390 0.835978 0.835978 0.835978
5829.438965 0.000000 3278.874756 0.000000 0.765919 0.000000 0.642937 0.628449 0.628449 0.628449
5833.237305 0.000000 3226.237305 0.000000 0.159467 0.000000 0.987203 0.453460 0.453460 0.453460
5847.691406 0.000000 3226.108887 0.000000 0.379597 0.000000 0.925152 0.514487 0.514487 0.514487
5830.282715 0.000000 3231.557617 0.000000 0.006767 0.000000 0.999977 0.243975 0.243975 0.243975
5839.355957 0.000000 3220.412842 0.000000 0.947514 0.000000 0.319714 0.701857 0.701857 0.701857
5842.119141 0.000000 3236.037598 0.000000 0.682018 0.000000 -0.731335 1.098169 1.098169 1.098169
5837.253418 0.000000 3216.025391 0.000000 0.992522 0.000000 -0.122064 0.839837 0.839837 0.839837
5878.158691 0.000000 3227.694580 0.000000 0.996786 0.000000 0.080106 0.773893 0.773893 0.773893
5843.990234 0.000000 3214.152100 0.000000 0.054070 0.000000 0.998537 0.215362 0.215362 0.215362
5860.357910 0.000000 3288.142822 0.000000 0.687702 0.000000 -0.725993 1.062879 1.062879 1.062879
5829.646973 0.000000 3226.452881 0.000000 0.995812 0.000000 0.091421 0.772756 0.772756 0.772756
5897.037598 0.000000 3213.063721 0.000000 0.999182 0.000000 -0.040429 0.814700 0.814700 0.814700
5840.324219 0.000000 3211.043945 0.000000 0.471802 0.000000 0.881705 0.444269 0.444269 0.444269
5842.857910 0.000000 3217.743408 0.000000 0.940983 0.000000 -0.338455 0.962745 0.962745 0.962745
5862.957031 0.000000 3287.902832 0.000000 0.846041 0.000000 0.533118 0.658501 0.658501 0.658501
5869.725586 0.000000 3219.153320 0.000000 0.439609 0.000000 -0.898189 1.136456 1.136456 1.136456
5842.733398 0.000000 3220.140381 0.000000 0.384003 0.000000 -0.923332 1.136063 1.136063 1.136063
5843.993652 0.000000 3236.011963 0.000000 0.915137 0.000000 -0.403142 0.950832 0.950832 0.950832
5857.463867 0.000000 3293.514893 0.000000 0.581188 0.000000 0.813770 0.439267 0.439267 0.439267
5892.660645 0.000000 3209.849365 0.000000 0.950131 0.000000 -0.311851 0.903878 0.903878 0.903878
5890.883789 0.000000 3212.208008 0.000000 0.559266 0.000000 0.828988 0.417429 0.417429 0.417429
5872.489746 0.000000 3418.273193 0.000000 0.999868 0.000000 0.016270 0.798798 0.798798 0.798798
5866.855957 0.000000 3415.378906 0.000000 0.314979 0.000000 0.949099 0.682628 0.682628 0.682628
5887.071777 0.000000 3415.479248 0.000000 0.582722 0.000000 -0.812671 0.921269 0.921269 0.921269
5863.754883 0.000000 3422.717041 0.000000 0.850986 0.000000 -0.525188 0.861843 0.861843 0.861843
5892.856445 0.000000 3412.818359 0.000000 0.746679 0.000000 0.665185 0.709885 0.709885 0.709885
5882.604492 0.000000 3417.318115 0.000000 0.392922 0.000000 -0.919572 0.953830 0.953830 0.953830
5897.795410 0.000000 3422.241455 0.000000 0.999014 0.000000 0.044404 0.794322 0.794322 0.794322
5893.541992 0.000000 3417.324707 0.000000 0.991232 0.000000 0.132137 0.754210 0.754210 0.754210
5889.709961 0.000000 3415.296387 0.000000 0.236861 0.000000 -0.971543 0.999474 0.999474 0.999474
5889.604492 0.000000 3419.743164 0.000000 0.236058 0.000000 0.971739 0.539193 0.539193 0.539193
5901.129395 0.000000 3420.461182 0.000000 0.984598 0.000000 0.174832 0.766656 0.766656 0.766656
5870.073730 0.000000 3422.996826 0.000000 0.238657 0.000000 -0.971104 1.041692 1.041692 1.041692
5897.452637 0.000000 3418.247559 0.000000 0.976791 0.000000 0.214194 0.754731 0.754731 0.754731
5873.537598 0.000000 3423.451172 0.000000 0.621750 0.000000 0.783216 0.582544 0.582544 0.582544
5872.224609 0.000000 3420.272949 0.000000 0.842954 0.000000 0.537986 0.694489 0.694489 0.694489
5871.926758 0.000000 3422.221924 0.000000 0.683317 0.000000 -0.730122 0.948761 0.948761 0.948761
5882.098145 0.000000 3422.820557 0.000000 0.784386 0.000000 -0.620274 0.969715 0.969715 0.969715
5886.031250 0.000000 3419.373291 0.000000 0.827311 0.000000 0.561745 0.686823 0.686823 0.686823
5887.732422 0.000000 3422.775879 0.000000 0.684379 0.000000 0.729126 0.605812 0.605812 0.605812
5888.546387 0.000000 3416.698975 0.000000 0.574905 0.000000 -0.818220 1.004795 1.004795 1.004795
5885.152832 0.000000 3423.395752 0.000000 0.606982 0.000000 -0.794716 1.067843 1.067843 1.067843
5894.907227 0.000000 3418.176025 0.000000 0.696491 0.000000 -0.717565 1.018980 1.018980 1.018980
5990.522949 0.000000 3099.966797 0.000000 0.946451 0.000000 0.322848 0.787525 0.787525 0.787525
6001.479004 0.000000 3101.305420 0.000000 0.597518 0.000000 -0.801856 0.941225 0.941225 0.941225
5997.845215 0.000000 3101.291016 0.000000 0.761577 0.000000 -0.648074 0.959122 0.959122 0.959122
6010.354492 0.000000 3095.487793 0.000000 0.310005 0.000000 -0.950735 0.900309 0.900309 0.900309
6002.826660 0.000000 3092.267578 0.000000 0.660027 0.000000 0.751242 0.704938 0.704938 0.704938
6008.252930 0.000000 3094.037109 0.000000 0.701423 0.000000 -0.712745 0.923600 0.923600 0.923600
6005.104004 0.000000 3096.139404 0.000000 0.970932 0.000000 0.239355 0.756071 0.756071 0.756071
5984.840332 0.000000 3133.180420 0.000000 0.998828 0.000000 -0.048406 0.801064 0.801064 0.801064
5989.842285 0.000000 3143.665527 0.000000 0.615673 0.000000 0.788002 0.763748 0.763748 0.763748
6000.205078 0.000000 3113.366943 0.000000 0.995708 0.000000 0.092548 0.795372 0.795372 0.795372
5953.394043 0.000000 3112.448730 0.000000 0.876933 0.000000 -0.480612 0.822029 0.822029 0.822029
5949.658203 0.000000 3122.589111 0.000000 0.388098 0.000000 0.921618 0.725081 0.725081 0.725081
5949.050293 0.000000 3111.110596 0.000000 0.948842 0.000000 0.315753 0.783318 0.783318 0.783318
5977.792480 0.000000 3115.178955 0.000000 0.919312 0.000000 0.393530 0.772534 0.772534 0.772534
5986.745605 0.000000 3110.234131 0.000000 0.528567 0.000000 -0.848891 0.878974 0.878974 0.878974
5970.806152 0.000000 3103.822510 0.000000 0.955349 0.000000 0.295479 0.781428 0.781428 0.781428
6000.004883 0.000000 3138.377930 0.000000 0.979589 0.000000 -0.201009 0.816573 0.816573 0.816573
5952.747070 0.000000 3115.672852 0.000000 0.756206 0.000000 0.654334 0.747289 0.747289 0.747289
5961.505859 0.000000 3121.315918 0.000000 0.976176 0.000000 -0.216979 0.816600 0.816600 0.816600
5948.200195 0.000000 3117.319336 0.000000 0.381808 0.000000 -0.924241 0.901258 0.901258 0.901258
5998.199707 0.000000 3127.901123 0.000000 0.494004 0.000000 0.869460 0.682103 0.682103 0.682103
5998.519531 0.000000 3134.165527 0.000000 0.982026 0.000000 0.188748 0.778762 0.778762 0.778762
5964.965332 0.000000 3104.098145 0.000000 0.546810 0.000000 0.837257 0.675150 0.675150 0.675150
5960.361328 0.000000 3105.301270 0.000000 0.989479 0.000000 -0.144678 0.815079 0.815079 0.815079
5961.748047 0.000000 3123.862305 0.000000 0.066058 0.000000 -0.997816 1.004355 1.004355 1.004355
5997.819824 0.000000 3137.422607 0.000000 0.526841 0.000000 0.849964 0.635649 0.635649 0.635649
5966.560547 0.000000 3125.905273 0.000000 0.272631 0.000000 -0.962119 0.970660 0.970660 0.970660
5994.981445 0.000000 3130.077148 0.000000 0.548993 0.000000 -0.835827 1.163684 1.163684 1.163684
5951.612305 0.000000 3121.218262 0.000000 0.985668 0.000000 0.168698 0.771223 0.771223 0.771223
5974.682129 0.000000 3113.839600 0.000000 0.625523 0.000000 -0.780206 0.964452 0.964452 0.964452
5968.113770 0.000000 3107.677734 0.000000 0.737803 0.000000 0.675016 0.657927 0.657927 0.657927
5999.333984 0.000000 3129.880127 0.000000 0.503182 0.000000 0.864181 0.589500 0.589500 0.589500
5995.395508 0.000000 3108.700195 0.000000 0.864948 0.000000 0.501861 0.714946 0.714946 0.714946
5949.147949 0.000000 3104.715576 0.000000 0.179566 0.000000 -0.983746 1.027686 1.027686 1.027686
6001.665039 0.000000 3106.181396 0.000000 0.492284 0.000000 -0.870435 1.183884 1.183884 1.183884
5950.721191 0.000000 3116.844971 0.000000 0.663385 0.000000 0.748278 0.678421 0.678421 0.678421
5974.631348 0.000000 3109.770996 0.000000 0.317838 0.000000 -0.948145 1.226004 1.226004 1.226004
5950.494141 0.000000 3106.350342 0.000000 0.160937 0.000000 -0.986965 1.067370 1.067370 1.067370
6000.122559 0.000000 3102.713623 0.000000 0.679945 0.000000 -0.733263 0.977546 0.977546 0.977546
5972.782715 0.000000 3117.503418 0.000000 0.422738 0.000000 0.906252 0.591571 0.591571 0.591571
5970.770508 0.000000 3120.861084 0.000000 0.998827 0.000000 0.048428 0.792162 0.792162 0.792162
5978.653320 0.000000 3108.955811 0.000000 0.262642 0.000000 0.964893 0.338655 0.338655 0.338655
5994.304199 0.000000 3136.780762 0.000000 0.366654 0.000000 -0.930357 1.167671 1.167671 1.167671
5993.048828 0.000000 3130.957031 0.000000 0.250966 0.000000 0.967996 0.363320 0.363320 0.363320
5990.381836 0.000000 3130.416504 0.000000 0.948554 0.000000 -0.316614 0.860482 0.860482 0.860482
5963.173340 0.000000 3127.071045 0.000000 0.490086 0.000000 -0.871674 0.975486 0.975486 0.975486
5956.676270 0.000000 3108.654297 0.000000 0.485296 0.000000 -0.874350 1.001899 1.001899 1.001899
5995.888184 0.000000 3137.992676 0.000000 0.899894 0.000000 0.436108 0.661201 0.661201 0.661201
5993.841309 0.000000 3104.276367 0.000000 0.112226 0.000000 -0.993683 1.172818 1.172818 1.172818
5994.553223 0.000000 3134.368164 0.000000 0.524676 0.000000 0.851302 0.425724 0.425724 0.425724
5997.102051 0.000000 3109.666016 0.000000 0.999389 0.000000 -0.034956 0.807262 0.807262 0.807262
5980.743652 0.000000 3110.131104 0.000000 0.845770 0.000000 -0.533548 0.900038 0.900038 0.900038
5989.248047 0.000000 3138.736816 0.000000 0.905999 0.000000 -0.423280 0.905623 0.905623 0.905623
5980.891602 0.000000 3105.811768 0.000000 0.521284 0.000000 -0.853383 1.043005 1.043005 1.043005
5955.558594 0.000000 3106.855225 0.000000 0.869111 0.000000 0.494618 0.702864 0.702864 0.702864
5953.538574 0.000000 3120.531494 0.000000 0.089924 0.000000 0.995949 0.519046 0.519046 0.519046
5991.284668 0.000000 3134.166260 0.000000 0.607631 0.000000 -0.794220 1.093266 1.093266 1.093266
5999.378906 0.000000 3107.760254 0.000000 0.480196 0.000000 0.877161 0.406814 0.406814 0.406814
5968.799805 0.000000 3121.556396 0.000000 0.188951 0.000000 -0.981987 1.061971 1.061971 1.061971
5982.477539 0.000000 3106.961426 0.000000 0.562331 0.000000 -0.826912 1.046951 1.046951 1.046951
5996.492676 0.000000 3128.999512 0.000000 0.946285 0.000000 -0.323334 0.886145 0.886145 0.886145
5998.486328 0.000000 3132.269043 0.000000 0.154441 0.000000 -0.988002 1.088411 1.088411 1.088411
5992.366211 0.000000 3139.448730 0.000000 0.644681 0.000000 0.764452 0.556683 0.556683 0.556683
5992.913086 0.000000 3133.206787 0.000000 0.016315 0.000000 0.999867 0.219427 0.219427 0.219427
5992.562988 0.000000 3107.583252 0.000000 0.477615 0.000000 -0.878569 1.042131 1.042131 1.042131
5995.719727 0.000000 3106.896484 0.000000 0.195175 0.000000 0.980768 0.426690 0.426690 0.426690
5991.213867 0.000000 3136.006836 0.000000 0.244197 0.000000 -0.969726 1.257508 1.257508 1.257508
5975.440430 0.000000 3111.300781 0.000000 0.775418 0.000000 -0.631449 0.992458 0.992458 0.992458
5961.885254 0.000000 3109.522949 0.000000 0.264696 0.000000 -0.964332 1.112266 1.112266 1.112266
5992.829102 0.000000 3137.780273 0.000000 0.121395 0.000000 -0.992604 1.349898 1.349898 1.349898
5972.881836 0.000000 3110.133545 0.000000 0.414529 0.000000 -0.910036 1.062612 1.062612 1.062612
5998.152344 0.000000 3104.654541 0.000000 0.879176 0.000000 -0.476497 0.973593 0.973593 0.973593
5974.810547 0.000000 3106.091309 0.000000 0.127054 0.000000 0.991896 0.361813 0.361813 0.361813
5976.938965 0.000000 3108.242188 0.000000 0.839165 0.000000 0.543876 0.594417 0.594417 0.594417
5999.809570 0.000000 3109.492676 0.000000 0.904282 0.000000 -0.426936 0.914528 0.914528 0.914528
6055.495605 0.000000 3119.612061 0.000000 0.995046 0.000000 0.099413 0.798011 0.798011 0.798011
6043.482910 0.000000 3126.458984 0.000000 0.684604 0.000000 0.728915 0.764113 0.764113 0.764113
6023.229004 0.000000 3113.986328 0.000000 0.488496 0.000000 -0.872566 0.857184 0.857184 0.857184
6002.856934 0.000000 3138.044678 0.000000 0.404536 0.000000 -0.914522 0.876080 0.876080 0.876080
6006.299805 0.000000 3147.744141 0.000000 0.143880 0.000000 0.989595 0.705987 0.705987 0.705987
6030.395996 0.000000 3132.490234 0.000000 0.458698 0.000000 0.888592 0.719136 0.719136 0.719136
6046.038086 0.000000 3124.562012 0.000000 0.806887 0.000000 0.590705 0.745729 0.745729 0.745729
6050.898438 0.000000 3125.098877 0.000000 0.756658 0.000000 -0.653810 0.889665 0.889665 0.889665
6002.487305 0.000000 3128.303467 0.000000 0.248209 0.000000 -0.968707 0.942359 0.942359 0.942359
6025.941895 0.000000 3113.598145 0.000000 0.678097 0.000000 -0.734972 0.908832 0.908832 0.908832
6031.409668 0.000000 3125.786133 0.000000 0.206315 0.000000 0.978486 0.636667 0.636667 0.636667
6017.323242 0.000000 3124.783936 0.000000 0.000263 0.000000 -1.000000 1.044665 1.044665 1.044665
6040.632324 0.000000 3118.568115 0.000000 0.983844 0.000000 0.179026 0.776273 0.776273 0.776273
6029.462402 0.000000 3106.247314 0.000000 0.757616 0.000000 0.652701 0.714781 0.714781 0.714781
6036.089355 0.000000 3131.991943 0.000000 0.136938 0.000000 0.990580 0.596735 0.596735 0.596735
6041.324707 0.000000 3124.971680 0.000000 0.166309 0.000000 0.986074 0.581323 0.581323 0.581323
6020.644043 0.000000 3126.958008 0.000000 0.997219 0.000000 -0.074533 0.810132 0.810132 0.810132
6009.231934 0.000000 3143.855225 0.000000 0.837665 0.000000 -0.546185 0.892321 0.892321 0.892321
6053.827148 0.000000 3121.283936 0.000000 0.012604 0.000000 0.999921 0.600827 0.600827 0.600827
6038.604492 0.000000 3121.218262 0.000000 0.494954 0.000000 -0.868919 0.959837 0.959837 0.959837
6005.241211 0.000000 3145.785889 0.000000 0.604661 0.000000 -0.796483 0.958272 0.958272 0.958272
6018.798828 0.000000 3122.609375 0.000000 0.061878 0.000000 0.998084 0.501655 0.501655 0.501655
6032.187988 0.000000 3130.574707 0.000000 0.960451 0.000000 -0.278450 0.849595 0.849595 0.849595
6011.283691 0.000000 3137.695557 0.000000 0.843213 0.000000 0.537579 0.705914 0.705914 0.705914
6035.133789 0.000000 3124.264160 0.000000 0.810870 0.000000 -0.585226 0.896142 0.896142 0.896142
6009.960938 0.000000 3114.387451 0.000000 0.707732 0.000000 -0.706481 0.922215 0.922215 0.922215
6046.732910 0.000000 3120.091309 0.000000 0.999761 0.000000 -0.021841 0.804144 0.804144 0.804144
6033.726074 0.000000 3127.780029 0.000000 0.824711 0.000000 -0.565554 0.893643 0.893643 0.893643
6030.395508 0.000000 3110.160645 0.000000 0.826944 0.000000 0.562284 0.706974 0.706974 0.706974
6004.078125 0.000000 3106.093262 0.000000 0.935157 0.000000 -0.354234 0.867257 0.867257 0.867257
6030.042480 0.000000 3129.918701 0.000000 0.962605 0.000000 -0.270910 0.852052 0.852052 0.852052
6027.950195 0.000000 3110.566406 0.000000 0.408066 0.000000 -0.912953 0.999904 0.999904 0.999904
6031.087402 0.000000 3108.072266 0.000000 0.728986 0.000000 0.684529 0.684051 0.684051 0.684051
6004.697754 0.000000 3133.893555 0.000000 0.098902 0.000000 -0.995097 1.079243 1.079243 1.079243
6037.320312 0.000000 3125.585693 0.000000 0.633644 0.000000 0.773625 0.632169 0.632169 0.632169
6050.496094 0.000000 3120.461670 0.000000 0.730131 0.000000 0.683307 0.657264 0.657264 0.657264
6016.439941 0.000000 3120.335449 0.000000 0.098041 0.000000 -0.995182 1.064702 1.064702 1.064702
6009.114746 0.000000 3136.581543 0.000000 0.797595 0.000000 0.603194 0.677145 0.677145 0.677145
6024.170410 0.000000 3127.300293 0.000000 0.803409 0.000000 -0.595428 0.933753 0.933753 0.933753
6027.020020 0.000000 3127.886719 0.000000 0.084768 0.000000 0.996401 0.497289 0.497289 0.497289
6007.104980 0.000000 3142.253418 0.000000 0.683051 0.000000 0.730371 0.644631 0.644631 0.644631
6028.084961 0.000000 3113.534912 0.000000 0.513609 0.000000 0.858024 0.604303 0.604303 0.604303
6040.530762 0.000000 3120.531494 0.000000 0.080440 0.000000 0.996759 0.517240 0.517240 0.517240
6014.639648 0.000000 3122.815918 0.000000 0.006597 0.000000 0.999978 0.503212 0.503212 0.503212
6025.607422 0.000000 3119.140381 0.000000 0.999997 0.000000 -0.002569 0.800513 0.800513 0.800513
6042.593262 0.000000 3121.860352 0.000000 0.221520 0.000000 0.975156 0.544343 0.544343 0.544343
6022.418457 0.000000 3121.526367 0.000000 0.918470 0.000000 0.395490 0.704174 0.704174 0.704174
6002.610840 0.000000 3109.810303 0.000000 0.341782 0.000000 0.939779 0.472961 0.472961 0.472961
6213.539551 0.000000 3042.228271 0.000000 0.602328 0.000000 -0.798249 0.897849 0.897849 0.897849
6212.327637 0.000000 3035.233643 0.000000 0.985556 0.000000 0.169352 0.779268 0.779268 0.779268
6218.588379 0.000000 3045.248535 0.000000 0.223788 0.000000 -0.974638 0.969248 0.969248 0.969248
6224.205566 0.000000 3039.544434 0.000000 0.787756 0.000000 -0.615988 0.925917 0.925917 0.925917
6212.729004 0.000000 3037.277588 0.000000 0.881095 0.000000 0.472939 0.706531 0.706531 0.706531
6217.253418 0.000000 3039.285156 0.000000 0.301243 0.000000 0.953547 0.499393 0.499393 0.499393
6217.693848 0.000000 3041.300293 0.000000 0.854532 0.000000 0.519399 0.641836 0.641836 0.641836
5929.717773 0.000000 3365.165039 0.000000 0.192179 0.000000 0.981360 0.786245 0.786245 0.786245
5989.216309 0.000000 3387.613281 0.000000 0.997401 0.000000 -0.072044 0.801008 0.801008 0.801008
5929.904785 0.000000 3406.760498 0.000000 0.726853 0.000000 -0.686793 0.831753 0.831753 0.831753
5962.989746 0.000000 3383.546631 0.000000 0.313856 0.000000 0.949470 0.722511 0.722511 0.722511
5979.269531 0.000000 3392.841309 0.000000 0.145893 0.000000 0.989300 0.708966 0.708966 0.708966
5996.638184 0.000000 3401.898193 0.000000 0.063120 0.000000 -0.998006 0.902378 0.902378 0.902378
5957.352051 0.000000 3387.745117 0.000000 0.670829 0.000000 -0.741612 0.866745 0.866745 0.866745
5986.207520 0.000000 3388.611328 0.000000 0.458146 0.000000 -0.888877 0.909338 0.909338 0.909338
5963.346191 0.000000 3393.856201 0.000000 0.389626 0.000000 -0.920973 0.905206 0.905206 0.905206
5948.990234 0.000000 3371.875977 0.000000 0.600494 0.000000 -0.799629 0.875883 0.875883 0.875883
5943.652344 0.000000 3385.985107 0.000000 0.351980 0.000000 -0.936008 0.920944 0.920944 0.920944
5974.760742 0.000000 3378.288574 0.000000 0.878961 0.000000 -0.476894 0.853615 0.853615 0.853615
5935.613281 0.000000 3363.500000 0.000000 0.489318 0.000000 0.872106 0.689965 0.689965 0.689965
5972.570312 0.000000 3381.816406 0.000000 0.726373 0.000000 0.687300 0.722815 0.722815 0.722815
5953.487793 0.000000 3383.915527 0.000000 0.460372 0.000000 -0.887726 0.900360 0.900360 0.900360
5981.881348 0.000000 3393.472168 0.000000 0.508723 0.000000 -0.860931 0.934636 0.934636 0.934636
5989.456055 0.000000 3390.652344 0.000000 0.425529 0.000000 0.904945 0.644103 0.644103 0.644103
5945.166504 0.000000 3407.300049 0.000000 0.142541 0.000000 0.989789 0.600388 0.600388 0.600388
5943.859863 0.000000 3373.233398 0.000000 0.922867 0.000000 0.385118 0.740782 0.740782 0.740782
5946.421387 0.000000 3390.096680 0.000000 0.501925 0.000000 -0.864911 0.964878 0.964878 0.964878
5950.187012 0.000000 3392.699463 0.000000 0.119236 0.000000 -0.992866 1.014492 1.014492 1.014492
5939.720703 0.000000 3379.565430 0.000000 0.768453 0.000000 -0.639906 0.890144 0.890144 0.890144
5940.641602 0.000000 3370.507812 0.000000 0.986069 0.000000 0.166340 0.773966 0.773966 0.773966
5944.563477 0.000000 3379.353271 0.000000 0.215582 0.000000 -0.976486 0.975713 0.975713 0.975713
5977.279785 0.000000 3387.485596 0.000000 0.028771 0.000000 0.999586 0.522819 0.522819 0.522819
6000.520508 0.000000 3394.822021 0.000000 0.237971 0.000000 -0.971272 1.031191 1.031191 1.031191
5978.924805 0.000000 3385.430420 0.000000 0.055012 0.000000 0.998486 0.588087 0.588087 0.588087
5984.925781 0.000000 3390.645996 0.000000 0.992039 0.000000 -0.125928 0.823957 0.823957 0.823957
5952.219238 0.000000 3386.729736 0.000000 0.163426 0.000000 0.986556 0.592106 0.592106 0.592106
5961.519531 0.000000 3392.534424 0.000000 0.598677 0.000000 -0.800990 0.952137 0.952137 0.952137
5987.680664 0.000000 3393.760742 0.000000 0.829719 0.000000 0.558182 0.687639 0.687639 0.687639
5981.811035 0.000000 3388.617432 0.000000 0.340248 0.000000 -0.940336 0.966182 0.966182 0.966182
5971.390137 0.000000 3386.868896 0.000000 0.980289 0.000000 0.197571 0.762265 0.762265 0.762265
5945.257812 0.000000 3371.580566 0.000000 0.786624 0.000000 0.617433 0.673734 0.673734 0.673734
5997.083008 0.000000 3394.215820 0.000000 0.683048 0.000000 -0.730373 0.948828 0.948828 0.948828
5942.121582 0.000000 3368.872559 0.000000 0.967265 0.000000 -0.253767 0.848682 0.848682 0.848682
5948.184082 0.000000 3385.729004 0.000000 0.825274 0.000000 0.564733 0.686137 0.686137 0.686137
5958.074707 0.000000 3389.818848 0.000000 0.912853 0.000000 -0.408288 0.875599 0.875599 0.875599
5944.445312 0.000000 3369.143311 0.000000 0.292638 0.000000 0.956223 0.586295 0.586295 0.586295
5943.010254 0.000000 3375.317871 0.000000 0.987006 0.000000 -0.160683 0.830298 0.830298 0.830298
5965.116699 0.000000 3384.282227 0.000000 0.828920 0.000000 -0.559368 0.893663 0.893663 0.893663
5999.540039 0.000000 3398.165527 0.000000 0.262384 0.000000 0.964963 0.599261 0.599261 0.599261
5949.215332 0.000000 3402.759766 0.000000 0.713297 0.000000 -0.700862 0.947351 0.947351 0.947351
5983.913086 0.000000 3392.447266 0.000000 0.655706 0.000000 0.755016 0.658153 0.658153 0.658153
5941.536621 0.000000 3366.556152 0.000000 0.072166 0.000000 -0.997393 1.063384 1.063384 1.063384
5974.003906 0.000000 3380.212646 0.000000 0.661874 0.000000 0.749615 0.651050 0.651050 0.651050
5993.630371 0.000000 3396.727539 0.000000 0.067317 0.000000 -0.997732 1.055230 1.055230 1.055230
5950.857910 0.000000 3390.778564 0.000000 0.454407 0.000000 0.890794 0.600242 0.600242 0.600242
5948.610840 0.000000 3393.985107 0.000000 0.439418 0.000000 0.898283 0.588282 0.588282 0.588282
5934.711914 0.000000 3365.278809 0.000000 0.572807 0.000000 -0.819690 0.970799 0.970799 0.970799
5996.505371 0.000000 3397.922607 0.000000 0.678650 0.000000 -0.734462 0.956510 0.956510 0.956510
5993.108887 0.000000 3394.511719 0.000000 0.522249 0.000000 0.852793 0.616418 0.616418 0.616418
5959.255859 0.000000 3388.254883 0.000000 0.758903 0.000000 0.651204 0.672526 0.672526 0.672526
5938.849121 0.000000 3369.833496 0.000000 0.739921 0.000000 0.672694 0.660003 0.660003 0.660003
6002.407715 0.000000 3395.364014 0.000000 0.328702 0.000000 0.944434 0.565509 0.565509 0.565509
5942.652832 0.000000 3405.345947 0.000000 0.774258 0.000000 0.632870 0.669981 0.669981 0.669981
5965.142578 0.000000 3387.837402 0.000000 0.836003 0.000000 -0.548725 0.910207 0.910207 0.910207
6042.640137 0.000000 3412.506348 0.000000 0.798713 0.000000 -0.601712 0.824501 0.824501 0.824501
6020.417480 0.000000 3388.416992 0.000000 0.994530 0.000000 0.104453 0.796447 0.796447 0.796447
6011.652344 0.000000 3390.548584 0.000000 0.869089 0.000000 -0.494656 0.826870 0.826870 0.826870
6027.620117 0.000000 3389.421631 0.000000 0.970079 0.000000 -0.242789 0.815184 0.815184 0.815184
6063.315918 0.000000 3392.642578 0.000000 0.816529 0.000000 -0.577304 0.852853 0.852853 0.852853
6037.896973 0.000000 3419.048096 0.000000 0.849619 0.000000 0.527397 0.752290 0.752290 0.752290
6080.129395 0.000000 3400.982910 0.000000 0.358189 0.000000 -0.933649 0.898630 0.898630 0.898630
6071.770996 0.000000 3397.183838 0.000000 0.782560 0.000000 -0.622575 0.876506 0.876506 0.876506
6077.489746 0.000000 3404.121094 0.000000 0.144112 0.000000 -0.989561 0.962360 0.962360 0.962360
6005.558105 0.000000 3399.216309 0.000000 0.850249 0.000000 0.526380 0.741321 0.741321 0.741321
6040.441895 0.000000 3417.973877 0.000000 0.960892 0.000000 0.276923 0.765255 0.765255 0.765255
6044.523926 0.000000 3405.530762 0.000000 0.574858 0.000000 -0.818253 0.911017 0.911017 0.911017
6058.109375 0.000000 3394.973633 0.000000 0.557369 0.000000 0.830265 0.668917 0.668917 0.668917
6035.071289 0.000000 3410.512207 0.000000 0.851883 0.000000 0.523732 0.721834 0.721834 0.721834
6065.551270 0.000000 3403.730225 0.000000 0.065842 0.000000 -0.997830 0.968317 0.968317 0.968317
6013.812012 0.000000 3391.946533 0.000000 0.084775 0.000000 -0.996400 0.978064 0.978064 0.978064
6033.413574 0.000000 3390.096680 0.000000 0.036798 0.000000 -0.999323 0.989952 0.989952 0.989952
6056.616699 0.000000 3404.038330 0.000000 0.990159 0.000000 0.139947 0.781492 0.781492 0.781492
6037.179199 0.000000 3392.699463 0.000000 0.999583 0.000000 0.028889 0.796422 0.796422 0.796422
6067.944824 0.000000 3408.476318 0.000000 0.319935 0.000000 -0.947439 0.986512 0.986512 0.986512
6068.331543 0.000000 3414.879639 0.000000 0.106194 0.000000 0.994345 0.577718 0.577718 0.577718
6010.140625 0.000000 3406.536621 0.000000 0.999941 0.000000 0.010894 0.798673 0.798673 0.798673
6012.259277 0.000000 3405.186523 0.000000 0.411431 0.000000 -0.911441 0.967198 0.967198 0.967198
6068.246582 0.000000 3410.845215 0.000000 0.774259 0.000000 -0.632869 0.886223 0.886223 0.886223
6070.372070 0.000000 3402.941895 0.000000 0.322320 0.000000 0.946631 0.633719 0.633719 0.633719
6034.679199 0.000000 3398.026855 0.000000 0.961916 0.000000 0.273345 0.764610 0.764610 0.764610
6008.184082 0.000000 3402.703369 0.000000 0.945847 0.000000 0.324613 0.745196 0.745196 0.745196
6063.694336 0.000000 3415.296387 0.000000 0.922587 0.000000 -0.385788 0.875148 0.875148 0.875148
6069.335449 0.000000 3398.531494 0.000000 0.507219 0.000000 -0.861817 0.997107 0.997107 0.997107
6029.364746 0.000000 3390.931885 0.000000 0.997465 0.000000 -0.071163 0.811949 0.811949 0.811949
6040.793945 0.000000 3395.345947 0.000000 0.991096 0.000000 -0.133151 0.820271 0.820271 0.820271
6036.936035 0.000000 3408.304199 0.000000 0.286108 0.000000 -0.958197 1.042984 1.042984 1.042984
6063.588867 0.000000 3419.743164 0.000000 0.491721 0.000000 0.870753 0.633267 0.633267 0.633267
6004.848145 0.000000 3397.122070 0.000000 0.594065 0.000000 -0.804417 0.954945 0.954945 0.954945
6064.659180 0.000000 3412.318848 0.000000 0.137118 0.000000 0.990555 0.542372 0.542372 0.542372
6030.569824 0.000000 3394.888184 0.000000 0.684460 0.000000 -0.729050 0.945213 0.945213 0.945213
6056.465820 0.000000 3399.663818 0.000000 0.356415 0.000000 -0.934328 1.028893 1.028893 1.028893
6049.166992 0.000000 3406.547852 0.000000 0.181975 0.000000 -0.983303 1.055003 1.055003 1.055003
6060.370605 0.000000 3413.326660 0.000000 0.355104 0.000000 0.934827 0.570840 0.570840 0.570840
6051.452148 0.000000 3409.252686 0.000000 0.738464 0.000000 0.674293 0.684718 0.684718 0.684718
6051.531738 0.000000 3404.828857 0.000000 0.079050 0.000000 0.996871 0.567622 0.567622 0.567622
6039.784668 0.000000 3411.024170 0.000000 0.912249 0.000000 0.409636 0.728350 0.728350 0.728350
6072.599121 0.000000 3400.877930 0.000000 0.943228 0.000000 0.332145 0.735759 0.735759 0.735759
6055.752930 0.000000 3408.614746 0.000000 0.999693 0.000000 -0.024781 0.804405 0.804405 0.804405
6053.697754 0.000000 3406.499023 0.000000 0.254887 0.000000 0.966971 0.550862 0.550862 0.550862
6066.416992 0.000000 3401.285645 0.000000 0.077032 0.000000 0.997029 0.567306 0.567306 0.567306
6002.583984 0.000000 3393.197998 0.000000 0.855766 0.000000 0.517363 0.702257 0.702257 0.702257
6036.207520 0.000000 3402.759766 0.000000 0.189658 0.000000 -0.981850 1.053566 1.053566 1.053566
6047.329102 0.000000 3396.706543 0.000000 0.396101 0.000000 0.918207 0.579235 0.579235 0.579235
6046.904785 0.000000 3399.517090 0.000000 0.714036 0.000000 0.700109 0.654398 0.654398 0.654398
6013.218262 0.000000 3399.263184 0.000000 0.396765 0.000000 0.917920 0.579372 0.579372 0.579372
6055.243164 0.000000 3397.108398 0.000000 0.522647 0.000000 -0.852549 0.993692 0.993692 0.993692
6010.368652 0.000000 3402.113281 0.000000 0.015641 0.000000 0.999878 0.504929 0.504929 0.504929
6043.478516 0.000000 3396.937012 0.000000 0.860897 0.000000 -0.508779 0.916200 0.916200 0.916200
6066.730469 0.000000 3397.331055 0.000000 0.032040 0.000000 0.999487 0.535700 0.535700 0.535700
6060.016113 0.000000 3409.394531 0.000000 0.597536 0.000000 0.801842 0.623473 0.623473 0.623473
6012.158203 0.000000 3403.070557 0.000000 0.071248 0.000000 0.997459 0.527470 0.527470 0.527470
6008.959473 0.000000 3396.046631 0.000000 0.666151 0.000000 0.745817 0.640286 0.640286 0.640286
6061.753906 0.000000 3406.076416 0.000000 0.999605 0.000000 -0.028115 0.805335 0.805335 0.805335
6013.228027 0.000000 3395.510010 0.000000 0.840974 0.000000 -0.541076 0.898199 0.898199 0.898199
6061.494629 0.000000 3411.653809 0.000000 0.024506 0.000000 0.999700 0.506611 0.506611 0.506611
6036.602051 0.000000 3399.102051 0.000000 0.965809 0.000000 0.259256 0.750241 0.750241 0.750241
6076.051270 0.000000 3402.804932 0.000000 0.190634 0.000000 0.981661 0.543862 0.543862 0.543862
6040.273438 0.000000 3405.625244 0.000000 0.992275 0.000000 -0.124054 0.823599 0.823599 0.823599
6039.322754 0.000000 3396.718750 0.000000 0.408285 0.000000 0.912854 0.554192 0.554192 0.554192
6040.172852 0.000000 3398.944824 0.000000 0.430535 0.000000 -0.902574 1.063053 1.063053 1.063053
6059.096191 0.000000 3398.762695 0.000000 0.638935 0.000000 0.769261 0.615941 0.615941 0.615941
6042.554688 0.000000 3401.229492 0.000000 0.737141 0.000000 0.675739 0.602909 0.602909 0.602909
6226.204102 0.000000 3313.325928 0.000000 0.571324 0.000000 -0.820725 0.834609 0.834609 0.834609
6254.193359 0.000000 3297.047119 0.000000 0.894849 0.000000 -0.446369 0.824027 0.824027 0.824027
6257.614746 0.000000 3294.913818 0.000000 0.989265 0.000000 0.146130 0.792677 0.792677 0.792677
6227.674805 0.000000 3302.002197 0.000000 0.937177 0.000000 0.348855 0.768685 0.768685 0.768685
6238.447754 0.000000 3300.789795 0.000000 0.996513 0.000000 -0.083439 0.809844 0.809844 0.809844
6245.755371 0.000000 3290.199463 0.000000 0.170246 0.000000 0.985402 0.632266 0.632266 0.632266
6237.110352 0.000000 3303.442627 0.000000 0.979859 0.000000 0.199690 0.775908 0.775908 0.775908
6223.330566 0.000000 3306.722900 0.000000 0.998533 0.000000 -0.054145 0.806167 0.806167 0.806167
6233.617676 0.000000 3299.269287 0.000000 0.628399 0.000000 -0.777892 0.913929 0.913929 0.913929
6226.283203 0.000000 3310.838379 0.000000 0.908381 0.000000 0.418143 0.751750 0.751750 0.751750
6262.455566 0.000000 3315.274170 0.000000 0.802679 0.000000 0.596411 0.687687 0.687687 0.687687
6253.333984 0.000000 3291.867188 0.000000 0.974508 0.000000 0.224354 0.763845 0.763845 0.763845
6235.520020 0.000000 3296.861816 0.000000 0.774470 0.000000 -0.632610 0.891653 0.891653 0.891653
6231.896973 0.000000 3305.925781 0.000000 0.209558 0.000000 0.977796 0.542019 0.542019 0.542019
6226.201660 0.000000 3308.110596 0.000000 0.108437 0.000000 0.994103 0.528416 0.528416 0.528416
6246.583496 0.000000 3293.893555 0.000000 0.993115 0.000000 -0.117147 0.822278 0.822278 0.822278
6226.814941 0.000000 3304.090332 0.000000 0.294809 0.000000 0.955556 0.604453 0.604453 0.604453
6240.401367 0.000000 3294.301270 0.000000 0.340974 0.000000 -0.940073 1.032019 1.032019 1.032019
6234.000488 0.000000 3302.410156 0.000000 0.767018 0.000000 0.641626 0.677565 0.677565 0.677565
6235.738281 0.000000 3299.092041 0.000000 0.459322 0.000000 -0.888270 1.003122 1.003122 1.003122
6231.569824 0.000000 3303.770996 0.000000 0.198156 0.000000 0.980171 0.556242 0.556242 0.556242
6225.296875 0.000000 3306.346680 0.000000 0.999995 0.000000 -0.003278 0.800609 0.800609 0.800609
6249.611328 0.000000 3292.745117 0.000000 0.919652 0.000000 -0.392735 0.876579 0.876579 0.876579
6245.362793 0.000000 3292.022949 0.000000 0.535979 0.000000 -0.844231 0.990711 0.990711 0.990711
6122.492188 0.000000 3420.845459 0.000000 0.815676 0.000000 0.578509 0.790143 0.790143 0.790143
6156.876465 0.000000 3416.859619 0.000000 0.726501 0.000000 0.687165 0.769739 0.769739 0.769739
6104.852539 0.000000 3402.585938 0.000000 0.999741 0.000000 0.022762 0.798591 0.798591 0.798591
6094.181152 0.000000 3397.092041 0.000000 0.992491 0.000000 0.122320 0.793632 0.793632 0.793632
6124.889160 0.000000 3419.048096 0.000000 0.948945 0.000000 0.315441 0.774362 0.774362 0.774362
6136.549805 0.000000 3419.112061 0.000000 0.697996 0.000000 -0.716102 0.887681 0.887681 0.887681
6119.510254 0.000000 3399.163818 0.000000 0.810537 0.000000 -0.585688 0.871235 0.871235 0.871235
6151.485352 0.000000 3417.724609 0.000000 0.845655 0.000000 -0.533730 1.013647 1.013647 1.013647
6153.833008 0.000000 3412.818359 0.000000 0.066132 0.000000 -0.997811 0.986315 0.986315 0.986315
6096.879395 0.000000 3397.855225 0.000000 0.029011 0.000000 0.999579 0.593687 0.593687 0.593687
6130.628906 0.000000 3415.059082 0.000000 0.387887 0.000000 0.921707 0.355081 0.355081 0.355081
6096.250977 0.000000 3389.910889 0.000000 0.269782 0.000000 -0.962922 0.963276 0.963276 0.963276
6155.323730 0.000000 3414.879639 0.000000 0.222368 0.000000 0.974963 0.633258 0.633258 0.633258
6105.505859 0.000000 3395.266602 0.000000 0.995768 0.000000 -0.091900 0.834004 0.834004 0.834004
6154.518555 0.000000 3417.324707 0.000000 0.965999 0.000000 0.258545 0.758215 0.758215 0.758215
6120.044434 0.000000 3393.932373 0.000000 0.548413 0.000000 0.836207 0.438039 0.438039 0.438039
6122.487305 0.000000 3415.179199 0.000000 0.974645 0.000000 0.223759 0.762140 0.762140 0.762140
6101.838867 0.000000 3397.697998 0.000000 0.071900 0.000000 0.997412 0.273139 0.273139 0.273139
6110.511719 0.000000 3400.406738 0.000000 0.783829 0.000000 0.620976 0.702317 0.702317 0.702317
6123.616211 0.000000 3412.411377 0.000000 0.818089 0.000000 -0.575091 0.881991 0.881991 0.881991
6097.922363 0.000000 3395.708984 0.000000 0.832150 0.000000 -0.554550 0.898618 0.898618 0.898618
6150.686523 0.000000 3415.296387 0.000000 0.195566 0.000000 -0.980691 1.250037 1.250037 1.250037
6150.581055 0.000000 3419.743164 0.000000 0.195239 0.000000 0.980756 0.374557 0.374557 0.374557
6151.651367 0.000000 3412.318848 0.000000 0.982208 0.000000 -0.187795 0.833203 0.833203 0.833203
6117.562012 0.000000 3394.888184 0.000000 0.127823 0.000000 -0.991797 1.284052 1.284052 1.284052
6097.022461 0.000000 3392.003418 0.000000 0.988882 0.000000 0.148700 0.770787 0.770787 0.770787
6139.209473 0.000000 3415.094971 0.000000 0.985882 0.000000 -0.167441 0.861824 0.861824 0.861824
6139.822754 0.000000 3411.074707 0.000000 0.250309 0.000000 -0.968166 1.089515 1.089515 1.089515
6091.375488 0.000000 3388.149902 0.000000 0.980424 0.000000 0.196897 0.763583 0.763583 0.763583
6091.927246 0.000000 3390.181641 0.000000 0.063587 0.000000 -0.997976 1.085966 1.085966 1.085966
6100.210449 0.000000 3399.263184 0.000000 0.249609 0.000000 0.968347 0.489259 0.489259 0.489259
6124.842285 0.000000 3390.778564 0.000000 0.999916 0.000000 0.012962 0.797800 0.797800 0.797800
6108.733398 0.000000 3394.852783 0.000000 0.825972 0.000000 0.563711 0.644508 0.644508 0.644508
6100.220215 0.000000 3395.510010 0.000000 0.968535 0.000000 -0.248876 0.898459 0.898459 0.898459
6138.304688 0.000000 3413.331055 0.000000 0.202304 0.000000 -0.979323 1.277820 1.277820 1.277820
6122.595215 0.000000 3393.985107 0.000000 0.874018 0.000000 0.485894 0.614553 0.614553 0.614553
6127.899414 0.000000 3413.369385 0.000000 0.779847 0.000000 -0.625970 0.941843 0.941843 0.941843
6107.799805 0.000000 3398.489258 0.000000 0.398692 0.000000 0.917085 0.538043 0.538043 0.538043
6095.097656 0.000000 3392.442139 0.000000 0.244841 0.000000 -0.969563 1.037890 1.037890 1.037890
6147.007812 0.000000 3419.373291 0.000000 0.423493 0.000000 0.905900 0.521544 0.521544 0.521544
6103.606445 0.000000 3395.773682 0.000000 0.803191 0.000000 -0.595722 1.079130 1.079130 1.079130
6135.909180 0.000000 3410.642334 0.000000 0.874336 0.000000 0.485321 0.691710 0.691710 0.691710
6102.609375 0.000000 3392.422607 0.000000 0.931727 0.000000 -0.363158 0.940292 0.940292 0.940292
6119.417480 0.000000 3391.721680 0.000000 0.756499 0.000000 0.653995 0.619185 0.619185 0.619185
6115.963379 0.000000 3393.444092 0.000000 0.987665 0.000000 -0.156582 0.845848 0.845848 0.845848
6132.982422 0.000000 3410.661133 0.000000 0.254412 0.000000 -0.967096 1.072843 1.072843 1.072843
6103.666504 0.000000 3399.003662 0.000000 0.814442 0.000000 -0.580246 0.960726 0.960726 0.960726
6142.998047 0.000000 3415.665039 0.000000 0.832622 0.000000 0.553841 0.588982 0.588982 0.588982
6149.522949 0.000000 3416.698975 0.000000 0.608677 0.000000 0.793418 0.454078 0.454078 0.454078
6126.119141 0.000000 3414.824707 0.000000 0.930244 0.000000 -0.366942 0.890048 0.890048 0.890048
6106.230469 0.000000 3397.684082 0.000000 0.415504 0.000000 0.909592 0.473753 0.473753 0.473753
6111.217285 0.000000 3397.038818 0.000000 0.991520 0.000000 -0.129954 0.832275 0.832275 0.832275
6114.650391 0.000000 3396.735352 0.000000 0.988420 0.000000 0.151744 0.760448 0.760448 0.760448
6135.046387 0.000000 3414.782715 0.000000 0.689617 0.000000 -0.724174 1.107313 1.107313 1.107313
6129.337402 0.000000 3416.131592 0.000000 0.248343 0.000000 -0.968672 1.113685 1.113685 1.113685
6141.375977 0.000000 3414.437744 0.000000 0.982174 0.000000 -0.187976 0.869871 0.869871 0.869871
6109.206055 0.000000 3396.461426 0.000000 0.785633 0.000000 -0.618693 0.973201 0.973201 0.973201
6121.334473 0.000000 3395.127197 0.000000 0.733433 0.000000 0.679762 0.541743 0.541743 0.541743
6131.906738 0.000000 3413.838867 0.000000 0.985643 0.000000 -0.168845 0.855571 0.855571 0.855571
6147.515625 0.000000 3417.002441 0.000000 0.236095 0.000000 0.971730 0.320980 0.320980 0.320980
6123.933594 0.000000 3394.887207 0.000000 0.795585 0.000000 0.605841 0.571227 0.571227 0.571227
6137.678711 0.000000 3417.865479 0.000000 0.514917 0.000000 0.857240 0.530542 0.530542 0.530542
6250.033691 0.000000 3318.371338 0.000000 0.971379 0.000000 -0.237535 0.801916 0.801916 0.801916
6223.297852 0.000000 3348.573486 0.000000 0.299292 0.000000 0.954162 0.782289 0.782289 0.782289
6205.785645 0.000000 3363.508057 0.000000 0.144503 0.000000 -0.989504 0.825629 0.825629 0.825629
6213.078125 0.000000 3371.999268 0.000000 0.815904 0.000000 0.578187 0.785224 0.785224 0.785224
6187.733887 0.000000 3351.687744 0.000000 0.843857 0.000000 -0.536568 0.818099 0.818099 0.818099
6258.984863 0.000000 3370.185303 0.000000 0.041013 0.000000 0.999159 0.748060 0.748060 0.748060
6246.254883 0.000000 3333.435791 0.000000 0.815988 0.000000 -0.578069 0.819696 0.819696 0.819696
6234.218750 0.000000 3370.835205 0.000000 0.992143 0.000000 0.125112 0.794989 0.794989 0.794989
6239.978027 0.000000 3372.146484 0.000000 0.942548 0.000000 -0.334071 0.812245 0.812245 0.812245
6237.893066 0.000000 3333.767578 0.000000 0.564817 0.000000 -0.825216 0.865909 0.865909 0.865909
6213.727051 0.000000 3353.693848 0.000000 0.372240 0.000000 -0.928136 1.329729 1.329729 1.329729
6207.003906 0.000000 3337.565186 0.000000 0.716881 0.000000 0.697196 0.753775 0.753775 0.753775
6224.396484 0.000000 3362.655029 0.000000 0.821907 0.000000 0.569622 0.763687 0.763687 0.763687
6196.207031 0.000000 3358.818115 0.000000 0.694199 0.000000 -0.719783 1.141814 1.141814 1.141814
6214.566895 0.000000 3369.227783 0.000000 0.095160 0.000000 0.995462 0.696858 0.696858 0.696858
6219.528320 0.000000 3332.125488 0.000000 0.439478 0.000000 -0.898253 0.900281 0.900281 0.900281
6231.409180 0.000000 3371.525879 0.000000 0.574609 0.000000 0.818428 0.700436 0.700436 0.700436
6217.335449 0.000000 3337.641357 0.000000 0.282994 0.000000 -0.959122 0.930775 0.930775 0.930775
6210.128906 0.000000 3355.037109 0.000000 0.830217 0.000000 0.557441 0.543730 0.543730 0.543730
6257.339355 0.000000 3319.110107 0.000000 0.003936 0.000000 0.999992 0.624754 0.624754 0.624754
6204.814453 0.000000 3353.318359 0.000000 0.961041 0.000000 -0.276407 0.905714 0.905714 0.905714
6222.948242 0.000000 3342.771973 0.000000 0.061688 0.000000 0.998095 0.601078 0.601078 0.601078
6196.472656 0.000000 3356.062500 0.000000 0.751299 0.000000 -0.659963 1.136854 1.136854 1.136854
6186.059082 0.000000 3368.760742 0.000000 0.990753 0.000000 0.135676 0.786409 0.786409 0.786409
6217.073730 0.000000 3364.055420 0.000000 0.943196 0.000000 -0.332236 0.845320 0.845320 0.845320
6199.435547 0.000000 3354.354736 0.000000 0.878939 0.000000 -0.476934 0.983696 0.983696 0.983696
6205.394043 0.000000 3339.754883 0.000000 0.998411 0.000000 0.056356 0.792680 0.792680 0.792680
6236.483398 0.000000 3369.610352 0.000000 0.773553 0.000000 0.633731 0.709525 0.709525 0.709525
6247.666504 0.000000 3368.563232 0.000000 0.850327 0.000000 -0.526254 0.887441 0.887441 0.887441
6255.628906 0.000000 3327.581543 0.000000 0.611793 0.000000 -0.791018 0.942149 0.942149 0.942149
6190.393555 0.000000 3351.885010 0.000000 0.434662 0.000000 0.900594 0.636541 0.636541 0.636541
6206.788574 0.000000 3351.728271 0.000000 0.053518 0.000000 -0.998567 1.409093 1.409093 1.409093
6227.811523 0.000000 3335.252686 0.000000 0.592460 0.000000 -0.805600 0.925343 0.925343 0.925343
6226.250977 0.000000 3364.658203 0.000000 0.280213 0.000000 0.959938 0.640660 0.640660 0.640660
6232.432617 0.000000 3365.970703 0.000000 0.093810 0.000000 -0.995590 1.360427 1.360427 1.360427
6213.109375 0.000000 3351.070068 0.000000 0.114977 0.000000 0.993368 0.192414 0.192414 0.192414
6197.042969 0.000000 3360.960693 0.000000 0.465497 0.000000 -0.885050 1.199317 1.199317 1.199317
6240.103516 0.000000 3327.352783 0.000000 0.765921 0.000000 0.642934 0.705159 0.705159 0.705159
6220.468750 0.000000 3358.202637 0.000000 0.120580 0.000000 -0.992704 1.051938 1.051938 1.051938
6194.355469 0.000000 3352.344727 0.000000 0.999683 0.000000 -0.025168 0.808546 0.808546 0.808546
6234.827148 0.000000 3364.571533 0.000000 0.907579 0.000000 -0.419880 0.941065 0.941065 0.941065
6240.917480 0.000000 3330.120117 0.000000 0.479995 0.000000 0.877271 0.596953 0.596953 0.596953
6249.130371 0.000000 3366.900391 0.000000 0.057972 0.000000 0.998318 0.582459 0.582459 0.582459
6222.755371 0.000000 3364.528076 0.000000 0.171122 0.000000 0.985250 0.523414 0.523414 0.523414
6201.658691 0.000000 3355.145020 0.000000 0.999979 0.000000 0.006514 0.798022 0.798022 0.798022
6205.812500 0.000000 3355.426025 0.000000 0.830283 0.000000 -0.557342 1.013712 1.013712 1.013712
6220.717285 0.000000 3334.060059 0.000000 0.201708 0.000000 0.979446 0.540497 0.540497 0.540497
6188.319824 0.000000 3353.791992 0.000000 0.395084 0.000000 0.918645 0.627872 0.627872 0.627872
6207.710449 0.000000 3341.748779 0.000000 0.425448 0.000000 -0.904983 1.016917 1.016917 1.016917
6215.318848 0.000000 3352.274658 0.000000 0.929777 0.000000 -0.368123 0.930258 0.930258 0.930258
6215.546875 0.000000 3354.785889 0.000000 0.094496 0.000000 0.995525 0.230989 0.230989 0.230989
6204.026855 0.000000 3343.887451 0.000000 0.791751 0.000000 0.610844 0.674006 0.674006 0.674006
6244.106934 0.000000 3327.204834 0.000000 0.369403 0.000000 0.929269 0.578514 0.578514 0.578514
6248.280762 0.000000 3328.416504 0.000000 0.946650 0.000000 -0.322264 0.849805 0.849805 0.849805
6261.099121 0.000000 3316.682373 0.000000 0.869601 0.000000 0.493755 0.713364 0.713364 0.713364
6228.326660 0.000000 3369.834961 0.000000 0.116190 0.000000 0.993227 0.521152 0.521152 0.521152
6198.383301 0.000000 3352.381592 0.000000 0.332535 0.000000 0.943091 0.416207 0.416207 0.416207
6198.312988 0.000000 3358.914307 0.000000 0.976046 0.000000 0.217563 0.721593 0.721593 0.721593
6194.798340 0.000000 3354.644043 0.000000 0.960199 0.000000 -0.279316 0.923818 0.923818 0.923818
6224.480469 0.000000 3334.430420 0.000000 0.995494 0.000000 0.094826 0.781981 0.781981 0.781981
6212.729004 0.000000 3358.230713 0.000000 0.460291 0.000000 0.887768 0.625446 0.625446 0.625446
6214.792480 0.000000 3344.751709 0.000000 0.967776 0.000000 -0.251814 0.848298 0.848298 0.848298
6232.543945 0.000000 3361.419434 0.000000 0.652544 0.000000 -0.757751 0.997495 0.997495 0.997495
6245.821777 0.000000 3329.451904 0.000000 0.716380 0.000000 -0.697710 0.946515 0.946515 0.946515
6208.745605 0.000000 3352.261230 0.000000 0.626011 0.000000 -0.779814 1.255498 1.255498 1.255498
6219.118164 0.000000 3351.332520 0.000000 0.170411 0.000000 -0.985373 1.079523 1.079523 1.079523
6251.287598 0.000000 3327.143555 0.000000 0.738635 0.000000 0.674105 0.659641 0.659641 0.659641
6200.041016 0.000000 3363.957031 0.000000 0.353971 0.000000 0.935257 0.565781 0.565781 0.565781
6211.657227 0.000000 3353.419922 0.000000 0.996942 0.000000 -0.078141 0.839838 0.839838 0.839838
6203.994141 0.000000 3348.495117 0.000000 0.437912 0.000000 0.899018 0.525469 0.525469 0.525469
6258.078613 0.000000 3323.634766 0.000000 0.740425 0.000000 -0.672139 0.942799 0.942799 0.942799
6253.060547 0.000000 3324.854004 0.000000 0.162738 0.000000 -0.986669 1.103564 1.103564 1.103564
6195.688477 0.000000 3365.278809 0.000000 0.892220 0.000000 0.451601 0.674600 0.674600 0.674600
6194.285645 0.000000 3358.509766 0.000000 0.982199 0.000000 0.187845 0.725649 0.725649 0.725649
6196.769043 0.000000 3351.288818 0.000000 0.559233 0.000000 0.829010 0.579427 0.579427 0.579427
6210.400391 0.000000 3349.709229 0.000000 0.448492 0.000000 -0.893787 1.281428 1.281428 1.281428
6225.273438 0.000000 3371.485352 0.000000 0.991085 0.000000 -0.133229 0.826421 0.826421 0.826421
6221.020020 0.000000 3336.923828 0.000000 0.433858 0.000000 0.900981 0.587110 0.587110 0.587110
6260.355469 0.000000 3321.729004 0.000000 0.423488 0.000000 -0.905902 1.015068 1.015068 1.015068
6236.400391 0.000000 3367.681396 0.000000 0.904627 0.000000 0.426204 0.704149 0.704149 0.704149
6219.184082 0.000000 3344.103516 0.000000 0.940148 0.000000 -0.340766 0.873617 0.873617 0.873617
6228.339355 0.000000 3364.824951 0.000000 0.084048 0.000000 -0.996462 1.085042 1.085042 1.085042
6218.977051 0.000000 3356.751221 0.000000 0.070643 0.000000 0.997502 0.377558 0.377558 0.377558
6252.419434 0.000000 3366.184326 0.000000 0.995142 0.000000 -0.098452 0.818710 0.818710 0.818710
6213.393066 0.000000 3348.414307 0.000000 0.309728 0.000000 -0.950825 1.266546 1.266546 1.266546
6212.358887 0.000000 3346.188965 0.000000 0.948283 0.000000 -0.317426 0.896770 0.896770 0.896770
6190.166016 0.000000 3353.793213 0.000000 0.300694 0.000000 0.953721 0.514420 0.514420 0.514420
6193.099609 0.000000 3363.003418 0.000000 0.999974 0.000000 -0.007240 0.802256 0.802256 0.802256
6254.890625 0.000000 3324.934814 0.000000 0.011260 0.000000 0.999937 0.438687 0.438687 0.438687
6202.529297 0.000000 3346.381348 0.000000 0.234566 0.000000 0.972100 0.504256 0.504256 0.504256
6203.499512 0.000000 3351.939697 0.000000 0.989409 0.000000 0.145155 0.758105 0.758105 0.758105
6218.406250 0.000000 3354.983154 0.000000 0.999839 0.000000 0.017955 0.794944 0.794944 0.794944
6190.681152 0.000000 3367.052734 0.000000 0.561871 0.000000 0.827225 0.584037 0.584037 0.584037
6200.196289 0.000000 3352.261719 0.000000 0.997958 0.000000 -0.063867 0.818125 0.818125 0.818125
6206.298828 0.000000 3350.051270 0.000000 0.944894 0.000000 0.327377 0.666108 0.666108 0.666108
6203.304688 0.000000 3354.279541 0.000000 0.010903 0.000000 0.999941 0.323332 0.323332 0.323332
6234.191406 0.000000 3362.204590 0.000000 0.574362 0.000000 -0.818601 1.093040 1.093040 1.093040
6231.246094 0.000000 3367.289062 0.000000 0.398563 0.000000 -0.917141 1.110677 1.110677 1.110677
6197.702148 0.000000 3354.590332 0.000000 0.999773 0.000000 -0.021328 0.809415 0.809415 0.809415
6192.480957 0.000000 3360.911377 0.000000 0.891653 0.000000 0.452719 0.670511 0.670511 0.670511
6194.843750 0.000000 3363.168457 0.000000 0.997336 0.000000 0.072951 0.777834 0.777834 0.777834
6231.295410 0.000000 3363.993164 0.000000 0.214640 0.000000 -0.976693 1.200370 1.200370 1.200370
6213.955566 0.000000 3355.598877 0.000000 0.999744 0.000000 -0.022619 0.809307 0.809307 0.809307
6222.587402 0.000000 3367.803223 0.000000 0.921107 0.000000 -0.389309 0.913409 0.913409 0.913409
6212.142578 0.000000 3349.634521 0.000000 0.928059 0.000000 -0.372434 0.941770 0.941770 0.941770
6197.316895 0.000000 3357.562012 0.000000 0.475035 0.000000 0.879967 0.297224 0.297224 0.297224
6195.022461 0.000000 3360.018311 0.000000 0.933359 0.000000 -0.358943 0.921721 0.921721 0.921721
6206.214355 0.000000 3357.139893 0.000000 0.921832 0.000000 -0.387589 0.894597 0.894597 0.894597
6198.859863 0.000000 3360.493896 0.000000 0.147270 0.000000 -0.989096 1.274622 1.274622 1.274622
6209.943359 0.000000 3353.438232 0.000000 0.994465 0.000000 -0.105066 0.853609 0.853609 0.853609
6192.185547 0.000000 3352.045166 0.000000 0.809815 0.000000 -0.586685 0.985324 0.985324 0.985324
6216.546875 0.000000 3358.002441 0.000000 0.336179 0.000000 0.941798 0.444389 0.444389 0.444389
6198.292969 0.000000 3363.922852 0.000000 0.999990 0.000000 0.004526 0.798798 0.798798 0.798798
6200.233398 0.000000 3355.902588 0.000000 0.186376 0.000000 -0.982479 1.219950 1.219950 1.219950
6191.744141 0.000000 3363.875488 0.000000 0.587022 0.000000 0.809571 0.539975 0.539975 0.539975
6195.408691 0.000000 3357.326172 0.000000 0.594479 0.000000 -0.804111 1.214203 1.214203 1.214203
6345.004883 0.000000 3084.628174 0.000000 0.715833 0.000000 -0.698272 0.804632 0.804632 0.804632
6346.921387 0.000000 3072.120850 0.000000 0.946323 0.000000 -0.323223 0.802629 0.802629 0.802629
6324.521484 0.000000 3064.180176 0.000000 0.720363 0.000000 -0.693597 0.835209 0.835209 0.835209
6341.185547 0.000000 3083.078369 0.000000 0.376853 0.000000 0.926273 0.738496 0.738496 0.738496
6327.238281 0.000000 3071.888184 0.000000 0.895974 0.000000 0.444107 0.773347 0.773347 0.773347
6343.371094 0.000000 3101.749512 0.000000 0.995521 0.000000 -0.094541 0.810968 0.810968 0.810968
6331.294434 0.000000 3062.026611 0.000000 0.705871 0.000000 -0.708341 0.873889 0.873889 0.873889
6340.326172 0.000000 3077.898438 0.000000 0.972761 0.000000 0.231812 0.755613 0.755613 0.755613
6332.894531 0.000000 3069.692871 0.000000 0.595183 0.000000 0.803590 0.494299 0.494299 0.494299
6335.649414 0.000000 3072.807617 0.000000 0.982086 0.000000 0.188432 0.775012 0.775012 0.775012
6331.881836 0.000000 3071.494141 0.000000 0.803977 0.000000 -0.594661 0.939912 0.939912 0.939912
6343.082520 0.000000 3079.504639 0.000000 0.984648 0.000000 -0.174554 0.833290 0.833290 0.833290
6331.771973 0.000000 3067.953857 0.000000 0.532029 0.000000 0.846726 0.519663 0.519663 0.519663
6341.599121 0.000000 3075.774414 0.000000 0.537215 0.000000 -0.843445 0.990433 0.990433 0.990433
6339.155762 0.000000 3070.638184 0.000000 0.871637 0.000000 0.490152 0.702804 0.702804 0.702804
6336.009277 0.000000 3068.383057 0.000000 0.023442 0.000000 -0.999725 1.081229 1.081229 1.081229
6341.077637 0.000000 3073.558594 0.000000 0.487307 0.000000 -0.873231 0.997221 0.997221 0.997221
6333.656738 0.000000 3071.743652 0.000000 0.992951 0.000000 -0.118527 0.829898 0.829898 0.829898
6333.098633 0.000000 3066.312256 0.000000 0.199716 0.000000 -0.979854 1.182994 1.182994 1.182994
6362.164062 0.000000 3100.517578 0.000000 0.595645 0.000000 -0.803248 0.852161 0.852161 0.852161
6359.361816 0.000000 3100.646240 0.000000 0.871031 0.000000 0.491228 0.725133 0.725133 0.725133
6355.345215 0.000000 3098.207520 0.000000 0.650986 0.000000 -0.759089 0.927387 0.927387 0.927387
6360.964355 0.000000 3102.372559 0.000000 0.172222 0.000000 0.985058 0.565509 0.565509 0.565509
6352.720215 0.000000 3100.183350 0.000000 0.455413 0.000000 0.890280 0.591676 0.591676 0.591676
6331.336426 0.000000 3116.930908 0.000000 0.243719 0.000000 -0.969846 0.913758 0.913758 0.913758
6335.969238 0.000000 3118.959473 0.000000 0.034877 0.000000 0.999392 0.625148 0.625148 0.625148
6339.670898 0.000000 3104.740479 0.000000 0.968470 0.000000 -0.249132 0.836207 0.836207 0.836207
6335.272949 0.000000 3114.447754 0.000000 0.486868 0.000000 0.873476 0.598442 0.598442 0.598442
6348.091309 0.000000 3102.713623 0.000000 0.993397 0.000000 -0.114731 0.822047 0.822047 0.822047
6332.813965 0.000000 3115.483154 0.000000 0.208079 0.000000 0.978112 0.579792 0.579792 0.579792
6338.279785 0.000000 3113.174805 0.000000 0.853271 0.000000 -0.521468 0.904085 0.904085 0.904085
6341.810059 0.000000 3104.276367 0.000000 0.846864 0.000000 -0.531810 0.957909 0.957909 0.957909
6345.070801 0.000000 3109.666016 0.000000 0.986350 0.000000 -0.164661 0.832707 0.832707 0.832707
6340.052734 0.000000 3110.885254 0.000000 0.766309 0.000000 0.642472 0.660649 0.660649 0.660649
6341.882812 0.000000 3110.966064 0.000000 0.993720 0.000000 0.111891 0.777606 0.777606 0.777606
6340.531738 0.000000 3107.583252 0.000000 0.987291 0.000000 -0.158921 0.847176 0.847176 0.847176
6343.688477 0.000000 3106.896484 0.000000 0.860510 0.000000 0.509434 0.615309 0.615309 0.615309
6432.272949 0.000000 3130.700195 0.000000 0.990459 0.000000 0.137805 0.796687 0.796687 0.796687
6427.497070 0.000000 3170.790527 0.000000 0.971711 0.000000 0.236174 0.780000 0.780000 0.780000
6431.480957 0.000000 3153.001221 0.000000 0.514091 0.000000 -0.857736 0.888531 0.888531 0.888531
6421.944824 0.000000 3188.554443 0.000000 0.335505 0.000000 0.942038 0.704297 0.704297 0.704297
6416.842285 0.000000 3179.503418 0.000000 0.392248 0.000000 0.919860 0.678725 0.678725 0.678725
6409.042969 0.000000 3176.924316 0.000000 0.994434 0.000000 0.105357 0.786930 0.786930 0.786930
6420.408691 0.000000 3166.273682 0.000000 0.701859 0.000000 -0.712316 0.918755 0.918755 0.918755
6416.268066 0.000000 3171.936279 0.000000 0.820286 0.000000 -0.571954 0.880262 0.880262 0.880262
6427.829102 0.000000 3167.406738 0.000000 0.130821 0.000000 0.991406 0.564232 0.564232 0.564232
6426.609375 0.000000 3192.242920 0.000000 0.403536 0.000000 0.914964 0.608465 0.608465 0.608465
6416.215332 0.000000 3196.876465 0.000000 0.322085 0.000000 -0.946711 0.976243 0.976243 0.976243
6419.886719 0.000000 3176.677246 0.000000 0.983779 0.000000 -0.179384 0.826296 0.826296 0.826296
6416.771973 0.000000 3174.648682 0.000000 0.789110 0.000000 0.614251 0.671858 0.671858 0.671858
6428.642578 0.000000 3163.088379 0.000000 0.551062 0.000000 0.834464 0.614670 0.614670 0.614670
6430.231934 0.000000 3140.815430 0.000000 0.578588 0.000000 0.815620 0.660938 0.660938 0.660938
6361.863770 0.000000 3107.735840 0.000000 0.663975 0.000000 -0.747755 0.934961 0.934961 0.934961
6426.594727 0.000000 3188.435791 0.000000 0.846740 0.000000 -0.532007 0.907557 0.907557 0.907557
6434.064453 0.000000 3140.542236 0.000000 0.897008 0.000000 0.442013 0.703072 0.703072 0.703072
6412.754395 0.000000 3177.295166 0.000000 0.733603 0.000000 0.679578 0.658230 0.658230 0.658230
6418.764160 0.000000 3174.938232 0.000000 0.816851 0.000000 0.576848 0.662460 0.662460 0.662460
6425.499023 0.000000 3171.476562 0.000000 0.272274 0.000000 0.962220 0.538763 0.538763 0.538763
6430.849121 0.000000 3137.992676 0.000000 0.346943 0.000000 0.937886 0.569187 0.569187 0.569187
6423.001465 0.000000 3175.367432 0.000000 0.669112 0.000000 -0.743162 0.947246 0.947246 0.947246
6424.020020 0.000000 3188.836182 0.000000 0.899883 0.000000 0.436131 0.710767 0.710767 0.710767
6436.580078 0.000000 3139.613281 0.000000 0.414268 0.000000 -0.910155 1.037552 1.037552 1.037552
6426.614746 0.000000 3165.889160 0.000000 0.080928 0.000000 0.996720 0.517333 0.517333 0.517333
6422.358887 0.000000 3194.915527 0.000000 0.485389 0.000000 -0.874299 1.031629 1.031629 1.031629
6423.989258 0.000000 3197.459473 0.000000 0.993435 0.000000 0.114399 0.778247 0.778247 0.778247
6415.940430 0.000000 3177.865967 0.000000 0.122544 0.000000 -0.992463 1.074729 1.074729 1.074729
6425.620117 0.000000 3193.879639 0.000000 0.883669 0.000000 0.468111 0.681299 0.681299 0.681299
6423.540527 0.000000 3168.841797 0.000000 0.713578 0.000000 0.700576 0.592264 0.592264 0.592264
6423.060059 0.000000 3172.333984 0.000000 0.957000 0.000000 0.290089 0.712414 0.712414 0.712414
6420.090820 0.000000 3173.296631 0.000000 0.685482 0.000000 0.728090 0.526360 0.526360 0.526360
6444.236328 0.000000 3148.745361 0.000000 0.706260 0.000000 -0.707953 0.817281 0.817281 0.817281
6437.852051 0.000000 3153.083984 0.000000 0.989459 0.000000 -0.144817 0.804354 0.804354 0.804354
6441.580078 0.000000 3151.804932 0.000000 0.679529 0.000000 0.733649 0.760518 0.760518 0.760518
6438.935059 0.000000 3150.193359 0.000000 0.292060 0.000000 -0.956400 0.914539 0.914539 0.914539
6443.432129 0.000000 3146.363770 0.000000 0.177900 0.000000 -0.984049 0.972363 0.972363 0.972363
6444.192871 0.000000 3143.855225 0.000000 0.859060 0.000000 -0.511875 0.865468 0.865468 0.865468
6439.952637 0.000000 3142.542725 0.000000 0.593904 0.000000 -0.804536 0.941908 0.941908 0.941908
6440.202148 0.000000 3145.785889 0.000000 0.871506 0.000000 0.490386 0.702753 0.702753 0.702753
6439.176758 0.000000 3139.721191 0.000000 0.986062 0.000000 0.166378 0.767617 0.767617 0.767617
6442.065918 0.000000 3142.253418 0.000000 0.995306 0.000000 -0.096778 0.818391 0.818391 0.818391
6325.166016 0.000000 3294.602783 0.000000 0.858421 0.000000 0.512946 0.786015 0.786015 0.786015
6327.238281 0.000000 3285.856934 0.000000 0.035679 0.000000 -0.999363 0.888913 0.888913 0.888913
6295.163086 0.000000 3310.269775 0.000000 0.416061 0.000000 0.909337 0.727033 0.727033 0.727033
6299.372559 0.000000 3291.387939 0.000000 0.999945 0.000000 -0.010515 0.800714 0.800714 0.800714
6295.346680 0.000000 3280.732910 0.000000 0.018869 0.000000 -0.999822 0.892987 0.892987 0.892987
6302.515625 0.000000 3290.658447 0.000000 0.353090 0.000000 -0.935589 0.894244 0.894244 0.894244
6299.939941 0.000000 3306.080811 0.000000 0.738982 0.000000 0.673725 0.724702 0.724702 0.724702
6314.286621 0.000000 3282.510010 0.000000 0.558294 0.000000 -0.829643 0.903574 0.903574 0.903574
6319.085938 0.000000 3287.989258 0.000000 0.632633 0.000000 -0.774451 0.893770 0.893770 0.893770
6294.390137 0.000000 3283.112305 0.000000 0.898008 0.000000 0.439979 0.741767 0.741767 0.741767
6305.863281 0.000000 3294.026855 0.000000 0.045690 0.000000 0.998956 0.611150 0.611150 0.611150
6320.502930 0.000000 3289.839844 0.000000 0.998523 0.000000 -0.054322 0.807707 0.807707 0.807707
6296.717285 0.000000 3283.002197 0.000000 0.961351 0.000000 0.275325 0.758219 0.758219 0.758219
6294.028809 0.000000 3286.947998 0.000000 0.554870 0.000000 -0.831937 0.931485 0.931485 0.931485
6303.958984 0.000000 3292.576660 0.000000 0.682712 0.000000 0.730688 0.695271 0.695271 0.695271
6301.770508 0.000000 3288.361572 0.000000 0.923718 0.000000 0.383074 0.748180 0.748180 0.748180
6297.912598 0.000000 3301.319824 0.000000 0.981945 0.000000 0.189166 0.766171 0.766171 0.766171
6319.358887 0.000000 3279.884521 0.000000 0.970741 0.000000 0.240130 0.764160 0.764160 0.764160
6310.218750 0.000000 3278.716797 0.000000 0.493543 0.000000 0.869721 0.599896 0.599896 0.599896
6294.180176 0.000000 3308.134521 0.000000 0.849847 0.000000 0.527029 0.722393 0.722393 0.722393
6318.066895 0.000000 3282.958496 0.000000 0.727500 0.000000 0.686108 0.656535 0.656535 0.656535
6306.043457 0.000000 3282.834473 0.000000 0.752907 0.000000 -0.658126 0.936294 0.936294 0.936294
6325.669922 0.000000 3287.209229 0.000000 0.366427 0.000000 0.930447 0.601799 0.601799 0.601799
6296.579590 0.000000 3287.000732 0.000000 0.988527 0.000000 0.151046 0.772442 0.772442 0.772442
6301.250000 0.000000 3298.640869 0.000000 0.643128 0.000000 0.765759 0.634507 0.634507 0.634507
6265.728027 0.000000 3314.152100 0.000000 0.449959 0.000000 0.893049 0.590515 0.590515 0.590515
6307.224609 0.000000 3281.270508 0.000000 0.720824 0.000000 -0.693118 0.937655 0.937655 0.937655
6302.977539 0.000000 3297.537109 0.000000 0.936896 0.000000 -0.349607 0.867765 0.867765 0.867765
6312.157227 0.000000 3279.008789 0.000000 0.945822 0.000000 -0.324685 0.862742 0.862742 0.862742
6369.599609 0.000000 3260.340576 0.000000 0.483835 0.000000 0.875159 0.774457 0.774457 0.774457
6377.035645 0.000000 3253.151611 0.000000 0.554182 0.000000 0.832396 0.745005 0.745005 0.745005
6366.167969 0.000000 3246.700928 0.000000 0.696689 0.000000 0.717373 0.736086 0.736086 0.736086
6378.613281 0.000000 3279.000732 0.000000 0.998231 0.000000 -0.059456 0.806060 0.806060 0.806060
6374.334961 0.000000 3252.544189 0.000000 0.103327 0.000000 0.994647 0.635891 0.635891 0.635891
6370.728516 0.000000 3291.116699 0.000000 0.116368 0.000000 -0.993206 0.968450 0.968450 0.968450
6361.944336 0.000000 3250.763428 0.000000 0.403125 0.000000 -0.915145 0.938513 0.938513 0.938513
6362.217773 0.000000 3257.550781 0.000000 0.421773 0.000000 0.906701 0.670744 0.670744 0.670744
6356.439941 0.000000 3253.348145 0.000000 0.355057 0.000000 -0.934844 0.949563 0.949563 0.949563
6373.210938 0.000000 3278.065430 0.000000 0.608538 0.000000 0.793525 0.655380 0.655380 0.655380
6373.852051 0.000000 3289.461670 0.000000 0.350543 0.000000 0.936547 0.618354 0.618354 0.618354
6374.681641 0.000000 3272.581055 0.000000 0.469691 0.000000 -0.882831 0.959894 0.959894 0.959894
6373.627930 0.000000 3286.946289 0.000000 0.958342 0.000000 -0.285622 0.833554 0.833554 0.833554
6375.690918 0.000000 3255.158447 0.000000 0.992648 0.000000 -0.121033 0.820355 0.820355 0.820355
6359.144043 0.000000 3257.023193 0.000000 0.598904 0.000000 -0.800821 0.963219 0.963219 0.963219
6377.333496 0.000000 3283.947510 0.000000 0.040598 0.000000 -0.999176 1.090334 1.090334 1.090334
6376.952148 0.000000 3280.512695 0.000000 0.990440 0.000000 -0.137945 0.826257 0.826257 0.826257
6364.456543 0.000000 3250.655762 0.000000 0.853532 0.000000 0.521041 0.692727 0.692727 0.692727
6374.534180 0.000000 3280.437744 0.000000 0.746883 0.000000 0.664956 0.661978 0.661978 0.661978
6361.419434 0.000000 3252.884766 0.000000 0.016435 0.000000 0.999865 0.505079 0.505079 0.505079
6355.274902 0.000000 3256.728027 0.000000 0.878826 0.000000 0.477142 0.705625 0.705625 0.705625
6377.082520 0.000000 3261.888184 0.000000 0.929847 0.000000 0.367946 0.742806 0.742806 0.742806
6363.144043 0.000000 3255.549561 0.000000 0.465205 0.000000 -0.885203 1.004061 1.004061 1.004061
6377.971191 0.000000 3268.333496 0.000000 0.829575 0.000000 -0.558396 0.907677 0.907677 0.907677
6375.225098 0.000000 3268.836426 0.000000 0.967674 0.000000 -0.252203 0.848375 0.848375 0.848375
6375.687988 0.000000 3276.129395 0.000000 0.826644 0.000000 0.562725 0.693760 0.693760 0.693760
6374.025391 0.000000 3256.972656 0.000000 0.695647 0.000000 0.718384 0.647930 0.647930 0.647930
6374.334961 0.000000 3266.380615 0.000000 0.188684 0.000000 0.982038 0.537977 0.537977 0.537977
6359.076172 0.000000 3254.849365 0.000000 0.544421 0.000000 0.838812 0.611192 0.611192 0.611192
6374.616211 0.000000 3258.928955 0.000000 0.986548 0.000000 0.163470 0.768844 0.768844 0.768844
6368.270020 0.000000 3251.525391 0.000000 0.647587 0.000000 0.761992 0.594085 0.594085 0.594085
6366.465332 0.000000 3253.927002 0.000000 0.467399 0.000000 -0.884046 1.042581 1.042581 1.042581
6369.006836 0.000000 3253.033936 0.000000 0.810688 0.000000 -0.585478 0.958650 0.958650 0.958650
6397.758789 0.000000 3372.994385 0.000000 0.900839 0.000000 0.434152 0.793721 0.793721 0.793721
6368.291992 0.000000 3361.537354 0.000000 0.666524 0.000000 -0.745483 0.828563 0.828563 0.828563
6381.460449 0.000000 3353.999756 0.000000 0.424518 0.000000 0.905419 0.738937 0.738937 0.738937
6395.583008 0.000000 3369.329590 0.000000 0.717887 0.000000 -0.696160 0.843062 0.843062 0.843062
6386.638672 0.000000 3360.540771 0.000000 0.059655 0.000000 0.998219 0.691351 0.691351 0.691351
6370.191406 0.000000 3358.818115 0.000000 0.951567 0.000000 0.307441 0.779403 0.779403 0.779403
6389.516113 0.000000 3374.371338 0.000000 0.200153 0.000000 -0.979765 0.895717 0.895717 0.895717
6366.399902 0.000000 3359.031250 0.000000 0.702527 0.000000 -0.711657 0.885402 0.885402 0.885402
6370.457031 0.000000 3356.062500 0.000000 0.994553 0.000000 0.104234 0.787486 0.787486 0.787486
6392.954102 0.000000 3370.510010 0.000000 0.936369 0.000000 0.351017 0.744843 0.744843 0.744843
6379.325195 0.000000 3360.964355 0.000000 0.844751 0.000000 -0.535159 0.877820 0.877820 0.877820
6382.185059 0.000000 3363.629883 0.000000 0.983583 0.000000 -0.180458 0.834428 0.834428 0.834428
6368.339844 0.000000 3352.344727 0.000000 0.575778 0.000000 0.817606 0.668083 0.668083 0.668083
6378.540039 0.000000 3358.070068 0.000000 0.901848 0.000000 0.432054 0.736646 0.736646 0.736646
6382.721680 0.000000 3359.564697 0.000000 0.780050 0.000000 -0.625717 0.916120 0.916120 0.916120
6385.480469 0.000000 3362.509521 0.000000 0.767740 0.000000 0.640762 0.673596 0.673596 0.673596
6384.239746 0.000000 3366.902100 0.000000 0.015919 0.000000 0.999873 0.532930 0.532930 0.532930
6368.782715 0.000000 3354.644043 0.000000 0.887157 0.000000 -0.461467 0.891007 0.891007 0.891007
6381.301758 0.000000 3361.505615 0.000000 0.722877 0.000000 -0.690977 0.944739 0.944739 0.944739
7075.375488 0.000000 3190.798096 0.000000 0.893882 0.000000 -0.448303 0.804642 0.804642 0.804642
7091.109863 0.000000 3172.540771 0.000000 0.902900 0.000000 -0.429850 0.803550 0.803550 0.803550
7094.231934 0.000000 3202.185059 0.000000 0.986894 0.000000 0.161371 0.797410 0.797410 0.797410
7099.449707 0.000000 3187.693115 0.000000 0.942490 0.000000 -0.334233 0.819058 0.819058 0.819058
7129.863281 0.000000 3168.723389 0.000000 0.977174 0.000000 -0.212440 0.811971 0.811971 0.811971
7090.869629 0.000000 3176.913086 0.000000 0.257290 0.000000 -0.966334 0.883761 0.883761 0.883761
7112.808594 0.000000 3207.952148 0.000000 0.575779 0.000000 -0.817605 0.882209 0.882209 0.882209
7104.248535 0.000000 3207.315186 0.000000 0.131914 0.000000 0.991261 0.690825 0.690825 0.690825
7094.128418 0.000000 3173.708496 0.000000 0.698793 0.000000 -0.715324 0.874823 0.874823 0.874823
7118.558105 0.000000 3208.498779 0.000000 0.974307 0.000000 -0.225223 0.822686 0.822686 0.822686
7125.059082 0.000000 3165.219971 0.000000 0.518969 0.000000 0.854793 0.714006 0.714006 0.714006
7109.485840 0.000000 3161.002197 0.000000 0.788939 0.000000 0.614472 0.743171 0.743171 0.743171
7102.936035 0.000000 3203.764160 0.000000 0.975291 0.000000 -0.220922 0.825360 0.825360 0.825360
7104.962402 0.000000 3201.510498 0.000000 0.997295 0.000000 0.073507 0.791183 0.791183 0.791183
7115.414062 0.000000 3163.659180 0.000000 0.534593 0.000000 -0.845110 0.900538 0.900538 0.900538
7108.399414 0.000000 3203.755859 0.000000 0.182650 0.000000 -0.983178 0.960683 0.960683 0.960683
7099.852051 0.000000 3199.831543 0.000000 0.142702 0.000000 0.989766 0.620370 0.620370 0.620370
7098.429199 0.000000 3204.956299 0.000000 0.851836 0.000000 0.523809 0.729529 0.729529 0.729529
7100.269531 0.000000 3166.677002 0.000000 0.560936 0.000000 -0.827859 0.907133 0.907133 0.907133
7113.748535 0.000000 3205.562500 0.000000 0.049058 0.000000 0.998796 0.635881 0.635881 0.635881
7100.356445 0.000000 3171.651367 0.000000 0.817073 0.000000 0.576535 0.709182 0.709182 0.709182
7100.495117 0.000000 3203.349365 0.000000 0.908408 0.000000 -0.418086 0.853412 0.853412 0.853412
7116.346191 0.000000 3166.273682 0.000000 0.490497 0.000000 0.871443 0.647839 0.647839 0.647839
7120.648438 0.000000 3165.541992 0.000000 0.983762 0.000000 -0.179480 0.820904 0.820904 0.820904
7111.851074 0.000000 3194.507568 0.000000 0.956713 0.000000 -0.291031 0.846594 0.846594 0.846594
7123.766602 0.000000 3167.406738 0.000000 0.591355 0.000000 -0.806411 0.914285 0.914285 0.914285
7113.694336 0.000000 3192.381348 0.000000 0.180344 0.000000 -0.983604 1.033107 1.033107 1.033107
7112.237793 0.000000 3200.910889 0.000000 0.990505 0.000000 -0.137480 0.819557 0.819557 0.819557
7120.857422 0.000000 3209.435059 0.000000 0.674242 0.000000 -0.738510 0.896246 0.896246 0.896246
7132.377441 0.000000 3208.289795 0.000000 0.420745 0.000000 0.907179 0.647915 0.647915 0.647915
7103.432617 0.000000 3182.855469 0.000000 0.646315 0.000000 0.763071 0.678641 0.678641 0.678641
7112.152832 0.000000 3196.876465 0.000000 0.564330 0.000000 -0.825550 0.953234 0.953234 0.953234
7108.178223 0.000000 3173.516846 0.000000 0.478319 0.000000 0.878186 0.609437 0.609437 0.609437
7108.438477 0.000000 3169.079590 0.000000 0.990754 0.000000 0.135669 0.778528 0.778528 0.778528
7080.530273 0.000000 3198.442627 0.000000 0.026250 0.000000 0.999655 0.543960 0.543960 0.543960
7109.823242 0.000000 3171.461670 0.000000 0.295358 0.000000 0.955387 0.586773 0.586773 0.586773
7105.441895 0.000000 3189.877441 0.000000 0.615270 0.000000 0.788316 0.671232 0.671232 0.671232
7092.417969 0.000000 3178.565674 0.000000 0.100867 0.000000 0.994900 0.579841 0.579841 0.579841
7080.842285 0.000000 3194.335449 0.000000 0.974504 0.000000 -0.224369 0.836157 0.836157 0.836157
7102.288574 0.000000 3172.900146 0.000000 0.536027 0.000000 0.844201 0.635396 0.635396 0.635396
7112.222656 0.000000 3167.424561 0.000000 0.980176 0.000000 0.198128 0.772514 0.772514 0.772514
7100.996582 0.000000 3175.974121 0.000000 0.954506 0.000000 -0.298193 0.852614 0.852614 0.852614
7114.632812 0.000000 3200.807617 0.000000 0.999095 0.000000 0.042541 0.793456 0.793456 0.793456
7093.073242 0.000000 3192.579102 0.000000 0.776900 0.000000 -0.629624 0.922423 0.922423 0.922423
7095.358398 0.000000 3195.283936 0.000000 0.391668 0.000000 -0.920106 1.040348 1.040348 1.040348
7132.423340 0.000000 3197.512451 0.000000 0.519542 0.000000 -0.854445 1.012798 1.012798 1.012798
7083.690918 0.000000 3197.055420 0.000000 0.729661 0.000000 0.683809 0.645102 0.645102 0.645102
7130.101562 0.000000 3191.634521 0.000000 0.535602 0.000000 -0.844470 0.976737 0.976737 0.976737
7116.505371 0.000000 3186.909180 0.000000 0.380555 0.000000 0.924758 0.547743 0.547743 0.547743
7099.659180 0.000000 3194.645996 0.000000 0.973075 0.000000 -0.230490 0.843200 0.843200 0.843200
7096.736816 0.000000 3197.105957 0.000000 0.985282 0.000000 0.170937 0.767064 0.767064 0.767064
7097.604004 0.000000 3192.530273 0.000000 0.610787 0.000000 -0.791795 0.966071 0.966071 0.966071
7110.323242 0.000000 3187.316895 0.000000 0.357329 0.000000 -0.933978 1.035930 1.035930 1.035930
7080.113770 0.000000 3188.791016 0.000000 0.989945 0.000000 0.141450 0.775622 0.775622 0.775622
7114.811523 0.000000 3178.478516 0.000000 0.837382 0.000000 0.546618 0.676410 0.676410 0.676410
7115.332031 0.000000 3170.981689 0.000000 0.523613 0.000000 0.851956 0.618742 0.618742 0.618742
7080.170410 0.000000 3203.626221 0.000000 0.952588 0.000000 0.304262 0.748750 0.748750 0.748750
7124.767578 0.000000 3204.008789 0.000000 0.400239 0.000000 -0.916411 1.052317 1.052317 1.052317
7122.532227 0.000000 3188.435791 0.000000 0.065666 0.000000 0.997842 0.472345 0.472345 0.472345
7091.235352 0.000000 3182.737793 0.000000 0.632395 0.000000 -0.774646 0.976986 0.976986 0.976986
7108.599609 0.000000 3180.224854 0.000000 0.740958 0.000000 0.671551 0.660296 0.660296 0.660296
7090.811035 0.000000 3185.548340 0.000000 0.013078 0.000000 0.999914 0.479553 0.479553 0.479553
7108.691895 0.000000 3177.295166 0.000000 0.108453 0.000000 -0.994102 1.074501 1.074501 1.074501
7126.012207 0.000000 3186.489014 0.000000 0.545379 0.000000 -0.838190 0.958813 0.958813 0.958813
7118.479004 0.000000 3201.607422 0.000000 0.978905 0.000000 0.204315 0.762603 0.762603 0.762603
7114.701660 0.000000 3174.938232 0.000000 0.976178 0.000000 0.216972 0.755445 0.755445 0.755445
7124.528809 0.000000 3182.758789 0.000000 0.984569 0.000000 -0.174997 0.834429 0.834429 0.834429
7110.636719 0.000000 3183.362305 0.000000 0.797204 0.000000 -0.603710 0.929450 0.929450 0.929450
7121.436523 0.000000 3171.476562 0.000000 0.706612 0.000000 -0.707601 0.938162 0.938162 0.938162
7131.124023 0.000000 3196.016113 0.000000 0.643946 0.000000 -0.765071 0.977470 0.977470 0.977470
7112.849609 0.000000 3190.564941 0.000000 0.688336 0.000000 0.725392 0.654113 0.654113 0.654113
7126.139160 0.000000 3199.960205 0.000000 0.932344 0.000000 -0.361573 0.876844 0.876844 0.876844
7121.125977 0.000000 3199.455078 0.000000 0.872301 0.000000 -0.488969 0.887755 0.887755 0.887755
7122.085449 0.000000 3177.622559 0.000000 0.848464 0.000000 -0.529254 0.913618 0.913618 0.913618
7118.938965 0.000000 3175.367432 0.000000 0.998411 0.000000 0.056344 0.787840 0.787840 0.787840
7119.957520 0.000000 3188.836182 0.000000 0.872118 0.000000 -0.489296 0.904158 0.904158 0.904158
7130.371094 0.000000 3200.704102 0.000000 0.090757 0.000000 -0.995873 1.098530 1.098530 1.098530
7124.007324 0.000000 3180.542969 0.000000 0.111698 0.000000 -0.993742 1.076802 1.076802 1.076802
7084.813477 0.000000 3199.400635 0.000000 0.091649 0.000000 -0.995791 1.101303 1.101303 1.101303
7084.179688 0.000000 3191.656494 0.000000 0.666577 0.000000 0.745437 0.638715 0.638715 0.638715
7091.428223 0.000000 3209.482422 0.000000 0.647253 0.000000 0.762275 0.600906 0.600906 0.600906
7089.817383 0.000000 3208.253174 0.000000 0.929599 0.000000 -0.368573 0.870113 0.870113 0.870113
7097.926270 0.000000 3177.353516 0.000000 0.744844 0.000000 0.667239 0.652644 0.652644 0.652644
7117.021973 0.000000 3181.794678 0.000000 0.091939 0.000000 0.995765 0.466269 0.466269 0.466269
7109.063477 0.000000 3175.228027 0.000000 0.933867 0.000000 0.357620 0.732801 0.732801 0.732801
7125.306152 0.000000 3188.435547 0.000000 0.511068 0.000000 0.859541 0.578950 0.578950 0.578950
7112.313965 0.000000 3186.999756 0.000000 0.911960 0.000000 -0.410279 0.886124 0.886124 0.886124
7125.987793 0.000000 3196.004883 0.000000 0.904124 0.000000 0.427271 0.716236 0.716236 0.716236
7115.284668 0.000000 3185.038574 0.000000 0.564314 0.000000 -0.825560 1.011428 1.011428 1.011428
7092.823242 0.000000 3196.673584 0.000000 0.315629 0.000000 0.948883 0.555401 0.555401 0.555401
7085.907227 0.000000 3190.552734 0.000000 0.313100 0.000000 0.949720 0.559883 0.559883 0.559883
7111.877930 0.000000 3177.865967 0.000000 0.703851 0.000000 -0.710348 0.954625 0.954625 0.954625
7083.177246 0.000000 3195.231689 0.000000 0.908415 0.000000 0.418070 0.711271 0.711271 0.711271
7120.851562 0.000000 3181.315430 0.000000 0.653561 0.000000 0.756874 0.611387 0.611387 0.611387
7120.813965 0.000000 3203.141602 0.000000 0.875514 0.000000 0.483193 0.658991 0.658991 0.658991
7126.925293 0.000000 3201.895996 0.000000 0.911784 0.000000 0.410670 0.710408 0.710408 0.710408
7082.128418 0.000000 3189.447021 0.000000 0.352236 0.000000 0.935911 0.550912 0.550912 0.550912
7129.094727 0.000000 3193.181152 0.000000 0.191818 0.000000 0.981430 0.516569 0.516569 0.516569
7089.896484 0.000000 3196.692383 0.000000 0.700308 0.000000 -0.713841 0.963537 0.963537 0.963537
7118.909668 0.000000 3183.793457 0.000000 0.953634 0.000000 0.300970 0.729784 0.729784 0.729784
7114.054688 0.000000 3180.766846 0.000000 0.960223 0.000000 0.279234 0.738392 0.738392 0.738392
7120.988281 0.000000 3205.226318 0.000000 0.461037 0.000000 -0.887381 1.079072 1.079072 1.079072
7116.586426 0.000000 3178.728027 0.000000 0.527957 0.000000 0.849271 0.573043 0.573043 0.573043
7199.922852 0.000000 3161.693848 0.000000 0.951063 0.000000 -0.308998 0.806902 0.806902 0.806902
7134.906250 0.000000 3181.131348 0.000000 0.650000 0.000000 -0.759934 0.822412 0.822412 0.822412
7207.412109 0.000000 3154.854492 0.000000 0.886060 0.000000 -0.463570 0.817329 0.817329 0.817329
7192.629395 0.000000 3204.282227 0.000000 0.426224 0.000000 -0.904618 0.838383 0.838383 0.838383
7137.778809 0.000000 3144.214844 0.000000 0.781631 0.000000 -0.623741 0.821523 0.821523 0.821523
7204.980469 0.000000 3196.868896 0.000000 0.999845 0.000000 0.017590 0.799438 0.799438 0.799438
7204.121094 0.000000 3128.500732 0.000000 0.336576 0.000000 -0.941656 0.849033 0.849033 0.849033
7140.394531 0.000000 3159.954590 0.000000 0.607423 0.000000 0.794378 0.770665 0.770665 0.770665
7176.704590 0.000000 3150.254883 0.000000 0.278925 0.000000 0.960313 0.751119 0.751119 0.751119
7210.768066 0.000000 3194.236328 0.000000 0.560340 0.000000 0.828263 0.757115 0.757115 0.757115
7204.057129 0.000000 3152.108643 0.000000 0.261960 0.000000 -0.965079 0.857373 0.857373 0.857373
7200.782715 0.000000 3202.890869 0.000000 0.328821 0.000000 0.944392 0.730894 0.730894 0.730894
7178.512695 0.000000 3155.360840 0.000000 0.477860 0.000000 -0.878436 0.849271 0.849271 0.849271
7196.987793 0.000000 3164.424561 0.000000 0.355096 0.000000 0.934830 0.737282 0.737282 0.737282
7166.363281 0.000000 3147.758057 0.000000 0.609464 0.000000 -0.792814 0.853021 0.853021 0.853021
7208.791504 0.000000 3197.537842 0.000000 0.995467 0.000000 -0.095103 0.804375 0.804375 0.804375
7145.979492 0.000000 3180.541016 0.000000 0.125884 0.000000 0.992045 0.713445 0.713445 0.713445
7163.523926 0.000000 3144.872314 0.000000 0.980344 0.000000 -0.197294 0.813486 0.813486 0.813486
7156.194336 0.000000 3157.731201 0.000000 0.962918 0.000000 -0.269793 0.816914 0.816914 0.816914
7194.480469 0.000000 3207.998535 0.000000 0.335892 0.000000 -0.941901 0.888312 0.888312 0.888312
7161.523926 0.000000 3153.190918 0.000000 0.548535 0.000000 0.836128 0.726827 0.726827 0.726827
7143.974121 0.000000 3148.342529 0.000000 0.280555 0.000000 0.959838 0.704936 0.704936 0.704936
7160.924805 0.000000 3156.845215 0.000000 0.599221 0.000000 -0.800584 0.850057 0.850057 0.850057
7171.977051 0.000000 3151.896973 0.000000 0.983000 0.000000 -0.183607 0.810326 0.810326 0.810326
7186.763184 0.000000 3174.173340 0.000000 0.498779 0.000000 0.866729 0.730888 0.730888 0.730888
7218.325195 0.000000 3132.057861 0.000000 0.531731 0.000000 0.846913 0.715264 0.715264 0.715264
7165.199219 0.000000 3152.051758 0.000000 0.741030 0.000000 -0.671472 0.847051 0.847051 0.847051
7197.496094 0.000000 3146.340576 0.000000 0.505270 0.000000 -0.862961 0.870697 0.870697 0.870697
7219.236816 0.000000 3156.131836 0.000000 0.957276 0.000000 0.289177 0.780665 0.780665 0.780665
7159.219727 0.000000 3203.353760 0.000000 0.012280 0.000000 -0.999925 0.921396 0.921396 0.921396
7172.445801 0.000000 3160.402588 0.000000 0.999683 0.000000 -0.025178 0.801911 0.801911 0.801911
7141.786133 0.000000 3145.864014 0.000000 0.303815 0.000000 -0.952731 0.878142 0.878142 0.878142
7206.371582 0.000000 3204.450684 0.000000 0.619888 0.000000 -0.784690 0.866670 0.866670 0.866670
7210.745117 0.000000 3135.294678 0.000000 0.668166 0.000000 -0.744012 0.867032 0.867032 0.867032
7142.078613 0.000000 3157.292236 0.000000 0.091010 0.000000 -0.995850 0.900478 0.900478 0.900478
7212.468750 0.000000 3132.314453 0.000000 0.954416 0.000000 0.298481 0.776391 0.776391 0.776391
7181.120605 0.000000 3173.708496 0.000000 0.773531 0.000000 -0.633758 0.860320 0.860320 0.860320
7149.097656 0.000000 3139.716553 0.000000 0.038124 0.000000 -0.999273 0.922444 0.922444 0.922444
7175.242676 0.000000 3173.776367 0.000000 0.213395 0.000000 -0.976966 0.932680 0.932680 0.932680
7205.550293 0.000000 3208.498779 0.000000 0.208168 0.000000 0.978093 0.691263 0.691263 0.691263
7209.725586 0.000000 3141.197510 0.000000 0.673457 0.000000 -0.739226 0.874770 0.874770 0.874770
7192.651367 0.000000 3164.319824 0.000000 0.385000 0.000000 -0.922917 0.900961 0.900961 0.900961
7155.103516 0.000000 3154.812012 0.000000 0.175569 0.000000 0.984467 0.671900 0.671900 0.671900
7148.312500 0.000000 3148.271240 0.000000 0.684081 0.000000 -0.729406 0.883265 0.883265 0.883265
7153.503906 0.000000 3149.531250 0.000000 0.083518 0.000000 -0.996506 0.966334 0.966334 0.966334
7200.860840 0.000000 3146.664062 0.000000 0.336500 0.000000 -0.941684 0.927494 0.927494 0.927494
7190.460938 0.000000 3167.847656 0.000000 0.999833 0.000000 0.018277 0.797846 0.797846 0.797846
7216.410156 0.000000 3134.165527 0.000000 0.999999 0.000000 0.001276 0.799885 0.799885 0.799885
7142.735352 0.000000 3139.820068 0.000000 0.092339 0.000000 0.995728 0.667134 0.667134 0.667134
7151.533203 0.000000 3156.047363 0.000000 0.356682 0.000000 -0.934226 0.918033 0.918033 0.918033
7149.329590 0.000000 3145.062500 0.000000 0.903810 0.000000 -0.427933 0.844159 0.844159 0.844159
7183.524414 0.000000 3168.328857 0.000000 0.093133 0.000000 -0.995654 0.974108 0.974108 0.974108
7218.630859 0.000000 3193.156250 0.000000 0.699524 0.000000 0.714609 0.726863 0.726863 0.726863
7197.370117 0.000000 3142.332764 0.000000 0.999806 0.000000 0.019700 0.798033 0.798033 0.798033
7157.264648 0.000000 3145.559814 0.000000 0.993114 0.000000 0.117155 0.788508 0.788508 0.788508
7218.837891 0.000000 3153.421387 0.000000 0.004761 0.000000 -0.999989 0.975154 0.975154 0.975154
7208.232422 0.000000 3146.378174 0.000000 0.663926 0.000000 0.747798 0.693710 0.693710 0.693710
7137.543457 0.000000 3190.796875 0.000000 0.771302 0.000000 0.636469 0.706302 0.706302 0.706302
7175.198730 0.000000 3171.131836 0.000000 0.553662 0.000000 0.832742 0.672251 0.672251 0.672251
7197.231934 0.000000 3208.574951 0.000000 0.991358 0.000000 0.131185 0.785285 0.785285 0.785285
7209.611816 0.000000 3149.585449 0.000000 0.958524 0.000000 0.285013 0.759593 0.759593 0.759593
7181.740234 0.000000 3166.271240 0.000000 0.994399 0.000000 0.105691 0.785619 0.785619 0.785619
7142.291504 0.000000 3207.630615 0.000000 0.940623 0.000000 0.339453 0.750888 0.750888 0.750888
7187.261719 0.000000 3166.677002 0.000000 0.989324 0.000000 0.145734 0.780721 0.780721 0.780721
7187.348633 0.000000 3171.651367 0.000000 0.925779 0.000000 0.378065 0.760509 0.760509 0.760509
7210.331055 0.000000 3144.574219 0.000000 0.910022 0.000000 0.414560 0.741946 0.741946 0.741946
7133.456543 0.000000 3188.651611 0.000000 0.995963 0.000000 0.089765 0.790306 0.790306 0.790306
7156.781738 0.000000 3182.477295 0.000000 0.446351 0.000000 0.894858 0.669423 0.669423 0.669423
7216.476562 0.000000 3148.579834 0.000000 0.109943 0.000000 0.993938 0.587042 0.587042 0.587042
7148.393555 0.000000 3195.607422 0.000000 0.571013 0.000000 -0.820941 1.134681 1.134681 1.134681
7152.974121 0.000000 3209.491211 0.000000 0.966292 0.000000 -0.257448 0.837963 0.837963 0.837963
7159.440430 0.000000 3208.583984 0.000000 0.623714 0.000000 -0.781653 0.945164 0.945164 0.945164
7164.060059 0.000000 3205.427979 0.000000 0.967869 0.000000 0.251455 0.767509 0.767509 0.767509
7173.067383 0.000000 3205.873779 0.000000 0.800739 0.000000 -0.599013 0.903904 0.903904 0.903904
7219.570312 0.000000 3150.986572 0.000000 0.988007 0.000000 -0.154406 0.820745 0.820745 0.820745
7136.149414 0.000000 3192.609619 0.000000 0.080015 0.000000 0.996794 0.511204 0.511204 0.511204
7154.568359 0.000000 3202.356201 0.000000 0.377953 0.000000 0.925825 0.615674 0.615674 0.615674
7153.908691 0.000000 3204.744385 0.000000 0.720300 0.000000 0.693663 0.675988 0.675988 0.675988
7211.893066 0.000000 3149.800781 0.000000 0.695762 0.000000 -0.718272 0.923232 0.923232 0.923232
7147.164551 0.000000 3206.654541 0.000000 0.971008 0.000000 -0.239047 0.836640 0.836640 0.836640
7139.151367 0.000000 3201.021484 0.000000 0.488493 0.000000 0.872568 0.575498 0.575498 0.575498
7133.564453 0.000000 3196.003174 0.000000 0.199338 0.000000 0.979931 0.515410 0.515410 0.515410
7167.162598 0.000000 3203.626221 0.000000 0.996510 0.000000 0.083470 0.786481 0.786481 0.786481
7155.037598 0.000000 3194.076172 0.000000 0.970345 0.000000 -0.241726 0.867291 0.867291 0.867291
7155.823242 0.000000 3187.832764 0.000000 0.381449 0.000000 -0.924390 1.049695 1.049695 1.049695
7139.694824 0.000000 3203.729248 0.000000 0.218070 0.000000 -0.975933 1.056328 1.056328 1.056328
7145.515625 0.000000 3205.575684 0.000000 0.433442 0.000000 0.901182 0.600473 0.600473 0.600473
7136.002441 0.000000 3203.123779 0.000000 0.532550 0.000000 0.846399 0.610535 0.610535 0.610535
7146.490234 0.000000 3188.104492 0.000000 0.952306 0.000000 0.305143 0.733113 0.733113 0.733113
7150.595703 0.000000 3202.460693 0.000000 0.584601 0.000000 -0.811321 1.000362 1.000362 1.000362
7135.489746 0.000000 3200.266846 0.000000 0.359344 0.000000 -0.933205 1.040314 1.040314 1.040314
7151.706055 0.000000 3184.520508 0.000000 0.997397 0.000000 -0.072100 0.814269 0.814269 0.814269
7133.423828 0.000000 3192.392822 0.000000 0.815291 0.000000 0.579051 0.686525 0.686525 0.686525
7143.174316 0.000000 3202.653809 0.000000 0.988411 0.000000 -0.151805 0.830437 0.830437 0.830437
7138.848633 0.000000 3198.576172 0.000000 0.421907 0.000000 0.906639 0.543788 0.543788 0.543788
7139.359863 0.000000 3195.130859 0.000000 0.637849 0.000000 -0.770162 0.996645 0.996645 0.996645
7141.580566 0.000000 3197.838135 0.000000 0.769955 0.000000 0.638098 0.634143 0.634143 0.634143
7156.832031 0.000000 3192.190918 0.000000 0.693042 0.000000 0.720897 0.616692 0.616692 0.616692
7141.571289 0.000000 3194.384521 0.000000 0.991831 0.000000 -0.127560 0.829889 0.829889 0.829889
7151.030273 0.000000 3199.338867 0.000000 0.126668 0.000000 0.991945 0.370346 0.370346 0.370346
7147.722168 0.000000 3198.598877 0.000000 0.225145 0.000000 -0.974325 1.167667 1.167667 1.167667
7155.312500 0.000000 3189.916992 0.000000 0.825383 0.000000 -0.564572 0.936592 0.936592 0.936592
7152.624023 0.000000 3195.484619 0.000000 0.132360 0.000000 -0.991202 1.253795 1.253795 1.253795
7137.003418 0.000000 3198.059814 0.000000 0.646020 0.000000 -0.763321 0.992527 0.992527 0.992527
7153.454590 0.000000 3190.471680 0.000000 0.817371 0.000000 -0.576111 0.971672 0.971672 0.971672
7144.701172 0.000000 3197.228027 0.000000 0.966812 0.000000 0.255490 0.731373 0.731373 0.731373
7150.091797 0.000000 3187.358887 0.000000 0.725718 0.000000 0.687992 0.622705 0.622705 0.622705
7153.947754 0.000000 3197.636475 0.000000 0.637920 0.000000 -0.770103 1.059825 1.059825 1.059825
7220.634766 0.000000 3131.082764 0.000000 0.292976 0.000000 0.956120 0.761849 0.761849 0.761849
7235.273926 0.000000 3158.780518 0.000000 0.526067 0.000000 -0.850443 0.856864 0.856864 0.856864
7230.966309 0.000000 3148.342529 0.000000 0.980570 0.000000 -0.196168 0.814591 0.814591 0.814591
7223.795898 0.000000 3188.128906 0.000000 0.878396 0.000000 0.477934 0.772134 0.772134 0.772134
7220.747559 0.000000 3138.044678 0.000000 0.901905 0.000000 0.431935 0.761642 0.761642 0.761642
7231.704102 0.000000 3158.839111 0.000000 0.105533 0.000000 0.994416 0.674178 0.674178 0.674178
7225.179199 0.000000 3196.670166 0.000000 0.391304 0.000000 -0.920262 0.928385 0.928385 0.928385
7223.304199 0.000000 3154.216309 0.000000 0.978348 0.000000 -0.206966 0.822068 0.822068 0.822068
7232.398438 0.000000 3153.195312 0.000000 0.295978 0.000000 0.955195 0.678218 0.678218 0.678218
7227.085938 0.000000 3152.615479 0.000000 0.999738 0.000000 0.022898 0.797210 0.797210 0.797210
7229.965332 0.000000 3154.791992 0.000000 0.994911 0.000000 0.100755 0.788510 0.788510 0.788510
7223.926758 0.000000 3194.750977 0.000000 0.926873 0.000000 0.375376 0.731600 0.731600 0.731600
7223.141602 0.000000 3192.609619 0.000000 0.685592 0.000000 0.727986 0.643663 0.643663 0.643663
7077.367676 0.000000 3226.728027 0.000000 0.074261 0.000000 -0.997239 0.832877 0.832877 0.832877
7115.116699 0.000000 3214.735840 0.000000 0.538864 0.000000 0.842393 0.771991 0.771991 0.771991
7087.389160 0.000000 3233.443359 0.000000 0.304923 0.000000 0.952377 0.757187 0.757187 0.757187
7117.530273 0.000000 3223.453613 0.000000 0.675367 0.000000 0.737482 0.727119 0.727119 0.727119
7083.645508 0.000000 3222.657227 0.000000 0.948718 0.000000 -0.316124 0.831477 0.831477 0.831477
7085.120605 0.000000 3235.737793 0.000000 0.609977 0.000000 0.792419 0.717785 0.717785 0.717785
7132.487793 0.000000 3231.300781 0.000000 0.904469 0.000000 -0.426540 0.844006 0.844006 0.844006
7121.684082 0.000000 3213.885498 0.000000 0.651809 0.000000 0.758383 0.727790 0.727790 0.727790
7084.074219 0.000000 3239.733398 0.000000 0.493710 0.000000 0.869626 0.713655 0.713655 0.713655
7129.290039 0.000000 3227.317871 0.000000 0.151664 0.000000 -0.988432 0.981323 0.981323 0.981323
7122.382812 0.000000 3223.888428 0.000000 0.330617 0.000000 -0.943765 0.955249 0.955249 0.955249
7132.290039 0.000000 3218.041748 0.000000 0.482784 0.000000 0.875740 0.648700 0.648700 0.648700
7126.243164 0.000000 3231.988770 0.000000 0.995287 0.000000 0.096971 0.784870 0.784870 0.784870
7127.956055 0.000000 3229.227051 0.000000 0.344397 0.000000 0.938824 0.602762 0.602762 0.602762
7126.293945 0.000000 3215.684570 0.000000 0.995874 0.000000 0.090751 0.781487 0.781487 0.781487
7130.445312 0.000000 3230.086426 0.000000 0.994161 0.000000 -0.107909 0.816411 0.816411 0.816411
7131.020996 0.000000 3209.697998 0.000000 0.995666 0.000000 -0.093000 0.814509 0.814509 0.814509
7128.438965 0.000000 3219.425781 0.000000 0.471430 0.000000 0.881903 0.627457 0.627457 0.627457
7122.863281 0.000000 3221.889893 0.000000 0.688440 0.000000 -0.725294 0.931275 0.931275 0.931275
7125.944336 0.000000 3229.497803 0.000000 0.926272 0.000000 -0.376856 0.862510 0.862510 0.862510
7124.739746 0.000000 3211.260742 0.000000 0.985251 0.000000 0.171116 0.761534 0.761534 0.761534
7122.982422 0.000000 3217.869629 0.000000 0.980627 0.000000 0.195885 0.759835 0.759835 0.759835
7090.288574 0.000000 3213.956299 0.000000 0.539035 0.000000 0.842284 0.567971 0.567971 0.567971
7124.812500 0.000000 3217.950439 0.000000 0.178416 0.000000 -0.983955 1.172386 1.172386 1.172386
7123.461426 0.000000 3214.567627 0.000000 0.593515 0.000000 -0.804823 0.998026 0.998026 0.998026
7091.450195 0.000000 3210.653564 0.000000 0.615442 0.000000 0.788183 0.506263 0.506263 0.506263
7196.958496 0.000000 3218.103271 0.000000 0.358095 0.000000 -0.933685 0.824058 0.824058 0.824058
7215.202637 0.000000 3237.684570 0.000000 0.522671 0.000000 -0.852534 0.824466 0.824466 0.824466
7200.603027 0.000000 3211.984375 0.000000 0.439324 0.000000 0.898328 0.686330 0.686330 0.686330
7143.513672 0.000000 3211.121826 0.000000 1.000000 0.000000 -0.000053 0.800004 0.800004 0.800004
7174.583008 0.000000 3220.794434 0.000000 0.794842 0.000000 0.606816 0.751815 0.751815 0.751815
7216.683594 0.000000 3217.734375 0.000000 0.319504 0.000000 0.947585 0.678101 0.678101 0.678101
7219.479980 0.000000 3231.300781 0.000000 0.344504 0.000000 0.938785 0.700173 0.700173 0.700173
7133.605469 0.000000 3225.044678 0.000000 0.197152 0.000000 0.980373 0.687623 0.687623 0.687623
7133.367188 0.000000 3231.106445 0.000000 0.996939 0.000000 -0.078189 0.807816 0.807816 0.807816
7135.627930 0.000000 3209.531738 0.000000 0.999005 0.000000 0.044593 0.794654 0.794654 0.794654
7199.152344 0.000000 3209.552979 0.000000 0.370850 0.000000 0.928693 0.671563 0.671563 0.671563
7219.282227 0.000000 3218.041748 0.000000 0.025731 0.000000 0.999669 0.602505 0.602505 0.602505
7190.888184 0.000000 3215.279785 0.000000 0.156506 0.000000 -0.987677 0.972227 0.972227 0.972227
7212.542969 0.000000 3220.597168 0.000000 0.854798 0.000000 0.518961 0.719357 0.719357 0.719357
7185.658691 0.000000 3224.333496 0.000000 0.968302 0.000000 0.249781 0.768235 0.768235 0.768235
7181.620117 0.000000 3224.069092 0.000000 0.899718 0.000000 -0.436472 0.873070 0.873070 0.873070
7176.842773 0.000000 3219.081543 0.000000 0.937387 0.000000 -0.348291 0.857551 0.857551 0.857551
7178.812988 0.000000 3223.075439 0.000000 0.446156 0.000000 -0.894955 0.979302 0.979302 0.979302
7192.521973 0.000000 3216.755371 0.000000 0.999948 0.000000 0.010236 0.798344 0.798344 0.798344
7215.431152 0.000000 3219.425781 0.000000 0.252775 0.000000 -0.967525 1.212418 1.212418 1.212418
7216.465820 0.000000 3220.710693 0.000000 0.995398 0.000000 -0.095823 0.831051 0.831051 0.831051
7226.020020 0.000000 3241.668945 0.000000 0.787079 0.000000 -0.616852 0.879658 0.879658 0.879658
7229.987793 0.000000 3239.861572 0.000000 0.774238 0.000000 0.632895 0.731566 0.731566 0.731566
7222.793945 0.000000 3236.475342 0.000000 0.951339 0.000000 0.308145 0.756207 0.756207 0.756207
7227.826172 0.000000 3236.196777 0.000000 0.901102 0.000000 -0.433606 0.867181 0.867181 0.867181
7226.661133 0.000000 3233.696045 0.000000 0.844011 0.000000 0.536326 0.721989 0.721989 0.721989
7224.536621 0.000000 3228.199951 0.000000 0.072511 0.000000 0.997368 0.611485 0.611485 0.611485
7222.588379 0.000000 3240.877930 0.000000 0.598992 0.000000 -0.800755 0.939091 0.939091 0.939091
5714.791992 0.000000 3482.500000 0.000000 0.900302 0.000000 -0.435265 0.803598 0.803598 0.803598
5724.980469 0.000000 3490.499268 0.000000 0.305041 0.000000 -0.952339 0.845327 0.845327 0.845327
5722.583496 0.000000 3493.832520 0.000000 0.796713 0.000000 0.604358 0.763708 0.763708 0.763708
5706.117188 0.000000 3505.802490 0.000000 0.680724 0.000000 -0.732540 0.872240 0.872240 0.872240
5726.833008 0.000000 3488.139648 0.000000 0.609572 0.000000 0.792731 0.693975 0.693975 0.693975
5722.349121 0.000000 3489.964111 0.000000 0.728356 0.000000 -0.685199 0.881414 0.881414 0.881414
5696.555176 0.000000 3512.515137 0.000000 0.137454 0.000000 -0.990508 0.991744 0.991744 0.991744
5710.140625 0.000000 3501.958008 0.000000 0.904269 0.000000 -0.426963 0.857268 0.857268 0.857268
5713.105469 0.000000 3497.877441 0.000000 0.892845 0.000000 -0.450364 0.859716 0.859716 0.859716
5718.750977 0.000000 3497.408447 0.000000 0.007112 0.000000 0.999975 0.578263 0.578263 0.578263
5720.330566 0.000000 3492.889404 0.000000 0.834692 0.000000 -0.550716 0.878044 0.878044 0.878044
5737.254883 0.000000 3484.026367 0.000000 0.444128 0.000000 -0.895963 0.941960 0.941960 0.941960
5711.557617 0.000000 3503.808594 0.000000 0.934085 0.000000 -0.357050 0.858337 0.858337 0.858337
5716.563477 0.000000 3490.032715 0.000000 0.523943 0.000000 0.851753 0.622883 0.622883 0.622883
5717.948242 0.000000 3492.414795 0.000000 0.942743 0.000000 -0.333521 0.864518 0.864518 0.864518
5720.347656 0.000000 3488.377686 0.000000 0.964260 0.000000 0.264959 0.752333 0.752333 0.752333
5732.705078 0.000000 3484.041504 0.000000 0.187024 0.000000 0.982355 0.537657 0.537657 0.537657
5708.497070 0.000000 3506.648193 0.000000 0.928215 0.000000 -0.372045 0.857103 0.857103 0.857103
5701.198242 0.000000 3513.532227 0.000000 0.876344 0.000000 0.481685 0.704642 0.704642 0.704642
5703.562988 0.000000 3511.813232 0.000000 0.322489 0.000000 -0.946573 1.035737 1.035737 1.035737
5705.495605 0.000000 3508.767822 0.000000 0.924383 0.000000 0.381465 0.725740 0.725740 0.725740
5716.816895 0.000000 3498.248291 0.000000 0.724910 0.000000 0.688843 0.663408 0.663408 0.663408
5719.646484 0.000000 3486.509277 0.000000 0.995180 0.000000 -0.098064 0.818636 0.818636 0.818636
5717.188477 0.000000 3496.181152 0.000000 0.515508 0.000000 -0.856885 0.995277 0.995277 0.995277
5736.160156 0.000000 3482.233398 0.000000 0.905775 0.000000 0.423758 0.716973 0.716973 0.716973
5735.543457 0.000000 3580.938721 0.000000 0.986666 0.000000 -0.162761 0.814694 0.814694 0.814694
5732.132812 0.000000 3588.921143 0.000000 0.526649 0.000000 -0.850083 0.897415 0.897415 0.897415
5739.164551 0.000000 3586.121826 0.000000 0.956697 0.000000 -0.291086 0.848962 0.848962 0.848962
5734.856445 0.000000 3585.193604 0.000000 0.234270 0.000000 0.972172 0.624112 0.624112 0.624112
5740.703125 0.000000 3578.924072 0.000000 0.991988 0.000000 0.126335 0.775965 0.775965 0.775965
5737.744141 0.000000 3581.458008 0.000000 0.895686 0.000000 0.444687 0.725449 0.725449 0.725449
5738.705078 0.000000 3583.113770 0.000000 0.294924 0.000000 -0.955521 1.041236 1.041236 1.041236
5736.603027 0.000000 3586.076172 0.000000 0.986141 0.000000 -0.165912 0.831626 0.831626 0.831626
5736.160156 0.000000 3589.217773 0.000000 0.570631 0.000000 0.821207 0.617184 0.617184 0.617184
5820.634277 0.000000 3505.470459 0.000000 0.616704 0.000000 -0.787195 0.814480 0.814480 0.814480
5826.312500 0.000000 3507.088135 0.000000 0.473585 0.000000 0.880748 0.776329 0.776329 0.776329
5818.980469 0.000000 3499.425049 0.000000 0.610471 0.000000 0.792039 0.774439 0.774439 0.774439
5792.887207 0.000000 3469.944824 0.000000 0.997268 0.000000 0.073867 0.797637 0.797637 0.797637
5804.964355 0.000000 3517.254395 0.000000 0.530835 0.000000 -0.847475 0.846451 0.846451 0.846451
5782.076660 0.000000 3501.906006 0.000000 0.720322 0.000000 0.693640 0.766319 0.766319 0.766319
5809.575684 0.000000 3493.832520 0.000000 0.679924 0.000000 0.733282 0.767120 0.767120 0.767120
5805.699707 0.000000 3494.736084 0.000000 0.756824 0.000000 0.653619 0.767277 0.767277 0.767277
5764.989746 0.000000 3488.867188 0.000000 0.638989 0.000000 -0.769216 0.861348 0.861348 0.861348
5815.955566 0.000000 3500.349609 0.000000 0.999389 0.000000 -0.034950 0.802374 0.802374 0.802374
5764.353516 0.000000 3482.034424 0.000000 0.398984 0.000000 0.916958 0.704980 0.704980 0.704980
5817.809570 0.000000 3496.482178 0.000000 0.995412 0.000000 -0.095678 0.808230 0.808230 0.808230
5773.191895 0.000000 3510.210938 0.000000 0.745212 0.000000 0.666828 0.738769 0.738769 0.738769
5769.667969 0.000000 3492.969482 0.000000 0.839561 0.000000 -0.543265 0.847029 0.847029 0.847029
5821.936035 0.000000 3499.135010 0.000000 0.369884 0.000000 -0.929078 0.916646 0.916646 0.916646
5791.616699 0.000000 3467.311279 0.000000 0.942510 0.000000 0.334177 0.770738 0.770738 0.770738
5758.561035 0.000000 3481.691406 0.000000 0.932909 0.000000 0.360113 0.767627 0.767627 0.767627
5786.508789 0.000000 3473.531006 0.000000 0.494798 0.000000 -0.869008 0.915691 0.915691 0.915691
5761.783203 0.000000 3505.085449 0.000000 0.950369 0.000000 -0.311124 0.832226 0.832226 0.832226
5776.762695 0.000000 3529.701416 0.000000 0.657340 0.000000 -0.753594 0.907394 0.907394 0.907394
5807.896973 0.000000 3500.456543 0.000000 0.314104 0.000000 -0.949388 0.957444 0.957444 0.957444
5788.369629 0.000000 3520.691650 0.000000 0.938474 0.000000 0.345350 0.764083 0.764083 0.764083
5811.984863 0.000000 3524.012939 0.000000 0.287153 0.000000 -0.957885 0.930333 0.930333 0.930333
5815.471680 0.000000 3497.636719 0.000000 0.144710 0.000000 -0.989474 1.007847 1.007847 1.007847
5766.734863 0.000000 3512.456055 0.000000 0.746588 0.000000 -0.665287 0.879956 0.879956 0.879956
5820.390625 0.000000 3497.171875 0.000000 0.564747 0.000000 0.825264 0.673987 0.673987 0.673987
5772.437012 0.000000 3497.081055 0.000000 0.519830 0.000000 0.854270 0.652727 0.652727 0.652727
5776.202637 0.000000 3499.683838 0.000000 0.894430 0.000000 -0.447209 0.873154 0.873154 0.873154
5806.968262 0.000000 3515.460693 0.000000 0.948594 0.000000 -0.316497 0.837304 0.837304 0.837304
5752.291504 0.000000 3489.297852 0.000000 0.606634 0.000000 0.794981 0.682533 0.682533 0.682533
5765.736328 0.000000 3486.549805 0.000000 0.271530 0.000000 0.962430 0.647305 0.647305 0.647305
5807.354980 0.000000 3521.864014 0.000000 0.462082 0.000000 0.886837 0.621412 0.621412 0.621412
5817.698730 0.000000 3494.045166 0.000000 0.062921 0.000000 -0.998019 0.998759 0.998759 0.998759
5745.660645 0.000000 3487.743896 0.000000 0.986425 0.000000 0.164215 0.772654 0.772654 0.772654
5806.549805 0.000000 3524.309082 0.000000 0.889314 0.000000 -0.457297 0.883476 0.883476 0.883476
5781.192383 0.000000 3526.826904 0.000000 0.998236 0.000000 -0.059376 0.807950 0.807950 0.807950
5807.270020 0.000000 3517.829590 0.000000 0.719873 0.000000 -0.694106 0.894999 0.894999 0.894999
5772.075684 0.000000 3500.916748 0.000000 0.714458 0.000000 -0.699678 0.939298 0.939298 0.939298
5762.542969 0.000000 3507.391113 0.000000 0.984137 0.000000 -0.177410 0.832416 0.832416 0.832416
5813.038086 0.000000 3511.796387 0.000000 0.413415 0.000000 0.910543 0.646836 0.646836 0.646836
5810.941406 0.000000 3497.630371 0.000000 0.965886 0.000000 -0.258969 0.849703 0.849703 0.849703
5802.717773 0.000000 3522.280762 0.000000 0.786630 0.000000 0.617425 0.689685 0.689685 0.689685
5808.358887 0.000000 3505.515869 0.000000 0.924178 0.000000 -0.381963 0.926024 0.926024 0.926024
5768.388184 0.000000 3497.916260 0.000000 0.947308 0.000000 -0.320325 0.862519 0.862519 0.862519
5823.413086 0.000000 3494.244873 0.000000 0.914632 0.000000 0.404288 0.721031 0.721031 0.721031
5768.006836 0.000000 3494.481445 0.000000 0.950970 0.000000 -0.309283 0.848357 0.848357 0.848357
5779.817383 0.000000 3502.330322 0.000000 0.036014 0.000000 0.999351 0.551710 0.551710 0.551710
5813.696289 0.000000 3500.745117 0.000000 0.117644 0.000000 -0.993056 1.014729 1.014729 1.014729
5825.499512 0.000000 3497.842041 0.000000 0.928055 0.000000 0.372444 0.727588 0.727588 0.727588
5797.405762 0.000000 3493.853271 0.000000 0.466202 0.000000 0.884678 0.596151 0.596151 0.596151
5741.517578 0.000000 3482.745605 0.000000 0.911215 0.000000 0.411932 0.719443 0.719443 0.719443
5759.714844 0.000000 3487.347656 0.000000 0.068705 0.000000 0.997637 0.518007 0.518007 0.518007
5819.697266 0.000000 3484.041504 0.000000 0.207305 0.000000 -0.978276 0.987693 0.987693 0.987693
5750.999023 0.000000 3485.890137 0.000000 0.878724 0.000000 -0.477331 0.894416 0.894416 0.894416
5802.612305 0.000000 3526.727539 0.000000 0.410459 0.000000 -0.911879 0.990278 0.990278 0.990278
5769.593262 0.000000 3501.872559 0.000000 0.743403 0.000000 -0.668844 0.939012 0.939012 0.939012
5743.906738 0.000000 3483.812012 0.000000 0.989773 0.000000 -0.142651 0.827159 0.827159 0.827159
5787.794434 0.000000 3471.512451 0.000000 0.132260 0.000000 -0.991215 1.052764 1.052764 1.052764
5823.098633 0.000000 3501.200195 0.000000 0.224877 0.000000 -0.974387 0.993266 0.993266 0.993266
5809.750000 0.000000 3521.760742 0.000000 0.924137 0.000000 -0.382060 0.874382 0.874382 0.874382
5788.190430 0.000000 3513.532227 0.000000 0.935881 0.000000 -0.352316 0.866157 0.866157 0.866157
5789.244629 0.000000 3467.481934 0.000000 0.380992 0.000000 -0.924578 0.972032 0.972032 0.972032
5784.171387 0.000000 3523.562988 0.000000 0.805612 0.000000 0.592443 0.691087 0.691087 0.691087
5796.921387 0.000000 3490.140137 0.000000 0.794844 0.000000 0.606813 0.676282 0.676282 0.676282
5820.489746 0.000000 3491.034668 0.000000 0.993373 0.000000 0.114933 0.778145 0.778145 0.778145
5809.928711 0.000000 3499.431641 0.000000 0.895956 0.000000 0.444144 0.723709 0.723709 0.723709
5775.287598 0.000000 3524.579346 0.000000 0.476114 0.000000 0.879384 0.606845 0.606845 0.606845
5825.295898 0.000000 3495.434814 0.000000 0.778031 0.000000 -0.628226 0.919387 0.919387 0.919387
5811.545410 0.000000 3516.435059 0.000000 0.743687 0.000000 -0.668528 0.936006 0.936006 0.936006
5756.415039 0.000000 3485.495850 0.000000 0.514948 0.000000 0.857221 0.604599 0.604599 0.604599
5816.553711 0.000000 3492.429688 0.000000 0.999974 0.000000 -0.007267 0.801321 0.801321 0.801321
5788.922852 0.000000 3507.031982 0.000000 0.991375 0.000000 -0.131058 0.824938 0.824938 0.824938
5763.854004 0.000000 3487.138428 0.000000 0.081583 0.000000 0.996667 0.526380 0.526380 0.526380
5788.804199 0.000000 3509.284180 0.000000 0.113019 0.000000 -0.993593 1.076549 1.076549 1.076549
5795.105957 0.000000 3529.804932 0.000000 0.938571 0.000000 0.345086 0.733150 0.733150 0.733150
5799.039062 0.000000 3526.357666 0.000000 0.852723 0.000000 0.522363 0.695716 0.695716 0.695716
5807.431152 0.000000 3507.952881 0.000000 0.208766 0.000000 -0.977966 1.069004 1.069004 1.069004
5810.401855 0.000000 3505.991699 0.000000 0.833235 0.000000 0.552920 0.625654 0.625654 0.625654
5787.940430 0.000000 3517.626709 0.000000 0.915739 0.000000 0.401774 0.721552 0.721552 0.721552
5771.448730 0.000000 3498.706055 0.000000 0.729464 0.000000 -0.684019 0.954957 0.954957 0.954957
5767.994629 0.000000 3500.428467 0.000000 0.938850 0.000000 0.344327 0.724878 0.724878 0.724878
5766.681641 0.000000 3503.719727 0.000000 0.999995 0.000000 0.003091 0.799241 0.799241 0.799241
5841.291016 0.000000 3490.671143 0.000000 0.992183 0.000000 -0.124791 0.800750 0.800750 0.800750
5853.796387 0.000000 3436.416748 0.000000 0.342140 0.000000 -0.939649 0.814639 0.814639 0.814639
5848.522949 0.000000 3449.513428 0.000000 0.974184 0.000000 -0.225757 0.803184 0.803184 0.803184
5846.433105 0.000000 3495.401367 0.000000 0.775345 0.000000 -0.631538 0.824573 0.824573 0.824573
5837.219727 0.000000 3490.818848 0.000000 0.319507 0.000000 0.947584 0.720392 0.720392 0.720392
5841.096680 0.000000 3501.494141 0.000000 0.800950 0.000000 -0.598732 0.832052 0.832052 0.832052
5905.369141 0.000000 3433.751953 0.000000 0.477864 0.000000 0.878434 0.735734 0.735734 0.735734
5850.818359 0.000000 3438.381836 0.000000 0.996906 0.000000 0.078599 0.794029 0.794029 0.794029
5855.972656 0.000000 3439.119873 0.000000 0.303626 0.000000 -0.952791 0.898324 0.898324 0.898324
5831.085938 0.000000 3444.041748 0.000000 0.428931 0.000000 -0.903337 0.890074 0.890074 0.890074
5840.889160 0.000000 3446.074463 0.000000 0.222911 0.000000 0.974839 0.689781 0.689781 0.689781
5875.877441 0.000000 3435.762695 0.000000 0.995489 0.000000 0.094876 0.791840 0.791840 0.791840
5865.754883 0.000000 3436.625977 0.000000 0.336702 0.000000 0.941611 0.697042 0.697042 0.697042
5844.749512 0.000000 3497.830811 0.000000 0.876106 0.000000 -0.482119 0.845214 0.845214 0.845214
5832.473145 0.000000 3495.329834 0.000000 0.041636 0.000000 -0.999133 0.995461 0.995461 0.995461
5843.385742 0.000000 3500.063232 0.000000 0.031594 0.000000 -0.999501 0.996745 0.996745 0.996745
5837.676758 0.000000 3441.250000 0.000000 0.566819 0.000000 -0.823842 0.906350 0.906350 0.906350
5841.596680 0.000000 3438.121582 0.000000 0.998867 0.000000 -0.047599 0.805611 0.805611 0.805611
5843.338867 0.000000 3445.737061 0.000000 0.008166 0.000000 -0.999967 0.971652 0.971652 0.971652
5835.877930 0.000000 3443.443359 0.000000 0.456306 0.000000 0.889823 0.659783 0.659783 0.659783
5890.453125 0.000000 3423.599854 0.000000 0.938947 0.000000 -0.344061 0.851911 0.851911 0.851911
5848.839355 0.000000 3500.181885 0.000000 0.995950 0.000000 0.089904 0.785796 0.785796 0.785796
5865.764160 0.000000 3423.514648 0.000000 0.889383 0.000000 0.457162 0.713705 0.713705 0.713705
5864.620117 0.000000 3442.171387 0.000000 0.821663 0.000000 -0.569974 0.900536 0.900536 0.900536
5860.503906 0.000000 3442.727783 0.000000 0.999911 0.000000 -0.013377 0.802538 0.802538 0.802538
5844.814453 0.000000 3443.562500 0.000000 0.097546 0.000000 0.995231 0.523441 0.523441 0.523441
5868.169922 0.000000 3432.092041 0.000000 0.663328 0.000000 0.748329 0.653079 0.653079 0.653079
5854.521973 0.000000 3442.918945 0.000000 0.790931 0.000000 -0.611906 0.924936 0.924936 0.924936
5914.672852 0.000000 3427.134521 0.000000 0.991889 0.000000 0.127105 0.779891 0.779891 0.779891
5851.182129 0.000000 3441.961670 0.000000 0.082773 0.000000 -0.996568 1.046655 1.046655 1.046655
5832.699219 0.000000 3446.850342 0.000000 0.835178 0.000000 0.549980 0.699976 0.699976 0.699976
5895.286621 0.000000 3429.872070 0.000000 0.091542 0.000000 0.995801 0.330287 0.330287 0.330287
5853.555664 0.000000 3445.880615 0.000000 0.602079 0.000000 -0.798437 0.960675 0.960675 0.960675
5828.599609 0.000000 3500.182373 0.000000 0.780768 0.000000 0.624822 0.692165 0.692165 0.692165
5869.947754 0.000000 3425.568604 0.000000 0.972253 0.000000 0.233931 0.749069 0.749069 0.749069
5850.867188 0.000000 3445.480469 0.000000 0.939485 0.000000 0.342591 0.739241 0.739241 0.739241
5842.455566 0.000000 3441.288574 0.000000 0.999994 0.000000 0.003357 0.799363 0.799363 0.799363
5901.523438 0.000000 3429.880371 0.000000 0.624144 0.000000 0.781309 0.629851 0.629851 0.629851
5845.827148 0.000000 3440.051514 0.000000 0.611947 0.000000 0.790899 0.619619 0.619619 0.619619
5869.684082 0.000000 3429.607422 0.000000 0.691247 0.000000 -0.722619 1.043553 1.043553 1.043553
5858.535645 0.000000 3442.641357 0.000000 0.862379 0.000000 -0.506263 0.900721 0.900721 0.900721
5847.756836 0.000000 3501.837158 0.000000 0.798156 0.000000 -0.602451 0.922678 0.922678 0.922678
5844.459473 0.000000 3441.508057 0.000000 0.494756 0.000000 0.869032 0.591746 0.591746 0.591746
5906.849121 0.000000 3425.229492 0.000000 0.647381 0.000000 0.762166 0.547287 0.547287 0.547287
5893.751465 0.000000 3431.084229 0.000000 0.010759 0.000000 0.999942 0.519581 0.519581 0.519581
5893.899414 0.000000 3426.764893 0.000000 0.888198 0.000000 0.459460 0.618843 0.618843 0.618843
5868.566406 0.000000 3427.808350 0.000000 0.997850 0.000000 -0.065532 0.817551 0.817551 0.817551
5866.546387 0.000000 3441.484619 0.000000 0.889186 0.000000 -0.457545 0.890170 0.890170 0.890170
5834.121094 0.000000 3499.426514 0.000000 0.748008 0.000000 0.663690 0.662300 0.662300 0.662300
5840.655273 0.000000 3443.769043 0.000000 0.999759 0.000000 0.021937 0.795837 0.795837 0.795837
5903.597656 0.000000 3424.085938 0.000000 0.773045 0.000000 0.634351 0.654521 0.654521 0.654521
5895.485352 0.000000 3427.914551 0.000000 0.999074 0.000000 0.043023 0.785302 0.785302 0.785302
5879.944336 0.000000 3425.216064 0.000000 0.875539 0.000000 0.483148 0.682169 0.682169 0.682169
5857.265137 0.000000 3443.994873 0.000000 0.985851 0.000000 0.167622 0.768045 0.768045 0.768045
5841.030762 0.000000 3440.032715 0.000000 0.829244 0.000000 -0.558886 0.912522 0.912522 0.912522
5883.419434 0.000000 3426.619629 0.000000 0.901570 0.000000 0.432634 0.657026 0.657026 0.657026
5899.086914 0.000000 3429.390137 0.000000 0.113796 0.000000 -0.993504 1.093858 1.093858 1.093858
5872.397949 0.000000 3427.925049 0.000000 0.170850 0.000000 -0.985297 1.157676 1.157676 1.157676
5887.506348 0.000000 3425.386475 0.000000 0.666941 0.000000 0.745111 0.522952 0.522952 0.522952
5869.702148 0.000000 3439.336914 0.000000 0.082096 0.000000 -0.996624 1.100284 1.100284 1.100284
5902.007324 0.000000 3427.161621 0.000000 0.982792 0.000000 0.184715 0.759926 0.759926 0.759926
5872.530273 0.000000 3431.241943 0.000000 0.599846 0.000000 -0.800115 0.998208 0.998208 0.998208
5885.739258 0.000000 3424.940186 0.000000 0.161197 0.000000 0.986922 0.279429 0.279429 0.279429
5905.570801 0.000000 3428.536377 0.000000 0.422279 0.000000 0.906466 0.562013 0.562013 0.562013
5908.727539 0.000000 3427.849609 0.000000 0.021648 0.000000 -0.999766 1.217692 1.217692 1.217692
5871.636719 0.000000 3426.022217 0.000000 0.957510 0.000000 -0.288399 0.885308 0.885308 0.885308
5848.434082 0.000000 3442.479492 0.000000 0.451434 0.000000 0.892304 0.555600 0.555600 0.555600
5895.904297 0.000000 3424.227539 0.000000 0.723956 0.000000 0.689846 0.600821 0.600821 0.600821
5882.478027 0.000000 3423.817871 0.000000 0.731091 0.000000 -0.682280 0.990459 0.990459 0.990459
5887.818359 0.000000 3427.044434 0.000000 0.137808 0.000000 0.990459 0.290717 0.290717 0.290717
5897.037598 0.000000 3427.032471 0.000000 0.477765 0.000000 0.878488 0.519344 0.519344 0.519344
5877.128418 0.000000 3423.514160 0.000000 0.239627 0.000000 -0.970865 1.216672 1.216672 1.216672
5868.115234 0.000000 3426.262939 0.000000 0.672761 0.000000 0.739860 0.577101 0.577101 0.577101
5890.883789 0.000000 3426.176758 0.000000 0.749723 0.000000 -0.661752 1.039755 1.039755 1.039755
5795.078125 0.000000 3582.519531 0.000000 0.403047 0.000000 0.915179 0.795383 0.795383 0.795383
5823.756348 0.000000 3552.441406 0.000000 0.999153 0.000000 0.041156 0.799671 0.799671 0.799671
5781.137207 0.000000 3531.479248 0.000000 0.536784 0.000000 0.843720 0.785961 0.785961 0.785961
5743.560059 0.000000 3588.683105 0.000000 0.577840 0.000000 -0.816150 0.819068 0.819068 0.819068
5815.857910 0.000000 3571.603027 0.000000 0.516145 0.000000 -0.856501 0.839027 0.839027 0.839027
5792.887207 0.000000 3576.929199 0.000000 0.961334 0.000000 -0.275383 0.811701 0.811701 0.811701
5787.017578 0.000000 3535.873535 0.000000 0.998560 0.000000 -0.053650 0.802037 0.802037 0.802037
5758.509277 0.000000 3560.069092 0.000000 0.715123 0.000000 -0.698999 0.834009 0.834009 0.834009
5805.017090 0.000000 3586.115234 0.000000 0.917602 0.000000 0.397499 0.783671 0.783671 0.783671
5820.919434 0.000000 3555.359375 0.000000 0.783575 0.000000 0.621297 0.759832 0.759832 0.759832
5743.756836 0.000000 3584.737793 0.000000 0.802539 0.000000 -0.596599 0.828088 0.828088 0.828088
5763.756836 0.000000 3579.462646 0.000000 0.589401 0.000000 0.807841 0.739892 0.739892 0.739892
5819.125000 0.000000 3588.921143 0.000000 0.986944 0.000000 -0.161066 0.810985 0.810985 0.810985
5818.259277 0.000000 3556.966064 0.000000 0.150570 0.000000 -0.988599 0.936098 0.936098 0.936098
5792.376465 0.000000 3580.764893 0.000000 0.682172 0.000000 -0.731191 0.860601 0.860601 0.860601
5799.148926 0.000000 3533.675049 0.000000 0.671645 0.000000 -0.740873 0.873323 0.873323 0.873323
5764.423828 0.000000 3557.077881 0.000000 0.750247 0.000000 -0.661158 0.862037 0.862037 0.862037
5759.658203 0.000000 3583.984863 0.000000 0.913261 0.000000 0.407375 0.753910 0.753910 0.753910
5805.495117 0.000000 3570.270264 0.000000 0.821493 0.000000 0.570218 0.726076 0.726076 0.726076
5744.437012 0.000000 3582.153809 0.000000 0.776918 0.000000 0.629602 0.731990 0.731990 0.731990
5753.531250 0.000000 3581.132812 0.000000 0.900593 0.000000 0.434664 0.742522 0.742522 0.742522
5789.304199 0.000000 3565.139160 0.000000 0.506608 0.000000 -0.862176 0.920421 0.920421 0.920421
5789.563965 0.000000 3536.830566 0.000000 0.998629 0.000000 -0.052346 0.807008 0.807008 0.807008
5792.036133 0.000000 3570.160645 0.000000 0.290576 0.000000 0.956852 0.611418 0.611418 0.611418
5781.855469 0.000000 3561.871582 0.000000 0.554034 0.000000 -0.832494 0.931620 0.931620 0.931620
5812.705566 0.000000 3582.531982 0.000000 0.502362 0.000000 0.864658 0.666493 0.666493 0.666493
5815.765625 0.000000 3593.479492 0.000000 0.944778 0.000000 -0.327711 0.848012 0.848012 0.848012
5770.379883 0.000000 3574.933105 0.000000 0.908824 0.000000 0.417180 0.748430 0.748430 0.748430
5766.657227 0.000000 3584.476562 0.000000 0.920405 0.000000 -0.390966 0.845728 0.845728 0.845728
5750.858887 0.000000 3588.537842 0.000000 0.990245 0.000000 -0.139336 0.816193 0.816193 0.816193
5787.763672 0.000000 3551.799805 0.000000 0.999685 0.000000 0.025078 0.796794 0.796794 0.796794
5788.201660 0.000000 3570.308105 0.000000 0.855636 0.000000 -0.517578 0.865192 0.865192 0.865192
5741.546387 0.000000 3583.365723 0.000000 0.977784 0.000000 0.209616 0.768366 0.768366 0.768366
5791.290039 0.000000 3578.626953 0.000000 0.234421 0.000000 -0.972135 0.999850 0.999850 0.999850
5771.159180 0.000000 3562.166260 0.000000 0.847077 0.000000 -0.531470 0.991370 0.991370 0.991370
5816.955078 0.000000 3588.089111 0.000000 0.723252 0.000000 0.690584 0.691903 0.691903 0.691903
5750.198730 0.000000 3577.976318 0.000000 0.519424 0.000000 -0.854517 1.166307 1.166307 1.166307
5789.745117 0.000000 3545.022217 0.000000 0.404243 0.000000 0.914652 0.599369 0.599369 0.599369
5810.536621 0.000000 3563.412598 0.000000 0.999557 0.000000 -0.029762 0.805648 0.805648 0.805648
5773.239746 0.000000 3577.598633 0.000000 0.252781 0.000000 0.967524 0.587225 0.587225 0.587225
5813.295410 0.000000 3566.756348 0.000000 0.796524 0.000000 0.604607 0.694963 0.694963 0.694963
5787.246582 0.000000 3568.211914 0.000000 0.999450 0.000000 -0.033169 0.805632 0.805632 0.805632
5759.394531 0.000000 3566.313477 0.000000 0.504143 0.000000 0.863620 0.591806 0.591806 0.591806
5799.866211 0.000000 3578.540283 0.000000 0.596651 0.000000 0.802501 0.654891 0.654891 0.654891
5771.211426 0.000000 3558.512207 0.000000 0.290667 0.000000 0.956824 0.336224 0.336224 0.336224
5755.478516 0.000000 3584.734863 0.000000 0.960136 0.000000 0.279533 0.749641 0.749641 0.749641
5786.937988 0.000000 3544.028564 0.000000 0.827649 0.000000 -0.561247 0.913063 0.913063 0.913063
5758.517090 0.000000 3585.938965 0.000000 0.045770 0.000000 0.998952 0.522831 0.522831 0.522831
5791.698730 0.000000 3537.276855 0.000000 0.306889 0.000000 -0.951745 1.038856 1.038856 1.038856
5794.129395 0.000000 3535.615234 0.000000 0.895317 0.000000 0.445429 0.733614 0.733614 0.733614
5825.349609 0.000000 3557.817627 0.000000 0.527194 0.000000 -0.849745 0.976453 0.976453 0.976453
5815.523438 0.000000 3564.474365 0.000000 0.985359 0.000000 -0.170489 0.832507 0.832507 0.832507
5821.286621 0.000000 3568.752930 0.000000 0.798789 0.000000 -0.601612 0.892826 0.892826 0.892826
5752.474121 0.000000 3573.837891 0.000000 0.941323 0.000000 0.337507 0.692050 0.692050 0.692050
5790.818848 0.000000 3541.829346 0.000000 0.162484 0.000000 -0.986711 1.067073 1.067073 1.067073
5787.794434 0.000000 3578.496826 0.000000 0.961796 0.000000 0.273766 0.747385 0.747385 0.747385
5774.157227 0.000000 3552.201660 0.000000 0.511278 0.000000 -0.859415 0.952839 0.952839 0.952839
5766.697754 0.000000 3569.113770 0.000000 0.493089 0.000000 -0.869979 1.008633 1.008633 1.008633
5776.535156 0.000000 3576.478271 0.000000 0.820148 0.000000 0.572151 0.702674 0.702674 0.702674
5772.749512 0.000000 3555.717529 0.000000 0.456342 0.000000 0.889804 0.583110 0.583110 0.583110
5746.329590 0.000000 3577.681152 0.000000 0.963931 0.000000 -0.266151 0.882860 0.882860 0.882860
5780.357910 0.000000 3566.243408 0.000000 0.183359 0.000000 -0.983046 1.063051 1.063051 1.063051
5788.596191 0.000000 3540.659912 0.000000 0.774369 0.000000 -0.632735 0.929985 0.929985 0.929985
5756.765625 0.000000 3569.791992 0.000000 0.379883 0.000000 0.925035 0.573537 0.573537 0.573537
5763.422363 0.000000 3566.350342 0.000000 0.647471 0.000000 0.762090 0.637316 0.637316 0.637316
5763.352051 0.000000 3572.883057 0.000000 0.866553 0.000000 0.499085 0.695636 0.695636 0.695636
5805.635254 0.000000 3558.853271 0.000000 0.934876 0.000000 -0.354975 0.876101 0.876101 0.876101
5759.837402 0.000000 3568.612793 0.000000 0.848909 0.000000 0.528538 0.680993 0.680993 0.680993
5820.319824 0.000000 3564.718262 0.000000 0.231421 0.000000 0.972854 0.546272 0.546272 0.546272
5779.831543 0.000000 3558.720459 0.000000 0.699114 0.000000 -0.715010 0.976610 0.976610 0.976610
5772.356445 0.000000 3575.474365 0.000000 0.205804 0.000000 0.978593 0.552184 0.552184 0.552184
5746.498047 0.000000 3581.672607 0.000000 0.945145 0.000000 0.326652 0.733540 0.733540 0.733540
5809.050781 0.000000 3562.054932 0.000000 0.067993 0.000000 0.997686 0.487859 0.487859 0.487859
5825.324707 0.000000 3563.969482 0.000000 0.036844 0.000000 0.999321 0.508953 0.508953 0.508953
5784.157227 0.000000 3565.301270 0.000000 0.072367 0.000000 -0.997378 1.045393 1.045393 1.045393
5778.221680 0.000000 3556.502686 0.000000 0.804603 0.000000 -0.593813 0.947299 0.947299 0.947299
5789.188965 0.000000 3555.008545 0.000000 0.874231 0.000000 -0.485510 0.895174 0.895174 0.895174
5797.950684 0.000000 3571.210693 0.000000 0.276603 0.000000 -0.960984 1.166007 1.166007 1.166007
5821.903809 0.000000 3565.930176 0.000000 0.998973 0.000000 0.045319 0.791398 0.791398 0.791398
5802.963867 0.000000 3568.015625 0.000000 0.881627 0.000000 0.471947 0.646864 0.646864 0.646864
5802.547852 0.000000 3559.508057 0.000000 0.233437 0.000000 -0.972372 1.037335 1.037335 1.037335
5791.643066 0.000000 3568.225586 0.000000 0.939039 0.000000 -0.343811 0.860985 0.860985 0.860985
5750.130859 0.000000 3575.802490 0.000000 0.610112 0.000000 0.792315 0.460241 0.460241 0.460241
5769.033203 0.000000 3562.463867 0.000000 0.769140 0.000000 -0.639080 1.029858 1.029858 1.029858
5820.568848 0.000000 3562.305664 0.000000 0.815381 0.000000 -0.578924 0.915913 0.915913 0.915913
5759.324707 0.000000 3572.478516 0.000000 0.968282 0.000000 0.249858 0.729893 0.729893 0.729893
5761.808105 0.000000 3565.257568 0.000000 0.224321 0.000000 0.974515 0.544888 0.544888 0.544888
5793.714355 0.000000 3566.612061 0.000000 0.081367 0.000000 0.996684 0.538238 0.538238 0.538238
5775.439453 0.000000 3563.677979 0.000000 0.342617 0.000000 0.939475 0.521975 0.521975 0.521975
5815.263672 0.000000 3566.674316 0.000000 0.229328 0.000000 0.973349 0.545864 0.545864 0.545864
5764.864746 0.000000 3583.802246 0.000000 0.135062 0.000000 0.990837 0.527666 0.527666 0.527666
5775.615234 0.000000 3574.057861 0.000000 0.354849 0.000000 -0.934924 1.029211 1.029211 1.029211
5792.952148 0.000000 3532.200439 0.000000 0.323340 0.000000 0.946283 0.564433 0.564433 0.564433
5782.732910 0.000000 3576.222168 0.000000 0.278571 0.000000 -0.960416 1.044475 1.044475 1.044475
5800.798340 0.000000 3569.472412 0.000000 0.955862 0.000000 0.293817 0.686834 0.686834 0.686834
5807.824707 0.000000 3566.553467 0.000000 0.273201 0.000000 0.961957 0.531204 0.531204 0.531204
5749.345215 0.000000 3582.195312 0.000000 0.913138 0.000000 0.407650 0.716979 0.716979 0.716979
5824.501953 0.000000 3560.206543 0.000000 0.588496 0.000000 0.808500 0.591254 0.591254 0.591254
5777.397949 0.000000 3560.157715 0.000000 0.922161 0.000000 -0.386807 0.881703 0.881703 0.881703
5751.024414 0.000000 3572.324951 0.000000 0.249767 0.000000 0.968306 0.426104 0.426104 0.426104
5763.025879 0.000000 3563.188721 0.000000 0.984667 0.000000 -0.174447 0.834670 0.834670 0.834670
5767.568359 0.000000 3560.350098 0.000000 0.083529 0.000000 0.996505 0.321792 0.321792 0.321792
5768.538574 0.000000 3565.908447 0.000000 0.999915 0.000000 -0.013058 0.803443 0.803443 0.803443
5794.142578 0.000000 3570.533203 0.000000 0.373615 0.000000 -0.927584 1.051486 1.051486 1.051486
5827.703613 0.000000 3561.378662 0.000000 0.769276 0.000000 0.638917 0.650499 0.650499 0.650499
5747.807129 0.000000 3578.788818 0.000000 0.446960 0.000000 0.894554 0.505830 0.505830 0.505830
5805.034180 0.000000 3562.270264 0.000000 0.996161 0.000000 -0.087545 0.829412 0.829412 0.829412
5799.284668 0.000000 3567.601074 0.000000 0.450389 0.000000 -0.892833 1.172500 1.172500 1.172500
5771.337891 0.000000 3564.020020 0.000000 0.255539 0.000000 0.966799 0.464492 0.464492 0.464492
5799.968750 0.000000 3565.939209 0.000000 0.545485 0.000000 -0.838120 1.028265 1.028265 1.028265
5806.341797 0.000000 3563.660156 0.000000 0.862726 0.000000 0.505672 0.659172 0.659172 0.659172
5757.520020 0.000000 3574.880127 0.000000 0.942352 0.000000 -0.334623 0.909716 0.909716 0.909716
5796.445312 0.000000 3566.212646 0.000000 0.460225 0.000000 -0.887802 1.081488 1.081488 1.081488
5806.011230 0.000000 3560.531250 0.000000 0.810540 0.000000 -0.585684 0.963713 0.963713 0.963713
5802.364746 0.000000 3564.355469 0.000000 0.881596 0.000000 0.472005 0.639971 0.639971 0.639971
5772.921387 0.000000 3558.526855 0.000000 0.948601 0.000000 0.316474 0.696456 0.696456 0.696456
5804.654785 0.000000 3565.767090 0.000000 0.900164 0.000000 -0.435550 0.936808 0.936808 0.936808
5807.802734 0.000000 3560.635010 0.000000 0.790192 0.000000 -0.612860 0.972596 0.972596 0.972596
5749.323242 0.000000 3579.349609 0.000000 0.620606 0.000000 0.784123 0.520989 0.520989 0.520989
5835.498047 0.000000 3560.194580 0.000000 0.887752 0.000000 0.460321 0.788535 0.788535 0.788535
5833.450195 0.000000 3556.802002 0.000000 0.601842 0.000000 0.798615 0.750119 0.750119 0.750119
5829.989746 0.000000 3578.130859 0.000000 0.013021 0.000000 0.999915 0.656883 0.656883 0.656883
5834.974609 0.000000 3569.422363 0.000000 0.995932 0.000000 -0.090104 0.807569 0.807569 0.807569
5830.918945 0.000000 3557.428467 0.000000 0.985877 0.000000 0.167468 0.778156 0.778156 0.778156
5834.486816 0.000000 3574.301270 0.000000 0.855565 0.000000 0.517696 0.729357 0.729357 0.729357
5832.874512 0.000000 3565.789795 0.000000 0.352070 0.000000 -0.935974 0.954796 0.954796 0.954796
5837.851074 0.000000 3588.537842 0.000000 0.943305 0.000000 0.331928 0.754724 0.754724 0.754724
5834.837891 0.000000 3585.615479 0.000000 0.021347 0.000000 -0.999772 1.081610 1.081610 1.081610
5831.256836 0.000000 3573.723389 0.000000 0.313562 0.000000 -0.949568 1.037524 1.037524 1.037524
5833.321777 0.000000 3577.681152 0.000000 0.993920 0.000000 0.110101 0.779067 0.779067 0.779067
5832.892578 0.000000 3584.581543 0.000000 0.952052 0.000000 -0.305935 0.858993 0.858993 0.858993
5830.713379 0.000000 3561.831055 0.000000 0.661227 0.000000 0.750186 0.661064 0.661064 0.661064
5830.231445 0.000000 3567.658691 0.000000 0.365720 0.000000 0.930725 0.582558 0.582558 0.582558
5833.490234 0.000000 3581.672607 0.000000 0.997276 0.000000 -0.073755 0.814007 0.814007 0.814007
5833.120605 0.000000 3570.190918 0.000000 0.703193 0.000000 -0.710999 0.942169 0.942169 0.942169
5829.472168 0.000000 3564.110107 0.000000 0.898406 0.000000 0.439167 0.714640 0.714640 0.714640
5830.839355 0.000000 3565.736572 0.000000 0.999559 0.000000 0.029688 0.794366 0.794366 0.794366
5968.679199 0.000000 3518.119629 0.000000 0.310625 0.000000 0.950533 0.797494 0.797494 0.797494
5916.318359 0.000000 3522.891357 0.000000 0.369082 0.000000 -0.929397 0.809529 0.809529 0.809529
5938.432129 0.000000 3505.901855 0.000000 0.659554 0.000000 -0.751657 0.811892 0.811892 0.811892
5932.962891 0.000000 3516.605957 0.000000 0.860025 0.000000 -0.510252 0.823528 0.823528 0.823528
5934.616211 0.000000 3524.025879 0.000000 0.963545 0.000000 -0.267545 0.819474 0.819474 0.819474
5941.329102 0.000000 3524.306885 0.000000 0.662862 0.000000 -0.748742 0.850700 0.850700 0.850700
5966.698242 0.000000 3515.970947 0.000000 0.706954 0.000000 0.707260 0.729392 0.729392 0.729392
5941.409180 0.000000 3516.877441 0.000000 0.503537 0.000000 -0.863974 0.916667 0.916667 0.916667
5940.241699 0.000000 3507.897217 0.000000 0.350203 0.000000 0.936674 0.652217 0.652217 0.652217
5957.531738 0.000000 3512.515137 0.000000 0.376464 0.000000 0.926431 0.681682 0.681682 0.681682
5932.439453 0.000000 3514.131836 0.000000 0.982128 0.000000 -0.188216 0.819287 0.819287 0.819287
5938.943359 0.000000 3517.422852 0.000000 0.392713 0.000000 0.919661 0.660127 0.660127 0.660127
5964.316895 0.000000 3505.514404 0.000000 0.972472 0.000000 -0.233021 0.825365 0.825365 0.825365
5928.139160 0.000000 3524.615723 0.000000 0.540781 0.000000 0.841164 0.678238 0.678238 0.678238
5922.137695 0.000000 3529.507080 0.000000 0.989804 0.000000 0.142438 0.750616 0.750616 0.750616
5946.169434 0.000000 3526.381104 0.000000 0.542979 0.000000 0.839746 0.648693 0.648693 0.648693
5958.002441 0.000000 3519.203613 0.000000 0.034112 0.000000 0.999418 0.545264 0.545264 0.545264
5957.112793 0.000000 3514.819336 0.000000 0.777583 0.000000 0.628780 0.706292 0.706292 0.706292
5962.174805 0.000000 3513.532227 0.000000 0.739921 0.000000 -0.672694 0.919366 0.919366 0.919366
5929.273926 0.000000 3527.607666 0.000000 0.245981 0.000000 0.969275 0.525349 0.525349 0.525349
5952.792480 0.000000 3518.008545 0.000000 0.042176 0.000000 0.999110 0.552707 0.552707 0.552707
5949.215332 0.000000 3509.744141 0.000000 0.870735 0.000000 0.491753 0.682947 0.682947 0.682947
5959.912598 0.000000 3506.501465 0.000000 0.994911 0.000000 0.100758 0.780850 0.780850 0.780850
5937.146973 0.000000 3515.029297 0.000000 0.222842 0.000000 -0.974855 1.079595 1.079595 1.079595
5948.992188 0.000000 3513.438477 0.000000 0.561702 0.000000 0.827339 0.624858 0.624858 0.624858
5927.625000 0.000000 3526.528809 0.000000 0.857184 0.000000 0.515010 0.664932 0.664932 0.664932
5962.907227 0.000000 3507.031982 0.000000 0.209029 0.000000 -0.977909 1.058084 1.058084 1.058084
5953.915039 0.000000 3520.353760 0.000000 0.847167 0.000000 -0.531326 0.904047 0.904047 0.904047
5948.348633 0.000000 3529.717285 0.000000 0.983534 0.000000 -0.180723 0.834479 0.834479 0.834479
5944.072266 0.000000 3529.761475 0.000000 0.935439 0.000000 0.353487 0.731448 0.731448 0.731448
5921.402832 0.000000 3527.757324 0.000000 0.599897 0.000000 0.800077 0.501782 0.501782 0.501782
5928.805664 0.000000 3529.663818 0.000000 0.989903 0.000000 -0.141748 0.838064 0.838064 0.838064
5933.032715 0.000000 3529.509521 0.000000 0.953866 0.000000 -0.300234 0.863948 0.863948 0.863948
5942.652832 0.000000 3512.330322 0.000000 0.466602 0.000000 0.884467 0.409813 0.409813 0.409813
5961.924805 0.000000 3517.626709 0.000000 0.082782 0.000000 -0.996568 1.082314 1.082314 1.082314
5936.720703 0.000000 3529.500488 0.000000 0.389713 0.000000 -0.920936 1.022084 1.022084 1.022084
5946.389648 0.000000 3508.020020 0.000000 0.998520 0.000000 -0.054390 0.815216 0.815216 0.815216
5938.941406 0.000000 3513.144043 0.000000 0.927449 0.000000 0.373949 0.672167 0.672167 0.672167
5925.778320 0.000000 3527.280518 0.000000 0.314536 0.000000 -0.949245 1.177229 1.177229 1.177229
5924.061035 0.000000 3525.123047 0.000000 0.999279 0.000000 0.037966 0.791202 0.791202 0.791202
5937.421875 0.000000 3510.870117 0.000000 0.989912 0.000000 -0.141681 0.829812 0.829812 0.829812
5941.062988 0.000000 3515.185791 0.000000 0.167150 0.000000 0.985932 0.430157 0.430157 0.430157
5948.348145 0.000000 3511.536133 0.000000 0.996879 0.000000 0.078946 0.780428 0.780428 0.780428
5940.565430 0.000000 3509.554932 0.000000 0.887960 0.000000 0.459921 0.671143 0.671143 0.671143
6088.094727 0.000000 3511.303467 0.000000 0.249849 0.000000 -0.968285 0.865823 0.865823 0.865823
6007.064941 0.000000 3523.701904 0.000000 0.317917 0.000000 0.948119 0.722776 0.722776 0.722776
6059.458984 0.000000 3518.338867 0.000000 0.846741 0.000000 0.532006 0.760786 0.760786 0.760786
6067.128418 0.000000 3506.297607 0.000000 0.006929 0.000000 -0.999976 0.893703 0.893703 0.893703
6004.647461 0.000000 3526.104492 0.000000 0.969225 0.000000 -0.246176 0.815897 0.815897 0.815897
6053.224609 0.000000 3500.089600 0.000000 0.524269 0.000000 0.851553 0.722668 0.722668 0.722668
6063.315918 0.000000 3499.626953 0.000000 0.989950 0.000000 0.141420 0.788381 0.788381 0.788381
6048.139160 0.000000 3508.267578 0.000000 0.884217 0.000000 0.467077 0.757293 0.757293 0.757293
6080.129395 0.000000 3507.967285 0.000000 0.285674 0.000000 -0.958327 0.940725 0.940725 0.940725
6065.980469 0.000000 3488.274414 0.000000 0.593333 0.000000 -0.804957 0.893431 0.893431 0.893431
6061.270996 0.000000 3508.456055 0.000000 0.309472 0.000000 -0.950909 0.907880 0.907880 0.907880
6076.965332 0.000000 3505.262451 0.000000 0.250040 0.000000 -0.968236 0.926361 0.926361 0.926361
6021.955078 0.000000 3514.540527 0.000000 0.289097 0.000000 -0.957300 0.950538 0.950538 0.950538
6064.493164 0.000000 3524.708984 0.000000 0.952826 0.000000 0.303516 0.766741 0.766741 0.766741
6072.961426 0.000000 3524.012939 0.000000 0.822255 0.000000 -0.569120 0.866506 0.866506 0.866506
6031.800293 0.000000 3509.068359 0.000000 0.995426 0.000000 0.095540 0.790636 0.790636 0.790636
6032.158691 0.000000 3514.284424 0.000000 0.685715 0.000000 0.727870 0.682772 0.682772 0.682772
6086.072266 0.000000 3509.602295 0.000000 0.201334 0.000000 -0.979523 0.993999 0.993999 0.993999
6019.431641 0.000000 3514.131836 0.000000 0.865449 0.000000 -0.500997 0.863931 0.863931 0.863931
6073.387207 0.000000 3493.047852 0.000000 0.799213 0.000000 -0.601048 0.896588 0.896588 0.896588
6044.886719 0.000000 3507.995605 0.000000 0.183683 0.000000 0.982986 0.586841 0.586841 0.586841
6007.376465 0.000000 3526.145020 0.000000 0.954873 0.000000 -0.297013 0.840956 0.840956 0.840956
6068.331543 0.000000 3521.864014 0.000000 0.633984 0.000000 0.773346 0.664036 0.664036 0.664036
6078.675293 0.000000 3494.045166 0.000000 0.883234 0.000000 -0.468932 0.856539 0.856539 0.856539
6015.131348 0.000000 3524.615723 0.000000 0.839415 0.000000 -0.543490 0.874594 0.874594 0.874594
6021.142578 0.000000 3518.734131 0.000000 0.888097 0.000000 0.459656 0.727504 0.727504 0.727504
6067.526367 0.000000 3524.309082 0.000000 0.669417 0.000000 0.742886 0.656171 0.656171 0.656171
6059.526367 0.000000 3503.808594 0.000000 0.612775 0.000000 -0.790258 0.940136 0.940136 0.940136
6064.271973 0.000000 3494.469971 0.000000 0.999487 0.000000 0.032021 0.794307 0.794307 0.794307
6064.532227 0.000000 3490.032715 0.000000 0.845949 0.000000 0.533263 0.702268 0.702268 0.702268
6065.916992 0.000000 3492.414795 0.000000 0.411215 0.000000 -0.911538 1.017631 1.017631 1.017631
6079.349609 0.000000 3505.835938 0.000000 0.443944 0.000000 -0.896054 0.975264 0.975264 0.975264
6017.112305 0.000000 3523.393555 0.000000 0.991749 0.000000 -0.128192 0.820282 0.820282 0.820282
6084.389648 0.000000 3494.244873 0.000000 0.821417 0.000000 0.570329 0.719999 0.719999 0.719999
6074.672852 0.000000 3500.745117 0.000000 0.758011 0.000000 0.652242 0.675118 0.675118 0.675118
6086.476074 0.000000 3497.842041 0.000000 0.902038 0.000000 0.431657 0.717989 0.717989 0.717989
6064.659180 0.000000 3519.303223 0.000000 0.880335 0.000000 0.474353 0.706226 0.706226 0.706226
6056.465820 0.000000 3506.648193 0.000000 0.564569 0.000000 -0.825386 0.951249 0.951249 0.951249
6084.075195 0.000000 3501.200195 0.000000 0.204719 0.000000 -0.978821 1.048018 1.048018 1.048018
6086.532227 0.000000 3505.149902 0.000000 0.397473 0.000000 0.917614 0.579518 0.579518 0.579518
6036.207520 0.000000 3509.744141 0.000000 0.500882 0.000000 0.865516 0.601500 0.601500 0.601500
6070.905273 0.000000 3499.431641 0.000000 0.977890 0.000000 0.209121 0.752032 0.752032 0.752032
6064.693359 0.000000 3501.177979 0.000000 0.822829 0.000000 -0.568288 0.913475 0.913475 0.913475
6055.243164 0.000000 3504.092773 0.000000 0.349652 0.000000 0.936880 0.569735 0.569735 0.569735
6070.795410 0.000000 3495.891357 0.000000 0.589724 0.000000 0.807605 0.572815 0.572815 0.572815
6014.720703 0.000000 3519.932129 0.000000 0.999830 0.000000 -0.018423 0.805925 0.805925 0.805925
6080.622559 0.000000 3503.711914 0.000000 0.040749 0.000000 -0.999169 1.282824 1.282824 1.282824
6060.016113 0.000000 3516.378906 0.000000 0.082637 0.000000 -0.996580 1.076398 1.076398 1.076398
6008.796387 0.000000 3524.682373 0.000000 0.857642 0.000000 0.514247 0.706147 0.706147 0.706147
6071.437012 0.000000 3525.231934 0.000000 0.594702 0.000000 -0.803947 0.971601 0.971601 0.971601
6078.179199 0.000000 3498.575684 0.000000 0.755345 0.000000 0.655327 0.593047 0.593047 0.593047
6075.032715 0.000000 3496.320557 0.000000 0.524632 0.000000 0.851329 0.600647 0.600647 0.600647
6083.497559 0.000000 3504.906982 0.000000 0.480586 0.000000 -0.876948 1.043503 1.043503 1.043503
6080.101074 0.000000 3501.496094 0.000000 0.416139 0.000000 0.909301 0.396431 0.396431 0.396431
6008.395020 0.000000 3527.757324 0.000000 0.345863 0.000000 0.938285 0.568968 0.568968 0.568968
6012.275879 0.000000 3523.606934 0.000000 0.992686 0.000000 -0.120724 0.832630 0.832630 0.832630
6089.399902 0.000000 3502.348389 0.000000 0.007021 0.000000 -0.999975 1.096707 1.096707 1.096707
6088.302246 0.000000 3494.233398 0.000000 0.725044 0.000000 -0.688702 0.944143 0.944143 0.944143
6029.645020 0.000000 3512.330322 0.000000 0.798637 0.000000 -0.601813 0.922527 0.922527 0.922527
6067.971680 0.000000 3498.819092 0.000000 0.433772 0.000000 -0.901022 1.017391 1.017391 1.017391
6016.823730 0.000000 3519.552002 0.000000 0.813467 0.000000 0.581611 0.640078 0.640078 0.640078
6081.479004 0.000000 3500.399170 0.000000 0.968043 0.000000 -0.250783 0.889611 0.889611 0.889611
6013.802734 0.000000 3518.181152 0.000000 0.101662 0.000000 0.994819 0.354053 0.354053 0.354053
6083.597656 0.000000 3502.875977 0.000000 0.938719 0.000000 0.344682 0.698793 0.698793 0.698793
6078.609375 0.000000 3500.760010 0.000000 0.354617 0.000000 -0.935012 1.195772 1.195772 1.195772
6082.243164 0.000000 3503.887695 0.000000 0.114774 0.000000 -0.993392 1.218683 1.218683 1.218683
5948.583984 0.000000 3590.616699 0.000000 0.154934 0.000000 0.987925 0.774561 0.774561 0.774561
5942.691895 0.000000 3569.971680 0.000000 0.188343 0.000000 -0.982103 0.827588 0.827588 0.827588
5999.613770 0.000000 3600.304199 0.000000 0.997694 0.000000 -0.067877 0.801492 0.801492 0.801492
5994.335449 0.000000 3601.581787 0.000000 0.624083 0.000000 0.781358 0.767758 0.767758 0.767758
5973.242188 0.000000 3584.803955 0.000000 0.997352 0.000000 -0.072727 0.802908 0.802908 0.802908
5936.319336 0.000000 3535.683838 0.000000 0.484842 0.000000 0.874601 0.746843 0.746843 0.746843
6001.972168 0.000000 3531.672607 0.000000 0.873632 0.000000 -0.486586 0.822329 0.822329 0.822329
5951.264648 0.000000 3532.331055 0.000000 0.916661 0.000000 0.399665 0.781113 0.781113 0.781113
5988.087402 0.000000 3559.350342 0.000000 0.688609 0.000000 0.725133 0.748153 0.748153 0.748153
5992.536133 0.000000 3598.728027 0.000000 0.901725 0.000000 -0.432310 0.831251 0.831251 0.831251
6001.346191 0.000000 3584.069336 0.000000 0.367782 0.000000 0.929912 0.706983 0.706983 0.706983
5996.517578 0.000000 3598.973633 0.000000 0.569566 0.000000 -0.821946 0.880933 0.880933 0.880933
5969.174805 0.000000 3579.386719 0.000000 0.974017 0.000000 0.226474 0.785399 0.785399 0.785399
5991.834961 0.000000 3569.135010 0.000000 0.937419 0.000000 -0.348202 0.834806 0.834806 0.834806
5937.212891 0.000000 3582.749512 0.000000 0.742975 0.000000 0.669319 0.717985 0.717985 0.717985
5975.039062 0.000000 3560.930176 0.000000 0.037260 0.000000 -0.999306 0.925576 0.925576 0.925576
5989.145020 0.000000 3556.703613 0.000000 0.190426 0.000000 0.981702 0.687062 0.687062 0.687062
5978.587402 0.000000 3588.939697 0.000000 0.059068 0.000000 0.998254 0.652059 0.652059 0.652059
5986.627441 0.000000 3553.672363 0.000000 0.999759 0.000000 -0.021954 0.802587 0.802587 0.802587
5977.338379 0.000000 3554.490967 0.000000 0.576263 0.000000 0.817264 0.679629 0.679629 0.679629
5990.341797 0.000000 3574.315674 0.000000 0.617313 0.000000 0.786718 0.682451 0.682451 0.682451
5984.515625 0.000000 3591.596680 0.000000 0.055074 0.000000 -0.998482 0.945306 0.945306 0.945306
6001.242676 0.000000 3543.803467 0.000000 0.996942 0.000000 0.078141 0.789689 0.789689 0.789689
5991.721191 0.000000 3577.522949 0.000000 0.282900 0.000000 -0.959149 0.976945 0.976945 0.976945
6001.311035 0.000000 3595.599121 0.000000 0.908901 0.000000 0.417012 0.754466 0.754466 0.754466
5989.190918 0.000000 3590.443115 0.000000 0.987765 0.000000 0.155947 0.782487 0.782487 0.782487
5985.018066 0.000000 3565.721436 0.000000 0.788166 0.000000 -0.615463 0.894012 0.894012 0.894012
5966.020508 0.000000 3570.160645 0.000000 0.695684 0.000000 0.718348 0.692757 0.692757 0.692757
5922.308105 0.000000 3533.023682 0.000000 0.688350 0.000000 -0.725378 0.923190 0.923190 0.923190
5960.820801 0.000000 3576.578125 0.000000 0.780092 0.000000 -0.625665 0.889107 0.889107 0.889107
5931.054688 0.000000 3537.433105 0.000000 0.818373 0.000000 -0.574687 0.883147 0.883147 0.883147
5992.868164 0.000000 3595.344238 0.000000 0.777985 0.000000 -0.628282 0.903118 0.903118 0.903118
5976.948242 0.000000 3565.982666 0.000000 0.640637 0.000000 -0.767844 0.915402 0.915402 0.915402
5945.252930 0.000000 3531.683838 0.000000 0.433592 0.000000 -0.901109 0.986048 0.986048 0.986048
5990.939453 0.000000 3588.089111 0.000000 0.428491 0.000000 0.903546 0.601751 0.601751 0.601751
5979.111328 0.000000 3552.941406 0.000000 0.939836 0.000000 0.341625 0.751257 0.751257 0.751257
5936.066406 0.000000 3574.929443 0.000000 0.421629 0.000000 0.906769 0.595882 0.595882 0.595882
5980.580566 0.000000 3587.762451 0.000000 0.808872 0.000000 0.587985 0.694547 0.694547 0.694547
5984.520996 0.000000 3563.412598 0.000000 0.995594 0.000000 -0.093768 0.812754 0.812754 0.812754
5980.285156 0.000000 3565.423340 0.000000 0.644133 0.000000 -0.764913 0.946110 0.946110 0.946110
5987.279785 0.000000 3566.756348 0.000000 0.247054 0.000000 -0.969002 0.992623 0.992623 0.992623
5949.697754 0.000000 3530.510986 0.000000 0.386819 0.000000 0.922156 0.612481 0.612481 0.612481
5954.491211 0.000000 3573.275635 0.000000 0.993836 0.000000 0.110860 0.779366 0.779366 0.779366
5959.492188 0.000000 3572.171387 0.000000 0.750398 0.000000 0.660986 0.662984 0.662984 0.662984
5978.186035 0.000000 3572.186279 0.000000 0.267901 0.000000 0.963446 0.350965 0.350965 0.350965
5943.579102 0.000000 3572.038818 0.000000 0.970107 0.000000 -0.242677 0.834760 0.834760 0.834760
5993.681641 0.000000 3591.025879 0.000000 0.052871 0.000000 -0.998601 1.063750 1.063750 1.063750
5943.178223 0.000000 3578.957520 0.000000 0.790907 0.000000 -0.611937 1.027529 1.027529 1.027529
6001.665039 0.000000 3534.118896 0.000000 0.391158 0.000000 -0.920324 0.975094 0.975094 0.975094
5935.678711 0.000000 3533.418701 0.000000 0.441617 0.000000 -0.897204 0.980121 0.980121 0.980121
5947.760742 0.000000 3573.533447 0.000000 0.296158 0.000000 -0.955139 0.990256 0.990256 0.990256
5926.902832 0.000000 3535.673340 0.000000 0.037420 0.000000 -0.999300 1.038875 1.038875 1.038875
5942.835449 0.000000 3576.643799 0.000000 0.359293 0.000000 0.933225 0.427496 0.427496 0.427496
5942.121582 0.000000 3582.841309 0.000000 0.901106 0.000000 -0.433599 0.936151 0.936151 0.936151
5999.118164 0.000000 3543.309814 0.000000 0.997064 0.000000 -0.076578 0.814544 0.814544 0.814544
5949.278809 0.000000 3580.870850 0.000000 0.080197 0.000000 -0.996779 1.365613 1.365613 1.365613
5944.445312 0.000000 3583.112061 0.000000 0.695406 0.000000 -0.718617 1.099464 1.099464 1.099464
5945.722656 0.000000 3581.452393 0.000000 0.629241 0.000000 0.777210 0.440848 0.440848 0.440848
5989.420898 0.000000 3545.321045 0.000000 0.296804 0.000000 -0.954938 1.040863 1.040863 1.040863
5997.540527 0.000000 3540.378906 0.000000 0.883080 0.000000 -0.469222 0.884866 0.884866 0.884866
5991.964844 0.000000 3542.843018 0.000000 0.967169 0.000000 0.254133 0.759971 0.759971 0.759971
5983.832520 0.000000 3572.586914 0.000000 0.758401 0.000000 0.651788 0.530595 0.530595 0.530595
5979.619629 0.000000 3558.853271 0.000000 0.434163 0.000000 -0.900834 1.001625 1.001625 1.001625
5971.567383 0.000000 3575.388184 0.000000 0.727899 0.000000 -0.685684 0.929774 0.929774 0.929774
5946.340820 0.000000 3575.474365 0.000000 0.451405 0.000000 0.892319 0.555592 0.555592 0.555592
5983.697754 0.000000 3567.470215 0.000000 0.842101 0.000000 -0.539319 0.913768 0.913768 0.913768
5935.209473 0.000000 3531.169434 0.000000 0.994756 0.000000 0.102278 0.779741 0.779741 0.779741
5939.064453 0.000000 3577.925781 0.000000 0.848446 0.000000 -0.529283 0.932562 0.932562 0.932562
5992.525879 0.000000 3584.029297 0.000000 0.541077 0.000000 -0.840973 1.029471 1.029471 1.029471
5971.935059 0.000000 3571.210693 0.000000 0.593782 0.000000 -0.804626 0.999824 0.999824 0.999824
5997.213867 0.000000 3595.501465 0.000000 0.093257 0.000000 -0.995642 1.062615 1.062615 1.062615
5969.717773 0.000000 3572.541504 0.000000 0.415871 0.000000 -0.909423 1.000696 1.000696 1.000696
5976.948242 0.000000 3568.015625 0.000000 0.939821 0.000000 0.341667 0.719912 0.719912 0.719912
5945.372070 0.000000 3579.502441 0.000000 0.500504 0.000000 -0.865734 1.201346 1.201346 1.201346
5981.523926 0.000000 3556.778564 0.000000 0.644926 0.000000 0.764245 0.614105 0.614105 0.614105
5948.107422 0.000000 3582.552734 0.000000 0.173863 0.000000 0.984770 0.328788 0.328788 0.328788
5951.773438 0.000000 3584.043945 0.000000 0.537851 0.000000 -0.843040 1.002308 1.002308 1.002308
5984.648926 0.000000 3554.165283 0.000000 0.756082 0.000000 -0.654477 0.928251 0.928251 0.928251
5939.655273 0.000000 3579.882080 0.000000 0.924429 0.000000 0.381354 0.703101 0.703101 0.703101
5980.725098 0.000000 3585.242432 0.000000 0.323176 0.000000 -0.946339 1.057920 1.057920 1.057920
5983.291504 0.000000 3559.926514 0.000000 0.854093 0.000000 0.520120 0.697308 0.697308 0.697308
5949.599609 0.000000 3574.057861 0.000000 0.256848 0.000000 -0.966452 1.098504 1.098504 1.098504
5931.915039 0.000000 3533.630127 0.000000 0.958505 0.000000 0.285076 0.726096 0.726096 0.726096
5956.276855 0.000000 3574.207031 0.000000 0.365446 0.000000 -0.930833 1.055737 1.055737 1.055737
5956.717285 0.000000 3576.222168 0.000000 0.893158 0.000000 0.449743 0.706833 0.706833 0.706833
5974.782715 0.000000 3569.472412 0.000000 0.225867 0.000000 0.974158 0.539825 0.539825 0.539825
5989.785645 0.000000 3577.431152 0.000000 0.503228 0.000000 -0.864154 1.016741 1.016741 1.016741
5981.809082 0.000000 3566.553467 0.000000 0.079170 0.000000 -0.996861 1.112792 1.112792 1.112792
5997.136719 0.000000 3589.217773 0.000000 0.933737 0.000000 -0.357960 0.877502 0.877502 0.877502
5991.442871 0.000000 3580.153076 0.000000 0.957861 0.000000 0.287232 0.744141 0.744141 0.744141
5949.061035 0.000000 3577.856934 0.000000 0.989415 0.000000 0.145113 0.755791 0.755791 0.755791
5947.165039 0.000000 3585.516846 0.000000 0.496149 0.000000 0.868237 0.487044 0.487044 0.487044
5981.217285 0.000000 3575.194824 0.000000 0.978049 0.000000 -0.208377 0.876723 0.876723 0.876723
5985.015137 0.000000 3578.494385 0.000000 0.108555 0.000000 0.994090 0.434998 0.434998 0.434998
5980.190430 0.000000 3572.462646 0.000000 0.129513 0.000000 -0.991578 1.338159 1.338159 1.338159
5979.293457 0.000000 3581.750732 0.000000 0.155434 0.000000 -0.987846 1.085381 1.085381 1.085381
5938.141602 0.000000 3581.209961 0.000000 0.300377 0.000000 -0.953821 1.067960 1.067960 1.067960
5986.785156 0.000000 3587.811523 0.000000 0.634836 0.000000 0.772647 0.579555 0.579555 0.579555
5984.747070 0.000000 3574.416504 0.000000 0.802844 0.000000 0.596189 0.589505 0.589505 0.589505
5954.318848 0.000000 3577.847412 0.000000 0.995030 0.000000 -0.099576 0.821913 0.821913 0.821913
5952.367676 0.000000 3579.326172 0.000000 0.515081 0.000000 0.857142 0.532649 0.532649 0.532649
5980.182617 0.000000 3568.645264 0.000000 0.180293 0.000000 0.983613 0.405924 0.405924 0.405924
5983.326660 0.000000 3576.336670 0.000000 0.288271 0.000000 -0.957549 1.200856 1.200856 1.200856
5924.168945 0.000000 3533.262451 0.000000 0.929431 0.000000 0.368997 0.719235 0.719235 0.719235
5995.727051 0.000000 3592.352295 0.000000 0.419552 0.000000 0.907731 0.556837 0.556837 0.556837
5991.786133 0.000000 3586.578125 0.000000 0.971016 0.000000 0.239014 0.741674 0.741674 0.741674
5988.918945 0.000000 3585.938965 0.000000 0.401482 0.000000 -0.915867 1.130634 1.130634 1.130634
5976.538086 0.000000 3571.807861 0.000000 0.194715 0.000000 -0.980860 1.195404 1.195404 1.195404
5948.621582 0.000000 3584.193359 0.000000 0.985699 0.000000 0.168513 0.755361 0.755361 0.755361
5933.081055 0.000000 3530.988770 0.000000 0.972561 0.000000 -0.232649 0.857681 0.857681 0.857681
5981.285645 0.000000 3570.183350 0.000000 0.981945 0.000000 -0.189167 0.866518 0.866518 0.866518
5983.919434 0.000000 3585.633789 0.000000 0.725433 0.000000 -0.688293 0.988005 0.988005 0.988005
5981.674805 0.000000 3573.504395 0.000000 0.776163 0.000000 -0.630532 1.054805 1.054805 1.054805
5986.741699 0.000000 3576.833740 0.000000 0.900542 0.000000 0.434769 0.685015 0.685015 0.685015
5978.198730 0.000000 3569.153076 0.000000 0.997670 0.000000 0.068225 0.781999 0.781999 0.781999
5927.316406 0.000000 3531.997070 0.000000 0.369436 0.000000 0.929256 0.447539 0.447539 0.447539
5924.418457 0.000000 3530.971680 0.000000 0.221026 0.000000 0.975268 0.425793 0.425793 0.425793
6053.788086 0.000000 3593.499512 0.000000 0.235811 0.000000 -0.971799 0.807985 0.807985 0.807985
6015.346191 0.000000 3530.572510 0.000000 0.251502 0.000000 0.967857 0.786853 0.786853 0.786853
6037.538574 0.000000 3579.139648 0.000000 0.187774 0.000000 0.982212 0.766880 0.766880 0.766880
6057.098145 0.000000 3588.367188 0.000000 0.211672 0.000000 0.977341 0.770176 0.770176 0.770176
6019.824219 0.000000 3552.581787 0.000000 0.696515 0.000000 -0.717543 0.839958 0.839958 0.839958
6002.739746 0.000000 3592.092285 0.000000 0.734626 0.000000 -0.678473 0.853615 0.853615 0.853615
6064.784668 0.000000 3543.116455 0.000000 0.727820 0.000000 0.685768 0.759251 0.759251 0.759251
6047.541504 0.000000 3565.951172 0.000000 0.249040 0.000000 -0.968493 0.879037 0.879037 0.879037
6036.995117 0.000000 3582.924072 0.000000 0.590920 0.000000 -0.806730 0.869360 0.869360 0.869360
6063.566406 0.000000 3569.961426 0.000000 0.316972 0.000000 0.948435 0.727701 0.727701 0.727701
6050.455566 0.000000 3591.664307 0.000000 0.559110 0.000000 0.829093 0.743384 0.743384 0.743384
6034.058594 0.000000 3563.640137 0.000000 0.149485 0.000000 -0.988764 0.893640 0.893640 0.893640
6056.552734 0.000000 3561.767334 0.000000 0.500991 0.000000 0.865453 0.737323 0.737323 0.737323
6061.999023 0.000000 3576.375732 0.000000 0.937641 0.000000 0.347605 0.771638 0.771638 0.771638
6043.684570 0.000000 3541.747559 0.000000 0.360808 0.000000 0.932640 0.696800 0.696800 0.696800
6033.527832 0.000000 3540.475586 0.000000 0.037024 0.000000 0.999314 0.652962 0.652962 0.652962
6055.458496 0.000000 3533.441650 0.000000 0.141932 0.000000 0.989876 0.651653 0.651653 0.651653
6045.909668 0.000000 3555.871826 0.000000 0.426678 0.000000 0.904404 0.666846 0.666846 0.666846
6058.927734 0.000000 3563.328125 0.000000 0.627823 0.000000 0.778356 0.725172 0.725172 0.725172
6043.351074 0.000000 3551.610107 0.000000 0.640327 0.000000 -0.768103 0.899712 0.899712 0.899712
6061.162598 0.000000 3571.650879 0.000000 0.618345 0.000000 -0.785907 0.899320 0.899320 0.899320
6050.280762 0.000000 3565.139160 0.000000 0.999534 0.000000 0.030515 0.795977 0.795977 0.795977
6051.957520 0.000000 3532.035645 0.000000 0.980413 0.000000 -0.196951 0.823361 0.823361 0.823361
6045.087891 0.000000 3560.616699 0.000000 0.268849 0.000000 -0.963182 0.947836 0.947836 0.947836
6043.089355 0.000000 3578.024170 0.000000 0.085887 0.000000 -0.996305 0.957172 0.957172 0.957172
6050.147461 0.000000 3533.992432 0.000000 0.979999 0.000000 0.199003 0.776393 0.776393 0.776393
6031.409668 0.000000 3553.723633 0.000000 0.342910 0.000000 0.939368 0.636641 0.636641 0.636641
6009.300293 0.000000 3533.023682 0.000000 0.930808 0.000000 -0.365508 0.856797 0.856797 0.856797
6072.781738 0.000000 3549.940430 0.000000 0.292355 0.000000 0.956310 0.667676 0.667676 0.667676
6047.812988 0.000000 3576.578125 0.000000 0.881576 0.000000 -0.472042 0.854984 0.854984 0.854984
6055.415527 0.000000 3543.023438 0.000000 0.145140 0.000000 0.989411 0.259194 0.259194 0.259194
6042.832031 0.000000 3561.871582 0.000000 0.674681 0.000000 -0.738110 0.926026 0.926026 0.926026
6049.206543 0.000000 3589.419922 0.000000 0.102736 0.000000 0.994709 0.624098 0.624098 0.624098
6052.338867 0.000000 3587.109863 0.000000 0.869166 0.000000 -0.494520 0.865088 0.865088 0.865088
6044.324707 0.000000 3589.520508 0.000000 0.952856 0.000000 0.303423 0.755669 0.755669 0.755669
6065.232910 0.000000 3545.556641 0.000000 0.714111 0.000000 -0.700032 0.902217 0.902217 0.902217
6048.740234 0.000000 3551.799805 0.000000 0.495534 0.000000 -0.868589 0.921904 0.921904 0.921904
6036.089355 0.000000 3559.929443 0.000000 0.223957 0.000000 -0.974599 1.014891 1.014891 1.014891
6064.872559 0.000000 3550.116455 0.000000 0.953570 0.000000 -0.301170 0.836049 0.836049 0.836049
6041.324707 0.000000 3552.909180 0.000000 0.424762 0.000000 -0.905305 0.994452 0.994452 0.994452
6030.051270 0.000000 3542.440674 0.000000 0.404188 0.000000 0.914676 0.599359 0.599359 0.599359
6018.805664 0.000000 3544.474609 0.000000 0.013316 0.000000 -0.999911 1.055074 1.055074 1.055074
6053.827148 0.000000 3549.221436 0.000000 0.923282 0.000000 0.384124 0.748817 0.748817 0.748817
6044.604004 0.000000 3580.170410 0.000000 0.959270 0.000000 -0.282492 0.849191 0.849191 0.849191
6044.965332 0.000000 3543.707520 0.000000 0.093851 0.000000 0.995586 0.534542 0.534542 0.534542
6062.568359 0.000000 3549.677246 0.000000 0.992014 0.000000 0.126131 0.778025 0.778025 0.778025
6038.604492 0.000000 3549.155762 0.000000 0.025461 0.000000 -0.999676 1.034566 1.034566 1.034566
6045.944336 0.000000 3540.034668 0.000000 0.608634 0.000000 -0.793451 0.940940 0.940940 0.940940
6032.199219 0.000000 3545.567139 0.000000 0.254556 0.000000 -0.967058 1.036087 1.036087 1.036087
6066.206543 0.000000 3548.290039 0.000000 0.256213 0.000000 0.966620 0.551122 0.551122 0.551122
6047.914551 0.000000 3544.028564 0.000000 0.089084 0.000000 -0.996024 1.081114 1.081114 1.081114
6052.675293 0.000000 3537.276855 0.000000 0.302143 0.000000 -0.953263 1.049898 1.049898 1.049898
6004.328613 0.000000 3537.610840 0.000000 0.857031 0.000000 0.515264 0.714590 0.714590 0.714590
6055.105957 0.000000 3535.615234 0.000000 0.000467 0.000000 -1.000000 1.035224 1.035224 1.035224
6048.770996 0.000000 3578.496826 0.000000 0.360287 0.000000 -0.932842 1.032909 1.032909 1.032909
6035.133789 0.000000 3552.201660 0.000000 0.944037 0.000000 0.329839 0.732866 0.732866 0.732866
6046.732910 0.000000 3548.028809 0.000000 0.404700 0.000000 0.914449 0.631727 0.631727 0.631727
6050.221191 0.000000 3574.466309 0.000000 0.986534 0.000000 0.163559 0.767842 0.767842 0.767842
6004.078125 0.000000 3534.030762 0.000000 0.022479 0.000000 0.999747 0.506226 0.506226 0.506226
6049.572754 0.000000 3540.659912 0.000000 0.511227 0.000000 0.859446 0.597580 0.597580 0.597580
6050.365234 0.000000 3582.149170 0.000000 0.433641 0.000000 -0.901086 1.044316 1.044316 1.044316
6045.964844 0.000000 3582.010498 0.000000 0.801469 0.000000 -0.598036 0.936995 0.936995 0.936995
6069.211426 0.000000 3551.277344 0.000000 0.644978 0.000000 -0.764201 0.965034 0.965034 0.965034
6037.320312 0.000000 3553.523193 0.000000 0.641283 0.000000 -0.767305 0.986912 0.986912 0.986912
6050.496094 0.000000 3548.399170 0.000000 0.548069 0.000000 -0.836433 0.980066 0.980066 0.980066
6040.808105 0.000000 3558.720459 0.000000 0.295542 0.000000 -0.955330 1.071570 1.071570 1.071570
6033.482422 0.000000 3553.630127 0.000000 0.469536 0.000000 -0.882914 0.977208 0.977208 0.977208
6039.198242 0.000000 3556.502686 0.000000 0.104308 0.000000 -0.994545 1.110426 1.110426 1.110426
6056.709961 0.000000 3572.541504 0.000000 0.993080 0.000000 0.117440 0.776255 0.776255 0.776255
6024.852539 0.000000 3543.392578 0.000000 0.391847 0.000000 -0.920030 1.063639 1.063639 1.063639
6032.520020 0.000000 3549.625732 0.000000 0.586929 0.000000 0.809638 0.598362 0.598362 0.598362
6052.619629 0.000000 3568.225586 0.000000 0.575397 0.000000 0.817874 0.604897 0.604897 0.604897
6054.690918 0.000000 3566.612061 0.000000 0.947250 0.000000 0.320495 0.731582 0.731582 0.731582
6051.289062 0.000000 3585.454102 0.000000 0.275830 0.000000 0.961206 0.549825 0.549825 0.549825
6055.780273 0.000000 3577.253174 0.000000 0.369523 0.000000 0.929222 0.528531 0.528531 0.528531
6025.607422 0.000000 3547.077881 0.000000 0.150690 0.000000 -0.988581 1.182744 1.182744 1.182744
6031.427734 0.000000 3547.454102 0.000000 0.160332 0.000000 -0.987063 1.143509 1.143509 1.143509
6054.380371 0.000000 3575.053223 0.000000 0.953849 0.000000 0.300287 0.729339 0.729339 0.729339
6054.354980 0.000000 3578.793701 0.000000 0.931398 0.000000 0.364003 0.720382 0.720382 0.720382
6052.911621 0.000000 3572.057617 0.000000 0.034502 0.000000 -0.999405 1.106833 1.106833 1.106833
6057.341797 0.000000 3542.623047 0.000000 0.838310 0.000000 0.545194 0.614584 0.614584 0.614584
6029.053223 0.000000 3547.870605 0.000000 0.023813 0.000000 0.999716 0.379802 0.379802 0.379802
6030.708984 0.000000 3544.363281 0.000000 0.997062 0.000000 -0.076596 0.817610 0.817610 0.817610
6053.453613 0.000000 3538.979736 0.000000 0.041091 0.000000 -0.999155 1.163564 1.163564 1.163564
6055.119141 0.000000 3570.533203 0.000000 1.000000 0.000000 0.000997 0.799787 0.799787 0.799787
6052.196289 0.000000 3576.284912 0.000000 0.172577 0.000000 0.984996 0.465099 0.465099 0.465099
6059.156738 0.000000 3543.721924 0.000000 0.693588 0.000000 0.720372 0.616864 0.616864 0.616864
6053.692871 0.000000 3547.261230 0.000000 0.903307 0.000000 -0.428995 0.899180 0.899180 0.899180
6023.140625 0.000000 3546.078125 0.000000 0.631185 0.000000 -0.775632 1.028715 1.028715 1.028715
6026.359863 0.000000 3544.387939 0.000000 0.935711 0.000000 -0.352769 0.896488 0.896488 0.896488
6053.034180 0.000000 3545.577637 0.000000 0.592188 0.000000 -0.805800 1.080719 1.080719 1.080719
6028.997559 0.000000 3544.662109 0.000000 0.808467 0.000000 -0.588541 0.964637 0.964637 0.964637
6142.487793 0.000000 3440.565186 0.000000 0.065644 0.000000 -0.997843 0.833067 0.833067 0.833067
6107.679688 0.000000 3425.624512 0.000000 0.271706 0.000000 -0.962380 0.833640 0.833640 0.833640
6133.735352 0.000000 3435.192139 0.000000 0.847579 0.000000 -0.530669 0.821227 0.821227 0.821227
6141.811523 0.000000 3430.794434 0.000000 0.062471 0.000000 0.998047 0.700591 0.700591 0.700591
6135.085938 0.000000 3432.116211 0.000000 0.991820 0.000000 0.127647 0.790030 0.790030 0.790030
6106.607422 0.000000 3428.439209 0.000000 0.955771 0.000000 -0.294113 0.826830 0.826830 0.826830
6093.449707 0.000000 3495.329834 0.000000 0.351911 0.000000 0.936034 0.676630 0.676630 0.676630
6090.234375 0.000000 3491.142090 0.000000 0.465257 0.000000 -0.885176 0.910708 0.910708 0.910708
6109.943848 0.000000 3432.281250 0.000000 0.035661 0.000000 -0.999364 0.959433 0.959433 0.959433
6142.407715 0.000000 3436.039062 0.000000 0.723900 0.000000 -0.689905 0.915567 0.915567 0.915567
6089.550293 0.000000 3509.604736 0.000000 0.793078 0.000000 0.609121 0.717590 0.717590 0.717590
6113.884277 0.000000 3424.267822 0.000000 0.194369 0.000000 -0.980928 0.970287 0.970287 0.970287
6138.787598 0.000000 3434.844971 0.000000 0.998280 0.000000 -0.058628 0.811130 0.811130 0.811130
6111.847656 0.000000 3427.205078 0.000000 0.306012 0.000000 0.952028 0.560969 0.560969 0.560969
6108.323730 0.000000 3429.636475 0.000000 0.467093 0.000000 0.884208 0.622339 0.622339 0.622339
6089.576172 0.000000 3500.182373 0.000000 0.708516 0.000000 0.705695 0.651359 0.651359 0.651359
6111.253906 0.000000 3430.519287 0.000000 0.989319 0.000000 -0.145764 0.827756 0.827756 0.827756
6091.375488 0.000000 3495.134277 0.000000 0.690341 0.000000 -0.723484 0.940543 0.940543 0.940543
6118.050781 0.000000 3603.056396 0.000000 0.652133 0.000000 -0.758105 0.813747 0.813747 0.813747
6123.994141 0.000000 3618.735107 0.000000 0.845374 0.000000 -0.534176 0.816883 0.816883 0.816883
6129.101074 0.000000 3620.435059 0.000000 0.522690 0.000000 0.852523 0.763302 0.763302 0.763302
6175.086914 0.000000 3618.287842 0.000000 0.732190 0.000000 0.681101 0.765581 0.765581 0.765581
6173.570801 0.000000 3626.406738 0.000000 0.299431 0.000000 0.954118 0.739282 0.739282 0.739282
6150.481445 0.000000 3619.046143 0.000000 0.979484 0.000000 0.201524 0.786221 0.786221 0.786221
6136.352051 0.000000 3618.208008 0.000000 0.024634 0.000000 0.999697 0.691918 0.691918 0.691918
6171.112793 0.000000 3631.349365 0.000000 0.813060 0.000000 -0.582180 0.839715 0.839715 0.839715
6159.070312 0.000000 3576.594238 0.000000 0.719355 0.000000 0.694643 0.738651 0.738651 0.738651
6124.279297 0.000000 3599.542236 0.000000 0.056322 0.000000 0.998413 0.666913 0.666913 0.666913
6163.924316 0.000000 3607.333984 0.000000 0.686945 0.000000 -0.726709 0.864992 0.864992 0.864992
6165.645508 0.000000 3631.785645 0.000000 0.024180 0.000000 0.999708 0.679531 0.679531 0.679531
6171.132812 0.000000 3593.424805 0.000000 0.980068 0.000000 0.198662 0.781626 0.781626 0.781626
6148.745117 0.000000 3592.257324 0.000000 0.292609 0.000000 0.956232 0.693145 0.693145 0.693145
6174.931641 0.000000 3581.358887 0.000000 0.014180 0.000000 0.999899 0.635227 0.635227 0.635227
6161.793945 0.000000 3595.124023 0.000000 0.985029 0.000000 -0.172391 0.882702 0.882702 0.882702
6171.738770 0.000000 3613.376709 0.000000 0.860362 0.000000 0.509683 0.732706 0.732706 0.732706
6137.833984 0.000000 3594.208740 0.000000 0.796887 0.000000 0.604128 0.719676 0.719676 0.719676
6163.440430 0.000000 3604.621094 0.000000 0.714059 0.000000 -0.700085 0.885189 0.885189 0.885189
6143.355469 0.000000 3594.614502 0.000000 0.924356 0.000000 -0.381531 0.840655 0.840655 0.840655
6163.175293 0.000000 3590.443115 0.000000 0.974399 0.000000 0.224827 0.717118 0.717118 0.717118
6166.424805 0.000000 3572.511719 0.000000 0.383332 0.000000 0.923611 0.658908 0.658908 0.658908
6152.543457 0.000000 3617.698975 0.000000 0.839383 0.000000 -0.543540 0.879192 0.879192 0.879192
6159.432129 0.000000 3594.211182 0.000000 0.045789 0.000000 0.998951 0.163434 0.163434 0.163434
6163.734375 0.000000 3593.479492 0.000000 0.577542 0.000000 0.816361 0.378437 0.378437 0.378437
6175.463379 0.000000 3636.227295 0.000000 0.841101 0.000000 -0.540879 0.897018 0.897018 0.897018
6146.518555 0.000000 3610.792969 0.000000 0.776700 0.000000 0.629870 0.682963 0.682963 0.682963
6128.946777 0.000000 3606.785645 0.000000 0.293928 0.000000 0.955828 0.370501 0.370501 0.370501
6158.130859 0.000000 3581.916016 0.000000 0.155443 0.000000 -0.987845 0.978009 0.978009 0.978009
6122.732910 0.000000 3603.955322 0.000000 0.995103 0.000000 0.098838 0.786950 0.786950 0.786950
6120.044434 0.000000 3607.901123 0.000000 0.205039 0.000000 -0.978754 0.979838 0.979838 0.979838
6151.524414 0.000000 3597.017090 0.000000 0.984668 0.000000 -0.174439 0.832217 0.832217 0.832217
6155.767090 0.000000 3591.898926 0.000000 0.996805 0.000000 0.079870 0.785947 0.785947 0.785947
6171.381836 0.000000 3601.229248 0.000000 0.839758 0.000000 0.542961 0.699123 0.699123 0.699123
6126.203613 0.000000 3600.698486 0.000000 0.905461 0.000000 0.424429 0.727338 0.727338 0.727338
6172.705078 0.000000 3581.458008 0.000000 0.862172 0.000000 0.506615 0.703445 0.703445 0.703445
6127.786133 0.000000 3609.314697 0.000000 0.322134 0.000000 -0.946694 1.229420 1.229420 1.229420
6145.374512 0.000000 3600.837646 0.000000 0.881699 0.000000 -0.471813 0.886357 0.886357 0.886357
6169.524414 0.000000 3617.963379 0.000000 0.238310 0.000000 -0.971189 0.988624 0.988624 0.988624
6162.138184 0.000000 3580.869141 0.000000 0.990563 0.000000 -0.137057 0.843112 0.843112 0.843112
6144.082520 0.000000 3603.911621 0.000000 0.559146 0.000000 -0.829069 0.948366 0.948366 0.948366
6167.986816 0.000000 3577.738281 0.000000 0.088201 0.000000 0.996103 0.349948 0.349948 0.349948
6143.458008 0.000000 3613.632568 0.000000 0.285112 0.000000 0.958494 0.597775 0.597775 0.597775
6171.067383 0.000000 3608.184570 0.000000 0.218506 0.000000 -0.975836 1.026573 1.026573 1.026573
6154.016113 0.000000 3590.485596 0.000000 0.630819 0.000000 0.775930 0.643895 0.643895 0.643895
6159.591309 0.000000 3614.846680 0.000000 0.947226 0.000000 -0.320566 0.871041 0.871041 0.871041
6144.890137 0.000000 3597.124512 0.000000 0.182664 0.000000 0.983175 0.592222 0.592222 0.592222
6157.520996 0.000000 3588.091797 0.000000 0.209714 0.000000 -0.977763 1.057951 1.057951 1.057951
6153.409180 0.000000 3615.254395 0.000000 0.996491 0.000000 -0.083702 0.814059 0.814059 0.814059
6168.458496 0.000000 3598.019043 0.000000 0.530639 0.000000 -0.847598 1.010090 1.010090 1.010090
6139.101074 0.000000 3598.250977 0.000000 0.034980 0.000000 0.999388 0.508599 0.508599 0.508599
6158.417969 0.000000 3598.919189 0.000000 0.206323 0.000000 -0.978484 1.240996 1.240996 1.240996
6165.618164 0.000000 3616.373291 0.000000 0.040882 0.000000 -0.999164 1.136114 1.136114 1.136114
6151.685547 0.000000 3608.162354 0.000000 0.733594 0.000000 -0.679588 0.962665 0.962665 0.962665
6151.777832 0.000000 3605.232666 0.000000 0.544006 0.000000 -0.839081 1.018728 1.018728 1.018728
6161.165039 0.000000 3590.294922 0.000000 0.779081 0.000000 -0.626924 1.047659 1.047659 1.047659
6170.943359 0.000000 3578.952148 0.000000 0.314029 0.000000 -0.949413 1.149898 1.149898 1.149898
6135.295898 0.000000 3596.183105 0.000000 0.640868 0.000000 -0.767651 0.946825 0.946825 0.946825
6142.235352 0.000000 3611.077148 0.000000 0.787307 0.000000 0.616561 0.684560 0.684560 0.684560
6173.264648 0.000000 3602.419189 0.000000 0.977807 0.000000 0.209510 0.763324 0.763324 0.763324
6157.787598 0.000000 3602.875732 0.000000 0.992979 0.000000 -0.118290 0.819892 0.819892 0.819892
6130.470703 0.000000 3610.905762 0.000000 0.624957 0.000000 -0.780659 1.061189 1.061189 1.061189
6159.514160 0.000000 3623.419434 0.000000 0.400181 0.000000 -0.916436 1.047701 1.047701 1.047701
6153.722656 0.000000 3611.299805 0.000000 0.626444 0.000000 0.779466 0.608988 0.608988 0.608988
6166.510254 0.000000 3584.029297 0.000000 0.408268 0.000000 0.912862 0.487567 0.487567 0.487567
6164.522461 0.000000 3599.414062 0.000000 0.410621 0.000000 -0.911806 1.214880 1.214880 1.214880
6164.211914 0.000000 3627.392578 0.000000 0.898465 0.000000 -0.439045 0.878072 0.878072 0.878072
6165.309082 0.000000 3623.548828 0.000000 0.954783 0.000000 -0.297304 0.870540 0.870540 0.870540
6122.595215 0.000000 3607.953857 0.000000 0.253482 0.000000 -0.967340 1.086169 1.086169 1.086169
6141.609375 0.000000 3598.783447 0.000000 0.455060 0.000000 0.890461 0.602569 0.602569 0.602569
6162.024902 0.000000 3603.304932 0.000000 0.258031 0.000000 -0.966137 1.030209 1.030209 1.030209
6163.043457 0.000000 3616.773682 0.000000 0.322511 0.000000 -0.946566 1.095286 1.095286 1.095286
6175.171387 0.000000 3634.307373 0.000000 0.954074 0.000000 -0.299572 0.858942 0.858942 0.858942
6168.775879 0.000000 3575.560059 0.000000 0.876174 0.000000 0.481995 0.697544 0.697544 0.697544
6165.638184 0.000000 3593.826660 0.000000 0.177925 0.000000 -0.984044 1.319859 1.319859 1.319859
6133.240234 0.000000 3602.223633 0.000000 0.768922 0.000000 0.639343 0.635141 0.635141 0.635141
6154.607422 0.000000 3593.493652 0.000000 0.951084 0.000000 0.308933 0.731000 0.731000 0.731000
6171.829590 0.000000 3636.212891 0.000000 0.274419 0.000000 0.961610 0.528885 0.528885 0.528885
6161.382324 0.000000 3622.853027 0.000000 0.768668 0.000000 -0.639648 0.971884 0.971884 0.971884
6126.314941 0.000000 3610.687500 0.000000 0.843734 0.000000 0.536761 0.617809 0.617809 0.617809
6148.445312 0.000000 3602.958008 0.000000 0.652704 0.000000 0.757613 0.616289 0.616289 0.616289
6152.149414 0.000000 3603.165527 0.000000 0.687634 0.000000 -0.726057 0.973650 0.973650 0.973650
6129.675781 0.000000 3602.722168 0.000000 0.769020 0.000000 -0.639224 0.977288 0.977288 0.977288
6155.399902 0.000000 3614.937256 0.000000 0.227108 0.000000 0.973870 0.521314 0.521314 0.521314
6139.126953 0.000000 3601.806152 0.000000 0.993009 0.000000 0.118039 0.777079 0.777079 0.777079
6163.770020 0.000000 3577.431152 0.000000 0.031496 0.000000 -0.999504 1.159698 1.159698 1.159698
6163.012695 0.000000 3625.396973 0.000000 0.860420 0.000000 -0.509585 0.923880 0.923880 0.923880
6138.172852 0.000000 3599.961914 0.000000 0.806398 0.000000 0.591374 0.679941 0.679941 0.679941
6165.427246 0.000000 3580.153076 0.000000 0.845173 0.000000 0.534492 0.589390 0.589390 0.589390
6154.963867 0.000000 3605.803467 0.000000 0.372969 0.000000 -0.927844 1.035016 1.035016 1.035016
6170.378418 0.000000 3583.001953 0.000000 0.891672 0.000000 -0.452682 0.902269 0.902269 0.902269
6164.643555 0.000000 3621.817139 0.000000 0.118710 0.000000 -0.992929 1.182747 1.182747 1.182747
6127.165039 0.000000 3612.913574 0.000000 0.934956 0.000000 -0.354764 0.895610 0.895610 0.895610
6171.690918 0.000000 3605.581055 0.000000 0.663379 0.000000 0.748283 0.619319 0.619319 0.619319
6158.829590 0.000000 3595.949707 0.000000 0.902140 0.000000 -0.431443 0.986209 0.986209 0.986209
6124.346191 0.000000 3610.852051 0.000000 0.873574 0.000000 0.486692 0.658888 0.658888 0.658888
6135.769531 0.000000 3604.463135 0.000000 0.958922 0.000000 0.283669 0.731641 0.731641 0.731641
6162.563965 0.000000 3596.779297 0.000000 0.932316 0.000000 -0.361645 0.962589 0.962589 0.962589
6169.896484 0.000000 3602.611816 0.000000 0.276634 0.000000 0.960975 0.524213 0.524213 0.524213
6169.124023 0.000000 3579.293457 0.000000 0.631376 0.000000 0.775477 0.503994 0.503994 0.503994
6135.220215 0.000000 3598.176514 0.000000 0.921672 0.000000 0.387970 0.717241 0.717241 0.717241
6168.658203 0.000000 3581.098145 0.000000 0.122022 0.000000 0.992527 0.319772 0.319772 0.319772
6172.697266 0.000000 3608.901855 0.000000 0.993815 0.000000 0.111052 0.777108 0.777108 0.777108
6167.999512 0.000000 3599.802246 0.000000 0.174873 0.000000 0.984591 0.382072 0.382072 0.382072
6128.336426 0.000000 3604.946045 0.000000 0.443105 0.000000 -0.896470 1.137501 1.137501 1.137501
6160.769531 0.000000 3587.811523 0.000000 0.975664 0.000000 -0.219269 0.852541 0.852541 0.852541
6148.304199 0.000000 3599.037598 0.000000 0.560898 0.000000 0.827885 0.591568 0.591568 0.591568
6127.069336 0.000000 3607.620117 0.000000 0.992410 0.000000 -0.122976 0.842599 0.842599 0.842599
6166.078613 0.000000 3597.003906 0.000000 0.976960 0.000000 0.213424 0.727834 0.727834 0.727834
6133.734375 0.000000 3606.729492 0.000000 0.847847 0.000000 0.530242 0.662704 0.662704 0.662704
6156.420898 0.000000 3598.503418 0.000000 0.693002 0.000000 0.720936 0.568436 0.568436 0.568436
6162.083496 0.000000 3600.271484 0.000000 0.766993 0.000000 0.641656 0.610772 0.610772 0.610772
6158.445801 0.000000 3620.732666 0.000000 0.792341 0.000000 0.610078 0.640118 0.640118 0.640118
6165.489746 0.000000 3589.911865 0.000000 0.810261 0.000000 -0.586069 0.960086 0.960086 0.960086
6165.770508 0.000000 3586.578125 0.000000 0.996168 0.000000 -0.087458 0.822212 0.822212 0.822212
6162.812012 0.000000 3618.476807 0.000000 0.345389 0.000000 0.938460 0.478854 0.478854 0.478854
6163.996582 0.000000 3581.101074 0.000000 0.984479 0.000000 0.175505 0.744681 0.744681 0.744681
6162.903320 0.000000 3585.938965 0.000000 0.311719 0.000000 0.950174 0.454430 0.454430 0.454430
6159.427734 0.000000 3617.174805 0.000000 0.981531 0.000000 -0.191304 0.848825 0.848825 0.848825
6135.844238 0.000000 3608.805664 0.000000 0.894435 0.000000 0.447198 0.687030 0.687030 0.687030
6126.376953 0.000000 3604.155518 0.000000 0.881578 0.000000 -0.472039 0.952186 0.952186 0.952186
6164.308105 0.000000 3597.760254 0.000000 0.999911 0.000000 0.013374 0.794524 0.794524 0.794524
6132.008789 0.000000 3608.404053 0.000000 0.983084 0.000000 0.183157 0.752543 0.752543 0.752543
6210.253418 0.000000 3571.853516 0.000000 0.114932 0.000000 0.993373 0.797093 0.797093 0.797093
6207.596191 0.000000 3560.220215 0.000000 0.879085 0.000000 -0.476665 0.803969 0.803969 0.803969
6233.280273 0.000000 3617.451416 0.000000 0.647278 0.000000 0.762254 0.789613 0.789613 0.789613
6217.087402 0.000000 3604.608643 0.000000 0.850290 0.000000 -0.526314 0.815498 0.815498 0.815498
6227.667480 0.000000 3559.347900 0.000000 0.193720 0.000000 -0.981057 0.846714 0.846714 0.846714
6235.646484 0.000000 3564.310547 0.000000 0.667113 0.000000 -0.744956 0.825179 0.825179 0.825179
6219.415039 0.000000 3549.765381 0.000000 0.047824 0.000000 0.998856 0.745249 0.745249 0.745249
6229.527832 0.000000 3615.630615 0.000000 0.238695 0.000000 0.971095 0.733603 0.733603 0.733603
6180.816406 0.000000 3604.958252 0.000000 0.464915 0.000000 0.885355 0.732683 0.732683 0.732683
6210.634766 0.000000 3550.526611 0.000000 0.537107 0.000000 -0.843514 0.846111 0.846111 0.846111
6180.603027 0.000000 3635.661865 0.000000 0.987880 0.000000 -0.155219 0.879373 0.879373 0.879373
6181.173340 0.000000 3611.060791 0.000000 0.670860 0.000000 0.741584 0.753281 0.753281 0.753281
6213.727051 0.000000 3567.662598 0.000000 0.605971 0.000000 0.795487 0.741213 0.741213 0.741213
6218.303711 0.000000 3634.880127 0.000000 0.684229 0.000000 -0.729267 1.186842 1.186842 1.186842
6245.882324 0.000000 3608.256836 0.000000 0.570458 0.000000 0.821327 0.721083 0.721083 0.721083
6239.454102 0.000000 3564.010742 0.000000 0.388994 0.000000 -0.921240 0.881875 0.881875 0.881875
6228.530762 0.000000 3585.904785 0.000000 0.058139 0.000000 -0.998308 0.908759 0.908759 0.908759
6212.380371 0.000000 3612.341064 0.000000 0.535114 0.000000 -0.844780 0.868324 0.868324 0.868324
6183.948242 0.000000 3624.090088 0.000000 0.216838 0.000000 -0.976208 0.889123 0.889123 0.889123
6224.463867 0.000000 3558.937256 0.000000 0.608890 0.000000 -0.793255 0.873190 0.873190 0.873190
6263.382812 0.000000 3598.733643 0.000000 0.257339 0.000000 -0.966321 0.909932 0.909932 0.909932
6250.916504 0.000000 3607.333984 0.000000 0.857455 0.000000 -0.514560 0.847498 0.847498 0.847498
6214.003906 0.000000 3617.676514 0.000000 0.995822 0.000000 -0.091316 0.808766 0.808766 0.808766
6247.184082 0.000000 3602.580078 0.000000 0.890709 0.000000 0.454574 0.752876 0.752876 0.752876
6262.949707 0.000000 3606.602539 0.000000 0.052100 0.000000 0.998642 0.642276 0.642276 0.642276
6180.459961 0.000000 3627.718994 0.000000 0.502104 0.000000 0.864807 0.706101 0.706101 0.706101
6236.705566 0.000000 3586.502686 0.000000 0.204324 0.000000 -0.978903 0.955398 0.955398 0.955398
6231.409180 0.000000 3585.494629 0.000000 0.381324 0.000000 -0.924442 0.908370 0.908370 0.908370
6225.953613 0.000000 3637.188721 0.000000 0.991921 0.000000 0.126860 0.748935 0.748935 0.748935
6238.447754 0.000000 3621.742920 0.000000 0.981245 0.000000 -0.192766 0.819759 0.819759 0.819759
6239.563965 0.000000 3588.939697 0.000000 0.990413 0.000000 -0.138135 0.814946 0.814946 0.814946
6251.522949 0.000000 3585.390381 0.000000 0.100190 0.000000 -0.994968 0.958588 0.958588 0.958588
6217.335449 0.000000 3551.610107 0.000000 0.506920 0.000000 0.861993 0.700376 0.700376 0.700376
6220.022461 0.000000 3552.499512 0.000000 0.948144 0.000000 0.317841 0.769638 0.769638 0.769638
6240.217773 0.000000 3579.828613 0.000000 0.362913 0.000000 -0.931823 1.286286 1.286286 1.286286
6218.892578 0.000000 3606.764893 0.000000 0.978358 0.000000 0.206920 0.781268 0.781268 0.781268
6178.460449 0.000000 3606.361328 0.000000 0.870455 0.000000 -0.492248 0.862703 0.862703 0.862703
6217.943359 0.000000 3624.097656 0.000000 0.232260 0.000000 -0.972654 0.925448 0.925448 0.925448
6211.723633 0.000000 3636.685791 0.000000 0.896949 0.000000 -0.442133 1.006719 1.006719 1.006719
6222.948242 0.000000 3556.740723 0.000000 0.465028 0.000000 0.885296 0.693608 0.693608 0.693608
6229.930176 0.000000 3627.769043 0.000000 0.193882 0.000000 0.981025 0.640642 0.640642 0.640642
6238.032715 0.000000 3612.840576 0.000000 0.936056 0.000000 0.351850 0.761223 0.761223 0.761223
6245.243164 0.000000 3570.522705 0.000000 0.046953 0.000000 0.998897 0.608263 0.608263 0.608263
6185.377441 0.000000 3635.568115 0.000000 0.015326 0.000000 0.999883 0.101005 0.101005 0.101005
6176.453125 0.000000 3611.393555 0.000000 0.853096 0.000000 0.521754 0.724356 0.724356 0.724356
6214.426270 0.000000 3631.942627 0.000000 0.315809 0.000000 -0.948823 0.972191 0.972191 0.972191
6217.061035 0.000000 3570.399414 0.000000 0.922148 0.000000 0.386838 0.741296 0.741296 0.741296
6221.797363 0.000000 3576.578125 0.000000 0.602139 0.000000 0.798391 0.700279 0.700279 0.700279
6225.293457 0.000000 3612.498779 0.000000 0.871929 0.000000 0.489633 0.731531 0.731531 0.731531
6239.535645 0.000000 3617.698975 0.000000 0.999768 0.000000 -0.021560 0.803101 0.803101 0.803101
6230.573242 0.000000 3631.286865 0.000000 0.684732 0.000000 0.728795 0.687470 0.687470 0.687470
6181.360840 0.000000 3633.129395 0.000000 0.920642 0.000000 0.390408 0.618163 0.618163 0.618163
6253.844727 0.000000 3595.344238 0.000000 0.140916 0.000000 -0.990022 1.333861 1.333861 1.333861
6243.772461 0.000000 3620.318848 0.000000 0.976386 0.000000 0.216033 0.769122 0.769122 0.769122
6215.309082 0.000000 3552.909180 0.000000 0.177733 0.000000 -0.984079 0.994627 0.994627 0.994627
6183.114258 0.000000 3636.491455 0.000000 0.922227 0.000000 -0.386648 1.002188 1.002188 1.002188
6216.005371 0.000000 3636.506592 0.000000 0.988437 0.000000 0.151631 0.722476 0.722476 0.722476
6226.250977 0.000000 3578.626953 0.000000 0.865443 0.000000 -0.501007 0.883846 0.883846 0.883846
6186.327148 0.000000 3624.164062 0.000000 0.571044 0.000000 0.820919 0.651900 0.651900 0.651900
6218.979004 0.000000 3626.187988 0.000000 0.426956 0.000000 0.904272 0.628527 0.628527 0.628527
6224.101562 0.000000 3635.664062 0.000000 0.345219 0.000000 0.938522 0.318209 0.318209 0.318209
6261.497070 0.000000 3608.790771 0.000000 0.047454 0.000000 0.998873 0.547477 0.547477 0.547477
6216.966797 0.000000 3613.529785 0.000000 0.907389 0.000000 -0.420291 0.871039 0.871039 0.871039
6223.979492 0.000000 3610.147461 0.000000 0.995915 0.000000 -0.090296 0.814267 0.814267 0.814267
6242.759277 0.000000 3591.898926 0.000000 0.321799 0.000000 -0.946808 1.006081 1.006081 1.006081
6247.999023 0.000000 3618.780762 0.000000 0.101296 0.000000 -0.994856 1.040637 1.040637 1.040637
6241.557129 0.000000 3587.762451 0.000000 0.803547 0.000000 0.595241 0.687943 0.687943 0.687943
6243.319824 0.000000 3612.500244 0.000000 0.918728 0.000000 -0.394891 0.865673 0.865673 0.865673
6218.089355 0.000000 3621.803711 0.000000 0.376101 0.000000 -0.926579 1.001208 1.001208 1.001208
6222.207520 0.000000 3568.211914 0.000000 0.920572 0.000000 -0.390572 0.927422 0.927422 0.927422
6234.827148 0.000000 3578.540283 0.000000 0.945872 0.000000 -0.324539 0.907602 0.907602 0.907602
6186.979980 0.000000 3637.294434 0.000000 0.533881 0.000000 -0.845559 1.208526 1.208526 1.208526
6197.654297 0.000000 3630.293701 0.000000 0.568450 0.000000 0.822718 0.630188 0.630188 0.630188
6196.994629 0.000000 3632.681885 0.000000 0.881089 0.000000 0.472951 0.719319 0.719319 0.719319
6258.059570 0.000000 3608.184570 0.000000 0.370312 0.000000 -0.928907 1.009406 1.009406 1.009406
6225.436523 0.000000 3623.221436 0.000000 0.566858 0.000000 0.823815 0.608579 0.608579 0.608579
6185.640137 0.000000 3628.545410 0.000000 0.251804 0.000000 0.967778 0.376752 0.376752 0.376752
6225.516113 0.000000 3618.797607 0.000000 0.015053 0.000000 -0.999887 1.064111 1.064111 1.064111
6226.201660 0.000000 3629.063721 0.000000 0.589115 0.000000 0.808049 0.613972 0.613972 0.613972
6199.070801 0.000000 3626.529297 0.000000 0.490656 0.000000 -0.871353 0.981717 0.981717 0.981717
6246.583496 0.000000 3614.846680 0.000000 0.947889 0.000000 -0.318600 0.869294 0.869294 0.869294
6226.814941 0.000000 3625.043457 0.000000 0.225236 0.000000 0.974304 0.569218 0.569218 0.569218
6182.237305 0.000000 3628.958984 0.000000 0.111046 0.000000 -0.993815 1.222677 1.222677 1.222677
6219.132324 0.000000 3630.547363 0.000000 0.327259 0.000000 -0.944935 1.015009 1.015009 1.015009
6240.957520 0.000000 3576.702148 0.000000 0.697597 0.000000 -0.716490 1.107895 1.107895 1.107895
6244.513184 0.000000 3588.091797 0.000000 0.350393 0.000000 -0.936603 1.066449 1.066449 1.066449
6238.387695 0.000000 3575.199951 0.000000 0.986262 0.000000 -0.165189 0.854688 0.854688 0.854688
6240.401367 0.000000 3615.254395 0.000000 0.994712 0.000000 0.102708 0.781916 0.781916 0.781916
6247.673828 0.000000 3574.919189 0.000000 0.255635 0.000000 0.966773 0.600807 0.600807 0.600807
6176.568359 0.000000 3607.166748 0.000000 0.469597 0.000000 0.882881 0.616320 0.616320 0.616320
6262.619141 0.000000 3615.812012 0.000000 0.377711 0.000000 0.925923 0.528177 0.528177 0.528177
6244.809082 0.000000 3572.586914 0.000000 0.580004 0.000000 -0.814614 0.957824 0.957824 0.957824
6260.040527 0.000000 3594.434814 0.000000 0.878546 0.000000 -0.477658 0.897471 0.897471 0.897471
6245.410156 0.000000 3598.919189 0.000000 0.691436 0.000000 -0.722438 0.925768 0.925768 0.925768
6252.610352 0.000000 3616.373291 0.000000 0.995413 0.000000 0.095672 0.784116 0.784116 0.784116
6221.313477 0.000000 3610.675293 0.000000 0.984035 0.000000 0.177972 0.766766 0.766766 0.766766
6220.889160 0.000000 3613.485840 0.000000 0.719854 0.000000 -0.694126 0.963955 0.963955 0.963955
6214.792480 0.000000 3558.720459 0.000000 0.819830 0.000000 0.572607 0.679450 0.679450 0.679450
6232.543945 0.000000 3575.388184 0.000000 0.898000 0.000000 -0.439995 0.900092 0.900092 0.900092
6256.090332 0.000000 3614.426514 0.000000 0.127741 0.000000 0.991808 0.543553 0.543553 0.543553
6242.214355 0.000000 3579.433594 0.000000 0.555634 0.000000 -0.831427 1.154874 1.154874 1.154874
6248.157227 0.000000 3590.294922 0.000000 0.327354 0.000000 -0.944902 1.163262 1.163262 1.163262
6219.118164 0.000000 3565.301270 0.000000 0.345448 0.000000 -0.938438 1.077339 1.077339 1.077339
6188.705078 0.000000 3626.916504 0.000000 0.999938 0.000000 -0.011165 0.804527 0.804527 0.804527
6218.042480 0.000000 3636.965576 0.000000 0.801360 0.000000 0.598182 0.473424 0.473424 0.473424
6254.606934 0.000000 3610.696289 0.000000 0.998231 0.000000 -0.059446 0.812118 0.812118 0.812118
6251.514648 0.000000 3599.414062 0.000000 0.698275 0.000000 -0.715830 1.075662 1.075662 1.075662
6258.190430 0.000000 3595.501465 0.000000 0.818829 0.000000 0.574038 0.681547 0.681547 0.681547
6230.694336 0.000000 3572.541504 0.000000 0.325348 0.000000 0.945594 0.579688 0.579688 0.579688
6182.780762 0.000000 3631.666748 0.000000 0.313888 0.000000 0.949460 0.355077 0.355077 0.355077
6202.330078 0.000000 3633.307373 0.000000 0.995783 0.000000 -0.091742 0.829175 0.829175 0.829175
6188.601562 0.000000 3633.513184 0.000000 0.975251 0.000000 0.221103 0.737216 0.737216 0.737216
6179.088379 0.000000 3631.061279 0.000000 0.783384 0.000000 -0.621538 0.954049 0.954049 0.954049
6226.604004 0.000000 3568.225586 0.000000 0.037131 0.000000 0.999310 0.435494 0.435494 0.435494
6223.883789 0.000000 3614.016357 0.000000 0.643326 0.000000 0.765593 0.632814 0.632814 0.632814
6242.927734 0.000000 3618.502441 0.000000 0.994538 0.000000 0.104374 0.780369 0.780369 0.780369
6225.296875 0.000000 3627.299805 0.000000 0.764201 0.000000 -0.644978 0.955406 0.955406 0.955406
6223.765137 0.000000 3616.268555 0.000000 0.905872 0.000000 -0.423551 0.888225 0.888225 0.888225
6193.681641 0.000000 3630.398193 0.000000 0.977531 0.000000 -0.210790 0.854295 0.854295 0.854295
6250.035645 0.000000 3616.773682 0.000000 0.409470 0.000000 0.912323 0.591185 0.591185 0.591185
6257.481934 0.000000 3611.891357 0.000000 0.056303 0.000000 -0.998414 1.123648 1.123648 1.123648
6241.701660 0.000000 3585.242432 0.000000 0.666056 0.000000 -0.745902 1.000093 1.000093 1.000093
6229.764648 0.000000 3577.253174 0.000000 0.237938 0.000000 0.971280 0.515655 0.515655 0.515655
6234.660645 0.000000 3582.913086 0.000000 0.979377 0.000000 -0.202043 0.845915 0.845915 0.845915
6178.735840 0.000000 3635.105225 0.000000 0.421062 0.000000 0.907032 0.284886 0.284886 0.284886
6221.506348 0.000000 3637.419922 0.000000 0.991898 0.000000 0.127039 0.735124 0.735124 0.735124
6252.630371 0.000000 3593.826660 0.000000 0.997681 0.000000 0.068058 0.776874 0.776874 0.776874
6220.193359 0.000000 3634.241699 0.000000 0.999996 0.000000 0.002764 0.798670 0.798670 0.798670
6218.623047 0.000000 3632.962891 0.000000 0.045540 0.000000 -0.998963 1.244755 1.244755 1.244755
6219.895508 0.000000 3636.190674 0.000000 0.275428 0.000000 0.961322 0.142111 0.142111 0.142111
6209.325195 0.000000 3636.701660 0.000000 0.809261 0.000000 -0.587449 1.087182 1.087182 1.087182
6205.048828 0.000000 3636.745850 0.000000 0.992576 0.000000 0.121626 0.756654 0.756654 0.756654
6236.400391 0.000000 3581.650146 0.000000 0.503001 0.000000 0.864286 0.441453 0.441453 0.441453
6182.379395 0.000000 3634.741699 0.000000 0.855385 0.000000 -0.517993 1.077313 1.077313 1.077313
6219.184082 0.000000 3558.072266 0.000000 0.031850 0.000000 -0.999493 1.116584 1.116584 1.116584
6189.782227 0.000000 3636.648193 0.000000 0.461531 0.000000 0.887124 0.427367 0.427367 0.427367
6249.611328 0.000000 3613.698242 0.000000 0.795960 0.000000 0.605349 0.675333 0.675333 0.675333
6228.364746 0.000000 3575.053223 0.000000 0.983095 0.000000 0.183094 0.760650 0.760650 0.760650
6193.416504 0.000000 3634.395264 0.000000 0.353027 0.000000 0.935613 0.483420 0.483420 0.483420
6200.481445 0.000000 3630.443359 0.000000 0.993158 0.000000 0.116778 0.767039 0.767039 0.767039
6186.260254 0.000000 3630.591309 0.000000 0.387220 0.000000 -0.921988 1.172557 1.172557 1.172557
6194.009277 0.000000 3636.493896 0.000000 0.583680 0.000000 0.811984 0.595613 0.595613 0.595613
6228.339355 0.000000 3578.793701 0.000000 0.661889 0.000000 -0.749602 0.962488 0.962488 0.962488
6242.392090 0.000000 3614.937256 0.000000 0.715124 0.000000 0.698998 0.640777 0.640777 0.640777
6218.977051 0.000000 3570.719971 0.000000 0.369789 0.000000 -0.929116 1.066643 1.066643 1.066643
6258.556152 0.000000 3586.076172 0.000000 0.974436 0.000000 0.224664 0.757006 0.757006 0.757006
6223.148438 0.000000 3572.190430 0.000000 0.994503 0.000000 0.104710 0.770878 0.770878 0.770878
6222.901367 0.000000 3624.611084 0.000000 0.951971 0.000000 0.306187 0.727905 0.727905 0.727905
6226.895996 0.000000 3572.057617 0.000000 0.292937 0.000000 -0.956132 1.115392 1.115392 1.115392
6258.113281 0.000000 3589.217773 0.000000 0.942430 0.000000 -0.334403 0.882401 0.882401 0.882401
6197.697266 0.000000 3636.484863 0.000000 0.239026 0.000000 -0.971013 1.084106 1.084106 1.084106
6221.842285 0.000000 3617.120605 0.000000 0.525883 0.000000 0.850557 0.582653 0.582653 0.582653
6211.510742 0.000000 3634.839355 0.000000 0.773448 0.000000 -0.633860 1.034470 1.034470 1.034470
6242.193848 0.000000 3575.194824 0.000000 0.872949 0.000000 0.487812 0.653443 0.653443 0.653443
6245.821777 0.000000 3595.949707 0.000000 0.963144 0.000000 -0.268985 0.858744 0.858744 0.858744
6245.991699 0.000000 3578.494385 0.000000 0.282458 0.000000 -0.959280 1.169408 1.169408 1.169408
6208.936035 0.000000 3632.922607 0.000000 0.771288 0.000000 0.636486 0.640156 0.640156 0.640156
6223.483398 0.000000 3566.785400 0.000000 0.047412 0.000000 -0.998875 1.247251 1.247251 1.247251
6186.754883 0.000000 3634.264893 0.000000 0.786220 0.000000 -0.617947 1.030162 1.030162 1.030162
6241.166992 0.000000 3572.462646 0.000000 0.992362 0.000000 -0.123360 0.831617 0.831617 0.831617
6249.556152 0.000000 3596.779297 0.000000 0.863195 0.000000 0.504871 0.605511 0.605511 0.605511
6185.037598 0.000000 3632.107422 0.000000 0.945781 0.000000 -0.324805 0.916943 0.916943 0.916943
6176.986816 0.000000 3633.931152 0.000000 0.672623 0.000000 -0.739986 1.032932 1.032932 1.032932
6240.270020 0.000000 3581.750732 0.000000 0.735746 0.000000 -0.677258 1.086799 1.086799 1.086799
6190.808105 0.000000 3626.536377 0.000000 0.539414 0.000000 -0.842041 1.143888 1.143888 1.143888
6218.406250 0.000000 3568.951904 0.000000 0.592028 0.000000 -0.805917 1.028367 1.028367 1.028367
6213.522461 0.000000 3636.747070 0.000000 0.712942 0.000000 -0.701223 1.166290 1.166290 1.166290
6262.489258 0.000000 3591.529053 0.000000 0.138311 0.000000 0.990389 0.322359 0.322359 0.322359
6254.991699 0.000000 3599.802246 0.000000 0.342593 0.000000 0.939484 0.482947 0.482947 0.482947
6261.599609 0.000000 3588.071533 0.000000 0.417233 0.000000 0.908800 0.469741 0.469741 0.469741
6245.723633 0.000000 3574.416504 0.000000 0.996031 0.000000 -0.089002 0.820113 0.820113 0.820113
6244.303223 0.000000 3576.336670 0.000000 0.981774 0.000000 0.190054 0.748443 0.748443 0.748443
6221.815430 0.000000 3621.759521 0.000000 0.624502 0.000000 -0.781023 0.993334 0.993334 0.993334
6221.840332 0.000000 3633.626221 0.000000 0.839370 0.000000 0.543560 0.620950 0.620950 0.620950
6253.070801 0.000000 3597.003906 0.000000 0.717505 0.000000 0.696554 0.506044 0.506044 0.506044
6234.191406 0.000000 3576.173340 0.000000 0.999702 0.000000 0.024398 0.792690 0.792690 0.792690
6256.703613 0.000000 3592.352295 0.000000 0.538472 0.000000 0.842643 0.527785 0.527785 0.527785
6257.697754 0.000000 3597.187500 0.000000 0.780259 0.000000 -0.625457 0.949802 0.949802 0.949802
6259.789062 0.000000 3592.707520 0.000000 0.516413 0.000000 -0.856340 1.046413 1.046413 1.046413
6244.798828 0.000000 3589.939697 0.000000 0.910235 0.000000 -0.414093 0.893798 0.893798 0.893798
6249.075684 0.000000 3600.271484 0.000000 0.814491 0.000000 -0.580176 0.943397 0.943397 0.943397
6205.679199 0.000000 3634.346191 0.000000 0.136080 0.000000 0.990698 0.367442 0.367442 0.367442
6262.773926 0.000000 3613.146240 0.000000 0.859266 0.000000 0.511529 0.677741 0.677741 0.677741
6200.658691 0.000000 3632.849609 0.000000 0.518874 0.000000 -0.854851 1.074391 1.074391 1.074391
6229.422852 0.000000 3634.464355 0.000000 0.600221 0.000000 0.799835 0.531536 0.531536 0.531536
6252.481934 0.000000 3589.911865 0.000000 0.691002 0.000000 0.722852 0.614435 0.614435 0.614435
6256.642090 0.000000 3594.319580 0.000000 0.889158 0.000000 -0.457601 0.919609 0.919609 0.919609
6238.468750 0.000000 3579.972656 0.000000 0.681466 0.000000 -0.731850 1.129599 1.129599 1.129599
6203.958008 0.000000 3630.692871 0.000000 0.903294 0.000000 0.429022 0.660076 0.660076 0.660076
6200.994629 0.000000 3628.222168 0.000000 0.709714 0.000000 -0.704490 0.992034 0.992034 0.992034
6225.183594 0.000000 3566.686035 0.000000 0.108338 0.000000 -0.994114 1.176738 1.176738 1.176738
6206.613281 0.000000 3637.378906 0.000000 0.496833 0.000000 0.867846 0.327770 0.327770 0.327770
6225.264160 0.000000 3570.156494 0.000000 0.020883 0.000000 0.999782 0.326382 0.326382 0.326382
6222.714355 0.000000 3564.456299 0.000000 0.605103 0.000000 -0.796147 1.018872 1.018872 1.018872
6259.893555 0.000000 3589.450684 0.000000 0.765726 0.000000 -0.643167 0.968834 0.968834 0.968834
6220.302246 0.000000 3573.853516 0.000000 0.836394 0.000000 -0.548128 0.939038 0.939038 0.939038
6251.300293 0.000000 3597.760254 0.000000 0.919953 0.000000 0.392028 0.634261 0.634261 0.634261
6192.466797 0.000000 3631.506348 0.000000 0.767869 0.000000 -0.640606 0.977748 0.977748 0.977748
6179.181152 0.000000 3636.822998 0.000000 0.290230 0.000000 0.956957 0.330960 0.330960 0.330960
6180.039062 0.000000 3634.140869 0.000000 0.999866 0.000000 -0.016398 0.808352 0.808352 0.808352
6237.291016 0.000000 3577.345947 0.000000 0.910348 0.000000 -0.413844 0.948277 0.948277 0.948277
6240.736328 0.000000 3578.298828 0.000000 0.506253 0.000000 0.862385 0.378358 0.378358 0.378358
6142.854004 0.000000 3661.288086 0.000000 0.912040 0.000000 0.410102 0.796624 0.796624 0.796624
6151.445312 0.000000 3688.970703 0.000000 0.838891 0.000000 0.544299 0.791953 0.791953 0.791953
6137.260742 0.000000 3687.034180 0.000000 0.593209 0.000000 0.805049 0.777573 0.777573 0.777573
6122.365234 0.000000 3661.324707 0.000000 0.604163 0.000000 -0.796861 0.823941 0.823941 0.823941
6141.841309 0.000000 3637.469971 0.000000 0.605415 0.000000 0.795910 0.776100 0.776100 0.776100
6144.212891 0.000000 3657.834473 0.000000 0.965797 0.000000 -0.259300 0.817812 0.817812 0.817812
6131.270020 0.000000 3679.589111 0.000000 0.981968 0.000000 0.189049 0.788604 0.788604 0.788604
6156.610352 0.000000 3646.082031 0.000000 0.601023 0.000000 0.799232 0.733419 0.733419 0.733419
6115.832520 0.000000 3643.563965 0.000000 0.871688 0.000000 -0.490061 0.833756 0.833756 0.833756
6160.616211 0.000000 3651.391113 0.000000 0.793343 0.000000 -0.608775 0.847060 0.847060 0.847060
6157.352051 0.000000 3651.852783 0.000000 0.338067 0.000000 0.941122 0.709406 0.709406 0.709406
6117.528320 0.000000 3656.120361 0.000000 0.921336 0.000000 0.388768 0.760126 0.760126 0.760126
6140.345215 0.000000 3687.749268 0.000000 0.883931 0.000000 -0.467617 0.848592 0.848592 0.848592
6175.573730 0.000000 3659.238281 0.000000 0.081569 0.000000 0.996668 0.068356 0.068356 0.068356
6172.184082 0.000000 3662.822998 0.000000 0.570249 0.000000 -0.821472 1.198540 1.198540 1.198540
6164.770020 0.000000 3641.822998 0.000000 0.616919 0.000000 0.787027 0.722194 0.722194 0.722194
6156.954590 0.000000 3681.585938 0.000000 0.744878 0.000000 0.667201 0.738727 0.738727 0.738727
6146.354004 0.000000 3663.465576 0.000000 0.920027 0.000000 0.391855 0.755770 0.755770 0.755770
6162.267090 0.000000 3647.489746 0.000000 0.206172 0.000000 -0.978516 0.968795 0.968795 0.968795
6172.375977 0.000000 3655.255371 0.000000 0.891242 0.000000 -0.453529 1.004011 1.004011 1.004011
6170.291504 0.000000 3652.845215 0.000000 0.292813 0.000000 0.956170 0.253096 0.253096 0.253096
6137.272949 0.000000 3672.123535 0.000000 0.989052 0.000000 0.147568 0.781364 0.781364 0.781364
6158.250977 0.000000 3677.507080 0.000000 0.826325 0.000000 -0.563194 0.858547 0.858547 0.858547
6134.345703 0.000000 3640.223145 0.000000 0.344172 0.000000 -0.938907 0.970486 0.970486 0.970486
6150.729980 0.000000 3644.830811 0.000000 0.164219 0.000000 0.986424 0.603455 0.603455 0.603455
6137.139648 0.000000 3640.976807 0.000000 0.543297 0.000000 -0.839540 0.939309 0.939309 0.939309
6159.002441 0.000000 3672.705811 0.000000 0.889819 0.000000 -0.456314 0.864354 0.864354 0.864354
6146.981934 0.000000 3643.217285 0.000000 0.996125 0.000000 -0.087947 0.811080 0.811080 0.811080
6169.329102 0.000000 3659.926270 0.000000 0.882389 0.000000 -0.470520 1.012314 1.012314 1.012314
6152.225098 0.000000 3652.541016 0.000000 0.442665 0.000000 -0.896687 0.946611 0.946611 0.946611
6168.636719 0.000000 3648.534668 0.000000 0.135018 0.000000 -0.990843 1.353286 1.353286 1.353286
6114.461914 0.000000 3652.783691 0.000000 0.149538 0.000000 0.988756 0.632589 0.632589 0.632589
6151.864746 0.000000 3657.100830 0.000000 0.973347 0.000000 -0.229336 0.828653 0.828653 0.828653
6166.849609 0.000000 3655.933350 0.000000 0.303383 0.000000 -0.952869 1.228676 1.228676 1.228676
6147.834473 0.000000 3681.258057 0.000000 0.647468 0.000000 0.762092 0.500592 0.500592 0.500592
6139.258789 0.000000 3685.611328 0.000000 0.117173 0.000000 0.993111 0.602617 0.602617 0.602617
6145.141602 0.000000 3653.750244 0.000000 0.711031 0.000000 -0.703161 0.926159 0.926159 0.926159
6166.994141 0.000000 3660.733154 0.000000 0.998743 0.000000 -0.050132 0.819032 0.819032 0.819032
6141.752441 0.000000 3652.270996 0.000000 0.550257 0.000000 0.834995 0.653960 0.653960 0.653960
6148.896484 0.000000 3661.163818 0.000000 0.828963 0.000000 -0.559304 0.877054 0.877054 0.877054
6145.440430 0.000000 3686.923828 0.000000 0.305038 0.000000 -0.952340 0.963680 0.963680 0.963680
6168.965820 0.000000 3664.999023 0.000000 0.760860 0.000000 -0.648916 1.060918 1.060918 1.060918
6150.493164 0.000000 3669.669678 0.000000 0.627729 0.000000 -0.778432 0.922949 0.922949 0.922949
6158.505371 0.000000 3670.396973 0.000000 0.363100 0.000000 -0.931750 0.986818 0.986818 0.986818
6171.041992 0.000000 3657.164551 0.000000 0.944060 0.000000 0.329772 0.643611 0.643611 0.643611
6161.061035 0.000000 3668.694580 0.000000 0.728404 0.000000 0.685148 0.673368 0.673368 0.673368
6153.111328 0.000000 3648.305908 0.000000 0.333753 0.000000 -0.942661 1.016271 1.016271 1.016271
6135.215332 0.000000 3675.196289 0.000000 0.154029 0.000000 -0.988066 0.995159 0.995159 0.995159
6152.170410 0.000000 3679.170654 0.000000 0.781841 0.000000 0.623478 0.668238 0.668238 0.668238
6121.480469 0.000000 3656.696533 0.000000 0.927280 0.000000 -0.374368 0.852113 0.852113 0.852113
6148.620117 0.000000 3665.657471 0.000000 0.551042 0.000000 -0.834478 0.957731 0.957731 0.957731
6147.834961 0.000000 3685.524658 0.000000 0.891362 0.000000 -0.453291 0.893961 0.893961 0.893961
6153.925293 0.000000 3651.073242 0.000000 0.437766 0.000000 -0.899089 0.985279 0.985279 0.985279
6128.599609 0.000000 3649.471191 0.000000 0.294890 0.000000 -0.955531 1.028546 1.028546 1.028546
6139.667480 0.000000 3644.261230 0.000000 0.999790 0.000000 0.020486 0.793658 0.793658 0.793658
6173.318359 0.000000 3664.802002 0.000000 0.759872 0.000000 0.650072 0.568202 0.568202 0.568202
6124.993652 0.000000 3647.823242 0.000000 0.081652 0.000000 -0.996661 1.293683 1.293683 1.293683
6175.649414 0.000000 3641.103271 0.000000 0.102814 0.000000 -0.994701 1.307158 1.307158 1.307158
6173.531250 0.000000 3658.023926 0.000000 0.904124 0.000000 0.427270 0.589268 0.589268 0.589268
6137.213379 0.000000 3681.450684 0.000000 0.704512 0.000000 -0.709692 0.954442 0.954442 0.954442
6117.387695 0.000000 3645.082520 0.000000 0.421341 0.000000 -0.906902 1.020055 1.020055 1.020055
6121.432129 0.000000 3649.583740 0.000000 0.876156 0.000000 -0.482028 0.980818 0.980818 0.980818
6173.102539 0.000000 3650.294189 0.000000 0.819530 0.000000 0.573036 0.587941 0.587941 0.587941
6150.287109 0.000000 3651.597412 0.000000 0.902799 0.000000 0.430062 0.712098 0.712098 0.712098
6118.079590 0.000000 3642.994141 0.000000 0.940814 0.000000 0.338924 0.731631 0.731631 0.731631
6173.526367 0.000000 3660.575195 0.000000 0.995138 0.000000 -0.098494 0.846106 0.846106 0.846106
6124.478516 0.000000 3641.272217 0.000000 0.990881 0.000000 -0.134740 0.820245 0.820245 0.820245
6174.106934 0.000000 3637.635498 0.000000 0.775544 0.000000 0.631293 0.684013 0.684013 0.684013
6151.395508 0.000000 3682.184326 0.000000 0.912334 0.000000 0.409448 0.727542 0.727542 0.727542
6162.674316 0.000000 3660.235840 0.000000 0.521068 0.000000 0.853515 0.616169 0.616169 0.616169
6146.767090 0.000000 3652.425293 0.000000 0.400269 0.000000 0.916398 0.605559 0.605559 0.605559
6171.524902 0.000000 3647.363281 0.000000 0.680744 0.000000 0.732521 0.527467 0.527467 0.527467
6153.604004 0.000000 3665.837646 0.000000 0.303993 0.000000 -0.952674 1.069677 1.069677 1.069677
6145.551758 0.000000 3682.372559 0.000000 0.926692 0.000000 0.375822 0.678419 0.678419 0.678419
6157.682129 0.000000 3674.454590 0.000000 0.744687 0.000000 0.667414 0.683245 0.683245 0.683245
6167.033203 0.000000 3665.878906 0.000000 0.158929 0.000000 0.987290 0.329313 0.329313 0.329313
6157.019531 0.000000 3669.039307 0.000000 0.987156 0.000000 -0.159759 0.833327 0.833327 0.833327
6164.366211 0.000000 3665.338379 0.000000 0.684940 0.000000 0.728599 0.578280 0.578280 0.578280
6118.539062 0.000000 3646.918701 0.000000 0.905757 0.000000 -0.423798 0.938101 0.938101 0.938101
6169.030273 0.000000 3657.435303 0.000000 0.741167 0.000000 -0.671321 1.113099 1.113099 1.113099
6145.919434 0.000000 3678.195068 0.000000 0.331949 0.000000 -0.943297 1.284906 1.284906 1.284906
6143.702148 0.000000 3679.525879 0.000000 0.529102 0.000000 -0.848558 1.196647 1.196647 1.196647
6123.634766 0.000000 3644.110352 0.000000 0.640605 0.000000 0.767871 0.511481 0.511481 0.511481
6170.749023 0.000000 3661.300049 0.000000 0.700213 0.000000 -0.713934 1.177945 1.177945 1.177945
6130.660645 0.000000 3643.576172 0.000000 0.320255 0.000000 0.947331 0.553870 0.553870 0.553870
6150.932617 0.000000 3675.000000 0.000000 0.744251 0.000000 0.667900 0.639318 0.639318 0.639318
6150.516602 0.000000 3666.492432 0.000000 0.924932 0.000000 -0.380132 0.866198 0.866198 0.866198
6139.611816 0.000000 3675.209961 0.000000 0.720181 0.000000 0.693786 0.633083 0.633083 0.633083
6122.594238 0.000000 3647.964600 0.000000 0.150983 0.000000 0.988536 0.269940 0.269940 0.269940
6155.508301 0.000000 3663.762939 0.000000 0.147010 0.000000 -0.989135 1.064359 1.064359 1.064359
6168.537598 0.000000 3669.290039 0.000000 0.796195 0.000000 0.605040 0.678003 0.678003 0.678003
6127.359863 0.000000 3645.055176 0.000000 0.443491 0.000000 -0.896279 1.097419 1.097419 1.097419
6171.086426 0.000000 3644.587891 0.000000 0.433646 0.000000 -0.901084 1.138455 1.138455 1.138455
6161.961914 0.000000 3662.087158 0.000000 0.829031 0.000000 0.559203 0.696887 0.696887 0.696887
6120.020996 0.000000 3642.696289 0.000000 0.803570 0.000000 -0.595211 0.950249 0.950249 0.950249
6166.068359 0.000000 3645.807129 0.000000 0.735483 0.000000 0.677543 0.618613 0.618613 0.618613
6142.772461 0.000000 3684.237549 0.000000 0.013510 0.000000 0.999909 0.454760 0.454760 0.454760
6173.363281 0.000000 3642.682129 0.000000 0.996265 0.000000 0.086343 0.768748 0.768748 0.768748
6160.479980 0.000000 3665.308838 0.000000 0.877785 0.000000 0.479055 0.703216 0.703216 0.703216
6141.372559 0.000000 3682.037598 0.000000 0.345895 0.000000 0.938273 0.478996 0.478996 0.478996
6157.275879 0.000000 3666.910889 0.000000 0.823535 0.000000 0.567265 0.673507 0.673507 0.673507
6141.347168 0.000000 3685.778076 0.000000 0.915310 0.000000 0.402750 0.722178 0.722178 0.722178
6143.632324 0.000000 3644.139648 0.000000 0.556510 0.000000 -0.830841 1.083986 1.083986 1.083986
6170.477051 0.000000 3663.921387 0.000000 0.822769 0.000000 0.568375 0.531959 0.531959 0.531959
6148.767090 0.000000 3676.456787 0.000000 0.877277 0.000000 -0.479985 0.935985 0.935985 0.935985
6145.583984 0.000000 3647.111328 0.000000 0.957914 0.000000 0.287054 0.718009 0.718009 0.718009
6143.269043 0.000000 3645.972900 0.000000 0.718449 0.000000 -0.695580 1.022768 1.022768 1.022768
6136.156250 0.000000 3679.174805 0.000000 0.091552 0.000000 0.995800 0.457319 0.457319 0.457319
6155.793457 0.000000 3673.537842 0.000000 0.731967 0.000000 0.681340 0.639809 0.639809 0.639809
6139.903809 0.000000 3679.041992 0.000000 0.996653 0.000000 0.081744 0.775483 0.775483 0.775483
6144.333984 0.000000 3649.607422 0.000000 0.268298 0.000000 0.963336 0.454898 0.454898 0.454898
6172.470703 0.000000 3667.190918 0.000000 0.996338 0.000000 0.085497 0.781194 0.781194 0.781194
6117.701172 0.000000 3651.347656 0.000000 0.414713 0.000000 -0.909952 1.048867 1.048867 1.048867
6171.310059 0.000000 3651.238281 0.000000 0.998823 0.000000 0.048511 0.780421 0.780421 0.780421
6167.898438 0.000000 3645.887939 0.000000 0.171990 0.000000 -0.985099 1.140628 1.140628 1.140628
6121.014648 0.000000 3645.659180 0.000000 0.766621 0.000000 -0.642099 1.017237 1.017237 1.017237
6140.445801 0.000000 3645.964111 0.000000 0.993661 0.000000 -0.112415 0.834649 0.834649 0.834649
6142.111328 0.000000 3677.517578 0.000000 0.499421 0.000000 -0.866359 1.147411 1.147411 1.147411
6133.506836 0.000000 3645.210693 0.000000 0.885363 0.000000 0.464900 0.696669 0.696669 0.696669
6166.547363 0.000000 3642.505127 0.000000 0.801824 0.000000 -0.597560 0.968847 0.968847 0.968847
6169.704102 0.000000 3641.818359 0.000000 0.404309 0.000000 0.914622 0.511755 0.511755 0.511755
6147.253418 0.000000 3674.585449 0.000000 0.966408 0.000000 0.257012 0.742375 0.742375 0.742375
6146.148926 0.000000 3650.706299 0.000000 0.282287 0.000000 -0.959330 1.071963 1.071963 1.071963
6147.199219 0.000000 3683.157715 0.000000 0.712268 0.000000 0.701908 0.579332 0.579332 0.579332
6127.121582 0.000000 3642.641846 0.000000 0.700278 0.000000 0.713871 0.628515 0.628515 0.628515
6174.058105 0.000000 3654.773682 0.000000 0.991810 0.000000 -0.127725 0.851926 0.851926 0.851926
6164.714355 0.000000 3662.976807 0.000000 0.936037 0.000000 0.351903 0.698732 0.698732 0.698732
6135.869629 0.000000 3644.444824 0.000000 0.313223 0.000000 0.949680 0.517391 0.517391 0.517391
6129.109375 0.000000 3647.782227 0.000000 0.519705 0.000000 -0.854346 1.027079 1.027079 1.027079
6126.497070 0.000000 3648.890137 0.000000 0.907454 0.000000 -0.420152 0.903923 0.903923 0.903923
6169.656250 0.000000 3650.503906 0.000000 0.438929 0.000000 0.898522 0.345142 0.345142 0.345142
6175.952148 0.000000 3647.770996 0.000000 0.999797 0.000000 -0.020142 0.804948 0.804948 0.804948
6120.620117 0.000000 3651.494141 0.000000 0.897700 0.000000 0.440608 0.651460 0.651460 0.651460
6123.616699 0.000000 3653.180908 0.000000 0.998526 0.000000 -0.054283 0.814860 0.814860 0.814860
6150.522461 0.000000 3678.792236 0.000000 0.356440 0.000000 0.934318 0.491603 0.491603 0.491603
6118.930176 0.000000 3648.611084 0.000000 0.722299 0.000000 -0.691581 1.042514 1.042514 1.042514
6167.175781 0.000000 3662.488770 0.000000 0.836593 0.000000 -0.547826 1.017690 1.017690 1.017690
6138.271973 0.000000 3677.140869 0.000000 0.406997 0.000000 0.913430 0.475688 0.475688 0.475688
6172.559570 0.000000 3648.648193 0.000000 0.990447 0.000000 0.137891 0.755242 0.755242 0.755242
6171.805176 0.000000 3653.653809 0.000000 0.230035 0.000000 -0.973182 1.374839 1.374839 1.374839
6142.555176 0.000000 3680.725830 0.000000 0.191902 0.000000 -0.981414 1.322802 1.322802 1.322802
6170.301758 0.000000 3658.630859 0.000000 0.941489 0.000000 0.337045 0.633842 0.633842 0.633842
6136.739746 0.000000 3645.800537 0.000000 0.971802 0.000000 0.235800 0.736293 0.736293 0.736293
6138.224609 0.000000 3642.253418 0.000000 0.821774 0.000000 -0.569814 0.951361 0.951361 0.951361
6168.661133 0.000000 3652.486084 0.000000 0.867395 0.000000 -0.497620 1.014295 1.014295 1.014295
6173.793945 0.000000 3644.414551 0.000000 0.111298 0.000000 -0.993787 1.266321 1.266321 1.266321
6210.742188 0.000000 3649.697510 0.000000 0.970668 0.000000 0.240425 0.798545 0.798545 0.798545
6216.674805 0.000000 3651.737305 0.000000 0.997406 0.000000 0.071985 0.798273 0.798273 0.798273
6190.722656 0.000000 3649.690674 0.000000 0.726854 0.000000 -0.686792 0.819657 0.819657 0.819657
6183.822266 0.000000 3637.473145 0.000000 0.304944 0.000000 0.952370 0.157820 0.157820 0.157820
6212.241211 0.000000 3639.315430 0.000000 0.932963 0.000000 0.359971 0.634522 0.634522 0.634522
6210.026855 0.000000 3646.032471 0.000000 0.030606 0.000000 0.999532 0.720021 0.720021 0.720021
6219.680176 0.000000 3638.187988 0.000000 0.501224 0.000000 0.865317 0.282008 0.282008 0.282008
6180.195312 0.000000 3675.321777 0.000000 0.874322 0.000000 0.485347 0.771661 0.771661 0.771661
6179.054688 0.000000 3658.010498 0.000000 0.792804 0.000000 0.609477 0.480606 0.480606 0.480606
6222.078125 0.000000 3646.084961 0.000000 0.180650 0.000000 0.983548 0.689022 0.689022 0.689022
6176.626953 0.000000 3669.220459 0.000000 0.698913 0.000000 0.715207 0.729968 0.729968 0.729968
6192.183594 0.000000 3674.638428 0.000000 0.474769 0.000000 0.880110 0.344366 0.344366 0.344366
6190.106445 0.000000 3670.411621 0.000000 0.525004 0.000000 -0.851100 1.220902 1.220902 1.220902
6217.668945 0.000000 3648.731934 0.000000 0.061663 0.000000 0.998097 0.670397 0.670397 0.670397
6191.398438 0.000000 3683.193115 0.000000 0.913745 0.000000 0.406289 0.764068 0.764068 0.764068
6176.453125 0.000000 3659.043945 0.000000 0.856093 0.000000 -0.516821 1.071192 1.071192 1.071192
6176.471680 0.000000 3663.225342 0.000000 0.290087 0.000000 -0.957000 1.335381 1.335381 1.335381
6214.641602 0.000000 3640.972900 0.000000 0.165429 0.000000 0.986222 0.241740 0.241740 0.241740
6224.524902 0.000000 3643.814941 0.000000 0.588038 0.000000 0.808833 0.670161 0.670161 0.670161
6196.472656 0.000000 3677.015625 0.000000 0.877763 0.000000 0.479095 0.607412 0.607412 0.607412
6178.713867 0.000000 3637.469238 0.000000 0.999314 0.000000 0.037038 0.786386 0.786386 0.786386
6199.435547 0.000000 3675.307861 0.000000 0.572408 0.000000 -0.819969 1.184012 1.184012 1.184012
6207.809570 0.000000 3677.542236 0.000000 0.441434 0.000000 0.897294 0.630967 0.630967 0.630967
6189.565430 0.000000 3652.090332 0.000000 0.614964 0.000000 -0.788555 0.910679 0.910679 0.910679
6182.754883 0.000000 3661.633545 0.000000 0.829978 0.000000 0.557796 0.541181 0.541181 0.541181
6181.259766 0.000000 3637.525391 0.000000 0.881032 0.000000 0.473057 0.561835 0.561835 0.561835
6178.751953 0.000000 3651.325439 0.000000 0.671878 0.000000 0.740662 0.668401 0.668401 0.668401
6203.446777 0.000000 3641.169189 0.000000 0.992449 0.000000 0.122660 0.780352 0.780352 0.780352
6205.340820 0.000000 3681.917480 0.000000 0.998264 0.000000 -0.058900 0.807886 0.807886 0.807886
6183.846680 0.000000 3657.412109 0.000000 0.115237 0.000000 -0.993338 1.328999 1.328999 1.328999
6180.630371 0.000000 3656.137451 0.000000 0.938558 0.000000 0.345120 0.659248 0.659248 0.659248
6192.233887 0.000000 3669.241455 0.000000 0.510491 0.000000 -0.859883 1.190705 1.190705 1.190705
6190.393555 0.000000 3672.838135 0.000000 0.995723 0.000000 -0.092391 0.839361 0.839361 0.839361
6206.788574 0.000000 3672.681396 0.000000 0.917094 0.000000 -0.398671 0.849140 0.849140 0.849140
6182.256836 0.000000 3652.731689 0.000000 0.993595 0.000000 -0.112996 0.815153 0.815153 0.815153
6201.706543 0.000000 3683.095947 0.000000 0.576166 0.000000 0.817333 0.670059 0.670059 0.670059
6184.584961 0.000000 3659.676514 0.000000 0.734398 0.000000 -0.678720 1.072665 1.072665 1.072665
6219.704102 0.000000 3643.590820 0.000000 0.979392 0.000000 0.201970 0.729325 0.729325 0.729325
6206.229492 0.000000 3638.668213 0.000000 0.998197 0.000000 0.060029 0.775767 0.775767 0.775767
6213.732910 0.000000 3637.483398 0.000000 0.811072 0.000000 0.584946 0.505495 0.505495 0.505495
6219.928711 0.000000 3647.019043 0.000000 0.546155 0.000000 0.837684 0.637368 0.637368 0.637368
6200.210449 0.000000 3667.016357 0.000000 0.876921 0.000000 0.480635 0.733909 0.733909 0.733909
6210.674316 0.000000 3637.495361 0.000000 0.750042 0.000000 -0.661390 1.126196 1.126196 1.126196
6192.783203 0.000000 3657.531250 0.000000 0.979462 0.000000 -0.201628 0.835682 0.835682 0.835682
6195.465820 0.000000 3668.129395 0.000000 0.999758 0.000000 -0.021990 0.807774 0.807774 0.807774
6216.138672 0.000000 3646.060791 0.000000 0.907986 0.000000 0.419001 0.724876 0.724876 0.724876
6194.355469 0.000000 3673.297852 0.000000 0.006116 0.000000 -0.999981 1.490634 1.490634 1.490634
6204.555664 0.000000 3679.023193 0.000000 0.974559 0.000000 0.224133 0.758012 0.758012 0.758012
6195.333984 0.000000 3657.943848 0.000000 0.996996 0.000000 -0.077456 0.810840 0.810840 0.810840
6178.312988 0.000000 3644.595215 0.000000 0.727262 0.000000 -0.686360 0.925401 0.925401 0.925401
6210.124512 0.000000 3639.637451 0.000000 0.891855 0.000000 0.452322 0.608762 0.608762 0.608762
6196.655273 0.000000 3640.403076 0.000000 0.462333 0.000000 0.886707 0.645409 0.645409 0.645409
6201.658691 0.000000 3676.098145 0.000000 0.223122 0.000000 -0.974791 1.267685 1.267685 1.267685
6188.319824 0.000000 3674.745117 0.000000 0.834610 0.000000 0.550841 0.604258 0.604258 0.604258
6180.667969 0.000000 3660.819092 0.000000 0.819017 0.000000 0.573769 0.510738 0.510738 0.510738
6186.726562 0.000000 3660.303467 0.000000 0.427473 0.000000 0.904028 0.450462 0.450462 0.450462
6181.797852 0.000000 3665.860840 0.000000 0.938435 0.000000 0.345455 0.680240 0.680240 0.680240
6195.315918 0.000000 3643.605225 0.000000 0.854334 0.000000 0.519724 0.686479 0.686479 0.686479
6191.726562 0.000000 3676.776367 0.000000 0.559242 0.000000 0.829005 0.497447 0.497447 0.497447
6187.453613 0.000000 3676.663574 0.000000 0.999946 0.000000 -0.010362 0.802235 0.802235 0.802235
6198.383301 0.000000 3673.334717 0.000000 0.628834 0.000000 -0.777540 1.136236 1.136236 1.136236
6198.312988 0.000000 3679.867432 0.000000 0.151333 0.000000 0.988483 0.357921 0.357921 0.357921
6194.798340 0.000000 3675.597168 0.000000 0.045559 0.000000 0.998962 0.145060 0.145060 0.145060
6217.916504 0.000000 3639.537354 0.000000 0.822409 0.000000 0.568897 0.491793 0.491793 0.491793
6190.424316 0.000000 3655.257324 0.000000 0.945233 0.000000 -0.326395 0.856445 0.856445 0.856445
6196.186035 0.000000 3638.153809 0.000000 0.153510 0.000000 0.988147 0.539691 0.539691 0.539691
6191.131836 0.000000 3667.400391 0.000000 0.993950 0.000000 0.109829 0.764393 0.764393 0.764393
6192.693848 0.000000 3661.407715 0.000000 0.420116 0.000000 -0.907470 1.049844 1.049844 1.049844
6217.652832 0.000000 3643.576172 0.000000 0.853402 0.000000 -0.521254 0.998218 0.998218 0.998218
6194.144531 0.000000 3669.821533 0.000000 0.505648 0.000000 -0.862740 1.167886 1.167886 1.167886
6178.585449 0.000000 3655.730469 0.000000 0.465072 0.000000 -0.885273 1.132187 1.132187 1.132187
6214.352051 0.000000 3645.055176 0.000000 0.396797 0.000000 0.917906 0.518998 0.518998 0.518998
6202.708496 0.000000 3639.348389 0.000000 0.015878 0.000000 0.999874 0.436652 0.436652 0.436652
6194.285645 0.000000 3679.462891 0.000000 0.687085 0.000000 0.726577 0.564461 0.564461 0.564461
6196.769043 0.000000 3672.241943 0.000000 0.939561 0.000000 -0.342383 0.942379 0.942379 0.942379
6216.535156 0.000000 3641.777100 0.000000 0.524380 0.000000 0.851484 0.356412 0.356412 0.356412
6188.624023 0.000000 3657.737793 0.000000 0.052488 0.000000 0.998622 0.430050 0.430050 0.430050
6179.711914 0.000000 3662.670898 0.000000 0.153767 0.000000 0.988107 0.194611 0.194611 0.194611
6176.513184 0.000000 3661.024902 0.000000 0.997429 0.000000 -0.071668 0.834383 0.834383 0.834383
6192.891602 0.000000 3640.614502 0.000000 0.915298 0.000000 0.402777 0.697334 0.697334 0.697334
6227.913086 0.000000 3639.184814 0.000000 0.947205 0.000000 -0.320630 0.861929 0.861929 0.861929
6217.711914 0.000000 3637.549805 0.000000 0.948955 0.000000 0.315412 0.636571 0.636571 0.636571
6220.366699 0.000000 3641.893799 0.000000 0.488306 0.000000 0.872672 0.418694 0.418694 0.418694
6197.986816 0.000000 3670.173096 0.000000 0.687243 0.000000 -0.726428 1.113427 1.113427 1.113427
6190.166016 0.000000 3674.746338 0.000000 0.792980 0.000000 -0.609247 1.059066 1.059066 1.059066
6185.062012 0.000000 3666.239014 0.000000 0.852577 0.000000 0.522602 0.660518 0.660518 0.660518
6203.499512 0.000000 3672.892822 0.000000 0.777443 0.000000 -0.628953 0.967100 0.967100 0.967100
6220.499023 0.000000 3645.210693 0.000000 0.642994 0.000000 0.765871 0.617050 0.617050 0.617050
6200.196289 0.000000 3673.214844 0.000000 0.268183 0.000000 -0.963368 1.225579 1.225579 1.225579
6204.522461 0.000000 3639.626953 0.000000 0.784683 0.000000 -0.619897 1.005648 1.005648 1.005648
6181.567383 0.000000 3639.288330 0.000000 0.985682 0.000000 -0.168615 0.850419 0.850419 0.850419
6180.840820 0.000000 3657.979248 0.000000 0.995358 0.000000 0.096241 0.761497 0.761497 0.761497
6214.496094 0.000000 3639.189941 0.000000 0.280188 0.000000 0.959945 0.157485 0.157485 0.157485
6194.836914 0.000000 3671.546631 0.000000 0.710785 0.000000 0.703409 0.472776 0.472776 0.472776
6203.304688 0.000000 3675.232666 0.000000 0.709475 0.000000 -0.704730 1.020232 1.020232 1.020232
6181.725098 0.000000 3667.765869 0.000000 0.953679 0.000000 -0.300827 0.868351 0.868351 0.868351
6214.113770 0.000000 3642.641846 0.000000 0.203568 0.000000 0.979061 0.366277 0.366277 0.366277
6219.605469 0.000000 3639.990967 0.000000 0.999966 0.000000 -0.008300 0.804111 0.804111 0.804111
6197.702148 0.000000 3675.543457 0.000000 0.282288 0.000000 0.959330 0.266337 0.266337 0.266337
6186.790527 0.000000 3640.793457 0.000000 0.307524 0.000000 -0.951540 1.124169 1.124169 1.124169
6189.437012 0.000000 3661.675293 0.000000 0.250420 0.000000 -0.968137 1.144756 1.144756 1.144756
6187.466309 0.000000 3666.755371 0.000000 0.892534 0.000000 -0.450980 0.934559 0.934559 0.934559
6186.208984 0.000000 3663.463623 0.000000 0.938111 0.000000 0.346334 0.697580 0.697580 0.697580
6182.231934 0.000000 3656.773682 0.000000 0.991871 0.000000 0.127244 0.753621 0.753621 0.753621
6202.778809 0.000000 3679.320557 0.000000 0.990040 0.000000 0.140784 0.766428 0.766428 0.766428
6177.344238 0.000000 3657.447266 0.000000 0.717254 0.000000 -0.696812 1.140286 1.140286 1.140286
6186.332520 0.000000 3671.277832 0.000000 0.821885 0.000000 0.569654 0.607531 0.607531 0.607531
6176.595215 0.000000 3644.732178 0.000000 0.756755 0.000000 0.653698 0.629245 0.629245 0.629245
6181.206055 0.000000 3654.174805 0.000000 0.023002 0.000000 -0.999735 1.223509 1.223509 1.223509
6197.316895 0.000000 3678.515137 0.000000 0.098119 0.000000 0.995175 0.332386 0.332386 0.332386
6178.251465 0.000000 3659.495117 0.000000 0.311890 0.000000 -0.950118 1.410920 1.410920 1.410920
6190.087891 0.000000 3663.975098 0.000000 0.910845 0.000000 0.412749 0.685282 0.685282 0.685282
6196.953125 0.000000 3668.846924 0.000000 0.999123 0.000000 -0.041864 0.812880 0.812880 0.812880
6189.139648 0.000000 3671.775391 0.000000 0.668884 0.000000 0.743367 0.471922 0.471922 0.471922
6177.615723 0.000000 3654.390381 0.000000 0.392278 0.000000 -0.919847 1.215123 1.215123 1.215123
6188.292969 0.000000 3638.981445 0.000000 0.757871 0.000000 0.652405 0.543063 0.543063 0.543063
6221.528320 0.000000 3638.591064 0.000000 0.999168 0.000000 0.040796 0.782721 0.782721 0.782721
6225.097168 0.000000 3637.482910 0.000000 0.023188 0.000000 0.999731 0.178721 0.178721 0.178721
6192.185547 0.000000 3672.998291 0.000000 0.299515 0.000000 0.954092 0.245990 0.245990 0.245990
6185.395020 0.000000 3637.956055 0.000000 0.904621 0.000000 0.426218 0.602135 0.602135 0.602135
6216.083984 0.000000 3640.231689 0.000000 0.449834 0.000000 -0.893112 1.280774 1.280774 1.280774
6226.924316 0.000000 3637.629395 0.000000 0.527447 0.000000 -0.849588 1.118334 1.118334 1.118334
6200.233398 0.000000 3676.855713 0.000000 0.368672 0.000000 0.929560 0.385334 0.385334 0.385334
6191.962402 0.000000 3663.949463 0.000000 0.539439 0.000000 0.842024 0.530096 0.530096 0.530096
6195.408691 0.000000 3678.279297 0.000000 0.604419 0.000000 -0.796667 1.066941 1.066941 1.066941
6191.363281 0.000000 3671.430176 0.000000 0.887536 0.000000 -0.460739 0.997961 0.997961 0.997961
6286.400879 0.000000 3612.886230 0.000000 0.877006 0.000000 -0.480480 0.807007 0.807007 0.807007
6270.703613 0.000000 3627.364746 0.000000 0.732447 0.000000 -0.680824 0.814957 0.814957 0.814957
6278.356445 0.000000 3600.684082 0.000000 0.887703 0.000000 0.460416 0.770376 0.770376 0.770376
6270.940430 0.000000 3624.090088 0.000000 0.275820 0.000000 -0.961209 0.885112 0.885112 0.885112
6264.617676 0.000000 3622.081299 0.000000 0.661095 0.000000 -0.750302 0.881345 0.881345 0.881345
6265.452637 0.000000 3606.361328 0.000000 0.646784 0.000000 -0.762673 0.886624 0.886624 0.886624
6283.736328 0.000000 3612.069824 0.000000 0.806792 0.000000 -0.590836 0.864385 0.864385 0.864385
6267.487793 0.000000 3608.115479 0.000000 0.114995 0.000000 -0.993366 0.954075 0.954075 0.954075
6267.434082 0.000000 3602.314209 0.000000 0.981764 0.000000 0.190106 0.775551 0.775551 0.775551
6264.218750 0.000000 3598.126465 0.000000 0.759366 0.000000 -0.650663 0.886312 0.886312 0.886312
6270.863770 0.000000 3611.823975 0.000000 0.849205 0.000000 -0.528064 0.862222 0.862222 0.862222
6275.454102 0.000000 3620.014893 0.000000 0.870456 0.000000 -0.492247 0.869898 0.869898 0.869898
6274.788574 0.000000 3605.915283 0.000000 0.746050 0.000000 0.665890 0.695214 0.695214 0.695214
6274.244629 0.000000 3596.282227 0.000000 0.866624 0.000000 -0.498962 0.867818 0.867818 0.867818
6281.268066 0.000000 3616.717285 0.000000 0.945187 0.000000 0.326531 0.758146 0.758146 0.758146
6271.117188 0.000000 3620.505371 0.000000 0.853596 0.000000 0.520936 0.711355 0.711355 0.711355
6279.490234 0.000000 3609.235352 0.000000 0.854681 0.000000 -0.519154 0.865413 0.865413 0.865413
6279.373535 0.000000 3618.838135 0.000000 0.565762 0.000000 -0.824568 0.925853 0.925853 0.925853
6275.823242 0.000000 3611.666748 0.000000 0.291212 0.000000 -0.956659 1.008861 1.008861 1.008861
6274.189453 0.000000 3599.079834 0.000000 0.957184 0.000000 -0.289482 0.842232 0.842232 0.842232
6266.227539 0.000000 3620.547119 0.000000 0.094248 0.000000 0.995549 0.561152 0.561152 0.561152
6263.470703 0.000000 3589.729980 0.000000 0.979783 0.000000 -0.200065 0.866780 0.866780 0.866780
6274.796387 0.000000 3603.585938 0.000000 0.646302 0.000000 -0.763082 0.933498 0.933498 0.933498
6272.952148 0.000000 3592.874512 0.000000 0.501291 0.000000 0.865279 0.655892 0.655892 0.655892
6265.824707 0.000000 3611.090820 0.000000 0.012473 0.000000 0.999922 0.535451 0.535451 0.535451
6277.130371 0.000000 3618.567383 0.000000 0.990772 0.000000 -0.135536 0.821180 0.821180 0.821180
6266.400391 0.000000 3597.273193 0.000000 0.919023 0.000000 -0.394204 0.881738 0.881738 0.881738
6265.647461 0.000000 3593.477295 0.000000 0.987552 0.000000 -0.157296 0.849844 0.849844 0.849844
6265.859863 0.000000 3590.796387 0.000000 0.968462 0.000000 -0.249163 0.887511 0.887511 0.887511
6271.006836 0.000000 3605.972168 0.000000 0.801241 0.000000 -0.598342 0.902487 0.902487 0.902487
6267.853516 0.000000 3584.581543 0.000000 0.754439 0.000000 0.656370 0.684169 0.684169 0.684169
6270.541016 0.000000 3596.107666 0.000000 0.837338 0.000000 -0.546686 0.923607 0.923607 0.923607
6272.107422 0.000000 3599.900879 0.000000 0.155513 0.000000 0.987834 0.531588 0.531588 0.531588
6270.288574 0.000000 3598.573730 0.000000 0.978247 0.000000 0.207442 0.755344 0.755344 0.755344
6263.567871 0.000000 3594.101074 0.000000 0.699291 0.000000 -0.714837 0.976555 0.976555 0.976555
6274.194824 0.000000 3613.231934 0.000000 0.978850 0.000000 0.204579 0.760908 0.760908 0.760908
6271.345215 0.000000 3616.082031 0.000000 0.752836 0.000000 -0.658209 0.953533 0.953533 0.953533
6273.134766 0.000000 3617.039307 0.000000 0.734910 0.000000 -0.678165 0.959266 0.959266 0.959266
6276.568359 0.000000 3616.041992 0.000000 0.818798 0.000000 -0.574082 0.920906 0.920906 0.920906
6269.453125 0.000000 3619.314453 0.000000 0.421368 0.000000 -0.906890 1.038198 1.038198 1.038198
6277.938477 0.000000 3614.731445 0.000000 0.710858 0.000000 0.703336 0.633294 0.633294 0.633294
6265.104980 0.000000 3615.651611 0.000000 0.664709 0.000000 0.747102 0.604534 0.604534 0.604534
6265.962402 0.000000 3586.930420 0.000000 0.930588 0.000000 0.366069 0.700446 0.700446 0.700446
6277.650879 0.000000 3612.972412 0.000000 0.063380 0.000000 0.997989 0.477867 0.477867 0.477867
6274.845703 0.000000 3615.511963 0.000000 0.888281 0.000000 -0.459301 0.901981 0.901981 0.901981
6269.146973 0.000000 3593.682617 0.000000 0.694686 0.000000 -0.719313 1.013253 1.013253 1.013253
6266.109863 0.000000 3617.696289 0.000000 0.858746 0.000000 -0.512401 0.924639 0.924639 0.924639
6263.937500 0.000000 3588.095947 0.000000 0.289629 0.000000 -0.957139 1.223364 1.223364 1.223364
6267.208984 0.000000 3588.445557 0.000000 0.298004 0.000000 -0.954565 1.172335 1.172335 1.172335
"}
