object={
	name="tree_leaf_high_generator_2_0"
	render_pass=Map
	clamp_to_water_level=no
	generated_content=yes
	layer="tree_high_layer"
	pdxmesh="tree_leaf_01_b_mesh"
	count=4697
	transform="5286.652344 0.000000 2556.900146 0.000000 0.584803 0.000000 0.811176 0.393386 0.393386 0.393386
5285.972656 0.000000 2566.045898 0.000000 0.866323 0.000000 0.499484 0.383809 0.383809 0.383809
5277.412598 0.000000 2565.408936 0.000000 0.228713 0.000000 0.973494 0.365207 0.365207 0.365207
5299.464844 0.000000 2566.827637 0.000000 0.769461 0.000000 -0.638694 0.432863 0.432863 0.432863
5290.031738 0.000000 2561.153564 0.000000 0.933964 0.000000 -0.357367 0.417335 0.417335 0.417335
5283.403809 0.000000 2566.668701 0.000000 0.992846 0.000000 0.119398 0.394980 0.394980 0.394980
5286.912598 0.000000 2563.656250 0.000000 0.881325 0.000000 -0.472510 0.423344 0.423344 0.423344
5296.984375 0.000000 2566.032715 0.000000 0.662415 0.000000 -0.749137 0.437206 0.437206 0.437206
5301.185059 0.000000 2564.607422 0.000000 0.970737 0.000000 0.240144 0.388496 0.388496 0.388496
5303.299805 0.000000 2562.745850 0.000000 0.688206 0.000000 0.725516 0.361494 0.361494 0.361494
5306.965332 0.000000 2565.926758 0.000000 0.899113 0.000000 0.437717 0.394797 0.394797 0.394797
5317.940918 0.000000 2559.635986 0.000000 0.238386 0.000000 0.971170 0.382069 0.382069 0.382069
5335.205566 0.000000 2562.149414 0.000000 0.627463 0.000000 -0.778647 0.440107 0.440107 0.440107
5323.859375 0.000000 2562.683105 0.000000 0.995224 0.000000 0.097617 0.395362 0.395362 0.395362
5332.604492 0.000000 2566.677734 0.000000 0.528415 0.000000 -0.848986 0.478481 0.478481 0.478481
5337.224121 0.000000 2563.521729 0.000000 0.888053 0.000000 -0.459741 0.425999 0.425999 0.425999
5438.818848 0.000000 2565.588135 0.000000 0.481953 0.000000 -0.876197 0.412264 0.412264 0.412264
5460.938965 0.000000 2560.984619 0.000000 0.687341 0.000000 0.726335 0.387010 0.387010 0.387010
5425.479004 0.000000 2557.109863 0.000000 0.799434 0.000000 0.600754 0.386164 0.386164 0.386164
5440.414551 0.000000 2548.364258 0.000000 0.881003 0.000000 -0.473111 0.410089 0.410089 0.410089
5444.604004 0.000000 2548.240479 0.000000 0.165841 0.000000 -0.986152 0.448378 0.448378 0.448378
5431.895020 0.000000 2559.503906 0.000000 0.994205 0.000000 0.107503 0.396827 0.396827 0.396827
5438.501465 0.000000 2556.011475 0.000000 0.375081 0.000000 -0.926992 0.431986 0.431986 0.431986
5438.101562 0.000000 2550.202148 0.000000 0.973986 0.000000 0.226608 0.392010 0.392010 0.392010
5440.432129 0.000000 2552.842041 0.000000 0.955647 0.000000 -0.294516 0.414180 0.414180 0.414180
5464.016113 0.000000 2561.153564 0.000000 0.400766 0.000000 -0.916180 0.493126 0.493126 0.493126
5431.496582 0.000000 2562.098877 0.000000 0.657569 0.000000 -0.753394 0.440471 0.440471 0.440471
5466.251465 0.000000 2557.245850 0.000000 0.035919 0.000000 0.999355 0.324895 0.324895 0.324895
5468.005859 0.000000 2567.528809 0.000000 0.330745 0.000000 0.943720 0.347024 0.347024 0.347024
5433.075684 0.000000 2566.662842 0.000000 0.379623 0.000000 -0.925141 0.456039 0.456039 0.456039
5426.549805 0.000000 2559.304199 0.000000 0.603041 0.000000 0.797710 0.356195 0.356195 0.356195
5466.168457 0.000000 2564.586182 0.000000 0.637119 0.000000 -0.770765 0.454048 0.454048 0.454048
5043.382812 0.000000 2758.197510 0.000000 0.898035 0.000000 0.439924 0.396133 0.396133 0.396133
5045.480469 0.000000 2776.920654 0.000000 0.228398 0.000000 0.973568 0.357168 0.357168 0.357168
5044.564941 0.000000 2780.352295 0.000000 0.585262 0.000000 0.810845 0.355618 0.355618 0.355618
5193.399902 0.000000 2640.772217 0.000000 0.946501 0.000000 -0.322702 0.402133 0.402133 0.402133
5210.452637 0.000000 2616.930420 0.000000 0.772117 0.000000 0.635480 0.392092 0.392092 0.392092
5204.160156 0.000000 2661.947021 0.000000 0.010083 0.000000 -0.999949 0.419482 0.419482 0.419482
5216.481445 0.000000 2672.217773 0.000000 0.424251 0.000000 -0.905544 0.414139 0.414139 0.414139
5208.555664 0.000000 2628.828125 0.000000 0.962732 0.000000 0.270457 0.395898 0.395898 0.395898
5199.167969 0.000000 2647.380859 0.000000 0.988642 0.000000 0.150292 0.397138 0.397138 0.397138
5193.623047 0.000000 2636.242676 0.000000 0.411060 0.000000 0.911608 0.380525 0.380525 0.380525
5211.200195 0.000000 2666.898682 0.000000 0.812725 0.000000 -0.582648 0.412733 0.412733 0.412733
5185.680176 0.000000 2634.208984 0.000000 0.964133 0.000000 -0.265420 0.406036 0.406036 0.406036
5214.198730 0.000000 2668.489990 0.000000 0.461907 0.000000 -0.886928 0.430496 0.430496 0.430496
5190.420410 0.000000 2672.393311 0.000000 0.366725 0.000000 -0.930329 0.429841 0.429841 0.429841
5186.245117 0.000000 2616.527344 0.000000 0.692855 0.000000 0.721077 0.372656 0.372656 0.372656
5140.432617 0.000000 2667.550293 0.000000 0.294864 0.000000 0.955539 0.365083 0.365083 0.365083
5219.043457 0.000000 2643.743164 0.000000 0.781654 0.000000 -0.623712 0.423203 0.423203 0.423203
5156.948242 0.000000 2671.820801 0.000000 0.812735 0.000000 0.582634 0.378882 0.378882 0.378882
5205.768066 0.000000 2635.796143 0.000000 0.418921 0.000000 0.908023 0.362480 0.362480 0.362480
5212.852051 0.000000 2659.322754 0.000000 0.999672 0.000000 -0.025624 0.402252 0.402252 0.402252
5191.405273 0.000000 2637.996826 0.000000 0.643543 0.000000 -0.765410 0.430902 0.430902 0.430902
5217.810547 0.000000 2658.234375 0.000000 0.784527 0.000000 0.620094 0.338550 0.338550 0.338550
5154.111816 0.000000 2671.745361 0.000000 0.337393 0.000000 -0.941364 0.447773 0.447773 0.447773
5193.025879 0.000000 2616.259033 0.000000 0.864605 0.000000 0.502451 0.380286 0.380286 0.380286
5207.567871 0.000000 2655.230469 0.000000 0.913444 0.000000 0.406965 0.380119 0.380119 0.380119
5210.127441 0.000000 2664.227295 0.000000 0.020787 0.000000 -0.999784 0.461141 0.461141 0.461141
5200.395996 0.000000 2634.089111 0.000000 0.997259 0.000000 -0.073986 0.402847 0.402847 0.402847
5188.692871 0.000000 2642.802734 0.000000 0.938618 0.000000 0.344958 0.383470 0.383470 0.383470
5194.126465 0.000000 2649.981201 0.000000 0.630667 0.000000 -0.776054 0.442140 0.442140 0.442140
5188.782227 0.000000 2619.726562 0.000000 0.231804 0.000000 0.972762 0.337922 0.337922 0.337922
5208.791504 0.000000 2614.663574 0.000000 0.025948 0.000000 -0.999663 0.456309 0.456309 0.456309
5141.471191 0.000000 2672.708740 0.000000 0.674552 0.000000 0.738228 0.368902 0.368902 0.368902
5192.033691 0.000000 2647.076172 0.000000 0.992893 0.000000 -0.119008 0.405599 0.405599 0.405599
5186.528320 0.000000 2636.729492 0.000000 0.153082 0.000000 0.988214 0.332780 0.332780 0.332780
5188.187500 0.000000 2646.083008 0.000000 0.855084 0.000000 -0.518489 0.423406 0.423406 0.423406
5192.577148 0.000000 2620.719727 0.000000 0.593198 0.000000 0.805056 0.357014 0.357014 0.357014
5206.820312 0.000000 2630.620117 0.000000 0.450604 0.000000 0.892724 0.354274 0.354274 0.354274
5137.454590 0.000000 2670.270020 0.000000 0.262502 0.000000 -0.964932 0.459956 0.459956 0.459956
5211.689453 0.000000 2657.123047 0.000000 0.220104 0.000000 -0.975476 0.470045 0.470045 0.470045
5209.938477 0.000000 2632.484863 0.000000 0.988205 0.000000 0.153135 0.392707 0.392707 0.392707
5210.337402 0.000000 2661.730225 0.000000 0.558594 0.000000 -0.829441 0.472768 0.472768 0.472768
5218.420410 0.000000 2665.277588 0.000000 0.142095 0.000000 -0.989853 0.493419 0.493419 0.493419
5145.209473 0.000000 2668.740723 0.000000 0.583071 0.000000 0.812421 0.355018 0.355018 0.355018
5149.875000 0.000000 2669.667480 0.000000 0.400788 0.000000 0.916171 0.345051 0.345051 0.345051
5158.620117 0.000000 2673.662109 0.000000 0.029755 0.000000 0.999557 0.326902 0.326902 0.326902
5190.920410 0.000000 2611.414307 0.000000 0.496591 0.000000 -0.867985 0.448285 0.448285 0.448285
5208.718750 0.000000 2657.321045 0.000000 0.984814 0.000000 -0.173610 0.408538 0.408538 0.408538
5188.526367 0.000000 2617.080078 0.000000 0.329524 0.000000 0.944147 0.338952 0.338952 0.338952
5194.007324 0.000000 2628.574951 0.000000 0.591418 0.000000 -0.806365 0.444493 0.444493 0.444493
5198.853027 0.000000 2629.039551 0.000000 0.389591 0.000000 -0.920988 0.462541 0.462541 0.462541
5204.092773 0.000000 2655.921387 0.000000 0.285107 0.000000 -0.958496 0.460796 0.460796 0.460796
5190.920898 0.000000 2615.680908 0.000000 0.908145 0.000000 -0.418656 0.425666 0.425666 0.425666
5198.394531 0.000000 2632.502686 0.000000 0.999061 0.000000 0.043330 0.397165 0.397165 0.397165
5218.595215 0.000000 2662.590576 0.000000 0.665928 0.000000 -0.746016 0.455920 0.455920 0.455920
5089.561035 0.000000 2767.020508 0.000000 0.759495 0.000000 0.650513 0.397171 0.397171 0.397171
5132.389160 0.000000 2731.407227 0.000000 0.141084 0.000000 -0.989998 0.407136 0.407136 0.407136
5118.864258 0.000000 2764.420898 0.000000 0.772347 0.000000 -0.635201 0.402749 0.402749 0.402749
5119.294434 0.000000 2745.707031 0.000000 0.203286 0.000000 0.979119 0.393861 0.393861 0.393861
5081.208008 0.000000 2740.592041 0.000000 0.780292 0.000000 0.625416 0.394940 0.394940 0.394940
5131.214844 0.000000 2680.591309 0.000000 0.979528 0.000000 -0.201308 0.401518 0.401518 0.401518
5074.396973 0.000000 2768.173096 0.000000 0.315426 0.000000 -0.948950 0.414354 0.414354 0.414354
5085.726074 0.000000 2770.600098 0.000000 0.054189 0.000000 -0.998531 0.422717 0.422717 0.422717
5064.378418 0.000000 2779.161621 0.000000 0.591791 0.000000 0.806092 0.384084 0.384084 0.384084
5106.630859 0.000000 2743.227051 0.000000 0.556705 0.000000 0.830710 0.382867 0.382867 0.382867
5098.950684 0.000000 2746.235840 0.000000 0.378011 0.000000 -0.925801 0.434855 0.434855 0.434855
5063.637695 0.000000 2754.604980 0.000000 0.101201 0.000000 0.994866 0.350842 0.350842 0.350842
5123.187500 0.000000 2733.046143 0.000000 0.997597 0.000000 0.069287 0.398026 0.398026 0.398026
5055.763184 0.000000 2770.596924 0.000000 0.798117 0.000000 -0.602502 0.420987 0.420987 0.420987
5101.236328 0.000000 2766.656006 0.000000 0.566023 0.000000 -0.824390 0.434840 0.434840 0.434840
5131.667480 0.000000 2696.378906 0.000000 0.071545 0.000000 0.997437 0.337121 0.337121 0.337121
5104.838867 0.000000 2736.382324 0.000000 0.749654 0.000000 -0.661830 0.422029 0.422029 0.422029
5132.472656 0.000000 2776.920654 0.000000 0.099036 0.000000 -0.995084 0.536670 0.536670 0.536670
5102.648438 0.000000 2739.910156 0.000000 0.957293 0.000000 -0.289119 0.411716 0.411716 0.411716
5127.260254 0.000000 2772.513184 0.000000 0.973626 0.000000 0.228151 0.390001 0.390001 0.390001
5055.316406 0.000000 2751.935547 0.000000 0.942474 0.000000 0.334279 0.385704 0.385704 0.385704
5072.273438 0.000000 2761.085693 0.000000 0.999948 0.000000 0.010187 0.399690 0.399690 0.399690
5109.066406 0.000000 2739.383789 0.000000 0.999443 0.000000 0.033382 0.398583 0.398583 0.398583
5108.665527 0.000000 2733.064697 0.000000 0.797418 0.000000 -0.603428 0.425229 0.425229 0.425229
5130.818359 0.000000 2765.218750 0.000000 0.214873 0.000000 -0.976642 0.464237 0.464237 0.464237
5125.684082 0.000000 2731.733154 0.000000 0.928084 0.000000 -0.372370 0.414289 0.414289 0.414289
5083.751465 0.000000 2747.220459 0.000000 0.709070 0.000000 0.705138 0.373037 0.373037 0.373037
5128.469727 0.000000 2692.395996 0.000000 0.106743 0.000000 -0.994287 0.469437 0.469437 0.469437
5102.115723 0.000000 2775.826660 0.000000 0.486330 0.000000 -0.873775 0.438212 0.438212 0.438212
5117.887695 0.000000 2739.249023 0.000000 0.283028 0.000000 0.959112 0.339102 0.339102 0.339102
5049.597168 0.000000 2752.240479 0.000000 0.526414 0.000000 0.850229 0.362952 0.362952 0.362952
5083.565918 0.000000 2742.009277 0.000000 0.566454 0.000000 0.824093 0.367113 0.367113 0.367113
5049.730957 0.000000 2762.859375 0.000000 0.692742 0.000000 0.721185 0.361791 0.361791 0.361791
5048.644043 0.000000 2757.310059 0.000000 0.250403 0.000000 -0.968142 0.462504 0.462504 0.462504
5060.456055 0.000000 2751.172607 0.000000 0.320295 0.000000 0.947318 0.342199 0.342199 0.342199
5087.386230 0.000000 2743.194336 0.000000 0.294141 0.000000 0.955762 0.339017 0.339017 0.339017
5131.320801 0.000000 2687.928467 0.000000 0.841084 0.000000 0.540905 0.376600 0.376600 0.376600
5131.507324 0.000000 2690.528320 0.000000 0.997791 0.000000 0.066435 0.396846 0.396846 0.396846
5093.927734 0.000000 2738.333740 0.000000 0.999118 0.000000 -0.041984 0.403691 0.403691 0.403691
5052.973145 0.000000 2755.948975 0.000000 0.949089 0.000000 0.315007 0.385599 0.385599 0.385599
5070.797363 0.000000 2763.565430 0.000000 0.922685 0.000000 0.385555 0.381225 0.381225 0.381225
5099.449219 0.000000 2738.739502 0.000000 0.945196 0.000000 -0.326505 0.425243 0.425243 0.425243
5099.536133 0.000000 2743.713867 0.000000 0.986027 0.000000 0.166583 0.386295 0.386295 0.386295
5075.244629 0.000000 2765.393799 0.000000 0.978040 0.000000 -0.208419 0.409959 0.409959 0.409959
5104.160156 0.000000 2748.986816 0.000000 0.995920 0.000000 0.090245 0.395713 0.395713 0.395713
5094.395020 0.000000 2756.623779 0.000000 0.976354 0.000000 0.216178 0.389664 0.389664 0.389664
5102.404785 0.000000 2731.384277 0.000000 0.986496 0.000000 -0.163783 0.406572 0.406572 0.406572
5056.897949 0.000000 2750.040283 0.000000 0.952527 0.000000 -0.304453 0.414211 0.414211 0.414211
5099.674805 0.000000 2775.411865 0.000000 0.975656 0.000000 -0.219306 0.410488 0.410488 0.410488
5099.702637 0.000000 2762.132080 0.000000 0.976176 0.000000 0.216982 0.389625 0.389625 0.389625
5119.828125 0.000000 2737.604492 0.000000 0.919929 0.000000 0.392085 0.381090 0.381090 0.381090
5124.697266 0.000000 2764.107422 0.000000 0.243672 0.000000 -0.969858 0.456220 0.456220 0.456220
5131.428223 0.000000 2772.261963 0.000000 0.370652 0.000000 -0.928772 0.454120 0.454120 0.454120
5061.599609 0.000000 2753.360352 0.000000 0.975156 0.000000 -0.221520 0.410596 0.410596 0.410596
5131.557129 0.000000 2780.352295 0.000000 0.778681 0.000000 -0.627420 0.451475 0.451475 0.451475
5129.315430 0.000000 2776.714600 0.000000 0.046945 0.000000 0.998897 0.301088 0.301088 0.301088
5093.081055 0.000000 2754.272461 0.000000 0.957031 0.000000 -0.289986 0.413956 0.413956 0.413956
5107.015137 0.000000 2735.559326 0.000000 0.914343 0.000000 -0.404941 0.419776 0.419776 0.419776
5101.468262 0.000000 2744.962646 0.000000 0.831702 0.000000 0.555222 0.355914 0.355914 0.355914
5091.264648 0.000000 2736.090820 0.000000 0.083618 0.000000 0.996498 0.298276 0.298276 0.298276
5095.686523 0.000000 2735.659668 0.000000 0.439666 0.000000 0.898161 0.332044 0.332044 0.332044
5091.389648 0.000000 2740.308105 0.000000 0.717637 0.000000 0.696417 0.350763 0.350763 0.350763
5135.537598 0.000000 2707.940918 0.000000 0.153424 0.000000 -0.988160 0.404952 0.404952 0.404952
5133.068359 0.000000 2758.286865 0.000000 0.898193 0.000000 -0.439601 0.401818 0.401818 0.401818
5196.138184 0.000000 2683.181396 0.000000 0.687781 0.000000 -0.725919 0.406084 0.406084 0.406084
5143.827637 0.000000 2709.781494 0.000000 0.066160 0.000000 -0.997809 0.419533 0.419533 0.419533
5213.166504 0.000000 2707.843750 0.000000 0.409596 0.000000 -0.912267 0.411472 0.411472 0.411472
5198.962402 0.000000 2715.876465 0.000000 0.777307 0.000000 -0.629122 0.407814 0.407814 0.407814
5160.654785 0.000000 2708.537354 0.000000 0.859683 0.000000 -0.510828 0.405622 0.405622 0.405622
5155.049316 0.000000 2715.048584 0.000000 0.992314 0.000000 -0.123744 0.401796 0.401796 0.401796
5136.958496 0.000000 2716.277344 0.000000 0.999662 0.000000 -0.026004 0.400351 0.400351 0.400351
5192.483887 0.000000 2679.769287 0.000000 0.230331 0.000000 -0.973112 0.419380 0.419380 0.419380
5209.969238 0.000000 2719.307373 0.000000 0.770805 0.000000 0.637071 0.389999 0.389999 0.389999
5139.574219 0.000000 2732.017090 0.000000 0.173496 0.000000 0.984835 0.382569 0.382569 0.382569
5190.075195 0.000000 2692.454102 0.000000 0.590890 0.000000 -0.806752 0.414060 0.414060 0.414060
5203.236816 0.000000 2724.171143 0.000000 0.273672 0.000000 -0.961823 0.419377 0.419377 0.419377
5142.066406 0.000000 2724.244873 0.000000 0.798903 0.000000 -0.601460 0.411278 0.411278 0.411278
5198.454590 0.000000 2686.559570 0.000000 0.620854 0.000000 -0.783926 0.417994 0.417994 0.417994
5134.811523 0.000000 2728.862793 0.000000 0.654850 0.000000 -0.755759 0.420535 0.420535 0.420535
5158.113770 0.000000 2722.591797 0.000000 0.750789 0.000000 0.660542 0.385589 0.385589 0.385589
5135.546875 0.000000 2690.978027 0.000000 0.273128 0.000000 0.961978 0.370276 0.370276 0.370276
5209.431641 0.000000 2684.861328 0.000000 0.471485 0.000000 0.881874 0.368728 0.368728 0.368728
5136.126953 0.000000 2704.270996 0.000000 0.583543 0.000000 0.812082 0.379179 0.379179 0.379179
5140.038086 0.000000 2682.134766 0.000000 0.196538 0.000000 0.980496 0.358182 0.358182 0.358182
5164.136719 0.000000 2707.765137 0.000000 0.835934 0.000000 0.548830 0.386946 0.386946 0.386946
5133.208008 0.000000 2683.577148 0.000000 0.096759 0.000000 0.995308 0.358788 0.358788 0.358788
5140.464844 0.000000 2688.610107 0.000000 0.978975 0.000000 0.203982 0.394769 0.394769 0.394769
5138.188477 0.000000 2679.388428 0.000000 0.262589 0.000000 -0.964908 0.443660 0.443660 0.443660
5211.648438 0.000000 2704.376953 0.000000 0.896001 0.000000 0.444053 0.388743 0.388743 0.388743
5204.545898 0.000000 2679.215820 0.000000 0.741478 0.000000 0.670978 0.377230 0.377230 0.377230
5132.894043 0.000000 2676.338623 0.000000 0.695742 0.000000 0.718291 0.368791 0.368791 0.368791
5193.404785 0.000000 2676.803711 0.000000 0.956787 0.000000 -0.290791 0.411049 0.411049 0.411049
5136.553711 0.000000 2771.843994 0.000000 0.643479 0.000000 0.765463 0.371272 0.371272 0.371272
5199.868652 0.000000 2693.251953 0.000000 0.580897 0.000000 0.813977 0.362014 0.362014 0.362014
5138.610352 0.000000 2684.794922 0.000000 0.871700 0.000000 0.490039 0.380566 0.380566 0.380566
5215.270020 0.000000 2699.963623 0.000000 0.350378 0.000000 0.936608 0.358215 0.358215 0.358215
5152.683594 0.000000 2721.593750 0.000000 0.705131 0.000000 -0.709077 0.425187 0.425187 0.425187
5200.040527 0.000000 2718.726562 0.000000 0.977777 0.000000 -0.209648 0.406750 0.406750 0.406750
5132.785156 0.000000 2690.122803 0.000000 0.858648 0.000000 0.512566 0.378772 0.378772 0.378772
5203.697754 0.000000 2697.797363 0.000000 0.061780 0.000000 -0.998090 0.535620 0.535620 0.535620
5189.258301 0.000000 2686.096191 0.000000 0.572715 0.000000 -0.819755 0.434548 0.434548 0.434548
5132.546875 0.000000 2696.184570 0.000000 0.230038 0.000000 0.973182 0.336500 0.336500 0.336500
5138.207520 0.000000 2706.747070 0.000000 0.818445 0.000000 0.574585 0.380440 0.380440 0.380440
5166.222656 0.000000 2713.130859 0.000000 0.989602 0.000000 -0.143834 0.405765 0.405765 0.405765
5137.366699 0.000000 2768.732666 0.000000 0.488972 0.000000 -0.872300 0.443925 0.443925 0.443925
5156.444336 0.000000 2717.622314 0.000000 0.592957 0.000000 0.805234 0.360739 0.360739 0.360739
5132.904785 0.000000 2771.314453 0.000000 0.958513 0.000000 -0.285049 0.409959 0.409959 0.409959
5205.070801 0.000000 2691.021973 0.000000 0.195950 0.000000 0.980614 0.335531 0.335531 0.335531
5215.461914 0.000000 2692.395996 0.000000 0.095483 0.000000 0.995431 0.330026 0.330026 0.330026
5207.412109 0.000000 2718.440674 0.000000 0.500849 0.000000 0.865534 0.364478 0.364478 0.364478
5142.175293 0.000000 2704.939697 0.000000 0.326575 0.000000 -0.945171 0.454402 0.454402 0.454402
5210.562012 0.000000 2690.782227 0.000000 0.895665 0.000000 -0.444730 0.418179 0.418179 0.418179
5180.358887 0.000000 2709.264160 0.000000 0.981718 0.000000 0.190343 0.392828 0.392828 0.392828
5139.273438 0.000000 2724.677979 0.000000 0.996068 0.000000 0.088593 0.395792 0.395792 0.395792
5175.166016 0.000000 2704.741699 0.000000 0.987852 0.000000 0.155401 0.392521 0.392521 0.392521
5201.647949 0.000000 2702.592285 0.000000 0.639691 0.000000 0.768632 0.355788 0.355788 0.355788
5201.336914 0.000000 2714.647705 0.000000 0.004967 0.000000 0.999988 0.342144 0.342144 0.342144
5134.807617 0.000000 2674.609863 0.000000 0.993894 0.000000 0.110339 0.394755 0.394755 0.394755
5202.088379 0.000000 2709.846436 0.000000 0.026653 0.000000 0.999645 0.326755 0.326755 0.326755
5163.903320 0.000000 2714.682861 0.000000 0.470226 0.000000 0.882546 0.348712 0.348712 0.348712
5153.029785 0.000000 2683.390625 0.000000 0.996130 0.000000 0.087888 0.396133 0.396133 0.396133
5218.661621 0.000000 2701.865723 0.000000 0.223748 0.000000 -0.974647 0.464477 0.464477 0.464477
5145.659180 0.000000 2689.230957 0.000000 0.799670 0.000000 -0.600440 0.426370 0.426370 0.426370
5135.741699 0.000000 2680.005615 0.000000 0.990831 0.000000 -0.135108 0.405819 0.405819 0.405819
5204.061035 0.000000 2714.729248 0.000000 0.039082 0.000000 -0.999236 0.487951 0.487951 0.487951
5172.910156 0.000000 2705.996582 0.000000 0.971372 0.000000 0.237562 0.387305 0.387305 0.387305
5173.218262 0.000000 2709.160400 0.000000 0.928976 0.000000 0.370141 0.383719 0.383719 0.383719
5140.013672 0.000000 2701.274902 0.000000 0.959808 0.000000 -0.280656 0.413494 0.413494 0.413494
5138.549316 0.000000 2718.426270 0.000000 0.999431 0.000000 -0.033732 0.401398 0.401398 0.401398
5138.848633 0.000000 2698.774170 0.000000 0.168685 0.000000 -0.985670 0.466470 0.466470 0.466470
5137.454590 0.000000 2777.254395 0.000000 0.952624 0.000000 0.304150 0.378551 0.378551 0.378551
5195.311035 0.000000 2689.681641 0.000000 0.106649 0.000000 0.994297 0.330559 0.330559 0.330559
5149.875000 0.000000 2776.651855 0.000000 0.639803 0.000000 0.768539 0.358421 0.358421 0.358421
5194.515625 0.000000 2674.709229 0.000000 0.543694 0.000000 -0.839283 0.475091 0.475091 0.475091
5156.970215 0.000000 2675.377197 0.000000 0.018678 0.000000 -0.999826 0.473624 0.473624 0.473624
5157.800293 0.000000 2720.236572 0.000000 0.888843 0.000000 0.458212 0.377422 0.377422 0.377422
5177.425293 0.000000 2705.334229 0.000000 0.903445 0.000000 0.428705 0.379205 0.379205 0.379205
5205.261719 0.000000 2717.491455 0.000000 0.979222 0.000000 0.202790 0.390314 0.390314 0.390314
5169.203125 0.000000 2709.163818 0.000000 0.795269 0.000000 0.606256 0.362925 0.362925 0.362925
5204.350098 0.000000 2710.881348 0.000000 0.283372 0.000000 0.959010 0.337196 0.337196 0.337196
5196.284668 0.000000 2692.415039 0.000000 0.922654 0.000000 0.385629 0.380431 0.380431 0.380431
5204.374512 0.000000 2686.510254 0.000000 0.264983 0.000000 -0.964253 0.483252 0.483252 0.483252
5207.381348 0.000000 2685.237305 0.000000 0.999682 0.000000 -0.025212 0.401624 0.401624 0.401624
4953.502930 0.000000 2786.753174 0.000000 0.699600 0.000000 -0.714534 0.415102 0.415102 0.415102
4948.455078 0.000000 2791.845703 0.000000 0.377177 0.000000 -0.926141 0.425422 0.425422 0.425422
4954.886719 0.000000 2789.796875 0.000000 0.391855 0.000000 -0.920027 0.438496 0.438496 0.438496
4954.485352 0.000000 2799.380371 0.000000 0.940301 0.000000 -0.340344 0.415606 0.415606 0.415606
4952.400879 0.000000 2796.970215 0.000000 0.702354 0.000000 -0.711828 0.437573 0.437573 0.437573
5027.876953 0.000000 2835.277832 0.000000 0.101195 0.000000 -0.994867 0.400734 0.400734 0.400734
5034.497559 0.000000 2811.213379 0.000000 0.964211 0.000000 0.265137 0.399196 0.399196 0.399196
4967.466797 0.000000 2806.093506 0.000000 0.867341 0.000000 -0.497714 0.403902 0.403902 0.403902
5033.593750 0.000000 2847.130371 0.000000 0.128958 0.000000 0.991650 0.379847 0.379847 0.379847
4964.265625 0.000000 2803.349854 0.000000 0.069601 0.000000 -0.997575 0.423985 0.423985 0.423985
5040.495117 0.000000 2786.753174 0.000000 0.386891 0.000000 -0.922125 0.420509 0.420509 0.420509
5044.432129 0.000000 2835.178711 0.000000 0.895227 0.000000 0.445611 0.385010 0.385010 0.385010
5044.447266 0.000000 2862.077393 0.000000 0.212163 0.000000 -0.977234 0.442009 0.442009 0.442009
5045.492188 0.000000 2849.843018 0.000000 0.906664 0.000000 0.421853 0.389563 0.389563 0.389563
5004.187500 0.000000 2790.209961 0.000000 0.990415 0.000000 -0.138124 0.404359 0.404359 0.404359
5004.591797 0.000000 2800.362793 0.000000 0.053431 0.000000 -0.998572 0.456064 0.456064 0.456064
5044.675293 0.000000 2803.363281 0.000000 0.955276 0.000000 -0.295717 0.410193 0.410193 0.410193
5041.285645 0.000000 2806.947998 0.000000 0.121352 0.000000 -0.992610 0.442691 0.442691 0.442691
5022.074219 0.000000 2846.368164 0.000000 0.834738 0.000000 0.550648 0.381656 0.381656 0.381656
5021.673340 0.000000 2840.049072 0.000000 0.650427 0.000000 -0.759568 0.439627 0.439627 0.439627
4958.562500 0.000000 2803.168945 0.000000 0.493889 0.000000 -0.869525 0.449481 0.449481 0.449481
4958.581055 0.000000 2807.350342 0.000000 0.129413 0.000000 0.991591 0.347475 0.347475 0.347475
5009.890137 0.000000 2791.871094 0.000000 0.376662 0.000000 -0.926351 0.444361 0.444361 0.444361
5041.477539 0.000000 2799.380371 0.000000 0.993785 0.000000 0.111314 0.394709 0.394709 0.394709
5026.411621 0.000000 2848.057861 0.000000 0.700173 0.000000 -0.713974 0.437718 0.437718 0.437718
5005.057617 0.000000 2807.850098 0.000000 0.767810 0.000000 0.640678 0.367015 0.367015 0.367015
5044.396973 0.000000 2846.708496 0.000000 0.870857 0.000000 0.491536 0.379731 0.379731 0.379731
5044.677246 0.000000 2808.850098 0.000000 0.067486 0.000000 0.997720 0.340703 0.340703 0.340703
5044.477539 0.000000 2790.104248 0.000000 0.787494 0.000000 -0.616322 0.429842 0.429842 0.429842
5011.509277 0.000000 2794.132812 0.000000 0.282597 0.000000 0.959239 0.332668 0.332668 0.332668
5018.592773 0.000000 2834.688477 0.000000 0.961777 0.000000 0.273834 0.388366 0.388366 0.388366
5015.412598 0.000000 2838.368652 0.000000 0.399382 0.000000 0.916785 0.354245 0.354245 0.354245
5041.671875 0.000000 2827.626709 0.000000 0.792909 0.000000 -0.609341 0.431080 0.431080 0.431080
5008.432617 0.000000 2838.219238 0.000000 0.030318 0.000000 0.999540 0.334620 0.334620 0.334620
5007.588867 0.000000 2812.244385 0.000000 0.688668 0.000000 0.725077 0.361524 0.361524 0.361524
5038.430664 0.000000 2804.051270 0.000000 0.963425 0.000000 -0.267978 0.412869 0.412869 0.412869
4994.634766 0.000000 2789.818848 0.000000 0.042166 0.000000 0.999111 0.335887 0.335887 0.335887
5041.317383 0.000000 2842.120117 0.000000 0.964787 0.000000 -0.263031 0.412625 0.412625 0.412625
5004.833984 0.000000 2802.909180 0.000000 0.389133 0.000000 0.921182 0.349712 0.349712 0.349712
5043.227051 0.000000 2837.231201 0.000000 0.963750 0.000000 0.266808 0.386919 0.386919 0.386919
5008.360352 0.000000 2829.736328 0.000000 0.991048 0.000000 -0.133506 0.406352 0.406352 0.406352
5036.095703 0.000000 2804.858154 0.000000 0.592409 0.000000 -0.805637 0.444434 0.444434 0.444434
5024.868652 0.000000 2843.008301 0.000000 0.631607 0.000000 0.775289 0.357918 0.357918 0.357918
5006.815430 0.000000 2796.131592 0.000000 0.744704 0.000000 -0.667395 0.437579 0.437579 0.437579
5004.008301 0.000000 2795.137939 0.000000 0.140748 0.000000 0.990046 0.326478 0.326478 0.326478
5007.889160 0.000000 2792.938721 0.000000 0.404340 0.000000 0.914609 0.334282 0.334282 0.334282
5057.146484 0.000000 2840.738281 0.000000 0.339857 0.000000 -0.940477 0.405501 0.405501 0.405501
5062.805664 0.000000 2821.475586 0.000000 0.396193 0.000000 -0.918167 0.406971 0.406971 0.406971
5065.955566 0.000000 2849.153076 0.000000 0.636808 0.000000 -0.771022 0.404396 0.404396 0.404396
5112.667969 0.000000 2877.853271 0.000000 0.473664 0.000000 0.880706 0.394083 0.394083 0.394083
5110.612305 0.000000 2797.527344 0.000000 0.055682 0.000000 -0.998449 0.409834 0.409834 0.409834
5084.968750 0.000000 2826.620850 0.000000 0.543388 0.000000 0.839482 0.284585 0.284585 0.284585
5046.010254 0.000000 2820.465088 0.000000 0.197601 0.000000 -0.980283 0.410960 0.410960 0.410960
5086.188965 0.000000 2855.718018 0.000000 0.384301 0.000000 -0.923208 0.409985 0.409985 0.409985
5068.220703 0.000000 2883.127686 0.000000 0.441992 0.000000 -0.897019 0.413893 0.413893 0.413893
5076.316406 0.000000 2849.321045 0.000000 0.936947 0.000000 0.349472 0.396078 0.396078 0.396078
5119.599609 0.000000 2833.901367 0.000000 0.754649 0.000000 0.656129 0.391424 0.391424 0.391424
5055.631348 0.000000 2862.399902 0.000000 0.570877 0.000000 0.821036 0.382686 0.382686 0.382686
5048.177734 0.000000 2851.106201 0.000000 0.224289 0.000000 0.974523 0.375831 0.375831 0.375831
5074.434570 0.000000 2842.026123 0.000000 0.981230 0.000000 0.192840 0.396996 0.396996 0.396996
5113.534180 0.000000 2873.937988 0.000000 0.814980 0.000000 0.579489 0.385803 0.385803 0.385803
5049.917969 0.000000 2856.067627 0.000000 0.225325 0.000000 -0.974284 0.428175 0.428175 0.428175
5102.678711 0.000000 2804.691162 0.000000 0.895535 0.000000 0.444991 0.388717 0.388717 0.388717
5071.121582 0.000000 2829.576172 0.000000 0.249737 0.000000 0.968314 0.374327 0.374327 0.374327
5079.128418 0.000000 2790.157471 0.000000 0.437641 0.000000 0.899150 0.375442 0.375442 0.375442
5127.648438 0.000000 2854.703369 0.000000 0.846768 0.000000 0.531962 0.388797 0.388797 0.388797
5090.049316 0.000000 2855.959961 0.000000 0.829698 0.000000 0.558212 0.385510 0.385510 0.385510
5076.105469 0.000000 2802.643311 0.000000 0.509615 0.000000 0.860402 0.374652 0.374652 0.374652
5112.704102 0.000000 2790.207031 0.000000 0.994405 0.000000 -0.105636 0.403171 0.403171 0.403171
5110.512695 0.000000 2786.849854 0.000000 0.842898 0.000000 -0.538073 0.412482 0.412482 0.412482
5049.296875 0.000000 2819.446777 0.000000 0.380748 0.000000 0.924679 0.374072 0.374072 0.374072
5093.541504 0.000000 2842.773682 0.000000 0.523959 0.000000 0.851743 0.368445 0.368445 0.368445
5065.228027 0.000000 2814.470947 0.000000 0.108509 0.000000 0.994095 0.352548 0.352548 0.352548
5127.206543 0.000000 2882.458740 0.000000 0.999773 0.000000 0.021312 0.399489 0.399489 0.399489
5065.918945 0.000000 2845.858398 0.000000 0.988350 0.000000 -0.152197 0.403891 0.403891 0.403891
5131.439453 0.000000 2862.077393 0.000000 0.969411 0.000000 -0.245442 0.406562 0.406562 0.406562
5100.884277 0.000000 2782.869385 0.000000 0.119114 0.000000 -0.992881 0.443482 0.443482 0.443482
5060.242188 0.000000 2841.422119 0.000000 0.863062 0.000000 0.505097 0.384401 0.384401 0.384401
5127.226562 0.000000 2844.534180 0.000000 0.981057 0.000000 0.193720 0.392991 0.392991 0.392991
5093.308105 0.000000 2852.755371 0.000000 0.424321 0.000000 0.905512 0.360980 0.360980 0.360980
5099.098633 0.000000 2842.398682 0.000000 0.899328 0.000000 0.437275 0.386894 0.386894 0.386894
5087.942871 0.000000 2844.999756 0.000000 0.828962 0.000000 0.559305 0.380736 0.380736 0.380736
5106.412598 0.000000 2783.788086 0.000000 0.804889 0.000000 0.593425 0.375892 0.375892 0.375892
5111.027344 0.000000 2813.128174 0.000000 0.715251 0.000000 0.698867 0.375272 0.375272 0.375272
5086.770508 0.000000 2792.856934 0.000000 0.888788 0.000000 -0.458319 0.414977 0.414977 0.414977
5105.092285 0.000000 2818.479492 0.000000 0.452986 0.000000 0.891517 0.366475 0.366475 0.366475
5103.211426 0.000000 2784.784424 0.000000 0.312257 0.000000 -0.949998 0.445680 0.445680 0.445680
5124.238770 0.000000 2844.266846 0.000000 0.999419 0.000000 0.034077 0.398945 0.398945 0.398945
5124.548828 0.000000 2834.201904 0.000000 0.848832 0.000000 -0.528663 0.418635 0.418635 0.418635
5120.863770 0.000000 2785.947998 0.000000 0.829808 0.000000 -0.558049 0.417737 0.417737 0.417737
5105.117188 0.000000 2812.039551 0.000000 0.661765 0.000000 -0.749712 0.427510 0.427510 0.427510
5123.215332 0.000000 2866.061035 0.000000 0.998628 0.000000 -0.052372 0.402093 0.402093 0.402093
5055.316406 0.000000 2858.919922 0.000000 0.845956 0.000000 -0.533252 0.423590 0.423590 0.423590
5102.447754 0.000000 2807.590576 0.000000 0.844471 0.000000 0.535601 0.376011 0.376011 0.376011
5107.549316 0.000000 2872.852295 0.000000 0.032896 0.000000 -0.999459 0.456056 0.456056 0.456056
5101.295898 0.000000 2789.415771 0.000000 0.912420 0.000000 0.409255 0.386737 0.386737 0.386737
5088.523926 0.000000 2826.370117 0.000000 0.865290 0.000000 -0.501271 0.447191 0.447191 0.447191
5104.356934 0.000000 2866.549805 0.000000 0.606900 0.000000 0.794778 0.359177 0.359177 0.359177
5086.437012 0.000000 2802.719482 0.000000 0.852875 0.000000 -0.522115 0.417280 0.417280 0.417280
5102.266113 0.000000 2793.080566 0.000000 0.280349 0.000000 0.959898 0.343466 0.343466 0.343466
5054.922852 0.000000 2818.866943 0.000000 0.491802 0.000000 -0.870707 0.445900 0.445900 0.445900
5063.720703 0.000000 2835.094238 0.000000 0.931303 0.000000 0.364245 0.387528 0.387528 0.387528
5093.984375 0.000000 2804.145752 0.000000 0.980917 0.000000 -0.194425 0.406253 0.406253 0.406253
5117.597168 0.000000 2836.056641 0.000000 0.205236 0.000000 0.978713 0.341425 0.341425 0.341425
5045.554688 0.000000 2803.168945 0.000000 0.168436 0.000000 -0.985713 0.447587 0.447587 0.447587
5109.557617 0.000000 2821.379639 0.000000 0.132771 0.000000 0.991147 0.351188 0.351188 0.351188
5090.571289 0.000000 2831.624756 0.000000 0.755739 0.000000 -0.654873 0.464886 0.464886 0.464886
5114.856934 0.000000 2862.261963 0.000000 0.791497 0.000000 -0.611174 0.429877 0.429877 0.429877
5107.947754 0.000000 2808.869141 0.000000 0.047418 0.000000 -0.998875 0.466935 0.466935 0.466935
5073.025879 0.000000 2862.138916 0.000000 0.228808 0.000000 0.973472 0.336441 0.336441 0.336441
5070.624023 0.000000 2857.375977 0.000000 0.953824 0.000000 0.300367 0.389489 0.389489 0.389489
5126.440918 0.000000 2784.188232 0.000000 0.999697 0.000000 -0.024618 0.401168 0.401168 0.401168
5047.562012 0.000000 2857.470703 0.000000 0.712438 0.000000 -0.701735 0.428352 0.428352 0.428352
5104.248535 0.000000 2822.760254 0.000000 0.230301 0.000000 -0.973119 0.458140 0.458140 0.458140
5125.684082 0.000000 2838.717529 0.000000 0.994110 0.000000 0.108377 0.395717 0.395717 0.395717
5118.078613 0.000000 2798.006348 0.000000 0.991747 0.000000 -0.128208 0.404429 0.404429 0.404429
5120.575684 0.000000 2869.199219 0.000000 0.984580 0.000000 0.174936 0.391484 0.391484 0.391484
5049.597168 0.000000 2859.224854 0.000000 0.934825 0.000000 0.355108 0.387493 0.387493 0.387493
5120.673340 0.000000 2801.440430 0.000000 0.891245 0.000000 -0.453522 0.422328 0.422328 0.422328
5065.041016 0.000000 2872.634277 0.000000 0.961744 0.000000 -0.273949 0.413163 0.413163 0.413163
5123.135254 0.000000 2878.196045 0.000000 0.691705 0.000000 -0.722180 0.438277 0.438277 0.438277
5070.319824 0.000000 2865.990967 0.000000 0.240207 0.000000 0.970722 0.336997 0.336997 0.336997
5123.569824 0.000000 2797.766602 0.000000 0.040169 0.000000 0.999193 0.327396 0.327396 0.327396
5049.730957 0.000000 2869.843750 0.000000 0.280057 0.000000 -0.959983 0.456547 0.456547 0.456547
5048.644043 0.000000 2864.294434 0.000000 0.991651 0.000000 -0.128954 0.406134 0.406134 0.406134
5088.173828 0.000000 2811.726074 0.000000 0.998847 0.000000 0.048015 0.397722 0.397722 0.397722
5121.562500 0.000000 2795.950928 0.000000 0.196218 0.000000 0.980560 0.336230 0.336230 0.336230
5127.832520 0.000000 2864.486084 0.000000 0.832977 0.000000 0.553308 0.378336 0.378336 0.378336
5113.554688 0.000000 2830.793457 0.000000 0.412765 0.000000 0.910838 0.345673 0.345673 0.345673
5131.389160 0.000000 2846.708496 0.000000 0.532400 0.000000 -0.846493 0.454934 0.454934 0.454934
5105.041504 0.000000 2861.044922 0.000000 0.404475 0.000000 -0.914549 0.448417 0.448417 0.448417
5047.989258 0.000000 2808.537842 0.000000 0.797220 0.000000 0.603689 0.369257 0.369257 0.369257
5068.537109 0.000000 2819.432861 0.000000 0.826535 0.000000 0.562886 0.371640 0.371640 0.371640
5045.714844 0.000000 2837.357910 0.000000 0.873696 0.000000 -0.486472 0.420294 0.420294 0.420294
5057.334961 0.000000 2829.613281 0.000000 0.627149 0.000000 -0.778899 0.466430 0.466430 0.466430
5129.158203 0.000000 2867.696045 0.000000 0.924758 0.000000 -0.380555 0.418518 0.418518 0.418518
5118.282715 0.000000 2878.198975 0.000000 0.979288 0.000000 -0.202475 0.409671 0.409671 0.409671
5090.898926 0.000000 2827.687500 0.000000 0.965759 0.000000 0.259442 0.380868 0.380868 0.380868
5092.292480 0.000000 2840.529297 0.000000 0.993815 0.000000 -0.111051 0.404501 0.404501 0.404501
5075.031250 0.000000 2847.034912 0.000000 0.043864 0.000000 0.999038 0.338245 0.338245 0.338245
5068.328125 0.000000 2850.127930 0.000000 0.391539 0.000000 -0.920162 0.451926 0.451926 0.451926
5108.637207 0.000000 2868.808350 0.000000 0.163678 0.000000 -0.986514 0.463200 0.463200 0.463200
5083.718262 0.000000 2797.614990 0.000000 0.849016 0.000000 -0.528367 0.426962 0.426962 0.426962
5056.897949 0.000000 2857.024658 0.000000 0.885185 0.000000 0.465239 0.377046 0.377046 0.377046
5070.541504 0.000000 2822.377930 0.000000 0.466348 0.000000 -0.884602 0.451497 0.451497 0.451497
5119.828125 0.000000 2844.588867 0.000000 0.161721 0.000000 0.986836 0.333195 0.333195 0.333195
5115.549805 0.000000 2837.701416 0.000000 0.993927 0.000000 0.110042 0.393503 0.393503 0.393503
5097.426758 0.000000 2807.941162 0.000000 0.818904 0.000000 -0.573930 0.432354 0.432354 0.432354
5111.030762 0.000000 2873.554443 0.000000 0.998019 0.000000 -0.062911 0.402577 0.402577 0.402577
5094.581055 0.000000 2812.244385 0.000000 0.936177 0.000000 0.351528 0.384934 0.384934 0.384934
5074.442383 0.000000 2826.042480 0.000000 0.830251 0.000000 0.557389 0.371955 0.371955 0.371955
5125.422852 0.000000 2804.051270 0.000000 0.702306 0.000000 0.711875 0.363611 0.363611 0.363611
5122.946289 0.000000 2846.453613 0.000000 0.781621 0.000000 0.623754 0.368051 0.368051 0.368051
5124.730469 0.000000 2792.659668 0.000000 0.284830 0.000000 -0.958578 0.462090 0.462090 0.462090
5070.995605 0.000000 2863.616455 0.000000 0.628865 0.000000 0.777514 0.358639 0.358639 0.358639
5069.798828 0.000000 2844.643555 0.000000 0.974449 0.000000 -0.224609 0.413008 0.413008 0.413008
5128.309570 0.000000 2842.120117 0.000000 0.285750 0.000000 0.958304 0.339236 0.339236 0.339236
5086.726074 0.000000 2808.086182 0.000000 0.327763 0.000000 -0.944760 0.458052 0.458052 0.458052
5064.228516 0.000000 2876.827881 0.000000 0.217674 0.000000 0.976021 0.335899 0.335899 0.335899
5062.882812 0.000000 2883.636230 0.000000 0.546323 0.000000 -0.837575 0.447094 0.447094 0.447094
5078.952637 0.000000 2798.914062 0.000000 0.375801 0.000000 -0.926700 0.455051 0.455051 0.455051
5084.410645 0.000000 2804.018555 0.000000 0.902094 0.000000 -0.431541 0.421165 0.421165 0.421165
5122.943359 0.000000 2800.058350 0.000000 0.234239 0.000000 -0.972179 0.458631 0.458631 0.458631
5049.723145 0.000000 2845.837646 0.000000 0.933116 0.000000 -0.359576 0.417447 0.417447 0.417447
5052.317871 0.000000 2822.902100 0.000000 0.143502 0.000000 0.989650 0.332321 0.332321 0.332321
5081.714355 0.000000 2803.050049 0.000000 0.226275 0.000000 0.974064 0.336317 0.336317 0.336317
5092.894531 0.000000 2835.318848 0.000000 0.905666 0.000000 0.423992 0.372016 0.372016 0.372016
5125.911133 0.000000 2836.302979 0.000000 0.994242 0.000000 0.107159 0.395175 0.395175 0.395175
5112.367676 0.000000 2834.871338 0.000000 0.969946 0.000000 0.243321 0.388709 0.388709 0.388709
5095.352539 0.000000 2829.736328 0.000000 0.745326 0.000000 -0.666700 0.451378 0.451378 0.451378
5114.224609 0.000000 2833.025391 0.000000 0.997859 0.000000 0.065408 0.396895 0.396895 0.396895
5087.689941 0.000000 2831.279785 0.000000 0.999163 0.000000 -0.040899 0.402451 0.402451 0.402451
5096.638672 0.000000 2804.952148 0.000000 0.513802 0.000000 -0.857909 0.456122 0.456122 0.456122
5054.261230 0.000000 2829.085693 0.000000 0.394503 0.000000 -0.918895 0.464583 0.464583 0.464583
5106.586914 0.000000 2813.794678 0.000000 0.893614 0.000000 -0.448837 0.422079 0.422079 0.422079
5056.298828 0.000000 2850.189209 0.000000 0.795785 0.000000 0.605579 0.369144 0.369144 0.369144
5081.690430 0.000000 2800.265137 0.000000 0.180415 0.000000 0.983591 0.331320 0.331320 0.331320
5112.421387 0.000000 2863.609619 0.000000 0.603983 0.000000 -0.796998 0.466775 0.466775 0.466775
5072.069336 0.000000 2852.575195 0.000000 0.800753 0.000000 -0.598995 0.432709 0.432709 0.432709
5113.614746 0.000000 2839.201172 0.000000 0.425069 0.000000 -0.905161 0.472898 0.472898 0.472898
5097.969727 0.000000 2839.417725 0.000000 0.193435 0.000000 -0.981113 0.492074 0.492074 0.492074
5122.042969 0.000000 2793.952393 0.000000 0.126943 0.000000 0.991910 0.311347 0.311347 0.311347
5130.428223 0.000000 2849.468262 0.000000 0.307727 0.000000 0.951475 0.322112 0.322112 0.322112
5107.779297 0.000000 2859.271729 0.000000 0.984853 0.000000 -0.173393 0.411399 0.411399 0.411399
5139.905273 0.000000 2884.581543 0.000000 0.935644 0.000000 0.352946 0.398019 0.398019 0.398019
5161.136719 0.000000 2854.165771 0.000000 0.934876 0.000000 0.354976 0.397644 0.397644 0.397644
5161.389160 0.000000 2875.157471 0.000000 0.566435 0.000000 0.824106 0.387425 0.387425 0.387425
5184.432617 0.000000 2881.308105 0.000000 0.051141 0.000000 0.998691 0.376478 0.376478 0.376478
5154.408691 0.000000 2852.764160 0.000000 0.652153 0.000000 0.758087 0.377232 0.377232 0.377232
5193.660156 0.000000 2887.045410 0.000000 0.615890 0.000000 0.787832 0.377349 0.377349 0.377349
5137.267090 0.000000 2862.170166 0.000000 0.768640 0.000000 -0.639682 0.413169 0.413169 0.413169
5160.912598 0.000000 2857.773926 0.000000 0.993147 0.000000 0.116869 0.397310 0.397310 0.397310
5147.458008 0.000000 2851.793457 0.000000 0.081581 0.000000 -0.996667 0.442381 0.442381 0.442381
5157.698242 0.000000 2854.499756 0.000000 0.685025 0.000000 -0.728520 0.418338 0.418338 0.418338
5138.188477 0.000000 2786.372803 0.000000 0.073186 0.000000 0.997318 0.358874 0.358874 0.358874
5159.585449 0.000000 2872.394287 0.000000 0.121582 0.000000 -0.992581 0.436896 0.436896 0.436896
5170.918457 0.000000 2880.457031 0.000000 0.483733 0.000000 0.875216 0.369132 0.369132 0.369132
5142.213867 0.000000 2866.140869 0.000000 0.578300 0.000000 0.815824 0.307099 0.307099 0.307099
5153.119629 0.000000 2867.826660 0.000000 0.409844 0.000000 -0.912156 0.432687 0.432687 0.432687
5165.809570 0.000000 2861.082764 0.000000 0.991686 0.000000 -0.128680 0.404510 0.404510 0.404510
5164.246582 0.000000 2868.304688 0.000000 0.746810 0.000000 -0.665038 0.424702 0.424702 0.424702
5138.610352 0.000000 2791.779297 0.000000 0.177494 0.000000 -0.984122 0.454227 0.454227 0.454227
5148.032227 0.000000 2791.066895 0.000000 0.822181 0.000000 0.569226 0.378835 0.378835 0.378835
5183.768555 0.000000 2874.064697 0.000000 0.342919 0.000000 0.939365 0.357941 0.357941 0.357941
5169.041504 0.000000 2878.143311 0.000000 0.999606 0.000000 -0.028063 0.400841 0.400841 0.400841
5151.842285 0.000000 2856.194092 0.000000 0.020047 0.000000 0.999799 0.334959 0.334959 0.334959
5160.018066 0.000000 2862.138916 0.000000 0.158592 0.000000 0.987344 0.340798 0.340798 0.340798
5161.221191 0.000000 2883.102539 0.000000 0.672743 0.000000 0.739876 0.325144 0.325144 0.325144
5148.812012 0.000000 2855.924561 0.000000 0.637892 0.000000 -0.770125 0.441697 0.441697 0.441697
5142.901367 0.000000 2788.675537 0.000000 0.395555 0.000000 -0.918442 0.455220 0.455220 0.455220
5174.037109 0.000000 2875.207031 0.000000 0.591458 0.000000 -0.806336 0.444490 0.444490 0.444490
5157.312012 0.000000 2865.990967 0.000000 0.482839 0.000000 -0.875709 0.444748 0.444748 0.444748
5136.723145 0.000000 2869.843750 0.000000 0.872469 0.000000 -0.488669 0.424473 0.424473 0.424473
5135.636230 0.000000 2864.294434 0.000000 0.965127 0.000000 -0.261782 0.411374 0.411374 0.411374
5161.878418 0.000000 2867.162109 0.000000 0.999788 0.000000 -0.020576 0.400986 0.400986 0.400986
5157.789551 0.000000 2870.549805 0.000000 0.674522 0.000000 0.738254 0.359363 0.359363 0.359363
5170.520020 0.000000 2883.052002 0.000000 0.192906 0.000000 0.981217 0.342260 0.342260 0.342260
5134.807617 0.000000 2781.594238 0.000000 0.814651 0.000000 0.579951 0.350266 0.350266 0.350266
5162.236816 0.000000 2872.378174 0.000000 0.710757 0.000000 -0.703437 0.432335 0.432335 0.432335
5144.555664 0.000000 2871.124268 0.000000 0.383502 0.000000 0.923540 0.310656 0.310656 0.310656
5144.968262 0.000000 2873.649414 0.000000 0.457636 0.000000 -0.889140 0.459620 0.459620 0.459620
5148.125000 0.000000 2788.542480 0.000000 0.069305 0.000000 0.997596 0.328780 0.328780 0.328780
5132.636230 0.000000 2867.698486 0.000000 0.865526 0.000000 -0.500863 0.424884 0.424884 0.424884
5147.573242 0.000000 2874.654297 0.000000 0.019719 0.000000 -0.999806 0.478996 0.478996 0.478996
5132.552246 0.000000 2852.362549 0.000000 0.553598 0.000000 -0.832784 0.446681 0.446681 0.446681
5152.153809 0.000000 2888.538086 0.000000 0.848859 0.000000 -0.528619 0.442550 0.442550 0.442550
5151.220703 0.000000 2876.827881 0.000000 0.960828 0.000000 0.277146 0.382473 0.382473 0.382473
5140.218750 0.000000 2871.614746 0.000000 0.416584 0.000000 -0.909097 0.492302 0.492302 0.492302
5158.620117 0.000000 2887.630859 0.000000 0.717298 0.000000 0.696767 0.351887 0.351887 0.351887
5172.099121 0.000000 2887.615967 0.000000 0.999968 0.000000 0.008038 0.399619 0.399619 0.399619
5165.573242 0.000000 2880.257324 0.000000 0.626278 0.000000 -0.779600 0.446425 0.446425 0.446425
5138.262207 0.000000 2867.781494 0.000000 0.653370 0.000000 -0.757039 0.454028 0.454028 0.454028
5151.280273 0.000000 2879.827393 0.000000 0.999057 0.000000 0.043411 0.397788 0.397788 0.397788
5146.231934 0.000000 2869.676758 0.000000 0.754010 0.000000 0.656863 0.359207 0.359207 0.359207
5153.748047 0.000000 2881.403076 0.000000 0.988007 0.000000 -0.154410 0.409831 0.409831 0.409831
5163.281738 0.000000 2880.197021 0.000000 0.526112 0.000000 -0.850415 0.459907 0.459907 0.459907
5166.342285 0.000000 2882.673096 0.000000 0.557226 0.000000 -0.830361 0.464575 0.464575 0.464575
5143.296387 0.000000 2864.341309 0.000000 0.232892 0.000000 -0.972503 0.482702 0.482702 0.482702
5127.818848 0.000000 2910.535156 0.000000 0.840395 0.000000 -0.541974 0.401716 0.401716 0.401716
5132.484375 0.000000 2956.827393 0.000000 0.815800 0.000000 0.578334 0.385528 0.385528 0.385528
5126.595703 0.000000 2957.067383 0.000000 0.870854 0.000000 -0.491542 0.412059 0.412059 0.412059
5121.872070 0.000000 2961.560303 0.000000 0.179773 0.000000 0.983708 0.363909 0.363909 0.363909
5099.367676 0.000000 2933.275879 0.000000 0.461434 0.000000 -0.887175 0.438139 0.438139 0.438139
5128.277832 0.000000 2913.932373 0.000000 0.999153 0.000000 -0.041158 0.401192 0.401192 0.401192
5095.679199 0.000000 2932.389404 0.000000 0.961845 0.000000 0.273593 0.391559 0.391559 0.391559
5117.887695 0.000000 2953.217773 0.000000 0.050322 0.000000 -0.998733 0.456938 0.456938 0.456938
5114.593750 0.000000 2949.690430 0.000000 0.819503 0.000000 -0.573075 0.422548 0.422548 0.422548
5113.403809 0.000000 2955.042236 0.000000 0.846103 0.000000 -0.533019 0.422175 0.422175 0.422175
5119.534180 0.000000 2962.714844 0.000000 0.974470 0.000000 -0.224519 0.408367 0.408367 0.408367
5131.669434 0.000000 2915.834473 0.000000 0.898782 0.000000 -0.438395 0.421526 0.421526 0.421526
5116.473145 0.000000 2958.125977 0.000000 0.249394 0.000000 0.968402 0.339422 0.339422 0.339422
5115.525879 0.000000 2952.304932 0.000000 0.265424 0.000000 0.964132 0.338233 0.338233 0.338233
5178.237305 0.000000 2931.897949 0.000000 0.833968 0.000000 0.551813 0.398833 0.398833 0.398833
5192.838867 0.000000 2947.578125 0.000000 0.915140 0.000000 -0.403136 0.401657 0.401657 0.401657
5146.788086 0.000000 2937.227539 0.000000 0.817948 0.000000 -0.575293 0.402142 0.402142 0.402142
5199.703125 0.000000 2962.880615 0.000000 0.598518 0.000000 0.801109 0.394433 0.394433 0.394433
5146.077148 0.000000 2962.622559 0.000000 0.869213 0.000000 -0.494438 0.403099 0.403099 0.403099
5207.082520 0.000000 2973.120361 0.000000 0.036664 0.000000 0.999328 0.383148 0.383148 0.383148
5174.792480 0.000000 2945.150879 0.000000 0.878569 0.000000 0.477616 0.394033 0.394033 0.394033
5205.703125 0.000000 2945.867432 0.000000 0.129240 0.000000 0.991613 0.384169 0.384169 0.384169
5192.483887 0.000000 2893.738037 0.000000 0.265722 0.000000 -0.964050 0.418851 0.418851 0.418851
5182.915527 0.000000 2901.927979 0.000000 0.999788 0.000000 0.020595 0.399753 0.399753 0.399753
5193.623047 0.000000 2957.195801 0.000000 0.858182 0.000000 -0.513345 0.411036 0.411036 0.411036
5176.771973 0.000000 2928.040039 0.000000 0.120741 0.000000 0.992684 0.374664 0.374664 0.374664
5163.569824 0.000000 2926.062256 0.000000 0.065614 0.000000 0.997845 0.369939 0.369939 0.369939
5191.344727 0.000000 2970.549805 0.000000 0.994674 0.000000 -0.103067 0.401753 0.401753 0.401753
5196.167480 0.000000 2950.455811 0.000000 0.608449 0.000000 -0.793593 0.417393 0.417393 0.417393
5143.883789 0.000000 2959.372559 0.000000 0.980048 0.000000 -0.198761 0.404296 0.404296 0.404296
5178.910645 0.000000 2970.242188 0.000000 0.793893 0.000000 -0.608058 0.412075 0.412075 0.412075
5213.708496 0.000000 2973.960693 0.000000 0.806504 0.000000 0.591229 0.385155 0.385155 0.385155
5174.355957 0.000000 2930.698486 0.000000 0.316677 0.000000 -0.948533 0.432418 0.432418 0.432418
5158.007324 0.000000 2925.013916 0.000000 0.915683 0.000000 -0.401901 0.409912 0.409912 0.409912
5142.621094 0.000000 2916.270020 0.000000 0.834187 0.000000 -0.551481 0.415167 0.415167 0.415167
5185.942871 0.000000 2960.204590 0.000000 0.889391 0.000000 -0.457147 0.409957 0.409957 0.409957
5180.490234 0.000000 2934.717529 0.000000 0.125453 0.000000 -0.992100 0.442569 0.442569 0.442569
5202.518555 0.000000 2947.160889 0.000000 0.392993 0.000000 -0.919541 0.425054 0.425054 0.425054
5152.220215 0.000000 2921.455322 0.000000 0.539147 0.000000 -0.842212 0.429000 0.429000 0.429000
5171.625488 0.000000 2946.433838 0.000000 0.957367 0.000000 0.288874 0.393269 0.393269 0.393269
5167.365234 0.000000 2957.635986 0.000000 0.079418 0.000000 0.996841 0.356068 0.356068 0.356068
5207.010254 0.000000 2965.427734 0.000000 0.861092 0.000000 -0.508450 0.418376 0.418376 0.418376
5171.420410 0.000000 2981.585205 0.000000 0.931437 0.000000 -0.363903 0.409856 0.409856 0.409856
5171.776367 0.000000 2894.663330 0.000000 0.052629 0.000000 0.998614 0.352245 0.352245 0.352245
5132.720703 0.000000 2920.329834 0.000000 0.945892 0.000000 -0.324482 0.409735 0.409735 0.409735
5155.408203 0.000000 2947.112549 0.000000 0.064811 0.000000 0.997898 0.345109 0.345109 0.345109
5148.277344 0.000000 2925.747803 0.000000 0.676165 0.000000 0.736750 0.371051 0.371051 0.371051
5175.622070 0.000000 2904.187988 0.000000 0.986039 0.000000 0.166513 0.394738 0.394738 0.394738
5193.404785 0.000000 2890.772461 0.000000 0.665198 0.000000 0.746667 0.376428 0.376428 0.376428
5219.043457 0.000000 2964.696289 0.000000 0.780061 0.000000 0.625703 0.373334 0.373334 0.373334
5142.693359 0.000000 2890.168701 0.000000 0.184048 0.000000 0.982917 0.349492 0.349492 0.349492
5188.601074 0.000000 2972.588623 0.000000 0.998964 0.000000 -0.045499 0.401659 0.401659 0.401659
5205.768066 0.000000 2956.749268 0.000000 0.999718 0.000000 0.023748 0.397771 0.397771 0.397771
5189.883789 0.000000 2947.831787 0.000000 0.632918 0.000000 0.774219 0.369493 0.369493 0.369493
5183.302734 0.000000 2965.167725 0.000000 0.214531 0.000000 0.976717 0.349950 0.349950 0.349950
5191.831055 0.000000 2950.351074 0.000000 0.748933 0.000000 0.662646 0.375768 0.375768 0.375768
5189.640625 0.000000 2953.878906 0.000000 0.010759 0.000000 0.999942 0.346253 0.346253 0.346253
5185.536621 0.000000 2891.535400 0.000000 0.253488 0.000000 0.967339 0.355368 0.355368 0.355368
5149.615723 0.000000 2946.769531 0.000000 0.967967 0.000000 -0.251076 0.410011 0.410011 0.410011
5183.388184 0.000000 2961.556885 0.000000 0.502449 0.000000 -0.864607 0.439631 0.439631 0.439631
5196.058594 0.000000 2953.352539 0.000000 0.634956 0.000000 0.772548 0.366057 0.366057 0.366057
5170.246094 0.000000 2918.780273 0.000000 0.998695 0.000000 -0.051063 0.402041 0.402041 0.402041
5173.429199 0.000000 2909.703857 0.000000 0.725691 0.000000 -0.688021 0.425383 0.425383 0.425383
5150.712891 0.000000 2942.078613 0.000000 0.966573 0.000000 0.256391 0.389125 0.389125 0.389125
5138.207520 0.000000 2920.715820 0.000000 0.342648 0.000000 -0.939464 0.451823 0.451823 0.451823
5132.565430 0.000000 2914.334717 0.000000 0.756633 0.000000 -0.653840 0.427399 0.427399 0.427399
5183.874512 0.000000 2898.855469 0.000000 0.719819 0.000000 0.694162 0.368586 0.368586 0.368586
5156.444336 0.000000 2931.591064 0.000000 0.871458 0.000000 -0.490471 0.421501 0.421501 0.421501
5136.535645 0.000000 2960.407959 0.000000 0.357196 0.000000 -0.934030 0.457184 0.457184 0.457184
5142.175293 0.000000 2918.908447 0.000000 0.019425 0.000000 0.999811 0.331834 0.331834 0.331834
5180.618652 0.000000 2894.924316 0.000000 0.935520 0.000000 -0.353274 0.433353 0.433353 0.433353
5179.041992 0.000000 2914.834473 0.000000 0.108645 0.000000 -0.994081 0.454747 0.454747 0.454747
5174.378418 0.000000 2957.163086 0.000000 0.393664 0.000000 0.919254 0.358658 0.358658 0.358658
5214.824707 0.000000 2971.470459 0.000000 0.826390 0.000000 -0.563098 0.426879 0.426879 0.426879
5165.583008 0.000000 2954.485352 0.000000 0.647545 0.000000 -0.762027 0.435042 0.435042 0.435042
5143.647461 0.000000 2921.167480 0.000000 0.870360 0.000000 -0.492417 0.424422 0.424422 0.424422
5206.261230 0.000000 2948.536865 0.000000 0.979288 0.000000 -0.202474 0.409671 0.409671 0.409671
5180.225586 0.000000 2892.086182 0.000000 0.043371 0.000000 -0.999059 0.512872 0.512872 0.512872
5155.529297 0.000000 2926.417236 0.000000 0.862362 0.000000 -0.506292 0.425182 0.425182 0.425182
5173.154785 0.000000 2928.493164 0.000000 0.671079 0.000000 -0.741386 0.445035 0.445035 0.445035
5161.487793 0.000000 2911.817383 0.000000 0.981591 0.000000 -0.190993 0.407964 0.407964 0.407964
5139.378418 0.000000 2891.117432 0.000000 0.882752 0.000000 -0.469838 0.423201 0.423201 0.423201
5160.930176 0.000000 2945.295898 0.000000 0.268822 0.000000 -0.963190 0.468084 0.468084 0.468084
5179.284668 0.000000 2947.513672 0.000000 0.996298 0.000000 -0.085967 0.404384 0.404384 0.404384
5173.218262 0.000000 2923.129150 0.000000 0.798946 0.000000 0.601402 0.364560 0.364560 0.364560
5168.421387 0.000000 2928.249268 0.000000 0.525319 0.000000 -0.850905 0.477747 0.477747 0.477747
5182.416992 0.000000 2945.203613 0.000000 0.352883 0.000000 0.935667 0.296675 0.296675 0.296675
5139.336914 0.000000 2961.973389 0.000000 0.970295 0.000000 -0.241926 0.411591 0.411591 0.411591
5157.533691 0.000000 2929.362305 0.000000 0.961939 0.000000 -0.273265 0.413129 0.413129 0.413129
5206.820312 0.000000 2951.573242 0.000000 0.743200 0.000000 -0.669069 0.433303 0.433303 0.433303
5174.964844 0.000000 2973.073730 0.000000 0.992692 0.000000 -0.120678 0.405738 0.405738 0.405738
5198.377441 0.000000 2957.967529 0.000000 0.522017 0.000000 0.852935 0.341850 0.341850 0.341850
5161.434570 0.000000 2933.026855 0.000000 0.958180 0.000000 -0.286166 0.413187 0.413187 0.413187
5132.552246 0.000000 2959.346924 0.000000 0.844267 0.000000 -0.535922 0.423722 0.423722 0.423722
5148.327637 0.000000 2920.350830 0.000000 0.918770 0.000000 -0.394792 0.419251 0.419251 0.419251
5173.718262 0.000000 2915.070557 0.000000 0.747824 0.000000 0.663897 0.349611 0.349611 0.349611
5178.818359 0.000000 2909.893555 0.000000 0.905247 0.000000 0.424885 0.363627 0.363627 0.363627
5141.522461 0.000000 2960.079346 0.000000 0.574533 0.000000 -0.818481 0.445478 0.445478 0.445478
5208.753418 0.000000 2959.123291 0.000000 0.503122 0.000000 0.864215 0.347893 0.347893 0.347893
5175.446777 0.000000 2968.126709 0.000000 0.452286 0.000000 -0.891873 0.452248 0.452248 0.452248
5171.402832 0.000000 2911.002930 0.000000 0.613635 0.000000 0.789590 0.351829 0.351829 0.351829
5160.129395 0.000000 2900.534424 0.000000 0.841801 0.000000 -0.539788 0.427046 0.427046 0.427046
5156.970215 0.000000 2889.345947 0.000000 0.344245 0.000000 -0.938880 0.462102 0.462102 0.462102
5168.706543 0.000000 2910.034424 0.000000 0.479586 0.000000 -0.877495 0.451853 0.451853 0.451853
5179.886719 0.000000 2942.303223 0.000000 0.788264 0.000000 -0.615337 0.429785 0.429785 0.429785
5166.226074 0.000000 2946.369385 0.000000 0.823535 0.000000 -0.567265 0.446381 0.446381 0.446381
5175.849609 0.000000 2925.761719 0.000000 0.837638 0.000000 0.546226 0.368262 0.368262 0.368262
5182.344727 0.000000 2936.720703 0.000000 0.995383 0.000000 -0.095982 0.405424 0.405424 0.405424
5175.797852 0.000000 2894.700195 0.000000 0.658334 0.000000 -0.752726 0.460848 0.460848 0.460848
5163.577637 0.000000 2950.005615 0.000000 0.741315 0.000000 -0.671157 0.435635 0.435635 0.435635
5217.590820 0.000000 2966.884521 0.000000 0.246450 0.000000 -0.969156 0.473258 0.473258 0.473258
5173.060547 0.000000 2971.623535 0.000000 0.765698 0.000000 -0.643201 0.432443 0.432443 0.432443
5175.043457 0.000000 2901.801270 0.000000 0.789634 0.000000 0.613578 0.356132 0.356132 0.356132
5178.254395 0.000000 2960.795410 0.000000 0.411453 0.000000 -0.911431 0.458976 0.458976 0.458976
5171.561523 0.000000 2931.369385 0.000000 0.378279 0.000000 0.925692 0.327945 0.327945 0.327945
5216.554199 0.000000 2962.920166 0.000000 0.074487 0.000000 -0.997222 0.475456 0.475456 0.475456
5177.992676 0.000000 2902.122314 0.000000 0.952619 0.000000 -0.304165 0.416049 0.416049 0.416049
5182.753418 0.000000 2895.370605 0.000000 0.705067 0.000000 -0.709141 0.459826 0.459826 0.459826
5181.873535 0.000000 2899.923096 0.000000 0.899670 0.000000 0.436571 0.375186 0.375186 0.375186
5214.153320 0.000000 2966.278320 0.000000 0.667558 0.000000 -0.744558 0.452000 0.452000 0.452000
5159.191895 0.000000 2940.935059 0.000000 0.270383 0.000000 0.962753 0.324230 0.324230 0.324230
5171.640625 0.000000 2926.848389 0.000000 0.089391 0.000000 0.995997 0.312725 0.312725 0.312725
5179.650879 0.000000 2898.753662 0.000000 0.899160 0.000000 -0.437619 0.431210 0.431210 0.431210
5161.515625 0.000000 2941.205811 0.000000 0.805130 0.000000 0.593099 0.361007 0.361007 0.361007
5184.961914 0.000000 2946.402100 0.000000 0.999459 0.000000 -0.032877 0.402003 0.402003 0.402003
5163.215332 0.000000 2947.883301 0.000000 0.227838 0.000000 -0.973699 0.485032 0.485032 0.485032
5181.258301 0.000000 2947.065186 0.000000 0.942107 0.000000 -0.335311 0.421341 0.421341 0.421341
5231.204102 0.000000 2654.668213 0.000000 0.937985 0.000000 -0.346676 0.401944 0.401944 0.401944
5245.356934 0.000000 2625.172363 0.000000 0.977375 0.000000 -0.211515 0.401171 0.401171 0.401171
5226.345703 0.000000 2613.823486 0.000000 0.293740 0.000000 -0.955885 0.412074 0.412074 0.412074
5221.078125 0.000000 2646.209473 0.000000 0.412671 0.000000 0.910880 0.386846 0.386846 0.386846
5234.020508 0.000000 2592.687988 0.000000 0.994532 0.000000 0.104429 0.398851 0.398851 0.398851
5259.179199 0.000000 2657.575684 0.000000 0.969099 0.000000 0.246672 0.396391 0.396391 0.396391
5288.858887 0.000000 2567.712891 0.000000 0.994999 0.000000 -0.099880 0.401499 0.401499 0.401499
5283.011230 0.000000 2661.379395 0.000000 0.963940 0.000000 -0.266119 0.404169 0.404169 0.404169
5286.160156 0.000000 2647.380859 0.000000 0.905820 0.000000 -0.423662 0.406116 0.406116 0.406116
5235.938965 0.000000 2665.711426 0.000000 0.944891 0.000000 -0.327385 0.405496 0.405496 0.405496
5222.162109 0.000000 2637.137451 0.000000 0.860773 0.000000 0.508989 0.392268 0.392268 0.392268
5292.087891 0.000000 2588.336182 0.000000 0.503638 0.000000 0.863915 0.379169 0.379169 0.379169
5240.299316 0.000000 2579.064453 0.000000 0.999818 0.000000 -0.019065 0.400419 0.400419 0.400419
5231.083984 0.000000 2631.041504 0.000000 0.215577 0.000000 -0.976487 0.427033 0.427033 0.427033
5251.256836 0.000000 2668.363525 0.000000 0.873888 0.000000 0.486127 0.389608 0.389608 0.389608
5280.652344 0.000000 2673.076660 0.000000 0.830545 0.000000 -0.556951 0.414452 0.414452 0.414452
5224.259277 0.000000 2648.201416 0.000000 0.295803 0.000000 0.955249 0.368916 0.368916 0.368916
5301.632812 0.000000 2640.734619 0.000000 0.986484 0.000000 -0.163859 0.403205 0.403205 0.403205
5230.145996 0.000000 2613.420654 0.000000 0.863272 0.000000 -0.504740 0.412945 0.412945 0.412945
5227.897949 0.000000 2600.590820 0.000000 0.227692 0.000000 0.973733 0.367189 0.367189 0.367189
5287.213379 0.000000 2592.639648 0.000000 0.076305 0.000000 0.997085 0.355976 0.355976 0.355976
5235.266113 0.000000 2673.080078 0.000000 0.942786 0.000000 0.333399 0.392023 0.392023 0.392023
5292.543457 0.000000 2669.528809 0.000000 0.277710 0.000000 0.960665 0.365235 0.365235 0.365235
5290.694336 0.000000 2581.547363 0.000000 0.067652 0.000000 -0.997709 0.436775 0.436775 0.436775
5235.269531 0.000000 2604.794678 0.000000 0.999878 0.000000 0.015652 0.399555 0.399555 0.399555
5280.396973 0.000000 2569.819336 0.000000 0.430965 0.000000 -0.902369 0.432025 0.432025 0.432025
5233.192383 0.000000 2600.567871 0.000000 0.901516 0.000000 -0.432745 0.416983 0.416983 0.416983
5264.517090 0.000000 2662.995850 0.000000 0.994750 0.000000 -0.102332 0.404095 0.404095 0.404095
5276.875977 0.000000 2626.878662 0.000000 0.958603 0.000000 -0.284745 0.411389 0.411389 0.411389
5240.268066 0.000000 2585.014893 0.000000 0.993955 0.000000 -0.109785 0.404229 0.404229 0.404229
5237.124023 0.000000 2636.487061 0.000000 0.176404 0.000000 -0.984318 0.443138 0.443138 0.443138
5254.967285 0.000000 2670.157471 0.000000 0.916825 0.000000 0.399288 0.385849 0.385849 0.385849
5264.117188 0.000000 2657.186523 0.000000 0.065764 0.000000 -0.997835 0.457110 0.457110 0.457110
5242.473633 0.000000 2666.027100 0.000000 0.923831 0.000000 -0.382800 0.412553 0.412553 0.412553
5274.495117 0.000000 2622.635254 0.000000 0.946736 0.000000 -0.322010 0.413260 0.413260 0.413260
5276.632812 0.000000 2632.925781 0.000000 0.994483 0.000000 0.104893 0.396799 0.396799 0.396799
5238.834473 0.000000 2642.225342 0.000000 0.184326 0.000000 -0.982865 0.444964 0.444964 0.444964
5290.689941 0.000000 2590.812988 0.000000 0.583464 0.000000 0.812139 0.363087 0.363087 0.363087
5228.907227 0.000000 2604.898193 0.000000 0.899572 0.000000 -0.436772 0.414219 0.414219 0.414219
5304.802734 0.000000 2658.234375 0.000000 0.793910 0.000000 0.608035 0.377483 0.377483 0.377483
5299.464844 0.000000 2673.812012 0.000000 0.953908 0.000000 -0.300101 0.411110 0.411110 0.411110
5247.010254 0.000000 2648.170166 0.000000 0.312566 0.000000 -0.949896 0.459431 0.459431 0.459431
5221.546387 0.000000 2643.501953 0.000000 0.997861 0.000000 0.065373 0.397158 0.397158 0.397158
5241.104004 0.000000 2671.745361 0.000000 0.183302 0.000000 0.983057 0.334234 0.334234 0.334234
5261.029297 0.000000 2661.238281 0.000000 0.216453 0.000000 0.976293 0.347321 0.347321 0.347321
5297.119629 0.000000 2664.227295 0.000000 0.497406 0.000000 -0.867518 0.493862 0.493862 0.493862
5285.943848 0.000000 2644.581543 0.000000 0.998883 0.000000 -0.047252 0.401699 0.401699 0.401699
5231.008301 0.000000 2592.855469 0.000000 0.917473 0.000000 0.397798 0.382228 0.382228 0.382228
5229.167480 0.000000 2597.955322 0.000000 0.420888 0.000000 0.907113 0.346097 0.346097 0.346097
5231.045898 0.000000 2608.857178 0.000000 0.804923 0.000000 0.593379 0.369867 0.369867 0.369867
5247.900391 0.000000 2604.427734 0.000000 0.992901 0.000000 -0.118940 0.405655 0.405655 0.405655
5222.628418 0.000000 2650.325684 0.000000 0.181929 0.000000 0.983312 0.340405 0.340405 0.340405
5283.403809 0.000000 2673.653076 0.000000 0.948856 0.000000 -0.315711 0.412831 0.412831 0.412831
5248.870605 0.000000 2653.193359 0.000000 0.737996 0.000000 0.674805 0.367084 0.367084 0.367084
5293.518555 0.000000 2641.761719 0.000000 0.488658 0.000000 0.872475 0.306298 0.306298 0.306298
5230.639648 0.000000 2600.214355 0.000000 0.979715 0.000000 -0.200397 0.409571 0.409571 0.409571
5286.912598 0.000000 2670.640625 0.000000 0.883063 0.000000 -0.469254 0.420730 0.420730 0.420730
5273.520508 0.000000 2636.729492 0.000000 0.995375 0.000000 -0.096070 0.404564 0.404564 0.404564
5278.144531 0.000000 2642.002441 0.000000 0.037745 0.000000 -0.999287 0.472719 0.472719 0.472719
5250.895508 0.000000 2607.698486 0.000000 0.345644 0.000000 0.938366 0.341623 0.341623 0.341623
5289.852051 0.000000 2587.081055 0.000000 0.623572 0.000000 -0.781766 0.442572 0.442572 0.442572
5299.323242 0.000000 2567.850342 0.000000 0.868165 0.000000 0.496276 0.375367 0.375367 0.375367
5288.644531 0.000000 2662.362061 0.000000 0.963227 0.000000 -0.268687 0.412904 0.412904 0.412904
5276.389160 0.000000 2624.399902 0.000000 0.763708 0.000000 -0.645562 0.433288 0.433288 0.433288
5219.628418 0.000000 2653.729736 0.000000 0.922564 0.000000 0.385844 0.382199 0.382199 0.382199
5242.953613 0.000000 2647.555420 0.000000 0.976040 0.000000 -0.217593 0.409638 0.409638 0.409638
5226.329102 0.000000 2641.020264 0.000000 0.884737 0.000000 -0.466090 0.422031 0.422031 0.422031
5248.426758 0.000000 2612.073730 0.000000 0.838706 0.000000 -0.544584 0.440544 0.440544 0.440544
5219.544434 0.000000 2638.393799 0.000000 0.045807 0.000000 0.998950 0.327664 0.327664 0.327664
5244.979980 0.000000 2649.647705 0.000000 0.998560 0.000000 0.053651 0.397454 0.397454 0.397454
5285.401855 0.000000 2665.989014 0.000000 0.988398 0.000000 0.151889 0.391473 0.391473 0.391473
5233.479492 0.000000 2602.994385 0.000000 0.992231 0.000000 0.124407 0.394457 0.394457 0.394457
5295.745605 0.000000 2638.170166 0.000000 0.866920 0.000000 -0.498448 0.436476 0.436476 0.436476
5232.265137 0.000000 2628.930420 0.000000 0.994284 0.000000 -0.106771 0.405074 0.405074 0.405074
5232.201660 0.000000 2668.740723 0.000000 0.579055 0.000000 0.815288 0.354784 0.354784 0.354784
5236.867188 0.000000 2669.667480 0.000000 0.777089 0.000000 -0.629391 0.432292 0.432292 0.432292
5281.507812 0.000000 2567.724854 0.000000 0.994298 0.000000 -0.106636 0.404961 0.404961 0.404961
5239.252930 0.000000 2637.524414 0.000000 0.688050 0.000000 0.725663 0.361889 0.361889 0.361889
5227.210938 0.000000 2657.645996 0.000000 0.992914 0.000000 0.118837 0.393041 0.393041 0.393041
5245.612305 0.000000 2673.662109 0.000000 0.958753 0.000000 0.284241 0.382155 0.382155 0.382155
5250.231934 0.000000 2670.506104 0.000000 0.373687 0.000000 0.927555 0.341877 0.341877 0.341877
5259.091309 0.000000 2673.647217 0.000000 0.857750 0.000000 0.514067 0.369806 0.369806 0.369806
5284.596680 0.000000 2668.434082 0.000000 0.657565 0.000000 0.753398 0.348026 0.348026 0.348026
5301.185059 0.000000 2671.591797 0.000000 0.328516 0.000000 0.944498 0.338899 0.338899 0.338899
5262.064941 0.000000 2663.328613 0.000000 0.011565 0.000000 0.999933 0.326039 0.326039 0.326039
5295.894043 0.000000 2666.177002 0.000000 0.829878 0.000000 0.557945 0.353895 0.353895 0.353895
5225.254395 0.000000 2653.812744 0.000000 0.986259 0.000000 -0.165204 0.410110 0.410110 0.410110
5280.764648 0.000000 2666.405762 0.000000 0.789205 0.000000 -0.614130 0.440943 0.440943 0.440943
5251.286621 0.000000 2614.739258 0.000000 0.999805 0.000000 0.019735 0.398946 0.398946 0.398946
5301.645996 0.000000 2662.130615 0.000000 0.972584 0.000000 0.232553 0.387812 0.387812 0.387812
5247.641602 0.000000 2609.179443 0.000000 0.998560 0.000000 -0.053643 0.402760 0.402760 0.402760
5248.898438 0.000000 2606.535400 0.000000 0.315161 0.000000 0.949038 0.330711 0.330711 0.330711
5225.323242 0.000000 2666.099609 0.000000 0.402755 0.000000 0.915308 0.319173 0.319173 0.319173
5388.090820 0.000000 2656.690674 0.000000 0.416373 0.000000 0.909194 0.397720 0.397720 0.397720
5337.674316 0.000000 2597.360840 0.000000 0.802929 0.000000 -0.596075 0.402232 0.402232 0.402232
5390.111328 0.000000 2582.559082 0.000000 0.878998 0.000000 0.476825 0.396526 0.396526 0.396526
5335.373535 0.000000 2661.188721 0.000000 0.942568 0.000000 -0.334015 0.404251 0.404251 0.404251
5329.906250 0.000000 2576.028564 0.000000 0.999831 0.000000 0.018406 0.399798 0.399798 0.399798
5339.180176 0.000000 2651.459961 0.000000 0.840406 0.000000 0.541957 0.392278 0.392278 0.392278
5331.253418 0.000000 2585.341309 0.000000 0.145994 0.000000 0.989286 0.379376 0.379376 0.379376
5322.931152 0.000000 2665.711426 0.000000 1.000000 0.000000 -0.000614 0.400010 0.400010 0.400010
5316.368652 0.000000 2587.927002 0.000000 0.992560 0.000000 -0.121760 0.402072 0.402072 0.402072
5350.756348 0.000000 2607.086914 0.000000 0.532571 0.000000 0.846385 0.382868 0.382868 0.382868
5311.127441 0.000000 2667.826904 0.000000 0.778587 0.000000 0.627536 0.384080 0.384080 0.384080
5319.143555 0.000000 2645.619141 0.000000 0.982919 0.000000 -0.184037 0.404621 0.404621 0.404621
5341.637695 0.000000 2599.083252 0.000000 0.468669 0.000000 -0.883374 0.420549 0.420549 0.420549
5389.590332 0.000000 2660.081299 0.000000 0.205872 0.000000 -0.978579 0.438124 0.438124 0.438124
5309.531250 0.000000 2583.993652 0.000000 0.996971 0.000000 -0.077780 0.401905 0.401905 0.401905
5307.192383 0.000000 2576.592773 0.000000 0.184903 0.000000 0.982757 0.354364 0.354364 0.354364
5332.383789 0.000000 2668.431885 0.000000 0.654194 0.000000 -0.756327 0.425267 0.425267 0.425267
5385.632812 0.000000 2597.392578 0.000000 0.824448 0.000000 -0.565938 0.421627 0.421627 0.421627
5322.261719 0.000000 2604.794678 0.000000 0.665170 0.000000 -0.746692 0.426520 0.426520 0.426520
5389.244141 0.000000 2607.886719 0.000000 0.314938 0.000000 0.949112 0.368159 0.368159 0.368159
5316.916992 0.000000 2669.544922 0.000000 0.068165 0.000000 0.997674 0.343731 0.343731 0.343731
5314.416992 0.000000 2667.550293 0.000000 0.979954 0.000000 -0.199225 0.406109 0.406109 0.406109
5320.184570 0.000000 2600.567871 0.000000 0.947774 0.000000 0.318942 0.387358 0.387358 0.387358
5323.677734 0.000000 2572.564209 0.000000 0.825083 0.000000 -0.565011 0.423685 0.423685 0.423685
5339.254883 0.000000 2582.397461 0.000000 0.693913 0.000000 -0.720059 0.426090 0.426090 0.426090
5337.590332 0.000000 2577.616211 0.000000 0.995792 0.000000 0.091641 0.396609 0.396609 0.396609
5309.576172 0.000000 2578.251221 0.000000 0.162924 0.000000 -0.986639 0.447777 0.447777 0.447777
5315.899414 0.000000 2604.898193 0.000000 0.957690 0.000000 -0.287802 0.411370 0.411370 0.411370
5306.531250 0.000000 2589.200195 0.000000 0.854658 0.000000 0.519191 0.381465 0.381465 0.381465
5331.600586 0.000000 2643.407227 0.000000 0.533966 0.000000 0.845506 0.366798 0.366798 0.366798
5306.889160 0.000000 2664.330078 0.000000 0.951746 0.000000 0.306887 0.389409 0.389409 0.389409
5322.796387 0.000000 2641.955811 0.000000 0.630035 0.000000 -0.776567 0.440403 0.440403 0.440403
5379.055176 0.000000 2584.037598 0.000000 0.012951 0.000000 -0.999916 0.473895 0.473895 0.473895
5381.649902 0.000000 2587.471680 0.000000 0.999982 0.000000 -0.005985 0.400284 0.400284 0.400284
5318.038086 0.000000 2608.857178 0.000000 0.952422 0.000000 -0.304783 0.414536 0.414536 0.414536
5310.707520 0.000000 2655.875000 0.000000 0.999997 0.000000 0.002575 0.399886 0.399886 0.399886
5334.892578 0.000000 2604.427734 0.000000 0.491332 0.000000 0.870973 0.349853 0.349853 0.349853
5315.723633 0.000000 2585.375000 0.000000 0.991742 0.000000 0.128246 0.393515 0.393515 0.393515
5306.531250 0.000000 2648.534180 0.000000 0.999893 0.000000 0.014650 0.399203 0.399203 0.399203
5313.362793 0.000000 2570.164307 0.000000 0.909082 0.000000 0.416618 0.378544 0.378544 0.378544
5392.645996 0.000000 2594.881348 0.000000 0.660633 0.000000 -0.750709 0.441550 0.441550 0.441550
5309.726074 0.000000 2573.021240 0.000000 0.260718 0.000000 0.965415 0.338654 0.338654 0.338654
5322.109375 0.000000 2574.573730 0.000000 0.482768 0.000000 -0.875748 0.450612 0.450612 0.450612
5347.202637 0.000000 2602.176025 0.000000 0.915635 0.000000 -0.402011 0.419624 0.419624 0.419624
5313.998047 0.000000 2594.290527 0.000000 0.298342 0.000000 -0.954459 0.466470 0.466470 0.466470
5312.833008 0.000000 2591.789795 0.000000 0.535230 0.000000 0.844707 0.348764 0.348764 0.348764
5337.476074 0.000000 2641.206055 0.000000 0.184837 0.000000 0.982769 0.339840 0.339840 0.339840
5341.241699 0.000000 2643.808838 0.000000 0.503098 0.000000 -0.864229 0.455756 0.455756 0.455756
5386.399414 0.000000 2590.082520 0.000000 0.587648 0.000000 0.809117 0.353874 0.353874 0.353874
5313.924805 0.000000 2587.568359 0.000000 0.290668 0.000000 -0.956824 0.453513 0.453513 0.453513
5310.708496 0.000000 2586.293701 0.000000 0.770415 0.000000 -0.637543 0.432792 0.432792 0.432792
5317.330566 0.000000 2633.422852 0.000000 0.811104 0.000000 0.584902 0.364438 0.364438 0.364438
5326.138184 0.000000 2674.569336 0.000000 0.999996 0.000000 -0.002882 0.400124 0.400124 0.400124
5315.506836 0.000000 2639.126221 0.000000 0.132528 0.000000 0.991179 0.332513 0.332513 0.332513
5349.431152 0.000000 2647.173584 0.000000 0.231829 0.000000 -0.972756 0.457405 0.457405 0.457405
5336.866699 0.000000 2602.837646 0.000000 0.994804 0.000000 -0.101811 0.404838 0.404838 0.404838
5324.706543 0.000000 2592.036133 0.000000 0.944402 0.000000 -0.328792 0.414553 0.414553 0.414553
5312.334961 0.000000 2582.887939 0.000000 0.775612 0.000000 -0.631210 0.447411 0.447411 0.447411
5332.693848 0.000000 2665.926758 0.000000 0.910137 0.000000 -0.414308 0.420263 0.420263 0.420263
5330.954590 0.000000 2568.392822 0.000000 0.243884 0.000000 -0.969805 0.476711 0.476711 0.476711
5390.291992 0.000000 2669.730225 0.000000 0.116600 0.000000 -0.993179 0.479130 0.479130 0.479130
5336.307617 0.000000 2568.824463 0.000000 0.172040 0.000000 0.985090 0.293209 0.293209 0.293209
5384.064453 0.000000 2590.889404 0.000000 0.990260 0.000000 -0.139232 0.406696 0.406696 0.406696
5338.737305 0.000000 2573.968262 0.000000 0.945170 0.000000 -0.326578 0.415781 0.415781 0.415781
5343.187500 0.000000 2602.179443 0.000000 0.062015 0.000000 0.998075 0.328434 0.328434 0.328434
5386.036133 0.000000 2595.155273 0.000000 0.849640 0.000000 0.527363 0.364497 0.364497 0.364497
5344.856445 0.000000 2646.455322 0.000000 0.995161 0.000000 -0.098258 0.406978 0.406978 0.406978
5310.098633 0.000000 2659.829102 0.000000 0.149136 0.000000 0.988817 0.310594 0.310594 0.310594
5309.313477 0.000000 2657.687744 0.000000 0.119208 0.000000 0.992869 0.318114 0.318114 0.318114
5388.638184 0.000000 2662.130615 0.000000 0.846612 0.000000 0.532210 0.366934 0.366934 0.366934
5387.773926 0.000000 2597.892090 0.000000 0.948925 0.000000 0.315502 0.382050 0.382050 0.382050
5316.038086 0.000000 2630.015137 0.000000 0.883553 0.000000 -0.468331 0.431151 0.431151 0.431151
5390.388672 0.000000 2594.958252 0.000000 0.994300 0.000000 0.106616 0.394080 0.394080 0.394080
5327.072754 0.000000 2669.822510 0.000000 0.482832 0.000000 0.875713 0.333410 0.333410 0.333410
5314.023438 0.000000 2579.465576 0.000000 0.975127 0.000000 0.221649 0.383930 0.383930 0.383930
5319.156738 0.000000 2578.376709 0.000000 0.696577 0.000000 0.717482 0.350857 0.350857 0.350857
5331.543457 0.000000 2601.317383 0.000000 0.977495 0.000000 -0.210960 0.412630 0.412630 0.412630
5313.626953 0.000000 2633.248291 0.000000 0.936622 0.000000 0.350342 0.377124 0.377124 0.377124
5337.876953 0.000000 2570.306396 0.000000 0.909931 0.000000 0.414759 0.372880 0.372880 0.372880
5295.163574 0.000000 2710.130859 0.000000 0.222530 0.000000 0.974926 0.385882 0.385882 0.385882
5271.919434 0.000000 2674.610596 0.000000 0.910525 0.000000 -0.413454 0.404469 0.404469 0.404469
5283.982910 0.000000 2699.658691 0.000000 0.257936 0.000000 -0.966162 0.415043 0.415043 0.415043
5270.753418 0.000000 2703.472900 0.000000 0.806789 0.000000 -0.590840 0.405997 0.405997 0.405997
5289.340820 0.000000 2691.529541 0.000000 0.895777 0.000000 0.444503 0.393330 0.393330 0.393330
5296.961426 0.000000 2719.307373 0.000000 0.184314 0.000000 0.982867 0.383398 0.383398 0.383398
5299.644531 0.000000 2692.569336 0.000000 0.571275 0.000000 -0.820759 0.415863 0.415863 0.415863
5255.257324 0.000000 2691.020996 0.000000 0.073519 0.000000 0.997294 0.373087 0.373087 0.373087
5253.720703 0.000000 2694.651611 0.000000 0.883321 0.000000 -0.468768 0.410232 0.410232 0.410232
5296.423828 0.000000 2684.861328 0.000000 0.922581 0.000000 -0.385803 0.408108 0.408108 0.408108
5241.185059 0.000000 2675.920166 0.000000 0.191120 0.000000 -0.981567 0.439921 0.439921 0.439921
5241.873047 0.000000 2689.491211 0.000000 0.901034 0.000000 0.433748 0.388799 0.388799 0.388799
5286.688477 0.000000 2683.222656 0.000000 0.638836 0.000000 0.769343 0.378085 0.378085 0.378085
5222.140625 0.000000 2695.151123 0.000000 0.630444 0.000000 0.776235 0.370714 0.370714 0.370714
5298.211914 0.000000 2711.029785 0.000000 0.987178 0.000000 0.159625 0.394877 0.394877 0.394877
5298.640625 0.000000 2704.376953 0.000000 0.499563 0.000000 0.866278 0.365474 0.365474 0.365474
5266.932129 0.000000 2686.872070 0.000000 0.820479 0.000000 -0.571677 0.422181 0.422181 0.422181
5229.685547 0.000000 2676.199951 0.000000 0.918342 0.000000 -0.395788 0.415645 0.415645 0.415645
5258.284668 0.000000 2700.815918 0.000000 0.882945 0.000000 -0.469476 0.417325 0.417325 0.417325
5286.860840 0.000000 2693.251953 0.000000 0.132621 0.000000 -0.991167 0.451689 0.451689 0.451689
5303.643555 0.000000 2677.706787 0.000000 0.958457 0.000000 0.285238 0.390035 0.390035 0.390035
5299.854980 0.000000 2717.809082 0.000000 0.300249 0.000000 0.953861 0.349436 0.349436 0.349436
5262.979980 0.000000 2699.996826 0.000000 0.384056 0.000000 -0.923310 0.449937 0.449937 0.449937
5302.582031 0.000000 2706.228027 0.000000 0.996995 0.000000 -0.077466 0.403485 0.403485 0.403485
5275.280273 0.000000 2682.431396 0.000000 0.846613 0.000000 -0.532209 0.422978 0.422978 0.422978
5260.421387 0.000000 2695.735107 0.000000 0.776026 0.000000 0.630701 0.369673 0.369673 0.369673
5292.345215 0.000000 2684.630371 0.000000 0.982814 0.000000 0.184597 0.392677 0.392677 0.392677
5219.539062 0.000000 2696.184570 0.000000 0.041241 0.000000 -0.999149 0.469498 0.469498 0.469498
5257.727539 0.000000 2678.113525 0.000000 0.381452 0.000000 -0.924389 0.506591 0.506591 0.506591
5285.548828 0.000000 2697.346191 0.000000 0.311618 0.000000 -0.950207 0.446330 0.446330 0.446330
5292.062988 0.000000 2691.021973 0.000000 0.319361 0.000000 -0.947633 0.451005 0.451005 0.451005
5229.893555 0.000000 2681.691162 0.000000 0.141358 0.000000 0.989959 0.332931 0.332931 0.332931
5294.657715 0.000000 2694.456055 0.000000 0.953435 0.000000 -0.301599 0.414532 0.414532 0.414532
5297.554199 0.000000 2690.782227 0.000000 0.699129 0.000000 0.714996 0.365395 0.365395 0.365395
5289.634766 0.000000 2677.251709 0.000000 0.723631 0.000000 -0.690187 0.436133 0.436133 0.436133
5269.027832 0.000000 2676.160645 0.000000 0.826818 0.000000 -0.562470 0.427441 0.427441 0.427441
5262.158203 0.000000 2704.741699 0.000000 0.978600 0.000000 0.205772 0.392032 0.392032 0.392032
5295.546875 0.000000 2688.966553 0.000000 0.863115 0.000000 -0.505007 0.425111 0.425111 0.425111
5221.973633 0.000000 2701.553467 0.000000 0.166939 0.000000 0.985967 0.339751 0.339751 0.339751
5285.324219 0.000000 2674.631104 0.000000 0.947970 0.000000 0.318359 0.387543 0.387543 0.387543
5278.778320 0.000000 2690.490967 0.000000 0.993901 0.000000 0.110274 0.395034 0.395034 0.395034
5225.840820 0.000000 2698.774170 0.000000 0.306290 0.000000 0.951938 0.340256 0.340256 0.340256
5257.702637 0.000000 2690.630615 0.000000 0.316495 0.000000 0.948594 0.349495 0.349495 0.349495
5255.611328 0.000000 2682.834473 0.000000 0.881241 0.000000 0.472667 0.378368 0.378368 0.378368
5260.710449 0.000000 2701.101807 0.000000 0.983054 0.000000 -0.183316 0.408561 0.408561 0.408561
5258.395020 0.000000 2697.034180 0.000000 0.891038 0.000000 -0.453929 0.424467 0.424467 0.424467
5301.882324 0.000000 2709.485107 0.000000 0.973134 0.000000 -0.230241 0.410904 0.410904 0.410904
5264.417480 0.000000 2705.334229 0.000000 0.562964 0.000000 -0.826481 0.446146 0.446146 0.446146
5275.219727 0.000000 2690.890869 0.000000 0.248638 0.000000 -0.968597 0.468520 0.468520 0.468520
5297.072266 0.000000 2697.873779 0.000000 0.510272 0.000000 0.860013 0.351925 0.351925 0.351925
5256.818848 0.000000 2674.624023 0.000000 0.802219 0.000000 0.597030 0.349207 0.349207 0.349207
5271.830566 0.000000 2689.411621 0.000000 0.975894 0.000000 -0.218245 0.411974 0.411974 0.411974
5267.791992 0.000000 2689.147217 0.000000 0.506178 0.000000 0.862429 0.350666 0.350666 0.350666
5269.745605 0.000000 2681.401855 0.000000 0.984476 0.000000 0.175519 0.388107 0.388107 0.388107
5276.845215 0.000000 2689.565918 0.000000 0.600403 0.000000 -0.799698 0.455993 0.455993 0.455993
5331.843262 0.000000 2687.526123 0.000000 0.002072 0.000000 0.999998 0.393734 0.393734 0.393734
5358.813965 0.000000 2716.431641 0.000000 0.143949 0.000000 0.989585 0.392166 0.392166 0.392166
5384.437012 0.000000 2723.914795 0.000000 0.697955 0.000000 0.716141 0.392427 0.392427 0.392427
5389.729492 0.000000 2718.087646 0.000000 0.430634 0.000000 0.902527 0.387073 0.387073 0.387073
5389.062988 0.000000 2728.279053 0.000000 0.750578 0.000000 -0.660782 0.409371 0.409371 0.409371
5381.562500 0.000000 2740.145996 0.000000 0.729735 0.000000 0.683730 0.390978 0.390978 0.390978
5334.131348 0.000000 2675.019531 0.000000 0.484116 0.000000 -0.875004 0.419684 0.419684 0.419684
5370.054688 0.000000 2773.570557 0.000000 0.761096 0.000000 -0.648639 0.411630 0.411630 0.411630
5369.013672 0.000000 2721.374023 0.000000 0.992573 0.000000 0.121653 0.397930 0.397930 0.397930
5363.521484 0.000000 2769.448242 0.000000 0.888712 0.000000 0.458465 0.390488 0.390488 0.390488
5335.994141 0.000000 2678.107178 0.000000 0.065492 0.000000 -0.997853 0.436076 0.436076 0.436076
5358.608887 0.000000 2730.029785 0.000000 0.968234 0.000000 -0.250047 0.407067 0.407067 0.407067
5332.902832 0.000000 2680.704590 0.000000 0.793540 0.000000 0.608518 0.379421 0.379421 0.379421
5388.062988 0.000000 2686.526367 0.000000 0.022900 0.000000 0.999738 0.365220 0.365220 0.365220
5388.183105 0.000000 2775.474365 0.000000 0.967103 0.000000 0.254385 0.394221 0.394221 0.394221
5392.400879 0.000000 2728.194336 0.000000 0.241970 0.000000 0.970284 0.365561 0.365561 0.365561
5383.909180 0.000000 2707.357178 0.000000 0.996861 0.000000 -0.079168 0.401860 0.401860 0.401860
5373.411621 0.000000 2730.409668 0.000000 0.899737 0.000000 -0.436433 0.410599 0.410599 0.410599
5306.919434 0.000000 2710.107178 0.000000 0.063449 0.000000 -0.997985 0.436125 0.436125 0.436125
5377.686523 0.000000 2688.531738 0.000000 0.993913 0.000000 -0.110166 0.402811 0.402811 0.402811
5372.978516 0.000000 2712.618164 0.000000 0.169120 0.000000 -0.985596 0.450361 0.450361 0.450361
5382.848633 0.000000 2747.591553 0.000000 0.293031 0.000000 0.956103 0.357400 0.357400 0.357400
5379.748047 0.000000 2712.737793 0.000000 0.110069 0.000000 0.993924 0.356975 0.356975 0.356975
5357.415527 0.000000 2724.889893 0.000000 0.651842 0.000000 0.758355 0.366906 0.366906 0.366906
5312.594727 0.000000 2684.794922 0.000000 0.886992 0.000000 -0.461785 0.417736 0.417736 0.417736
5360.344238 0.000000 2719.307129 0.000000 0.783999 0.000000 -0.620762 0.422070 0.422070 0.422070
5380.363770 0.000000 2706.416992 0.000000 0.906578 0.000000 0.422038 0.386730 0.386730 0.386730
5363.868164 0.000000 2733.863037 0.000000 0.909670 0.000000 -0.415332 0.416681 0.416681 0.416681
5365.815430 0.000000 2736.382324 0.000000 0.674661 0.000000 0.738128 0.374711 0.374711 0.374711
5357.752930 0.000000 2767.080322 0.000000 0.995140 0.000000 0.098470 0.395863 0.395863 0.395863
5374.024902 0.000000 2718.726562 0.000000 0.413876 0.000000 -0.910333 0.445700 0.445700 0.445700
5386.836426 0.000000 2766.307129 0.000000 0.423515 0.000000 0.905889 0.362081 0.362081 0.362081
5370.042969 0.000000 2739.383789 0.000000 0.593014 0.000000 0.805192 0.362144 0.362144 0.362144
5326.801758 0.000000 2697.776367 0.000000 0.967487 0.000000 0.252920 0.390935 0.390935 0.390935
5370.295898 0.000000 2723.953613 0.000000 0.590094 0.000000 -0.807334 0.432372 0.432372 0.432372
5391.794922 0.000000 2765.218750 0.000000 0.994583 0.000000 -0.103949 0.404940 0.404940 0.404940
5386.457031 0.000000 2780.796387 0.000000 0.848401 0.000000 -0.529353 0.422283 0.422283 0.422283
5370.534180 0.000000 2714.395264 0.000000 0.998163 0.000000 0.060588 0.398002 0.398002 0.398002
5392.001953 0.000000 2725.483887 0.000000 0.515510 0.000000 0.856884 0.353750 0.353750 0.353750
5363.092285 0.000000 2775.826660 0.000000 0.372291 0.000000 0.928116 0.359025 0.359025 0.359025
5375.570312 0.000000 2735.721680 0.000000 0.360564 0.000000 -0.932734 0.454012 0.454012 0.454012
5321.083496 0.000000 2677.012939 0.000000 0.881450 0.000000 -0.472277 0.419157 0.419157 0.419157
5382.539062 0.000000 2688.966553 0.000000 0.803964 0.000000 -0.594678 0.426711 0.426711 0.426711
5360.008301 0.000000 2771.894043 0.000000 0.901790 0.000000 -0.432175 0.419860 0.419860 0.419860
5375.321289 0.000000 2714.647705 0.000000 0.972129 0.000000 0.234449 0.389129 0.389129 0.389129
5374.531250 0.000000 2723.809082 0.000000 0.059077 0.000000 -0.998253 0.464158 0.464158 0.464158
5383.059570 0.000000 2726.181396 0.000000 0.976479 0.000000 -0.215612 0.410308 0.410308 0.410308
5380.510742 0.000000 2748.746094 0.000000 0.820820 0.000000 0.571187 0.371162 0.371162 0.371162
5380.245605 0.000000 2734.568115 0.000000 0.356180 0.000000 0.934417 0.337945 0.337945 0.337945
5330.081055 0.000000 2680.305176 0.000000 0.634099 0.000000 -0.773252 0.441047 0.441047 0.441047
5379.259277 0.000000 2771.214600 0.000000 0.146652 0.000000 0.989188 0.289111 0.289111 0.289111
5327.014160 0.000000 2683.390625 0.000000 0.113632 0.000000 -0.993523 0.469108 0.469108 0.469108
5377.449707 0.000000 2744.157227 0.000000 0.496616 0.000000 -0.867970 0.440936 0.440936 0.440936
5375.636719 0.000000 2769.346436 0.000000 0.697766 0.000000 0.716326 0.340592 0.340592 0.340592
5363.381348 0.000000 2731.384277 0.000000 0.843800 0.000000 0.536658 0.373130 0.373130 0.373130
5377.744629 0.000000 2726.656982 0.000000 0.535361 0.000000 -0.844623 0.447712 0.447712 0.447712
5369.613770 0.000000 2761.823975 0.000000 0.876205 0.000000 -0.481938 0.422598 0.422598 0.422598
5360.651367 0.000000 2775.411865 0.000000 0.624818 0.000000 -0.780771 0.440707 0.440707 0.440707
5380.804688 0.000000 2737.604492 0.000000 0.998154 0.000000 -0.060728 0.402882 0.402882 0.402882
5376.526367 0.000000 2730.717041 0.000000 0.436065 0.000000 -0.899915 0.445839 0.445839 0.445839
5372.007324 0.000000 2766.570068 0.000000 0.402673 0.000000 -0.915344 0.496423 0.496423 0.496423
5333.524902 0.000000 2678.309814 0.000000 0.799183 0.000000 -0.601088 0.427369 0.427369 0.427369
5386.399414 0.000000 2697.066895 0.000000 0.971345 0.000000 0.237675 0.388737 0.388737 0.388737
5385.707031 0.000000 2685.675293 0.000000 0.649005 0.000000 0.760784 0.360719 0.360719 0.360719
5384.321777 0.000000 2768.714600 0.000000 0.636132 0.000000 0.771580 0.345874 0.345874 0.345874
5373.850586 0.000000 2764.443848 0.000000 0.150991 0.000000 0.988535 0.286619 0.286619 0.286619
5389.286133 0.000000 2735.135742 0.000000 0.507974 0.000000 -0.861372 0.449235 0.449235 0.449235
5392.404785 0.000000 2772.261963 0.000000 0.630725 0.000000 0.776006 0.333912 0.333912 0.333912
5330.954590 0.000000 2675.377197 0.000000 0.817747 0.000000 0.575578 0.365702 0.365702 0.365702
5322.868164 0.000000 2688.599609 0.000000 0.628550 0.000000 0.777769 0.360400 0.360400 0.360400
5372.309082 0.000000 2768.938965 0.000000 0.908858 0.000000 -0.417105 0.428787 0.428787 0.428787
5375.201172 0.000000 2726.041016 0.000000 0.305031 0.000000 -0.952342 0.459807 0.459807 0.459807
5362.510742 0.000000 2724.064453 0.000000 0.358590 0.000000 0.933495 0.315232 0.315232 0.315232
5381.994141 0.000000 2732.214111 0.000000 0.788185 0.000000 0.615439 0.368554 0.368554 0.368554
5367.991699 0.000000 2735.559326 0.000000 0.267595 0.000000 0.963531 0.318219 0.318219 0.318219
5372.837402 0.000000 2736.023926 0.000000 0.845628 0.000000 -0.533772 0.426989 0.426989 0.426989
5382.886230 0.000000 2773.161377 0.000000 0.434617 0.000000 -0.900615 0.483973 0.483973 0.483973
5388.638184 0.000000 2769.114990 0.000000 0.925066 0.000000 -0.379805 0.423343 0.423343 0.423343
5371.086426 0.000000 2734.610596 0.000000 0.210069 0.000000 -0.977687 0.474650 0.474650 0.474650
5358.404785 0.000000 2727.928711 0.000000 0.519918 0.000000 0.854216 0.336086 0.336086 0.336086
5368.463379 0.000000 2737.718506 0.000000 0.823516 0.000000 -0.567294 0.437649 0.437649 0.437649
5435.328125 0.000000 2575.619385 0.000000 0.417191 0.000000 0.908819 0.394306 0.394306 0.394306
5472.665527 0.000000 2649.595459 0.000000 0.416921 0.000000 0.908943 0.393165 0.393165 0.393165
5401.058105 0.000000 2631.177246 0.000000 0.214521 0.000000 0.976719 0.389178 0.389178 0.389178
5393.945801 0.000000 2618.162109 0.000000 0.243893 0.000000 0.969802 0.388758 0.388758 0.388758
5424.285156 0.000000 2635.352295 0.000000 0.932199 0.000000 -0.361946 0.404623 0.404623 0.404623
5467.568359 0.000000 2619.932617 0.000000 0.826347 0.000000 0.563162 0.391338 0.391338 0.391338
5403.600098 0.000000 2648.431152 0.000000 0.759157 0.000000 -0.650907 0.412033 0.412033 0.412033
5417.210938 0.000000 2654.539551 0.000000 0.998088 0.000000 0.061811 0.399135 0.399135 0.399135
5405.250000 0.000000 2672.580078 0.000000 0.765346 0.000000 -0.643619 0.415362 0.415362 0.415362
5405.068359 0.000000 2631.041504 0.000000 0.967010 0.000000 0.254738 0.395241 0.395241 0.395241
5470.666992 0.000000 2567.743896 0.000000 0.996154 0.000000 -0.087623 0.402190 0.402190 0.402190
5457.316406 0.000000 2643.950684 0.000000 0.392573 0.000000 -0.919721 0.420401 0.420401 0.420401
5454.636719 0.000000 2673.076660 0.000000 0.897826 0.000000 -0.440351 0.408652 0.408652 0.408652
5448.500000 0.000000 2581.648926 0.000000 0.895561 0.000000 -0.444938 0.412893 0.412893 0.412893
5470.408203 0.000000 2577.876953 0.000000 0.829643 0.000000 -0.558295 0.415084 0.415084 0.415084
5478.481445 0.000000 2597.135986 0.000000 0.237347 0.000000 0.971425 0.364108 0.364108 0.364108
5401.441406 0.000000 2581.625732 0.000000 0.973566 0.000000 -0.228406 0.407249 0.407249 0.407249
5451.396973 0.000000 2672.393311 0.000000 0.999863 0.000000 0.016577 0.399594 0.399594 0.399594
5419.375977 0.000000 2668.431885 0.000000 0.869082 0.000000 -0.494668 0.411885 0.411885 0.411885
5430.771484 0.000000 2642.909180 0.000000 0.789556 0.000000 -0.613678 0.415835 0.415835 0.415835
5439.148438 0.000000 2576.241211 0.000000 0.294174 0.000000 -0.955752 0.436843 0.436843 0.436843
5444.343750 0.000000 2664.310547 0.000000 0.352422 0.000000 -0.935841 0.439896 0.439896 0.439896
5393.697266 0.000000 2599.376709 0.000000 0.469760 0.000000 -0.882794 0.439970 0.439970 0.439970
5403.909180 0.000000 2669.544922 0.000000 0.561412 0.000000 -0.827537 0.430661 0.430661 0.430661
5469.881836 0.000000 2606.275635 0.000000 0.935298 0.000000 0.353861 0.386636 0.386636 0.386636
5401.409180 0.000000 2667.550293 0.000000 0.745095 0.000000 0.666959 0.377398 0.377398 0.377398
5438.501465 0.000000 2662.995850 0.000000 0.479855 0.000000 -0.877348 0.432599 0.432599 0.432599
5428.997559 0.000000 2652.671875 0.000000 0.854156 0.000000 0.520017 0.349757 0.349757 0.349757
5414.252441 0.000000 2585.014893 0.000000 0.991641 0.000000 -0.129028 0.404070 0.404070 0.404070
5471.304199 0.000000 2574.312500 0.000000 0.598855 0.000000 0.800857 0.361975 0.361975 0.361975
5476.246582 0.000000 2592.979248 0.000000 0.403653 0.000000 -0.914912 0.438072 0.438072 0.438072
5394.500977 0.000000 2609.384521 0.000000 0.018356 0.000000 0.999831 0.338763 0.338763 0.338763
5416.458008 0.000000 2666.027100 0.000000 0.732214 0.000000 0.681074 0.371195 0.371195 0.371195
5431.222656 0.000000 2597.827148 0.000000 0.855064 0.000000 0.518522 0.382036 0.382036 0.382036
5440.612305 0.000000 2670.221436 0.000000 0.964724 0.000000 -0.263264 0.411307 0.411307 0.411307
5413.793945 0.000000 2590.791992 0.000000 0.488466 0.000000 -0.872583 0.446067 0.446067 0.446067
5468.020020 0.000000 2649.387451 0.000000 0.683587 0.000000 0.729869 0.366912 0.366912 0.366912
5405.308594 0.000000 2585.850342 0.000000 0.433154 0.000000 -0.901320 0.453260 0.453260 0.453260
5399.184082 0.000000 2599.762695 0.000000 0.135382 0.000000 0.990793 0.336231 0.336231 0.336231
5478.787109 0.000000 2658.234375 0.000000 0.222187 0.000000 0.975004 0.337463 0.337463 0.337463
5393.541992 0.000000 2593.381592 0.000000 0.337621 0.000000 0.941282 0.351624 0.351624 0.351624
5440.432129 0.000000 2659.826416 0.000000 0.436715 0.000000 -0.899600 0.453631 0.453631 0.453631
5462.825684 0.000000 2648.293213 0.000000 0.647965 0.000000 0.761670 0.360224 0.360224 0.360224
5418.592773 0.000000 2643.407227 0.000000 0.492834 0.000000 -0.870123 0.442160 0.442160 0.442160
5476.438477 0.000000 2585.411621 0.000000 0.733741 0.000000 0.679429 0.364567 0.364567 0.364567
5474.354004 0.000000 2583.001465 0.000000 0.986917 0.000000 0.161232 0.392238 0.392238 0.392238
5397.565918 0.000000 2645.256104 0.000000 0.733805 0.000000 0.679360 0.364572 0.364572 0.364572
5413.009766 0.000000 2658.665527 0.000000 0.510563 0.000000 0.859840 0.362276 0.362276 0.362276
5396.468262 0.000000 2619.294434 0.000000 0.838191 0.000000 -0.545377 0.423618 0.423618 0.423618
5428.793945 0.000000 2673.826416 0.000000 0.925505 0.000000 -0.378736 0.418425 0.418425 0.418425
5459.928223 0.000000 2644.581543 0.000000 0.317295 0.000000 -0.948327 0.455456 0.455456 0.455456
5404.992676 0.000000 2592.855469 0.000000 0.999663 0.000000 -0.025947 0.400972 0.400972 0.400972
5400.250000 0.000000 2617.693604 0.000000 0.211285 0.000000 0.977425 0.349827 0.349827 0.349827
5440.400879 0.000000 2664.816650 0.000000 0.071329 0.000000 0.997453 0.332620 0.332620 0.332620
5408.424805 0.000000 2644.188232 0.000000 0.365587 0.000000 0.930777 0.349815 0.349815 0.349815
5402.715820 0.000000 2585.375000 0.000000 0.353062 0.000000 0.935600 0.342607 0.342607 0.342607
5479.289551 0.000000 2580.944092 0.000000 0.438386 0.000000 -0.898787 0.445734 0.445734 0.445734
5469.768066 0.000000 2614.663574 0.000000 0.861937 0.000000 -0.507015 0.423894 0.423894 0.423894
5403.129395 0.000000 2619.870117 0.000000 0.543623 0.000000 -0.839330 0.442274 0.442274 0.442274
5438.408203 0.000000 2570.379395 0.000000 0.207443 0.000000 -0.978247 0.459838 0.459838 0.459838
5402.447754 0.000000 2672.708740 0.000000 0.999937 0.000000 0.011217 0.399496 0.399496 0.399496
5404.624023 0.000000 2600.214355 0.000000 0.129596 0.000000 0.991567 0.323022 0.323022 0.323022
5395.958008 0.000000 2594.569092 0.000000 0.049203 0.000000 -0.998789 0.472175 0.472175 0.472175
5423.213379 0.000000 2658.409424 0.000000 0.824756 0.000000 -0.565488 0.424608 0.424608 0.424608
5463.064941 0.000000 2602.862061 0.000000 0.220518 0.000000 0.975383 0.290926 0.290926 0.290926
5405.944824 0.000000 2659.680664 0.000000 0.733718 0.000000 0.679454 0.359717 0.359717 0.359717
5410.486328 0.000000 2658.256836 0.000000 0.811121 0.000000 -0.584878 0.429322 0.429322 0.429322
5479.638184 0.000000 2594.881348 0.000000 0.791847 0.000000 -0.610720 0.425914 0.425914 0.425914
5406.635742 0.000000 2582.246582 0.000000 0.523074 0.000000 0.852287 0.355676 0.355676 0.355676
5479.438477 0.000000 2576.135498 0.000000 0.664061 0.000000 -0.747678 0.440061 0.440061 0.440061
5446.470215 0.000000 2580.164062 0.000000 0.638157 0.000000 -0.769906 0.437293 0.437293 0.437293
5426.125977 0.000000 2661.621582 0.000000 0.890873 0.000000 -0.454253 0.433197 0.433197 0.433197
5400.990234 0.000000 2594.290527 0.000000 0.959313 0.000000 -0.282346 0.414578 0.414578 0.414578
5412.981445 0.000000 2596.091064 0.000000 0.083491 0.000000 -0.996509 0.521040 0.521040 0.521040
5416.296875 0.000000 2636.159180 0.000000 0.391352 0.000000 -0.920241 0.458354 0.458354 0.458354
5416.937988 0.000000 2647.555420 0.000000 0.917585 0.000000 -0.397539 0.419393 0.419393 0.419393
5443.353516 0.000000 2668.932129 0.000000 0.805338 0.000000 0.592816 0.372752 0.372752 0.372752
5424.468262 0.000000 2641.206055 0.000000 0.796859 0.000000 0.604166 0.369228 0.369228 0.369228
5451.702148 0.000000 2588.085205 0.000000 0.032103 0.000000 -0.999485 0.479133 0.479133 0.479133
5428.233887 0.000000 2643.808838 0.000000 0.299774 0.000000 0.954010 0.348152 0.348152 0.348152
5435.941406 0.000000 2652.120605 0.000000 0.208689 0.000000 0.977982 0.335463 0.335463 0.335463
5398.431152 0.000000 2670.270020 0.000000 0.561441 0.000000 -0.827517 0.475919 0.475919 0.475919
5408.549805 0.000000 2660.685547 0.000000 0.843150 0.000000 -0.537679 0.426361 0.426361 0.426361
5397.913574 0.000000 2602.930420 0.000000 0.575492 0.000000 -0.817808 0.445423 0.445423 0.445423
5418.964355 0.000000 2649.647705 0.000000 0.765945 0.000000 0.642906 0.360950 0.360950 0.360950
5402.890137 0.000000 2625.678467 0.000000 0.988181 0.000000 -0.153289 0.410374 0.410374 0.410374
5409.304199 0.000000 2599.397705 0.000000 0.996465 0.000000 0.084009 0.393995 0.393995 0.393995
5427.144043 0.000000 2597.070068 0.000000 0.878244 0.000000 -0.478213 0.423652 0.423652 0.423652
5406.249512 0.000000 2628.930420 0.000000 0.775118 0.000000 -0.631816 0.436538 0.436538 0.436538
5412.197266 0.000000 2662.859131 0.000000 0.427643 0.000000 -0.903948 0.449604 0.449604 0.449604
5416.713867 0.000000 2645.040039 0.000000 0.838640 0.000000 -0.544686 0.427323 0.427323 0.427323
5413.237305 0.000000 2637.524414 0.000000 0.962058 0.000000 -0.272846 0.421388 0.421388 0.421388
5401.195312 0.000000 2657.645996 0.000000 0.895807 0.000000 0.444444 0.376774 0.376774 0.376774
5411.698730 0.000000 2592.036133 0.000000 0.010458 0.000000 -0.999945 0.467781 0.467781 0.467781
5400.184570 0.000000 2673.632080 0.000000 0.417597 0.000000 -0.908632 0.477982 0.477982 0.477982
5399.327148 0.000000 2582.887939 0.000000 0.887033 0.000000 -0.461705 0.422765 0.422765 0.422765
5419.686035 0.000000 2665.926758 0.000000 0.235895 0.000000 0.971779 0.336121 0.336121 0.336121
5433.075684 0.000000 2673.647217 0.000000 0.081719 0.000000 0.996655 0.329371 0.329371 0.329371
5403.313965 0.000000 2656.295898 0.000000 0.905350 0.000000 0.424666 0.373502 0.373502 0.373502
5433.223633 0.000000 2670.951904 0.000000 0.930706 0.000000 0.365768 0.382238 0.382238 0.382238
5409.451660 0.000000 2655.978760 0.000000 0.929779 0.000000 -0.368118 0.419011 0.419011 0.419011
5426.549805 0.000000 2666.288574 0.000000 0.107388 0.000000 0.994217 0.330594 0.330594 0.330594
5434.037109 0.000000 2650.670410 0.000000 0.582859 0.000000 0.812573 0.355953 0.355953 0.355953
5445.814941 0.000000 2582.427246 0.000000 0.959405 0.000000 -0.282033 0.413562 0.413562 0.413562
5452.958984 0.000000 2591.320068 0.000000 0.997814 0.000000 -0.066078 0.404854 0.404854 0.404854
5416.612305 0.000000 2599.342041 0.000000 0.975263 0.000000 0.221049 0.384531 0.384531 0.384531
5469.749023 0.000000 2569.818604 0.000000 0.370593 0.000000 0.928795 0.343499 0.343499 0.343499
5413.426270 0.000000 2629.635986 0.000000 0.684732 0.000000 -0.728795 0.460342 0.460342 0.460342
5430.179688 0.000000 2602.179443 0.000000 0.320429 0.000000 0.947273 0.340962 0.340962 0.340962
5425.733887 0.000000 2649.136230 0.000000 0.156990 0.000000 0.987600 0.288515 0.288515 0.288515
5427.678711 0.000000 2663.520752 0.000000 0.936988 0.000000 0.349361 0.380576 0.380576 0.380576
5454.555664 0.000000 2599.825928 0.000000 0.024649 0.000000 -0.999696 0.513485 0.513485 0.513485
5462.567871 0.000000 2600.553223 0.000000 0.941310 0.000000 0.337544 0.380574 0.380574 0.380574
5405.893555 0.000000 2595.181152 0.000000 0.896343 0.000000 0.443362 0.372707 0.372707 0.372707
5408.843262 0.000000 2635.282227 0.000000 0.942319 0.000000 0.334715 0.377505 0.377505 0.377505
5465.326660 0.000000 2603.896973 0.000000 0.066417 0.000000 0.997792 0.323385 0.323385 0.323385
5417.280762 0.000000 2597.172607 0.000000 0.947035 0.000000 -0.321130 0.422853 0.422853 0.422853
5452.682617 0.000000 2595.813721 0.000000 0.954146 0.000000 -0.299342 0.418519 0.418519 0.418519
5412.536133 0.000000 2598.285645 0.000000 0.352035 0.000000 -0.935987 0.488285 0.488285 0.488285
5417.620117 0.000000 2638.531494 0.000000 0.947200 0.000000 -0.320644 0.416624 0.416624 0.416624
5404.874512 0.000000 2640.726562 0.000000 0.401607 0.000000 0.915812 0.339314 0.339314 0.339314
5407.208496 0.000000 2655.708008 0.000000 0.454746 0.000000 0.890621 0.327037 0.327037 0.327037
5406.987793 0.000000 2625.615234 0.000000 0.205101 0.000000 -0.978741 0.483103 0.483103 0.483103
5477.593750 0.000000 2588.180176 0.000000 0.282858 0.000000 0.959162 0.329476 0.329476 0.329476
5464.744141 0.000000 2612.059814 0.000000 0.244940 0.000000 -0.969538 0.477969 0.477969 0.477969
5457.666504 0.000000 2595.993896 0.000000 0.198094 0.000000 0.980183 0.313722 0.313722 0.313722
5424.315918 0.000000 2660.642822 0.000000 0.843005 0.000000 -0.537906 0.434597 0.434597 0.434597
5461.082031 0.000000 2599.195557 0.000000 0.351661 0.000000 0.936127 0.326204 0.326204 0.326204
5415.225098 0.000000 2592.378418 0.000000 0.822508 0.000000 0.568754 0.361334 0.361334 0.361334
5396.158691 0.000000 2668.201904 0.000000 0.036350 0.000000 0.999339 0.302698 0.302698 0.302698
5494.571289 0.000000 2587.455811 0.000000 0.809083 0.000000 -0.587694 0.401568 0.401568 0.401568
5481.357422 0.000000 2667.016357 0.000000 0.860862 0.000000 -0.508838 0.401866 0.401866 0.401866
5495.582520 0.000000 2648.551025 0.000000 0.190255 0.000000 -0.981735 0.406199 0.406199 0.406199
5492.107422 0.000000 2626.769531 0.000000 0.002479 0.000000 -0.999997 0.407048 0.407048 0.407048
5493.572754 0.000000 2662.163086 0.000000 0.464226 0.000000 0.885717 0.395111 0.395111 0.395111
5527.360352 0.000000 2599.682861 0.000000 0.375722 0.000000 0.926732 0.393488 0.393488 0.393488
5533.542480 0.000000 2584.690186 0.000000 0.031641 0.000000 0.999499 0.389241 0.389241 0.389241
5513.419922 0.000000 2591.480957 0.000000 0.999682 0.000000 0.025211 0.399824 0.399824 0.399824
5561.135254 0.000000 2600.859375 0.000000 0.872694 0.000000 0.488267 0.394651 0.394651 0.394651
5503.018066 0.000000 2608.064209 0.000000 0.996709 0.000000 -0.081057 0.401216 0.401216 0.401216
5506.088867 0.000000 2646.137451 0.000000 0.991409 0.000000 -0.130799 0.401768 0.401768 0.401768
5536.665039 0.000000 2610.478760 0.000000 0.061915 0.000000 -0.998081 0.428628 0.428628 0.428628
5500.485840 0.000000 2604.386230 0.000000 0.565668 0.000000 -0.824633 0.417428 0.417428 0.417428
5537.639648 0.000000 2590.722412 0.000000 0.996201 0.000000 -0.087080 0.401785 0.401785 0.401785
5565.473633 0.000000 2597.135986 0.000000 0.979465 0.000000 0.201614 0.395641 0.395641 0.395641
5553.126465 0.000000 2596.490967 0.000000 0.891524 0.000000 0.452973 0.388968 0.388968 0.388968
5566.385254 0.000000 2621.209961 0.000000 0.379940 0.000000 0.925011 0.362848 0.362848 0.362848
5517.763672 0.000000 2642.909180 0.000000 0.116716 0.000000 0.993165 0.361527 0.361527 0.361527
5483.117188 0.000000 2588.166748 0.000000 0.757285 0.000000 -0.653085 0.423807 0.423807 0.423807
5565.043945 0.000000 2603.456055 0.000000 0.526229 0.000000 -0.850343 0.434010 0.434010 0.434010
5520.793457 0.000000 2585.036865 0.000000 0.997192 0.000000 -0.074885 0.402246 0.402246 0.402246
5480.689453 0.000000 2599.376709 0.000000 0.489956 0.000000 -0.871747 0.430662 0.430662 0.430662
5566.204102 0.000000 2640.430908 0.000000 0.384568 0.000000 -0.923097 0.432884 0.432884 0.432884
5558.148438 0.000000 2626.061768 0.000000 0.385168 0.000000 -0.922847 0.439909 0.439909 0.439909
5523.590820 0.000000 2583.234863 0.000000 0.775655 0.000000 -0.631157 0.421145 0.421145 0.421145
5532.285156 0.000000 2588.718506 0.000000 0.255696 0.000000 0.966757 0.354791 0.354791 0.354791
5559.509766 0.000000 2620.233154 0.000000 0.392400 0.000000 0.919795 0.353945 0.353945 0.353945
5525.093750 0.000000 2657.186523 0.000000 0.783061 0.000000 -0.621945 0.422120 0.422120 0.422120
5495.460938 0.000000 2613.349365 0.000000 0.631326 0.000000 0.775517 0.361446 0.361446 0.361446
5483.560547 0.000000 2578.251221 0.000000 0.740396 0.000000 0.672171 0.378284 0.378284 0.378284
5497.584473 0.000000 2625.816406 0.000000 0.038162 0.000000 -0.999272 0.465812 0.465812 0.465812
5523.956543 0.000000 2593.012451 0.000000 0.996434 0.000000 0.084373 0.396963 0.396963 0.396963
5537.408691 0.000000 2593.621826 0.000000 0.695311 0.000000 -0.718709 0.425627 0.425627 0.425627
5499.811035 0.000000 2642.225342 0.000000 0.966692 0.000000 -0.255943 0.409046 0.409046 0.409046
5489.883789 0.000000 2604.898193 0.000000 0.710765 0.000000 -0.703430 0.428049 0.428049 0.428049
5498.681641 0.000000 2621.125488 0.000000 0.630319 0.000000 -0.776336 0.438167 0.438167 0.438167
5554.337891 0.000000 2660.238037 0.000000 0.985561 0.000000 -0.169321 0.406287 0.406287 0.406287
5528.945312 0.000000 2590.177002 0.000000 0.938457 0.000000 0.345397 0.370241 0.370241 0.370241
5480.515625 0.000000 2589.200195 0.000000 0.931985 0.000000 0.362496 0.383516 0.383516 0.383516
5486.176270 0.000000 2599.762695 0.000000 0.852550 0.000000 -0.522645 0.425263 0.425263 0.425263
5565.779297 0.000000 2658.234375 0.000000 0.999697 0.000000 -0.024630 0.401070 0.401070 0.401070
5560.441406 0.000000 2673.812012 0.000000 0.380706 0.000000 0.924696 0.344016 0.344016 0.344016
5485.335449 0.000000 2661.748291 0.000000 0.664625 0.000000 -0.747177 0.439604 0.439604 0.439604
5539.209473 0.000000 2608.791504 0.000000 0.995720 0.000000 -0.092424 0.403697 0.403697 0.403697
5560.645020 0.000000 2624.748779 0.000000 0.127374 0.000000 -0.991855 0.458364 0.458364 0.458364
5565.986328 0.000000 2618.499512 0.000000 0.785779 0.000000 -0.618507 0.432630 0.432630 0.432630
5500.806641 0.000000 2649.210449 0.000000 0.794141 0.000000 0.607733 0.369668 0.369668 0.369668
5522.005859 0.000000 2661.238281 0.000000 0.386060 0.000000 0.922473 0.344878 0.344878 0.344878
5558.096191 0.000000 2664.227295 0.000000 0.638643 0.000000 -0.769503 0.441650 0.441650 0.441650
5505.280762 0.000000 2652.022217 0.000000 0.316095 0.000000 -0.948727 0.459254 0.459254 0.459254
5507.764648 0.000000 2634.563232 0.000000 0.113899 0.000000 0.993492 0.345451 0.345451 0.345451
5527.393066 0.000000 2664.816650 0.000000 0.780600 0.000000 -0.625030 0.430678 0.430678 0.430678
5548.515625 0.000000 2616.824707 0.000000 0.884237 0.000000 0.467039 0.375737 0.375737 0.375737
5532.569824 0.000000 2670.034424 0.000000 0.697473 0.000000 0.716611 0.370081 0.370081 0.370081
5554.495117 0.000000 2641.761719 0.000000 0.887926 0.000000 -0.459985 0.423389 0.423389 0.423389
5566.350098 0.000000 2632.739746 0.000000 0.869110 0.000000 -0.494618 0.423767 0.423767 0.423767
5491.616211 0.000000 2600.214355 0.000000 0.579404 0.000000 -0.815041 0.437584 0.437584 0.437584
5554.229980 0.000000 2627.583740 0.000000 0.983975 0.000000 0.178308 0.391586 0.391586 0.391586
5482.950195 0.000000 2594.569092 0.000000 0.980332 0.000000 -0.197354 0.408927 0.408927 0.408927
5522.570801 0.000000 2656.640137 0.000000 0.623915 0.000000 -0.781492 0.437624 0.437624 0.437624
5566.630371 0.000000 2594.881348 0.000000 0.999983 0.000000 -0.005836 0.400254 0.400254 0.400254
5503.289062 0.000000 2636.159180 0.000000 0.663920 0.000000 0.747804 0.351072 0.351072 0.351072
5503.930176 0.000000 2647.555420 0.000000 0.302252 0.000000 -0.953228 0.456790 0.456790 0.456790
5559.414062 0.000000 2641.296875 0.000000 0.955488 0.000000 0.295030 0.382355 0.382355 0.382355
5530.345703 0.000000 2668.932129 0.000000 0.345363 0.000000 0.938469 0.342217 0.342217 0.342217
5554.789062 0.000000 2630.620117 0.000000 0.837242 0.000000 0.546833 0.373133 0.373133 0.373133
5550.510742 0.000000 2623.732666 0.000000 0.200264 0.000000 -0.979742 0.459477 0.459477 0.459477
5532.387695 0.000000 2593.972412 0.000000 0.921862 0.000000 0.387518 0.368805 0.368805 0.368805
5559.658203 0.000000 2657.123047 0.000000 0.653565 0.000000 -0.756871 0.436865 0.436865 0.436865
5557.907227 0.000000 2632.484863 0.000000 0.992933 0.000000 -0.118680 0.405643 0.405643 0.405643
5487.909180 0.000000 2587.568359 0.000000 0.816652 0.000000 -0.577131 0.425803 0.425803 0.425803
5558.306152 0.000000 2661.730225 0.000000 0.999253 0.000000 -0.038635 0.401872 0.401872 0.401872
5563.270508 0.000000 2628.151367 0.000000 0.498282 0.000000 0.867015 0.349185 0.349185 0.349185
5566.389160 0.000000 2665.277588 0.000000 0.236009 0.000000 -0.971751 0.475850 0.475850 0.475850
5526.787109 0.000000 2588.940430 0.000000 0.749252 0.000000 0.662286 0.346508 0.346508 0.346508
5556.722168 0.000000 2638.170166 0.000000 0.549061 0.000000 -0.835782 0.449409 0.449409 0.449409
5541.987305 0.000000 2603.123291 0.000000 0.129168 0.000000 -0.991623 0.471964 0.471964 0.471964
5500.229492 0.000000 2637.524414 0.000000 0.972349 0.000000 -0.233534 0.415771 0.415771 0.415771
5516.675293 0.000000 2589.081299 0.000000 0.167067 0.000000 0.985946 0.333452 0.333452 0.333452
5488.647461 0.000000 2589.832764 0.000000 0.771928 0.000000 0.635710 0.367321 0.367321 0.367321
5562.161621 0.000000 2671.591797 0.000000 0.996069 0.000000 0.088586 0.395792 0.395792 0.395792
5564.276367 0.000000 2669.730225 0.000000 0.486776 0.000000 0.873527 0.349075 0.349075 0.349075
5547.328613 0.000000 2620.902588 0.000000 0.913619 0.000000 0.406570 0.370732 0.370732 0.370732
5549.185547 0.000000 2619.056641 0.000000 0.439577 0.000000 -0.898205 0.467962 0.467962 0.467962
5500.870605 0.000000 2644.306885 0.000000 0.877558 0.000000 -0.479471 0.423220 0.423220 0.423220
5531.599609 0.000000 2590.983398 0.000000 0.501795 0.000000 0.864987 0.321202 0.321202 0.321202
5560.020508 0.000000 2595.155273 0.000000 0.730390 0.000000 -0.683031 0.435666 0.435666 0.435666
5541.547852 0.000000 2599.825928 0.000000 0.875978 0.000000 0.482350 0.375371 0.375371 0.375371
5495.835449 0.000000 2635.282227 0.000000 0.977958 0.000000 -0.208800 0.411133 0.411133 0.411133
5562.436523 0.000000 2638.369873 0.000000 0.824013 0.000000 0.566571 0.368722 0.368722 0.368722
5563.759766 0.000000 2618.598633 0.000000 0.665245 0.000000 0.746625 0.341494 0.341494 0.341494
5498.738281 0.000000 2631.472656 0.000000 0.987833 0.000000 -0.155521 0.409045 0.409045 0.409045
5533.941895 0.000000 2596.828369 0.000000 0.155727 0.000000 0.987800 0.301833 0.301833 0.301833
5535.860352 0.000000 2592.207275 0.000000 0.994712 0.000000 0.102701 0.393527 0.393527 0.393527
5444.842773 0.000000 2737.624512 0.000000 0.321183 0.000000 -0.947017 0.403105 0.403105 0.403105
5453.815430 0.000000 2733.609375 0.000000 0.992206 0.000000 -0.124611 0.400437 0.400437 0.400437
5473.588867 0.000000 2770.056152 0.000000 0.570904 0.000000 -0.821017 0.407695 0.407695 0.407695
5462.265137 0.000000 2679.813965 0.000000 0.289143 0.000000 -0.957286 0.410843 0.410843 0.410843
5410.063965 0.000000 2708.726562 0.000000 0.782144 0.000000 0.623098 0.393618 0.393618 0.393618
5447.667480 0.000000 2684.940674 0.000000 0.490008 0.000000 0.871718 0.386256 0.386256 0.386256
5416.025879 0.000000 2715.048584 0.000000 0.989656 0.000000 -0.143459 0.402013 0.402013 0.402013
5470.945801 0.000000 2719.307373 0.000000 0.912051 0.000000 -0.410077 0.405485 0.405485 0.405485
5443.835449 0.000000 2678.852539 0.000000 0.976925 0.000000 -0.213585 0.403009 0.403009 0.403009
5436.860840 0.000000 2722.317383 0.000000 0.385818 0.000000 0.922575 0.383577 0.383577 0.383577
5403.600098 0.000000 2755.415527 0.000000 0.511929 0.000000 -0.859028 0.412899 0.412899 0.412899
5461.055176 0.000000 2737.972168 0.000000 0.071118 0.000000 -0.997468 0.428453 0.428453 0.428453
5472.176758 0.000000 2773.883057 0.000000 0.314915 0.000000 0.949120 0.381269 0.381269 0.381269
5422.403320 0.000000 2735.041748 0.000000 0.220741 0.000000 0.975333 0.379131 0.379131 0.379131
5421.123535 0.000000 2675.019531 0.000000 0.672908 0.000000 -0.739726 0.415799 0.415799 0.415799
5456.005859 0.000000 2721.374023 0.000000 0.851821 0.000000 0.523833 0.389264 0.389264 0.389264
5410.347656 0.000000 2740.535400 0.000000 0.891167 0.000000 0.453676 0.389655 0.389655 0.389655
5443.096191 0.000000 2699.918945 0.000000 0.341296 0.000000 -0.939956 0.421975 0.421975 0.421975
5420.579590 0.000000 2684.153320 0.000000 0.999977 0.000000 0.006720 0.399869 0.399869 0.399869
5425.241211 0.000000 2775.347900 0.000000 0.511491 0.000000 0.859289 0.372640 0.372640 0.372640
5476.104980 0.000000 2754.825195 0.000000 0.029616 0.000000 0.999561 0.363063 0.363063 0.363063
5469.798828 0.000000 2754.029541 0.000000 0.862767 0.000000 0.505601 0.389148 0.389148 0.389148
5436.750488 0.000000 2675.328613 0.000000 0.087721 0.000000 -0.996145 0.437763 0.437763 0.437763
5454.543945 0.000000 2763.171143 0.000000 0.053047 0.000000 0.998592 0.368930 0.368930 0.368930
5424.074219 0.000000 2695.658936 0.000000 0.094074 0.000000 0.995565 0.357238 0.357238 0.357238
5460.672852 0.000000 2683.222656 0.000000 0.978898 0.000000 -0.204349 0.405754 0.405754 0.405754
5397.103516 0.000000 2704.270996 0.000000 0.067843 0.000000 -0.997696 0.444274 0.444274 0.444274
5441.510254 0.000000 2735.789307 0.000000 0.979664 0.000000 0.200645 0.393746 0.393746 0.393746
5466.134277 0.000000 2703.475342 0.000000 0.221576 0.000000 -0.975143 0.432965 0.432965 0.432965
5467.810059 0.000000 2723.477051 0.000000 0.478818 0.000000 0.877914 0.374320 0.374320 0.374320
5401.942383 0.000000 2717.926514 0.000000 0.602543 0.000000 0.798086 0.371854 0.371854 0.371854
5409.250488 0.000000 2780.064453 0.000000 0.999251 0.000000 0.038695 0.398879 0.398879 0.398879
5396.125000 0.000000 2695.151123 0.000000 0.674490 0.000000 0.738284 0.378851 0.378851 0.378851
5448.853027 0.000000 2675.885010 0.000000 0.944429 0.000000 -0.328716 0.408028 0.408028 0.408028
5470.901367 0.000000 2707.357178 0.000000 0.913042 0.000000 -0.407866 0.414264 0.414264 0.414264
5420.562012 0.000000 2765.409912 0.000000 0.436209 0.000000 0.899845 0.364228 0.364228 0.364228
5433.801270 0.000000 2692.021240 0.000000 0.792945 0.000000 0.609294 0.377755 0.377755 0.377755
5464.678711 0.000000 2688.531738 0.000000 0.407369 0.000000 0.913263 0.367810 0.367810 0.367810
5472.625000 0.000000 2704.376953 0.000000 0.976309 0.000000 -0.216382 0.405663 0.405663 0.405663
5431.637207 0.000000 2727.321533 0.000000 0.938696 0.000000 -0.344746 0.413005 0.413005 0.413005
5443.004883 0.000000 2691.062012 0.000000 0.657736 0.000000 -0.753249 0.431091 0.431091 0.431091
5416.384766 0.000000 2733.143799 0.000000 0.994708 0.000000 -0.102742 0.403495 0.403495 0.403495
5445.140625 0.000000 2756.911865 0.000000 0.491713 0.000000 0.870757 0.363593 0.363593 0.363593
5471.156250 0.000000 2733.046143 0.000000 0.057557 0.000000 -0.998342 0.438534 0.438534 0.438534
5426.160156 0.000000 2701.509277 0.000000 0.626597 0.000000 -0.779343 0.433911 0.433911 0.433911
5425.223145 0.000000 2761.320312 0.000000 0.692033 0.000000 0.721866 0.378255 0.378255 0.378255
5443.840332 0.000000 2710.244385 0.000000 0.220405 0.000000 0.975408 0.348152 0.348152 0.348152
5421.450684 0.000000 2704.552734 0.000000 0.677800 0.000000 -0.735246 0.423922 0.423922 0.423922
5428.997559 0.000000 2759.656250 0.000000 0.669411 0.000000 -0.742893 0.433449 0.433449 0.433449
5444.279297 0.000000 2751.198975 0.000000 0.961312 0.000000 -0.275461 0.411705 0.411705 0.411705
5411.108398 0.000000 2743.471436 0.000000 0.985910 0.000000 0.167276 0.393371 0.393371 0.393371
5426.247070 0.000000 2689.381836 0.000000 0.999327 0.000000 0.036685 0.398461 0.398461 0.398461
5415.259766 0.000000 2726.874512 0.000000 0.504255 0.000000 -0.863555 0.439031 0.439031 0.439031
5408.468750 0.000000 2720.333740 0.000000 0.647545 0.000000 -0.762027 0.480900 0.480900 0.480900
5404.858887 0.000000 2687.141846 0.000000 0.708695 0.000000 0.705515 0.375756 0.375756 0.375756
5430.018066 0.000000 2771.158936 0.000000 0.610323 0.000000 -0.792153 0.431501 0.431501 0.431501
5416.455078 0.000000 2701.202881 0.000000 0.802116 0.000000 -0.597168 0.420131 0.420131 0.420131
5443.023926 0.000000 2781.313721 0.000000 0.462046 0.000000 -0.886856 0.444104 0.444104 0.444104
5454.631348 0.000000 2684.639160 0.000000 0.778776 0.000000 0.627302 0.341088 0.341088 0.341088
5455.518066 0.000000 2765.867920 0.000000 0.916351 0.000000 0.400376 0.383957 0.383957 0.383957
5473.828613 0.000000 2766.307129 0.000000 0.997962 0.000000 0.063804 0.397450 0.397450 0.397450
5404.868164 0.000000 2730.901611 0.000000 0.999965 0.000000 0.008313 0.399660 0.399660 0.399660
5440.612305 0.000000 2777.205811 0.000000 0.469335 0.000000 -0.883020 0.447554 0.447554 0.447554
5456.634277 0.000000 2733.064697 0.000000 0.881721 0.000000 -0.471771 0.417908 0.417908 0.417908
5423.572754 0.000000 2757.257568 0.000000 0.006730 0.000000 0.999977 0.348457 0.348457 0.348457
5433.562012 0.000000 2729.358643 0.000000 0.719030 0.000000 -0.694979 0.424171 0.424171 0.424171
5434.405762 0.000000 2695.735107 0.000000 0.900082 0.000000 -0.435720 0.415758 0.415758 0.415758
5450.234863 0.000000 2686.096191 0.000000 0.980646 0.000000 0.195790 0.392719 0.392719 0.392719
5452.381836 0.000000 2744.981201 0.000000 0.166361 0.000000 -0.986065 0.446958 0.446958 0.446958
5402.891602 0.000000 2711.882568 0.000000 0.953136 0.000000 0.302543 0.386648 0.386648 0.386648
5411.689453 0.000000 2728.109863 0.000000 0.028202 0.000000 -0.999602 0.534790 0.534790 0.534790
5468.020020 0.000000 2756.371826 0.000000 0.366699 0.000000 -0.930340 0.449538 0.449538 0.449538
5467.345703 0.000000 2767.222412 0.000000 0.930849 0.000000 0.365404 0.388046 0.388046 0.388046
5437.092773 0.000000 2696.624512 0.000000 0.389831 0.000000 0.920886 0.360847 0.360847 0.360847
5399.184082 0.000000 2706.747070 0.000000 0.996785 0.000000 -0.080128 0.402643 0.402643 0.402643
5473.449219 0.000000 2780.796387 0.000000 0.881632 0.000000 -0.471937 0.419632 0.419632 0.419632
5427.199219 0.000000 2713.130859 0.000000 0.720513 0.000000 0.693441 0.374749 0.374749 0.374749
5408.140625 0.000000 2702.532471 0.000000 0.841456 0.000000 0.540326 0.378339 0.378339 0.378339
5393.881348 0.000000 2771.314453 0.000000 0.204017 0.000000 0.978967 0.271154 0.271154 0.271154
5466.047363 0.000000 2691.021973 0.000000 0.205652 0.000000 -0.978625 0.448343 0.448343 0.448343
5468.544434 0.000000 2762.214844 0.000000 0.940610 0.000000 -0.339490 0.415047 0.415047 0.415047
5419.456055 0.000000 2767.986816 0.000000 0.333211 0.000000 -0.942852 0.459625 0.459625 0.459625
5462.562500 0.000000 2735.721680 0.000000 0.056010 0.000000 0.998430 0.341006 0.341006 0.341006
5468.642090 0.000000 2694.456055 0.000000 0.988090 0.000000 -0.153878 0.407328 0.407328 0.407328
5396.468262 0.000000 2726.278809 0.000000 0.345104 0.000000 0.938564 0.342812 0.342812 0.342812
5404.992676 0.000000 2699.839844 0.000000 0.682997 0.000000 0.730421 0.364017 0.364017 0.364017
5403.151855 0.000000 2704.939697 0.000000 0.368818 0.000000 -0.929502 0.449444 0.449444 0.449444
5405.030273 0.000000 2715.841553 0.000000 0.648887 0.000000 0.760885 0.363302 0.363302 0.363302
5457.895508 0.000000 2770.912109 0.000000 0.032849 0.000000 -0.999460 0.526705 0.526705 0.526705
5397.699707 0.000000 2762.859375 0.000000 0.382690 0.000000 0.923877 0.341177 0.341177 0.341177
5420.772461 0.000000 2741.547607 0.000000 0.839600 0.000000 0.543206 0.373621 0.373621 0.373621
5417.559570 0.000000 2694.891357 0.000000 0.413602 0.000000 0.910458 0.358287 0.358287 0.358287
5440.400879 0.000000 2771.801025 0.000000 0.412844 0.000000 -0.910802 0.446317 0.446317 0.446317
5398.433594 0.000000 2733.880859 0.000000 0.589960 0.000000 0.807433 0.324921 0.324921 0.324921
5450.687988 0.000000 2764.347412 0.000000 0.399514 0.000000 -0.916727 0.453857 0.453857 0.453857
5455.103027 0.000000 2756.965576 0.000000 0.713821 0.000000 0.700328 0.371333 0.371333 0.371333
5462.624512 0.000000 2702.592285 0.000000 0.364233 0.000000 0.931308 0.339585 0.339585 0.339585
5462.313477 0.000000 2714.647705 0.000000 0.861286 0.000000 -0.508121 0.419428 0.419428 0.419428
5475.801270 0.000000 2757.501709 0.000000 0.972692 0.000000 -0.232101 0.411462 0.411462 0.411462
5461.523438 0.000000 2723.809082 0.000000 0.221171 0.000000 0.975235 0.349528 0.349528 0.349528
5426.559570 0.000000 2740.516602 0.000000 0.761282 0.000000 0.648421 0.372171 0.372171 0.372171
5445.577637 0.000000 2777.018799 0.000000 0.352565 0.000000 0.935787 0.338955 0.338955 0.338955
5402.447754 0.000000 2779.693115 0.000000 0.015533 0.000000 -0.999879 0.468337 0.468337 0.468337
5445.354492 0.000000 2779.953125 0.000000 0.676752 0.000000 -0.736211 0.442968 0.442968 0.442968
5454.792480 0.000000 2681.971436 0.000000 0.369297 0.000000 -0.929311 0.497654 0.497654 0.497654
5421.317383 0.000000 2770.700684 0.000000 0.576225 0.000000 0.817291 0.352231 0.352231 0.352231
5467.237793 0.000000 2734.568115 0.000000 0.876411 0.000000 -0.481563 0.423833 0.423833 0.423833
5423.213379 0.000000 2765.393799 0.000000 0.967301 0.000000 -0.253631 0.410627 0.410627 0.410627
5435.578613 0.000000 2763.624512 0.000000 0.907488 0.000000 0.420079 0.361252 0.361252 0.361252
5405.944824 0.000000 2766.665039 0.000000 0.943442 0.000000 -0.331537 0.412824 0.412824 0.412824
5405.653320 0.000000 2677.751465 0.000000 0.553751 0.000000 0.832683 0.348906 0.348906 0.348906
5452.128906 0.000000 2748.986816 0.000000 0.424382 0.000000 0.905483 0.346280 0.346280 0.346280
5477.126953 0.000000 2760.711670 0.000000 0.285789 0.000000 -0.958293 0.454366 0.454366 0.454366
5400.354980 0.000000 2677.148682 0.000000 0.884968 0.000000 0.465651 0.358885 0.358885 0.358885
5424.879883 0.000000 2714.682861 0.000000 0.099909 0.000000 0.994997 0.330237 0.330237 0.330237
5414.006348 0.000000 2683.390625 0.000000 0.880011 0.000000 0.474953 0.375289 0.375289 0.375289
5470.968750 0.000000 2780.001465 0.000000 0.643380 0.000000 -0.765547 0.435698 0.435698 0.435698
5409.101562 0.000000 2681.558105 0.000000 0.962877 0.000000 0.269940 0.378710 0.378710 0.378710
5426.125977 0.000000 2768.605957 0.000000 0.665724 0.000000 -0.746198 0.462667 0.462667 0.462667
5416.990234 0.000000 2768.532227 0.000000 0.241941 0.000000 -0.970291 0.460269 0.460269 0.460269
5452.762695 0.000000 2690.490967 0.000000 0.185684 0.000000 -0.982610 0.477399 0.477399 0.477399
5423.000000 0.000000 2740.050537 0.000000 0.123642 0.000000 -0.992327 0.468630 0.468630 0.468630
5412.981445 0.000000 2703.075439 0.000000 0.366007 0.000000 -0.930612 0.456735 0.456735 0.456735
5393.612793 0.000000 2760.714111 0.000000 0.978380 0.000000 -0.206816 0.408737 0.408737 0.408737
5399.825195 0.000000 2698.774170 0.000000 0.906773 0.000000 0.421618 0.379138 0.379138 0.379138
5464.736816 0.000000 2726.656982 0.000000 0.617413 0.000000 0.786639 0.357055 0.357055 0.357055
5447.643555 0.000000 2775.411865 0.000000 0.626677 0.000000 -0.779279 0.449522 0.449522 0.449522
5398.330078 0.000000 2674.666016 0.000000 0.594061 0.000000 -0.804420 0.477940 0.477940 0.477940
5435.941406 0.000000 2759.104980 0.000000 0.982176 0.000000 0.187962 0.391503 0.391503 0.391503
5458.999512 0.000000 2766.570068 0.000000 0.998569 0.000000 -0.053470 0.402297 0.402297 0.402297
5430.097168 0.000000 2725.361084 0.000000 0.888602 0.000000 0.458679 0.380014 0.380014 0.380014
5408.549805 0.000000 2767.669922 0.000000 0.999997 0.000000 0.002577 0.399882 0.399882 0.399882
5420.517090 0.000000 2678.309814 0.000000 0.395022 0.000000 -0.918672 0.455247 0.455247 0.455247
5442.549805 0.000000 2705.260010 0.000000 0.934986 0.000000 -0.354685 0.419190 0.419190 0.419190
5472.666016 0.000000 2764.107422 0.000000 0.089800 0.000000 0.995960 0.329016 0.329016 0.329016
5473.391602 0.000000 2697.066895 0.000000 0.109067 0.000000 -0.994034 0.469326 0.469326 0.469326
5400.916992 0.000000 2694.552734 0.000000 0.999802 0.000000 0.019892 0.398888 0.398888 0.398888
5448.441406 0.000000 2712.159668 0.000000 0.881947 0.000000 0.471348 0.376718 0.376718 0.376718
5417.767578 0.000000 2737.659180 0.000000 0.944275 0.000000 -0.329159 0.415910 0.415910 0.415910
5402.890137 0.000000 2732.662842 0.000000 0.126218 0.000000 0.992003 0.292553 0.292553 0.292553
5434.694824 0.000000 2701.101807 0.000000 0.984644 0.000000 -0.174573 0.407535 0.407535 0.407535
5402.499023 0.000000 2746.110596 0.000000 0.997206 0.000000 -0.074707 0.403211 0.403211 0.403211
5427.144043 0.000000 2704.054443 0.000000 0.095647 0.000000 0.995415 0.330034 0.330034 0.330034
5412.197266 0.000000 2769.843506 0.000000 0.477758 0.000000 -0.878491 0.448205 0.448205 0.448205
5455.492188 0.000000 2674.709229 0.000000 0.577930 0.000000 0.816086 0.359009 0.359009 0.359009
5426.921387 0.000000 2691.929688 0.000000 0.107815 0.000000 -0.994171 0.469386 0.469386 0.469386
5432.379395 0.000000 2697.034180 0.000000 0.817160 0.000000 -0.576412 0.429140 0.429140 0.429140
5423.858887 0.000000 2709.822021 0.000000 0.014793 0.000000 0.999891 0.312984 0.312984 0.312984
5397.691895 0.000000 2738.853271 0.000000 0.980929 0.000000 0.194364 0.391405 0.391405 0.391405
5457.943848 0.000000 2753.341064 0.000000 0.955960 0.000000 0.293498 0.385424 0.385424 0.385424
5401.655273 0.000000 2696.817139 0.000000 0.995805 0.000000 0.091497 0.394968 0.394968 0.394968
5458.581055 0.000000 2775.418457 0.000000 0.461947 0.000000 -0.886907 0.489851 0.489851 0.489851
5433.223633 0.000000 2777.936279 0.000000 0.989127 0.000000 -0.147064 0.407001 0.407001 0.407001
5438.401855 0.000000 2705.334229 0.000000 0.999362 0.000000 -0.035720 0.401695 0.401695 0.401695
5459.301270 0.000000 2768.938965 0.000000 0.114587 0.000000 -0.993413 0.501776 0.501776 0.501776
5403.397461 0.000000 2768.289062 0.000000 0.141417 0.000000 -0.989950 0.465639 0.465639 0.465639
5436.774414 0.000000 2680.731445 0.000000 0.711381 0.000000 -0.702807 0.439691 0.439691 0.439691
5441.171875 0.000000 2779.789062 0.000000 0.785571 0.000000 -0.618771 0.431647 0.431647 0.431647
5466.238281 0.000000 2717.491455 0.000000 0.988546 0.000000 -0.150920 0.407564 0.407564 0.407564
5449.204102 0.000000 2690.890869 0.000000 0.644087 0.000000 -0.764952 0.441314 0.441314 0.441314
5426.549805 0.000000 2773.272949 0.000000 0.432034 0.000000 0.901857 0.338263 0.338263 0.338263
5471.056641 0.000000 2697.873779 0.000000 0.200588 0.000000 -0.979676 0.464930 0.464930 0.464930
5445.814941 0.000000 2689.411621 0.000000 0.666529 0.000000 -0.745479 0.439904 0.439904 0.439904
5448.975586 0.000000 2780.311035 0.000000 0.153122 0.000000 0.988207 0.320754 0.320754 0.320754
5441.049805 0.000000 2754.272461 0.000000 0.333288 0.000000 0.942825 0.310875 0.310875 0.310875
5416.612305 0.000000 2706.326416 0.000000 0.873528 0.000000 -0.486773 0.424115 0.424115 0.424115
5439.230957 0.000000 2746.826660 0.000000 0.940846 0.000000 -0.338834 0.425027 0.425027 0.425027
5427.678711 0.000000 2770.505127 0.000000 0.583606 0.000000 0.812037 0.325240 0.325240 0.325240
5441.776367 0.000000 2689.147217 0.000000 0.759432 0.000000 -0.650587 0.433600 0.433600 0.433600
5470.404297 0.000000 2756.945312 0.000000 0.775530 0.000000 0.631311 0.364862 0.364862 0.364862
5409.591797 0.000000 2724.645752 0.000000 0.999683 0.000000 -0.025190 0.401849 0.401849 0.401849
5462.567871 0.000000 2707.537598 0.000000 0.630117 0.000000 -0.776500 0.442618 0.442618 0.442618
5460.390137 0.000000 2756.625244 0.000000 0.841176 0.000000 0.540762 0.359491 0.359491 0.359491
5436.999023 0.000000 2684.159668 0.000000 0.452471 0.000000 0.891779 0.342813 0.342813 0.342813
5458.332031 0.000000 2709.548340 0.000000 0.880404 0.000000 -0.474225 0.425410 0.425410 0.425410
5457.261230 0.000000 2692.415039 0.000000 0.209556 0.000000 -0.977797 0.478752 0.478752 0.478752
5397.090820 0.000000 2766.813477 0.000000 0.900175 0.000000 0.435528 0.374575 0.374575 0.374575
5456.232910 0.000000 2716.311279 0.000000 0.641521 0.000000 0.767106 0.350669 0.350669 0.350669
5427.990723 0.000000 2766.397949 0.000000 0.574288 0.000000 0.818653 0.340141 0.340141 0.340141
5396.305664 0.000000 2764.672119 0.000000 0.849260 0.000000 0.527974 0.372228 0.372228 0.372228
5473.586914 0.000000 2762.088379 0.000000 0.393239 0.000000 0.919436 0.337088 0.337088 0.337088
5407.509766 0.000000 2728.859863 0.000000 0.851072 0.000000 0.525049 0.365223 0.365223 0.365223
5452.729004 0.000000 2685.902100 0.000000 0.544112 0.000000 0.839013 0.338863 0.338863 0.338863
5455.713867 0.000000 2770.412598 0.000000 0.969370 0.000000 0.245603 0.386247 0.386247 0.386247
5424.258301 0.000000 2773.212646 0.000000 0.663743 0.000000 0.747960 0.346840 0.346840 0.346840
5439.233398 0.000000 2736.090820 0.000000 0.402880 0.000000 0.915253 0.336500 0.336500 0.336500
5404.505371 0.000000 2717.962891 0.000000 0.989254 0.000000 0.146207 0.391355 0.391355 0.391355
5412.435547 0.000000 2684.878418 0.000000 0.999940 0.000000 0.010957 0.399229 0.399229 0.399229
5440.221680 0.000000 2764.641602 0.000000 0.716292 0.000000 -0.697801 0.452831 0.452831 0.452831
5415.910156 0.000000 2678.314453 0.000000 0.966821 0.000000 -0.255456 0.417155 0.417155 0.417155
5404.949707 0.000000 2679.798340 0.000000 0.704761 0.000000 0.709444 0.355893 0.355893 0.355893
5403.796875 0.000000 2697.444092 0.000000 0.277948 0.000000 0.960596 0.325333 0.325333 0.325333
5418.535645 0.000000 2708.301758 0.000000 0.718242 0.000000 0.695794 0.353508 0.353508 0.353508
5461.241699 0.000000 2691.190918 0.000000 0.511995 0.000000 0.858988 0.333961 0.333961 0.333961
5440.627441 0.000000 2684.784912 0.000000 0.388510 0.000000 0.921445 0.317503 0.317503 0.317503
5452.678223 0.000000 2681.833496 0.000000 0.911554 0.000000 -0.411180 0.426448 0.426448 0.426448
5426.230957 0.000000 2743.822754 0.000000 0.068082 0.000000 0.997680 0.315967 0.315967 0.315967
5446.807617 0.000000 2766.708496 0.000000 0.730866 0.000000 -0.682521 0.452512 0.452512 0.452512
5400.619141 0.000000 2740.232666 0.000000 0.871047 0.000000 -0.491200 0.435893 0.435893 0.435893
5399.307617 0.000000 2773.083984 0.000000 0.957872 0.000000 -0.287196 0.417308 0.417308 0.417308
5457.471680 0.000000 2759.379395 0.000000 0.787796 0.000000 0.615937 0.360903 0.360903 0.360903
5415.316406 0.000000 2681.628662 0.000000 0.726487 0.000000 -0.687180 0.449176 0.449176 0.449176
5438.383789 0.000000 2754.800293 0.000000 0.821526 0.000000 -0.570171 0.437564 0.437564 0.437564
5457.666504 0.000000 2702.978271 0.000000 0.989101 0.000000 0.147240 0.389891 0.389891 0.389891
5473.160645 0.000000 2758.551514 0.000000 0.714867 0.000000 0.699260 0.349349 0.349349 0.349349
5458.965332 0.000000 2684.399170 0.000000 0.989932 0.000000 -0.141543 0.408935 0.408935 0.408935
5500.554199 0.000000 2700.622803 0.000000 0.275064 0.000000 -0.961426 0.407097 0.407097 0.407097
5519.929688 0.000000 2719.636475 0.000000 0.713681 0.000000 0.700471 0.395350 0.395350 0.395350
5532.895996 0.000000 2674.610596 0.000000 0.990869 0.000000 -0.134832 0.401553 0.401553 0.401553
5540.982910 0.000000 2739.101807 0.000000 0.891781 0.000000 -0.452467 0.405158 0.405158 0.405158
5487.231934 0.000000 2710.661621 0.000000 0.027242 0.000000 -0.999629 0.421580 0.421580 0.421580
5518.703125 0.000000 2715.305908 0.000000 0.461603 0.000000 -0.887087 0.416887 0.416887 0.416887
5547.931152 0.000000 2774.953369 0.000000 0.958705 0.000000 -0.284402 0.405328 0.405328 0.405328
5502.083496 0.000000 2704.590332 0.000000 0.500768 0.000000 -0.865582 0.420375 0.420375 0.420375
5532.401367 0.000000 2774.323730 0.000000 0.744840 0.000000 0.667243 0.385045 0.385045 0.385045
5485.481445 0.000000 2700.927002 0.000000 0.996474 0.000000 0.083906 0.398238 0.398238 0.398238
5507.571777 0.000000 2684.153320 0.000000 0.877640 0.000000 -0.479320 0.410982 0.410982 0.410982
5515.622070 0.000000 2706.067627 0.000000 0.482999 0.000000 -0.875621 0.425566 0.425566 0.425566
5517.789551 0.000000 2711.787598 0.000000 0.736326 0.000000 0.676627 0.381817 0.381817 0.381817
5490.589844 0.000000 2702.301270 0.000000 0.459558 0.000000 -0.888148 0.425111 0.425111 0.425111
5528.458984 0.000000 2720.748779 0.000000 0.081925 0.000000 0.996639 0.360602 0.360602 0.360602
5557.575195 0.000000 2742.853027 0.000000 0.858750 0.000000 -0.512394 0.411819 0.411819 0.411819
5500.188965 0.000000 2707.486572 0.000000 0.545406 0.000000 -0.838172 0.432258 0.432258 0.432258
5562.167480 0.000000 2775.474365 0.000000 0.964920 0.000000 -0.262545 0.408091 0.408091 0.408091
5488.934570 0.000000 2717.926514 0.000000 0.368459 0.000000 -0.929644 0.429199 0.429199 0.429199
5561.556641 0.000000 2743.098633 0.000000 0.606019 0.000000 -0.795450 0.428014 0.428014 0.428014
5556.700195 0.000000 2775.910645 0.000000 0.212029 0.000000 0.977263 0.360020 0.360020 0.360020
5562.187500 0.000000 2737.549805 0.000000 0.219036 0.000000 -0.975717 0.438421 0.438421 0.438421
5497.897949 0.000000 2722.763672 0.000000 0.939137 0.000000 0.343542 0.390720 0.390720 0.390720
5519.585938 0.000000 2755.736572 0.000000 0.922558 0.000000 -0.385859 0.410285 0.410285 0.410285
5519.261230 0.000000 2700.815918 0.000000 0.996436 0.000000 -0.084349 0.402530 0.402530 0.402530
5564.620117 0.000000 2677.706787 0.000000 0.063581 0.000000 -0.997977 0.458699 0.458699 0.458699
5521.036621 0.000000 2760.955566 0.000000 0.912086 0.000000 0.410000 0.386289 0.386289 0.386289
5560.959473 0.000000 2750.244385 0.000000 0.154676 0.000000 0.987965 0.354060 0.354060 0.354060
5562.221191 0.000000 2772.513184 0.000000 0.993608 0.000000 0.112884 0.395707 0.395707 0.395707
5558.176270 0.000000 2759.076660 0.000000 0.671767 0.000000 0.740762 0.370010 0.370010 0.370010
5497.584473 0.000000 2732.800781 0.000000 0.781751 0.000000 0.623591 0.372768 0.372768 0.372768
5560.820801 0.000000 2766.307129 0.000000 0.501703 0.000000 0.865040 0.306059 0.306059 0.306059
5523.484863 0.000000 2719.385742 0.000000 0.554077 0.000000 -0.832465 0.440270 0.440270 0.440270
5489.883789 0.000000 2711.882568 0.000000 0.967347 0.000000 -0.253456 0.408956 0.408956 0.408956
5498.681641 0.000000 2728.109863 0.000000 0.519021 0.000000 -0.854761 0.432246 0.432246 0.432246
5555.012207 0.000000 2756.371826 0.000000 0.365750 0.000000 -0.930713 0.455554 0.455554 0.455554
5552.558105 0.000000 2729.072266 0.000000 0.996175 0.000000 -0.087384 0.403320 0.403320 0.403320
5486.176270 0.000000 2706.747070 0.000000 0.782246 0.000000 0.622970 0.369106 0.369106 0.369106
5565.779297 0.000000 2765.218750 0.000000 0.205782 0.000000 0.978598 0.351661 0.351661 0.351661
5560.441406 0.000000 2780.796387 0.000000 0.462200 0.000000 0.886776 0.349370 0.349370 0.349370
5525.532227 0.000000 2724.640381 0.000000 0.555006 0.000000 0.831847 0.353399 0.353399 0.353399
5561.401855 0.000000 2677.203857 0.000000 0.167487 0.000000 -0.985874 0.466528 0.466528 0.466528
5555.536621 0.000000 2762.214844 0.000000 0.983032 0.000000 0.183436 0.393552 0.393552 0.393552
5492.554688 0.000000 2725.257812 0.000000 0.189876 0.000000 -0.981808 0.465448 0.465448 0.465448
5490.144043 0.000000 2704.939697 0.000000 0.798529 0.000000 -0.601956 0.426447 0.426447 0.426447
5492.022461 0.000000 2715.841553 0.000000 0.987746 0.000000 -0.156070 0.407433 0.407433 0.407433
5484.691895 0.000000 2762.859375 0.000000 0.784908 0.000000 -0.619613 0.430363 0.430363 0.430363
5548.364746 0.000000 2741.073486 0.000000 0.020642 0.000000 0.999787 0.321825 0.321825 0.321825
5536.661621 0.000000 2749.787109 0.000000 0.340520 0.000000 0.940237 0.354189 0.354189 0.354189
5504.551758 0.000000 2694.891357 0.000000 0.563330 0.000000 0.826232 0.353875 0.353875 0.353875
5523.134766 0.000000 2704.741699 0.000000 0.995570 0.000000 0.094024 0.396098 0.396098 0.396098
5503.988770 0.000000 2685.660645 0.000000 0.718004 0.000000 -0.696039 0.436518 0.436518 0.436518
5532.569824 0.000000 2777.018799 0.000000 0.867502 0.000000 0.497434 0.379723 0.379723 0.379723
5551.008301 0.000000 2775.122314 0.000000 0.572472 0.000000 -0.819924 0.445598 0.445598 0.445598
5554.495117 0.000000 2748.746094 0.000000 0.112641 0.000000 -0.993636 0.468427 0.468427 0.468427
5566.350098 0.000000 2739.724121 0.000000 0.984207 0.000000 -0.177019 0.408441 0.408441 0.408441
5532.346680 0.000000 2779.953125 0.000000 0.902749 0.000000 -0.430169 0.420871 0.420871 0.420871
5491.616211 0.000000 2707.198730 0.000000 0.784627 0.000000 -0.619968 0.434724 0.434724 0.434724
5503.498047 0.000000 2712.448486 0.000000 0.333703 0.000000 0.942678 0.348388 0.348388 0.348388
5492.524414 0.000000 2764.139893 0.000000 0.958175 0.000000 0.286182 0.386378 0.386378 0.386378
5492.295898 0.000000 2722.628906 0.000000 0.614312 0.000000 -0.789063 0.443131 0.443131 0.443131
5553.243652 0.000000 2771.214600 0.000000 0.195416 0.000000 -0.980721 0.459005 0.459005 0.459005
5500.998535 0.000000 2683.390625 0.000000 0.707914 0.000000 -0.706299 0.435634 0.435634 0.435634
5525.859863 0.000000 2720.703125 0.000000 0.982827 0.000000 -0.184530 0.408804 0.408804 0.408804
5557.960938 0.000000 2780.001465 0.000000 0.849535 0.000000 -0.527533 0.426359 0.426359 0.426359
5560.299805 0.000000 2674.834717 0.000000 0.965061 0.000000 -0.262024 0.412576 0.412576 0.412576
5551.434082 0.000000 2744.157227 0.000000 0.884331 0.000000 -0.466860 0.420373 0.420373 0.420373
5480.604980 0.000000 2760.714111 0.000000 0.193704 0.000000 0.981060 0.334737 0.334737 0.334737
5551.729004 0.000000 2726.656982 0.000000 0.146806 0.000000 -0.989165 0.466810 0.466810 0.466810
5550.510742 0.000000 2730.717041 0.000000 0.997670 0.000000 -0.068226 0.403239 0.403239 0.403239
5546.346191 0.000000 2743.998779 0.000000 0.646686 0.000000 -0.762757 0.450682 0.450682 0.450682
5505.516602 0.000000 2689.924316 0.000000 0.542731 0.000000 -0.839907 0.447297 0.447297 0.447297
5558.306152 0.000000 2768.714600 0.000000 0.898203 0.000000 -0.439582 0.436133 0.436133 0.436133
5496.296387 0.000000 2706.382080 0.000000 0.189825 0.000000 -0.981818 0.462006 0.462006 0.462006
5566.389160 0.000000 2772.261963 0.000000 0.188520 0.000000 -0.982069 0.464824 0.464824 0.464824
5494.456055 0.000000 2709.978760 0.000000 0.990955 0.000000 -0.134198 0.408401 0.408401 0.408401
5554.998047 0.000000 2781.497559 0.000000 0.058222 0.000000 0.998304 0.318436 0.318436 0.318436
5549.826660 0.000000 2780.335205 0.000000 0.385258 0.000000 0.922809 0.344250 0.344250 0.344250
5562.161621 0.000000 2778.576172 0.000000 0.979198 0.000000 -0.202909 0.409692 0.409692 0.409692
5564.276367 0.000000 2776.714600 0.000000 0.910147 0.000000 0.414285 0.379738 0.379738 0.379738
5523.818359 0.000000 2711.792969 0.000000 0.986214 0.000000 -0.165474 0.411372 0.411372 0.411372
5490.306152 0.000000 2763.280273 0.000000 0.633464 0.000000 -0.773772 0.441969 0.441969 0.441969
5565.559570 0.000000 2752.915771 0.000000 0.688036 0.000000 0.725677 0.352157 0.352157 0.352157
5542.579102 0.000000 2741.142090 0.000000 0.615326 0.000000 0.788273 0.355116 0.355116 0.355116
5562.436523 0.000000 2745.354248 0.000000 0.057963 0.000000 0.998319 0.325975 0.325975 0.325975
5536.429199 0.000000 2744.962646 0.000000 0.196728 0.000000 -0.980458 0.469230 0.469230 0.469230
5562.622559 0.000000 2769.114990 0.000000 0.148040 0.000000 -0.988981 0.493736 0.493736 0.493736
5560.579102 0.000000 2762.088379 0.000000 0.584165 0.000000 0.811635 0.346099 0.346099 0.346099
5492.382324 0.000000 2711.885742 0.000000 0.524419 0.000000 -0.851461 0.468672 0.468672 0.468672
5519.381348 0.000000 2710.368408 0.000000 0.918474 0.000000 -0.395481 0.422738 0.422738 0.422738
5566.681641 0.000000 2759.937012 0.000000 0.118033 0.000000 0.993010 0.301367 0.301367 0.301367
5388.463867 0.000000 2786.753174 0.000000 0.384293 0.000000 0.923211 0.375918 0.375918 0.375918
5387.417480 0.000000 2784.188232 0.000000 0.998239 0.000000 0.059321 0.397184 0.397184 0.397184
5386.315430 0.000000 2781.819092 0.000000 0.363165 0.000000 -0.931725 0.447899 0.447899 0.447899
5228.566895 0.000000 2928.671875 0.000000 0.712805 0.000000 -0.701362 0.400388 0.400388 0.400388
5292.366211 0.000000 2934.373779 0.000000 0.642881 0.000000 -0.765966 0.404357 0.404357 0.404357
5275.984863 0.000000 2935.487793 0.000000 0.992092 0.000000 0.125513 0.398555 0.398555 0.398555
5260.173340 0.000000 2962.702393 0.000000 0.150233 0.000000 -0.988651 0.415598 0.415598 0.415598
5238.701172 0.000000 2939.387451 0.000000 0.124693 0.000000 -0.992195 0.416603 0.416603 0.416603
5248.381348 0.000000 2982.141846 0.000000 0.180899 0.000000 -0.983502 0.413870 0.413870 0.413870
5244.748535 0.000000 2957.483154 0.000000 0.995831 0.000000 -0.091222 0.401049 0.401049 0.401049
5290.292969 0.000000 2914.531982 0.000000 0.608360 0.000000 -0.793661 0.411902 0.411902 0.411902
5296.939941 0.000000 2980.267578 0.000000 0.492007 0.000000 0.870591 0.384703 0.384703 0.384703
5269.290039 0.000000 2992.372803 0.000000 0.862671 0.000000 -0.505766 0.406884 0.406884 0.406884
5244.520508 0.000000 2984.661133 0.000000 0.468553 0.000000 0.883435 0.381612 0.381612 0.381612
5283.063965 0.000000 2944.208984 0.000000 0.995811 0.000000 0.091435 0.398720 0.398720 0.398720
5294.585449 0.000000 2992.982422 0.000000 0.636374 0.000000 0.771381 0.387683 0.387683 0.387683
5298.192383 0.000000 2987.851807 0.000000 0.822208 0.000000 -0.569187 0.409675 0.409675 0.409675
5289.937500 0.000000 2931.066650 0.000000 0.915877 0.000000 -0.401460 0.406807 0.406807 0.406807
5297.279297 0.000000 2976.093994 0.000000 0.221520 0.000000 0.975156 0.372416 0.372416 0.372416
5283.159668 0.000000 2950.455811 0.000000 0.016938 0.000000 -0.999857 0.428707 0.428707 0.428707
5285.530762 0.000000 2939.640869 0.000000 0.968321 0.000000 -0.249707 0.404915 0.404915 0.404915
5230.875977 0.000000 2959.372559 0.000000 0.813889 0.000000 -0.581020 0.411144 0.411144 0.411144
5302.120605 0.000000 2968.793945 0.000000 0.953669 0.000000 0.300859 0.393744 0.393744 0.393744
5290.023438 0.000000 2986.448975 0.000000 0.323408 0.000000 -0.946260 0.428514 0.428514 0.428514
5230.145996 0.000000 2934.373779 0.000000 0.743661 0.000000 0.668557 0.381353 0.381353 0.381353
5240.493164 0.000000 2981.972168 0.000000 0.249937 0.000000 0.968262 0.363142 0.363142 0.363142
5290.887695 0.000000 2971.216797 0.000000 0.008989 0.000000 -0.999960 0.435872 0.435872 0.435872
5244.690430 0.000000 2961.484131 0.000000 0.524889 0.000000 -0.851170 0.422878 0.422878 0.422878
5271.616699 0.000000 2943.998535 0.000000 0.998815 0.000000 -0.048665 0.401094 0.401094 0.401094
5304.497070 0.000000 2918.089111 0.000000 0.680719 0.000000 0.732545 0.374962 0.374962 0.374962
5285.972656 0.000000 2993.983398 0.000000 0.592812 0.000000 0.805341 0.372886 0.372886 0.372886
5245.391602 0.000000 2989.385010 0.000000 0.281006 0.000000 0.959706 0.365969 0.365969 0.365969
5239.292969 0.000000 2930.880615 0.000000 0.139083 0.000000 0.990281 0.363553 0.363553 0.363553
5300.582520 0.000000 2939.032471 0.000000 0.992171 0.000000 -0.124886 0.403814 0.403814 0.403814
5256.024902 0.000000 2979.404785 0.000000 0.826335 0.000000 -0.563178 0.417922 0.417922 0.417922
5289.148438 0.000000 2934.687988 0.000000 0.574967 0.000000 0.818177 0.374642 0.374642 0.374642
5246.577637 0.000000 2979.378662 0.000000 0.861876 0.000000 0.507119 0.384067 0.384067 0.384067
5254.357422 0.000000 2957.635986 0.000000 0.344479 0.000000 0.938794 0.369564 0.369564 0.369564
5270.359375 0.000000 2985.263672 0.000000 0.573734 0.000000 0.819042 0.373644 0.373644 0.373644
5298.211914 0.000000 2924.998535 0.000000 0.593977 0.000000 0.804482 0.368261 0.368261 0.368261
5257.089844 0.000000 2975.770264 0.000000 0.200823 0.000000 -0.979628 0.448518 0.448518 0.448518
5295.723633 0.000000 2989.879395 0.000000 0.249962 0.000000 -0.968256 0.439490 0.439490 0.439490
5241.060059 0.000000 2977.787109 0.000000 0.550207 0.000000 0.835028 0.364475 0.364475 0.364475
5237.622070 0.000000 2968.573730 0.000000 0.493398 0.000000 0.869804 0.368400 0.368400 0.368400
5271.156250 0.000000 2970.880615 0.000000 0.898487 0.000000 0.439000 0.353933 0.353933 0.353933
5302.251953 0.000000 2928.839844 0.000000 0.563802 0.000000 0.825910 0.369430 0.369430 0.369430
5236.921387 0.000000 2936.732422 0.000000 0.933360 0.000000 0.358942 0.388268 0.388268 0.388268
5279.069336 0.000000 2934.469482 0.000000 0.536921 0.000000 -0.843632 0.437097 0.437097 0.437097
5229.924805 0.000000 2990.498047 0.000000 0.648275 0.000000 0.761406 0.369750 0.369750 0.369750
5229.206055 0.000000 2973.125244 0.000000 0.585681 0.000000 0.810542 0.367440 0.367440 0.367440
5285.011719 0.000000 2920.112549 0.000000 0.598319 0.000000 0.801258 0.369836 0.369836 0.369836
5296.306152 0.000000 2915.059814 0.000000 0.580338 0.000000 -0.814376 0.435638 0.435638 0.435638
5275.593262 0.000000 2972.588623 0.000000 0.999674 0.000000 0.025523 0.397451 0.397451 0.397451
5247.714844 0.000000 2958.047607 0.000000 0.679130 0.000000 0.734018 0.368311 0.368311 0.368311
5255.013184 0.000000 2973.625000 0.000000 0.175530 0.000000 0.984474 0.347088 0.347088 0.347088
5257.844238 0.000000 2953.133057 0.000000 0.206265 0.000000 0.978496 0.351679 0.351679 0.351679
5276.875977 0.000000 2947.831787 0.000000 0.316582 0.000000 0.948565 0.362592 0.362592 0.362592
5265.209473 0.000000 2973.345703 0.000000 0.990196 0.000000 -0.139682 0.404618 0.404618 0.404618
5260.060059 0.000000 2974.924316 0.000000 0.736819 0.000000 -0.676090 0.429286 0.429286 0.429286
5298.533203 0.000000 2941.186279 0.000000 0.136561 0.000000 0.990632 0.357761 0.357761 0.357761
5302.262207 0.000000 2913.932373 0.000000 0.876380 0.000000 -0.481620 0.420323 0.420323 0.420323
5290.154785 0.000000 2979.481934 0.000000 0.385564 0.000000 -0.922681 0.447521 0.447521 0.447521
5279.791504 0.000000 2944.596436 0.000000 0.740059 0.000000 0.672542 0.373113 0.373113 0.373113
5242.473633 0.000000 2986.980225 0.000000 0.942835 0.000000 -0.333261 0.413402 0.413402 0.413402
5287.032715 0.000000 2932.695312 0.000000 0.787208 0.000000 -0.616688 0.428867 0.428867 0.428867
5256.033691 0.000000 2985.127686 0.000000 0.608207 0.000000 -0.793778 0.439834 0.439834 0.439834
5281.533691 0.000000 2979.836670 0.000000 0.246780 0.000000 0.969072 0.354473 0.354473 0.354473
5302.582031 0.000000 2920.196777 0.000000 0.426385 0.000000 0.904542 0.357672 0.357672 0.357672
5294.608887 0.000000 2943.484131 0.000000 0.995841 0.000000 -0.091110 0.403371 0.403371 0.403371
5278.341309 0.000000 2973.534180 0.000000 0.473951 0.000000 -0.880551 0.499487 0.499487 0.499487
5237.705078 0.000000 2942.078613 0.000000 0.991896 0.000000 0.127056 0.395738 0.395738 0.395738
5293.361328 0.000000 2981.191162 0.000000 0.971740 0.000000 0.236056 0.390481 0.390481 0.390481
5235.501465 0.000000 2931.093750 0.000000 0.653355 0.000000 0.757052 0.360979 0.360979 0.360979
5291.581543 0.000000 2943.041016 0.000000 0.773401 0.000000 -0.633917 0.431197 0.431197 0.431197
5283.303711 0.000000 2937.922363 0.000000 0.940937 0.000000 0.338582 0.384651 0.384651 0.384651
5304.802734 0.000000 2979.187500 0.000000 0.653332 0.000000 0.757072 0.327959 0.327959 0.327959
5299.464844 0.000000 2994.765137 0.000000 0.685295 0.000000 0.728266 0.361304 0.361304 0.361304
5283.541992 0.000000 2928.364014 0.000000 0.481294 0.000000 0.876559 0.349308 0.349308 0.349308
5248.213379 0.000000 2990.086914 0.000000 0.750426 0.000000 0.660954 0.374762 0.374762 0.374762
5221.546387 0.000000 2964.455078 0.000000 0.342417 0.000000 0.939548 0.353045 0.353045 0.353045
5257.735840 0.000000 2961.189209 0.000000 0.958772 0.000000 0.284175 0.386332 0.386332 0.386332
5280.018066 0.000000 2937.212158 0.000000 0.017064 0.000000 -0.999854 0.474476 0.474476 0.474476
5276.100098 0.000000 2989.795410 0.000000 0.227602 0.000000 0.973754 0.343078 0.343078 0.343078
5288.578125 0.000000 2949.690430 0.000000 0.052441 0.000000 0.998624 0.336318 0.336318 0.336318
5223.581543 0.000000 2966.209229 0.000000 0.988107 0.000000 -0.153771 0.407477 0.407477 0.407477
5235.602051 0.000000 2983.968750 0.000000 0.068067 0.000000 0.997681 0.342227 0.342227 0.342227
5223.527832 0.000000 2960.407959 0.000000 0.855700 0.000000 -0.517472 0.424713 0.424713 0.424713
5261.029297 0.000000 2982.191406 0.000000 0.990922 0.000000 0.134440 0.393604 0.393604 0.393604
5239.025391 0.000000 2979.618652 0.000000 0.509051 0.000000 0.860737 0.359624 0.359624 0.359624
5297.119629 0.000000 2985.180420 0.000000 0.336718 0.000000 0.941605 0.356489 0.356489 0.356489
5244.304199 0.000000 2972.975342 0.000000 0.976059 0.000000 -0.217505 0.411167 0.411167 0.411167
5222.628418 0.000000 2971.278809 0.000000 0.658765 0.000000 0.752349 0.357903 0.357903 0.357903
5234.440430 0.000000 2965.141357 0.000000 0.255086 0.000000 0.966918 0.341003 0.341003 0.341003
5281.118652 0.000000 2970.934326 0.000000 0.002932 0.000000 0.999996 0.329544 0.329544 0.329544
5301.816895 0.000000 2971.470459 0.000000 0.056475 0.000000 0.998404 0.337244 0.337244 0.337244
5271.593262 0.000000 2990.987549 0.000000 0.936306 0.000000 -0.351185 0.413975 0.413975 0.413975
5220.312500 0.000000 2956.220215 0.000000 0.750807 0.000000 -0.660522 0.433144 0.433144 0.433144
5275.774414 0.000000 2940.679688 0.000000 0.926196 0.000000 -0.377043 0.414285 0.414285 0.414285
5296.067383 0.000000 2940.150146 0.000000 0.133276 0.000000 -0.991079 0.453100 0.453100 0.453100
5267.912109 0.000000 2952.302490 0.000000 0.843367 0.000000 0.537338 0.371959 0.371959 0.371959
5226.957520 0.000000 2969.917725 0.000000 0.208107 0.000000 0.978106 0.344270 0.344270 0.344270
5228.463379 0.000000 2993.661865 0.000000 0.903654 0.000000 -0.428264 0.420993 0.420993 0.420993
5244.781738 0.000000 2977.534180 0.000000 0.639373 0.000000 -0.768897 0.438978 0.438978 0.438978
5279.025879 0.000000 2968.029297 0.000000 0.972543 0.000000 -0.232722 0.409851 0.409851 0.409851
5219.539062 0.000000 2969.487305 0.000000 0.585905 0.000000 -0.810380 0.445288 0.445288 0.445288
5257.512207 0.000000 2990.036377 0.000000 0.543214 0.000000 -0.839594 0.455231 0.455231 0.455231
5261.594238 0.000000 2977.593262 0.000000 0.958877 0.000000 -0.283823 0.412788 0.412788 0.412788
5260.707031 0.000000 2987.121582 0.000000 0.369429 0.000000 0.929259 0.343439 0.343439 0.343439
5289.080566 0.000000 2923.815186 0.000000 0.968678 0.000000 0.248319 0.388473 0.388473 0.388473
5231.547852 0.000000 2978.108643 0.000000 0.671771 0.000000 0.740759 0.355848 0.355848 0.355848
5303.142578 0.000000 2974.680420 0.000000 0.525766 0.000000 -0.850629 0.453836 0.453836 0.453836
5292.267090 0.000000 2985.183350 0.000000 0.475894 0.000000 0.879503 0.349017 0.349017 0.349017
5236.501953 0.000000 2979.209961 0.000000 0.909292 0.000000 -0.416158 0.421431 0.421431 0.421431
5305.653809 0.000000 2915.834473 0.000000 0.466754 0.000000 0.884387 0.348525 0.348525 0.348525
5268.379395 0.000000 2970.592529 0.000000 0.999105 0.000000 0.042306 0.396492 0.396492 0.396492
5276.389160 0.000000 2945.353027 0.000000 0.202667 0.000000 -0.979248 0.464829 0.464829 0.464829
5269.369141 0.000000 2989.885254 0.000000 0.723986 0.000000 -0.689815 0.436109 0.436109 0.436109
5230.882324 0.000000 2964.009033 0.000000 0.999821 0.000000 0.018940 0.399158 0.399158 0.399158
5273.659180 0.000000 2989.380615 0.000000 0.998092 0.000000 -0.061748 0.402715 0.402715 0.402715
5235.624512 0.000000 2971.803467 0.000000 0.869441 0.000000 0.494037 0.378585 0.378585 0.378585
5273.687012 0.000000 2976.100830 0.000000 0.181698 0.000000 -0.983354 0.478318 0.478318 0.478318
5254.249512 0.000000 2964.761963 0.000000 0.295744 0.000000 -0.955267 0.460903 0.460903 0.460903
5289.534180 0.000000 2944.685791 0.000000 0.395227 0.000000 -0.918583 0.455236 0.455236 0.455236
5234.565430 0.000000 2981.638672 0.000000 0.831538 0.000000 0.555468 0.372065 0.372065 0.372065
5219.544434 0.000000 2959.346924 0.000000 0.007725 0.000000 -0.999970 0.474143 0.474143 0.474143
5230.338379 0.000000 2954.375977 0.000000 0.974235 0.000000 -0.225535 0.410791 0.410791 0.410791
5286.858398 0.000000 2978.412598 0.000000 0.725092 0.000000 -0.688652 0.436033 0.436033 0.436033
5239.145996 0.000000 2995.522461 0.000000 0.820248 0.000000 -0.572008 0.439223 0.439223 0.439223
5238.212891 0.000000 2983.812256 0.000000 0.990221 0.000000 -0.139508 0.406639 0.406639 0.406639
5237.361816 0.000000 2974.811035 0.000000 0.617396 0.000000 -0.786652 0.448822 0.448822 0.448822
5235.583984 0.000000 2967.329102 0.000000 0.295630 0.000000 -0.955302 0.459640 0.459640 0.459640
5250.231934 0.000000 2991.459229 0.000000 0.153280 0.000000 -0.988183 0.462965 0.462965 0.462965
5305.541504 0.000000 2994.321045 0.000000 0.765340 0.000000 0.643626 0.366833 0.366833 0.366833
5229.329590 0.000000 2977.249023 0.000000 0.986023 0.000000 -0.166609 0.411032 0.411032 0.411032
5276.596680 0.000000 2968.886719 0.000000 0.579701 0.000000 0.814829 0.334848 0.334848 0.334848
5235.467285 0.000000 2976.931885 0.000000 0.199857 0.000000 -0.979825 0.482062 0.482062 0.482062
5252.811035 0.000000 2962.049072 0.000000 0.041776 0.000000 -0.999127 0.489323 0.489323 0.489323
5250.122559 0.000000 2965.994873 0.000000 0.140543 0.000000 -0.990075 0.510655 0.510655 0.510655
5252.565430 0.000000 2987.241699 0.000000 0.331005 0.000000 0.943629 0.316243 0.316243 0.316243
5274.991211 0.000000 2994.279785 0.000000 0.944687 0.000000 0.327973 0.384149 0.384149 0.384149
5299.043945 0.000000 2916.108398 0.000000 0.999084 0.000000 0.042786 0.397713 0.397713 0.397713
5295.894043 0.000000 2987.130127 0.000000 0.999239 0.000000 -0.039017 0.401851 0.401851 0.401851
5225.254395 0.000000 2974.765869 0.000000 0.085774 0.000000 -0.996315 0.471178 0.471178 0.471178
5300.781738 0.000000 2918.845215 0.000000 0.882806 0.000000 0.469738 0.374119 0.374119 0.374119
5280.659180 0.000000 2991.805664 0.000000 0.973264 0.000000 0.229690 0.384494 0.384494 0.384494
5233.224121 0.000000 2976.661133 0.000000 0.339669 0.000000 0.940545 0.326648 0.326648 0.326648
5247.640137 0.000000 2966.950684 0.000000 0.479291 0.000000 -0.877656 0.455078 0.455078 0.455078
5259.794434 0.000000 2952.178467 0.000000 0.984973 0.000000 0.172708 0.390813 0.390813 0.390813
5305.587402 0.000000 2983.543701 0.000000 0.579028 0.000000 -0.815307 0.467112 0.467112 0.467112
5303.265625 0.000000 2977.665771 0.000000 0.590723 0.000000 -0.806875 0.454846 0.454846 0.454846
5380.626953 0.000000 2987.347168 0.000000 0.843950 0.000000 -0.536422 0.400565 0.400565 0.400565
5321.388672 0.000000 2990.760498 0.000000 0.112097 0.000000 0.993697 0.397815 0.397815 0.397815
5341.937988 0.000000 2960.871338 0.000000 0.563836 0.000000 0.825887 0.281122 0.281122 0.281122
5319.143066 0.000000 2918.629883 0.000000 0.794770 0.000000 0.606910 0.398046 0.398046 0.398046
5337.523926 0.000000 2905.774902 0.000000 0.975285 0.000000 -0.220950 0.401891 0.401891 0.401891
5357.105957 0.000000 2958.199219 0.000000 0.717983 0.000000 -0.696061 0.406151 0.406151 0.406151
5334.639160 0.000000 2922.506104 0.000000 0.087939 0.000000 -0.996126 0.421470 0.421470 0.421470
5380.576172 0.000000 2940.885742 0.000000 0.731800 0.000000 0.681519 0.391389 0.391389 0.391389
5379.687500 0.000000 2945.867432 0.000000 0.812840 0.000000 -0.582487 0.408072 0.408072 0.408072
5324.385742 0.000000 2933.599854 0.000000 0.999570 0.000000 0.029339 0.399560 0.399560 0.399560
5331.512695 0.000000 2984.661133 0.000000 0.166069 0.000000 0.986114 0.245778 0.245778 0.245778
5370.003418 0.000000 2982.332520 0.000000 0.832862 0.000000 0.553480 0.391214 0.391214 0.391214
5387.186523 0.000000 2935.209473 0.000000 0.264567 0.000000 -0.964367 0.426025 0.426025 0.426025
5350.536621 0.000000 2990.335693 0.000000 0.281241 0.000000 0.959637 0.361482 0.361482 0.361482
5383.909180 0.000000 2921.325928 0.000000 0.983822 0.000000 -0.179149 0.406116 0.406116 0.406116
5357.611816 0.000000 2976.177979 0.000000 0.417261 0.000000 0.908786 0.365836 0.365836 0.365836
5385.204102 0.000000 2924.998535 0.000000 0.333948 0.000000 0.942591 0.356384 0.356384 0.356384
5344.902832 0.000000 2987.441406 0.000000 0.009229 0.000000 -0.999957 0.453800 0.453800 0.453800
5358.148438 0.000000 2970.880615 0.000000 0.336868 0.000000 0.941552 0.354043 0.354043 0.354043
5377.262207 0.000000 2960.673828 0.000000 0.937300 0.000000 -0.348523 0.410665 0.410665 0.410665
5343.801758 0.000000 2901.704102 0.000000 0.425177 0.000000 0.905110 0.361012 0.361012 0.361012
5314.416992 0.000000 2988.503418 0.000000 0.942106 0.000000 0.335316 0.390097 0.390097 0.390097
5339.793945 0.000000 2968.067139 0.000000 0.887151 0.000000 0.461480 0.383714 0.383714 0.383714
5320.184570 0.000000 2921.520996 0.000000 0.729762 0.000000 -0.683701 0.428192 0.428192 0.428192
5332.956543 0.000000 2913.204834 0.000000 0.800791 0.000000 -0.598943 0.418277 0.418277 0.418277
5330.932617 0.000000 2992.773926 0.000000 0.023977 0.000000 0.999713 0.341302 0.341302 0.341302
5352.201660 0.000000 2973.345703 0.000000 0.978544 0.000000 0.206036 0.393368 0.393368 0.393368
5351.109375 0.000000 2978.139648 0.000000 0.986363 0.000000 -0.164583 0.406852 0.406852 0.406852
5343.025879 0.000000 2985.127686 0.000000 0.034404 0.000000 0.999408 0.348602 0.348602 0.348602
5329.462891 0.000000 2915.171631 0.000000 0.009338 0.000000 0.999956 0.353221 0.353221 0.353221
5357.372559 0.000000 2961.556885 0.000000 0.460758 0.000000 -0.887526 0.441437 0.441437 0.441437
5353.620117 0.000000 2991.174561 0.000000 0.169776 0.000000 0.985483 0.340574 0.340574 0.340574
5306.531250 0.000000 2910.153320 0.000000 0.584488 0.000000 -0.811402 0.444899 0.444899 0.444899
5306.549805 0.000000 2914.334717 0.000000 0.523843 0.000000 0.851815 0.367423 0.367423 0.367423
5386.457031 0.000000 2994.765137 0.000000 0.993287 0.000000 -0.115675 0.405499 0.405499 0.405499
5353.439941 0.000000 2980.779541 0.000000 0.198794 0.000000 0.980041 0.344565 0.344565 0.344565
5335.205566 0.000000 2990.086914 0.000000 0.863022 0.000000 0.505166 0.376202 0.376202 0.376202
5306.889160 0.000000 2985.283203 0.000000 0.979954 0.000000 -0.199222 0.407310 0.407310 0.407310
5326.822266 0.000000 2970.163574 0.000000 0.962232 0.000000 -0.272229 0.412527 0.412527 0.412527
5363.092285 0.000000 2989.795410 0.000000 0.232875 0.000000 -0.972507 0.464028 0.464028 0.464028
5381.396484 0.000000 2932.409424 0.000000 0.592214 0.000000 0.805780 0.367718 0.367718 0.367718
5348.021484 0.000000 2982.191406 0.000000 0.103786 0.000000 -0.994600 0.469578 0.469578 0.469578
5326.017578 0.000000 2979.618652 0.000000 0.382566 0.000000 -0.923928 0.448829 0.448829 0.448829
5341.801758 0.000000 2994.779541 0.000000 0.805010 0.000000 0.593261 0.367972 0.367972 0.367972
5331.296387 0.000000 2972.975342 0.000000 0.999411 0.000000 0.034321 0.398697 0.398697 0.398697
5310.707520 0.000000 2976.828125 0.000000 0.273590 0.000000 0.961846 0.349616 0.349616 0.349616
5333.780273 0.000000 2955.516357 0.000000 0.665301 0.000000 0.746576 0.323402 0.323402 0.323402
5353.408691 0.000000 2985.769775 0.000000 0.430417 0.000000 -0.902630 0.453404 0.453404 0.453404
5360.008301 0.000000 2985.862793 0.000000 0.311633 0.000000 0.950202 0.338644 0.338644 0.338644
5339.567383 0.000000 2954.485352 0.000000 0.674724 0.000000 0.738070 0.329945 0.329945 0.329945
5335.862793 0.000000 2974.146484 0.000000 0.090400 0.000000 0.995906 0.269916 0.269916 0.269916
5382.775879 0.000000 2935.616699 0.000000 0.021700 0.000000 0.999765 0.341989 0.341989 0.341989
5331.773926 0.000000 2977.534180 0.000000 0.773183 0.000000 0.634183 0.365357 0.365357 0.365357
5358.362305 0.000000 2993.921875 0.000000 0.171573 0.000000 0.985171 0.327385 0.327385 0.327385
5366.018066 0.000000 2968.029297 0.000000 0.975347 0.000000 0.220677 0.383335 0.383335 0.383335
5348.586426 0.000000 2977.593262 0.000000 0.642210 0.000000 -0.766528 0.443611 0.443611 0.443611
5329.513672 0.000000 2926.417236 0.000000 0.881738 0.000000 0.471739 0.356829 0.356829 0.356829
5318.540039 0.000000 2978.108643 0.000000 0.997793 0.000000 -0.066406 0.403020 0.403020 0.403020
5318.952637 0.000000 2980.633789 0.000000 0.998318 0.000000 -0.057976 0.402781 0.402781 0.402781
5335.472168 0.000000 2911.817383 0.000000 0.731685 0.000000 -0.681643 0.430333 0.430333 0.430333
5365.136719 0.000000 2962.955566 0.000000 0.918438 0.000000 -0.395564 0.420915 0.420915 0.420915
5323.494141 0.000000 2979.209961 0.000000 0.980500 0.000000 -0.196517 0.409975 0.409975 0.409975
5377.449707 0.000000 2958.125977 0.000000 0.487125 0.000000 0.873332 0.350155 0.350155 0.350155
5339.133789 0.000000 2982.574707 0.000000 0.278620 0.000000 -0.960402 0.461760 0.461760 0.461760
5355.371582 0.000000 2970.592529 0.000000 0.657832 0.000000 -0.753165 0.439177 0.439177 0.439177
5325.989258 0.000000 2917.044189 0.000000 0.960597 0.000000 -0.277945 0.415329 0.415329 0.415329
5306.620605 0.000000 2974.682861 0.000000 0.107676 0.000000 -0.994186 0.478158 0.478158 0.478158
5356.361328 0.000000 2989.885254 0.000000 0.331943 0.000000 -0.943299 0.473229 0.473229 0.473229
5369.613770 0.000000 2975.792725 0.000000 0.675211 0.000000 -0.737625 0.437278 0.437278 0.437278
5360.651367 0.000000 2989.380615 0.000000 0.306744 0.000000 0.951792 0.333992 0.333992 0.333992
5322.616699 0.000000 2971.803467 0.000000 0.907055 0.000000 -0.421013 0.423000 0.423000 0.423000
5360.679199 0.000000 2976.100830 0.000000 0.995050 0.000000 0.099379 0.395278 0.395278 0.395278
5331.518066 0.000000 2929.362305 0.000000 0.569326 0.000000 0.822112 0.332054 0.332054 0.332054
5341.241699 0.000000 2964.761963 0.000000 0.593530 0.000000 0.804812 0.343956 0.343956 0.343956
5348.949219 0.000000 2973.073730 0.000000 0.997637 0.000000 -0.068702 0.403776 0.403776 0.403776
5321.557617 0.000000 2981.638672 0.000000 0.947980 0.000000 -0.318329 0.416338 0.416338 0.416338
5341.251465 0.000000 2914.028564 0.000000 0.802582 0.000000 0.596542 0.347659 0.347659 0.347659
5322.312012 0.000000 2920.350830 0.000000 0.993021 0.000000 -0.117941 0.408323 0.408323 0.408323
5320.471680 0.000000 2923.947510 0.000000 0.758496 0.000000 -0.651677 0.430479 0.430479 0.430479
5349.431152 0.000000 2968.126709 0.000000 0.169463 0.000000 0.985536 0.330770 0.330770 0.330770
5325.205078 0.000000 2983.812256 0.000000 0.264831 0.000000 -0.964295 0.477408 0.477408 0.477408
5324.354004 0.000000 2974.811035 0.000000 0.910195 0.000000 -0.414180 0.427506 0.427506 0.427506
5332.604492 0.000000 2994.615234 0.000000 0.438466 0.000000 0.898748 0.346463 0.346463 0.346463
5370.951660 0.000000 2967.309814 0.000000 0.606097 0.000000 -0.795391 0.445460 0.445460 0.445460
5338.059570 0.000000 2977.703369 0.000000 0.637658 0.000000 0.770320 0.353898 0.353898 0.353898
5332.693848 0.000000 2986.879883 0.000000 0.948411 0.000000 0.317043 0.376321 0.376321 0.376321
5388.874512 0.000000 2923.453857 0.000000 0.981073 0.000000 -0.193639 0.409438 0.409438 0.409438
5342.690918 0.000000 2910.034424 0.000000 0.290280 0.000000 0.956942 0.330539 0.330539 0.330539
5346.083496 0.000000 2994.600342 0.000000 0.856733 0.000000 0.515761 0.374296 0.374296 0.374296
5386.887695 0.000000 2943.287354 0.000000 0.915067 0.000000 0.403301 0.374713 0.374713 0.374713
5363.588867 0.000000 2968.886719 0.000000 1.000000 0.000000 0.000827 0.399948 0.399948 0.399948
5316.405273 0.000000 2982.257812 0.000000 0.987330 0.000000 -0.158681 0.407559 0.407559 0.407559
5335.618164 0.000000 2951.415771 0.000000 0.142927 0.000000 -0.989733 0.494790 0.494790 0.494790
5368.334473 0.000000 2959.548096 0.000000 0.609165 0.000000 0.793043 0.356560 0.356560 0.356560
5322.459473 0.000000 2976.931885 0.000000 0.995585 0.000000 0.093865 0.395212 0.395212 0.395212
5337.562012 0.000000 2950.005615 0.000000 0.407114 0.000000 0.913377 0.341929 0.341929 0.341929
5354.179688 0.000000 2993.757812 0.000000 0.068376 0.000000 -0.997660 0.481016 0.481016 0.481016
5337.114746 0.000000 2965.994873 0.000000 0.848336 0.000000 0.529458 0.360161 0.360161 0.360161
5339.557617 0.000000 2987.241699 0.000000 0.967532 0.000000 -0.252748 0.412120 0.412120 0.412120
5347.044922 0.000000 2971.623535 0.000000 0.993568 0.000000 0.113240 0.393994 0.393994 0.393994
5327.582031 0.000000 2972.469238 0.000000 0.995569 0.000000 0.094038 0.394639 0.394639 0.394639
5329.620117 0.000000 2920.295166 0.000000 0.986903 0.000000 -0.161317 0.412378 0.412378 0.412378
5386.036133 0.000000 2916.108398 0.000000 0.767234 0.000000 -0.641367 0.445196 0.445196 0.445196
5348.167480 0.000000 2979.897461 0.000000 0.078826 0.000000 0.996888 0.326253 0.326253 0.326253
5333.427246 0.000000 2962.994385 0.000000 0.537892 0.000000 0.843014 0.347422 0.347422 0.347422
5309.313477 0.000000 2978.640869 0.000000 0.328395 0.000000 0.944541 0.329634 0.329634 0.329634
5325.543945 0.000000 2919.238770 0.000000 0.536538 0.000000 -0.843876 0.474228 0.474228 0.474228
5325.264648 0.000000 2986.811768 0.000000 0.703003 0.000000 -0.711187 0.447406 0.447406 0.447406
5387.773926 0.000000 2918.845215 0.000000 0.599724 0.000000 -0.800207 0.464382 0.464382 0.464382
5330.627930 0.000000 2959.484619 0.000000 0.978257 0.000000 -0.207396 0.414082 0.414082 0.414082
5334.632324 0.000000 2966.950684 0.000000 0.558692 0.000000 0.829376 0.349215 0.349215 0.349215
5361.152832 0.000000 2962.005371 0.000000 0.188231 0.000000 0.982125 0.302743 0.302743 0.302743
5339.196289 0.000000 2910.295410 0.000000 0.225326 0.000000 0.974284 0.312121 0.312121 0.312121
5331.736816 0.000000 2927.207520 0.000000 0.992917 0.000000 -0.118810 0.408325 0.408325 0.408325
5336.737305 0.000000 2983.795410 0.000000 0.620154 0.000000 0.784480 0.350016 0.350016 0.350016
5337.788574 0.000000 2913.811279 0.000000 0.810028 0.000000 0.586391 0.360266 0.360266 0.360266
5331.543457 0.000000 2922.270508 0.000000 0.695762 0.000000 -0.718272 0.445612 0.445612 0.445612
5306.728516 0.000000 2982.034424 0.000000 0.898685 0.000000 -0.438595 0.428791 0.428791 0.428791
5328.391113 0.000000 2930.976807 0.000000 0.695544 0.000000 -0.718484 0.450833 0.450833 0.450833
5351.391602 0.000000 2968.769043 0.000000 0.054302 0.000000 0.998525 0.298537 0.298537 0.298537
5368.755859 0.000000 2966.256104 0.000000 0.665200 0.000000 -0.746665 0.453459 0.453459 0.453459
5324.876465 0.000000 2926.706543 0.000000 0.500101 0.000000 -0.865967 0.469012 0.469012 0.469012
5331.781738 0.000000 2955.176270 0.000000 0.999090 0.000000 0.042650 0.397380 0.397380 0.397380
5337.323730 0.000000 2981.595947 0.000000 0.891411 0.000000 -0.453196 0.428182 0.428182 0.428182
5370.792969 0.000000 2969.393555 0.000000 0.447197 0.000000 -0.894436 0.469102 0.469102 0.469102
5364.078613 0.000000 2981.457031 0.000000 0.223198 0.000000 0.974773 0.313994 0.313994 0.313994
5439.786621 0.000000 2797.289795 0.000000 0.998124 0.000000 -0.061232 0.400061 0.400061 0.400061
5467.104004 0.000000 2783.449463 0.000000 0.928124 0.000000 0.372270 0.398667 0.398667 0.398667
5413.562012 0.000000 2807.607178 0.000000 0.949225 0.000000 0.314597 0.398402 0.398402 0.398402
5433.168457 0.000000 2782.588623 0.000000 0.163473 0.000000 -0.986548 0.409833 0.409833 0.409833
5427.854492 0.000000 2816.681885 0.000000 0.892029 0.000000 0.451978 0.396956 0.396956 0.396956
5411.742188 0.000000 2783.718262 0.000000 0.928155 0.000000 -0.372195 0.403618 0.403618 0.403618
5453.405273 0.000000 2807.640137 0.000000 0.972931 0.000000 -0.231097 0.403377 0.403377 0.403377
5468.947754 0.000000 2876.584717 0.000000 0.848054 0.000000 -0.529910 0.411433 0.411433 0.411433
5454.963379 0.000000 2798.845703 0.000000 0.949087 0.000000 0.315013 0.393279 0.393279 0.393279
5476.494141 0.000000 2838.882812 0.000000 0.284906 0.000000 0.958555 0.368637 0.368637 0.368637
5415.857422 0.000000 2796.475586 0.000000 0.959051 0.000000 -0.283235 0.407456 0.407456 0.407456
5421.011719 0.000000 2797.213623 0.000000 0.316676 0.000000 0.948534 0.363218 0.363218 0.363218
5459.957031 0.000000 2886.999023 0.000000 0.897884 0.000000 0.440232 0.385660 0.385660 0.385660
5479.393066 0.000000 2835.178711 0.000000 0.204617 0.000000 0.978842 0.365248 0.365248 0.365248
5480.453125 0.000000 2849.843018 0.000000 0.954287 0.000000 0.298891 0.391513 0.391513 0.391513
5461.197754 0.000000 2806.608398 0.000000 0.599690 0.000000 0.800232 0.376377 0.376377 0.376377
5433.801270 0.000000 2799.005615 0.000000 0.977660 0.000000 0.210194 0.393761 0.393761 0.393761
5409.458008 0.000000 2781.687500 0.000000 0.673292 0.000000 0.739376 0.375901 0.375901 0.375901
5458.996094 0.000000 2813.128174 0.000000 0.542637 0.000000 0.839968 0.366639 0.366639 0.366639
5419.948730 0.000000 2806.220459 0.000000 0.445229 0.000000 -0.895417 0.435451 0.435451 0.435451
5414.252441 0.000000 2798.983643 0.000000 0.871531 0.000000 -0.490341 0.418424 0.418424 0.418424
5451.180176 0.000000 2784.784424 0.000000 0.994795 0.000000 -0.101896 0.403058 0.403058 0.403058
5416.455078 0.000000 2808.187256 0.000000 0.784884 0.000000 -0.619643 0.422023 0.422023 0.422023
5473.449219 0.000000 2887.780762 0.000000 0.916257 0.000000 0.400590 0.383948 0.383948 0.383948
5455.916504 0.000000 2808.869141 0.000000 0.191358 0.000000 -0.981520 0.446108 0.446108 0.446108
5459.533203 0.000000 2804.330566 0.000000 0.529691 0.000000 -0.848191 0.442469 0.442469 0.442469
5455.385254 0.000000 2805.600342 0.000000 1.000000 0.000000 -0.000687 0.400025 0.400025 0.400025
5471.104004 0.000000 2878.196045 0.000000 0.468099 0.000000 0.883676 0.347515 0.347515 0.347515
5421.884766 0.000000 2818.396484 0.000000 0.635470 0.000000 0.772125 0.358154 0.358154 0.358154
5417.559570 0.000000 2801.875732 0.000000 0.999875 0.000000 -0.015800 0.400750 0.400750 0.400750
5475.801270 0.000000 2864.486084 0.000000 0.007798 0.000000 0.999970 0.328201 0.328201 0.328201
5464.016113 0.000000 2882.106689 0.000000 0.894972 0.000000 0.446122 0.379681 0.379681 0.379681
5405.653320 0.000000 2784.735840 0.000000 0.995148 0.000000 0.098393 0.395325 0.395325 0.395325
5422.464355 0.000000 2804.833008 0.000000 0.401784 0.000000 -0.915735 0.447963 0.447963 0.447963
5477.126953 0.000000 2867.696045 0.000000 0.381899 0.000000 0.924204 0.345843 0.345843 0.345843
5473.307617 0.000000 2781.819092 0.000000 0.353045 0.000000 0.935606 0.351668 0.351668 0.351668
5479.396973 0.000000 2879.246338 0.000000 0.297022 0.000000 0.954871 0.310643 0.310643 0.310643
5462.834473 0.000000 2887.319580 0.000000 0.566461 0.000000 -0.824088 0.445945 0.445945 0.445945
5475.169434 0.000000 2885.560547 0.000000 0.003666 0.000000 0.999993 0.323317 0.323317 0.323317
5477.284180 0.000000 2883.698975 0.000000 0.975117 0.000000 -0.221692 0.411832 0.411832 0.411832
5478.567383 0.000000 2859.900146 0.000000 0.918778 0.000000 -0.394774 0.419250 0.419250 0.419250
5457.158203 0.000000 2804.050781 0.000000 0.750528 0.000000 -0.660839 0.434245 0.434245 0.434245
5416.612305 0.000000 2813.310791 0.000000 0.977563 0.000000 0.210644 0.389933 0.389933 0.389933
5469.878418 0.000000 2880.145752 0.000000 0.474359 0.000000 0.880331 0.348934 0.348934 0.348934
5475.630371 0.000000 2876.099365 0.000000 0.819276 0.000000 0.573400 0.362497 0.362497 0.362497
5481.220215 0.000000 2826.336914 0.000000 0.679903 0.000000 -0.733302 0.402877 0.402877 0.402877
5529.662109 0.000000 2872.052490 0.000000 0.858959 0.000000 -0.512045 0.463077 0.463077 0.463077
5555.051270 0.000000 2866.135986 0.000000 0.790900 0.000000 -0.611945 0.408549 0.408549 0.408549
5481.849609 0.000000 2869.905029 0.000000 0.899306 0.000000 -0.437320 0.405650 0.405650 0.405650
5551.269531 0.000000 2807.547607 0.000000 0.532618 0.000000 0.846356 0.387404 0.387404 0.387404
5507.878906 0.000000 2865.208496 0.000000 0.881481 0.000000 -0.472220 0.408840 0.408840 0.408840
5525.067383 0.000000 2809.707764 0.000000 0.894183 0.000000 0.447702 0.392815 0.392815 0.392815
5541.591797 0.000000 2850.211426 0.000000 0.929473 0.000000 0.368889 0.394152 0.394152 0.394152
5518.433105 0.000000 2791.495605 0.000000 0.430594 0.000000 -0.902546 0.423606 0.423606 0.423606
5538.829102 0.000000 2790.807861 0.000000 0.729215 0.000000 0.684285 0.383819 0.383819 0.383819
5489.250977 0.000000 2848.912598 0.000000 0.829861 0.000000 0.557970 0.386700 0.386700 0.386700
5564.625488 0.000000 2877.516113 0.000000 0.933969 0.000000 0.357354 0.393066 0.393066 0.393066
5528.028809 0.000000 2848.624756 0.000000 0.614452 0.000000 -0.788954 0.417703 0.417703 0.417703
5491.852539 0.000000 2852.388184 0.000000 0.654907 0.000000 0.755710 0.380750 0.380750 0.380750
5558.258301 0.000000 2802.515381 0.000000 0.917037 0.000000 -0.398802 0.408193 0.408193 0.408193
5495.907227 0.000000 2867.664062 0.000000 0.988773 0.000000 0.149428 0.397229 0.397229 0.397229
5508.672363 0.000000 2832.237793 0.000000 0.585400 0.000000 -0.810745 0.417938 0.417938 0.417938
5515.622070 0.000000 2813.052002 0.000000 0.306132 0.000000 -0.951989 0.430190 0.430190 0.430190
5525.010254 0.000000 2855.959961 0.000000 0.152577 0.000000 -0.988292 0.431852 0.431852 0.431852
5508.073242 0.000000 2835.892090 0.000000 0.928886 0.000000 0.370366 0.390339 0.390339 0.390339
5502.849609 0.000000 2796.475586 0.000000 0.460714 0.000000 0.887549 0.375464 0.375464 0.375464
5511.066406 0.000000 2802.643311 0.000000 0.999970 0.000000 -0.007681 0.400169 0.400169 0.400169
5498.472656 0.000000 2800.070068 0.000000 0.965782 0.000000 0.259353 0.393319 0.393319 0.393319
5562.167480 0.000000 2882.458740 0.000000 0.792177 0.000000 0.610292 0.380334 0.380334 0.380334
5524.590332 0.000000 2848.460938 0.000000 0.645088 0.000000 -0.764108 0.422146 0.422146 0.422146
5554.979004 0.000000 2858.443359 0.000000 0.343446 0.000000 -0.939172 0.430463 0.430463 0.430463
5529.997070 0.000000 2798.046387 0.000000 0.912286 0.000000 -0.409555 0.415380 0.415380 0.415380
5519.745117 0.000000 2787.678955 0.000000 0.496539 0.000000 0.868014 0.369558 0.369558 0.369558
5503.376953 0.000000 2840.128174 0.000000 0.827358 0.000000 0.561675 0.378559 0.378559 0.378559
5490.182617 0.000000 2866.140869 0.000000 0.635936 0.000000 0.771741 0.369187 0.369187 0.369187
5513.778320 0.000000 2861.082764 0.000000 0.255349 0.000000 0.966849 0.352812 0.352812 0.352812
5482.020996 0.000000 2829.240234 0.000000 0.868363 0.000000 -0.495930 0.414768 0.414768 0.414768
5504.916992 0.000000 2885.789551 0.000000 0.188886 0.000000 0.981999 0.356566 0.356566 0.356566
5508.442871 0.000000 2811.537109 0.000000 0.846352 0.000000 -0.532624 0.453288 0.453288 0.453288
5515.989746 0.000000 2866.640625 0.000000 0.021690 0.000000 -0.999765 0.461879 0.461879 0.461879
5501.244629 0.000000 2798.983643 0.000000 0.514443 0.000000 0.857525 0.360897 0.360897 0.360897
5531.271484 0.000000 2858.183350 0.000000 0.901037 0.000000 -0.433743 0.442114 0.442114 0.442114
5521.036621 0.000000 2867.939941 0.000000 0.024170 0.000000 -0.999708 0.448651 0.448651 0.448651
5555.824707 0.000000 2785.947998 0.000000 0.144632 0.000000 0.989486 0.354442 0.354442 0.354442
5510.790527 0.000000 2886.816650 0.000000 0.492030 0.000000 -0.870578 0.439032 0.439032 0.439032
5484.863770 0.000000 2837.887939 0.000000 0.969768 0.000000 0.244029 0.391753 0.391753 0.391753
5537.408691 0.000000 2807.590576 0.000000 0.598018 0.000000 0.801483 0.315043 0.315043 0.315043
5531.356934 0.000000 2854.572510 0.000000 0.994232 0.000000 -0.107253 0.404668 0.404668 0.404668
5537.227051 0.000000 2793.080566 0.000000 0.961627 0.000000 -0.274360 0.412351 0.412351 0.412351
5555.012207 0.000000 2863.356201 0.000000 0.018662 0.000000 -0.999826 0.458900 0.458900 0.458900
5553.321777 0.000000 2791.614746 0.000000 0.896329 0.000000 -0.443390 0.416515 0.416515 0.416515
5530.672852 0.000000 2847.375732 0.000000 0.981803 0.000000 0.189901 0.393227 0.393227 0.393227
5531.843262 0.000000 2791.871094 0.000000 0.998730 0.000000 0.050375 0.398213 0.398213 0.398213
5549.817871 0.000000 2862.261963 0.000000 0.788855 0.000000 -0.614579 0.458493 0.458493 0.458493
5509.189941 0.000000 2883.102539 0.000000 0.921967 0.000000 0.387269 0.381534 0.381534 0.381534
5482.522949 0.000000 2857.470703 0.000000 0.523038 0.000000 -0.852309 0.442797 0.442797 0.442797
5485.335449 0.000000 2875.717041 0.000000 0.921055 0.000000 0.389432 0.382823 0.382823 0.382823
5518.712402 0.000000 2854.204834 0.000000 0.236530 0.000000 0.971624 0.334822 0.334822 0.334822
5555.634277 0.000000 2801.440430 0.000000 0.983280 0.000000 0.182098 0.393234 0.393234 0.393234
5518.526855 0.000000 2848.993652 0.000000 0.831069 0.000000 0.556169 0.375558 0.375558 0.375558
5483.460449 0.000000 2833.263184 0.000000 0.885451 0.000000 0.464733 0.377073 0.377073 0.377073
5558.530762 0.000000 2797.766602 0.000000 0.893627 0.000000 -0.448811 0.417662 0.417662 0.417662
5487.242188 0.000000 2831.662354 0.000000 0.589249 0.000000 -0.807952 0.441332 0.441332 0.441332
5528.587402 0.000000 2787.939941 0.000000 0.416495 0.000000 -0.909138 0.454133 0.454133 0.454133
5548.364746 0.000000 2848.057861 0.000000 0.469778 0.000000 -0.882784 0.444291 0.444291 0.444291
5507.764648 0.000000 2848.531982 0.000000 0.461890 0.000000 0.886937 0.355889 0.355889 0.355889
5530.004395 0.000000 2783.145020 0.000000 0.928128 0.000000 0.372262 0.383049 0.383049 0.383049
5536.661621 0.000000 2856.771484 0.000000 0.994728 0.000000 -0.102545 0.409233 0.409233 0.409233
5504.551758 0.000000 2801.875732 0.000000 0.103659 0.000000 -0.994613 0.462992 0.462992 0.462992
5527.010742 0.000000 2807.850098 0.000000 0.923168 0.000000 0.384397 0.382664 0.382664 0.382664
5556.523438 0.000000 2795.950928 0.000000 0.818595 0.000000 0.574371 0.370978 0.370978 0.370978
5500.535156 0.000000 2821.140625 0.000000 0.316762 0.000000 0.948505 0.335792 0.335792 0.335792
5549.616699 0.000000 2809.576660 0.000000 0.750193 0.000000 -0.661219 0.428497 0.428497 0.428497
5540.002441 0.000000 2861.044922 0.000000 0.585971 0.000000 -0.810332 0.435378 0.435378 0.435378
5528.194336 0.000000 2785.101807 0.000000 0.532081 0.000000 -0.846693 0.447896 0.447896 0.447896
5534.497070 0.000000 2850.698242 0.000000 0.909581 0.000000 -0.415526 0.416903 0.416903 0.416903
5480.675781 0.000000 2837.357910 0.000000 0.911461 0.000000 -0.411386 0.420111 0.420111 0.420111
5509.456543 0.000000 2804.833008 0.000000 0.834042 0.000000 -0.551701 0.428304 0.428304 0.428304
5539.121094 0.000000 2855.971191 0.000000 0.999878 0.000000 -0.015609 0.401224 0.401224 0.401224
5557.960938 0.000000 2886.985840 0.000000 0.296447 0.000000 -0.955049 0.467842 0.467842 0.467842
5560.299805 0.000000 2781.819092 0.000000 0.424561 0.000000 0.905399 0.347420 0.347420 0.347420
5533.462402 0.000000 2794.132812 0.000000 0.026324 0.000000 -0.999653 0.464778 0.464778 0.464778
5539.754883 0.000000 2797.475342 0.000000 0.344434 0.000000 0.938811 0.345822 0.345822 0.345822
5530.385742 0.000000 2838.219238 0.000000 0.986437 0.000000 -0.164140 0.408974 0.408974 0.408974
5487.305664 0.000000 2854.989014 0.000000 0.363421 0.000000 0.931625 0.343133 0.343133 0.343133
5534.663574 0.000000 2869.116455 0.000000 0.959374 0.000000 0.282136 0.376293 0.376293 0.376293
5522.933594 0.000000 2866.089355 0.000000 0.986275 0.000000 -0.165111 0.407537 0.407537 0.407537
5532.387695 0.000000 2807.941162 0.000000 0.879625 0.000000 -0.475667 0.437128 0.437128 0.437128
5546.346191 0.000000 2850.983154 0.000000 0.919928 0.000000 -0.392087 0.421123 0.421123 0.421123
5516.587891 0.000000 2789.818848 0.000000 0.845437 0.000000 -0.534075 0.426725 0.426725 0.426725
5504.759766 0.000000 2844.643555 0.000000 0.848912 0.000000 -0.528533 0.426415 0.426415 0.426415
5505.680664 0.000000 2835.585938 0.000000 0.837759 0.000000 0.546040 0.372600 0.372600 0.372600
5547.834961 0.000000 2871.428223 0.000000 0.136326 0.000000 -0.990664 0.475183 0.475183 0.475183
5554.998047 0.000000 2888.481934 0.000000 0.833821 0.000000 -0.552035 0.436792 0.436792 0.436792
5557.904297 0.000000 2800.058350 0.000000 0.981389 0.000000 -0.192030 0.408587 0.408587 0.408587
5506.588867 0.000000 2887.630859 0.000000 0.738620 0.000000 -0.674122 0.435091 0.435091 0.435091
5552.290527 0.000000 2781.856689 0.000000 0.064811 0.000000 -0.997898 0.479705 0.479705 0.479705
5531.874023 0.000000 2800.330811 0.000000 0.479539 0.000000 0.877521 0.332641 0.332641 0.332641
5537.573242 0.000000 2861.902344 0.000000 0.528768 0.000000 -0.848766 0.463266 0.463266 0.463266
5520.001465 0.000000 2857.895020 0.000000 0.235825 0.000000 0.971795 0.306838 0.306838 0.306838
5510.182617 0.000000 2813.275635 0.000000 0.666829 0.000000 -0.745211 0.455420 0.455420 0.455420
5536.196289 0.000000 2797.875244 0.000000 0.866792 0.000000 0.498670 0.372108 0.372108 0.372108
5521.029297 0.000000 2864.639160 0.000000 0.103150 0.000000 -0.994666 0.487193 0.487193 0.487193
5548.418945 0.000000 2868.020020 0.000000 0.002039 0.000000 0.999998 0.288772 0.288772 0.288772
5532.807129 0.000000 2796.395996 0.000000 0.454846 0.000000 0.890570 0.345695 0.345695 0.345695
5485.418457 0.000000 2850.335693 0.000000 0.067753 0.000000 0.997702 0.327206 0.327206 0.327206
5539.951172 0.000000 2805.288818 0.000000 0.447236 0.000000 0.894416 0.320397 0.320397 0.320397
5531.599609 0.000000 2804.952148 0.000000 0.589440 0.000000 -0.807812 0.461983 0.461983 0.461983
5503.604492 0.000000 2813.310791 0.000000 0.148785 0.000000 -0.988870 0.510011 0.510011 0.510011
5512.726074 0.000000 2863.104980 0.000000 0.506304 0.000000 -0.862355 0.450885 0.450885 0.450885
5501.105469 0.000000 2826.038818 0.000000 0.860184 0.000000 -0.509983 0.439548 0.439548 0.439548
5541.547852 0.000000 2813.794678 0.000000 0.321357 0.000000 -0.946958 0.489418 0.489418 0.489418
5549.964844 0.000000 2855.724121 0.000000 0.995529 0.000000 0.094459 0.392915 0.392915 0.392915
5547.382324 0.000000 2863.609619 0.000000 0.991853 0.000000 0.127391 0.392027 0.392027 0.392027
5545.324219 0.000000 2816.532715 0.000000 0.975901 0.000000 -0.218214 0.410655 0.410655 0.410655
5504.272949 0.000000 2811.141357 0.000000 0.982162 0.000000 -0.188037 0.413318 0.413318 0.413318
5526.558594 0.000000 2857.612549 0.000000 0.678381 0.000000 -0.734711 0.446562 0.446562 0.446562
5552.719727 0.000000 2858.838867 0.000000 0.465236 0.000000 -0.885187 0.464038 0.464038 0.464038
5546.850098 0.000000 2853.695557 0.000000 0.511320 0.000000 0.859390 0.330813 0.330813 0.330813
5498.417969 0.000000 2817.422852 0.000000 0.483556 0.000000 -0.875313 0.463344 0.463344 0.463344
5526.225586 0.000000 2843.075195 0.000000 0.527004 0.000000 0.849863 0.329505 0.329505 0.329505
5535.137207 0.000000 2855.020996 0.000000 0.433438 0.000000 -0.901183 0.482389 0.482389 0.482389
5534.512695 0.000000 2864.741943 0.000000 0.362047 0.000000 0.932160 0.331076 0.331076 0.331076
5511.772949 0.000000 2806.826904 0.000000 0.178087 0.000000 -0.984015 0.484780 0.484780 0.484780
5530.647461 0.000000 2842.644043 0.000000 0.711385 0.000000 -0.702802 0.449419 0.449419 0.449419
5535.809570 0.000000 2799.907959 0.000000 0.997603 0.000000 -0.069190 0.404391 0.404391 0.404391
5544.658691 0.000000 2809.962646 0.000000 0.938342 0.000000 -0.345707 0.423618 0.423618 0.423618
5524.951660 0.000000 2864.595215 0.000000 0.877855 0.000000 0.478927 0.369078 0.369078 0.369078
5529.227051 0.000000 2840.080811 0.000000 0.933404 0.000000 -0.358828 0.424739 0.424739 0.424739
5535.530273 0.000000 2867.331299 0.000000 0.894365 0.000000 -0.447338 0.429873 0.429873 0.429873
5416.418945 0.000000 2995.477783 0.000000 0.709358 0.000000 0.704848 0.396875 0.396875 0.396875
5422.113281 0.000000 2961.150146 0.000000 0.630409 0.000000 -0.776263 0.406656 0.406656 0.406656
5475.358887 0.000000 2916.731445 0.000000 0.896059 0.000000 -0.443936 0.404594 0.404594 0.404594
5479.042480 0.000000 2927.473389 0.000000 0.822834 0.000000 -0.568282 0.404527 0.404527 0.404527
5460.079102 0.000000 2947.725098 0.000000 0.329028 0.000000 -0.944320 0.411721 0.411721 0.411721
5393.945801 0.000000 2939.115234 0.000000 0.029908 0.000000 -0.999553 0.413079 0.413079 0.413079
5435.769043 0.000000 2945.150879 0.000000 0.926611 0.000000 -0.376022 0.404427 0.404427 0.404427
5449.644043 0.000000 2951.115723 0.000000 0.013862 0.000000 0.999904 0.377456 0.377456 0.377456
5443.274414 0.000000 2992.372803 0.000000 0.537272 0.000000 0.843409 0.382461 0.382461 0.382461
5418.504883 0.000000 2984.661133 0.000000 0.928349 0.000000 -0.371711 0.407226 0.407226 0.407226
5464.213379 0.000000 2938.139893 0.000000 0.540898 0.000000 -0.841088 0.418461 0.418461 0.418461
5454.963379 0.000000 2905.830078 0.000000 0.278285 0.000000 -0.960499 0.422523 0.422523 0.422523
5475.456055 0.000000 2893.737549 0.000000 0.820022 0.000000 -0.572332 0.410649 0.410649 0.410649
5459.754395 0.000000 2916.952881 0.000000 0.560512 0.000000 0.828146 0.378075 0.378075 0.378075
5454.636719 0.000000 2994.029785 0.000000 0.884294 0.000000 -0.466931 0.412371 0.412371 0.412371
5435.332520 0.000000 2930.698486 0.000000 0.498191 0.000000 -0.867067 0.429339 0.429339 0.429339
5435.374023 0.000000 2992.973877 0.000000 0.277874 0.000000 0.960617 0.362021 0.362021 0.362021
5397.103516 0.000000 2918.239746 0.000000 0.738082 0.000000 0.674711 0.382621 0.382621 0.382621
5445.601074 0.000000 2943.998535 0.000000 0.549173 0.000000 0.835709 0.378757 0.378757 0.378757
5459.957031 0.000000 2993.983398 0.000000 0.861181 0.000000 -0.508298 0.454578 0.454578 0.454578
5405.928223 0.000000 2911.152588 0.000000 0.898742 0.000000 0.438479 0.389348 0.389348 0.389348
5429.468750 0.000000 2947.215576 0.000000 0.553591 0.000000 -0.832789 0.430466 0.430466 0.430466
5470.901367 0.000000 2921.325928 0.000000 0.724277 0.000000 -0.689509 0.422413 0.422413 0.422413
5393.911621 0.000000 2924.075928 0.000000 0.903777 0.000000 0.428004 0.389621 0.389621 0.389621
5478.051758 0.000000 2924.409180 0.000000 0.989201 0.000000 0.146568 0.395740 0.395740 0.395740
5465.522461 0.000000 2893.184570 0.000000 0.983105 0.000000 0.183040 0.395221 0.395221 0.395221
5467.355957 0.000000 2920.385742 0.000000 0.303572 0.000000 -0.952809 0.444752 0.444752 0.444752
5428.951660 0.000000 2991.110596 0.000000 0.857677 0.000000 -0.514189 0.416988 0.416988 0.416988
5473.839355 0.000000 2931.777832 0.000000 0.533728 0.000000 0.845656 0.366789 0.366789 0.366789
5443.647949 0.000000 2932.389404 0.000000 0.567485 0.000000 0.823384 0.367156 0.367156 0.367156
5456.634277 0.000000 2947.033447 0.000000 0.343717 0.000000 -0.939073 0.447511 0.447511 0.447511
5466.329590 0.000000 2898.599121 0.000000 0.962046 0.000000 -0.272888 0.409522 0.409522 0.409522
5441.953125 0.000000 2911.130127 0.000000 0.833779 0.000000 -0.552098 0.420735 0.420735 0.420735
5393.523438 0.000000 2910.153320 0.000000 0.890269 0.000000 0.455435 0.377570 0.377570 0.377570
5438.540039 0.000000 2938.609131 0.000000 0.636252 0.000000 0.771481 0.363042 0.363042 0.363042
5422.197754 0.000000 2990.086914 0.000000 0.999966 0.000000 -0.008286 0.400393 0.400393 0.400393
5474.409668 0.000000 2891.172607 0.000000 0.624134 0.000000 0.781317 0.369552 0.369552 0.369552
5452.217285 0.000000 2929.744629 0.000000 0.174397 0.000000 0.984675 0.333805 0.333805 0.333805
5473.652832 0.000000 2945.701904 0.000000 0.559294 0.000000 -0.828969 0.442940 0.442940 0.442940
5466.047363 0.000000 2904.990723 0.000000 0.606039 0.000000 0.795435 0.358669 0.358669 0.358669
5476.438477 0.000000 2906.364746 0.000000 0.908868 0.000000 -0.417084 0.420838 0.420838 0.420838
5452.110840 0.000000 2987.541748 0.000000 0.710249 0.000000 0.703951 0.366076 0.366076 0.366076
5474.354004 0.000000 2903.954590 0.000000 0.690621 0.000000 -0.723217 0.469834 0.469834 0.469834
5468.642090 0.000000 2908.424805 0.000000 0.639463 0.000000 -0.768822 0.441600 0.441600 0.441600
5431.534668 0.000000 2955.978027 0.000000 0.617485 0.000000 -0.786583 0.437516 0.437516 0.437516
5471.538574 0.000000 2904.750977 0.000000 0.996847 0.000000 0.079348 0.396431 0.396431 0.396431
5427.482422 0.000000 2951.540771 0.000000 0.107410 0.000000 0.994215 0.335709 0.335709 0.335709
5420.772461 0.000000 2955.516357 0.000000 0.635700 0.000000 -0.771936 0.441391 0.441391 0.441391
5461.523438 0.000000 2937.777832 0.000000 0.460828 0.000000 -0.887489 0.495407 0.495407 0.495407
5426.559570 0.000000 2954.485352 0.000000 0.316908 0.000000 -0.948456 0.459837 0.459837 0.459837
5445.577637 0.000000 2990.987549 0.000000 0.187791 0.000000 -0.982209 0.460719 0.460719 0.460719
5479.476074 0.000000 2904.497070 0.000000 0.821136 0.000000 -0.570732 0.445795 0.445795 0.445795
5434.144043 0.000000 2936.117920 0.000000 0.440562 0.000000 -0.897722 0.484591 0.484591 0.484591
5421.317383 0.000000 2984.669434 0.000000 0.668559 0.000000 -0.743659 0.433495 0.433495 0.433495
5460.896973 0.000000 2991.593750 0.000000 0.550600 0.000000 0.834769 0.312215 0.312215 0.312215
5459.308594 0.000000 2888.599854 0.000000 0.193196 0.000000 -0.981160 0.460477 0.460477 0.460477
5463.064941 0.000000 2923.815186 0.000000 0.206161 0.000000 0.978518 0.329895 0.329895 0.329895
5438.867676 0.000000 2934.671875 0.000000 0.690838 0.000000 -0.723009 0.443176 0.443176 0.443176
5465.037598 0.000000 2928.697998 0.000000 0.144585 0.000000 -0.989492 0.456949 0.456949 0.456949
5440.261230 0.000000 2947.513672 0.000000 0.639269 0.000000 0.768983 0.357512 0.357512 0.357512
5450.373535 0.000000 2945.353027 0.000000 0.889216 0.000000 0.457488 0.377461 0.377461 0.377461
5423.000000 0.000000 2954.019287 0.000000 0.552625 0.000000 0.833430 0.353264 0.353264 0.353264
5443.393555 0.000000 2945.203613 0.000000 0.996722 0.000000 0.080897 0.396320 0.396320 0.396320
5447.643555 0.000000 2989.380615 0.000000 0.953030 0.000000 0.302877 0.385404 0.385404 0.385404
5445.395508 0.000000 2914.925537 0.000000 0.786243 0.000000 0.617917 0.368404 0.368404 0.368404
5400.916992 0.000000 2908.521484 0.000000 0.692328 0.000000 -0.721583 0.438236 0.438236 0.438236
5472.699219 0.000000 2899.644043 0.000000 0.565654 0.000000 -0.824643 0.452285 0.452285 0.452285
5448.441406 0.000000 2926.128418 0.000000 0.578557 0.000000 0.815642 0.358089 0.358089 0.358089
5455.927246 0.000000 2908.210205 0.000000 0.853859 0.000000 -0.520504 0.425968 0.425968 0.425968
5470.912109 0.000000 2907.042725 0.000000 0.998267 0.000000 0.058839 0.397207 0.397207 0.397207
5475.866699 0.000000 2923.453857 0.000000 0.867834 0.000000 -0.496855 0.424664 0.424664 0.424664
5424.216309 0.000000 2991.459229 0.000000 0.548417 0.000000 0.836205 0.342640 0.342640 0.342640
5433.075684 0.000000 2994.600342 0.000000 0.339608 0.000000 0.940567 0.341926 0.341926 0.341926
5401.655273 0.000000 2910.785889 0.000000 0.945286 0.000000 0.326243 0.384236 0.384236 0.384236
5473.879883 0.000000 2943.287354 0.000000 0.507813 0.000000 0.861467 0.350756 0.350756 0.350756
5458.581055 0.000000 2989.387207 0.000000 0.420960 0.000000 0.907079 0.318867 0.318867 0.318867
5427.202637 0.000000 2946.369385 0.000000 0.126486 0.000000 0.991968 0.330785 0.330785 0.330785
5451.896973 0.000000 2932.367432 0.000000 0.998562 0.000000 0.053603 0.395689 0.395689 0.395689
5435.658691 0.000000 2938.264160 0.000000 0.685634 0.000000 0.727946 0.346670 0.346670 0.346670
5462.567871 0.000000 2921.506348 0.000000 0.908808 0.000000 -0.417214 0.420630 0.420630 0.420630
5456.232910 0.000000 2930.280029 0.000000 0.996083 0.000000 0.088425 0.395270 0.395270 0.395270
5466.850586 0.000000 2907.086670 0.000000 0.363651 0.000000 0.931535 0.335364 0.335364 0.335364
5454.643555 0.000000 2991.805664 0.000000 0.381207 0.000000 0.924490 0.311645 0.311645 0.311645
5467.554688 0.000000 2922.568115 0.000000 0.596707 0.000000 0.802459 0.333962 0.333962 0.333962
5439.825684 0.000000 2936.590576 0.000000 0.136570 0.000000 0.990630 0.324830 0.324830 0.324830
5433.778809 0.000000 2952.178467 0.000000 0.622548 0.000000 -0.782582 0.448020 0.448020 0.448020
5423.729492 0.000000 2983.795410 0.000000 0.771888 0.000000 0.635758 0.355621 0.355621 0.355621
5443.655273 0.000000 2949.628418 0.000000 0.900452 0.000000 -0.434954 0.432130 0.432130 0.432130
5449.614258 0.000000 2933.481934 0.000000 0.707998 0.000000 0.706214 0.348710 0.348710 0.348710
5549.257324 0.000000 2893.782715 0.000000 0.808556 0.000000 -0.588419 0.405026 0.405026 0.405026
5515.585449 0.000000 2937.233398 0.000000 0.954154 0.000000 -0.299317 0.403491 0.403491 0.403491
5493.809082 0.000000 2931.904785 0.000000 0.931941 0.000000 -0.362610 0.405373 0.405373 0.405373
5511.277344 0.000000 2956.305420 0.000000 0.997130 0.000000 0.075704 0.399130 0.399130 0.399130
5485.224609 0.000000 2901.616699 0.000000 0.505073 0.000000 -0.863077 0.412479 0.412479 0.412479
5497.532715 0.000000 2918.162842 0.000000 0.834679 0.000000 -0.550736 0.410193 0.410193 0.410193
5518.703125 0.000000 2929.274658 0.000000 0.851640 0.000000 0.524128 0.390634 0.390634 0.390634
5511.538574 0.000000 2926.062256 0.000000 0.994312 0.000000 -0.106505 0.402238 0.402238 0.402238
5511.878906 0.000000 2952.328857 0.000000 0.882873 0.000000 -0.469612 0.409031 0.409031 0.409031
5562.233887 0.000000 2925.821777 0.000000 0.605071 0.000000 0.796171 0.377468 0.377468 0.377468
5497.339844 0.000000 2954.504150 0.000000 0.470387 0.000000 -0.882460 0.421591 0.421591 0.421591
5537.639648 0.000000 2911.675537 0.000000 0.132349 0.000000 0.991203 0.371997 0.371997 0.371997
5493.149414 0.000000 2897.212891 0.000000 0.798073 0.000000 0.602561 0.385792 0.385792 0.385792
5503.342773 0.000000 2943.762451 0.000000 0.898891 0.000000 0.438171 0.389582 0.389582 0.389582
5525.588379 0.000000 2924.044922 0.000000 0.979838 0.000000 0.199793 0.395179 0.395179 0.395179
5502.161621 0.000000 2889.888916 0.000000 0.808756 0.000000 -0.588144 0.418209 0.418209 0.418209
5488.874512 0.000000 2921.543945 0.000000 0.607219 0.000000 0.794535 0.378910 0.378910 0.378910
5500.051758 0.000000 2948.295166 0.000000 0.814905 0.000000 0.579595 0.382096 0.382096 0.382096
5516.460938 0.000000 2947.215576 0.000000 0.467870 0.000000 0.883797 0.365904 0.365904 0.365904
5557.893555 0.000000 2921.325928 0.000000 0.963555 0.000000 -0.267510 0.406355 0.406355 0.406355
5480.903809 0.000000 2924.075928 0.000000 0.961259 0.000000 -0.275648 0.407948 0.407948 0.407948
5552.514648 0.000000 2893.184570 0.000000 0.034006 0.000000 -0.999422 0.443738 0.443738 0.443738
5548.406738 0.000000 2902.962158 0.000000 0.937772 0.000000 0.347251 0.388667 0.388667 0.388667
5497.897949 0.000000 2936.732422 0.000000 0.040583 0.000000 0.999176 0.348809 0.348809 0.348809
5537.143555 0.000000 2924.255371 0.000000 0.080666 0.000000 -0.996741 0.452823 0.452823 0.452823
5514.029297 0.000000 2943.938477 0.000000 0.858015 0.000000 0.513625 0.380339 0.380339 0.380339
5540.053223 0.000000 2925.463867 0.000000 0.535333 0.000000 0.844641 0.367354 0.367354 0.367354
5558.296387 0.000000 2895.265625 0.000000 0.441753 0.000000 0.897137 0.353864 0.353864 0.353864
5555.824707 0.000000 2892.932373 0.000000 0.883491 0.000000 -0.468449 0.420448 0.420448 0.420448
5483.560547 0.000000 2899.204346 0.000000 0.968458 0.000000 -0.249175 0.409556 0.409556 0.409556
5530.640137 0.000000 2932.389404 0.000000 0.922826 0.000000 0.385218 0.383414 0.383414 0.383414
5503.447266 0.000000 2915.171631 0.000000 0.444242 0.000000 -0.895907 0.437704 0.437704 0.437704
5540.078125 0.000000 2919.023926 0.000000 0.089449 0.000000 -0.995991 0.453990 0.453990 0.453990
5537.408691 0.000000 2914.574951 0.000000 0.662475 0.000000 0.749084 0.366602 0.366602 0.366602
5541.623535 0.000000 2898.607910 0.000000 0.695738 0.000000 0.718295 0.372792 0.372792 0.372792
5500.786133 0.000000 2911.745117 0.000000 0.448179 0.000000 -0.893944 0.448048 0.448048 0.448048
5528.945312 0.000000 2911.130127 0.000000 0.396824 0.000000 -0.917895 0.441801 0.441801 0.441801
5486.176270 0.000000 2920.715820 0.000000 0.714581 0.000000 -0.699552 0.426306 0.426306 0.426306
5544.518555 0.000000 2928.364014 0.000000 0.795644 0.000000 0.605764 0.369133 0.369133 0.369133
5495.132812 0.000000 2916.501221 0.000000 0.821921 0.000000 -0.569601 0.425115 0.425115 0.425115
5539.209473 0.000000 2929.744629 0.000000 0.892845 0.000000 -0.450364 0.420760 0.420760 0.420760
5504.413086 0.000000 2931.591064 0.000000 0.008387 0.000000 0.999965 0.339930 0.339930 0.339930
5540.994629 0.000000 2937.212158 0.000000 0.510803 0.000000 0.859698 0.359187 0.359187 0.359187
5561.346191 0.000000 2903.954590 0.000000 0.944614 0.000000 -0.328184 0.416696 0.416696 0.416696
5491.984863 0.000000 2913.808594 0.000000 0.394230 0.000000 -0.919012 0.444230 0.444230 0.444230
5558.530762 0.000000 2904.750977 0.000000 0.756225 0.000000 -0.654311 0.431341 0.431341 0.431341
5528.327637 0.000000 2923.232910 0.000000 0.115339 0.000000 -0.993326 0.471206 0.471206 0.471206
5507.764648 0.000000 2955.516357 0.000000 0.163851 0.000000 0.986485 0.333298 0.333298 0.333298
5504.551758 0.000000 2908.860107 0.000000 0.914340 0.000000 -0.404947 0.421650 0.421650 0.421650
5523.134766 0.000000 2918.710449 0.000000 0.953995 0.000000 -0.299821 0.415812 0.415812 0.415812
5503.988770 0.000000 2899.629395 0.000000 0.925036 0.000000 -0.379879 0.432492 0.432492 0.432492
5549.305664 0.000000 2928.616455 0.000000 0.199827 0.000000 0.979831 0.335033 0.335033 0.335033
5489.708008 0.000000 2906.328125 0.000000 0.323888 0.000000 0.946095 0.348571 0.348571 0.348571
5566.281738 0.000000 2901.897217 0.000000 0.931595 0.000000 -0.363498 0.418575 0.418575 0.418575
5536.750977 0.000000 2940.679688 0.000000 0.700260 0.000000 -0.713888 0.431758 0.431758 0.431758
5492.295898 0.000000 2936.597656 0.000000 0.998535 0.000000 0.054115 0.397432 0.397432 0.397432
5511.872070 0.000000 2928.651611 0.000000 0.975699 0.000000 -0.219116 0.408824 0.408824 0.408824
5500.998535 0.000000 2897.359375 0.000000 0.954567 0.000000 0.297996 0.374315 0.374315 0.374315
5508.898926 0.000000 2945.295898 0.000000 0.891092 0.000000 0.453823 0.377656 0.377656 0.377656
5483.710449 0.000000 2893.974365 0.000000 0.441306 0.000000 -0.897357 0.448937 0.448937 0.448937
5566.430664 0.000000 2897.088623 0.000000 0.992945 0.000000 -0.118573 0.406884 0.406884 0.406884
5552.029785 0.000000 2928.697998 0.000000 0.998823 0.000000 -0.048506 0.402350 0.402350 0.402350
5540.545898 0.000000 2941.672852 0.000000 0.135385 0.000000 0.990793 0.342679 0.342679 0.342679
5486.518066 0.000000 2932.395020 0.000000 0.651297 0.000000 0.758823 0.359135 0.359135 0.359135
5495.370117 0.000000 2910.815186 0.000000 0.977649 0.000000 0.210243 0.390798 0.390798 0.390798
5503.289062 0.000000 2957.112305 0.000000 0.975194 0.000000 0.221352 0.389413 0.389413 0.389413
5505.502441 0.000000 2929.362305 0.000000 0.224640 0.000000 0.974442 0.337580 0.337580 0.337580
5532.387695 0.000000 2914.925537 0.000000 0.037510 0.000000 -0.999296 0.489573 0.489573 0.489573
5507.509277 0.000000 2892.278564 0.000000 0.668910 0.000000 -0.743344 0.444356 0.444356 0.444356
5529.541992 0.000000 2919.228760 0.000000 0.786860 0.000000 0.617131 0.349523 0.349523 0.349523
5559.691406 0.000000 2899.644043 0.000000 0.915252 0.000000 -0.402881 0.427330 0.427330 0.427330
5505.516602 0.000000 2903.893066 0.000000 0.371857 0.000000 0.928290 0.319800 0.319800 0.319800
5504.759766 0.000000 2951.627930 0.000000 0.221279 0.000000 -0.975211 0.480076 0.480076 0.480076
5500.229492 0.000000 2958.477539 0.000000 0.782025 0.000000 0.623247 0.368082 0.368082 0.368082
5552.290527 0.000000 2888.841064 0.000000 0.996083 0.000000 -0.088424 0.405526 0.405526 0.405526
5498.690918 0.000000 2912.989258 0.000000 0.889340 0.000000 0.457247 0.377474 0.377474 0.377474
5504.938965 0.000000 2889.345947 0.000000 0.678844 0.000000 0.734282 0.362120 0.362120 0.362120
5496.852539 0.000000 2902.568359 0.000000 0.904058 0.000000 0.427410 0.364939 0.364939 0.364939
5525.394043 0.000000 2919.302979 0.000000 0.280172 0.000000 0.959950 0.301051 0.301051 0.301051
5536.495117 0.000000 2938.033203 0.000000 0.970288 0.000000 0.241953 0.388408 0.388408 0.388408
5531.599609 0.000000 2911.936523 0.000000 0.976241 0.000000 -0.216690 0.410470 0.410470 0.410470
5556.741211 0.000000 2890.771729 0.000000 0.641067 0.000000 0.767485 0.357626 0.357626 0.357626
5525.340332 0.000000 2921.518555 0.000000 0.520256 0.000000 0.854010 0.335599 0.335599 0.335599
5499.427734 0.000000 2898.847168 0.000000 0.597222 0.000000 -0.802076 0.452051 0.452051 0.452051
5503.213379 0.000000 2907.039795 0.000000 0.537719 0.000000 0.843124 0.343906 0.343906 0.343906
5533.941895 0.000000 2917.781494 0.000000 0.788716 0.000000 -0.614757 0.440992 0.440992 0.440992
5564.157227 0.000000 2901.403564 0.000000 0.999598 0.000000 -0.028352 0.401727 0.401727 0.401727
5501.023926 0.000000 2902.152344 0.000000 0.911644 0.000000 -0.410980 0.425165 0.425165 0.425165
5499.378418 0.000000 2894.714600 0.000000 0.990161 0.000000 -0.139931 0.409113 0.409113 0.409113
5557.003906 0.000000 2900.936768 0.000000 0.443779 0.000000 -0.896136 0.473778 0.473778 0.473778
5555.350098 0.000000 2899.206055 0.000000 0.515819 0.000000 0.856698 0.336814 0.336814 0.336814
5297.485352 0.000000 3050.942383 0.000000 0.446836 0.000000 0.894616 0.395023 0.395023 0.395023
5292.366211 0.000000 3041.358154 0.000000 0.551342 0.000000 -0.834279 0.405420 0.405420 0.405420
5305.199219 0.000000 3001.544434 0.000000 0.199909 0.000000 0.979815 0.387007 0.387007 0.387007
5288.280762 0.000000 3000.767090 0.000000 0.142787 0.000000 0.989753 0.386457 0.386457 0.386457
5271.919434 0.000000 2995.563721 0.000000 0.989166 0.000000 0.146804 0.398676 0.398676 0.398676
5299.903320 0.000000 3055.652588 0.000000 0.647210 0.000000 0.762311 0.390910 0.390910 0.390910
5233.436035 0.000000 3000.599365 0.000000 0.847276 0.000000 -0.531153 0.406151 0.406151 0.406151
5277.852539 0.000000 3004.776611 0.000000 0.937268 0.000000 -0.348609 0.405334 0.405334 0.405334
5240.381836 0.000000 3000.761963 0.000000 0.731456 0.000000 0.681889 0.386138 0.386138 0.386138
5303.027344 0.000000 3061.739014 0.000000 0.015356 0.000000 0.999882 0.364274 0.364274 0.364274
5271.889648 0.000000 3002.856934 0.000000 0.552263 0.000000 -0.833670 0.424117 0.424117 0.424117
5280.636719 0.000000 3035.039551 0.000000 0.991757 0.000000 -0.128131 0.403721 0.403721 0.403721
5245.910645 0.000000 3001.657715 0.000000 0.078368 0.000000 -0.996925 0.445454 0.445454 0.445454
5306.468750 0.000000 3063.811768 0.000000 0.160374 0.000000 -0.987056 0.433787 0.433787 0.433787
5298.211914 0.000000 3031.982910 0.000000 0.457257 0.000000 0.889334 0.364980 0.364980 0.364980
5301.210938 0.000000 3058.502930 0.000000 0.869630 0.000000 0.493703 0.381695 0.381695 0.381695
5295.856445 0.000000 3068.544678 0.000000 0.130452 0.000000 0.991455 0.363331 0.363331 0.363331
5305.165527 0.000000 3041.511230 0.000000 0.343611 0.000000 -0.939112 0.434114 0.434114 0.434114
5292.755859 0.000000 3033.690918 0.000000 0.991459 0.000000 0.130421 0.395102 0.395102 0.395102
5286.774902 0.000000 2998.015625 0.000000 0.998155 0.000000 0.060719 0.397846 0.397846 0.397846
5306.035645 0.000000 3071.680664 0.000000 0.893076 0.000000 -0.449906 0.412582 0.412582 0.412582
5229.685547 0.000000 2997.153076 0.000000 0.520580 0.000000 -0.853813 0.431677 0.431677 0.431677
5305.651855 0.000000 3017.332031 0.000000 0.822779 0.000000 -0.568361 0.419016 0.419016 0.419016
5299.854980 0.000000 3038.762207 0.000000 0.840022 0.000000 -0.542552 0.453832 0.453832 0.453832
5272.528809 0.000000 2998.519775 0.000000 0.597933 0.000000 0.801546 0.368428 0.368428 0.368428
5275.280273 0.000000 3003.384521 0.000000 0.834425 0.000000 -0.551122 0.424482 0.424482 0.424482
5291.581543 0.000000 3050.025391 0.000000 0.111480 0.000000 0.993767 0.339532 0.339532 0.339532
5283.541992 0.000000 3035.348389 0.000000 0.462166 0.000000 0.886794 0.358079 0.358079 0.358079
5305.009766 0.000000 3046.437012 0.000000 0.890982 0.000000 0.454039 0.383057 0.383057 0.383057
5288.578125 0.000000 3056.674805 0.000000 0.665782 0.000000 -0.746147 0.435746 0.435746 0.435746
5288.329102 0.000000 3035.600830 0.000000 0.466562 0.000000 0.884488 0.344721 0.344721 0.344721
5293.253418 0.000000 3055.521240 0.000000 0.699872 0.000000 0.714268 0.361071 0.361071 0.361071
5285.324219 0.000000 2995.584229 0.000000 0.766102 0.000000 -0.642718 0.429974 0.429974 0.429974
5299.323242 0.000000 2995.787842 0.000000 0.066035 0.000000 -0.997817 0.471375 0.471375 0.471375
5296.502930 0.000000 3037.589844 0.000000 0.997709 0.000000 0.067650 0.396822 0.396822 0.396822
5277.060059 0.000000 3001.311035 0.000000 0.621027 0.000000 0.783790 0.359073 0.359073 0.359073
5298.437500 0.000000 3069.234375 0.000000 0.839967 0.000000 0.542637 0.376516 0.376516 0.376516
5302.648438 0.000000 3041.595459 0.000000 0.877400 0.000000 -0.479760 0.437227 0.437227 0.437227
5289.510254 0.000000 3059.289307 0.000000 0.501147 0.000000 -0.865362 0.449088 0.449088 0.449088
5293.812500 0.000000 3058.557617 0.000000 0.041929 0.000000 0.999121 0.295418 0.295418 0.295418
5289.534180 0.000000 3051.670166 0.000000 0.697968 0.000000 -0.716129 0.437864 0.437864 0.437864
5246.532715 0.000000 2999.262939 0.000000 0.754573 0.000000 -0.656216 0.433953 0.433953 0.433953
5281.010742 0.000000 3031.060791 0.000000 0.973634 0.000000 0.228115 0.389313 0.389313 0.389313
5304.203613 0.000000 3051.199951 0.000000 0.418613 0.000000 0.908165 0.344272 0.344272 0.344272
5243.962402 0.000000 2996.330322 0.000000 0.270863 0.000000 -0.962618 0.461499 0.461499 0.461499
5284.347656 0.000000 3030.501465 0.000000 0.215071 0.000000 0.976598 0.323603 0.323603 0.323603
5291.342285 0.000000 3031.834473 0.000000 0.443476 0.000000 -0.896286 0.457709 0.457709 0.457709
5302.783203 0.000000 3046.536133 0.000000 0.943725 0.000000 0.330730 0.383338 0.383338 0.383338
5303.180664 0.000000 3008.387939 0.000000 0.145420 0.000000 0.989370 0.320318 0.320318 0.320318
5298.536621 0.000000 3063.097168 0.000000 0.482000 0.000000 0.876171 0.338150 0.338150 0.338150
5359.984863 0.000000 3070.810547 0.000000 0.995151 0.000000 0.098363 0.399902 0.399902 0.399902
5341.937988 0.000000 3067.855713 0.000000 0.824385 0.000000 -0.566030 0.401202 0.401202 0.401202
5376.351074 0.000000 3006.513428 0.000000 0.192936 0.000000 0.981211 0.395188 0.395188 0.395188
5392.191406 0.000000 3001.544434 0.000000 0.483025 0.000000 0.875606 0.390413 0.390413 0.390413
5362.977051 0.000000 3042.472168 0.000000 0.973591 0.000000 0.228297 0.397585 0.397585 0.397585
5338.812500 0.000000 3071.295654 0.000000 0.758133 0.000000 0.652100 0.390778 0.390778 0.390778
5380.598145 0.000000 3008.118896 0.000000 0.996341 0.000000 -0.085467 0.401068 0.401068 0.401068
5335.411133 0.000000 3055.994873 0.000000 0.999836 0.000000 0.018093 0.399657 0.399657 0.399657
5338.486816 0.000000 3092.031738 0.000000 0.978245 0.000000 -0.207453 0.404591 0.404591 0.404591
5329.963867 0.000000 3019.279053 0.000000 0.044695 0.000000 0.999001 0.371806 0.371806 0.371806
5343.367188 0.000000 3019.333496 0.000000 0.999807 0.000000 0.019655 0.399529 0.399529 0.399529
5370.738770 0.000000 3066.798584 0.000000 0.246358 0.000000 0.969179 0.369639 0.369639 0.369639
5383.674805 0.000000 2995.681396 0.000000 0.463712 0.000000 -0.885986 0.419024 0.419024 0.419024
5348.533203 0.000000 2999.618164 0.000000 0.167439 0.000000 -0.985882 0.432915 0.432915 0.432915
5384.273926 0.000000 3016.484131 0.000000 0.443270 0.000000 -0.896388 0.422200 0.422200 0.422200
5319.143555 0.000000 3073.556641 0.000000 0.015617 0.000000 0.999878 0.361174 0.361174 0.361174
5319.165039 0.000000 3004.197266 0.000000 0.314232 0.000000 0.949346 0.370014 0.370014 0.370014
5336.687988 0.000000 3037.887939 0.000000 0.030270 0.000000 0.999542 0.360771 0.360771 0.360771
5367.644531 0.000000 3101.014160 0.000000 0.798512 0.000000 -0.601979 0.416127 0.416127 0.416127
5322.145508 0.000000 3047.840820 0.000000 0.789967 0.000000 0.613149 0.386817 0.386817 0.386817
5361.507812 0.000000 3009.586426 0.000000 0.714586 0.000000 -0.699547 0.416634 0.416634 0.416634
5367.551758 0.000000 3084.124268 0.000000 0.861880 0.000000 0.507113 0.387785 0.387785 0.387785
5371.190918 0.000000 3078.360107 0.000000 0.190328 0.000000 0.981721 0.367631 0.367631 0.367631
5337.082031 0.000000 3016.612061 0.000000 0.350913 0.000000 0.936408 0.367314 0.367314 0.367314
5355.064941 0.000000 3036.888672 0.000000 0.174610 0.000000 0.984638 0.367256 0.367256 0.367256
5327.485352 0.000000 3088.956543 0.000000 0.334181 0.000000 0.942509 0.370519 0.370519 0.370519
5331.682617 0.000000 3068.468506 0.000000 0.971092 0.000000 0.238705 0.394223 0.394223 0.394223
5342.732422 0.000000 3039.587646 0.000000 0.492430 0.000000 0.870352 0.369948 0.369948 0.369948
5360.615234 0.000000 3026.845459 0.000000 0.156501 0.000000 -0.987678 0.442351 0.442351 0.442351
5307.192383 0.000000 3004.530273 0.000000 0.597459 0.000000 0.801899 0.369802 0.369802 0.369802
5343.017090 0.000000 3086.389160 0.000000 0.542571 0.000000 0.840010 0.368130 0.368130 0.368130
5379.535645 0.000000 3097.466309 0.000000 0.791185 0.000000 0.611577 0.381600 0.381600 0.381600
5333.569824 0.000000 3086.363037 0.000000 0.981772 0.000000 0.190060 0.393889 0.393889 0.393889
5359.541992 0.000000 3074.135254 0.000000 0.741244 0.000000 -0.671236 0.419474 0.419474 0.419474
5385.204102 0.000000 3031.982910 0.000000 0.397557 0.000000 -0.917578 0.427848 0.427848 0.427848
5345.404785 0.000000 3088.569580 0.000000 0.882544 0.000000 0.470230 0.387289 0.387289 0.387289
5353.924316 0.000000 3007.825195 0.000000 0.628110 0.000000 0.778125 0.374177 0.374177 0.374177
5377.262207 0.000000 3067.658203 0.000000 0.770877 0.000000 -0.636984 0.422758 0.422758 0.422758
5316.198242 0.000000 3080.109619 0.000000 0.792723 0.000000 -0.609582 0.419312 0.419312 0.419312
5334.598633 0.000000 3014.214111 0.000000 0.996182 0.000000 0.087299 0.397163 0.397163 0.397163
5338.230957 0.000000 3082.273438 0.000000 0.988519 0.000000 -0.151098 0.404241 0.404241 0.404241
5316.677734 0.000000 2997.153076 0.000000 0.189194 0.000000 0.981940 0.360711 0.360711 0.360711
5345.276855 0.000000 3021.769043 0.000000 0.572489 0.000000 -0.819912 0.432158 0.432158 0.432158
5379.752441 0.000000 3063.733643 0.000000 0.036491 0.000000 -0.999334 0.458223 0.458223 0.458223
5360.344238 0.000000 3040.260254 0.000000 0.801351 0.000000 0.598194 0.377267 0.377267 0.377267
5380.363770 0.000000 3027.370117 0.000000 0.857337 0.000000 0.514755 0.379211 0.379211 0.379211
5344.836426 0.000000 3060.117432 0.000000 0.621553 0.000000 0.783372 0.364946 0.364946 0.364946
5389.847656 0.000000 3003.765625 0.000000 0.323086 0.000000 0.946370 0.362177 0.362177 0.362177
5327.260254 0.000000 3012.952393 0.000000 0.474706 0.000000 -0.880144 0.441913 0.441913 0.441913
5390.635742 0.000000 2998.659912 0.000000 0.973496 0.000000 0.228704 0.392165 0.392165 0.392165
5309.576172 0.000000 3006.188721 0.000000 0.124848 0.000000 0.992176 0.348751 0.348751 0.348751
5356.031738 0.000000 3102.266846 0.000000 0.468613 0.000000 -0.883404 0.438396 0.438396 0.438396
5316.292969 0.000000 3072.888672 0.000000 0.676947 0.000000 -0.736032 0.429738 0.429738 0.429738
5359.520996 0.000000 2998.519775 0.000000 0.914103 0.000000 -0.405482 0.413133 0.413133 0.413133
5370.042969 0.000000 3060.336914 0.000000 0.909806 0.000000 -0.415034 0.415386 0.415386 0.415386
5380.199707 0.000000 3021.781738 0.000000 0.904056 0.000000 0.427414 0.379934 0.379934 0.379934
5349.500488 0.000000 3040.338867 0.000000 0.996703 0.000000 -0.081133 0.403569 0.403569 0.403569
5369.642090 0.000000 3054.017822 0.000000 0.714612 0.000000 -0.699521 0.429012 0.429012 0.429012
5365.333496 0.000000 3080.518555 0.000000 0.086007 0.000000 -0.996294 0.468942 0.468942 0.468942
5377.682129 0.000000 3018.750488 0.000000 0.937843 0.000000 0.347061 0.384426 0.384426 0.384426
5365.389648 0.000000 3065.934326 0.000000 0.998286 0.000000 -0.058525 0.402222 0.402222 0.402222
5350.100586 0.000000 3017.577637 0.000000 0.969123 0.000000 0.246579 0.391914 0.391914 0.391914
5357.858887 0.000000 3005.839844 0.000000 0.999441 0.000000 -0.033438 0.401586 0.401586 0.401586
5344.719727 0.000000 2999.066650 0.000000 0.969053 0.000000 0.246851 0.388916 0.388916 0.388916
5387.417480 0.000000 2998.156982 0.000000 0.983362 0.000000 0.181654 0.391426 0.391426 0.391426
5379.055176 0.000000 3011.975098 0.000000 0.959214 0.000000 -0.282682 0.410732 0.410732 0.410732
5389.446289 0.000000 3013.349121 0.000000 0.741660 0.000000 0.670776 0.364022 0.364022 0.364022
5381.552246 0.000000 3083.167969 0.000000 0.921000 0.000000 -0.389563 0.414386 0.414386 0.414386
5363.092285 0.000000 3096.779785 0.000000 0.650227 0.000000 -0.759740 0.428868 0.428868 0.428868
5387.361816 0.000000 3010.938965 0.000000 0.432466 0.000000 -0.901650 0.445442 0.445442 0.445442
5326.017578 0.000000 3086.603027 0.000000 0.507431 0.000000 -0.861692 0.445117 0.445117 0.445117
5384.111816 0.000000 3092.164795 0.000000 0.246796 0.000000 -0.969067 0.452784 0.452784 0.452784
5340.490234 0.000000 3058.525146 0.000000 0.965466 0.000000 0.260528 0.387761 0.387761 0.387761
5354.603027 0.000000 3001.908691 0.000000 0.452164 0.000000 0.891935 0.351046 0.351046 0.351046
5374.380371 0.000000 3062.026611 0.000000 0.142249 0.000000 0.989831 0.332261 0.332261 0.332261
5333.780273 0.000000 3062.500732 0.000000 0.080961 0.000000 0.996717 0.344212 0.344212 0.344212
5334.892578 0.000000 3032.365234 0.000000 0.906984 0.000000 -0.421165 0.420621 0.420621 0.420621
5356.020020 0.000000 2997.113770 0.000000 0.999944 0.000000 -0.010626 0.400462 0.400462 0.400462
5330.567383 0.000000 3015.844482 0.000000 0.951258 0.000000 -0.308396 0.414871 0.414871 0.414871
5353.026367 0.000000 3021.818848 0.000000 0.763287 0.000000 -0.646059 0.433318 0.433318 0.433318
5353.408691 0.000000 3092.754150 0.000000 0.454756 0.000000 0.890616 0.356661 0.356661 0.356661
5349.150391 0.000000 3025.694824 0.000000 0.956016 0.000000 -0.293314 0.411891 0.411891 0.411891
5360.008301 0.000000 3092.847168 0.000000 0.672602 0.000000 0.740004 0.363395 0.363395 0.363395
5339.567383 0.000000 3061.469727 0.000000 0.996963 0.000000 0.077874 0.396147 0.396147 0.396147
5377.023926 0.000000 3096.075439 0.000000 0.994622 0.000000 -0.103573 0.404041 0.404041 0.404041
5335.862793 0.000000 3081.130859 0.000000 0.274763 0.000000 0.961512 0.340629 0.340629 0.340629
5354.904297 0.000000 3059.286865 0.000000 0.999415 0.000000 0.034203 0.398258 0.398258 0.398258
5354.209961 0.000000 2999.070557 0.000000 0.468842 0.000000 0.883282 0.348637 0.348637 0.348637
5344.504395 0.000000 3097.020752 0.000000 0.805582 0.000000 -0.592485 0.424381 0.424381 0.424381
5308.791992 0.000000 2995.562988 0.000000 0.578467 0.000000 -0.815706 0.445250 0.445250 0.445250
5336.221191 0.000000 3086.346924 0.000000 0.528907 0.000000 0.848680 0.354962 0.354962 0.354962
5330.081055 0.000000 3001.258301 0.000000 0.987280 0.000000 -0.158993 0.407574 0.407574 0.407574
5306.691406 0.000000 3051.326660 0.000000 0.634584 0.000000 0.772854 0.353689 0.353689 0.353689
5347.139160 0.000000 3035.477539 0.000000 0.276270 0.000000 -0.961080 0.456076 0.456076 0.456076
5318.661133 0.000000 2998.704590 0.000000 0.250901 0.000000 0.968013 0.337520 0.337520 0.337520
5335.472168 0.000000 3018.801758 0.000000 0.685849 0.000000 -0.727744 0.436219 0.436219 0.436219
5379.259277 0.000000 3092.167725 0.000000 0.857544 0.000000 -0.514411 0.429946 0.429946 0.429946
5337.887695 0.000000 3035.635986 0.000000 0.706813 0.000000 -0.707400 0.434528 0.434528 0.434528
5376.844238 0.000000 3015.018555 0.000000 0.582241 0.000000 -0.813016 0.441238 0.441238 0.441238
5327.014160 0.000000 3004.343750 0.000000 0.084686 0.000000 0.996408 0.341384 0.341384 0.341384
5351.875488 0.000000 3041.656250 0.000000 0.794167 0.000000 0.607699 0.369018 0.369018 0.369018
5392.645996 0.000000 3022.818848 0.000000 0.945845 0.000000 -0.324618 0.415187 0.415187 0.415187
5386.315430 0.000000 2995.787842 0.000000 0.821548 0.000000 -0.570139 0.428777 0.428777 0.428777
5377.449707 0.000000 3065.110352 0.000000 0.739106 0.000000 -0.673589 0.435057 0.435057 0.435057
5359.478027 0.000000 3008.101562 0.000000 0.870204 0.000000 -0.492691 0.420064 0.420064 0.420064
5346.894531 0.000000 3026.949707 0.000000 0.462928 0.000000 -0.886396 0.448416 0.448416 0.448416
5322.109375 0.000000 3002.511230 0.000000 0.919184 0.000000 0.393829 0.380597 0.380597 0.380597
5366.561523 0.000000 3048.657227 0.000000 0.049243 0.000000 -0.998787 0.471413 0.471413 0.471413
5365.788574 0.000000 3062.371094 0.000000 0.800991 0.000000 0.598677 0.369554 0.369554 0.369554
5347.202637 0.000000 3030.113525 0.000000 0.794264 0.000000 0.607573 0.369351 0.369351 0.369351
5339.133789 0.000000 3089.559082 0.000000 0.611465 0.000000 -0.791271 0.441935 0.441935 0.441935
5355.371582 0.000000 3077.576904 0.000000 0.988188 0.000000 -0.153246 0.407298 0.407298 0.407298
5336.007812 0.000000 3061.003662 0.000000 0.845327 0.000000 -0.534250 0.426735 0.426735 0.426735
5342.405762 0.000000 3035.233643 0.000000 0.926035 0.000000 -0.377437 0.420484 0.420484 0.420484
5329.945801 0.000000 3075.492920 0.000000 0.161355 0.000000 0.986896 0.331771 0.331771 0.331771
5369.613770 0.000000 3082.777100 0.000000 0.896103 0.000000 -0.443847 0.420437 0.420437 0.420437
5322.616699 0.000000 3078.787842 0.000000 0.170133 0.000000 0.985421 0.326610 0.326610 0.326610
5311.337891 0.000000 2995.619141 0.000000 0.780339 0.000000 0.625357 0.369640 0.369640 0.369640
5308.830078 0.000000 3009.419189 0.000000 0.954279 0.000000 0.298916 0.386813 0.386813 0.386813
5333.524902 0.000000 2999.262939 0.000000 0.221577 0.000000 0.975143 0.344162 0.344162 0.344162
5372.361816 0.000000 3064.951904 0.000000 0.999852 0.000000 -0.017207 0.400765 0.400765 0.400765
5342.603516 0.000000 3003.787598 0.000000 0.548583 0.000000 -0.836096 0.452899 0.452899 0.452899
5306.536621 0.000000 3066.331299 0.000000 0.976298 0.000000 -0.216431 0.410348 0.410348 0.410348
5317.330566 0.000000 3061.360352 0.000000 0.959107 0.000000 -0.283045 0.416621 0.416621 0.416621
5331.972168 0.000000 3077.585205 0.000000 0.750119 0.000000 -0.661303 0.451231 0.451231 0.451231
5330.775391 0.000000 3058.612305 0.000000 0.952132 0.000000 0.305686 0.386660 0.386660 0.386660
5373.850586 0.000000 3085.396973 0.000000 0.910562 0.000000 0.413373 0.381488 0.381488 0.381488
5315.897949 0.000000 3053.615967 0.000000 0.586205 0.000000 0.810163 0.350957 0.350957 0.350957
5347.702637 0.000000 3022.054932 0.000000 0.552490 0.000000 0.833520 0.348827 0.348827 0.348827
5349.431152 0.000000 3075.111084 0.000000 0.998331 0.000000 0.057751 0.397259 0.397259 0.397259
5339.929199 0.000000 3012.882812 0.000000 0.997841 0.000000 0.065675 0.397047 0.397047 0.397047
5324.354004 0.000000 3081.795410 0.000000 0.047209 0.000000 0.998885 0.293497 0.293497 0.293497
5336.866699 0.000000 3030.775146 0.000000 0.695646 0.000000 0.718384 0.362783 0.362783 0.362783
5310.699707 0.000000 3059.806396 0.000000 0.964844 0.000000 -0.262825 0.413545 0.413545 0.413545
5334.113770 0.000000 3007.518799 0.000000 0.851366 0.000000 0.524572 0.373806 0.373806 0.373806
5330.954590 0.000000 2996.330322 0.000000 0.995633 0.000000 0.093358 0.395612 0.395612 0.395612
5371.588867 0.000000 3096.371582 0.000000 0.036749 0.000000 -0.999325 0.473532 0.473532 0.473532
5322.459473 0.000000 3083.916260 0.000000 0.593025 0.000000 -0.805184 0.449539 0.449539 0.449539
5354.179688 0.000000 3100.742188 0.000000 0.747192 0.000000 -0.664608 0.453721 0.453721 0.453721
5318.909180 0.000000 3076.744873 0.000000 0.961004 0.000000 -0.276535 0.413291 0.413291 0.413291
5349.027832 0.000000 3008.785645 0.000000 0.696319 0.000000 0.717733 0.361227 0.361227 0.361227
5327.582031 0.000000 3079.453613 0.000000 0.697937 0.000000 -0.716159 0.451418 0.451418 0.451418
5343.187500 0.000000 3030.116943 0.000000 0.024765 0.000000 0.999693 0.326665 0.326665 0.326665
5368.594727 0.000000 3062.095215 0.000000 0.900795 0.000000 -0.434244 0.421307 0.421307 0.421307
5312.931641 0.000000 3057.092285 0.000000 0.775245 0.000000 -0.631660 0.433113 0.433113 0.433113
5340.686523 0.000000 3091.458252 0.000000 0.922576 0.000000 0.385816 0.381212 0.381212 0.381212
5378.077148 0.000000 3083.858887 0.000000 0.107461 0.000000 -0.994209 0.471594 0.471594 0.471594
5354.784180 0.000000 3010.100342 0.000000 0.247504 0.000000 0.968887 0.328781 0.328781 0.328781
5342.666992 0.000000 3014.233887 0.000000 0.648424 0.000000 0.761279 0.358524 0.358524 0.358524
5367.756836 0.000000 3094.343262 0.000000 0.060352 0.000000 -0.998177 0.501812 0.501812 0.501812
5321.851074 0.000000 3063.219727 0.000000 0.539745 0.000000 -0.841828 0.470449 0.470449 0.470449
5352.102539 0.000000 3095.526123 0.000000 0.268213 0.000000 0.963360 0.329937 0.329937 0.329937
5340.752441 0.000000 2995.589111 0.000000 0.892398 0.000000 0.451248 0.376390 0.376390 0.376390
5312.884766 0.000000 3050.693604 0.000000 0.774867 0.000000 -0.632125 0.435534 0.435534 0.435534
5306.556641 0.000000 3054.808105 0.000000 0.387111 0.000000 -0.922033 0.481432 0.481432 0.481432
5361.975098 0.000000 3091.957031 0.000000 0.937399 0.000000 -0.348258 0.419004 0.419004 0.419004
5350.795410 0.000000 3013.106934 0.000000 0.920169 0.000000 -0.391521 0.424505 0.424505 0.424505
5364.433105 0.000000 3092.373535 0.000000 0.861837 0.000000 0.507185 0.368660 0.368660 0.368660
5345.396973 0.000000 3031.321533 0.000000 0.822578 0.000000 -0.568652 0.434732 0.434732 0.434732
5345.625000 0.000000 3033.832764 0.000000 0.611575 0.000000 0.791186 0.345311 0.345311 0.345311
5352.366211 0.000000 3061.261230 0.000000 0.902872 0.000000 -0.429910 0.427958 0.427958 0.427958
5328.987305 0.000000 3080.848389 0.000000 0.223807 0.000000 0.974634 0.312691 0.312691 0.312691
5346.176270 0.000000 3103.541748 0.000000 0.538651 0.000000 0.842529 0.392996 0.392996 0.392996
5422.113281 0.000000 3068.134521 0.000000 0.920185 0.000000 0.391484 0.397188 0.397188 0.397188
5446.550293 0.000000 3012.627686 0.000000 0.118363 0.000000 -0.992970 0.412326 0.412326 0.412326
5463.732910 0.000000 3099.087158 0.000000 0.904607 0.000000 -0.426247 0.404177 0.404177 0.404177
5393.945801 0.000000 3046.099609 0.000000 0.999749 0.000000 -0.022396 0.400190 0.400190 0.400190
5445.903809 0.000000 2995.563721 0.000000 0.887695 0.000000 -0.460432 0.405495 0.405495 0.405495
5428.764160 0.000000 3094.942139 0.000000 0.703911 0.000000 0.710288 0.390929 0.390929 0.390929
5404.804199 0.000000 3030.734619 0.000000 0.881122 0.000000 0.472890 0.393851 0.393851 0.393851
5434.392090 0.000000 3061.661621 0.000000 0.081967 0.000000 0.996635 0.380673 0.380673 0.380673
5416.898438 0.000000 3003.966064 0.000000 0.671240 0.000000 -0.741241 0.409588 0.409588 0.409588
5400.239746 0.000000 3031.614746 0.000000 0.961164 0.000000 -0.275978 0.404886 0.404886 0.404886
5431.113770 0.000000 3100.108398 0.000000 0.409434 0.000000 0.912340 0.384510 0.384510 0.384510
5462.843262 0.000000 2995.650391 0.000000 0.257116 0.000000 0.966380 0.255361 0.255361 0.255361
5425.479004 0.000000 3092.031738 0.000000 0.648968 0.000000 -0.760816 0.414246 0.414246 0.414246
5408.437988 0.000000 3051.796143 0.000000 0.270214 0.000000 -0.962800 0.425260 0.425260 0.425260
5395.788086 0.000000 3049.815918 0.000000 0.983157 0.000000 0.182762 0.395595 0.395595 0.395595
5443.096191 0.000000 3020.872070 0.000000 0.968262 0.000000 -0.249936 0.405171 0.405171 0.405171
5470.666992 0.000000 2995.681396 0.000000 0.734209 0.000000 0.678923 0.383977 0.383977 0.383977
5406.157227 0.000000 3004.197266 0.000000 0.740805 0.000000 -0.671720 0.418756 0.418756 0.418756
5419.090332 0.000000 3043.544922 0.000000 0.310360 0.000000 0.950619 0.371796 0.371796 0.371796
5398.645020 0.000000 3061.994629 0.000000 0.870315 0.000000 -0.492496 0.411313 0.411313 0.411313
5408.773438 0.000000 3011.715088 0.000000 0.992269 0.000000 0.124104 0.396645 0.396645 0.396645
5418.940430 0.000000 3027.195068 0.000000 0.606473 0.000000 -0.795104 0.425701 0.425701 0.425701
5424.074219 0.000000 3016.612061 0.000000 0.842650 0.000000 0.538462 0.386940 0.386940 0.386940
5442.057129 0.000000 3036.888672 0.000000 0.650537 0.000000 -0.759474 0.418949 0.418949 0.418949
5401.882324 0.000000 3028.528320 0.000000 0.214318 0.000000 -0.976764 0.436529 0.436529 0.436529
5403.597656 0.000000 3023.254395 0.000000 0.596113 0.000000 -0.802900 0.427460 0.427460 0.427460
5396.959961 0.000000 3081.144531 0.000000 0.169387 0.000000 0.985550 0.367831 0.367831 0.367831
5456.524414 0.000000 3029.088867 0.000000 0.997702 0.000000 -0.067762 0.401693 0.401693 0.401693
5401.014648 0.000000 3003.087891 0.000000 0.998936 0.000000 -0.046124 0.401106 0.401106 0.401106
5413.196777 0.000000 3028.439697 0.000000 0.561452 0.000000 0.827509 0.368854 0.368854 0.368854
5459.957031 0.000000 3100.967773 0.000000 0.709453 0.000000 -0.704752 0.422258 0.422258 0.422258
5394.184570 0.000000 3004.530273 0.000000 0.839091 0.000000 -0.543991 0.414647 0.414647 0.414647
5415.788086 0.000000 3044.540771 0.000000 0.934720 0.000000 0.355384 0.388934 0.388934 0.388934
5430.009277 0.000000 3086.389160 0.000000 0.861313 0.000000 -0.508074 0.417297 0.417297 0.417297
5460.403809 0.000000 3051.362793 0.000000 0.983820 0.000000 0.179157 0.394064 0.394064 0.394064
5402.234863 0.000000 3050.307861 0.000000 0.599445 0.000000 0.800416 0.373126 0.373126 0.373126
5447.221680 0.000000 3044.464844 0.000000 0.270048 0.000000 -0.962847 0.444049 0.444049 0.444049
5431.074219 0.000000 3082.754639 0.000000 0.834106 0.000000 0.551603 0.383954 0.383954 0.383954
5440.916504 0.000000 3007.825195 0.000000 0.058121 0.000000 0.998310 0.352418 0.352418 0.352418
5441.276855 0.000000 3066.724121 0.000000 0.348696 0.000000 0.937236 0.356334 0.356334 0.356334
5432.752930 0.000000 3001.647705 0.000000 0.575693 0.000000 0.817666 0.366539 0.366539 0.366539
5465.522461 0.000000 3000.168945 0.000000 0.892378 0.000000 0.451289 0.383402 0.383402 0.383402
5435.398926 0.000000 3066.791992 0.000000 0.900959 0.000000 -0.433905 0.414118 0.414118 0.414118
5410.905762 0.000000 3043.716797 0.000000 0.924422 0.000000 -0.381371 0.412308 0.412308 0.412308
5439.552734 0.000000 3014.331543 0.000000 0.545854 0.000000 0.837880 0.366271 0.366271 0.366271
5419.948730 0.000000 3020.189209 0.000000 0.212470 0.000000 -0.977168 0.436580 0.436580 0.436580
5444.407715 0.000000 3045.843018 0.000000 0.598727 0.000000 -0.800953 0.433394 0.433394 0.433394
5399.586914 0.000000 3005.748047 0.000000 0.103189 0.000000 0.994662 0.343582 0.343582 0.343582
5447.336426 0.000000 3040.260254 0.000000 0.484184 0.000000 -0.874966 0.441492 0.441492 0.441492
5445.292969 0.000000 3016.656006 0.000000 0.482792 0.000000 0.875735 0.360044 0.360044 0.360044
5415.259766 0.000000 3047.827637 0.000000 0.738758 0.000000 -0.673971 0.423634 0.423634 0.423634
5468.832520 0.000000 2999.916748 0.000000 0.615364 0.000000 -0.788243 0.436268 0.436268 0.436268
5423.798340 0.000000 3100.785400 0.000000 0.923325 0.000000 0.384019 0.387798 0.387798 0.387798
5409.008789 0.000000 3005.035645 0.000000 0.889311 0.000000 0.457303 0.381739 0.381739 0.381739
5444.745117 0.000000 3088.033447 0.000000 0.189953 0.000000 -0.981793 0.445467 0.445467 0.445467
5473.839355 0.000000 3038.762207 0.000000 0.043525 0.000000 -0.999052 0.459481 0.459481 0.459481
5443.647949 0.000000 3039.373779 0.000000 0.256531 0.000000 0.966536 0.346963 0.346963 0.346963
5416.455078 0.000000 3022.156006 0.000000 0.581694 0.000000 -0.813408 0.437947 0.437947 0.437947
5397.871582 0.000000 3051.856689 0.000000 0.999709 0.000000 0.024108 0.399193 0.399193 0.399193
5410.592285 0.000000 3053.753906 0.000000 0.995758 0.000000 -0.092012 0.403359 0.403359 0.403359
5454.631348 0.000000 3005.592285 0.000000 0.734893 0.000000 0.678184 0.372090 0.372090 0.372090
5420.242188 0.000000 3082.038818 0.000000 0.890550 0.000000 -0.454885 0.416506 0.416506 0.416506
5436.492676 0.000000 3040.338867 0.000000 0.444348 0.000000 0.895854 0.359528 0.359528 0.359528
5423.572754 0.000000 3078.210693 0.000000 0.529192 0.000000 0.848502 0.354977 0.354977 0.354977
5412.818848 0.000000 3070.162842 0.000000 0.969231 0.000000 -0.246154 0.409065 0.409065 0.409065
5411.689453 0.000000 3049.062988 0.000000 0.966853 0.000000 -0.255335 0.410442 0.410442 0.410442
5441.953125 0.000000 3018.114502 0.000000 0.974400 0.000000 -0.224820 0.407359 0.407359 0.407359
5399.184082 0.000000 3027.700195 0.000000 0.980496 0.000000 0.196540 0.393086 0.393086 0.393086
5393.541992 0.000000 3021.319092 0.000000 0.222047 0.000000 -0.975036 0.445731 0.445731 0.445731
5444.851074 0.000000 3005.839844 0.000000 0.966478 0.000000 0.256751 0.389239 0.389239 0.389239
5420.994629 0.000000 3076.107666 0.000000 0.950957 0.000000 0.309322 0.386025 0.386025 0.386025
5431.711914 0.000000 2999.066650 0.000000 0.711863 0.000000 -0.702318 0.435380 0.435380 0.435380
5415.088379 0.000000 3099.682861 0.000000 0.982430 0.000000 0.186633 0.393157 0.393157 0.393157
5408.140625 0.000000 3023.485596 0.000000 0.209710 0.000000 -0.977764 0.447517 0.447517 0.447517
5417.420898 0.000000 3038.575439 0.000000 0.053377 0.000000 -0.998574 0.471977 0.471977 0.471977
5409.788574 0.000000 3069.893311 0.000000 0.897706 0.000000 -0.440595 0.417314 0.417314 0.417314
5459.533203 0.000000 3018.299316 0.000000 0.832589 0.000000 0.553891 0.372155 0.372155 0.372155
5419.456055 0.000000 3088.939941 0.000000 0.991297 0.000000 -0.131646 0.404615 0.404615 0.404615
5452.110840 0.000000 3094.526123 0.000000 0.661738 0.000000 -0.749735 0.433013 0.433013 0.433013
5455.547852 0.000000 3096.771484 0.000000 0.904799 0.000000 -0.425840 0.419109 0.419109 0.419109
5404.992676 0.000000 3020.792969 0.000000 0.124805 0.000000 -0.992181 0.466409 0.466409 0.466409
5403.151855 0.000000 3025.892822 0.000000 0.990487 0.000000 0.137607 0.394279 0.394279 0.394279
5405.030273 0.000000 3036.794678 0.000000 0.728667 0.000000 0.684868 0.366098 0.366098 0.366098
5457.762695 0.000000 3048.615234 0.000000 0.691476 0.000000 -0.722399 0.438292 0.438292 0.438292
5398.433594 0.000000 3054.833984 0.000000 0.533773 0.000000 -0.845628 0.441260 0.441260 0.441260
5461.523438 0.000000 3044.762207 0.000000 0.987699 0.000000 -0.156369 0.412073 0.412073 0.412073
5445.577637 0.000000 3097.971924 0.000000 0.268677 0.000000 0.963230 0.348769 0.348769 0.348769
5457.388184 0.000000 3101.590576 0.000000 0.503034 0.000000 -0.864267 0.444817 0.444817 0.444817
5422.854980 0.000000 3081.130859 0.000000 0.588242 0.000000 -0.808685 0.444209 0.444209 0.444209
5403.129395 0.000000 3047.807617 0.000000 0.114950 0.000000 0.993371 0.345491 0.345491 0.345491
5438.408203 0.000000 2998.316895 0.000000 0.899195 0.000000 -0.437549 0.421708 0.421708 0.421708
5421.317383 0.000000 3091.653809 0.000000 0.000095 0.000000 1.000000 0.322358 0.322358 0.322358
5441.202148 0.000000 2999.070557 0.000000 0.812034 0.000000 -0.583610 0.434227 0.434227 0.434227
5463.064941 0.000000 3030.799561 0.000000 0.355787 0.000000 -0.934567 0.454242 0.454242 0.454242
5434.131348 0.000000 3035.477539 0.000000 0.767088 0.000000 -0.641542 0.427822 0.427822 0.427822
5422.464355 0.000000 3018.801758 0.000000 0.863250 0.000000 0.504777 0.377543 0.377543 0.377543
5410.486328 0.000000 3086.194336 0.000000 0.744464 0.000000 -0.667663 0.456944 0.456944 0.456944
5438.867676 0.000000 3041.656250 0.000000 0.534905 0.000000 0.844912 0.352764 0.352764 0.352764
5421.906738 0.000000 3052.280273 0.000000 0.955104 0.000000 -0.296269 0.414418 0.414418 0.414418
5470.487305 0.000000 3037.589844 0.000000 0.838050 0.000000 -0.545594 0.422764 0.422764 0.422764
5465.037598 0.000000 3035.682373 0.000000 0.246609 0.000000 -0.969115 0.456751 0.456751 0.456751
5426.125977 0.000000 3089.559082 0.000000 0.878440 0.000000 0.477853 0.377363 0.377363 0.377363
5464.736816 0.000000 3047.610107 0.000000 0.660549 0.000000 -0.750783 0.469542 0.469542 0.469542
5443.353516 0.000000 3096.869629 0.000000 0.836406 0.000000 -0.548111 0.423751 0.423751 0.423751
5404.866699 0.000000 3070.993408 0.000000 0.939726 0.000000 0.341927 0.380833 0.380833 0.380833
5409.608887 0.000000 3078.787842 0.000000 0.448644 0.000000 0.893711 0.347559 0.347559 0.347559
5395.822266 0.000000 3009.419189 0.000000 0.700666 0.000000 -0.713489 0.438875 0.438875 0.438875
5420.517090 0.000000 2999.262939 0.000000 0.885039 0.000000 -0.465517 0.438926 0.438926 0.438926
5397.913574 0.000000 3030.867920 0.000000 0.967975 0.000000 0.251047 0.387710 0.387710 0.387710
5429.595703 0.000000 3003.787598 0.000000 0.250612 0.000000 0.968088 0.306588 0.306588 0.306588
5418.964355 0.000000 3077.585205 0.000000 0.516415 0.000000 -0.856339 0.475464 0.475464 0.475464
5428.243652 0.000000 3021.012939 0.000000 0.997288 0.000000 -0.073602 0.403494 0.403494 0.403494
5417.767578 0.000000 3058.612305 0.000000 0.983511 0.000000 -0.180847 0.408898 0.408898 0.408898
5412.197266 0.000000 3090.796631 0.000000 0.608558 0.000000 0.793510 0.356066 0.356066 0.356066
5455.927246 0.000000 3015.194580 0.000000 0.233283 0.000000 0.972409 0.341326 0.341326 0.341326
5411.346191 0.000000 3081.795410 0.000000 0.964927 0.000000 0.262517 0.382758 0.382758 0.382758
5419.596680 0.000000 3101.599609 0.000000 0.241483 0.000000 -0.970405 0.462941 0.462941 0.462941
5409.568359 0.000000 3074.313477 0.000000 0.898389 0.000000 -0.439200 0.422931 0.422931 0.422931
5425.051758 0.000000 3084.687744 0.000000 0.419144 0.000000 -0.907920 0.450016 0.450016 0.450016
5419.686035 0.000000 3093.864258 0.000000 0.848440 0.000000 -0.529292 0.435648 0.435648 0.435648
5400.286621 0.000000 3036.870850 0.000000 0.341856 0.000000 -0.939752 0.463451 0.463451 0.463451
5458.581055 0.000000 3096.371582 0.000000 0.742246 0.000000 -0.670128 0.434835 0.434835 0.434835
5460.336426 0.000000 3048.840088 0.000000 0.999534 0.000000 0.030521 0.398095 0.398095 0.398095
5413.878418 0.000000 3072.244385 0.000000 0.200837 0.000000 0.979625 0.333715 0.333715 0.333715
5409.451660 0.000000 3083.916260 0.000000 0.102265 0.000000 -0.994757 0.514373 0.514373 0.514373
5396.046387 0.000000 3035.558350 0.000000 0.754138 0.000000 0.656716 0.360649 0.360649 0.360649
5405.901367 0.000000 3076.744873 0.000000 0.454736 0.000000 -0.890626 0.452117 0.452117 0.452117
5436.020020 0.000000 3008.785645 0.000000 0.827161 0.000000 0.561965 0.371693 0.371693 0.371693
5430.803223 0.000000 2995.577148 0.000000 0.902827 0.000000 -0.430003 0.422860 0.422860 0.422860
5414.574219 0.000000 3079.453613 0.000000 0.999922 0.000000 0.012488 0.399083 0.399083 0.399083
5457.158203 0.000000 3018.019531 0.000000 0.381099 0.000000 -0.924534 0.455964 0.455964 0.455964
5469.749023 0.000000 2997.756104 0.000000 0.733691 0.000000 -0.679483 0.439539 0.439539 0.439539
5413.426270 0.000000 3057.573486 0.000000 0.768867 0.000000 0.639409 0.367093 0.367093 0.367093
5425.729492 0.000000 3001.905762 0.000000 0.425391 0.000000 0.905010 0.321476 0.321476 0.321476
5439.230957 0.000000 3067.779785 0.000000 0.916877 0.000000 -0.399170 0.419477 0.419477 0.419477
5414.113281 0.000000 3040.007568 0.000000 0.992643 0.000000 -0.121074 0.405757 0.405757 0.405757
5402.229980 0.000000 3043.054443 0.000000 0.536064 0.000000 -0.844178 0.469251 0.469251 0.469251
5404.267578 0.000000 3064.157959 0.000000 0.626699 0.000000 0.779261 0.357618 0.357618 0.357618
5458.332031 0.000000 3030.501465 0.000000 0.620155 0.000000 -0.784479 0.444580 0.444580 0.444580
5396.295898 0.000000 3038.801514 0.000000 0.073232 0.000000 -0.997315 0.488978 0.488978 0.488978
5454.643555 0.000000 3098.790039 0.000000 0.997552 0.000000 -0.069926 0.403669 0.403669 0.403669
5465.739746 0.000000 3043.520996 0.000000 0.372244 0.000000 0.928135 0.321610 0.321610 0.321610
5407.208496 0.000000 3083.645508 0.000000 0.999577 0.000000 0.029088 0.398373 0.398373 0.398373
5414.724609 0.000000 3095.371826 0.000000 0.394136 0.000000 0.919052 0.325500 0.325500 0.325500
5432.662109 0.000000 3007.564941 0.000000 0.553297 0.000000 -0.832984 0.468327 0.468327 0.468327
5443.729980 0.000000 3002.354980 0.000000 0.996779 0.000000 0.080200 0.394628 0.394628 0.394628
5404.505371 0.000000 3038.916016 0.000000 0.125322 0.000000 0.992116 0.308360 0.308360 0.308360
5398.360840 0.000000 3042.759277 0.000000 0.751091 0.000000 -0.660199 0.445726 0.445726 0.445726
5416.505859 0.000000 3068.639160 0.000000 0.999861 0.000000 -0.016687 0.401042 0.401042 0.401042
5416.141113 0.000000 3091.607422 0.000000 0.198960 0.000000 0.980008 0.323358 0.323358 0.323358
5430.839355 0.000000 3090.071045 0.000000 0.704771 0.000000 0.709435 0.356682 0.356682 0.356682
5454.349609 0.000000 3009.691162 0.000000 0.090469 0.000000 -0.995899 0.489429 0.489429 0.489429
5422.142090 0.000000 3001.087891 0.000000 0.072934 0.000000 0.997337 0.304273 0.304273 0.304273
5428.541016 0.000000 2999.365967 0.000000 0.440674 0.000000 -0.897667 0.472896 0.472896 0.472896
5395.752441 0.000000 3026.909180 0.000000 0.550255 0.000000 0.834997 0.330433 0.330433 0.330433
5418.311035 0.000000 3054.867676 0.000000 0.957713 0.000000 0.287725 0.382659 0.382659 0.382659
5461.744629 0.000000 3032.548340 0.000000 0.999968 0.000000 0.007990 0.399465 0.399465 0.399465
5488.934570 0.000000 3038.879639 0.000000 0.677149 0.000000 0.735846 0.371924 0.371924 0.371924
5484.346680 0.000000 3040.759766 0.000000 0.024898 0.000000 -0.999690 0.446313 0.446313 0.446313
5507.986816 0.000000 3076.107666 0.000000 0.743446 0.000000 -0.668796 0.434750 0.434750 0.434750
5500.806641 0.000000 3077.147949 0.000000 0.800847 0.000000 -0.598869 0.454502 0.454502 0.454502
5505.280762 0.000000 3079.959717 0.000000 0.677037 0.000000 -0.735949 0.440470 0.440470 0.440470
5495.416992 0.000000 3072.125732 0.000000 0.907891 0.000000 0.419206 0.379049 0.379049 0.379049
5486.518066 0.000000 3039.379395 0.000000 0.882812 0.000000 -0.469726 0.424659 0.424659 0.424659
5503.930176 0.000000 3075.492920 0.000000 0.787552 0.000000 -0.616249 0.429837 0.429837 0.429837
5496.601074 0.000000 3078.787842 0.000000 0.860298 0.000000 0.509791 0.356195 0.356195 0.356195
5505.956543 0.000000 3077.585205 0.000000 0.956229 0.000000 -0.292619 0.415717 0.415717 0.415717
5498.338379 0.000000 3081.795410 0.000000 0.195933 0.000000 -0.980617 0.497390 0.497390 0.497390
5496.560547 0.000000 3074.313477 0.000000 0.423881 0.000000 0.905718 0.322492 0.322492 0.322492
5487.278809 0.000000 3036.870850 0.000000 0.305369 0.000000 0.952234 0.315665 0.315665 0.315665
5483.038574 0.000000 3035.558350 0.000000 0.194736 0.000000 0.980856 0.301151 0.301151 0.301151
5483.288086 0.000000 3038.801514 0.000000 0.984764 0.000000 -0.173896 0.408989 0.408989 0.408989
5482.262695 0.000000 3032.736816 0.000000 0.468865 0.000000 0.883270 0.333500 0.333500 0.333500
5438.264648 0.000000 3180.522949 0.000000 0.621041 0.000000 0.783778 0.394603 0.394603 0.394603
5442.410156 0.000000 3111.444336 0.000000 0.968854 0.000000 -0.247634 0.401749 0.401749 0.401749
5469.147949 0.000000 3138.068359 0.000000 0.433624 0.000000 0.901094 0.389353 0.389353 0.389353
5443.835449 0.000000 3106.790039 0.000000 0.571781 0.000000 0.820406 0.383667 0.383667 0.383667
5441.036621 0.000000 3169.577881 0.000000 0.704215 0.000000 -0.709987 0.416950 0.416950 0.416950
5437.757324 0.000000 3162.474854 0.000000 0.700847 0.000000 0.713312 0.386120 0.386120 0.386120
5427.097168 0.000000 3111.110596 0.000000 0.618798 0.000000 0.785550 0.377893 0.377893 0.377893
5438.018066 0.000000 3176.913086 0.000000 0.089120 0.000000 0.996021 0.361533 0.361533 0.361533
5436.750488 0.000000 3103.266113 0.000000 0.963730 0.000000 -0.266881 0.406475 0.406475 0.406475
5415.169434 0.000000 3103.857666 0.000000 0.999976 0.000000 0.006907 0.399845 0.399845 0.399845
5426.394531 0.000000 3106.720703 0.000000 0.170814 0.000000 -0.985303 0.441916 0.441916 0.441916
5418.674805 0.000000 3175.452881 0.000000 0.571581 0.000000 -0.820546 0.423545 0.423545 0.423545
5479.408203 0.000000 3183.030518 0.000000 0.620180 0.000000 0.784459 0.372082 0.372082 0.372082
5439.148438 0.000000 3111.163086 0.000000 0.990077 0.000000 0.140529 0.396269 0.396269 0.396269
5432.752930 0.000000 3108.632080 0.000000 0.976151 0.000000 -0.217092 0.406447 0.406447 0.406447
5435.911621 0.000000 3165.952881 0.000000 0.715456 0.000000 0.698658 0.378371 0.378371 0.378371
5424.582520 0.000000 3112.538086 0.000000 0.333163 0.000000 -0.942869 0.447333 0.447333 0.447333
5473.839355 0.000000 3145.746582 0.000000 0.425245 0.000000 -0.905078 0.444070 0.444070 0.444070
5461.017090 0.000000 3146.664062 0.000000 0.161905 0.000000 -0.986806 0.456952 0.456952 0.456952
5476.566406 0.000000 3134.165527 0.000000 0.963647 0.000000 0.267179 0.390682 0.390682 0.390682
5450.234863 0.000000 3114.033691 0.000000 0.212609 0.000000 0.977137 0.341749 0.341749 0.341749
5435.962891 0.000000 3178.827393 0.000000 0.811106 0.000000 0.584900 0.370365 0.370365 0.370365
5418.592773 0.000000 3178.329102 0.000000 0.994790 0.000000 0.101950 0.395156 0.395156 0.395156
5431.711914 0.000000 3106.051025 0.000000 0.741086 0.000000 -0.671410 0.433447 0.433447 0.433447
5468.388672 0.000000 3146.378174 0.000000 0.230997 0.000000 0.972954 0.347902 0.347902 0.347902
5435.354980 0.000000 3171.131836 0.000000 0.883595 0.000000 -0.468252 0.419709 0.419709 0.419709
5462.313477 0.000000 3142.585205 0.000000 0.971865 0.000000 0.235541 0.390740 0.390740 0.390740
5438.408203 0.000000 3105.301270 0.000000 0.770500 0.000000 0.637440 0.374462 0.374462 0.374462
5470.487305 0.000000 3144.574219 0.000000 0.686406 0.000000 0.727219 0.361376 0.361376 0.361376
5465.037598 0.000000 3142.666748 0.000000 0.797445 0.000000 -0.603391 0.425874 0.425874 0.425874
5424.468262 0.000000 3176.127930 0.000000 0.959373 0.000000 0.282141 0.385290 0.385290 0.385290
5428.233887 0.000000 3178.730713 0.000000 0.146340 0.000000 0.989234 0.290509 0.290509 0.290509
5416.713867 0.000000 3179.961914 0.000000 0.370582 0.000000 0.928800 0.343498 0.343498 0.343498
5475.866699 0.000000 3137.422607 0.000000 0.535129 0.000000 0.844770 0.352275 0.352275 0.352275
5433.009277 0.000000 3178.848145 0.000000 0.942915 0.000000 0.333034 0.383895 0.383895 0.383895
5466.238281 0.000000 3145.428955 0.000000 0.436623 0.000000 -0.899645 0.453077 0.453077 0.453077
5426.795410 0.000000 3176.017822 0.000000 0.617064 0.000000 -0.786913 0.453820 0.453820 0.453820
5424.106934 0.000000 3179.963623 0.000000 0.998691 0.000000 0.051151 0.396397 0.396397 0.396397
5493.127441 0.000000 3132.598633 0.000000 0.998205 0.000000 -0.059891 0.400150 0.400150 0.400150
5567.350098 0.000000 3159.344727 0.000000 0.148354 0.000000 -0.988934 0.405680 0.405680 0.405680
5487.161133 0.000000 3173.233154 0.000000 0.996478 0.000000 0.083860 0.399371 0.399371 0.399371
5494.785156 0.000000 3114.768799 0.000000 0.615325 0.000000 0.788274 0.389119 0.389119 0.389119
5497.532715 0.000000 3132.131592 0.000000 0.275249 0.000000 0.961373 0.376777 0.376777 0.376777
5484.666016 0.000000 3151.804932 0.000000 0.957154 0.000000 -0.289578 0.406308 0.406308 0.406308
5491.852539 0.000000 3173.341309 0.000000 0.361452 0.000000 0.932391 0.370017 0.370017 0.370017
5488.069824 0.000000 3190.128418 0.000000 0.282749 0.000000 0.959194 0.376276 0.376276 0.376276
5502.377441 0.000000 3173.717285 0.000000 0.894256 0.000000 -0.447556 0.411121 0.411121 0.411121
5505.932617 0.000000 3134.179443 0.000000 0.860001 0.000000 0.510292 0.385026 0.385026 0.385026
5484.095703 0.000000 3132.208496 0.000000 0.797115 0.000000 -0.603828 0.416832 0.416832 0.416832
5500.051758 0.000000 3162.263916 0.000000 0.686696 0.000000 0.726944 0.380088 0.380088 0.380088
5480.689453 0.000000 3134.298584 0.000000 0.769603 0.000000 -0.638523 0.425590 0.425590 0.425590
5503.376953 0.000000 3161.081299 0.000000 0.672355 0.000000 -0.740229 0.427048 0.427048 0.427048
5496.246094 0.000000 3139.716553 0.000000 0.951654 0.000000 -0.307173 0.410289 0.410289 0.410289
5501.244629 0.000000 3119.936768 0.000000 0.841327 0.000000 0.540526 0.379185 0.379185 0.379185
5490.277344 0.000000 3179.873047 0.000000 0.972125 0.000000 0.234463 0.391846 0.391846 0.391846
5497.584473 0.000000 3160.738281 0.000000 0.953799 0.000000 0.300446 0.388572 0.388572 0.388572
5496.478027 0.000000 3145.062500 0.000000 0.773169 0.000000 -0.634200 0.424354 0.424354 0.424354
5482.522949 0.000000 3178.423828 0.000000 0.474113 0.000000 -0.880464 0.451079 0.451079 0.451079
5484.558105 0.000000 3180.177979 0.000000 0.328145 0.000000 -0.944627 0.451242 0.451242 0.451242
5492.554688 0.000000 3153.195312 0.000000 0.947382 0.000000 0.320106 0.384381 0.384381 0.384381
5492.022461 0.000000 3143.779053 0.000000 0.990950 0.000000 -0.134234 0.406521 0.406521 0.406521
5484.691895 0.000000 3190.796875 0.000000 0.932570 0.000000 -0.360989 0.413277 0.413277 0.413277
5566.350098 0.000000 3167.661621 0.000000 0.918330 0.000000 -0.395815 0.419304 0.419304 0.419304
5492.295898 0.000000 3150.566406 0.000000 0.140456 0.000000 -0.990087 0.472109 0.472109 0.472109
5486.518066 0.000000 3146.363770 0.000000 0.069742 0.000000 -0.997565 0.484689 0.484689 0.484689
5491.858887 0.000000 3177.977783 0.000000 0.515076 0.000000 -0.857144 0.445758 0.445758 0.445758
5484.905762 0.000000 3137.852295 0.000000 0.449499 0.000000 -0.893281 0.465081 0.465081 0.465081
5505.680664 0.000000 3156.539062 0.000000 0.873488 0.000000 -0.486845 0.424119 0.424119 0.424119
5563.270508 0.000000 3163.073242 0.000000 0.830984 0.000000 -0.556296 0.427099 0.427099 0.427099
5500.229492 0.000000 3172.446289 0.000000 0.926954 0.000000 0.375174 0.382718 0.382718 0.382718
5487.278809 0.000000 3143.855225 0.000000 0.960912 0.000000 0.276853 0.384033 0.384033 0.384033
5483.038574 0.000000 3142.542725 0.000000 0.988944 0.000000 -0.148288 0.406986 0.406986 0.406986
5489.222168 0.000000 3150.038818 0.000000 0.486591 0.000000 -0.873630 0.451466 0.451466 0.451466
5496.583984 0.000000 3152.583252 0.000000 0.987396 0.000000 0.158267 0.390953 0.390953 0.390953
5498.738281 0.000000 3166.394531 0.000000 0.981826 0.000000 -0.189784 0.414015 0.414015 0.414015
5494.501953 0.000000 3156.797363 0.000000 0.689484 0.000000 -0.724301 0.445298 0.445298 0.445298
5491.497559 0.000000 3145.900391 0.000000 0.237583 0.000000 -0.971367 0.481739 0.481739 0.481739
5495.543945 0.000000 3174.905273 0.000000 0.028762 0.000000 -0.999586 0.483155 0.483155 0.483155
5493.404297 0.000000 3171.909424 0.000000 0.585405 0.000000 -0.810741 0.457591 0.457591 0.457591
5493.222168 0.000000 3148.565186 0.000000 0.673263 0.000000 -0.739404 0.449862 0.449862 0.449862
5482.262695 0.000000 3139.721191 0.000000 0.993265 0.000000 -0.115866 0.406668 0.406668 0.406668
5590.403320 0.000000 2674.524658 0.000000 0.368168 0.000000 0.929759 0.394636 0.394636 0.394636
5568.029297 0.000000 2651.302490 0.000000 0.445422 0.000000 0.895321 0.395570 0.395570 0.395570
5569.575684 0.000000 2625.823730 0.000000 0.609006 0.000000 0.793166 0.394512 0.394512 0.394512
5595.023926 0.000000 2671.714111 0.000000 0.874701 0.000000 -0.484663 0.405305 0.405305 0.405305
5602.041016 0.000000 2655.875732 0.000000 0.493093 0.000000 0.869976 0.388409 0.388409 0.388409
5569.046875 0.000000 2646.209473 0.000000 0.818388 0.000000 -0.574667 0.407031 0.407031 0.407031
5596.350098 0.000000 2661.188721 0.000000 0.234107 0.000000 0.972211 0.382009 0.382009 0.382009
5584.994141 0.000000 2660.730957 0.000000 0.937907 0.000000 0.346886 0.395578 0.395578 0.395578
5576.691406 0.000000 2641.657959 0.000000 0.414345 0.000000 0.910120 0.380586 0.380586 0.380586
5569.772461 0.000000 2621.878418 0.000000 0.996182 0.000000 0.087298 0.398560 0.398560 0.398560
5588.674316 0.000000 2646.502197 0.000000 0.850613 0.000000 0.525792 0.387560 0.387560 0.387560
5591.005371 0.000000 2632.992188 0.000000 0.922334 0.000000 -0.386395 0.408716 0.408716 0.408716
5582.757812 0.000000 2583.777588 0.000000 0.836695 0.000000 -0.547669 0.413312 0.413312 0.413312
5586.647461 0.000000 2668.150879 0.000000 0.998820 0.000000 -0.048574 0.401165 0.401165 0.401165
5575.866699 0.000000 2600.590820 0.000000 1.000000 0.000000 0.000465 0.399990 0.399990 0.399990
5577.582031 0.000000 2595.316895 0.000000 0.770757 0.000000 -0.637129 0.415521 0.415521 0.415521
5588.461914 0.000000 2661.019043 0.000000 0.202346 0.000000 0.979314 0.363823 0.363823 0.363823
5582.195312 0.000000 2627.453369 0.000000 0.089354 0.000000 0.996000 0.363758 0.363758 0.363758
5567.681641 0.000000 2599.376709 0.000000 0.018768 0.000000 -0.999824 0.440297 0.440297 0.440297
5577.893555 0.000000 2669.544922 0.000000 0.847271 0.000000 0.531161 0.383783 0.383783 0.383783
5568.680176 0.000000 2659.221924 0.000000 0.950970 0.000000 -0.309283 0.410519 0.410519 0.410519
5591.909180 0.000000 2671.820801 0.000000 0.686796 0.000000 0.726850 0.368715 0.368715 0.368715
5602.981934 0.000000 2652.671875 0.000000 0.288640 0.000000 -0.957438 0.439563 0.439563 0.439563
5594.226562 0.000000 2654.101318 0.000000 0.010383 0.000000 -0.999946 0.467784 0.467784 0.467784
5597.557129 0.000000 2650.273193 0.000000 0.964117 0.000000 0.265476 0.389401 0.389401 0.389401
5573.998047 0.000000 2606.562988 0.000000 0.928008 0.000000 -0.372560 0.416203 0.416203 0.416203
5579.292969 0.000000 2585.850342 0.000000 0.857842 0.000000 -0.513913 0.419404 0.419404 0.419404
5573.168457 0.000000 2599.762695 0.000000 0.520151 0.000000 -0.854075 0.444472 0.444472 0.444472
5592.577148 0.000000 2643.407227 0.000000 0.996805 0.000000 0.079873 0.393253 0.393253 0.393253
5589.072754 0.000000 2671.745361 0.000000 0.133210 0.000000 0.991088 0.350485 0.350485 0.350485
5593.440430 0.000000 2661.002441 0.000000 0.025440 0.000000 0.999676 0.326697 0.326697 0.326697
5579.546875 0.000000 2618.273438 0.000000 0.992085 0.000000 -0.125568 0.404463 0.404463 0.404463
5592.272949 0.000000 2652.022217 0.000000 0.997615 0.000000 -0.069021 0.403277 0.403277 0.403277
5577.113770 0.000000 2619.870117 0.000000 0.888243 0.000000 0.459375 0.379267 0.379267 0.379267
5574.926270 0.000000 2648.964600 0.000000 0.252397 0.000000 0.967624 0.337593 0.337593 0.337593
5592.750488 0.000000 2656.581055 0.000000 0.930357 0.000000 0.366656 0.382193 0.382193 0.382193
5569.942383 0.000000 2594.569092 0.000000 0.762097 0.000000 0.647463 0.364836 0.364836 0.364836
5579.516602 0.000000 2657.155518 0.000000 0.662520 0.000000 0.749044 0.359841 0.359841 0.359841
5590.974609 0.000000 2661.547852 0.000000 0.368593 0.000000 0.929591 0.346376 0.346376 0.346376
5573.809570 0.000000 2591.789795 0.000000 0.806106 0.000000 0.591771 0.373756 0.373756 0.373756
5590.281250 0.000000 2636.159180 0.000000 0.957596 0.000000 0.288114 0.376944 0.376944 0.376944
5590.922363 0.000000 2647.555420 0.000000 0.997581 0.000000 0.069518 0.397047 0.397047 0.397047
5592.948730 0.000000 2649.647705 0.000000 0.661821 0.000000 -0.749662 0.441473 0.441473 0.441473
5590.698242 0.000000 2645.040039 0.000000 0.219456 0.000000 0.975622 0.322509 0.322509 0.322509
5593.670410 0.000000 2665.926758 0.000000 0.976667 0.000000 -0.214760 0.410267 0.410267 0.410267
5598.091309 0.000000 2645.041748 0.000000 0.818225 0.000000 -0.574898 0.431193 0.431193 0.431193
5570.030762 0.000000 2607.620850 0.000000 0.971276 0.000000 -0.237955 0.416435 0.416435 0.416435
5599.718262 0.000000 2649.136230 0.000000 0.751796 0.000000 0.659396 0.366206 0.366206 0.366206
5582.827637 0.000000 2635.282227 0.000000 0.985877 0.000000 -0.167469 0.410502 0.410502 0.410502
5594.403809 0.000000 2642.041260 0.000000 0.417173 0.000000 -0.908827 0.486556 0.486556 0.486556
5595.608887 0.000000 2645.997559 0.000000 0.964623 0.000000 0.263635 0.380019 0.380019 0.380019
5569.575684 0.000000 2732.808105 0.000000 0.904023 0.000000 0.427484 0.397353 0.397353 0.397353
5643.132324 0.000000 2710.130859 0.000000 0.990078 0.000000 -0.140517 0.401478 0.401478 0.401478
5603.649414 0.000000 2753.003662 0.000000 0.503907 0.000000 -0.863758 0.409371 0.409371 0.409371
5645.413574 0.000000 2723.914795 0.000000 0.995746 0.000000 0.092140 0.399079 0.399079 0.399079
5602.041016 0.000000 2762.860107 0.000000 0.150312 0.000000 0.988639 0.385112 0.385112 0.385112
5621.651855 0.000000 2684.940674 0.000000 0.892551 0.000000 0.450946 0.394627 0.394627 0.394627
5569.633789 0.000000 2769.193848 0.000000 0.543152 0.000000 -0.839635 0.411943 0.411943 0.411943
5616.545410 0.000000 2694.384033 0.000000 0.309067 0.000000 -0.951040 0.413803 0.413803 0.413803
5593.081055 0.000000 2753.121826 0.000000 0.040803 0.000000 0.999167 0.374026 0.374026 0.374026
5605.695312 0.000000 2715.305908 0.000000 0.808392 0.000000 -0.588644 0.410370 0.410370 0.410370
5592.489258 0.000000 2770.692383 0.000000 0.882782 0.000000 0.469783 0.393407 0.393407 0.393407
5636.725098 0.000000 2762.951416 0.000000 0.983251 0.000000 0.182257 0.396431 0.396431 0.396431
5634.128906 0.000000 2754.365234 0.000000 0.932849 0.000000 0.360267 0.393191 0.393191 0.393191
5624.296387 0.000000 2747.030273 0.000000 0.319605 0.000000 -0.947551 0.419900 0.419900 0.419900
5617.080566 0.000000 2699.918945 0.000000 0.429692 0.000000 0.902976 0.374123 0.374123 0.374123
5615.020996 0.000000 2741.640381 0.000000 0.692383 0.000000 0.721530 0.385512 0.385512 0.385512
5609.509766 0.000000 2678.665039 0.000000 0.849365 0.000000 0.527805 0.387229 0.387229 0.387229
5622.484375 0.000000 2688.633301 0.000000 0.668240 0.000000 0.743946 0.379474 0.379474 0.379474
5630.508789 0.000000 2708.135742 0.000000 0.249365 0.000000 0.968410 0.361808 0.361808 0.361808
5606.586426 0.000000 2732.465088 0.000000 1.000000 0.000000 0.000963 0.399977 0.399977 0.399977
5637.117188 0.000000 2720.719238 0.000000 0.970034 0.000000 -0.242968 0.407230 0.407230 0.407230
5569.686523 0.000000 2777.213867 0.000000 0.839427 0.000000 -0.543472 0.416639 0.416639 0.416639
5594.546387 0.000000 2765.409912 0.000000 0.976815 0.000000 0.214087 0.393967 0.393967 0.393967
5620.518555 0.000000 2753.182129 0.000000 0.678845 0.000000 0.734282 0.371590 0.371590 0.371590
5616.989258 0.000000 2691.062012 0.000000 0.995076 0.000000 0.099117 0.396332 0.396332 0.396332
5640.724609 0.000000 2712.737793 0.000000 0.663613 0.000000 -0.748076 0.429540 0.429540 0.429540
5595.683594 0.000000 2744.078857 0.000000 0.927356 0.000000 0.374181 0.388319 0.388319 0.388319
5618.263672 0.000000 2751.198975 0.000000 0.272171 0.000000 0.962249 0.358613 0.358613 0.358613
5627.070312 0.000000 2705.055176 0.000000 0.996462 0.000000 -0.084050 0.403235 0.403235 0.403235
5594.226562 0.000000 2761.085693 0.000000 0.261352 0.000000 -0.965244 0.452835 0.452835 0.452835
5604.594238 0.000000 2721.275146 0.000000 0.993526 0.000000 -0.113608 0.410801 0.410801 0.410801
5612.524414 0.000000 2724.640381 0.000000 0.810580 0.000000 0.585627 0.376258 0.376258 0.376258
5629.900879 0.000000 2701.884766 0.000000 0.068637 0.000000 0.997642 0.348999 0.348999 0.348999
5567.865723 0.000000 2771.314453 0.000000 0.416371 0.000000 -0.909195 0.445591 0.445591 0.445591
5623.653809 0.000000 2749.787109 0.000000 0.487413 0.000000 -0.873172 0.447179 0.447179 0.447179
5570.597168 0.000000 2757.310059 0.000000 0.620197 0.000000 -0.784446 0.441426 0.441426 0.441426
5612.145508 0.000000 2730.048340 0.000000 0.099112 0.000000 0.995076 0.344159 0.344159 0.344159
5629.087402 0.000000 2756.965576 0.000000 0.992545 0.000000 -0.121883 0.405491 0.405491 0.405491
5636.297852 0.000000 2714.647705 0.000000 0.290135 0.000000 -0.956986 0.446525 0.446525 0.446525
5596.839355 0.000000 2760.177734 0.000000 0.317394 0.000000 0.948294 0.340811 0.340811 0.340811
5568.281250 0.000000 2742.251465 0.000000 0.975700 0.000000 0.219111 0.388419 0.388419 0.388419
5621.402344 0.000000 2738.739502 0.000000 0.719669 0.000000 -0.694317 0.436405 0.436405 0.436405
5626.994629 0.000000 2754.060547 0.000000 0.980391 0.000000 -0.197063 0.409409 0.409409 0.409409
5621.489258 0.000000 2743.713867 0.000000 0.572701 0.000000 0.819765 0.354416 0.354416 0.354416
5597.197754 0.000000 2765.393799 0.000000 0.233179 0.000000 -0.972434 0.462013 0.462013 0.462013
5623.148438 0.000000 2753.067383 0.000000 0.994982 0.000000 0.100052 0.395396 0.395396 0.395396
5637.049316 0.000000 2709.846436 0.000000 0.041841 0.000000 0.999124 0.330529 0.330529 0.330529
5610.024414 0.000000 2728.603760 0.000000 0.821324 0.000000 0.570462 0.369385 0.369385 0.369385
5639.021973 0.000000 2714.729248 0.000000 0.127666 0.000000 -0.991817 0.468437 0.468437 0.468437
5614.245605 0.000000 2733.544922 0.000000 0.982760 0.000000 0.184886 0.392665 0.392665 0.392665
5567.597168 0.000000 2760.714111 0.000000 0.423950 0.000000 0.905686 0.344560 0.344560 0.344560
5625.686523 0.000000 2695.069580 0.000000 0.969924 0.000000 -0.243407 0.410926 0.410926 0.410926
5619.379883 0.000000 2700.956787 0.000000 0.921974 0.000000 -0.387251 0.416480 0.416480 0.416480
5604.081543 0.000000 2725.361084 0.000000 0.404692 0.000000 -0.914453 0.478374 0.478374 0.478374
5567.513184 0.000000 2745.378174 0.000000 0.273062 0.000000 -0.961996 0.465268 0.465268 0.465268
5571.676270 0.000000 2738.853271 0.000000 0.898842 0.000000 -0.438274 0.421520 0.421520 0.421520
5599.036133 0.000000 2763.734619 0.000000 0.875902 0.000000 0.482489 0.376117 0.376117 0.376117
5640.222656 0.000000 2717.491455 0.000000 0.785664 0.000000 -0.618654 0.431307 0.431307 0.431307
5598.091309 0.000000 2752.026123 0.000000 0.500009 0.000000 0.866020 0.349282 0.349282 0.349282
5609.643066 0.000000 2724.295410 0.000000 0.730705 0.000000 -0.682694 0.455155 0.455155 0.455155
5619.799316 0.000000 2689.411621 0.000000 0.954933 0.000000 -0.296821 0.414295 0.414295 0.414295
5572.410645 0.000000 2743.351318 0.000000 0.626062 0.000000 -0.779774 0.450458 0.450458 0.450458
5599.718262 0.000000 2756.120605 0.000000 0.718306 0.000000 0.695727 0.362350 0.362350 0.362350
5569.422363 0.000000 2746.243652 0.000000 0.923041 0.000000 -0.384703 0.424449 0.424449 0.424449
5652.328125 0.000000 2865.181885 0.000000 0.893744 0.000000 -0.448578 0.403484 0.403484 0.403484
5615.630859 0.000000 2819.386719 0.000000 0.873933 0.000000 -0.486046 0.404308 0.404308 0.404308
5567.941895 0.000000 2886.879883 0.000000 0.291616 0.000000 -0.956535 0.410822 0.410822 0.410822
5568.841797 0.000000 2869.905029 0.000000 0.767337 0.000000 0.641244 0.390963 0.390963 0.390963
5625.273438 0.000000 2835.913330 0.000000 0.999985 0.000000 -0.005458 0.400087 0.400087 0.400087
5578.917480 0.000000 2880.589111 0.000000 0.970989 0.000000 0.239123 0.396021 0.396021 0.396021
5605.948730 0.000000 2814.696289 0.000000 0.110641 0.000000 -0.993860 0.424056 0.424056 0.424056
5635.039551 0.000000 2844.956543 0.000000 0.891144 0.000000 0.453720 0.391065 0.391065 0.391065
5629.990234 0.000000 2828.358398 0.000000 0.464773 0.000000 -0.885430 0.418461 0.418461 0.418461
5624.631836 0.000000 2804.691162 0.000000 0.334115 0.000000 0.942532 0.374203 0.374203 0.374203
5598.391113 0.000000 2838.676270 0.000000 0.380817 0.000000 -0.924650 0.427105 0.427105 0.427105
5612.580566 0.000000 2817.060547 0.000000 0.790039 0.000000 0.613057 0.385831 0.385831 0.385831
5628.605469 0.000000 2821.070801 0.000000 0.385213 0.000000 0.922828 0.371244 0.371244 0.371244
5647.121582 0.000000 2860.205811 0.000000 0.041869 0.000000 0.999123 0.357249 0.357249 0.357249
5653.377441 0.000000 2835.178711 0.000000 0.867561 0.000000 0.497331 0.384146 0.384146 0.384146
5587.043945 0.000000 2841.310791 0.000000 0.991798 0.000000 0.127818 0.396224 0.396224 0.396224
5648.548828 0.000000 2850.083008 0.000000 0.398711 0.000000 0.917077 0.371023 0.371023 0.371023
5569.686523 0.000000 2884.198242 0.000000 0.693757 0.000000 -0.720209 0.423287 0.423287 0.423287
5605.621582 0.000000 2834.305908 0.000000 0.884930 0.000000 -0.465724 0.416207 0.416207 0.416207
5645.140625 0.000000 2840.030518 0.000000 0.625640 0.000000 -0.780112 0.431723 0.431723 0.431723
5577.893555 0.000000 2883.513672 0.000000 0.150015 0.000000 -0.988684 0.447511 0.447511 0.447511
5639.690918 0.000000 2887.545654 0.000000 0.290276 0.000000 0.956943 0.359853 0.359853 0.359853
5640.724609 0.000000 2819.722168 0.000000 0.776719 0.000000 -0.629847 0.425516 0.425516 0.425516
5568.680176 0.000000 2873.190674 0.000000 0.370459 0.000000 0.928849 0.355983 0.355983 0.355983
5624.135742 0.000000 2817.270996 0.000000 0.998975 0.000000 0.045257 0.398305 0.398305 0.398305
5582.024902 0.000000 2845.556641 0.000000 0.383886 0.000000 0.923380 0.361807 0.361807 0.361807
5577.716309 0.000000 2877.581299 0.000000 0.060465 0.000000 0.998170 0.343442 0.343442 0.343442
5617.824707 0.000000 2817.228760 0.000000 0.860049 0.000000 0.510212 0.381820 0.381820 0.381820
5653.620605 0.000000 2803.363281 0.000000 0.743591 0.000000 -0.668635 0.429620 0.429620 0.429620
5646.501953 0.000000 2834.201904 0.000000 0.314259 0.000000 0.949337 0.353148 0.353148 0.353148
5627.760254 0.000000 2837.612061 0.000000 0.525011 0.000000 0.851095 0.361875 0.361875 0.361875
5624.601562 0.000000 2846.894531 0.000000 0.610150 0.000000 0.792286 0.369862 0.369862 0.369862
5645.168457 0.000000 2866.061035 0.000000 0.771354 0.000000 0.636406 0.370723 0.370723 0.370723
5624.400879 0.000000 2807.590576 0.000000 0.532451 0.000000 0.846461 0.362203 0.362203 0.362203
5578.852539 0.000000 2837.885986 0.000000 0.504270 0.000000 -0.863546 0.441112 0.441112 0.441112
5623.966797 0.000000 2814.437500 0.000000 0.851229 0.000000 -0.524794 0.423999 0.423999 0.423999
5630.618652 0.000000 2840.049072 0.000000 0.999178 0.000000 0.040541 0.398238 0.398238 0.398238
5604.594238 0.000000 2828.259521 0.000000 0.533803 0.000000 -0.845609 0.440253 0.440253 0.440253
5639.550293 0.000000 2836.056641 0.000000 0.113233 0.000000 0.993568 0.343243 0.343243 0.343243
5652.771484 0.000000 2872.203125 0.000000 0.617091 0.000000 -0.786892 0.431205 0.431205 0.431205
5631.510742 0.000000 2821.379639 0.000000 0.467648 0.000000 -0.883915 0.445472 0.445472 0.445472
5636.810059 0.000000 2862.261963 0.000000 0.198479 0.000000 -0.980105 0.465032 0.465032 0.465032
5567.865723 0.000000 2878.298828 0.000000 0.876418 0.000000 -0.481551 0.417811 0.417811 0.417811
5642.528809 0.000000 2869.199219 0.000000 0.035070 0.000000 0.999385 0.327154 0.327154 0.327154
5610.126953 0.000000 2811.726074 0.000000 0.691751 0.000000 -0.722136 0.433842 0.433842 0.433842
5631.747070 0.000000 2834.646484 0.000000 0.206821 0.000000 -0.978379 0.468030 0.468030 0.468030
5636.297852 0.000000 2821.632080 0.000000 0.423665 0.000000 0.905819 0.312290 0.312290 0.312290
5649.785645 0.000000 2864.486084 0.000000 0.447832 0.000000 0.894118 0.351383 0.351383 0.351383
5643.752441 0.000000 2828.632324 0.000000 0.466497 0.000000 -0.884523 0.496473 0.496473 0.496473
5644.036133 0.000000 2833.165771 0.000000 0.096374 0.000000 -0.995345 0.455209 0.455209 0.455209
5653.342285 0.000000 2846.708496 0.000000 0.975604 0.000000 -0.219536 0.408289 0.408289 0.408289
5641.222168 0.000000 2841.552490 0.000000 0.598451 0.000000 -0.801159 0.444077 0.444077 0.444077
5644.471680 0.000000 2823.621094 0.000000 0.885890 0.000000 0.463895 0.361221 0.361221 0.361221
5639.021973 0.000000 2821.713623 0.000000 0.262758 0.000000 -0.964862 0.500340 0.500340 0.500340
5607.871094 0.000000 2812.980957 0.000000 0.629959 0.000000 0.776629 0.363145 0.363145 0.363145
5626.765137 0.000000 2848.402344 0.000000 0.608250 0.000000 0.793746 0.356505 0.356505 0.356505
5624.357910 0.000000 2838.368652 0.000000 0.342960 0.000000 -0.939350 0.452419 0.452419 0.452419
5638.721191 0.000000 2833.641357 0.000000 0.735616 0.000000 0.677398 0.364698 0.364698 0.364698
5650.617188 0.000000 2827.626709 0.000000 0.347045 0.000000 0.937848 0.336228 0.336228 0.336228
5637.502930 0.000000 2837.701416 0.000000 0.944727 0.000000 -0.327858 0.415845 0.415845 0.415845
5619.379883 0.000000 2807.941162 0.000000 0.766688 0.000000 -0.642020 0.433068 0.433068 0.433068
5604.081543 0.000000 2832.345459 0.000000 0.521809 0.000000 0.853063 0.356122 0.356122 0.356122
5633.338379 0.000000 2850.983154 0.000000 0.421210 0.000000 -0.906963 0.469201 0.469201 0.469201
5616.534180 0.000000 2812.244385 0.000000 0.946941 0.000000 0.321408 0.383989 0.383989 0.383989
5591.751953 0.000000 2844.643555 0.000000 0.268329 0.000000 -0.963327 0.455137 0.455137 0.455137
5650.262695 0.000000 2842.120117 0.000000 0.668014 0.000000 -0.744149 0.439391 0.439391 0.439391
5653.381348 0.000000 2879.246338 0.000000 0.529404 0.000000 -0.848370 0.448046 0.448046 0.448046
5641.990234 0.000000 2888.481934 0.000000 0.989453 0.000000 0.144856 0.393105 0.393105 0.393105
5628.979492 0.000000 2817.092041 0.000000 0.361501 0.000000 -0.932372 0.456965 0.456965 0.456965
5634.320801 0.000000 2834.871338 0.000000 0.842557 0.000000 -0.538607 0.426696 0.426696 0.426696
5643.679688 0.000000 2871.289795 0.000000 0.470613 0.000000 -0.882340 0.455585 0.455585 0.455585
5612.386230 0.000000 2812.318604 0.000000 0.347610 0.000000 0.937639 0.342330 0.342330 0.342330
5636.177734 0.000000 2833.025391 0.000000 0.113702 0.000000 0.993515 0.330895 0.330895 0.330895
5629.311035 0.000000 2852.563721 0.000000 0.846698 0.000000 -0.532074 0.429975 0.429975 0.429975
5628.968262 0.000000 2842.543701 0.000000 0.769739 0.000000 0.638359 0.364738 0.364738 0.364738
5629.571289 0.000000 2848.126465 0.000000 0.669860 0.000000 -0.742487 0.451391 0.451391 0.451391
5628.540039 0.000000 2813.794678 0.000000 0.046791 0.000000 0.998905 0.327711 0.327711 0.327711
5639.053711 0.000000 2869.890137 0.000000 0.991684 0.000000 -0.128698 0.410052 0.410052 0.410052
5630.956055 0.000000 2850.508545 0.000000 0.434417 0.000000 -0.900712 0.479510 0.479510 0.479510
5633.842285 0.000000 2853.695557 0.000000 0.935417 0.000000 -0.353547 0.418584 0.418584 0.418584
5695.145508 0.000000 2882.731689 0.000000 0.933633 0.000000 -0.358231 0.400732 0.400732 0.400732
5690.641602 0.000000 2859.988037 0.000000 0.371761 0.000000 0.928329 0.389306 0.389306 0.389306
5665.780762 0.000000 2816.765869 0.000000 0.433961 0.000000 -0.900931 0.412324 0.412324 0.412324
5676.762695 0.000000 2843.190186 0.000000 0.352994 0.000000 -0.935626 0.416313 0.416313 0.416313
5683.342285 0.000000 2875.157471 0.000000 0.040490 0.000000 -0.999180 0.419866 0.419866 0.419866
5671.986328 0.000000 2874.699707 0.000000 0.996178 0.000000 0.087346 0.390393 0.390393 0.390393
5715.939941 0.000000 2798.845703 0.000000 0.288612 0.000000 0.957446 0.371922 0.371922 0.371922
5711.624023 0.000000 2804.691162 0.000000 0.936068 0.000000 0.351820 0.390666 0.390666 0.390666
5659.621582 0.000000 2848.025879 0.000000 0.312562 0.000000 -0.949897 0.423772 0.423772 0.423772
5654.770996 0.000000 2843.201660 0.000000 0.290492 0.000000 -0.956878 0.431857 0.431857 0.431857
5682.865723 0.000000 2857.773926 0.000000 0.775810 0.000000 0.630967 0.381931 0.381931 0.381931
5709.476562 0.000000 2795.617676 0.000000 0.858256 0.000000 0.513222 0.386276 0.386276 0.386276
5661.995117 0.000000 2875.199463 0.000000 0.484553 0.000000 -0.874762 0.426055 0.426055 0.426055
5676.020996 0.000000 2870.802734 0.000000 0.970646 0.000000 -0.240513 0.406185 0.406185 0.406185
5703.981445 0.000000 2798.046387 0.000000 0.229553 0.000000 0.973296 0.365898 0.365898 0.365898
5664.166992 0.000000 2866.140869 0.000000 0.762021 0.000000 -0.647552 0.468933 0.468933 0.468933
5678.901367 0.000000 2885.789551 0.000000 0.982206 0.000000 -0.187809 0.406415 0.406415 0.406415
5654.500000 0.000000 2803.168945 0.000000 0.998542 0.000000 -0.053986 0.402562 0.402562 0.402562
5669.117188 0.000000 2809.516846 0.000000 0.461568 0.000000 -0.887105 0.444126 0.444126 0.444126
5678.397461 0.000000 2824.606689 0.000000 0.973581 0.000000 -0.228340 0.409317 0.409317 0.409317
5654.857910 0.000000 2878.298828 0.000000 0.737194 0.000000 -0.675681 0.435191 0.435191 0.435191
5670.562988 0.000000 2876.984375 0.000000 0.104005 0.000000 0.994577 0.263794 0.263794 0.263794
5658.488770 0.000000 2853.423584 0.000000 0.216372 0.000000 0.976311 0.335835 0.335835 0.335835
5689.770508 0.000000 2887.795166 0.000000 0.044402 0.000000 0.999014 0.277296 0.277296 0.277296
5665.969238 0.000000 2806.824219 0.000000 0.841127 0.000000 0.540837 0.372894 0.372894 0.372894
5664.128418 0.000000 2811.924072 0.000000 0.087334 0.000000 -0.996179 0.457771 0.457771 0.457771
5702.571777 0.000000 2787.939941 0.000000 0.959557 0.000000 -0.281515 0.410259 0.410259 0.410259
5681.749023 0.000000 2848.531982 0.000000 0.986854 0.000000 -0.161615 0.407376 0.407376 0.407376
5674.519531 0.000000 2821.140625 0.000000 0.878950 0.000000 -0.476914 0.420851 0.420851 0.420851
5655.273438 0.000000 2849.235840 0.000000 0.392117 0.000000 0.919915 0.347519 0.347519 0.347519
5666.508789 0.000000 2871.124268 0.000000 0.575824 0.000000 0.817574 0.328310 0.328310 0.328310
5654.660156 0.000000 2837.357910 0.000000 0.938517 0.000000 0.345232 0.383280 0.383280 0.383280
5666.921387 0.000000 2873.649414 0.000000 0.205735 0.000000 0.978608 0.299915 0.299915 0.299915
5677.966797 0.000000 2875.516602 0.000000 0.969742 0.000000 0.244133 0.380790 0.380790 0.380790
5683.976562 0.000000 2847.034912 0.000000 0.973113 0.000000 -0.230328 0.411024 0.411024 0.411024
5660.801758 0.000000 2805.758545 0.000000 0.905818 0.000000 -0.423667 0.420752 0.420752 0.420752
5685.444824 0.000000 2855.174805 0.000000 0.539934 0.000000 0.841707 0.352545 0.352545 0.352545
5712.678711 0.000000 2802.053955 0.000000 0.905088 0.000000 0.425224 0.379605 0.379605 0.379605
5661.290039 0.000000 2854.989014 0.000000 0.339910 0.000000 -0.940458 0.458059 0.458059 0.458059
5670.280762 0.000000 2813.366455 0.000000 0.726972 0.000000 0.686668 0.353893 0.353893 0.353893
5674.106934 0.000000 2888.538086 0.000000 0.564251 0.000000 0.825603 0.343259 0.343259 0.343259
5668.440430 0.000000 2816.963135 0.000000 0.654485 0.000000 -0.756075 0.446230 0.446230 0.446230
5667.162598 0.000000 2882.709473 0.000000 0.808319 0.000000 -0.588744 0.431117 0.431117 0.431117
5671.828125 0.000000 2883.636230 0.000000 0.815079 0.000000 -0.579349 0.429928 0.429928 0.429928
5662.171875 0.000000 2871.614746 0.000000 0.988490 0.000000 -0.151285 0.407128 0.407128 0.407128
5664.290527 0.000000 2870.264648 0.000000 0.892465 0.000000 0.451116 0.370556 0.370556 0.370556
5664.374023 0.000000 2875.273438 0.000000 0.286144 0.000000 0.958187 0.326467 0.326467 0.326467
5670.428223 0.000000 2869.947510 0.000000 0.652659 0.000000 0.757652 0.342479 0.342479 0.342479
5687.771973 0.000000 2855.064697 0.000000 0.665064 0.000000 -0.746786 0.439997 0.439997 0.439997
5666.877930 0.000000 2862.776123 0.000000 0.920263 0.000000 -0.391299 0.428907 0.428907 0.428907
5706.791504 0.000000 2796.395996 0.000000 0.439956 0.000000 -0.898019 0.452901 0.452901 0.452901
5669.143555 0.000000 2881.487305 0.000000 0.386997 0.000000 0.922081 0.333793 0.333793 0.333793
5673.233398 0.000000 2879.827393 0.000000 0.335107 0.000000 0.942180 0.307333 0.307333 0.307333
5675.701172 0.000000 2881.403076 0.000000 0.777043 0.000000 -0.629448 0.436035 0.436035 0.436035
5685.234863 0.000000 2880.197021 0.000000 0.118197 0.000000 -0.992990 0.497896 0.497896 0.497896
5666.751953 0.000000 2878.025879 0.000000 0.700477 0.000000 0.713675 0.348811 0.348811 0.348811
5647.812988 0.000000 2897.256348 0.000000 0.978493 0.000000 0.206279 0.399793 0.399793 0.399793
5582.365234 0.000000 2990.760498 0.000000 0.665166 0.000000 -0.746696 0.401684 0.401684 0.401684
5608.711914 0.000000 2940.404053 0.000000 0.110212 0.000000 0.993908 0.394167 0.394167 0.394167
5650.054199 0.000000 2888.935547 0.000000 0.808545 0.000000 -0.588435 0.403141 0.403141 0.403141
5640.334961 0.000000 2934.373779 0.000000 0.788561 0.000000 0.614957 0.396693 0.396693 0.396693
5631.099121 0.000000 2897.150146 0.000000 0.377059 0.000000 0.926189 0.390540 0.390540 0.390540
5622.384277 0.000000 2969.748779 0.000000 0.627798 0.000000 -0.778377 0.407127 0.407127 0.407127
5645.413574 0.000000 2937.883545 0.000000 0.846231 0.000000 -0.532816 0.406173 0.406173 0.406173
5642.357910 0.000000 2895.914307 0.000000 0.138090 0.000000 -0.990420 0.415733 0.415733 0.415733
5590.173828 0.000000 2990.112061 0.000000 0.191917 0.000000 0.981411 0.384179 0.384179 0.384179
5615.831055 0.000000 2962.857178 0.000000 0.904128 0.000000 -0.427262 0.404409 0.404409 0.404409
5650.706055 0.000000 2932.056396 0.000000 0.605342 0.000000 0.795966 0.387589 0.387589 0.387589
5607.679199 0.000000 2984.568848 0.000000 0.983719 0.000000 -0.179712 0.402256 0.402256 0.402256
5610.114258 0.000000 2970.617920 0.000000 0.302525 0.000000 -0.953141 0.417664 0.417664 0.417664
5605.098145 0.000000 2993.124023 0.000000 0.435993 0.000000 -0.899950 0.414535 0.414535 0.414535
5567.948730 0.000000 2893.991943 0.000000 0.135628 0.000000 0.990760 0.377792 0.377792 0.377792
5596.387695 0.000000 2949.010498 0.000000 0.709886 0.000000 0.704316 0.383612 0.383612 0.383612
5626.305664 0.000000 2970.549805 0.000000 0.999395 0.000000 0.034765 0.399375 0.399375 0.399375
5584.332031 0.000000 2954.504150 0.000000 0.927025 0.000000 0.375000 0.393474 0.393474 0.393474
5588.674316 0.000000 2967.455322 0.000000 0.948403 0.000000 0.317067 0.392106 0.392106 0.392106
5631.715332 0.000000 2959.814209 0.000000 0.456035 0.000000 0.889962 0.373702 0.373702 0.373702
5578.844727 0.000000 2959.372559 0.000000 0.061007 0.000000 -0.998137 0.436184 0.436184 0.436184
5598.391113 0.000000 2945.660645 0.000000 0.950231 0.000000 0.311546 0.394305 0.394305 0.394305
5613.871582 0.000000 2970.242188 0.000000 0.213502 0.000000 0.976943 0.368187 0.368187 0.368187
5606.586426 0.000000 2946.433838 0.000000 0.848249 0.000000 -0.529598 0.417278 0.417278 0.417278
5640.512207 0.000000 2990.481934 0.000000 0.812555 0.000000 -0.582884 0.420817 0.420817 0.420817
5620.518555 0.000000 2967.150879 0.000000 0.834323 0.000000 -0.551275 0.419242 0.419242 0.419242
5605.879395 0.000000 2987.441406 0.000000 0.434482 0.000000 0.900680 0.370326 0.370326 0.370326
5567.681641 0.000000 2920.329834 0.000000 0.359790 0.000000 0.933033 0.364568 0.364568 0.364568
5643.825195 0.000000 2961.560303 0.000000 0.776097 0.000000 0.630613 0.377514 0.377514 0.377514
5640.724609 0.000000 2926.706543 0.000000 0.893596 0.000000 -0.448872 0.416270 0.416270 0.416270
5606.578125 0.000000 2969.705322 0.000000 0.980224 0.000000 -0.197893 0.407062 0.407062 0.407062
5600.770508 0.000000 2968.067139 0.000000 0.414111 0.000000 -0.910226 0.433125 0.433125 0.433125
5623.189453 0.000000 2980.624756 0.000000 0.890671 0.000000 -0.454648 0.414847 0.414847 0.414847
5623.562012 0.000000 2972.588623 0.000000 0.503639 0.000000 0.863914 0.360421 0.360421 0.360421
5595.683594 0.000000 2958.047607 0.000000 0.237372 0.000000 -0.971419 0.454501 0.454501 0.454501
5641.340332 0.000000 2920.385742 0.000000 0.721544 0.000000 0.692369 0.374416 0.374416 0.374416
5585.092773 0.000000 2957.440186 0.000000 0.934192 0.000000 0.356770 0.388707 0.388707 0.388707
5642.816895 0.000000 2892.932373 0.000000 0.844905 0.000000 0.534917 0.383091 0.383091 0.383091
5618.729492 0.000000 2981.049072 0.000000 0.966365 0.000000 -0.257176 0.410390 0.410390 0.410390
5647.823730 0.000000 2931.777832 0.000000 0.924633 0.000000 0.380858 0.383612 0.383612 0.383612
5604.002441 0.000000 2985.127686 0.000000 0.080226 0.000000 0.996777 0.351626 0.351626 0.351626
5586.803223 0.000000 2963.178467 0.000000 0.768152 0.000000 -0.640268 0.423245 0.423245 0.423245
5626.310059 0.000000 2973.534180 0.000000 0.910353 0.000000 -0.413832 0.415765 0.415765 0.415765
5638.658691 0.000000 2911.766113 0.000000 0.984395 0.000000 -0.175975 0.406713 0.406713 0.406713
5642.004395 0.000000 2970.340576 0.000000 0.498265 0.000000 0.867025 0.352851 0.352851 0.352851
5641.330078 0.000000 2981.191162 0.000000 0.549304 0.000000 0.835622 0.360978 0.360978 0.360978
5614.416504 0.000000 2980.779541 0.000000 0.761378 0.000000 -0.648308 0.426414 0.426414 0.426414
5636.810059 0.000000 2969.246338 0.000000 0.978898 0.000000 -0.204348 0.406987 0.406987 0.406987
5589.072754 0.000000 2992.698486 0.000000 0.006301 0.000000 -0.999980 0.461712 0.461712 0.461712
5605.704590 0.000000 2961.189209 0.000000 0.151785 0.000000 -0.988414 0.465157 0.465157 0.465157
5628.165039 0.000000 2982.489502 0.000000 0.852059 0.000000 0.523446 0.373594 0.373594 0.373594
5652.978516 0.000000 2939.452637 0.000000 0.338800 0.000000 0.940859 0.341885 0.341885 0.341885
5587.798828 0.000000 2970.163574 0.000000 0.143096 0.000000 -0.989709 0.467699 0.467699 0.467699
5593.440430 0.000000 2981.955566 0.000000 0.512149 0.000000 0.858897 0.357701 0.357701 0.357701
5648.338379 0.000000 2903.954590 0.000000 0.471727 0.000000 -0.881745 0.449591 0.449591 0.449591
5631.879883 0.000000 2984.880859 0.000000 0.830468 0.000000 0.557067 0.371383 0.371383 0.371383
5645.522949 0.000000 2904.750977 0.000000 0.279389 0.000000 0.960178 0.338922 0.338922 0.338922
5601.466797 0.000000 2951.540771 0.000000 0.331601 0.000000 -0.943420 0.460939 0.460939 0.460939
5637.603516 0.000000 2891.220459 0.000000 0.686316 0.000000 -0.727303 0.432937 0.432937 0.432937
5635.356934 0.000000 2955.042236 0.000000 0.238199 0.000000 -0.971216 0.451145 0.451145 0.451145
5623.653809 0.000000 2963.755859 0.000000 0.873963 0.000000 0.485993 0.356922 0.356922 0.356922
5643.515625 0.000000 2902.935303 0.000000 0.958005 0.000000 -0.286750 0.413650 0.413650 0.413650
5624.672363 0.000000 2978.316162 0.000000 0.998593 0.000000 -0.053020 0.402463 0.402463 0.402463
5600.543945 0.000000 2954.485352 0.000000 0.291342 0.000000 -0.956619 0.461760 0.461760 0.461760
5653.273926 0.000000 2901.897217 0.000000 0.985612 0.000000 -0.169022 0.408056 0.408056 0.408056
5641.487305 0.000000 2962.714844 0.000000 0.842381 0.000000 -0.538882 0.426995 0.426995 0.426995
5595.301758 0.000000 2984.669434 0.000000 0.959120 0.000000 0.282999 0.387966 0.387966 0.387966
5634.881348 0.000000 2991.593750 0.000000 0.401880 0.000000 0.915693 0.350886 0.350886 0.350886
5621.489258 0.000000 2957.682617 0.000000 0.999141 0.000000 -0.041442 0.402215 0.402215 0.402215
5609.562988 0.000000 2977.593262 0.000000 0.002866 0.000000 -0.999996 0.474374 0.474374 0.474374
5584.470703 0.000000 2979.209961 0.000000 0.995740 0.000000 -0.092201 0.403734 0.403734 0.403734
5637.820801 0.000000 2908.034180 0.000000 0.903978 0.000000 0.427578 0.378381 0.378381 0.378381
5570.702637 0.000000 2893.974365 0.000000 0.678019 0.000000 0.735044 0.362893 0.362893 0.362893
5644.471680 0.000000 2930.605469 0.000000 0.900625 0.000000 -0.434596 0.421326 0.421326 0.421326
5600.110352 0.000000 2982.574707 0.000000 0.932591 0.000000 0.360935 0.385065 0.385065 0.385065
5590.974609 0.000000 2982.500977 0.000000 0.652173 0.000000 0.758070 0.360049 0.360049 0.360049
5636.613281 0.000000 2983.315186 0.000000 0.832020 0.000000 -0.554746 0.441401 0.441401 0.441401
5573.809570 0.000000 2912.742920 0.000000 0.647272 0.000000 -0.762259 0.441116 0.441116 0.441116
5630.590332 0.000000 2975.792725 0.000000 0.421078 0.000000 -0.907024 0.478287 0.478287 0.478287
5621.655762 0.000000 2976.100830 0.000000 0.996842 0.000000 -0.079406 0.404048 0.404048 0.404048
5602.218262 0.000000 2964.761963 0.000000 0.857167 0.000000 -0.515039 0.425665 0.425665 0.425665
5574.901367 0.000000 2908.521484 0.000000 0.835162 0.000000 -0.550005 0.426170 0.426170 0.426170
5633.370605 0.000000 2986.942139 0.000000 0.861187 0.000000 0.508288 0.374176 0.374176 0.374176
5587.114746 0.000000 2995.522461 0.000000 0.984591 0.000000 0.174872 0.391662 0.391662 0.391662
5641.990234 0.000000 2995.466309 0.000000 0.757830 0.000000 -0.652452 0.443655 0.443655 0.443655
5587.221680 0.000000 2958.477539 0.000000 0.164547 0.000000 -0.986369 0.461757 0.461757 0.461757
5639.282715 0.000000 2888.841064 0.000000 0.995542 0.000000 -0.094320 0.404481 0.404481 0.404481
5653.510254 0.000000 2994.321045 0.000000 0.929585 0.000000 -0.368609 0.417530 0.417530 0.417530
5601.187012 0.000000 2946.369385 0.000000 0.990585 0.000000 0.136898 0.393554 0.393554 0.393554
5633.285645 0.000000 2982.907715 0.000000 0.968693 0.000000 0.248261 0.383590 0.383590 0.383590
5643.733398 0.000000 2890.771729 0.000000 0.838014 0.000000 -0.545649 0.427377 0.427377 0.427377
5601.663086 0.000000 2984.473877 0.000000 0.268291 0.000000 0.963338 0.338374 0.338374 0.338374
5639.053711 0.000000 2976.874512 0.000000 0.613293 0.000000 -0.789855 0.459560 0.459560 0.459560
5626.574707 0.000000 2975.908691 0.000000 0.889509 0.000000 -0.456918 0.423694 0.423694 0.423694
5623.421387 0.000000 2958.931396 0.000000 0.161945 0.000000 0.986800 0.308598 0.308598 0.308598
5614.206055 0.000000 2978.610352 0.000000 0.950032 0.000000 -0.312154 0.419655 0.419655 0.419655
5635.226074 0.000000 2905.159668 0.000000 0.198298 0.000000 0.980142 0.312366 0.312366 0.312366
5634.310059 0.000000 2894.950195 0.000000 0.519959 0.000000 0.854191 0.341202 0.341202 0.341202
5639.335449 0.000000 2900.479004 0.000000 0.492311 0.000000 -0.870420 0.466967 0.466967 0.466967
5618.736816 0.000000 2978.561523 0.000000 0.661329 0.000000 -0.750096 0.449975 0.449975 0.449975
5728.080566 0.000000 2890.433838 0.000000 0.995262 0.000000 -0.097225 0.400340 0.400340 0.400340
5685.643066 0.000000 2918.313965 0.000000 0.118066 0.000000 0.993006 0.394923 0.394923 0.394923
5674.538574 0.000000 2914.591553 0.000000 0.719431 0.000000 0.694564 0.396166 0.396166 0.396166
5660.881348 0.000000 2906.164062 0.000000 0.750673 0.000000 -0.660674 0.404685 0.404685 0.404685
5701.344727 0.000000 2920.635986 0.000000 0.944495 0.000000 0.328525 0.397827 0.397827 0.397827
5711.301270 0.000000 2917.875977 0.000000 0.251931 0.000000 -0.967745 0.409857 0.409857 0.409857
5663.566406 0.000000 2893.087891 0.000000 0.964139 0.000000 0.265397 0.397720 0.397720 0.397720
5708.644043 0.000000 2898.909424 0.000000 0.348468 0.000000 -0.937320 0.410919 0.410919 0.410919
5732.895996 0.000000 2892.361084 0.000000 0.871943 0.000000 -0.489608 0.405876 0.405876 0.405876
5726.339844 0.000000 2922.565674 0.000000 0.799962 0.000000 0.600050 0.388432 0.388432 0.388432
5667.133789 0.000000 2897.212891 0.000000 0.095649 0.000000 0.995415 0.363912 0.363912 0.363912
5682.656738 0.000000 2939.222168 0.000000 0.999421 0.000000 -0.034018 0.400866 0.400866 0.400866
5697.727051 0.000000 2889.297363 0.000000 0.867215 0.000000 -0.497934 0.414834 0.414834 0.414834
5657.500000 0.000000 2904.946777 0.000000 0.899263 0.000000 0.437408 0.389602 0.389602 0.389602
5689.026367 0.000000 2941.017822 0.000000 0.903664 0.000000 0.428243 0.388289 0.388289 0.388289
5708.725098 0.000000 2915.673096 0.000000 0.227203 0.000000 0.973847 0.362487 0.362487 0.362487
5670.227051 0.000000 2994.033203 0.000000 0.975303 0.000000 0.220873 0.394662 0.394662 0.394662
5663.211426 0.000000 2943.323486 0.000000 0.702526 0.000000 -0.711658 0.425304 0.425304 0.425304
5693.729492 0.000000 2894.663330 0.000000 0.029037 0.000000 0.999578 0.358430 0.358430 0.358430
5664.885742 0.000000 2990.498047 0.000000 0.870764 0.000000 -0.491701 0.413347 0.413347 0.413347
5697.575195 0.000000 2904.187988 0.000000 0.070055 0.000000 -0.997543 0.448705 0.448705 0.448705
5700.529297 0.000000 2907.347168 0.000000 0.985408 0.000000 -0.170209 0.405124 0.405124 0.405124
5669.017090 0.000000 2952.541016 0.000000 0.917203 0.000000 0.398421 0.386495 0.386495 0.386495
5719.972656 0.000000 2920.112549 0.000000 0.592374 0.000000 0.805663 0.367258 0.367258 0.367258
5687.136719 0.000000 2915.478027 0.000000 0.582053 0.000000 -0.813151 0.436033 0.436033 0.436033
5660.563477 0.000000 2898.763672 0.000000 0.645160 0.000000 0.764048 0.366134 0.366134 0.366134
5685.559082 0.000000 2898.569336 0.000000 0.704486 0.000000 -0.709718 0.474861 0.474861 0.474861
5657.544922 0.000000 2899.204346 0.000000 0.209274 0.000000 -0.977857 0.450249 0.450249 0.450249
5671.568848 0.000000 2946.769531 0.000000 0.754816 0.000000 -0.655937 0.428577 0.428577 0.428577
5665.844727 0.000000 2944.870361 0.000000 0.351997 0.000000 0.936001 0.345576 0.345576 0.345576
5674.770508 0.000000 2911.745117 0.000000 0.769649 0.000000 0.638467 0.373721 0.373721 0.373721
5691.586426 0.000000 2935.243896 0.000000 0.269273 0.000000 0.963064 0.353331 0.353331 0.353331
5702.929688 0.000000 2911.130127 0.000000 0.096380 0.000000 0.995345 0.339639 0.339639 0.339639
5716.893066 0.000000 2915.853516 0.000000 0.399094 0.000000 -0.916910 0.452719 0.452719 0.452719
5692.688477 0.000000 2892.082275 0.000000 0.161273 0.000000 0.986910 0.349353 0.349353 0.349353
5716.361816 0.000000 2912.584717 0.000000 0.938520 0.000000 0.345224 0.383280 0.383280 0.383280
5732.515137 0.000000 2904.750977 0.000000 0.978284 0.000000 -0.207267 0.407297 0.407297 0.407297
5678.536133 0.000000 2908.860107 0.000000 0.999019 0.000000 -0.044291 0.402102 0.402102 0.402102
5730.507812 0.000000 2902.935303 0.000000 0.985141 0.000000 0.171748 0.391813 0.391813 0.391813
5659.410156 0.000000 2947.849609 0.000000 0.004332 0.000000 0.999991 0.325696 0.325696 0.325696
5677.973145 0.000000 2899.629395 0.000000 0.809845 0.000000 -0.586644 0.428172 0.428172 0.428172
5715.769043 0.000000 2895.940186 0.000000 0.079414 0.000000 0.996842 0.335963 0.335963 0.335963
5654.660156 0.000000 2944.342285 0.000000 0.902000 0.000000 -0.431737 0.419838 0.419838 0.419838
5666.629883 0.000000 2891.720215 0.000000 0.478915 0.000000 0.877861 0.350250 0.350250 0.350250
5683.440918 0.000000 2911.817383 0.000000 0.631007 0.000000 -0.775777 0.442119 0.442119 0.442119
5682.883301 0.000000 2945.295898 0.000000 0.499369 0.000000 0.866389 0.357094 0.357094 0.357094
5667.612305 0.000000 2903.199707 0.000000 0.995862 0.000000 0.090874 0.395683 0.395683 0.395683
5670.078125 0.000000 2895.526855 0.000000 0.098672 0.000000 -0.995120 0.510245 0.510245 0.510245
5713.739258 0.000000 2904.459717 0.000000 0.743072 0.000000 0.669211 0.366322 0.366322 0.366322
5712.020996 0.000000 2894.326660 0.000000 0.362354 0.000000 0.932040 0.350269 0.350269 0.350269
5692.663574 0.000000 2904.599365 0.000000 0.852966 0.000000 0.521967 0.373677 0.373677 0.373677
5712.678711 0.000000 2909.038330 0.000000 0.012725 0.000000 0.999919 0.319092 0.319092 0.319092
5706.372070 0.000000 2914.925537 0.000000 0.996314 0.000000 -0.085780 0.403902 0.403902 0.403902
5656.798828 0.000000 2902.434814 0.000000 0.999986 0.000000 -0.005327 0.400221 0.400221 0.400221
5681.493652 0.000000 2892.278564 0.000000 0.535649 0.000000 0.844441 0.347785 0.347785 0.347785
5717.264160 0.000000 2903.650391 0.000000 0.834392 0.000000 0.551171 0.372309 0.372309 0.372309
5678.744141 0.000000 2951.627930 0.000000 0.952562 0.000000 -0.304344 0.414978 0.414978 0.414978
5663.866699 0.000000 2946.631592 0.000000 0.569627 0.000000 0.821904 0.359055 0.359055 0.359055
5716.903809 0.000000 2908.210205 0.000000 0.051263 0.000000 0.998685 0.331716 0.331716 0.331716
5687.897949 0.000000 2905.898438 0.000000 0.998888 0.000000 0.047136 0.397669 0.397669 0.397669
5693.355957 0.000000 2911.002930 0.000000 0.959420 0.000000 0.281980 0.384728 0.384728 0.384728
5682.082520 0.000000 2900.534424 0.000000 0.886602 0.000000 0.462533 0.367107 0.367107 0.367107
5654.554199 0.000000 2941.459473 0.000000 0.600192 0.000000 -0.799856 0.442123 0.442123 0.442123
5670.836914 0.000000 2902.568359 0.000000 0.852243 0.000000 -0.523146 0.426114 0.426114 0.426114
5705.858398 0.000000 2907.315186 0.000000 0.980008 0.000000 -0.198958 0.411201 0.411201 0.411201
5683.586914 0.000000 2951.415771 0.000000 0.797444 0.000000 0.603393 0.368304 0.368304 0.368304
5684.276367 0.000000 2889.777588 0.000000 0.968845 0.000000 -0.247669 0.411997 0.411997 0.411997
5696.996582 0.000000 2901.801270 0.000000 0.980306 0.000000 -0.197487 0.412308 0.412308 0.412308
5691.779785 0.000000 2888.592773 0.000000 0.231475 0.000000 -0.972841 0.471442 0.471442 0.471442
5705.583984 0.000000 2911.936523 0.000000 0.045379 0.000000 -0.998970 0.474642 0.474642 0.474642
5660.900391 0.000000 2950.107910 0.000000 0.856327 0.000000 -0.516433 0.425742 0.425742 0.425742
5702.752930 0.000000 2903.115967 0.000000 0.061992 0.000000 -0.998077 0.471567 0.471567 0.471567
5714.599609 0.000000 2907.770996 0.000000 0.971171 0.000000 0.238384 0.386299 0.386299 0.386299
5697.975586 0.000000 2898.128418 0.000000 0.220299 0.000000 -0.975432 0.470708 0.470708 0.470708
5684.230469 0.000000 2903.660889 0.000000 0.971949 0.000000 0.235191 0.386960 0.386960 0.386960
5688.721191 0.000000 2888.604736 0.000000 0.057734 0.000000 0.998332 0.307077 0.307077 0.307077
5690.032715 0.000000 2898.932617 0.000000 0.997101 0.000000 -0.076085 0.404411 0.404411 0.404411
5683.118652 0.000000 2894.103516 0.000000 0.992647 0.000000 -0.121048 0.408543 0.408543 0.408543
5709.793945 0.000000 2906.892334 0.000000 0.692318 0.000000 -0.721592 0.453934 0.453934 0.453934
5775.823242 0.000000 2923.666260 0.000000 0.943806 0.000000 0.330501 0.396973 0.396973 0.396973
5760.654297 0.000000 2939.387451 0.000000 0.660218 0.000000 0.751074 0.391091 0.391091 0.391091
5769.049805 0.000000 2942.876465 0.000000 0.962289 0.000000 -0.272028 0.406328 0.406328 0.406328
5777.693359 0.000000 2932.603271 0.000000 0.950972 0.000000 -0.309278 0.407065 0.407065 0.407065
5763.756836 0.000000 2937.556396 0.000000 0.196009 0.000000 0.980602 0.359537 0.359537 0.359537
5761.028320 0.000000 2948.295166 0.000000 0.911765 0.000000 0.410713 0.386053 0.386053 0.386053
5795.190430 0.000000 2937.480469 0.000000 0.341918 0.000000 -0.939730 0.438435 0.438435 0.438435
5764.353516 0.000000 2947.112549 0.000000 0.032478 0.000000 0.999472 0.350074 0.350074 0.350074
5763.228516 0.000000 2940.843262 0.000000 0.948555 0.000000 -0.316611 0.411099 0.411099 0.411099
5791.616699 0.000000 2932.389404 0.000000 0.999998 0.000000 0.001964 0.399924 0.399924 0.399924
5784.461426 0.000000 2933.354492 0.000000 0.739204 0.000000 -0.673481 0.424350 0.424350 0.424350
5778.578613 0.000000 2935.243896 0.000000 0.904404 0.000000 -0.426677 0.418269 0.418269 0.418269
5769.853516 0.000000 2925.380859 0.000000 0.994331 0.000000 -0.106331 0.405319 0.405319 0.405319
5782.112793 0.000000 2936.117920 0.000000 0.774479 0.000000 -0.632600 0.432488 0.432488 0.432488
5764.474609 0.000000 2926.417236 0.000000 0.668825 0.000000 0.743420 0.358149 0.358149 0.358149
5772.848633 0.000000 2928.651611 0.000000 0.998405 0.000000 0.056453 0.397744 0.397744 0.397744
5786.836426 0.000000 2934.671875 0.000000 0.950590 0.000000 -0.310451 0.414973 0.414973 0.414973
5766.479004 0.000000 2929.362305 0.000000 0.961809 0.000000 0.273723 0.380757 0.380757 0.380757
5766.657227 0.000000 2942.570312 0.000000 0.667385 0.000000 -0.744713 0.435236 0.435236 0.435236
5766.745605 0.000000 2934.205322 0.000000 0.712834 0.000000 0.701333 0.355369 0.355369 0.355369
5773.239746 0.000000 2935.692383 0.000000 0.885145 0.000000 0.465316 0.375834 0.375834 0.375834
5769.594727 0.000000 2930.132568 0.000000 0.656178 0.000000 0.754606 0.335960 0.335960 0.335960
5769.193848 0.000000 2937.051270 0.000000 0.970535 0.000000 -0.240960 0.412637 0.412637 0.412637
5766.697754 0.000000 2927.207520 0.000000 0.766673 0.000000 -0.642038 0.439683 0.439683 0.439683
5770.851562 0.000000 2927.488525 0.000000 0.935691 0.000000 0.352819 0.380735 0.380735 0.380735
5768.851074 0.000000 2934.737549 0.000000 0.882203 0.000000 -0.470869 0.431824 0.431824 0.431824
5637.327637 0.000000 3006.513428 0.000000 0.219761 0.000000 0.975554 0.395284 0.395284 0.395284
5607.729492 0.000000 3009.831055 0.000000 0.928563 0.000000 0.371174 0.397152 0.397152 0.397152
5651.645020 0.000000 3065.382324 0.000000 0.977685 0.000000 -0.210075 0.401902 0.401902 0.401902
5652.328125 0.000000 3079.150635 0.000000 0.975099 0.000000 -0.221770 0.402010 0.402010 0.402010
5626.675781 0.000000 3087.176758 0.000000 0.996431 0.000000 0.084415 0.399072 0.399072 0.399072
5650.706055 0.000000 3039.040771 0.000000 0.557164 0.000000 0.830402 0.389237 0.389237 0.389237
5639.121094 0.000000 3089.884521 0.000000 0.235187 0.000000 -0.971950 0.416644 0.416644 0.416644
5591.195312 0.000000 3082.477051 0.000000 0.122597 0.000000 0.992456 0.381203 0.381203 0.381203
5611.782227 0.000000 3007.254639 0.000000 0.853716 0.000000 0.520740 0.390155 0.390155 0.390155
5576.243164 0.000000 3062.881348 0.000000 0.896139 0.000000 0.443774 0.390357 0.390357 0.390357
5579.052734 0.000000 3058.979004 0.000000 0.135622 0.000000 0.990761 0.367763 0.367763 0.367763
5580.120117 0.000000 3073.556641 0.000000 0.979330 0.000000 0.202268 0.395220 0.395220 0.395220
5633.738770 0.000000 3023.937256 0.000000 0.220886 0.000000 0.975300 0.370383 0.370383 0.370383
5572.629395 0.000000 3061.994629 0.000000 0.986392 0.000000 0.164408 0.396207 0.396207 0.396207
5643.783203 0.000000 3074.982666 0.000000 0.389786 0.000000 0.920905 0.369027 0.369027 0.369027
5610.734863 0.000000 2996.281738 0.000000 0.974183 0.000000 0.225761 0.393633 0.393633 0.393633
5619.858398 0.000000 3002.856934 0.000000 0.423347 0.000000 -0.905968 0.422642 0.422642 0.422642
5582.418945 0.000000 3065.762207 0.000000 0.809367 0.000000 -0.587304 0.414104 0.414104 0.414104
5575.866699 0.000000 3028.528320 0.000000 0.074586 0.000000 -0.997215 0.432870 0.432870 0.432870
5632.884766 0.000000 3081.864258 0.000000 0.243853 0.000000 0.969812 0.366934 0.366934 0.366934
5622.837402 0.000000 2996.838135 0.000000 0.607027 0.000000 0.794681 0.372484 0.372484 0.372484
5576.219238 0.000000 3050.307861 0.000000 0.978806 0.000000 0.204788 0.394645 0.394645 0.394645
5606.381348 0.000000 3088.569580 0.000000 0.740180 0.000000 0.672409 0.379380 0.379380 0.379380
5585.590820 0.000000 3075.558105 0.000000 0.994675 0.000000 -0.103061 0.403351 0.403351 0.403351
5639.506836 0.000000 3000.168945 0.000000 0.938540 0.000000 0.345170 0.390498 0.390498 0.390498
5635.398926 0.000000 3009.946533 0.000000 0.972818 0.000000 -0.231572 0.406068 0.406068 0.406068
5650.220703 0.000000 3035.824219 0.000000 0.964907 0.000000 0.262592 0.390050 0.390050 0.390050
5653.543945 0.000000 3037.522705 0.000000 0.709059 0.000000 -0.705150 0.427354 0.427354 0.427354
5582.024902 0.000000 3059.525391 0.000000 0.417624 0.000000 0.908620 0.369263 0.369263 0.369263
5623.562012 0.000000 3079.572998 0.000000 0.434391 0.000000 0.900724 0.294731 0.294731 0.294731
5595.683594 0.000000 3065.031982 0.000000 0.173499 0.000000 0.984834 0.267524 0.267524 0.267524
5650.824219 0.000000 3003.765625 0.000000 0.998829 0.000000 -0.048372 0.401643 0.401643 0.401643
5608.028809 0.000000 3081.908691 0.000000 0.916725 0.000000 -0.399520 0.415596 0.415596 0.415596
5598.566895 0.000000 3005.553711 0.000000 0.521366 0.000000 0.853333 0.362225 0.362225 0.362225
5642.816895 0.000000 2999.916748 0.000000 0.971908 0.000000 0.235360 0.377460 0.377460 0.377460
5624.400879 0.000000 3021.559326 0.000000 0.746790 0.000000 -0.665060 0.427246 0.427246 0.427246
5594.226562 0.000000 3082.038818 0.000000 0.941210 0.000000 -0.337822 0.414453 0.414453 0.414453
5587.778320 0.000000 3018.729492 0.000000 0.997375 0.000000 0.072407 0.397539 0.397539 0.397539
5642.004395 0.000000 3077.324951 0.000000 0.730066 0.000000 -0.683376 0.433435 0.433435 0.433435
5614.416504 0.000000 3087.763916 0.000000 0.261171 0.000000 -0.965293 0.461976 0.461976 0.461976
5629.900879 0.000000 3022.837891 0.000000 0.988651 0.000000 0.150231 0.392847 0.392847 0.392847
5605.696289 0.000000 2999.066650 0.000000 0.107856 0.000000 0.994167 0.272188 0.272188 0.272188
5582.125000 0.000000 3023.485596 0.000000 0.409047 0.000000 -0.912513 0.454521 0.454521 0.454521
5583.772949 0.000000 3069.893311 0.000000 0.848008 0.000000 0.529983 0.373504 0.373504 0.373504
5605.704590 0.000000 3068.173584 0.000000 0.400181 0.000000 0.916436 0.344441 0.344441 0.344441
5629.369629 0.000000 3019.569092 0.000000 0.996713 0.000000 -0.081012 0.403240 0.403240 0.403240
5605.519043 0.000000 3062.962402 0.000000 0.994301 0.000000 -0.106605 0.403786 0.403786 0.403786
5578.977051 0.000000 3020.792969 0.000000 0.370883 0.000000 0.928679 0.357189 0.357189 0.357189
5577.136230 0.000000 3025.892822 0.000000 0.722665 0.000000 0.691199 0.363801 0.363801 0.363801
5631.879883 0.000000 3091.865234 0.000000 0.679300 0.000000 0.733861 0.360915 0.360915 0.360915
5615.579590 0.000000 3001.908691 0.000000 0.432331 0.000000 -0.901715 0.452742 0.452742 0.452742
5582.409180 0.000000 3072.125732 0.000000 0.999503 0.000000 0.031517 0.398851 0.398851 0.398851
5572.417969 0.000000 3054.833984 0.000000 0.266738 0.000000 -0.963769 0.460403 0.460403 0.460403
5596.839355 0.000000 3081.130859 0.000000 0.941129 0.000000 0.338047 0.385020 0.385020 0.385020
5653.273926 0.000000 3008.881592 0.000000 0.982931 0.000000 0.183974 0.391223 0.391223 0.391223
5653.460449 0.000000 3011.481445 0.000000 0.969823 0.000000 -0.243812 0.411437 0.411437 0.411437
5612.392578 0.000000 2998.316895 0.000000 0.906967 0.000000 -0.421202 0.416933 0.416933 0.416933
5628.776855 0.000000 3002.924561 0.000000 0.919470 0.000000 0.393159 0.383254 0.383254 0.383254
5591.057617 0.000000 3001.258301 0.000000 0.964260 0.000000 -0.264959 0.412720 0.412720 0.412720
5623.148438 0.000000 3074.020508 0.000000 0.364166 0.000000 0.931334 0.336590 0.336590 0.336590
5607.871094 0.000000 3026.949707 0.000000 0.981550 0.000000 -0.191204 0.408261 0.408261 0.408261
5616.348145 0.000000 3077.576904 0.000000 0.685148 0.000000 -0.728404 0.460300 0.460300 0.460300
5590.281250 0.000000 3064.096680 0.000000 0.996515 0.000000 0.083411 0.392995 0.392995 0.392995
5625.028809 0.000000 3001.311035 0.000000 0.638476 0.000000 0.769641 0.358339 0.358339 0.358339
5590.922363 0.000000 3075.492920 0.000000 0.791369 0.000000 -0.611338 0.455175 0.455175 0.455175
5625.686523 0.000000 3016.022705 0.000000 0.997985 0.000000 -0.063447 0.403012 0.403012 0.403012
5621.655762 0.000000 3083.085205 0.000000 0.672699 0.000000 -0.739916 0.440758 0.440758 0.440758
5632.983887 0.000000 3087.523193 0.000000 0.670205 0.000000 0.742176 0.361583 0.361583 0.361583
5594.501465 0.000000 2999.262939 0.000000 0.098284 0.000000 -0.995158 0.467635 0.467635 0.467635
5603.580078 0.000000 3003.787598 0.000000 0.170417 0.000000 -0.985372 0.468483 0.468483 0.468483
5630.271973 0.000000 3010.634766 0.000000 0.427853 0.000000 -0.903848 0.452975 0.452975 0.452975
5602.228027 0.000000 3021.012939 0.000000 0.707115 0.000000 0.707098 0.361961 0.361961 0.361961
5634.827148 0.000000 3085.396973 0.000000 0.999515 0.000000 0.031144 0.398538 0.398538 0.398538
5601.128418 0.000000 3025.007568 0.000000 0.960116 0.000000 -0.279602 0.413442 0.413442 0.413442
5590.698242 0.000000 3072.977539 0.000000 0.690200 0.000000 -0.723619 0.462613 0.462613 0.462613
5600.905762 0.000000 3012.882812 0.000000 0.885467 0.000000 -0.464702 0.422925 0.422925 0.422925
5639.282715 0.000000 2995.825439 0.000000 0.786756 0.000000 -0.617264 0.430892 0.430892 0.430892
5633.285645 0.000000 3089.892090 0.000000 0.714303 0.000000 0.699837 0.363230 0.363230 0.363230
5587.862793 0.000000 3072.244385 0.000000 0.826610 0.000000 -0.562775 0.431636 0.431636 0.431636
5610.758789 0.000000 3001.684570 0.000000 0.882627 0.000000 -0.470074 0.433965 0.433965 0.433965
5600.779785 0.000000 3069.033447 0.000000 0.763137 0.000000 0.646236 0.352988 0.352988 0.352988
5597.284180 0.000000 2996.761963 0.000000 0.787462 0.000000 -0.616364 0.446424 0.446424 0.446424
5626.943359 0.000000 3019.257568 0.000000 0.094774 0.000000 0.995499 0.329993 0.329993 0.329993
5599.713867 0.000000 3001.905762 0.000000 0.785025 0.000000 0.619463 0.360639 0.360639 0.360639
5594.403809 0.000000 3069.978760 0.000000 0.583292 0.000000 0.812263 0.337044 0.337044 0.337044
5604.250488 0.000000 3065.776611 0.000000 0.847072 0.000000 0.531478 0.368384 0.368384 0.368384
5601.729004 0.000000 2995.589111 0.000000 0.368404 0.000000 -0.929666 0.473299 0.473299 0.473299
5626.574707 0.000000 3082.893066 0.000000 0.259324 0.000000 0.965791 0.330093 0.330093 0.330093
5595.608887 0.000000 3073.935059 0.000000 0.965767 0.000000 -0.259412 0.414282 0.414282 0.414282
5647.426758 0.000000 3001.715820 0.000000 0.675714 0.000000 -0.737164 0.458768 0.458768 0.458768
5598.765137 0.000000 3020.795654 0.000000 0.999866 0.000000 -0.016353 0.400972 0.400972 0.400972
5590.490234 0.000000 3068.639160 0.000000 0.150063 0.000000 -0.988676 0.493601 0.493601 0.493601
5640.546875 0.000000 3001.942871 0.000000 0.999020 0.000000 -0.044264 0.402786 0.402786 0.402786
5656.460938 0.000000 3019.261719 0.000000 0.993943 0.000000 -0.109897 0.400110 0.400110 0.400110
5672.718750 0.000000 2997.687012 0.000000 0.490411 0.000000 0.871491 0.389432 0.389432 0.389432
5664.646484 0.000000 2997.153076 0.000000 0.951971 0.000000 0.306188 0.389124 0.389124 0.389124
5660.563477 0.000000 3005.748047 0.000000 0.633946 0.000000 -0.773377 0.432668 0.432668 0.432668
5655.477539 0.000000 3037.322021 0.000000 0.944098 0.000000 0.329664 0.390271 0.390271 0.390271
5669.985352 0.000000 3005.035645 0.000000 0.764053 0.000000 0.645153 0.371640 0.371640 0.371640
5660.160645 0.000000 3027.700195 0.000000 0.982766 0.000000 -0.184854 0.407612 0.407612 0.407612
5669.052246 0.000000 2997.966064 0.000000 0.983350 0.000000 0.181721 0.391332 0.391332 0.391332
5656.760742 0.000000 2995.562988 0.000000 0.977585 0.000000 0.210539 0.390997 0.390997 0.390997
5666.629883 0.000000 2998.704590 0.000000 0.287850 0.000000 0.957675 0.338702 0.338702 0.338702
5661.331543 0.000000 2998.101807 0.000000 0.822278 0.000000 0.569086 0.375213 0.375213 0.375213
5670.078125 0.000000 3002.511230 0.000000 0.853311 0.000000 -0.521403 0.421362 0.421362 0.421362
5569.575684 0.000000 3160.745605 0.000000 0.700790 0.000000 -0.713368 0.405156 0.405156 0.405156
5583.907715 0.000000 3200.633301 0.000000 0.893167 0.000000 0.449725 0.393013 0.393013 0.393013
5570.944336 0.000000 3188.128906 0.000000 0.833007 0.000000 0.553263 0.387412 0.387412 0.387412
5577.174805 0.000000 3187.093994 0.000000 0.498348 0.000000 -0.866977 0.438763 0.438763 0.438763
5575.393555 0.000000 3202.472168 0.000000 0.893251 0.000000 -0.449558 0.413270 0.413270 0.413270
5569.515137 0.000000 3178.423828 0.000000 0.864956 0.000000 0.501847 0.375062 0.375062 0.375062
5571.550293 0.000000 3180.177979 0.000000 0.064629 0.000000 0.997909 0.328558 0.328558 0.328558
5581.301270 0.000000 3200.303955 0.000000 0.883908 0.000000 0.467661 0.380804 0.380804 0.380804
5568.281250 0.000000 3170.188965 0.000000 0.148126 0.000000 0.988968 0.333253 0.333253 0.333253
5574.926270 0.000000 3183.886475 0.000000 0.936032 0.000000 0.351915 0.382942 0.382942 0.382942
5567.513184 0.000000 3173.315674 0.000000 0.505110 0.000000 -0.863055 0.449393 0.449393 0.449393
5580.170410 0.000000 3203.662598 0.000000 0.997360 0.000000 0.072616 0.395790 0.395790 0.395790
5575.179688 0.000000 3192.567871 0.000000 0.140919 0.000000 -0.990021 0.467803 0.467803 0.467803
5577.381836 0.000000 3196.226562 0.000000 0.765767 0.000000 -0.643118 0.433136 0.433136 0.433136
5699.795410 0.000000 3207.494385 0.000000 0.626848 0.000000 0.779141 0.388849 0.388849 0.388849
5718.023438 0.000000 3201.508057 0.000000 0.999942 0.000000 0.010725 0.399829 0.399829 0.399829
5720.933594 0.000000 3207.952148 0.000000 0.763887 0.000000 0.645350 0.380736 0.380736 0.380736
5727.504395 0.000000 3204.450684 0.000000 0.987845 0.000000 0.155442 0.395636 0.395636 0.395636
5726.683105 0.000000 3208.498779 0.000000 0.160711 0.000000 -0.987002 0.439408 0.439408 0.439408
5736.205566 0.000000 3200.450684 0.000000 0.718510 0.000000 0.695517 0.368125 0.368125 0.368125
5704.000488 0.000000 3209.251221 0.000000 0.278324 0.000000 0.960487 0.346591 0.346591 0.346591
5728.322266 0.000000 3195.159912 0.000000 0.850716 0.000000 0.525625 0.380932 0.380932 0.380932
5739.763672 0.000000 3193.156250 0.000000 0.595608 0.000000 -0.803275 0.435862 0.435862 0.435862
5724.992676 0.000000 3203.059814 0.000000 0.068040 0.000000 -0.997683 0.480284 0.480284 0.480284
5731.945312 0.000000 3207.938965 0.000000 0.427313 0.000000 0.904104 0.341359 0.341359 0.341359
5723.605469 0.000000 3197.283936 0.000000 0.127278 0.000000 -0.991867 0.477824 0.477824 0.477824
5733.642578 0.000000 3192.044922 0.000000 0.318658 0.000000 0.947870 0.347098 0.347098 0.347098
5720.362793 0.000000 3200.910889 0.000000 0.949607 0.000000 0.313443 0.386310 0.386310 0.386310
5740.373535 0.000000 3200.199463 0.000000 0.744110 0.000000 -0.668057 0.444931 0.444931 0.444931
5740.502441 0.000000 3208.289795 0.000000 0.195254 0.000000 -0.980753 0.477540 0.477540 0.477540
5736.145996 0.000000 3206.513672 0.000000 0.969028 0.000000 0.246949 0.381436 0.381436 0.381436
5738.260742 0.000000 3204.652100 0.000000 0.721086 0.000000 -0.692846 0.442423 0.442423 0.442423
5730.854980 0.000000 3201.098877 0.000000 0.282289 0.000000 0.959329 0.337782 0.337782 0.337782
5722.757812 0.000000 3200.807617 0.000000 0.283693 0.000000 0.958915 0.310944 0.310944 0.310944
5726.604004 0.000000 3201.607422 0.000000 0.435898 0.000000 -0.899996 0.470448 0.470448 0.470448
5748.750488 0.000000 3199.427246 0.000000 0.204882 0.000000 0.978787 0.386374 0.386374 0.386374
5797.367676 0.000000 3201.062012 0.000000 0.022671 0.000000 0.999743 0.376037 0.376037 0.376037
5789.688965 0.000000 3197.323975 0.000000 0.530955 0.000000 0.847400 0.383845 0.383845 0.383845
5753.218750 0.000000 3207.501953 0.000000 0.653735 0.000000 -0.756724 0.413285 0.413285 0.413285
5807.925781 0.000000 3207.952148 0.000000 0.895185 0.000000 0.445695 0.386853 0.386853 0.386853
5814.496582 0.000000 3204.450684 0.000000 0.945814 0.000000 -0.324709 0.410733 0.410733 0.410733
5742.664551 0.000000 3194.143799 0.000000 0.965679 0.000000 0.259738 0.392653 0.392653 0.392653
5762.064941 0.000000 3188.779785 0.000000 0.821916 0.000000 0.569609 0.380634 0.380634 0.380634
5773.191895 0.000000 3189.257812 0.000000 0.741496 0.000000 -0.670957 0.428278 0.428278 0.428278
5786.470215 0.000000 3197.917725 0.000000 0.963199 0.000000 0.268790 0.390353 0.390353 0.390353
5765.893555 0.000000 3206.742676 0.000000 0.672017 0.000000 -0.740536 0.432476 0.432476 0.432476
5776.966309 0.000000 3187.593750 0.000000 0.987330 0.000000 -0.158679 0.404694 0.404694 0.404694
5782.013184 0.000000 3188.893066 0.000000 0.914925 0.000000 -0.403624 0.414936 0.414936 0.414936
5786.070312 0.000000 3192.108398 0.000000 0.554524 0.000000 0.832168 0.371041 0.371041 0.371041
5771.767090 0.000000 3207.769775 0.000000 0.934051 0.000000 -0.357140 0.415682 0.415682 0.415682
5768.210938 0.000000 3189.023193 0.000000 0.729407 0.000000 0.684080 0.371789 0.371789 0.371789
5788.581055 0.000000 3205.143311 0.000000 0.999903 0.000000 -0.013898 0.400493 0.400493 0.400493
5763.057129 0.000000 3206.667236 0.000000 0.689374 0.000000 0.724406 0.372897 0.372897 0.372897
5793.546387 0.000000 3204.956299 0.000000 0.767034 0.000000 -0.641607 0.433042 0.433042 0.433042
5750.416504 0.000000 3207.630615 0.000000 0.233361 0.000000 -0.972390 0.450003 0.450003 0.450003
5793.323242 0.000000 3207.890625 0.000000 0.938092 0.000000 -0.346387 0.414129 0.414129 0.414129
5771.182129 0.000000 3193.331299 0.000000 0.733649 0.000000 0.679528 0.338448 0.338448 0.338448
5783.547363 0.000000 3191.562012 0.000000 0.983597 0.000000 -0.180379 0.410143 0.410143 0.410143
5818.937500 0.000000 3207.938965 0.000000 0.901290 0.000000 0.433216 0.375838 0.375838 0.375838
5774.094727 0.000000 3196.543457 0.000000 0.743151 0.000000 0.669123 0.359007 0.359007 0.359007
5795.612305 0.000000 3203.349365 0.000000 0.673033 0.000000 0.739613 0.363836 0.363836 0.363836
5746.399902 0.000000 3205.191895 0.000000 0.911577 0.000000 0.411130 0.382229 0.382229 0.382229
5815.974609 0.000000 3209.435059 0.000000 0.805743 0.000000 -0.592265 0.430067 0.430067 0.430067
5767.565430 0.000000 3208.583984 0.000000 0.902216 0.000000 0.431285 0.378848 0.378848 0.378848
5748.153320 0.000000 3208.553955 0.000000 0.146342 0.000000 -0.989234 0.495982 0.495982 0.495982
5773.020508 0.000000 3191.672119 0.000000 0.397074 0.000000 0.917787 0.337313 0.337313 0.337313
5810.803223 0.000000 3208.272705 0.000000 0.895310 0.000000 -0.445443 0.421899 0.421899 0.421899
5772.185059 0.000000 3205.427979 0.000000 0.355653 0.000000 -0.934618 0.467509 0.467509 0.467509
5827.494629 0.000000 3208.289795 0.000000 0.765021 0.000000 0.644006 0.352135 0.352135 0.352135
5823.138184 0.000000 3206.513672 0.000000 0.990208 0.000000 -0.139596 0.406713 0.406713 0.406713
5784.018066 0.000000 3198.250488 0.000000 1.000000 0.000000 0.000957 0.399937 0.399937 0.399937
5774.518555 0.000000 3201.210449 0.000000 0.443946 0.000000 -0.896054 0.484859 0.484859 0.484859
5796.944336 0.000000 3208.248535 0.000000 0.174838 0.000000 -0.984597 0.484981 0.484981 0.484981
5775.647461 0.000000 3198.442627 0.000000 0.585171 0.000000 -0.810910 0.461386 0.461386 0.461386
5783.128418 0.000000 3193.866211 0.000000 0.901805 0.000000 -0.432142 0.431014 0.431014 0.431014
5787.063477 0.000000 3202.510498 0.000000 0.916615 0.000000 -0.399770 0.424231 0.424231 0.424231
5775.959473 0.000000 3194.335449 0.000000 0.796067 0.000000 -0.605209 0.434728 0.434728 0.434728
5883.116699 0.000000 3206.026367 0.000000 0.365662 0.000000 -0.930748 0.404182 0.404182 0.404182
5840.210938 0.000000 3207.501953 0.000000 0.828522 0.000000 0.559957 0.386943 0.386943 0.386943
5889.597656 0.000000 3207.998535 0.000000 0.609065 0.000000 -0.793120 0.419665 0.419665 0.419665
5830.663086 0.000000 3205.151367 0.000000 0.923567 0.000000 -0.383436 0.413361 0.413361 0.413361
5892.349121 0.000000 3208.574951 0.000000 0.468017 0.000000 0.883719 0.311255 0.311255 0.311255
5897.795410 0.000000 3208.272705 0.000000 0.986596 0.000000 0.163180 0.392716 0.392716 0.392716
5614.829102 0.000000 3266.010010 0.000000 0.074271 0.000000 -0.997238 0.406725 0.406725 0.406725
5630.970215 0.000000 3246.453613 0.000000 0.874600 0.000000 -0.484845 0.403286 0.403286 0.403286
5623.953613 0.000000 3256.440918 0.000000 0.129292 0.000000 -0.991607 0.412233 0.412233 0.412233
5610.469727 0.000000 3228.812256 0.000000 0.992683 0.000000 -0.120750 0.401692 0.401692 0.401692
5603.049805 0.000000 3237.306152 0.000000 0.997544 0.000000 -0.070041 0.400805 0.400805 0.400805
5638.197754 0.000000 3259.093018 0.000000 0.081490 0.000000 -0.996674 0.424538 0.424538 0.424538
5588.268066 0.000000 3220.970703 0.000000 0.835962 0.000000 -0.548787 0.413343 0.413343 0.413343
5628.947754 0.000000 3226.783203 0.000000 0.963044 0.000000 0.269343 0.394962 0.394962 0.394962
5620.034668 0.000000 3247.604004 0.000000 0.575368 0.000000 0.817894 0.376568 0.376568 0.376568
5631.636719 0.000000 3253.324951 0.000000 0.565468 0.000000 -0.824770 0.423727 0.423727 0.423727
5615.518555 0.000000 3237.984131 0.000000 0.222392 0.000000 -0.974957 0.434289 0.434289 0.434289
5593.933105 0.000000 3234.157959 0.000000 0.768577 0.000000 -0.639758 0.425303 0.425303 0.425303
5624.400879 0.000000 3235.528076 0.000000 0.807187 0.000000 0.590295 0.374778 0.374778 0.374778
5624.219238 0.000000 3221.018066 0.000000 0.908615 0.000000 0.417635 0.380424 0.380424 0.380424
5626.201660 0.000000 3250.697754 0.000000 0.323042 0.000000 -0.946385 0.458907 0.458907 0.458907
5629.369629 0.000000 3233.537842 0.000000 0.821682 0.000000 -0.569946 0.426041 0.426041 0.426041
5642.373047 0.000000 3253.362549 0.000000 0.917536 0.000000 -0.397654 0.417561 0.417561 0.417561
5582.060059 0.000000 3211.934814 0.000000 0.769320 0.000000 0.638863 0.369203 0.369203 0.369203
5615.319824 0.000000 3244.186035 0.000000 0.745558 0.000000 -0.666441 0.428773 0.428773 0.428773
5610.126953 0.000000 3239.663574 0.000000 0.637319 0.000000 0.770600 0.355193 0.355193 0.355193
5579.637695 0.000000 3212.673340 0.000000 0.812213 0.000000 -0.583361 0.433588 0.433588 0.433588
5596.448730 0.000000 3232.770508 0.000000 0.139559 0.000000 -0.990214 0.457152 0.457152 0.457152
5618.051758 0.000000 3249.207520 0.000000 0.980318 0.000000 -0.197427 0.409824 0.409824 0.409824
5587.990723 0.000000 3218.312500 0.000000 0.836172 0.000000 -0.548468 0.424928 0.424928 0.424928
5612.852051 0.000000 3255.625000 0.000000 0.881264 0.000000 0.472625 0.371980 0.371980 0.371980
5580.620117 0.000000 3224.152832 0.000000 0.538960 0.000000 -0.842331 0.439508 0.439508 0.439508
5607.871094 0.000000 3240.918457 0.000000 0.711428 0.000000 -0.702759 0.438131 0.438131 0.438131
5583.085938 0.000000 3216.479980 0.000000 0.957448 0.000000 -0.288606 0.415642 0.415642 0.415642
5608.179199 0.000000 3244.082275 0.000000 0.367529 0.000000 -0.930012 0.457851 0.457851 0.457851
5582.362305 0.000000 3231.768311 0.000000 0.944543 0.000000 -0.328388 0.415871 0.415871 0.415871
5608.679199 0.000000 3236.023682 0.000000 0.582884 0.000000 0.812555 0.355007 0.355007 0.355007
5613.779297 0.000000 3230.846680 0.000000 0.825773 0.000000 -0.564003 0.425432 0.425432 0.425432
5614.217285 0.000000 3249.354980 0.000000 0.854164 0.000000 0.520004 0.370238 0.370238 0.370238
5585.683105 0.000000 3233.942383 0.000000 0.613144 0.000000 0.789971 0.359527 0.359527 0.359527
5583.844727 0.000000 3223.521484 0.000000 0.834250 0.000000 -0.551387 0.427703 0.427703 0.427703
5610.810547 0.000000 3246.714844 0.000000 0.444829 0.000000 0.895615 0.347911 0.347911 0.347911
5612.386230 0.000000 3240.256104 0.000000 0.600117 0.000000 -0.799913 0.448608 0.448608 0.448608
5617.305664 0.000000 3257.673828 0.000000 0.482590 0.000000 -0.875846 0.479396 0.479396 0.479396
5597.174805 0.000000 3241.213135 0.000000 0.843654 0.000000 -0.536887 0.425751 0.425751 0.425751
5626.943359 0.000000 3233.226318 0.000000 0.657402 0.000000 -0.753540 0.443465 0.443465 0.443465
5618.591797 0.000000 3232.889648 0.000000 0.829573 0.000000 0.558398 0.371601 0.371601 0.371601
5627.607422 0.000000 3228.724121 0.000000 0.998671 0.000000 0.051537 0.397529 0.397529 0.397529
5612.332520 0.000000 3242.471680 0.000000 0.706963 0.000000 -0.707250 0.441187 0.441187 0.441187
5696.304688 0.000000 3217.525635 0.000000 0.720451 0.000000 0.693506 0.396939 0.396939 0.396939
5706.850586 0.000000 3216.825684 0.000000 0.031201 0.000000 0.999513 0.366176 0.366176 0.366176
5715.357910 0.000000 3211.725586 0.000000 0.998618 0.000000 -0.052557 0.401444 0.401444 0.401444
5738.604492 0.000000 3212.628662 0.000000 0.186290 0.000000 -0.982495 0.444208 0.444208 0.444208
5707.489746 0.000000 3212.488525 0.000000 0.148837 0.000000 0.988862 0.346061 0.346061 0.346061
5715.607910 0.000000 3219.561035 0.000000 0.696755 0.000000 0.717310 0.374038 0.374038 0.374038
5711.211426 0.000000 3221.018066 0.000000 0.222354 0.000000 0.974966 0.343522 0.343522 0.343522
5735.386230 0.000000 3212.125732 0.000000 0.765412 0.000000 -0.643541 0.422690 0.422690 0.422690
5702.571777 0.000000 3215.877441 0.000000 0.710503 0.000000 0.703694 0.362973 0.362973 0.362973
5724.595703 0.000000 3212.173584 0.000000 0.116092 0.000000 0.993238 0.325926 0.325926 0.325926
5703.988770 0.000000 3211.082520 0.000000 0.999987 0.000000 -0.005089 0.400241 0.400241 0.400241
5716.979980 0.000000 3213.875000 0.000000 0.991917 0.000000 -0.126892 0.406035 0.406035 0.406035
5702.178711 0.000000 3213.039307 0.000000 0.604563 0.000000 0.796557 0.359046 0.359046 0.359046
5720.285156 0.000000 3209.552979 0.000000 0.577784 0.000000 0.816190 0.364245 0.364245 0.364245
5734.284180 0.000000 3209.756592 0.000000 0.416409 0.000000 0.909177 0.317370 0.317370 0.317370
5730.725586 0.000000 3211.724854 0.000000 0.982990 0.000000 -0.183661 0.408762 0.408762 0.408762
5739.145996 0.000000 3209.697998 0.000000 0.753109 0.000000 -0.657896 0.444814 0.444814 0.444814
5815.231934 0.000000 3280.628906 0.000000 0.355054 0.000000 -0.934846 0.406031 0.406031 0.406031
5781.137207 0.000000 3210.526123 0.000000 0.454684 0.000000 0.890653 0.393416 0.393416 0.393416
5819.397949 0.000000 3258.836670 0.000000 0.995696 0.000000 0.092675 0.399259 0.399259 0.399259
5805.936035 0.000000 3234.580566 0.000000 0.447922 0.000000 -0.894073 0.412153 0.412153 0.412153
5821.856445 0.000000 3269.621338 0.000000 0.999506 0.000000 -0.031437 0.400345 0.400345 0.400345
5824.023926 0.000000 3263.200928 0.000000 0.737784 0.000000 -0.675037 0.409250 0.409250 0.409250
5764.867188 0.000000 3217.934814 0.000000 0.437107 0.000000 0.899410 0.383247 0.383247 0.383247
5815.559082 0.000000 3222.087646 0.000000 0.435459 0.000000 -0.900208 0.415102 0.415102 0.415102
5741.933105 0.000000 3214.945068 0.000000 0.580217 0.000000 0.814462 0.386218 0.386218 0.386218
5767.863770 0.000000 3215.626465 0.000000 0.995176 0.000000 -0.098109 0.402895 0.402895 0.402895
5812.647461 0.000000 3223.453613 0.000000 0.505516 0.000000 0.862817 0.371417 0.371417 0.371417
5809.383301 0.000000 3223.915283 0.000000 0.370453 0.000000 -0.928851 0.430336 0.430336 0.430336
5819.125000 0.000000 3267.968018 0.000000 0.999178 0.000000 0.040528 0.398826 0.398826 0.398826
5802.350098 0.000000 3211.725586 0.000000 0.923146 0.000000 -0.384448 0.438421 0.438421 0.438421
5827.988770 0.000000 3285.649414 0.000000 0.999470 0.000000 0.032547 0.398911 0.398911 0.398911
5821.936035 0.000000 3285.166260 0.000000 0.889653 0.000000 0.456637 0.383189 0.383189 0.383189
5797.233398 0.000000 3217.353271 0.000000 0.789230 0.000000 -0.614097 0.423442 0.423442 0.423442
5792.819824 0.000000 3219.808594 0.000000 0.851017 0.000000 0.525138 0.375707 0.375707 0.375707
5822.322754 0.000000 3224.907715 0.000000 0.967922 0.000000 -0.251251 0.409004 0.409004 0.409004
5789.563965 0.000000 3215.877441 0.000000 0.895976 0.000000 -0.444103 0.421828 0.421828 0.421828
5811.587891 0.000000 3212.173584 0.000000 0.832473 0.000000 -0.554066 0.420525 0.420525 0.420525
5827.258301 0.000000 3222.850342 0.000000 0.933758 0.000000 -0.357904 0.414986 0.414986 0.414986
5827.444824 0.000000 3225.450195 0.000000 0.703941 0.000000 0.710259 0.364111 0.364111 0.364111
5827.326660 0.000000 3274.645996 0.000000 0.659536 0.000000 0.751673 0.356255 0.356255 0.356255
5803.972168 0.000000 3213.875000 0.000000 0.673262 0.000000 -0.739404 0.469807 0.469807 0.469807
5802.761230 0.000000 3216.893311 0.000000 0.871050 0.000000 -0.491194 0.420254 0.420254 0.420254
5743.752930 0.000000 3209.531738 0.000000 0.137591 0.000000 -0.990489 0.474401 0.474401 0.474401
5807.277344 0.000000 3209.552979 0.000000 0.919574 0.000000 0.392917 0.378426 0.378426 0.378426
5753.622070 0.000000 3212.673340 0.000000 0.297958 0.000000 -0.954579 0.460792 0.460792 0.460792
5748.323730 0.000000 3212.070557 0.000000 0.807975 0.000000 -0.589217 0.431461 0.431461 0.431461
5827.407227 0.000000 3218.041748 0.000000 0.811260 0.000000 0.584685 0.371937 0.371937 0.371937
5794.438965 0.000000 3222.070312 0.000000 0.361064 0.000000 0.932541 0.345412 0.345412 0.345412
5799.013184 0.000000 3215.279785 0.000000 0.371004 0.000000 0.928631 0.344709 0.344709 0.344709
5820.390625 0.000000 3283.203125 0.000000 0.551337 0.000000 0.834282 0.353190 0.353190 0.353190
5799.670898 0.000000 3229.991455 0.000000 0.998535 0.000000 0.054105 0.397432 0.397432 0.397432
5746.298828 0.000000 3209.587891 0.000000 0.710359 0.000000 0.703839 0.354387 0.354387 0.354387
5803.895996 0.000000 3229.163330 0.000000 0.034298 0.000000 0.999412 0.330186 0.330186 0.330186
5813.267090 0.000000 3209.794189 0.000000 0.593333 0.000000 -0.804957 0.444380 0.444380 0.444380
5765.915527 0.000000 3210.299072 0.000000 0.951581 0.000000 0.307398 0.385179 0.385179 0.385179
5821.848633 0.000000 3264.240479 0.000000 0.399125 0.000000 0.916896 0.344965 0.344965 0.344965
5805.126953 0.000000 3231.988281 0.000000 0.273214 0.000000 0.961953 0.338617 0.338617 0.338617
5801.591797 0.000000 3228.724121 0.000000 0.739629 0.000000 -0.673015 0.435020 0.435020 0.435020
5790.818848 0.000000 3220.876221 0.000000 0.836929 0.000000 -0.547311 0.432098 0.432098 0.432098
5826.138184 0.000000 3209.697998 0.000000 0.080398 0.000000 -0.996763 0.501945 0.501945 0.501945
5804.668945 0.000000 3215.940186 0.000000 0.563727 0.000000 -0.825961 0.466484 0.466484 0.466484
5826.365723 0.000000 3277.405762 0.000000 0.803162 0.000000 -0.595760 0.440471 0.440471 0.440471
5892.468262 0.000000 3211.449951 0.000000 0.865773 0.000000 -0.500437 0.458095 0.458095 0.458095
5851.439941 0.000000 3291.933105 0.000000 0.624229 0.000000 -0.781242 0.405820 0.405820 0.405820
5853.693848 0.000000 3278.436279 0.000000 0.483415 0.000000 -0.875391 0.414374 0.414374 0.414374
5835.511719 0.000000 3266.938965 0.000000 0.349444 0.000000 0.936957 0.383030 0.383030 0.383030
5835.853516 0.000000 3209.535645 0.000000 0.898978 0.000000 0.437993 0.394341 0.394341 0.394341
5902.551270 0.000000 3222.087646 0.000000 0.369923 0.000000 0.929062 0.384527 0.384527 0.384527
5852.171875 0.000000 3296.445801 0.000000 0.900831 0.000000 -0.434170 0.405606 0.405606 0.405606
5838.321777 0.000000 3229.833252 0.000000 0.360956 0.000000 0.932583 0.375403 0.375403 0.375403
5851.916992 0.000000 3233.247803 0.000000 0.977904 0.000000 -0.209053 0.403575 0.403575 0.403575
5865.758301 0.000000 3246.709473 0.000000 0.787964 0.000000 0.615722 0.383772 0.383772 0.383772
5857.947266 0.000000 3213.029053 0.000000 0.012130 0.000000 -0.999926 0.443582 0.443582 0.443582
5853.944824 0.000000 3245.967041 0.000000 0.003620 0.000000 -0.999993 0.431300 0.431300 0.431300
5855.972656 0.000000 3225.151123 0.000000 0.532277 0.000000 0.846570 0.379334 0.379334 0.379334
5861.355469 0.000000 3213.705078 0.000000 0.921667 0.000000 0.387982 0.388660 0.388660 0.388660
5865.732422 0.000000 3284.815430 0.000000 0.937683 0.000000 0.347493 0.390431 0.390431 0.390431
5848.020508 0.000000 3269.248291 0.000000 0.818259 0.000000 0.574849 0.381959 0.381959 0.381959
5874.109375 0.000000 3218.147461 0.000000 0.106589 0.000000 0.994303 0.362719 0.362719 0.362719
5883.813965 0.000000 3210.806885 0.000000 0.901795 0.000000 -0.432164 0.415396 0.415396 0.415396
5836.964355 0.000000 3269.993652 0.000000 0.058690 0.000000 -0.998276 0.440770 0.440770 0.440770
5868.762207 0.000000 3226.943115 0.000000 0.020877 0.000000 -0.999782 0.446433 0.446433 0.446433
5846.108398 0.000000 3221.518311 0.000000 0.379241 0.000000 -0.925298 0.438946 0.438946 0.438946
5851.345703 0.000000 3268.065674 0.000000 0.600001 0.000000 0.800000 0.373146 0.373146 0.373146
5871.559570 0.000000 3225.141113 0.000000 0.966587 0.000000 0.256338 0.392493 0.392493 0.392493
5842.137695 0.000000 3242.474121 0.000000 0.851665 0.000000 0.524086 0.378791 0.378791 0.378791
5861.121094 0.000000 3236.431152 0.000000 0.762594 0.000000 0.646878 0.376817 0.376817 0.376817
5846.069336 0.000000 3278.393311 0.000000 0.763437 0.000000 -0.645883 0.425244 0.425244 0.425244
5880.253906 0.000000 3230.624756 0.000000 0.573619 0.000000 0.819122 0.364054 0.364054 0.364054
5859.543457 0.000000 3219.522461 0.000000 0.624502 0.000000 -0.781023 0.428195 0.428195 0.428195
5903.793457 0.000000 3213.885498 0.000000 0.999932 0.000000 -0.011684 0.400502 0.400502 0.400502
5839.819824 0.000000 3222.063721 0.000000 0.998645 0.000000 -0.052038 0.401690 0.401690 0.401690
5881.474121 0.000000 3212.488525 0.000000 0.373511 0.000000 0.927626 0.363816 0.363816 0.363816
5889.592285 0.000000 3219.561035 0.000000 0.861126 0.000000 0.508391 0.382425 0.382425 0.382425
5855.203125 0.000000 3296.007568 0.000000 0.632806 0.000000 -0.774311 0.426974 0.426974 0.426974
5843.101562 0.000000 3237.454346 0.000000 0.058005 0.000000 -0.998316 0.537471 0.537471 0.537471
5866.495605 0.000000 3276.931152 0.000000 0.880797 0.000000 0.473493 0.383253 0.383253 0.383253
5853.249512 0.000000 3293.928467 0.000000 0.039810 0.000000 0.999207 0.335788 0.335788 0.335788
5852.520508 0.000000 3229.813232 0.000000 0.471458 0.000000 -0.881889 0.451222 0.451222 0.451222
5833.394531 0.000000 3268.802734 0.000000 0.160373 0.000000 -0.987056 0.452088 0.452088 0.452088
5857.815918 0.000000 3295.099609 0.000000 0.966837 0.000000 0.255394 0.380271 0.380271 0.380271
5829.257812 0.000000 3277.173340 0.000000 0.921325 0.000000 0.388792 0.378466 0.378466 0.378466
5839.584961 0.000000 3242.120605 0.000000 0.642765 0.000000 -0.766064 0.437474 0.437474 0.437474
5830.918945 0.000000 3236.475342 0.000000 0.206565 0.000000 -0.978433 0.451032 0.451032 0.451032
5830.745117 0.000000 3209.531738 0.000000 0.085547 0.000000 -0.996334 0.475638 0.475638 0.475638
5894.269531 0.000000 3209.552979 0.000000 0.789542 0.000000 0.613696 0.348864 0.348864 0.348864
5852.034180 0.000000 3215.227051 0.000000 0.919322 0.000000 -0.393506 0.417973 0.417973 0.417973
5857.425293 0.000000 3232.770508 0.000000 0.868336 0.000000 0.495977 0.377197 0.377197 0.377197
5835.315918 0.000000 3212.070557 0.000000 0.999031 0.000000 -0.044012 0.402330 0.402330 0.402330
5848.967285 0.000000 3218.312500 0.000000 0.831417 0.000000 -0.555649 0.423827 0.423827 0.423827
5831.679199 0.000000 3214.927490 0.000000 0.994992 0.000000 -0.099952 0.404399 0.404399 0.404399
5881.431152 0.000000 3222.070312 0.000000 0.993717 0.000000 -0.111921 0.405432 0.405432 0.405432
5844.062500 0.000000 3216.479980 0.000000 0.425043 0.000000 0.905173 0.314668 0.314668 0.314668
5847.942383 0.000000 3237.997314 0.000000 0.579086 0.000000 -0.815266 0.440455 0.440455 0.440455
5834.786133 0.000000 3233.696045 0.000000 0.999794 0.000000 -0.020283 0.401408 0.401408 0.401408
5843.338867 0.000000 3231.768311 0.000000 0.828577 0.000000 0.559875 0.369439 0.369439 0.369439
5886.005371 0.000000 3215.279785 0.000000 0.684115 0.000000 -0.729374 0.434284 0.434284 0.434284
5859.429199 0.000000 3283.112305 0.000000 0.404025 0.000000 -0.914748 0.455358 0.455358 0.455358
5863.194824 0.000000 3285.715088 0.000000 0.558098 0.000000 0.829775 0.346246 0.346246 0.346246
5830.783203 0.000000 3223.387939 0.000000 0.683292 0.000000 0.730145 0.364034 0.364034 0.364034
5864.556641 0.000000 3217.756348 0.000000 0.316845 0.000000 -0.948477 0.489137 0.489137 0.489137
5835.877930 0.000000 3229.474609 0.000000 0.935028 0.000000 0.354573 0.380454 0.380454 0.380454
5828.489746 0.000000 3280.300049 0.000000 0.892905 0.000000 0.450245 0.374581 0.374581 0.374581
5832.661621 0.000000 3228.199951 0.000000 0.067643 0.000000 -0.997710 0.522334 0.522334 0.522334
5839.283691 0.000000 3275.329102 0.000000 0.883990 0.000000 -0.467506 0.425747 0.425747 0.425747
5863.204590 0.000000 3234.981689 0.000000 0.494050 0.000000 0.869433 0.354212 0.354212 0.354212
5852.728516 0.000000 3272.581055 0.000000 0.219962 0.000000 -0.975508 0.463990 0.463990 0.463990
5844.265137 0.000000 3241.303955 0.000000 0.672324 0.000000 0.740257 0.360466 0.360466 0.360466
5874.755859 0.000000 3230.846680 0.000000 0.807146 0.000000 0.590351 0.370045 0.370045 0.370045
5862.104980 0.000000 3238.976318 0.000000 0.856387 0.000000 0.516335 0.375889 0.375889 0.375889
5890.453125 0.000000 3209.631104 0.000000 0.878716 0.000000 -0.477345 0.436525 0.436525 0.436525
5867.340332 0.000000 3231.956055 0.000000 0.580140 0.000000 -0.814516 0.445153 0.445153 0.445153
5832.652832 0.000000 3273.775146 0.000000 0.971631 0.000000 0.236503 0.389509 0.389509 0.389509
5846.659668 0.000000 3233.942383 0.000000 0.066220 0.000000 0.997805 0.332390 0.332390 0.332390
5864.644043 0.000000 3230.987549 0.000000 0.721087 0.000000 0.692845 0.359871 0.359871 0.359871
5836.616211 0.000000 3231.739014 0.000000 0.457043 0.000000 0.889445 0.337607 0.337607 0.337607
5844.821289 0.000000 3223.521484 0.000000 0.287488 0.000000 -0.957784 0.458762 0.458762 0.458762
5879.842773 0.000000 3228.268311 0.000000 0.501078 0.000000 -0.865402 0.466849 0.466849 0.466849
5858.151367 0.000000 3241.213135 0.000000 0.700249 0.000000 0.713898 0.360699 0.360699 0.360699
5884.165039 0.000000 3225.812744 0.000000 0.485914 0.000000 -0.874007 0.452034 0.452034 0.452034
5861.756348 0.000000 3283.002197 0.000000 0.936537 0.000000 -0.350568 0.420209 0.420209 0.420209
5859.067871 0.000000 3286.947998 0.000000 0.453119 0.000000 -0.891450 0.489020 0.489020 0.489020
5880.775879 0.000000 3224.333496 0.000000 0.742710 0.000000 -0.669613 0.458248 0.458248 0.458248
5848.387207 0.000000 3271.542236 0.000000 0.659556 0.000000 0.751655 0.358804 0.358804 0.358804
5860.694824 0.000000 3291.042480 0.000000 0.433606 0.000000 -0.901103 0.484617 0.484617 0.484617
5834.884766 0.000000 3271.061035 0.000000 0.531326 0.000000 -0.847168 0.447939 0.447939 0.447939
5876.737305 0.000000 3224.069092 0.000000 0.304052 0.000000 0.952655 0.322503 0.322503 0.322503
5839.228516 0.000000 3278.126709 0.000000 0.442388 0.000000 -0.896824 0.460550 0.460550 0.460550
5840.854492 0.000000 3237.087402 0.000000 0.732361 0.000000 0.680917 0.344650 0.344650 0.344650
5871.959961 0.000000 3219.081543 0.000000 0.557318 0.000000 -0.830299 0.453806 0.453806 0.453806
5843.804199 0.000000 3277.188477 0.000000 0.389852 0.000000 0.920878 0.336890 0.336890 0.336890
5844.814453 0.000000 3229.593750 0.000000 0.163362 0.000000 -0.986566 0.472345 0.472345 0.472345
5868.169922 0.000000 3218.123291 0.000000 0.968552 0.000000 -0.248812 0.418959 0.418959 0.418959
5846.707031 0.000000 3273.378906 0.000000 0.937051 0.000000 0.349193 0.379339 0.379339 0.379339
5867.623047 0.000000 3221.533691 0.000000 0.605089 0.000000 0.796158 0.332866 0.332866 0.332866
5847.365234 0.000000 3230.006348 0.000000 0.904038 0.000000 -0.427453 0.424259 0.424259 0.424259
5856.585449 0.000000 3287.903809 0.000000 0.979843 0.000000 -0.199771 0.411247 0.411247 0.411247
5897.767090 0.000000 3218.356934 0.000000 0.294913 0.000000 -0.955524 0.476815 0.476815 0.476815
5861.149414 0.000000 3231.248535 0.000000 0.602321 0.000000 -0.798254 0.456772 0.456772 0.456772
5851.182129 0.000000 3227.992920 0.000000 0.785259 0.000000 -0.619168 0.437005 0.437005 0.437005
5832.699219 0.000000 3232.881592 0.000000 0.615651 0.000000 -0.788019 0.461177 0.461177 0.461177
5838.757812 0.000000 3232.365967 0.000000 0.946890 0.000000 -0.321557 0.419615 0.419615 0.419615
5847.363770 0.000000 3275.362793 0.000000 0.974268 0.000000 0.225393 0.386492 0.386492 0.386492
5891.661133 0.000000 3215.940186 0.000000 0.561455 0.000000 0.827507 0.335762 0.335762 0.335762
5863.335938 0.000000 3232.570068 0.000000 0.364685 0.000000 0.931131 0.327053 0.327053 0.327053
5876.511719 0.000000 3227.446045 0.000000 0.795861 0.000000 0.605479 0.360382 0.360382 0.360382
5862.658203 0.000000 3216.172852 0.000000 0.760536 0.000000 -0.649295 0.444105 0.444105 0.444105
5844.725098 0.000000 3233.470215 0.000000 0.875331 0.000000 -0.483525 0.431751 0.431751 0.431751
5912.418945 0.000000 3421.108398 0.000000 0.388702 0.000000 -0.921364 0.413455 0.413455 0.413455
5898.968750 0.000000 3414.386475 0.000000 0.908368 0.000000 0.418172 0.390737 0.390737 0.390737
5863.912598 0.000000 3419.048096 0.000000 0.072496 0.000000 0.997369 0.352871 0.352871 0.352871
5875.573242 0.000000 3419.112061 0.000000 0.617141 0.000000 0.786853 0.368797 0.368797 0.368797
5908.410156 0.000000 3422.702637 0.000000 0.133602 0.000000 -0.991035 0.467436 0.467436 0.467436
5885.045410 0.000000 3417.732910 0.000000 0.665916 0.000000 -0.746027 0.437421 0.437421 0.437421
5880.538574 0.000000 3418.925049 0.000000 0.972227 0.000000 0.234040 0.390092 0.390092 0.390092
5898.977051 0.000000 3417.028564 0.000000 0.892377 0.000000 -0.451291 0.418936 0.418936 0.418936
5892.349121 0.000000 3422.543701 0.000000 0.405581 0.000000 -0.914059 0.449518 0.449518 0.449518
5880.315430 0.000000 3421.859375 0.000000 0.430913 0.000000 -0.902394 0.455063 0.455063 0.455063
5866.457520 0.000000 3417.973877 0.000000 0.875711 0.000000 -0.482837 0.420883 0.420883 0.420883
5905.929688 0.000000 3421.907715 0.000000 0.936302 0.000000 0.351195 0.383874 0.383874 0.383874
5894.347168 0.000000 3414.879639 0.000000 0.714738 0.000000 -0.699393 0.444088 0.444088 0.444088
5902.966797 0.000000 3423.403809 0.000000 0.615287 0.000000 0.788303 0.352393 0.352393 0.352393
5868.036621 0.000000 3422.537842 0.000000 0.016483 0.000000 -0.999864 0.470624 0.470624 0.470624
5876.132812 0.000000 3421.695312 0.000000 0.817961 0.000000 0.575273 0.357460 0.357460 0.357460
5883.936523 0.000000 3422.217285 0.000000 0.942596 0.000000 -0.333934 0.421590 0.421590 0.421590
5992.921875 0.000000 3100.954590 0.000000 0.348013 0.000000 0.937490 0.348419 0.348419 0.348419
5997.122559 0.000000 3099.529297 0.000000 0.819891 0.000000 0.572519 0.370476 0.370476 0.370476
5999.237305 0.000000 3097.667725 0.000000 0.474415 0.000000 0.880301 0.348399 0.348399 0.348399
6004.594727 0.000000 3090.146973 0.000000 0.906628 0.000000 -0.421932 0.406307 0.406307 0.406307
6004.647461 0.000000 3098.166992 0.000000 0.499897 0.000000 0.866085 0.370716 0.370716 0.370716
6006.475586 0.000000 3092.797119 0.000000 0.079391 0.000000 -0.996844 0.454358 0.454358 0.454358
5990.710449 0.000000 3126.329834 0.000000 0.073243 0.000000 0.997314 0.387289 0.387289 0.387289
5946.469238 0.000000 3119.743652 0.000000 0.999295 0.000000 -0.037553 0.400319 0.400319 0.400319
5967.856934 0.000000 3102.548096 0.000000 0.938075 0.000000 -0.346433 0.404239 0.404239 0.404239
5984.796387 0.000000 3102.634766 0.000000 0.967857 0.000000 0.251502 0.395430 0.395430 0.395430
6001.033691 0.000000 3127.224609 0.000000 0.312357 0.000000 -0.949965 0.425028 0.425028 0.425028
5997.194824 0.000000 3139.790527 0.000000 0.554773 0.000000 -0.832002 0.423552 0.423552 0.423552
5970.228516 0.000000 3122.912598 0.000000 0.893354 0.000000 -0.449354 0.411402 0.411402 0.411402
5955.754395 0.000000 3119.958740 0.000000 0.354775 0.000000 0.934952 0.358981 0.358981 0.358981
5964.958008 0.000000 3118.999512 0.000000 0.525884 0.000000 0.850557 0.374101 0.374101 0.374101
5998.189453 0.000000 3142.808594 0.000000 0.991241 0.000000 -0.132067 0.404894 0.404894 0.404894
5991.834961 0.000000 3141.197510 0.000000 0.600125 0.000000 0.799906 0.368984 0.368984 0.368984
5988.693359 0.000000 3140.675293 0.000000 0.475208 0.000000 -0.879873 0.435983 0.435983 0.435983
5998.792969 0.000000 3110.750000 0.000000 0.636326 0.000000 0.771420 0.372725 0.372725 0.372725
5973.133301 0.000000 3105.737549 0.000000 0.999956 0.000000 -0.009417 0.400371 0.400371 0.400371
5993.257324 0.000000 3109.234375 0.000000 0.927591 0.000000 0.373598 0.386235 0.386235 0.386235
5968.466309 0.000000 3105.504150 0.000000 0.089008 0.000000 -0.996031 0.450307 0.450307 0.450307
5976.584473 0.000000 3112.576660 0.000000 0.966935 0.000000 -0.255024 0.410172 0.410172 0.410172
5971.217773 0.000000 3110.368896 0.000000 0.568017 0.000000 0.823017 0.361868 0.361868 0.361868
5956.358887 0.000000 3123.672607 0.000000 0.055811 0.000000 0.998441 0.350832 0.350832 0.350832
5972.187988 0.000000 3114.033691 0.000000 0.533466 0.000000 0.845822 0.359732 0.359732 0.359732
5959.045898 0.000000 3124.562012 0.000000 0.087115 0.000000 0.996198 0.342961 0.342961 0.342961
5953.665039 0.000000 3106.051025 0.000000 0.230709 0.000000 0.973023 0.336533 0.336533 0.336533
5996.362793 0.000000 3105.141357 0.000000 0.271469 0.000000 -0.962447 0.513233 0.513233 0.513233
5985.572266 0.000000 3105.189209 0.000000 0.771582 0.000000 0.636130 0.373492 0.373492 0.373492
5961.971680 0.000000 3128.803223 0.000000 0.279858 0.000000 -0.960041 0.446916 0.446916 0.446916
5977.956543 0.000000 3106.890625 0.000000 0.495202 0.000000 -0.868778 0.491987 0.491987 0.491987
5976.745605 0.000000 3109.908936 0.000000 0.938320 0.000000 -0.345768 0.431555 0.431555 0.431555
5985.018066 0.000000 3137.783936 0.000000 0.324590 0.000000 -0.945855 0.447063 0.447063 0.447063
6001.591309 0.000000 3129.803223 0.000000 0.377389 0.000000 0.926055 0.353895 0.353895 0.353895
6001.391602 0.000000 3111.057373 0.000000 0.445658 0.000000 -0.895203 0.445402 0.445402 0.445402
5972.997559 0.000000 3108.295410 0.000000 0.351908 0.000000 -0.936035 0.485271 0.485271 0.485271
5953.640137 0.000000 3118.568115 0.000000 0.745058 0.000000 0.667000 0.365365 0.365365 0.365365
5956.647949 0.000000 3129.039307 0.000000 0.336212 0.000000 0.941786 0.341755 0.341755 0.341755
5954.332520 0.000000 3124.971680 0.000000 0.999954 0.000000 0.009639 0.399543 0.399543 0.399543
5966.834961 0.000000 3121.283936 0.000000 0.589510 0.000000 -0.807761 0.444605 0.444605 0.444605
5958.727539 0.000000 3108.668945 0.000000 0.348419 0.000000 -0.937339 0.459448 0.459448 0.459448
5971.157227 0.000000 3118.828369 0.000000 0.503947 0.000000 -0.863734 0.449457 0.449457 0.449457
5991.702148 0.000000 3104.740479 0.000000 0.681512 0.000000 -0.731807 0.440172 0.440172 0.440172
5987.279785 0.000000 3138.818848 0.000000 0.855553 0.000000 0.517714 0.372829 0.372829 0.372829
5996.719238 0.000000 3132.813965 0.000000 0.988150 0.000000 -0.153489 0.410464 0.410464 0.410464
5965.683105 0.000000 3109.339355 0.000000 0.930876 0.000000 -0.365336 0.420915 0.420915 0.420915
5989.507812 0.000000 3136.536865 0.000000 0.208192 0.000000 -0.978088 0.491745 0.491745 0.491745
5982.278809 0.000000 3108.918945 0.000000 0.998089 0.000000 0.061790 0.396450 0.396450 0.396450
6027.003906 0.000000 3105.810791 0.000000 0.998040 0.000000 0.062579 0.399625 0.399625 0.399625
6013.219238 0.000000 3118.187012 0.000000 0.812944 0.000000 0.582341 0.389758 0.389758 0.389758
6017.718750 0.000000 3118.699463 0.000000 0.619345 0.000000 -0.785119 0.423894 0.423894 0.423894
6031.931641 0.000000 3106.044678 0.000000 0.766520 0.000000 -0.642220 0.417062 0.417062 0.417062
6010.827637 0.000000 3135.512695 0.000000 0.469007 0.000000 0.883195 0.368647 0.368647 0.368647
6014.873535 0.000000 3125.121338 0.000000 0.391559 0.000000 -0.920153 0.437923 0.437923 0.437923
6051.950195 0.000000 3118.999512 0.000000 0.071844 0.000000 -0.997416 0.445653 0.445653 0.445653
6045.543945 0.000000 3118.156738 0.000000 0.881148 0.000000 -0.472840 0.418690 0.418690 0.418690
6023.197754 0.000000 3119.936768 0.000000 0.754004 0.000000 0.656870 0.372805 0.372805 0.372805
6005.513672 0.000000 3113.173096 0.000000 0.967387 0.000000 0.253304 0.389898 0.389898 0.389898
6025.400391 0.000000 3129.140381 0.000000 0.751362 0.000000 -0.659890 0.422670 0.422670 0.422670
6043.351074 0.000000 3123.672607 0.000000 0.998140 0.000000 -0.060959 0.402680 0.402680 0.402680
6011.836914 0.000000 3139.820068 0.000000 0.725576 0.000000 0.688142 0.365517 0.365517 0.365517
6014.253906 0.000000 3120.772217 0.000000 0.594942 0.000000 0.803769 0.358046 0.358046 0.358046
6008.129395 0.000000 3134.684570 0.000000 0.953947 0.000000 -0.299975 0.413235 0.413235 0.413235
6026.018555 0.000000 3108.242676 0.000000 0.558679 0.000000 0.829384 0.362399 0.362399 0.362399
6005.663574 0.000000 3107.943115 0.000000 0.633952 0.000000 0.773372 0.358944 0.358944 0.358944
6006.858887 0.000000 3137.852295 0.000000 0.952073 0.000000 0.305872 0.385255 0.385255 0.385255
6027.469727 0.000000 3117.861816 0.000000 0.752598 0.000000 0.658480 0.365904 0.365904 0.365904
6037.188965 0.000000 3127.997314 0.000000 0.372819 0.000000 -0.927904 0.456388 0.456388 0.456388
6048.740234 0.000000 3123.862305 0.000000 0.677857 0.000000 -0.735193 0.438354 0.438354 0.438354
6038.628418 0.000000 3124.003174 0.000000 0.600173 0.000000 0.799870 0.356025 0.356025 0.356025
6004.991699 0.000000 3142.542725 0.000000 0.513798 0.000000 0.857911 0.351086 0.351086 0.351086
6021.349609 0.000000 3123.021973 0.000000 0.744110 0.000000 0.668057 0.355800 0.355800 0.355800
6004.328613 0.000000 3109.673340 0.000000 0.892819 0.000000 -0.450416 0.424029 0.424029 0.424029
6025.166504 0.000000 3121.008545 0.000000 0.978336 0.000000 0.207023 0.387089 0.387089 0.387089
6027.540039 0.000000 3124.927490 0.000000 0.968313 0.000000 0.249741 0.385380 0.385380 0.385380
6024.851562 0.000000 3124.527344 0.000000 0.985890 0.000000 -0.167396 0.411253 0.411253 0.411253
6215.062988 0.000000 3044.912598 0.000000 0.302778 0.000000 0.953061 0.369095 0.369095 0.369095
6215.467773 0.000000 3038.353760 0.000000 0.559601 0.000000 -0.828762 0.451216 0.451216 0.451216
5935.989746 0.000000 3413.313721 0.000000 0.222883 0.000000 -0.974845 0.408065 0.408065 0.408065
5938.432129 0.000000 3398.917480 0.000000 0.704881 0.000000 -0.709326 0.404331 0.404331 0.404331
5937.739258 0.000000 3378.112061 0.000000 0.997399 0.000000 0.072075 0.399063 0.399063 0.399063
5954.536621 0.000000 3386.502930 0.000000 0.632477 0.000000 0.774580 0.382303 0.382303 0.382303
5983.560059 0.000000 3386.848145 0.000000 0.861051 0.000000 -0.508519 0.410388 0.410388 0.410388
5979.097168 0.000000 3378.393311 0.000000 0.128251 0.000000 0.991742 0.368316 0.368316 0.368316
5968.609863 0.000000 3383.099609 0.000000 0.968247 0.000000 -0.249994 0.406182 0.406182 0.406182
5941.043457 0.000000 3364.498047 0.000000 0.316547 0.000000 -0.948577 0.432422 0.432422 0.432422
5936.430664 0.000000 3409.909668 0.000000 0.902096 0.000000 0.431536 0.387747 0.387747 0.387747
5951.403809 0.000000 3398.372314 0.000000 0.544323 0.000000 -0.838876 0.421865 0.421865 0.421865
5947.377930 0.000000 3387.717285 0.000000 0.661780 0.000000 0.749698 0.378416 0.378416 0.378416
5952.724609 0.000000 3391.799805 0.000000 0.062926 0.000000 0.998018 0.354828 0.354828 0.354828
5951.962402 0.000000 3407.342285 0.000000 0.165407 0.000000 -0.986225 0.437171 0.437171 0.437171
5953.027344 0.000000 3403.707764 0.000000 0.518928 0.000000 0.854818 0.370822 0.370822 0.370822
5932.858887 0.000000 3364.669922 0.000000 0.432140 0.000000 0.901807 0.363523 0.363523 0.363523
5936.049316 0.000000 3402.748535 0.000000 0.754312 0.000000 0.656516 0.374610 0.374610 0.374610
6001.973145 0.000000 3392.633789 0.000000 0.449040 0.000000 -0.893512 0.433107 0.433107 0.433107
5950.950684 0.000000 3401.562500 0.000000 0.848935 0.000000 0.528497 0.381928 0.381928 0.381928
5937.212891 0.000000 3368.780762 0.000000 0.392504 0.000000 0.919750 0.351035 0.351035 0.351035
5995.920410 0.000000 3392.150635 0.000000 0.847085 0.000000 -0.531457 0.417905 0.417905 0.417905
5966.317871 0.000000 3389.494385 0.000000 0.819459 0.000000 -0.573138 0.423161 0.423161 0.423161
5942.195312 0.000000 3402.991943 0.000000 0.696367 0.000000 -0.717686 0.433573 0.433573 0.433573
5978.988281 0.000000 3381.290039 0.000000 0.419891 0.000000 0.907575 0.357972 0.357972 0.357972
5974.334961 0.000000 3386.887451 0.000000 0.709038 0.000000 0.705170 0.364438 0.364438 0.364438
5957.916016 0.000000 3392.796143 0.000000 0.613239 0.000000 0.789897 0.367262 0.367262 0.367262
5953.673340 0.000000 3389.126709 0.000000 0.620298 0.000000 -0.784366 0.431965 0.431965 0.431965
5934.962891 0.000000 3407.556152 0.000000 0.250298 0.000000 0.968169 0.337491 0.337491 0.337491
5942.725586 0.000000 3383.453857 0.000000 0.777580 0.000000 0.628785 0.370801 0.370801 0.370801
5997.754395 0.000000 3399.407959 0.000000 0.281357 0.000000 0.959603 0.353783 0.353783 0.353783
5948.512695 0.000000 3382.422852 0.000000 0.532123 0.000000 0.846667 0.352106 0.352106 0.352106
5944.808105 0.000000 3402.083984 0.000000 0.949453 0.000000 -0.313909 0.413552 0.413552 0.413552
5940.719238 0.000000 3405.471680 0.000000 0.695564 0.000000 -0.718465 0.438023 0.438023 0.438023
5969.458008 0.000000 3385.620117 0.000000 0.863663 0.000000 0.504069 0.377314 0.377314 0.377314
5932.439453 0.000000 3407.147461 0.000000 0.557151 0.000000 0.830411 0.353522 0.353522 0.353522
5974.733887 0.000000 3383.324219 0.000000 0.594593 0.000000 0.804027 0.358959 0.358959 0.358959
5944.953125 0.000000 3381.956787 0.000000 0.963253 0.000000 -0.268594 0.412899 0.412899 0.412899
5947.004883 0.000000 3405.640869 0.000000 0.447016 0.000000 -0.894526 0.452527 0.452527 0.452527
5948.748535 0.000000 3389.986572 0.000000 0.690084 0.000000 0.723729 0.362021 0.362021 0.362021
5946.060059 0.000000 3393.932373 0.000000 0.729599 0.000000 0.683876 0.364655 0.364655 0.364655
5961.184082 0.000000 3388.732910 0.000000 0.837631 0.000000 0.546236 0.372589 0.372589 0.372589
5977.540039 0.000000 3383.048340 0.000000 0.804619 0.000000 -0.593792 0.430157 0.430157 0.430157
6037.875488 0.000000 3388.808838 0.000000 0.180595 0.000000 0.983558 0.397225 0.397225 0.397225
6085.944824 0.000000 3393.073975 0.000000 0.998185 0.000000 0.060228 0.399850 0.399850 0.399850
6071.686035 0.000000 3404.857666 0.000000 0.457395 0.000000 0.889264 0.382492 0.382492 0.382492
6006.832031 0.000000 3390.989502 0.000000 0.173422 0.000000 -0.984848 0.432075 0.432075 0.432075
6034.186523 0.000000 3417.254150 0.000000 0.919021 0.000000 -0.394208 0.408700 0.408700 0.408700
6063.582031 0.000000 3421.967285 0.000000 0.166800 0.000000 0.985991 0.370573 0.370573 0.370573
6067.845703 0.000000 3402.817383 0.000000 0.360015 0.000000 0.932947 0.371180 0.371180 0.371180
6055.479492 0.000000 3395.088379 0.000000 0.283563 0.000000 -0.958954 0.442290 0.442290 0.442290
6041.342285 0.000000 3409.522705 0.000000 0.785117 0.000000 -0.619347 0.420343 0.420343 0.420343
6040.840332 0.000000 3415.378906 0.000000 0.278453 0.000000 0.960450 0.354961 0.354961 0.354961
6088.965332 0.000000 3392.633789 0.000000 0.952808 0.000000 -0.303573 0.409394 0.409394 0.409394
6034.168457 0.000000 3403.226562 0.000000 0.675022 0.000000 -0.737797 0.423202 0.423202 0.423202
6048.139160 0.000000 3401.283203 0.000000 0.192330 0.000000 -0.981330 0.441948 0.441948 0.441948
6047.046875 0.000000 3406.077148 0.000000 0.179716 0.000000 0.983719 0.359743 0.359743 0.359743
6053.690430 0.000000 3408.986572 0.000000 0.137073 0.000000 -0.990561 0.457252 0.457252 0.457252
6012.230469 0.000000 3393.841797 0.000000 0.785362 0.000000 0.619037 0.374003 0.374003 0.374003
6064.463379 0.000000 3407.774170 0.000000 0.567411 0.000000 0.823435 0.356525 0.356525 0.356525
6076.965332 0.000000 3398.278076 0.000000 0.741317 0.000000 0.671156 0.376855 0.376855 0.376855
6049.377441 0.000000 3408.717041 0.000000 0.889364 0.000000 -0.457200 0.417545 0.417545 0.417545
6027.538086 0.000000 3392.297852 0.000000 0.812263 0.000000 0.583292 0.379166 0.379166 0.379166
6004.476074 0.000000 3392.392578 0.000000 0.053292 0.000000 0.998579 0.328019 0.328019 0.328019
6018.733887 0.000000 3390.846436 0.000000 0.997192 0.000000 0.074881 0.397268 0.397268 0.397268
6063.125977 0.000000 3410.427002 0.000000 0.918584 0.000000 -0.395227 0.416839 0.416839 0.416839
6061.056152 0.000000 3415.479248 0.000000 0.998705 0.000000 -0.050870 0.402287 0.402287 0.402287
6006.511230 0.000000 3394.146729 0.000000 0.257714 0.000000 0.966221 0.337854 0.337854 0.337854
6064.493164 0.000000 3417.724609 0.000000 0.797426 0.000000 -0.603417 0.430727 0.430727 0.430727
6066.840820 0.000000 3412.818359 0.000000 0.999210 0.000000 0.039734 0.398115 0.398115 0.398115
6017.370117 0.000000 3393.078857 0.000000 0.938470 0.000000 -0.345360 0.416726 0.416726 0.416726
6059.633301 0.000000 3406.253662 0.000000 0.999690 0.000000 -0.024896 0.401144 0.401144 0.401144
6064.048340 0.000000 3398.871826 0.000000 0.076942 0.000000 0.997036 0.329143 0.329143 0.329143
6009.887207 0.000000 3397.855225 0.000000 0.497506 0.000000 0.867461 0.350190 0.350190 0.350190
6061.955566 0.000000 3395.966797 0.000000 0.737460 0.000000 0.675391 0.370011 0.370011 0.370011
6002.468750 0.000000 3397.424805 0.000000 0.211829 0.000000 -0.977307 0.464385 0.464385 0.464385
6051.309082 0.000000 3398.530029 0.000000 0.943455 0.000000 0.331501 0.384984 0.384984 0.384984
6044.886719 0.000000 3401.011230 0.000000 0.782699 0.000000 -0.622400 0.434886 0.434886 0.434886
6045.368652 0.000000 3396.064209 0.000000 0.542764 0.000000 0.839885 0.351709 0.351709 0.351709
6067.526367 0.000000 3417.324707 0.000000 0.999920 0.000000 0.012648 0.399400 0.399400 0.399400
6059.526367 0.000000 3396.824219 0.000000 0.516664 0.000000 -0.856188 0.448755 0.448755 0.448755
6033.052246 0.000000 3393.932373 0.000000 0.373031 0.000000 -0.927819 0.455190 0.455190 0.455190
6042.982422 0.000000 3399.561035 0.000000 0.001662 0.000000 0.999999 0.297364 0.297364 0.297364
6014.846680 0.000000 3397.697998 0.000000 0.465860 0.000000 -0.884858 0.451523 0.451523 0.451523
6049.995117 0.000000 3396.178711 0.000000 0.996594 0.000000 -0.082465 0.403916 0.403916 0.403916
6036.624023 0.000000 3412.411377 0.000000 0.459793 0.000000 0.888026 0.348153 0.348153 0.348153
6061.535645 0.000000 3403.846191 0.000000 0.551804 0.000000 0.833974 0.351739 0.351739 0.351739
6238.740234 0.000000 3289.347656 0.000000 0.999984 0.000000 -0.005662 0.400020 0.400020 0.400020
6236.635254 0.000000 3306.257568 0.000000 0.021973 0.000000 0.999759 0.392267 0.392267 0.392267
6232.328613 0.000000 3308.046387 0.000000 0.853852 0.000000 -0.520515 0.407654 0.407654 0.407654
6239.925293 0.000000 3303.285645 0.000000 0.993984 0.000000 -0.109524 0.401918 0.401918 0.401918
6252.728516 0.000000 3288.951416 0.000000 0.378911 0.000000 -0.925433 0.424791 0.424791 0.424791
6254.113770 0.000000 3293.998535 0.000000 0.999210 0.000000 0.039732 0.398571 0.398571 0.398571
6250.949707 0.000000 3291.293701 0.000000 0.511287 0.000000 -0.859410 0.440275 0.440275 0.440275
6229.930176 0.000000 3306.815918 0.000000 0.990983 0.000000 -0.133989 0.406375 0.406375 0.406375
6239.535645 0.000000 3296.745850 0.000000 0.249172 0.000000 -0.968459 0.462565 0.462565 0.462565
6244.356445 0.000000 3295.957520 0.000000 0.999215 0.000000 0.039617 0.398120 0.398120 0.398120
6107.409668 0.000000 3388.416992 0.000000 0.875771 0.000000 -0.482727 0.406791 0.406791 0.406791
6113.148438 0.000000 3403.430176 0.000000 0.933677 0.000000 -0.358116 0.406035 0.406035 0.406035
6121.416504 0.000000 3412.984863 0.000000 0.998479 0.000000 -0.055131 0.400991 0.400991 0.400991
6102.073242 0.000000 3394.509766 0.000000 0.952724 0.000000 0.303838 0.366242 0.366242 0.366242
6121.178711 0.000000 3417.254150 0.000000 0.323855 0.000000 0.946107 0.377073 0.377073 0.377073
6146.451172 0.000000 3411.354492 0.000000 0.992148 0.000000 -0.125071 0.403131 0.403131 0.403131
6114.612305 0.000000 3389.421631 0.000000 0.961337 0.000000 -0.275373 0.406826 0.406826 0.406826
6147.334473 0.000000 3421.283936 0.000000 0.706134 0.000000 -0.708078 0.420035 0.420035 0.420035
6099.127930 0.000000 3401.062744 0.000000 0.621010 0.000000 0.783803 0.373914 0.373914 0.373914
6125.955566 0.000000 3413.065186 0.000000 0.964149 0.000000 0.265362 0.388601 0.388601 0.388601
6108.756348 0.000000 3391.115967 0.000000 0.004689 0.000000 0.999989 0.345262 0.345262 0.345262
6091.468262 0.000000 3392.392578 0.000000 0.963268 0.000000 -0.268541 0.409367 0.409367 0.409367
6105.726074 0.000000 3390.846436 0.000000 0.350104 0.000000 0.936711 0.344880 0.344880 0.344880
6146.021973 0.000000 3417.732910 0.000000 0.980969 0.000000 -0.194162 0.417562 0.417562 0.417562
6148.048340 0.000000 3415.479248 0.000000 0.337874 0.000000 -0.941191 0.504078 0.504078 0.504078
6093.449707 0.000000 3388.345459 0.000000 0.651639 0.000000 0.758530 0.364316 0.364316 0.364316
6130.951172 0.000000 3410.128906 0.000000 0.995642 0.000000 -0.093261 0.404244 0.404244 0.404244
6114.226074 0.000000 3400.912842 0.000000 0.963148 0.000000 0.268970 0.390346 0.390346 0.390346
6136.338379 0.000000 3413.707275 0.000000 0.555665 0.000000 0.831406 0.315206 0.315206 0.315206
6104.362305 0.000000 3393.078857 0.000000 0.981690 0.000000 -0.190488 0.414929 0.414929 0.414929
6141.515137 0.000000 3418.925049 0.000000 0.254197 0.000000 0.967152 0.352769 0.352769 0.352769
6127.434082 0.000000 3417.973877 0.000000 0.472502 0.000000 0.881330 0.352604 0.352604 0.352604
6100.804199 0.000000 3391.946533 0.000000 0.944878 0.000000 -0.327422 0.417988 0.417988 0.417988
6143.581055 0.000000 3417.318115 0.000000 0.627913 0.000000 0.778284 0.332307 0.332307 0.332307
6105.546387 0.000000 3399.740967 0.000000 0.878796 0.000000 -0.477197 0.430055 0.430055 0.430055
6114.901855 0.000000 3398.538330 0.000000 0.815295 0.000000 0.579046 0.368240 0.368240 0.368240
6112.651367 0.000000 3393.930664 0.000000 0.634028 0.000000 -0.773310 0.451645 0.451645 0.451645
6109.815918 0.000000 3393.197510 0.000000 0.794901 0.000000 -0.606740 0.435157 0.435157 0.435157
6131.986816 0.000000 3412.219238 0.000000 0.879228 0.000000 -0.476401 0.440661 0.440661 0.440661
6116.356934 0.000000 3390.931885 0.000000 0.350698 0.000000 0.936488 0.325535 0.325535 0.325535
6135.032227 0.000000 3416.479248 0.000000 0.722594 0.000000 0.691273 0.350076 0.350076 0.350076
6144.904785 0.000000 3412.910156 0.000000 0.966441 0.000000 -0.256887 0.418291 0.418291 0.418291
6147.362793 0.000000 3413.326660 0.000000 0.993450 0.000000 0.114270 0.393481 0.393481 0.393481
6132.140137 0.000000 3416.578613 0.000000 0.487413 0.000000 -0.873172 0.474745 0.474745 0.474745
6196.491699 0.000000 3342.529053 0.000000 0.821111 0.000000 -0.570769 0.403033 0.403033 0.403033
6242.936035 0.000000 3363.490234 0.000000 0.695825 0.000000 -0.718211 0.405601 0.405601 0.405601
6227.848145 0.000000 3362.960449 0.000000 0.051237 0.000000 0.998686 0.382549 0.382549 0.382549
6232.602539 0.000000 3359.369385 0.000000 0.715969 0.000000 -0.698133 0.415820 0.415820 0.415820
6206.609863 0.000000 3358.841064 0.000000 0.996184 0.000000 0.087282 0.398255 0.398255 0.398255
6243.602539 0.000000 3325.128906 0.000000 0.597609 0.000000 0.801787 0.378633 0.378633 0.378633
6243.333496 0.000000 3372.315918 0.000000 0.989600 0.000000 0.143847 0.395531 0.395531 0.395531
6247.608398 0.000000 3330.437988 0.000000 0.963415 0.000000 0.268015 0.392820 0.392820 0.392820
6244.344238 0.000000 3330.899658 0.000000 0.995603 0.000000 -0.093674 0.403185 0.403185 0.403185
6202.878418 0.000000 3341.142334 0.000000 0.032442 0.000000 0.999474 0.351609 0.351609 0.351609
6215.198730 0.000000 3342.722168 0.000000 0.643771 0.000000 0.765218 0.374765 0.374765 0.374765
6259.769531 0.000000 3324.718750 0.000000 0.142079 0.000000 0.989855 0.350081 0.350081 0.350081
6216.491699 0.000000 3371.264893 0.000000 0.420519 0.000000 0.907284 0.351754 0.351754 0.351754
6251.522949 0.000000 3371.421631 0.000000 0.906839 0.000000 -0.421477 0.418900 0.418900 0.418900
6248.495605 0.000000 3370.978516 0.000000 0.307568 0.000000 -0.951526 0.457167 0.457167 0.457167
6240.217773 0.000000 3365.859863 0.000000 0.772320 0.000000 -0.635233 0.423714 0.423714 0.423714
6188.492188 0.000000 3367.164062 0.000000 0.578309 0.000000 -0.815818 0.446688 0.446688 0.446688
6219.072266 0.000000 3346.647949 0.000000 0.116395 0.000000 0.993203 0.336832 0.336832 0.336832
6240.692383 0.000000 3369.568359 0.000000 0.953276 0.000000 -0.302101 0.414404 0.414404 0.414404
6232.688477 0.000000 3368.617188 0.000000 0.431896 0.000000 0.901923 0.353971 0.353971 0.353971
6252.981445 0.000000 3368.087646 0.000000 0.523380 0.000000 -0.852100 0.448892 0.448892 0.448892
6217.061035 0.000000 3356.430664 0.000000 0.840809 0.000000 0.541332 0.348875 0.348875 0.348875
6221.797363 0.000000 3362.609375 0.000000 0.179024 0.000000 -0.983845 0.463889 0.463889 0.463889
6218.969727 0.000000 3370.510010 0.000000 0.983906 0.000000 0.178685 0.390223 0.390223 0.390223
6216.816406 0.000000 3347.902832 0.000000 0.292201 0.000000 -0.956357 0.468079 0.468079 0.468079
6212.327637 0.000000 3356.186768 0.000000 0.766773 0.000000 -0.641918 0.451855 0.451855 0.451855
6201.439941 0.000000 3357.299805 0.000000 0.992144 0.000000 -0.125099 0.408956 0.408956 0.408956
6246.448242 0.000000 3372.623291 0.000000 0.888369 0.000000 -0.459130 0.422627 0.422627 0.422627
6239.217285 0.000000 3331.587891 0.000000 0.402878 0.000000 -0.915254 0.453109 0.453109 0.453109
6217.624512 0.000000 3343.008057 0.000000 0.947134 0.000000 -0.320840 0.414841 0.414841 0.414841
6222.724609 0.000000 3337.831055 0.000000 0.966019 0.000000 0.258472 0.388513 0.388513 0.388513
6210.073730 0.000000 3345.960693 0.000000 0.995955 0.000000 -0.089854 0.404537 0.404537 0.404537
6201.706543 0.000000 3362.142822 0.000000 0.749133 0.000000 0.662419 0.364932 0.364932 0.364932
6223.792969 0.000000 3370.240723 0.000000 0.892194 0.000000 0.451653 0.372624 0.372624 0.372624
6219.755859 0.000000 3353.699219 0.000000 0.999090 0.000000 -0.042659 0.402493 0.402493 0.402493
6234.826660 0.000000 3360.304932 0.000000 0.596684 0.000000 -0.802476 0.442787 0.442787 0.442787
6243.266113 0.000000 3369.793213 0.000000 0.092193 0.000000 0.995741 0.329870 0.329870 0.329870
6206.120117 0.000000 3348.197510 0.000000 0.529654 0.000000 -0.848214 0.473818 0.473818 0.473818
6218.588379 0.000000 3366.201660 0.000000 0.021933 0.000000 -0.999759 0.486617 0.486617 0.486617
6199.541992 0.000000 3348.232666 0.000000 0.557186 0.000000 0.830388 0.350588 0.350588 0.350588
6192.521484 0.000000 3366.552002 0.000000 0.662553 0.000000 0.749015 0.352235 0.352235 0.352235
6200.210449 0.000000 3346.063232 0.000000 0.212449 0.000000 -0.977172 0.471129 0.471129 0.471129
6190.472168 0.000000 3357.640137 0.000000 0.858395 0.000000 0.512989 0.365573 0.365573 0.365573
6215.467773 0.000000 3359.306885 0.000000 0.768015 0.000000 0.640432 0.356619 0.356619 0.356619
6206.172363 0.000000 3344.543457 0.000000 0.110148 0.000000 0.993915 0.321246 0.321246 0.321246
6256.372070 0.000000 3322.668945 0.000000 0.796099 0.000000 -0.605167 0.436673 0.436673 0.436673
6201.465332 0.000000 3350.208008 0.000000 0.977344 0.000000 0.211656 0.386370 0.386370 0.386370
6224.349609 0.000000 3368.180420 0.000000 0.496199 0.000000 0.868209 0.332792 0.332792 0.332792
6189.159668 0.000000 3362.533936 0.000000 0.996504 0.000000 -0.083544 0.404677 0.404677 0.404677
6209.283691 0.000000 3347.948486 0.000000 0.366298 0.000000 0.930498 0.315815 0.315815 0.315815
6219.949219 0.000000 3368.041748 0.000000 0.226452 0.000000 -0.974022 0.483112 0.483112 0.483112
6191.726562 0.000000 3355.823242 0.000000 0.995314 0.000000 0.096698 0.394004 0.394004 0.394004
6324.298340 0.000000 3068.709717 0.000000 0.325076 0.000000 0.945688 0.391334 0.391334 0.391334
6344.606934 0.000000 3080.945068 0.000000 0.078571 0.000000 0.996909 0.359023 0.359023 0.359023
6332.874512 0.000000 3073.334961 0.000000 0.980347 0.000000 -0.197282 0.405354 0.405354 0.405354
6339.762695 0.000000 3068.544678 0.000000 0.637876 0.000000 0.770139 0.372348 0.372348 0.372348
6341.105957 0.000000 3080.029785 0.000000 0.586957 0.000000 0.809618 0.371263 0.371263 0.371263
6345.723145 0.000000 3078.454834 0.000000 0.929285 0.000000 -0.369363 0.413790 0.413790 0.413790
6337.424805 0.000000 3069.699219 0.000000 0.195683 0.000000 0.980667 0.337576 0.337576 0.337576
6329.275879 0.000000 3064.951904 0.000000 0.022271 0.000000 -0.999752 0.468041 0.468041 0.468041
6349.447754 0.000000 3101.305420 0.000000 0.291165 0.000000 0.956673 0.342052 0.342052 0.342052
6329.779785 0.000000 3067.664307 0.000000 0.577121 0.000000 -0.816659 0.449622 0.449622 0.449622
6351.279297 0.000000 3094.953857 0.000000 0.049674 0.000000 0.998765 0.395443 0.395443 0.395443
6357.098633 0.000000 3101.569580 0.000000 0.890955 0.000000 -0.454091 0.421888 0.421888 0.421888
6334.714355 0.000000 3110.234131 0.000000 0.999996 0.000000 -0.002896 0.400078 0.400078 0.400078
6338.754395 0.000000 3106.901123 0.000000 0.708040 0.000000 0.706173 0.368289 0.368289 0.368289
6343.364258 0.000000 3108.700195 0.000000 0.851219 0.000000 0.524811 0.362758 0.362758 0.362758
6364.334473 0.000000 3107.583740 0.000000 0.660039 0.000000 -0.751232 0.412731 0.412731 0.412731
6422.011719 0.000000 3177.650146 0.000000 0.954761 0.000000 0.297373 0.395025 0.395025 0.395025
6420.921875 0.000000 3200.417725 0.000000 0.645260 0.000000 -0.763963 0.419535 0.419535 0.419535
6431.599121 0.000000 3187.929443 0.000000 0.909160 0.000000 -0.416447 0.407935 0.407935 0.407935
6433.408203 0.000000 3159.835938 0.000000 0.949955 0.000000 -0.312385 0.408725 0.408725 0.408725
6356.079102 0.000000 3107.325928 0.000000 0.883809 0.000000 0.467848 0.388575 0.388575 0.388575
6429.110352 0.000000 3138.967285 0.000000 0.831369 0.000000 -0.555721 0.419712 0.419712 0.419712
6433.150391 0.000000 3142.808594 0.000000 0.977080 0.000000 0.212874 0.393681 0.393681 0.393681
6436.473633 0.000000 3144.507080 0.000000 0.729207 0.000000 -0.684293 0.428222 0.428222 0.428222
6350.784668 0.000000 3104.276123 0.000000 0.088633 0.000000 -0.996064 0.441440 0.441440 0.441440
6411.284668 0.000000 3178.673828 0.000000 0.489066 0.000000 0.872247 0.356080 0.356080 0.356080
6429.121582 0.000000 3165.219971 0.000000 0.652949 0.000000 0.757402 0.369107 0.369107 0.369107
6429.431641 0.000000 3155.155029 0.000000 0.946019 0.000000 0.324110 0.387639 0.387639 0.387639
6421.053223 0.000000 3193.450684 0.000000 0.583918 0.000000 -0.811813 0.435473 0.435473 0.435473
6428.098145 0.000000 3187.014160 0.000000 0.991627 0.000000 -0.129135 0.404720 0.404720 0.404720
6433.480469 0.000000 3134.165527 0.000000 0.278833 0.000000 0.960340 0.349186 0.349186 0.349186
6430.566895 0.000000 3159.670654 0.000000 0.418872 0.000000 0.908045 0.348834 0.348834 0.348834
6422.770508 0.000000 3167.186523 0.000000 0.870742 0.000000 -0.491741 0.425412 0.425412 0.425412
6418.286621 0.000000 3169.010986 0.000000 0.816896 0.000000 0.576785 0.372373 0.372373 0.372373
6424.151855 0.000000 3162.505615 0.000000 0.972348 0.000000 0.233536 0.390349 0.390349 0.390349
6352.698242 0.000000 3102.547363 0.000000 0.923157 0.000000 -0.384423 0.416353 0.416353 0.416353
6362.567383 0.000000 3105.688965 0.000000 0.649948 0.000000 0.759979 0.367241 0.367241 0.367241
6357.269043 0.000000 3105.086182 0.000000 0.814285 0.000000 -0.580466 0.425975 0.425975 0.425975
6423.165527 0.000000 3199.152100 0.000000 0.365802 0.000000 0.930693 0.351019 0.351019 0.351019
6421.355957 0.000000 3172.094727 0.000000 0.993003 0.000000 0.118092 0.390071 0.390071 0.390071
6419.542969 0.000000 3197.283936 0.000000 0.994493 0.000000 0.104805 0.395020 0.395020 0.395020
6414.688477 0.000000 3176.455322 0.000000 0.543439 0.000000 0.839448 0.352743 0.352743 0.352743
6424.710938 0.000000 3165.541992 0.000000 0.861219 0.000000 0.508235 0.374711 0.374711 0.374711
6355.244141 0.000000 3102.603516 0.000000 0.523529 0.000000 -0.852008 0.446337 0.446337 0.446337
6432.780762 0.000000 3137.422607 0.000000 0.871607 0.000000 -0.490205 0.422511 0.422511 0.422511
6430.793945 0.000000 3157.256104 0.000000 0.908754 0.000000 -0.417332 0.420421 0.420421 0.420421
6419.394531 0.000000 3170.981689 0.000000 0.558943 0.000000 -0.829206 0.463950 0.463950 0.463950
6444.145996 0.000000 3138.599121 0.000000 0.982876 0.000000 -0.184267 0.402869 0.402869 0.402869
6445.848633 0.000000 3145.864014 0.000000 0.083232 0.000000 -0.996530 0.441592 0.441592 0.441592
6443.919922 0.000000 3141.484863 0.000000 0.950226 0.000000 0.311562 0.386078 0.386078 0.386078
6306.937500 0.000000 3296.297119 0.000000 0.912850 0.000000 -0.408295 0.404200 0.404200 0.404200
6265.624023 0.000000 3312.135742 0.000000 0.816969 0.000000 0.576682 0.380972 0.380972 0.380972
6305.320801 0.000000 3280.760742 0.000000 0.974711 0.000000 0.223471 0.393136 0.393136 0.393136
6296.708008 0.000000 3289.020264 0.000000 0.960706 0.000000 0.277568 0.392136 0.392136 0.392136
6298.919434 0.000000 3294.578125 0.000000 0.536986 0.000000 -0.843591 0.429575 0.429575 0.429575
6324.292480 0.000000 3285.658203 0.000000 0.403699 0.000000 0.914892 0.361353 0.361353 0.361353
6305.884766 0.000000 3285.811768 0.000000 0.290486 0.000000 0.956879 0.339471 0.339471 0.339471
6301.642090 0.000000 3282.142334 0.000000 0.859085 0.000000 0.511834 0.381756 0.381756 0.381756
6319.591309 0.000000 3284.708984 0.000000 0.999876 0.000000 0.015753 0.399394 0.399394 0.399394
6325.024902 0.000000 3291.887451 0.000000 0.832420 0.000000 0.554145 0.376246 0.376246 0.376246
6322.932129 0.000000 3288.982422 0.000000 0.754380 0.000000 -0.656437 0.433967 0.433967 0.433967
6317.426758 0.000000 3278.635742 0.000000 0.561389 0.000000 -0.827552 0.445263 0.445263 0.445263
6322.050781 0.000000 3283.908691 0.000000 0.122624 0.000000 -0.992453 0.454943 0.454943 0.454943
6296.047852 0.000000 3303.527832 0.000000 1.000000 0.000000 -0.000161 0.400008 0.400008 0.400008
6298.155762 0.000000 3285.715088 0.000000 0.982464 0.000000 -0.186450 0.408896 0.408896 0.408896
6302.931152 0.000000 3285.832520 0.000000 0.611669 0.000000 -0.791113 0.443290 0.443290 0.443290
6309.152832 0.000000 3281.748535 0.000000 0.942066 0.000000 0.335428 0.383775 0.383775 0.383775
6297.600586 0.000000 3305.427002 0.000000 0.622329 0.000000 -0.782756 0.442647 0.442647 0.442647
6364.678711 0.000000 3258.180664 0.000000 0.457330 0.000000 -0.889297 0.404377 0.404377 0.404377
6372.939941 0.000000 3249.970459 0.000000 0.928905 0.000000 0.370319 0.395833 0.395833 0.395833
6371.604004 0.000000 3288.408447 0.000000 0.417132 0.000000 0.908846 0.375513 0.375513 0.375513
6373.935059 0.000000 3274.898438 0.000000 0.403065 0.000000 0.915171 0.372873 0.372873 0.372873
6378.594238 0.000000 3260.175293 0.000000 0.918740 0.000000 -0.394862 0.407702 0.407702 0.407702
6354.268555 0.000000 3254.728516 0.000000 0.498723 0.000000 0.866761 0.362300 0.362300 0.362300
6373.298828 0.000000 3268.065674 0.000000 0.347395 0.000000 -0.937719 0.440680 0.440680 0.440680
6372.173828 0.000000 3261.796387 0.000000 0.657190 0.000000 -0.753725 0.434954 0.434954 0.434954
6365.382812 0.000000 3255.255615 0.000000 0.837010 0.000000 0.547188 0.378028 0.378028 0.378028
6370.574219 0.000000 3256.515625 0.000000 0.709803 0.000000 -0.704401 0.426927 0.426927 0.426927
6377.908691 0.000000 3290.076416 0.000000 0.499318 0.000000 0.866419 0.359708 0.359708 0.359708
6375.506836 0.000000 3285.313477 0.000000 0.820678 0.000000 -0.571392 0.425813 0.425813 0.425813
6375.202637 0.000000 3293.928467 0.000000 0.834660 0.000000 -0.550766 0.424173 0.424173 0.424173
6357.164062 0.000000 3259.599854 0.000000 0.674179 0.000000 -0.738568 0.433607 0.433607 0.433607
6377.686523 0.000000 3276.469482 0.000000 0.294801 0.000000 -0.955559 0.448252 0.448252 0.448252
6375.878418 0.000000 3291.553955 0.000000 0.355877 0.000000 -0.934533 0.457251 0.457251 0.457251
6375.602539 0.000000 3263.523438 0.000000 0.999665 0.000000 -0.025895 0.401228 0.401228 0.401228
6371.027344 0.000000 3253.976318 0.000000 0.366050 0.000000 0.930595 0.332517 0.332517 0.332517
6265.706055 0.000000 3316.516113 0.000000 0.879520 0.000000 0.475861 0.376475 0.376475 0.376475
6373.285645 0.000000 3350.539062 0.000000 0.488672 0.000000 -0.872468 0.402118 0.402118 0.402118
6389.851562 0.000000 3361.542725 0.000000 0.933176 0.000000 -0.359421 0.402203 0.402203 0.402203
6372.939941 0.000000 3356.954834 0.000000 0.133357 0.000000 0.991068 0.383497 0.383497 0.383497
6377.035645 0.000000 3360.135986 0.000000 0.986103 0.000000 -0.166135 0.402584 0.402584 0.402584
6370.407715 0.000000 3353.276855 0.000000 0.912384 0.000000 -0.409335 0.410107 0.410107 0.410107
6382.269531 0.000000 3366.020508 0.000000 0.672957 0.000000 -0.739682 0.424943 0.424943 0.424943
6366.167969 0.000000 3353.685303 0.000000 0.273489 0.000000 0.961875 0.358656 0.358656 0.358656
6387.523926 0.000000 3363.181396 0.000000 0.998626 0.000000 -0.052402 0.401675 0.401675 0.401675
6381.793945 0.000000 3356.589111 0.000000 0.046818 0.000000 -0.998903 0.472288 0.472288 0.472288
6387.011230 0.000000 3367.267334 0.000000 0.983305 0.000000 0.181968 0.391320 0.391320 0.391320
7124.321289 0.000000 3157.926758 0.000000 0.316960 0.000000 0.948439 0.393767 0.393767 0.393767
7130.512207 0.000000 3172.366699 0.000000 0.415175 0.000000 0.909742 0.390301 0.390301 0.390301
7101.004395 0.000000 3160.429688 0.000000 0.389975 0.000000 -0.920825 0.414023 0.414023 0.414023
7126.739258 0.000000 3162.636963 0.000000 0.332223 0.000000 -0.943201 0.416611 0.416611 0.416611
7109.899902 0.000000 3158.177734 0.000000 0.986353 0.000000 0.164643 0.397605 0.397605 0.397605
7099.508301 0.000000 3169.130859 0.000000 0.926390 0.000000 -0.376565 0.409446 0.409446 0.409446
7078.618164 0.000000 3193.991455 0.000000 0.993892 0.000000 -0.110355 0.402816 0.402816 0.402816
7128.956543 0.000000 3182.762695 0.000000 0.931024 0.000000 0.364957 0.392352 0.392352 0.392352
7107.488281 0.000000 3207.998535 0.000000 0.153933 0.000000 0.988081 0.373128 0.373128 0.373128
7128.468750 0.000000 3175.656494 0.000000 0.689327 0.000000 0.724450 0.383009 0.383009 0.383009
7093.266113 0.000000 3190.270508 0.000000 0.852792 0.000000 -0.522251 0.416736 0.416736 0.416736
7116.346680 0.000000 3161.129639 0.000000 0.505359 0.000000 -0.862909 0.422870 0.422870 0.422870
7127.416016 0.000000 3171.036133 0.000000 0.985528 0.000000 -0.169510 0.404167 0.404167 0.404167
7097.455566 0.000000 3190.146729 0.000000 0.621292 0.000000 0.783579 0.371676 0.371676 0.371676
7097.195312 0.000000 3199.232422 0.000000 0.785004 0.000000 -0.619490 0.422684 0.422684 0.422684
7097.992188 0.000000 3184.849365 0.000000 0.999364 0.000000 -0.035649 0.401122 0.401122 0.401122
7085.445312 0.000000 3183.674072 0.000000 0.878203 0.000000 0.478288 0.383565 0.383565 0.383565
7078.074707 0.000000 3189.257812 0.000000 0.493335 0.000000 -0.869840 0.429496 0.429496 0.429496
7102.056641 0.000000 3194.593506 0.000000 0.990126 0.000000 0.140181 0.395716 0.395716 0.395716
7102.429199 0.000000 3186.557373 0.000000 0.788788 0.000000 -0.614666 0.419170 0.419170 0.419170
7081.849121 0.000000 3187.593750 0.000000 0.898240 0.000000 -0.439506 0.417041 0.417041 0.417041
7092.045410 0.000000 3187.314453 0.000000 0.195212 0.000000 -0.980761 0.449407 0.449407 0.449407
7086.895996 0.000000 3188.893066 0.000000 0.216373 0.000000 0.976311 0.343265 0.343265 0.343265
7105.659180 0.000000 3164.319824 0.000000 0.619239 0.000000 0.785202 0.372045 0.372045 0.372045
7081.803223 0.000000 3205.079346 0.000000 0.362655 0.000000 -0.931924 0.435941 0.435941 0.435941
7116.990723 0.000000 3193.450684 0.000000 0.698140 0.000000 0.715962 0.370913 0.370913 0.370913
7126.818848 0.000000 3178.181885 0.000000 0.119267 0.000000 0.992862 0.344929 0.344929 0.344929
7090.953125 0.000000 3192.108398 0.000000 0.871270 0.000000 0.490804 0.380276 0.380276 0.380276
7133.292969 0.000000 3204.858154 0.000000 0.800508 0.000000 -0.599322 0.427275 0.427275 0.427275
7103.468750 0.000000 3167.847656 0.000000 0.987517 0.000000 -0.157513 0.405212 0.405212 0.405212
7095.875488 0.000000 3209.251221 0.000000 0.999751 0.000000 0.022319 0.399331 0.399331 0.399331
7108.369629 0.000000 3193.805420 0.000000 0.838264 0.000000 -0.545265 0.424188 0.424188 0.424188
7109.886719 0.000000 3167.321289 0.000000 0.833391 0.000000 -0.552684 0.421052 0.421052 0.421052
7105.177246 0.000000 3187.502930 0.000000 0.737226 0.000000 -0.675647 0.427040 0.427040 0.427040
7105.233398 0.000000 3172.918701 0.000000 0.904870 0.000000 -0.425688 0.418443 0.418443 0.418443
7120.197266 0.000000 3195.159912 0.000000 0.930752 0.000000 -0.365651 0.411775 0.411775 0.411775
7131.638672 0.000000 3193.156250 0.000000 0.315629 0.000000 -0.948883 0.459278 0.459278 0.459278
7126.300781 0.000000 3208.733887 0.000000 0.647900 0.000000 0.761725 0.360653 0.360653 0.360653
7107.032227 0.000000 3196.458252 0.000000 0.993841 0.000000 0.110812 0.396119 0.396119 0.396119
7118.708008 0.000000 3167.186523 0.000000 0.460810 0.000000 0.887499 0.361291 0.361291 0.361291
7087.865234 0.000000 3196.160156 0.000000 0.997496 0.000000 -0.070725 0.403393 0.403393 0.403393
7123.955566 0.000000 3199.149170 0.000000 0.445674 0.000000 -0.895195 0.452045 0.452045 0.452045
7110.747070 0.000000 3198.849609 0.000000 0.946173 0.000000 -0.323661 0.411849 0.411849 0.411849
7114.224121 0.000000 3169.010986 0.000000 0.978214 0.000000 0.207599 0.391647 0.391647 0.391647
7102.520996 0.000000 3177.724609 0.000000 0.584514 0.000000 -0.811384 0.440644 0.440644 0.440644
7093.252441 0.000000 3199.738525 0.000000 0.937188 0.000000 -0.348825 0.412988 0.412988 0.412988
7107.954590 0.000000 3184.903076 0.000000 0.045598 0.000000 -0.998960 0.463208 0.463208 0.463208
7116.867676 0.000000 3203.059814 0.000000 0.490992 0.000000 -0.871164 0.443300 0.443300 0.443300
7098.206055 0.000000 3207.890625 0.000000 0.680264 0.000000 0.732967 0.367138 0.367138 0.367138
7105.861816 0.000000 3181.998047 0.000000 0.917433 0.000000 -0.397889 0.416755 0.416755 0.416755
7084.348145 0.000000 3204.005127 0.000000 0.219355 0.000000 0.975645 0.349458 0.349458 0.349458
7087.542969 0.000000 3201.090332 0.000000 0.438384 0.000000 0.898788 0.348131 0.348131 0.348131
7102.015625 0.000000 3181.004883 0.000000 0.583277 0.000000 0.812273 0.363078 0.363078 0.363078
7104.980469 0.000000 3176.924316 0.000000 0.808316 0.000000 -0.588748 0.427660 0.427660 0.427660
7129.978516 0.000000 3188.649170 0.000000 0.097388 0.000000 0.995246 0.338209 0.338209 0.338209
7119.103027 0.000000 3199.152100 0.000000 0.924272 0.000000 0.381734 0.383377 0.383377 0.383377
7117.293457 0.000000 3172.094727 0.000000 0.527924 0.000000 -0.849291 0.450662 0.450662 0.450662
7105.632324 0.000000 3169.355469 0.000000 0.719133 0.000000 -0.694873 0.430304 0.430304 0.430304
7115.480469 0.000000 3197.283936 0.000000 0.999984 0.000000 0.005593 0.399774 0.399774 0.399774
7095.215332 0.000000 3184.561279 0.000000 0.249541 0.000000 -0.968364 0.453988 0.453988 0.453988
7125.273438 0.000000 3176.218750 0.000000 0.553939 0.000000 -0.832557 0.442732 0.442732 0.442732
7110.625977 0.000000 3176.455322 0.000000 0.495090 0.000000 0.868842 0.348481 0.348481 0.348481
7109.457520 0.000000 3189.761475 0.000000 0.971217 0.000000 -0.238196 0.410688 0.410688 0.410688
7088.792969 0.000000 3187.042480 0.000000 0.883880 0.000000 -0.467714 0.423329 0.423329 0.423329
7112.205566 0.000000 3171.936279 0.000000 0.981344 0.000000 0.192262 0.391596 0.391596 0.391596
7125.517578 0.000000 3192.044922 0.000000 0.816977 0.000000 0.576670 0.367162 0.367162 0.367162
7124.165527 0.000000 3196.652100 0.000000 0.999998 0.000000 -0.001804 0.400086 0.400086 0.400086
7132.248535 0.000000 3200.199463 0.000000 0.999975 0.000000 0.007131 0.399644 0.399644 0.399644
7122.581543 0.000000 3173.092041 0.000000 0.261524 0.000000 0.965197 0.339346 0.339346 0.339346
7089.274902 0.000000 3182.095459 0.000000 0.061058 0.000000 -0.998134 0.469350 0.469350 0.469350
7110.795410 0.000000 3181.278564 0.000000 0.531450 0.000000 -0.847090 0.450454 0.450454 0.450454
7128.020996 0.000000 3206.513672 0.000000 0.879350 0.000000 -0.476177 0.423294 0.423294 0.423294
7130.135742 0.000000 3204.652100 0.000000 0.987837 0.000000 0.155491 0.392828 0.392828 0.392828
7086.075195 0.000000 3205.873779 0.000000 0.883970 0.000000 0.467545 0.376680 0.376680 0.376680
7122.546875 0.000000 3192.242920 0.000000 0.886069 0.000000 0.463553 0.375452 0.375452 0.375452
7088.900879 0.000000 3198.250488 0.000000 0.115969 0.000000 0.993253 0.328098 0.328098 0.328098
7086.888672 0.000000 3185.592285 0.000000 0.999176 0.000000 0.040585 0.397912 0.397912 0.397912
7114.278320 0.000000 3188.973145 0.000000 0.707393 0.000000 -0.706820 0.438412 0.438412 0.438412
7093.901367 0.000000 3182.209961 0.000000 0.999677 0.000000 0.025431 0.398692 0.398692 0.398692
7122.729980 0.000000 3201.098877 0.000000 0.632916 0.000000 0.774220 0.349155 0.349155 0.349155
7123.255859 0.000000 3184.882812 0.000000 0.900392 0.000000 0.435080 0.375052 0.375052 0.375052
7115.824219 0.000000 3176.677246 0.000000 0.782639 0.000000 0.622476 0.364774 0.364774 0.364774
7113.241699 0.000000 3184.562744 0.000000 0.922567 0.000000 -0.385836 0.420767 0.420767 0.420767
7118.579102 0.000000 3179.791992 0.000000 0.924154 0.000000 0.382020 0.378275 0.378275 0.378275
7112.709473 0.000000 3174.648682 0.000000 0.990438 0.000000 0.137959 0.393159 0.393159 0.393159
7128.481934 0.000000 3197.052490 0.000000 0.138867 0.000000 0.990311 0.326381 0.326381 0.326381
7126.438477 0.000000 3190.025879 0.000000 0.300393 0.000000 -0.953815 0.470149 0.470149 0.470149
7123.433105 0.000000 3205.733398 0.000000 0.822242 0.000000 0.569138 0.360700 0.360700 0.360700
7145.979004 0.000000 3132.598633 0.000000 0.456530 0.000000 0.889708 0.396714 0.396714 0.396714
7206.676758 0.000000 3192.358398 0.000000 0.173176 0.000000 -0.984891 0.407672 0.407672 0.407672
7195.351562 0.000000 3154.048828 0.000000 0.111866 0.000000 -0.993723 0.407283 0.407283 0.407283
7133.845703 0.000000 3175.711670 0.000000 0.996147 0.000000 -0.087695 0.400482 0.400482 0.400482
7166.474609 0.000000 3162.679199 0.000000 0.999484 0.000000 0.032126 0.399807 0.399807 0.399807
7200.480469 0.000000 3198.806396 0.000000 0.773213 0.000000 -0.634147 0.405145 0.405145 0.405145
7146.897461 0.000000 3176.591309 0.000000 0.639582 0.000000 0.768723 0.394308 0.394308 0.394308
7196.829590 0.000000 3139.469238 0.000000 0.211163 0.000000 -0.977451 0.408815 0.408815 0.408815
7172.781250 0.000000 3147.573975 0.000000 0.952929 0.000000 0.303194 0.397385 0.397385 0.397385
7181.166992 0.000000 3152.112305 0.000000 0.922257 0.000000 -0.386576 0.403369 0.403369 0.403369
7218.187500 0.000000 3186.135010 0.000000 0.979450 0.000000 0.201686 0.398073 0.398073 0.398073
7208.601074 0.000000 3126.329834 0.000000 0.999685 0.000000 -0.025115 0.400201 0.400201 0.400201
7139.938477 0.000000 3186.381348 0.000000 0.867496 0.000000 -0.497444 0.405459 0.405459 0.405459
7169.992188 0.000000 3158.030518 0.000000 0.941677 0.000000 -0.336519 0.403942 0.403942 0.403942
7174.001465 0.000000 3176.671143 0.000000 0.748645 0.000000 -0.662971 0.407238 0.407238 0.407238
7178.662598 0.000000 3207.494385 0.000000 0.834760 0.000000 0.550614 0.394468 0.394468 0.394468
7168.607910 0.000000 3201.926514 0.000000 0.363718 0.000000 -0.931509 0.413166 0.413166 0.413166
7197.811035 0.000000 3127.596191 0.000000 0.704836 0.000000 -0.709370 0.410238 0.410238 0.410238
7162.209473 0.000000 3196.110596 0.000000 0.948655 0.000000 0.316312 0.396786 0.396786 0.396786
7181.690430 0.000000 3176.825928 0.000000 0.302649 0.000000 0.953102 0.385492 0.385492 0.385492
7215.898926 0.000000 3156.216553 0.000000 0.738390 0.000000 -0.674374 0.409239 0.409239 0.409239
7150.903809 0.000000 3179.312012 0.000000 0.999003 0.000000 -0.044644 0.400557 0.400557 0.400557
7143.443848 0.000000 3183.353027 0.000000 0.137150 0.000000 -0.990550 0.425047 0.425047 0.425047
7150.384277 0.000000 3132.131592 0.000000 0.297981 0.000000 0.954572 0.382903 0.382903 0.382903
7208.413574 0.000000 3206.951172 0.000000 0.860793 0.000000 -0.508955 0.407999 0.407999 0.407999
7142.886719 0.000000 3152.182373 0.000000 0.568703 0.000000 0.822543 0.383603 0.383603 0.383603
7218.993164 0.000000 3190.350342 0.000000 0.331063 0.000000 0.943609 0.375367 0.375367 0.375367
7194.443359 0.000000 3171.164551 0.000000 0.363230 0.000000 -0.931700 0.419757 0.419757 0.419757
7212.020508 0.000000 3201.820557 0.000000 0.987578 0.000000 -0.157132 0.402600 0.402600 0.402600
7190.155762 0.000000 3174.967773 0.000000 0.009649 0.000000 0.999953 0.375836 0.375836 0.375836
7148.281738 0.000000 3158.780518 0.000000 0.977883 0.000000 0.209152 0.396107 0.396107 0.396107
7198.087891 0.000000 3122.867676 0.000000 0.999079 0.000000 -0.042911 0.400686 0.400686 0.400686
7146.523926 0.000000 3141.565674 0.000000 0.974920 0.000000 -0.222557 0.404819 0.404819 0.404819
7184.038086 0.000000 3161.535645 0.000000 0.730195 0.000000 0.683239 0.382724 0.382724 0.382724
7153.337402 0.000000 3139.308105 0.000000 0.969797 0.000000 0.243913 0.395817 0.395817 0.395817
7217.477051 0.000000 3198.469238 0.000000 0.927604 0.000000 -0.373566 0.407073 0.407073 0.407073
7194.807129 0.000000 3119.798828 0.000000 0.945072 0.000000 0.326861 0.394015 0.394015 0.394015
7158.934082 0.000000 3150.529297 0.000000 0.257050 0.000000 -0.966398 0.432725 0.432725 0.432725
7148.981445 0.000000 3154.825195 0.000000 0.163358 0.000000 0.986567 0.366988 0.366988 0.366988
7216.426270 0.000000 3195.003174 0.000000 0.614978 0.000000 -0.788544 0.418144 0.418144 0.418144
7136.803711 0.000000 3188.128906 0.000000 0.433012 0.000000 -0.901388 0.424671 0.424671 0.424671
7181.354004 0.000000 3163.726807 0.000000 0.979179 0.000000 -0.202998 0.406226 0.406226 0.406226
7199.800781 0.000000 3207.952148 0.000000 0.090055 0.000000 0.995937 0.364514 0.364514 0.364514
7155.631836 0.000000 3151.525146 0.000000 0.435273 0.000000 0.900298 0.369790 0.369790 0.369790
7153.121094 0.000000 3144.849365 0.000000 0.807090 0.000000 -0.590428 0.416399 0.416399 0.416399
7214.410645 0.000000 3153.001221 0.000000 0.688132 0.000000 -0.725586 0.420674 0.420674 0.420674
7149.094238 0.000000 3208.001953 0.000000 0.617804 0.000000 0.786332 0.371988 0.371988 0.371988
7202.976562 0.000000 3148.656738 0.000000 0.867234 0.000000 -0.497901 0.414573 0.414573 0.414573
7160.405762 0.000000 3193.347412 0.000000 0.641803 0.000000 0.766869 0.375563 0.375563 0.375563
7177.441895 0.000000 3169.414062 0.000000 0.126416 0.000000 -0.991977 0.437493 0.437493 0.437493
7212.040039 0.000000 3138.967285 0.000000 0.379796 0.000000 -0.925070 0.432439 0.432439 0.432439
7217.895508 0.000000 3138.377930 0.000000 0.864413 0.000000 0.502782 0.384480 0.384480 0.384480
7186.911133 0.000000 3163.351807 0.000000 0.242560 0.000000 -0.970136 0.435085 0.435085 0.435085
7216.080078 0.000000 3142.808594 0.000000 0.995237 0.000000 -0.097489 0.403120 0.403120 0.403120
7150.749512 0.000000 3150.701172 0.000000 0.999577 0.000000 -0.029084 0.400755 0.400755 0.400755
7219.403320 0.000000 3144.507080 0.000000 0.009544 0.000000 0.999954 0.348550 0.348550 0.348550
7143.034180 0.000000 3187.093994 0.000000 0.999890 0.000000 0.014840 0.399541 0.399541 0.399541
7218.993652 0.000000 3148.495605 0.000000 0.475152 0.000000 0.879904 0.362941 0.362941 0.362941
7175.755371 0.000000 3165.952881 0.000000 0.093925 0.000000 0.995579 0.357234 0.357234 0.357234
7157.768555 0.000000 3206.742676 0.000000 0.884985 0.000000 0.465620 0.382830 0.382830 0.382830
7150.502441 0.000000 3129.132324 0.000000 0.161840 0.000000 0.986817 0.345858 0.345858 0.345858
7168.795410 0.000000 3205.079346 0.000000 0.942801 0.000000 -0.333355 0.413745 0.413745 0.413745
7156.301758 0.000000 3200.948975 0.000000 0.595314 0.000000 0.803493 0.366453 0.366453 0.366453
7163.642090 0.000000 3207.769775 0.000000 0.324667 0.000000 0.945828 0.349844 0.349844 0.349844
7213.683105 0.000000 3145.746582 0.000000 0.822074 0.000000 0.569380 0.378525 0.378525 0.378525
7160.085938 0.000000 3189.023193 0.000000 0.959461 0.000000 -0.281843 0.409130 0.409130 0.409130
7139.027832 0.000000 3134.684570 0.000000 0.327106 0.000000 -0.944988 0.450052 0.450052 0.450052
7162.041504 0.000000 3204.055664 0.000000 0.261371 0.000000 0.965239 0.347166 0.347166 0.347166
7154.932129 0.000000 3206.667236 0.000000 0.393904 0.000000 0.919152 0.353428 0.353428 0.353428
7153.658203 0.000000 3184.132324 0.000000 0.991880 0.000000 0.127176 0.393760 0.393760 0.393760
7159.299805 0.000000 3195.924316 0.000000 0.998061 0.000000 -0.062240 0.402674 0.402674 0.402674
7149.430176 0.000000 3197.937500 0.000000 0.965185 0.000000 -0.261567 0.421935 0.421935 0.421935
7158.132324 0.000000 3186.944092 0.000000 0.721462 0.000000 0.692454 0.367155 0.367155 0.367155
7158.609863 0.000000 3191.502930 0.000000 0.834378 0.000000 -0.551193 0.425651 0.425651 0.425651
7171.340332 0.000000 3204.005127 0.000000 0.948221 0.000000 0.317611 0.386928 0.386928 0.386928
7150.330078 0.000000 3193.178711 0.000000 0.255685 0.000000 0.966760 0.293855 0.293855 0.293855
7156.833984 0.000000 3196.469727 0.000000 0.993786 0.000000 -0.111308 0.405903 0.405903 0.405903
7149.452637 0.000000 3185.772217 0.000000 0.587995 0.000000 -0.808864 0.444223 0.444223 0.444223
7138.274902 0.000000 3205.191895 0.000000 0.709312 0.000000 -0.704895 0.432420 0.432420 0.432420
7146.029785 0.000000 3203.662598 0.000000 0.600622 0.000000 -0.799533 0.449500 0.449500 0.449500
7152.041016 0.000000 3197.781006 0.000000 0.805215 0.000000 0.592982 0.353093 0.353093 0.353093
7150.695312 0.000000 3204.589355 0.000000 0.243254 0.000000 -0.969963 0.459546 0.459546 0.459546
7151.189941 0.000000 3188.779785 0.000000 0.149063 0.000000 -0.988828 0.492249 0.492249 0.492249
7141.039062 0.000000 3192.567871 0.000000 0.900547 0.000000 0.434759 0.377318 0.377318 0.377318
7143.157715 0.000000 3191.217773 0.000000 0.754195 0.000000 -0.656651 0.435411 0.435411 0.435411
7143.241211 0.000000 3196.226562 0.000000 0.978550 0.000000 0.206007 0.387050 0.387050 0.387050
7149.295410 0.000000 3190.900635 0.000000 0.793155 0.000000 0.609020 0.353899 0.353899 0.353899
7154.417969 0.000000 3186.437988 0.000000 0.950424 0.000000 -0.310958 0.416736 0.416736 0.416736
7148.010742 0.000000 3202.440430 0.000000 0.691339 0.000000 -0.722531 0.443139 0.443139 0.443139
7136.934570 0.000000 3194.750977 0.000000 0.584815 0.000000 -0.811167 0.451021 0.451021 0.451021
7152.100586 0.000000 3200.780518 0.000000 0.922046 0.000000 0.387080 0.376781 0.376781 0.376781
7147.052246 0.000000 3190.629883 0.000000 0.050435 0.000000 0.998727 0.301314 0.301314 0.301314
7142.554199 0.000000 3200.607910 0.000000 0.535830 0.000000 -0.844326 0.457223 0.457223 0.457223
7155.984863 0.000000 3198.591797 0.000000 0.863209 0.000000 -0.504846 0.430651 0.430651 0.430651
7145.619141 0.000000 3198.979004 0.000000 0.164436 0.000000 0.986388 0.310867 0.310867 0.310867
7222.427246 0.000000 3160.745605 0.000000 0.203458 0.000000 -0.979084 0.408866 0.408866 0.408866
7222.624023 0.000000 3156.800293 0.000000 0.999705 0.000000 -0.024294 0.400485 0.400485 0.400485
7235.973633 0.000000 3154.825195 0.000000 0.838144 0.000000 0.545449 0.386173 0.386173 0.386173
7229.070801 0.000000 3157.292236 0.000000 0.484343 0.000000 0.874878 0.373407 0.373407 0.373407
7224.190430 0.000000 3147.744141 0.000000 0.863542 0.000000 -0.504277 0.413459 0.413459 0.413459
7221.531738 0.000000 3194.143799 0.000000 0.837304 0.000000 -0.546738 0.415308 0.415308 0.415308
7221.864746 0.000000 3150.193359 0.000000 0.596165 0.000000 0.802862 0.369284 0.369284 0.369284
7221.336914 0.000000 3144.306396 0.000000 0.984508 0.000000 0.175340 0.394720 0.394720 0.394720
7220.717285 0.000000 3199.251953 0.000000 0.422425 0.000000 0.906398 0.362041 0.362041 0.362041
7121.608887 0.000000 3233.314209 0.000000 0.211537 0.000000 0.977370 0.389832 0.389832 0.389832
7124.898926 0.000000 3222.966797 0.000000 0.552906 0.000000 0.833244 0.386230 0.386230 0.386230
7116.176758 0.000000 3226.451416 0.000000 0.990287 0.000000 -0.139037 0.402229 0.402229 0.402229
7081.916992 0.000000 3237.306152 0.000000 0.744777 0.000000 0.667313 0.389056 0.389056 0.389056
7091.900391 0.000000 3214.920410 0.000000 0.968910 0.000000 -0.247413 0.403745 0.403745 0.403745
7126.480469 0.000000 3227.491211 0.000000 0.873074 0.000000 -0.487587 0.408392 0.408392 0.408392
7115.694824 0.000000 3209.619141 0.000000 0.103614 0.000000 0.994618 0.372166 0.372166 0.372166
7127.906738 0.000000 3221.448242 0.000000 0.008337 0.000000 0.999965 0.360212 0.360212 0.360212
7129.691406 0.000000 3217.734375 0.000000 0.806905 0.000000 -0.590682 0.424926 0.424926 0.424926
7130.479492 0.000000 3212.628662 0.000000 0.753344 0.000000 -0.657627 0.422934 0.422934 0.422934
7118.898926 0.000000 3225.943848 0.000000 0.149494 0.000000 0.988763 0.342539 0.342539 0.342539
7095.863770 0.000000 3211.082520 0.000000 0.686998 0.000000 0.726659 0.358165 0.358165 0.358165
7094.053711 0.000000 3213.039307 0.000000 0.998726 0.000000 0.050466 0.397983 0.397983 0.397983
7126.159180 0.000000 3209.756592 0.000000 0.550563 0.000000 0.834794 0.355119 0.355119 0.355119
7122.600586 0.000000 3211.724854 0.000000 0.971529 0.000000 0.236921 0.388296 0.388296 0.388296
7151.429688 0.000000 3217.638184 0.000000 0.978245 0.000000 0.207453 0.399687 0.399687 0.399687
7157.902344 0.000000 3212.795166 0.000000 0.809006 0.000000 -0.587801 0.403765 0.403765 0.403765
7133.808105 0.000000 3214.945068 0.000000 0.993258 0.000000 0.115924 0.398376 0.398376 0.398376
7218.847656 0.000000 3228.418213 0.000000 0.758287 0.000000 0.651920 0.386172 0.386172 0.386172
7191.680664 0.000000 3218.745361 0.000000 0.942252 0.000000 -0.334904 0.406480 0.406480 0.406480
7155.013184 0.000000 3210.842041 0.000000 0.983632 0.000000 0.180188 0.395115 0.395115 0.395115
7198.325195 0.000000 3214.787354 0.000000 0.415692 0.000000 -0.909506 0.428513 0.428513 0.428513
7218.325195 0.000000 3239.042236 0.000000 0.903605 0.000000 0.428366 0.388506 0.388506 0.388506
7134.028320 0.000000 3218.499023 0.000000 0.385915 0.000000 0.922534 0.365984 0.365984 0.365984
7178.992188 0.000000 3218.147461 0.000000 0.209242 0.000000 0.977864 0.353145 0.353145 0.353145
7180.760254 0.000000 3221.793945 0.000000 0.970330 0.000000 -0.241785 0.406097 0.406097 0.406097
7133.714355 0.000000 3211.260498 0.000000 0.266831 0.000000 -0.963743 0.438967 0.438967 0.438967
7194.225098 0.000000 3211.725586 0.000000 0.016434 0.000000 -0.999865 0.451999 0.451999 0.451999
7149.301758 0.000000 3209.625000 0.000000 0.945986 0.000000 0.324208 0.389779 0.389779 0.389779
7191.023926 0.000000 3212.721924 0.000000 0.882147 0.000000 0.470974 0.379922 0.379922 0.379922
7219.319824 0.000000 3225.450195 0.000000 0.958866 0.000000 0.283859 0.386779 0.386779 0.386779
7195.847168 0.000000 3213.875000 0.000000 0.354765 0.000000 0.934956 0.347519 0.347519 0.347519
7194.636230 0.000000 3216.893311 0.000000 0.137841 0.000000 -0.990454 0.457937 0.457937 0.457937
7217.008789 0.000000 3222.356689 0.000000 0.594813 0.000000 -0.803864 0.462942 0.462942 0.462942
7223.359375 0.000000 3225.899902 0.000000 0.801212 0.000000 -0.598381 0.416655 0.416655 0.416655
7221.020508 0.000000 3218.499023 0.000000 0.784027 0.000000 -0.620727 0.415716 0.415716 0.415716
7220.597656 0.000000 3225.044678 0.000000 0.128976 0.000000 0.991648 0.335944 0.335944 0.335944
7220.359375 0.000000 3231.106445 0.000000 0.430785 0.000000 -0.902455 0.438212 0.438212 0.438212
7220.377930 0.000000 3235.287842 0.000000 0.783110 0.000000 0.621883 0.377213 0.377213 0.377213
5714.967285 0.000000 3487.992432 0.000000 0.970736 0.000000 -0.240148 0.402785 0.402785 0.402785
5694.140137 0.000000 3513.450684 0.000000 0.502861 0.000000 -0.864367 0.414073 0.414073 0.414073
5737.031738 0.000000 3477.169678 0.000000 0.601282 0.000000 -0.799037 0.409706 0.409706 0.409706
5727.656250 0.000000 3480.789307 0.000000 0.930314 0.000000 0.366763 0.394562 0.394562 0.394562
5732.132812 0.000000 3481.936768 0.000000 0.072805 0.000000 -0.997346 0.451607 0.451607 0.451607
5710.554199 0.000000 3507.510498 0.000000 0.192433 0.000000 0.981310 0.347053 0.347053 0.347053
5733.184082 0.000000 3486.173096 0.000000 0.999482 0.000000 -0.032180 0.401029 0.401029 0.401029
5700.170410 0.000000 3508.267578 0.000000 0.993098 0.000000 0.117287 0.395832 0.395832 0.395832
5701.408691 0.000000 3515.701416 0.000000 0.975394 0.000000 0.220470 0.392008 0.392008 0.392008
5734.629395 0.000000 3480.623779 0.000000 0.230879 0.000000 0.972982 0.340549 0.340549 0.340549
5723.539062 0.000000 3484.612305 0.000000 0.903152 0.000000 -0.429321 0.421049 0.421049 0.421049
5713.986816 0.000000 3502.951172 0.000000 0.972567 0.000000 -0.232624 0.411136 0.411136 0.411136
5728.214355 0.000000 3483.458740 0.000000 0.954813 0.000000 0.297207 0.387494 0.387494 0.387494
5724.471191 0.000000 3487.226807 0.000000 0.935185 0.000000 -0.354159 0.416810 0.416810 0.416810
5728.773438 0.000000 3486.495117 0.000000 0.862833 0.000000 0.505489 0.376714 0.376714 0.376714
5716.303223 0.000000 3494.469971 0.000000 0.218439 0.000000 -0.975851 0.464064 0.464064 0.464064
5720.806152 0.000000 3484.914551 0.000000 0.005365 0.000000 0.999986 0.325745 0.325745 0.325745
5737.988281 0.000000 3596.660889 0.000000 0.889961 0.000000 -0.456036 0.409458 0.409458 0.409458
5740.369629 0.000000 3584.069336 0.000000 0.177916 0.000000 -0.984046 0.439615 0.439615 0.439615
5740.126465 0.000000 3576.433105 0.000000 0.986958 0.000000 -0.160977 0.405812 0.405812 0.405812
5739.548340 0.000000 3589.993896 0.000000 0.261751 0.000000 -0.965135 0.450862 0.450862 0.450862
5733.184082 0.000000 3593.157471 0.000000 0.630465 0.000000 0.776218 0.372934 0.372934 0.372934
5734.629395 0.000000 3587.608154 0.000000 0.994949 0.000000 -0.100384 0.404117 0.404117 0.404117
5739.970703 0.000000 3581.358887 0.000000 0.915169 0.000000 -0.403071 0.419679 0.419679 0.419679
5737.254883 0.000000 3591.010742 0.000000 0.180937 0.000000 -0.983495 0.465880 0.465880 0.465880
5803.779297 0.000000 3503.316406 0.000000 0.200273 0.000000 0.979740 0.394531 0.394531 0.394531
5811.701660 0.000000 3527.024658 0.000000 0.848031 0.000000 0.529946 0.395538 0.395538 0.395538
5778.117188 0.000000 3478.983643 0.000000 0.847947 0.000000 -0.530082 0.404742 0.404742 0.404742
5821.856445 0.000000 3483.590088 0.000000 0.994462 0.000000 0.105093 0.398581 0.398581 0.398581
5766.701660 0.000000 3492.405029 0.000000 0.530178 0.000000 -0.847887 0.411622 0.411622 0.411622
5748.519531 0.000000 3480.907715 0.000000 0.399229 0.000000 0.916851 0.383781 0.383781 0.383781
5797.367676 0.000000 3522.015137 0.000000 0.390433 0.000000 0.920632 0.385983 0.385983 0.385983
5798.280762 0.000000 3495.920898 0.000000 0.999348 0.000000 0.036094 0.399243 0.399243 0.399243
5746.613770 0.000000 3489.932129 0.000000 0.472311 0.000000 0.881432 0.373065 0.373065 0.373065
5802.605469 0.000000 3528.951660 0.000000 0.630097 0.000000 -0.776516 0.422197 0.422197 0.422197
5824.980469 0.000000 3489.676514 0.000000 0.939119 0.000000 0.343591 0.393170 0.393170 0.393170
5783.342773 0.000000 3527.895752 0.000000 0.922919 0.000000 -0.384995 0.409274 0.409274 0.409274
5794.888184 0.000000 3495.126465 0.000000 0.809618 0.000000 0.586957 0.383400 0.383400 0.383400
5785.497559 0.000000 3525.257568 0.000000 0.997870 0.000000 -0.065238 0.401728 0.401728 0.401728
5773.393555 0.000000 3494.701660 0.000000 0.774880 0.000000 -0.632109 0.419475 0.419475 0.419475
5806.869141 0.000000 3509.801758 0.000000 0.242305 0.000000 -0.970200 0.437740 0.437740 0.437740
5761.028320 0.000000 3483.217041 0.000000 0.237084 0.000000 0.971489 0.356123 0.356123 0.356123
5749.972168 0.000000 3483.962402 0.000000 0.920668 0.000000 0.390345 0.386585 0.386585 0.386585
5794.502930 0.000000 3502.072754 0.000000 0.736208 0.000000 -0.676755 0.421527 0.421527 0.421527
5823.164062 0.000000 3486.440430 0.000000 0.377169 0.000000 0.926144 0.365710 0.365710 0.365710
5779.605957 0.000000 3476.212158 0.000000 0.156022 0.000000 -0.987754 0.439541 0.439541 0.439541
5793.109375 0.000000 3505.802490 0.000000 0.580700 0.000000 -0.814117 0.426122 0.426122 0.426122
5827.180664 0.000000 3496.305908 0.000000 0.990305 0.000000 0.138911 0.395129 0.395129 0.395129
5762.064941 0.000000 3509.732910 0.000000 0.992997 0.000000 -0.118141 0.404553 0.404553 0.404553
5812.107910 0.000000 3514.403809 0.000000 0.995324 0.000000 0.096597 0.396957 0.396957 0.396957
5771.767090 0.000000 3528.722900 0.000000 0.457246 0.000000 -0.889340 0.439945 0.439945 0.439945
5790.992676 0.000000 3530.204346 0.000000 0.818990 0.000000 -0.573808 0.420445 0.420445 0.420445
5805.003906 0.000000 3488.274414 0.000000 0.765086 0.000000 -0.643928 0.421309 0.421309 0.421309
5778.578613 0.000000 3470.165771 0.000000 0.939002 0.000000 0.343913 0.388956 0.388956 0.388956
5800.350586 0.000000 3493.871826 0.000000 0.523534 0.000000 0.852005 0.367921 0.367921 0.367921
5788.400879 0.000000 3515.701416 0.000000 0.601382 0.000000 -0.798961 0.441131 0.441131 0.441131
5770.166504 0.000000 3525.008789 0.000000 0.439864 0.000000 -0.898064 0.445109 0.445109 0.445109
5766.561523 0.000000 3499.282227 0.000000 0.765726 0.000000 -0.643167 0.433488 0.433488 0.433488
5798.053223 0.000000 3524.717285 0.000000 0.462552 0.000000 -0.886592 0.443537 0.443537 0.443537
5800.079590 0.000000 3522.463623 0.000000 0.952176 0.000000 0.305549 0.389302 0.389302 0.389302
5803.516602 0.000000 3524.708984 0.000000 0.299164 0.000000 -0.954202 0.460098 0.460098 0.460098
5766.257324 0.000000 3507.897217 0.000000 0.085028 0.000000 -0.996379 0.472697 0.472697 0.472697
5746.402344 0.000000 3482.771484 0.000000 0.895345 0.000000 -0.445374 0.417055 0.417055 0.417055
5770.823730 0.000000 3509.068359 0.000000 0.831732 0.000000 0.555177 0.374138 0.374138 0.374138
5793.323242 0.000000 3528.843750 0.000000 0.981448 0.000000 0.191731 0.391330 0.391330 0.391330
5782.112793 0.000000 3471.039795 0.000000 0.960188 0.000000 0.279355 0.386570 0.386570 0.386570
5795.473633 0.000000 3492.604492 0.000000 0.015068 0.000000 0.999886 0.334750 0.334750 0.334750
5779.465332 0.000000 3524.958252 0.000000 0.719662 0.000000 0.694324 0.363595 0.363595 0.363595
5782.660156 0.000000 3522.043457 0.000000 0.996694 0.000000 0.081248 0.396142 0.396142 0.396142
5786.836426 0.000000 3469.593750 0.000000 0.884504 0.000000 -0.466533 0.423023 0.423023 0.423023
5812.410645 0.000000 3493.047852 0.000000 0.223218 0.000000 0.974769 0.341544 0.341544 0.341544
5800.749512 0.000000 3490.308594 0.000000 0.075209 0.000000 0.997168 0.329061 0.329061 0.329061
5810.597656 0.000000 3518.237061 0.000000 0.766056 0.000000 0.642774 0.367583 0.367583 0.367583
5790.332520 0.000000 3505.514404 0.000000 0.983319 0.000000 -0.181891 0.407763 0.407763 0.407763
5778.065918 0.000000 3474.251709 0.000000 0.957304 0.000000 -0.289084 0.413472 0.413472 0.413472
5818.883789 0.000000 3488.359863 0.000000 0.373114 0.000000 0.927785 0.343627 0.343627 0.343627
5766.933105 0.000000 3505.522705 0.000000 0.880736 0.000000 0.473608 0.373148 0.373148 0.373148
5808.811523 0.000000 3513.334473 0.000000 0.282916 0.000000 -0.959145 0.458340 0.458340 0.458340
5754.218262 0.000000 3484.805420 0.000000 0.982718 0.000000 -0.185109 0.408831 0.408831 0.408831
5764.682617 0.000000 3500.915039 0.000000 0.774859 0.000000 0.632134 0.362074 0.362074 0.362074
5772.185059 0.000000 3526.381104 0.000000 0.316536 0.000000 -0.948581 0.459232 0.459232 0.459232
5784.018066 0.000000 3519.203613 0.000000 0.686751 0.000000 0.726893 0.362211 0.362211 0.362211
5826.536133 0.000000 3501.806396 0.000000 0.979129 0.000000 0.203240 0.390496 0.390496 0.390496
5809.395508 0.000000 3509.926270 0.000000 0.195463 0.000000 0.980711 0.330019 0.330019 0.330019
5783.627441 0.000000 3473.186035 0.000000 0.055502 0.000000 0.998459 0.328124 0.328124 0.328124
5796.944336 0.000000 3529.201660 0.000000 0.819698 0.000000 0.572796 0.371069 0.371069 0.371069
5789.018555 0.000000 3503.163086 0.000000 0.998562 0.000000 -0.053611 0.402544 0.402544 0.402544
5761.395020 0.000000 3485.510986 0.000000 0.571179 0.000000 -0.820825 0.445672 0.445672 0.445672
5773.702637 0.000000 3505.011230 0.000000 0.389699 0.000000 0.920942 0.341556 0.341556 0.341556
5803.555664 0.000000 3490.032715 0.000000 0.900743 0.000000 0.434352 0.378687 0.378687 0.378687
5747.892578 0.000000 3485.029785 0.000000 0.829066 0.000000 -0.559151 0.428146 0.428146 0.428146
5811.622559 0.000000 3507.862305 0.000000 0.187309 0.000000 0.982301 0.302677 0.302677 0.302677
5874.747559 0.000000 3439.196045 0.000000 0.325939 0.000000 -0.945391 0.401237 0.401237 0.401237
5898.304199 0.000000 3434.450928 0.000000 0.380229 0.000000 -0.924892 0.402948 0.402948 0.402948
5851.439941 0.000000 3505.901855 0.000000 0.651364 0.000000 -0.758765 0.404301 0.404301 0.404301
5882.628418 0.000000 3433.831299 0.000000 0.403915 0.000000 0.914796 0.387313 0.387313 0.387313
5843.875977 0.000000 3509.570312 0.000000 0.877668 0.000000 -0.479269 0.412977 0.412977 0.412977
5841.172852 0.000000 3507.107666 0.000000 0.994837 0.000000 0.101490 0.397665 0.397665 0.397665
5874.109375 0.000000 3432.116211 0.000000 0.371983 0.000000 -0.928240 0.430294 0.430294 0.430294
5906.265137 0.000000 3430.187500 0.000000 0.759898 0.000000 -0.650043 0.424380 0.424380 0.424380
5861.208008 0.000000 3438.272461 0.000000 0.144415 0.000000 0.989517 0.357995 0.357995 0.357995
5884.225586 0.000000 3431.322021 0.000000 0.845424 0.000000 -0.534096 0.421662 0.421662 0.421662
5840.269531 0.000000 3441.725342 0.000000 0.626378 0.000000 0.779519 0.357599 0.357599 0.357599
5830.491699 0.000000 3499.376953 0.000000 0.837219 0.000000 0.546868 0.376020 0.376020 0.376020
5832.526855 0.000000 3501.131104 0.000000 0.001771 0.000000 0.999998 0.327141 0.327141 0.327141
5876.556152 0.000000 3429.846191 0.000000 0.172976 0.000000 0.984926 0.350477 0.350477 0.350477
5898.580078 0.000000 3426.142334 0.000000 0.068864 0.000000 -0.997626 0.477240 0.477240 0.477240
5852.520508 0.000000 3443.781982 0.000000 0.679898 0.000000 -0.733307 0.439047 0.439047 0.439047
5890.964355 0.000000 3427.843750 0.000000 0.455202 0.000000 -0.890388 0.491025 0.491025 0.491025
5876.163086 0.000000 3427.008057 0.000000 0.882822 0.000000 -0.469708 0.423682 0.423682 0.423682
5894.269531 0.000000 3423.521729 0.000000 0.356631 0.000000 0.934245 0.354230 0.354230 0.354230
5908.268555 0.000000 3423.725342 0.000000 0.722477 0.000000 0.691395 0.364169 0.364169 0.364169
5834.786133 0.000000 3447.664795 0.000000 0.807034 0.000000 0.590504 0.370036 0.370036 0.370036
5866.647949 0.000000 3439.521240 0.000000 0.982298 0.000000 -0.187325 0.408656 0.408656 0.408656
5844.569824 0.000000 3506.725342 0.000000 0.326784 0.000000 -0.945099 0.458719 0.458719 0.458719
5835.274414 0.000000 3496.895264 0.000000 0.869026 0.000000 -0.494766 0.424550 0.424550 0.424550
5837.459961 0.000000 3495.001221 0.000000 0.114173 0.000000 0.993461 0.330918 0.330918 0.330918
5861.882324 0.000000 3440.820312 0.000000 0.536737 0.000000 -0.843750 0.447635 0.447635 0.447635
5900.259277 0.000000 3423.762939 0.000000 0.958071 0.000000 -0.286529 0.413059 0.413059 0.413059
5844.529297 0.000000 3502.250977 0.000000 0.963848 0.000000 0.266451 0.387207 0.387207 0.387207
5836.616211 0.000000 3445.707764 0.000000 0.692088 0.000000 -0.721813 0.438252 0.438252 0.438252
5871.735352 0.000000 3429.622070 0.000000 0.593312 0.000000 0.804973 0.323384 0.323384 0.323384
5870.980957 0.000000 3436.723145 0.000000 0.997648 0.000000 -0.068543 0.403185 0.403185 0.403185
5904.709961 0.000000 3425.693604 0.000000 0.718464 0.000000 -0.695564 0.449161 0.449161 0.449161
5871.959961 0.000000 3433.050293 0.000000 0.409874 0.000000 -0.912142 0.459065 0.459065 0.459065
5847.365234 0.000000 3443.975098 0.000000 0.546986 0.000000 0.837142 0.346504 0.346504 0.346504
5881.121582 0.000000 3428.630859 0.000000 0.059285 0.000000 0.998241 0.318493 0.318493 0.318493
5908.403320 0.000000 3429.653320 0.000000 0.804940 0.000000 0.593357 0.367014 0.367014 0.367014
5891.661133 0.000000 3429.908936 0.000000 0.933204 0.000000 -0.359348 0.424593 0.424593 0.424593
5819.438477 0.000000 3585.864258 0.000000 0.906472 0.000000 -0.422265 0.401959 0.401959 0.401959
5781.713867 0.000000 3544.752930 0.000000 0.078413 0.000000 0.996921 0.389568 0.389568 0.389568
5798.293457 0.000000 3559.782227 0.000000 0.984780 0.000000 -0.173806 0.401657 0.401657 0.401657
5790.529785 0.000000 3550.259033 0.000000 0.345632 0.000000 -0.938370 0.419459 0.419459 0.419459
5812.182129 0.000000 3580.046143 0.000000 0.569782 0.000000 -0.821796 0.415412 0.415412 0.415412
5791.116211 0.000000 3583.523926 0.000000 0.529041 0.000000 -0.848596 0.423780 0.423780 0.423780
5775.673828 0.000000 3550.526611 0.000000 0.815824 0.000000 -0.578300 0.410776 0.410776 0.410776
5799.739258 0.000000 3580.819580 0.000000 0.848647 0.000000 -0.528959 0.414193 0.414193 0.414193
5741.763184 0.000000 3592.092285 0.000000 0.289251 0.000000 0.957253 0.370661 0.370661 0.370661
5757.106445 0.000000 3582.762695 0.000000 0.252021 0.000000 -0.967722 0.434170 0.434170 0.434170
5783.301270 0.000000 3572.604736 0.000000 0.851976 0.000000 -0.523582 0.413207 0.413207 0.413207
5789.435547 0.000000 3576.623779 0.000000 0.944011 0.000000 0.329914 0.389592 0.389592 0.389592
5773.324219 0.000000 3579.989258 0.000000 0.397613 0.000000 0.917553 0.373894 0.373894 0.373894
5811.463867 0.000000 3589.067139 0.000000 0.003554 0.000000 -0.999994 0.445387 0.445387 0.445387
5787.117188 0.000000 3539.100586 0.000000 0.027093 0.000000 0.999633 0.363002 0.363002 0.363002
5818.870117 0.000000 3563.232178 0.000000 0.996808 0.000000 -0.079833 0.402314 0.402314 0.402314
5808.372559 0.000000 3586.284668 0.000000 0.230897 0.000000 -0.972978 0.442082 0.442082 0.442082
5826.020508 0.000000 3566.315430 0.000000 0.521352 0.000000 0.853341 0.368861 0.368861 0.368861
5807.939453 0.000000 3568.493164 0.000000 0.989388 0.000000 -0.145297 0.405096 0.405096 0.405096
5757.222656 0.000000 3567.654053 0.000000 0.237746 0.000000 -0.971327 0.449170 0.449170 0.449170
5758.874512 0.000000 3578.638672 0.000000 0.989207 0.000000 0.146522 0.396109 0.396109 0.396109
5817.850586 0.000000 3569.135010 0.000000 0.361487 0.000000 -0.932377 0.439576 0.439576 0.439576
5814.708984 0.000000 3568.612793 0.000000 0.657317 0.000000 0.753614 0.374855 0.374855 0.374855
5784.567383 0.000000 3546.094238 0.000000 0.953008 0.000000 -0.302945 0.411372 0.411372 0.411372
5787.521484 0.000000 3549.253418 0.000000 0.343812 0.000000 0.939038 0.362847 0.362847 0.362847
5769.419434 0.000000 3560.427734 0.000000 0.009235 0.000000 0.999957 0.246399 0.246399 0.246399
5815.324707 0.000000 3562.291992 0.000000 0.999918 0.000000 0.012825 0.399552 0.399552 0.399552
5761.628906 0.000000 3577.468750 0.000000 0.895993 0.000000 0.444069 0.381390 0.381390 0.381390
5794.481934 0.000000 3533.441650 0.000000 0.182409 0.000000 0.983223 0.341119 0.341119 0.341119
5758.561035 0.000000 3588.675781 0.000000 0.223547 0.000000 -0.974693 0.445679 0.445679 0.445679
5784.461426 0.000000 3575.260742 0.000000 0.746051 0.000000 0.665889 0.377442 0.377442 0.377442
5778.578613 0.000000 3577.150146 0.000000 0.959967 0.000000 -0.280112 0.412475 0.412475 0.412475
5785.061523 0.000000 3552.499512 0.000000 0.377653 0.000000 0.925947 0.354497 0.354497 0.354497
5789.921875 0.000000 3553.036377 0.000000 0.953177 0.000000 -0.302414 0.413499 0.413499 0.413499
5805.256836 0.000000 3579.828613 0.000000 0.182888 0.000000 -0.983134 0.462323 0.462323 0.462323
5792.819824 0.000000 3540.761719 0.000000 0.996217 0.000000 -0.086899 0.402998 0.402998 0.402998
5786.508789 0.000000 3580.515381 0.000000 0.946311 0.000000 -0.323258 0.414957 0.414957 0.414957
5765.389648 0.000000 3573.497314 0.000000 0.322656 0.000000 0.946516 0.341074 0.341074 0.341074
5801.971191 0.000000 3579.118408 0.000000 0.318922 0.000000 0.947781 0.340887 0.340887 0.340887
5752.999023 0.000000 3571.716553 0.000000 0.904743 0.000000 0.425958 0.379787 0.379787 0.379787
5769.853516 0.000000 3567.287109 0.000000 0.975998 0.000000 0.217780 0.388819 0.388819 0.388819
5790.980957 0.000000 3532.035645 0.000000 0.045413 0.000000 -0.998968 0.462454 0.462454 0.462454
5787.987305 0.000000 3556.740723 0.000000 0.945467 0.000000 0.325717 0.387410 0.387410 0.387410
5805.731445 0.000000 3583.537109 0.000000 0.729451 0.000000 0.684033 0.367278 0.367278 0.367278
5761.511719 0.000000 3570.031250 0.000000 0.308895 0.000000 0.951096 0.338504 0.338504 0.338504
5751.098145 0.000000 3582.729492 0.000000 0.686295 0.000000 0.727324 0.360962 0.360962 0.360962
5782.112793 0.000000 3578.024170 0.000000 0.281578 0.000000 0.959538 0.343522 0.343522 0.343522
5815.206543 0.000000 3590.443115 0.000000 0.291299 0.000000 -0.956632 0.460489 0.460489 0.460489
5764.474609 0.000000 3568.323486 0.000000 0.590273 0.000000 0.807203 0.356378 0.356378 0.356378
5811.033691 0.000000 3565.721436 0.000000 0.989393 0.000000 0.145261 0.393085 0.393085 0.393085
5753.272461 0.000000 3578.503906 0.000000 0.808091 0.000000 -0.589057 0.427991 0.427991 0.427991
5786.836426 0.000000 3576.578125 0.000000 0.992478 0.000000 0.122422 0.394975 0.394975 0.394975
5827.606934 0.000000 3557.740723 0.000000 0.154548 0.000000 0.987985 0.335678 0.335678 0.335678
5782.163574 0.000000 3565.035400 0.000000 0.141974 0.000000 -0.989870 0.462760 0.462760 0.462760
5766.479004 0.000000 3571.268555 0.000000 0.754552 0.000000 0.656240 0.366045 0.366045 0.366045
5811.487305 0.000000 3586.592041 0.000000 0.009770 0.000000 -0.999952 0.468590 0.468590 0.468590
5796.410156 0.000000 3568.034668 0.000000 0.115773 0.000000 -0.993276 0.514041 0.514041 0.514041
5776.212402 0.000000 3555.934814 0.000000 0.910901 0.000000 -0.412626 0.422936 0.422936 0.422936
5782.663574 0.000000 3556.976807 0.000000 0.825510 0.000000 -0.564387 0.428446 0.428446 0.428446
5775.112793 0.000000 3559.929443 0.000000 0.354529 0.000000 0.935045 0.319753 0.319753 0.319753
5802.963867 0.000000 3565.982666 0.000000 0.869406 0.000000 0.494098 0.357939 0.357939 0.357939
5771.827637 0.000000 3565.697021 0.000000 0.769529 0.000000 0.638612 0.355729 0.355729 0.355729
5823.835449 0.000000 3565.360107 0.000000 0.747134 0.000000 -0.664674 0.435214 0.435214 0.435214
5784.794922 0.000000 3567.667969 0.000000 0.954265 0.000000 -0.298961 0.414401 0.414401 0.414401
5799.865723 0.000000 3574.273682 0.000000 0.046899 0.000000 0.998900 0.321629 0.321629 0.321629
5808.305176 0.000000 3583.761963 0.000000 0.914957 0.000000 0.403551 0.380296 0.380296 0.380296
5762.129395 0.000000 3584.851074 0.000000 0.984483 0.000000 0.175482 0.391633 0.391633 0.391633
5764.581055 0.000000 3562.201416 0.000000 0.440711 0.000000 0.897649 0.332672 0.332672 0.332672
5778.148438 0.000000 3565.038818 0.000000 0.436965 0.000000 0.899478 0.346941 0.346941 0.346941
5762.082031 0.000000 3574.929443 0.000000 0.421796 0.000000 0.906691 0.345577 0.345577 0.345577
5820.997070 0.000000 3558.014648 0.000000 0.949737 0.000000 -0.313048 0.415103 0.415103 0.415103
5802.524414 0.000000 3562.685303 0.000000 0.463362 0.000000 -0.886169 0.481563 0.481563 0.481563
5806.300781 0.000000 3565.423340 0.000000 0.205765 0.000000 -0.978602 0.480338 0.480338 0.480338
5765.249512 0.000000 3560.031982 0.000000 0.942056 0.000000 0.335455 0.379161 0.379161 0.379161
5755.511230 0.000000 3571.608887 0.000000 0.270031 0.000000 -0.962852 0.469961 0.469961 0.469961
5822.734863 0.000000 3560.751465 0.000000 0.139574 0.000000 0.990212 0.322845 0.322845 0.322845
5766.504395 0.000000 3564.176758 0.000000 0.748765 0.000000 0.662835 0.354413 0.354413 0.354413
5769.065918 0.000000 3557.856201 0.000000 0.680954 0.000000 0.732327 0.349533 0.349533 0.349533
5754.198730 0.000000 3576.502686 0.000000 0.999686 0.000000 0.025050 0.398236 0.398236 0.398236
5774.322754 0.000000 3561.917236 0.000000 0.969544 0.000000 0.244915 0.384310 0.384310 0.384310
5835.200684 0.000000 3566.536621 0.000000 0.576610 0.000000 0.817019 0.383767 0.383767 0.383767
5832.496094 0.000000 3592.318115 0.000000 0.886678 0.000000 -0.462387 0.410801 0.410801 0.410801
5832.064453 0.000000 3560.145996 0.000000 0.968173 0.000000 0.250283 0.394316 0.394316 0.394316
5836.964355 0.000000 3590.946777 0.000000 0.366423 0.000000 -0.930449 0.436417 0.436417 0.436417
5837.195801 0.000000 3585.229736 0.000000 0.926920 0.000000 0.375259 0.389436 0.389436 0.389436
5829.461914 0.000000 3572.243896 0.000000 0.907497 0.000000 -0.420058 0.413637 0.413637 0.413637
5828.502930 0.000000 3556.240967 0.000000 0.825817 0.000000 -0.563938 0.427224 0.427224 0.427224
5831.429199 0.000000 3582.153809 0.000000 0.815804 0.000000 0.578329 0.376906 0.376906 0.376906
5835.210938 0.000000 3580.552979 0.000000 0.679494 0.000000 0.733681 0.368330 0.368330 0.368330
5833.394531 0.000000 3589.755859 0.000000 0.243770 0.000000 -0.969833 0.460184 0.460184 0.460184
5831.007324 0.000000 3570.480225 0.000000 0.395330 0.000000 0.918539 0.344769 0.344769 0.344769
5922.734863 0.000000 3520.380371 0.000000 0.399947 0.000000 -0.916538 0.409262 0.409262 0.409262
5938.142578 0.000000 3525.033936 0.000000 0.646226 0.000000 -0.763146 0.411704 0.411704 0.411704
5926.886230 0.000000 3522.495361 0.000000 0.230180 0.000000 -0.973148 0.421387 0.421387 0.421387
5947.194336 0.000000 3524.238525 0.000000 0.847444 0.000000 0.530885 0.387705 0.387705 0.387705
5936.430664 0.000000 3516.894043 0.000000 0.857687 0.000000 -0.514173 0.413482 0.413482 0.413482
5951.403809 0.000000 3505.356689 0.000000 0.998285 0.000000 0.058547 0.398538 0.398538 0.398538
5953.027344 0.000000 3510.692139 0.000000 0.391559 0.000000 -0.920153 0.436756 0.436756 0.436756
5954.546875 0.000000 3504.627197 0.000000 0.417483 0.000000 0.908685 0.365844 0.365844 0.365844
5936.049316 0.000000 3509.732910 0.000000 0.304814 0.000000 -0.952412 0.434001 0.434001 0.434001
5915.823730 0.000000 3425.229248 0.000000 0.454696 0.000000 -0.890647 0.440050 0.440050 0.440050
5923.362305 0.000000 3523.425293 0.000000 0.260389 0.000000 -0.965504 0.447000 0.447000 0.447000
5960.454590 0.000000 3518.870850 0.000000 0.945696 0.000000 0.325051 0.389421 0.389421 0.389421
5939.877930 0.000000 3527.695801 0.000000 0.657602 0.000000 -0.753366 0.428116 0.428116 0.428116
5960.054688 0.000000 3513.061523 0.000000 0.376208 0.000000 -0.926535 0.447338 0.447338 0.447338
5951.971191 0.000000 3520.049561 0.000000 0.437098 0.000000 -0.899414 0.434065 0.434065 0.434065
5945.525879 0.000000 3506.148193 0.000000 0.605153 0.000000 0.796109 0.366896 0.366896 0.366896
5962.385254 0.000000 3515.701416 0.000000 0.958981 0.000000 0.283471 0.386367 0.386367 0.386367
5937.041504 0.000000 3527.620361 0.000000 0.863081 0.000000 0.505066 0.380437 0.380437 0.380437
5956.966797 0.000000 3517.113281 0.000000 0.998343 0.000000 -0.057539 0.402731 0.402731 0.402731
5934.962891 0.000000 3514.540527 0.000000 0.925019 0.000000 -0.379922 0.415762 0.415762 0.415762
5950.747070 0.000000 3529.701416 0.000000 0.980529 0.000000 0.196376 0.391710 0.391710 0.391710
5924.400879 0.000000 3528.583740 0.000000 0.999454 0.000000 0.033050 0.397277 0.397277 0.397277
5940.719238 0.000000 3512.456055 0.000000 0.160756 0.000000 -0.986994 0.524554 0.524554 0.524554
5953.449707 0.000000 3524.958252 0.000000 0.995076 0.000000 -0.099118 0.404709 0.404709 0.404709
5957.894531 0.000000 3507.995605 0.000000 0.835727 0.000000 0.549145 0.372424 0.372424 0.372424
5920.384277 0.000000 3526.145020 0.000000 0.197822 0.000000 -0.980238 0.510266 0.510266 0.510266
5935.083496 0.000000 3530.444336 0.000000 0.911387 0.000000 -0.411551 0.420967 0.420967 0.420967
5941.549805 0.000000 3529.537109 0.000000 0.977924 0.000000 -0.208963 0.409986 0.409986 0.409986
5947.004883 0.000000 3512.625244 0.000000 0.656621 0.000000 0.754220 0.336004 0.336004 0.336004
5955.990234 0.000000 3506.545410 0.000000 0.933732 0.000000 -0.357973 0.417366 0.417366 0.417366
5926.003418 0.000000 3530.310059 0.000000 0.670902 0.000000 -0.741546 0.461732 0.461732 0.461732
5921.804199 0.000000 3524.682373 0.000000 0.801371 0.000000 -0.598168 0.440981 0.440981 0.440981
6084.028320 0.000000 3512.565674 0.000000 0.051119 0.000000 -0.998693 0.403035 0.403035 0.403035
6002.902832 0.000000 3528.786133 0.000000 0.700084 0.000000 -0.714061 0.409530 0.409530 0.409530
6064.189453 0.000000 3508.571533 0.000000 0.993060 0.000000 0.117608 0.398823 0.398823 0.398823
6012.384766 0.000000 3514.645020 0.000000 0.253200 0.000000 0.967414 0.382275 0.382275 0.382275
6055.543457 0.000000 3508.646240 0.000000 0.616451 0.000000 -0.787393 0.418106 0.418106 0.418106
6034.711914 0.000000 3514.944580 0.000000 0.999553 0.000000 -0.029886 0.400701 0.400701 0.400701
6083.630371 0.000000 3508.882568 0.000000 0.704423 0.000000 -0.709781 0.415762 0.415762 0.415762
6038.395996 0.000000 3505.356689 0.000000 0.235328 0.000000 -0.971916 0.432619 0.432619 0.432619
6068.902344 0.000000 3528.905273 0.000000 0.302707 0.000000 0.953084 0.367200 0.367200 0.367200
6089.398438 0.000000 3491.749268 0.000000 0.105157 0.000000 0.994456 0.359024 0.359024 0.359024
6040.019531 0.000000 3510.692139 0.000000 0.983138 0.000000 -0.182867 0.406244 0.406244 0.406244
6041.539062 0.000000 3504.627197 0.000000 0.204725 0.000000 -0.978819 0.437475 0.437475 0.437475
6058.150391 0.000000 3515.546631 0.000000 0.117392 0.000000 0.993086 0.356466 0.356466 0.356466
6058.522949 0.000000 3507.510498 0.000000 0.193431 0.000000 -0.981114 0.453595 0.453595 0.453595
6064.463379 0.000000 3514.758545 0.000000 0.183397 0.000000 -0.983039 0.445687 0.445687 0.445687
6063.125977 0.000000 3517.411377 0.000000 0.932128 0.000000 0.362128 0.382423 0.382423 0.382423
6028.401367 0.000000 3516.877441 0.000000 0.530405 0.000000 0.847744 0.361103 0.361103 0.361103
6068.873535 0.000000 3500.456543 0.000000 0.061905 0.000000 -0.998082 0.461778 0.461778 0.461778
6066.840820 0.000000 3519.802734 0.000000 0.660938 0.000000 0.750441 0.361436 0.361436 0.361436
6064.048340 0.000000 3505.856201 0.000000 0.325449 0.000000 -0.945560 0.453836 0.453836 0.453836
6084.746582 0.000000 3506.392334 0.000000 0.961698 0.000000 0.274112 0.387384 0.387384 0.387384
6011.393066 0.000000 3528.583740 0.000000 0.463009 0.000000 -0.886354 0.443516 0.443516 0.443516
6076.448242 0.000000 3497.636719 0.000000 0.118671 0.000000 -0.992934 0.471042 0.471042 0.471042
6027.711426 0.000000 3512.456055 0.000000 0.605214 0.000000 0.796063 0.364140 0.364140 0.364140
6061.955566 0.000000 3502.951172 0.000000 0.998025 0.000000 -0.062819 0.402511 0.402511 0.402511
6069.842285 0.000000 3526.515625 0.000000 0.566035 0.000000 -0.824381 0.443066 0.443066 0.443066
6025.935547 0.000000 3517.422852 0.000000 0.914337 0.000000 0.404955 0.380848 0.380848 0.380848
6051.309082 0.000000 3505.514404 0.000000 0.750553 0.000000 -0.660811 0.432080 0.432080 0.432080
6081.367188 0.000000 3497.171875 0.000000 0.794082 0.000000 0.607810 0.362161 0.362161 0.362161
6066.719727 0.000000 3497.408447 0.000000 0.368755 0.000000 0.929527 0.339235 0.339235 0.339235
6017.495117 0.000000 3516.560547 0.000000 0.149436 0.000000 -0.988771 0.474489 0.474489 0.474489
6068.299316 0.000000 3492.889404 0.000000 0.995531 0.000000 -0.094440 0.404014 0.404014 0.404014
6066.889160 0.000000 3502.231689 0.000000 0.936640 0.000000 -0.350294 0.415904 0.415904 0.415904
6009.129883 0.000000 3529.507080 0.000000 0.992181 0.000000 -0.124805 0.405936 0.405936 0.405936
6033.997070 0.000000 3512.625244 0.000000 0.134564 0.000000 0.990905 0.331893 0.331893 0.331893
6012.342773 0.000000 3517.179688 0.000000 0.542197 0.000000 -0.840252 0.445335 0.445335 0.445335
6087.512695 0.000000 3501.806396 0.000000 0.999707 0.000000 -0.024223 0.401137 0.401137 0.401137
6042.982422 0.000000 3506.545410 0.000000 0.917208 0.000000 0.398408 0.380972 0.380972 0.380972
6071.917969 0.000000 3497.630371 0.000000 0.967126 0.000000 -0.254298 0.417717 0.417717 0.417717
6068.803223 0.000000 3495.601807 0.000000 0.917503 0.000000 -0.397728 0.423487 0.423487 0.423487
6011.655762 0.000000 3521.561035 0.000000 0.977246 0.000000 -0.212110 0.412593 0.412593 0.412593
5994.536621 0.000000 3570.855957 0.000000 0.688616 0.000000 -0.725126 0.403240 0.403240 0.403240
5929.717773 0.000000 3579.133789 0.000000 0.247870 0.000000 0.968793 0.395385 0.395385 0.395385
5963.276367 0.000000 3580.049805 0.000000 0.762186 0.000000 -0.647358 0.405274 0.405274 0.405274
5990.710449 0.000000 3554.267334 0.000000 0.018879 0.000000 -0.999822 0.413948 0.413948 0.413948
5992.898926 0.000000 3575.182373 0.000000 0.252961 0.000000 0.967476 0.382271 0.382271 0.382271
5995.582031 0.000000 3548.444336 0.000000 0.999130 0.000000 0.041693 0.399271 0.399271 0.399271
5988.025391 0.000000 3551.195557 0.000000 0.355222 0.000000 -0.934782 0.423517 0.423517 0.423517
5973.723633 0.000000 3580.819580 0.000000 0.450385 0.000000 0.892834 0.377959 0.377959 0.377959
5938.303711 0.000000 3585.668701 0.000000 0.695888 0.000000 -0.718150 0.420001 0.420001 0.420001
5992.361328 0.000000 3540.736328 0.000000 0.953224 0.000000 0.302266 0.393407 0.393407 0.393407
5944.939453 0.000000 3533.982178 0.000000 0.649594 0.000000 0.760281 0.379730 0.379730 0.379730
5964.010254 0.000000 3571.810547 0.000000 0.670473 0.000000 -0.741934 0.424209 0.424209 0.424209
5963.419922 0.000000 3576.623779 0.000000 0.796760 0.000000 -0.604295 0.415552 0.415552 0.415552
5935.230469 0.000000 3572.786865 0.000000 0.384341 0.000000 0.923191 0.367109 0.367109 0.367109
5996.520020 0.000000 3580.938721 0.000000 0.249309 0.000000 -0.968424 0.435559 0.435559 0.435559
5983.367676 0.000000 3544.868408 0.000000 0.923305 0.000000 0.384068 0.389765 0.389765 0.389765
5932.858887 0.000000 3578.638672 0.000000 0.024172 0.000000 0.999708 0.359843 0.359843 0.359843
5972.104492 0.000000 3566.161621 0.000000 0.999578 0.000000 -0.029039 0.400986 0.400986 0.400986
5980.949219 0.000000 3562.018799 0.000000 0.966632 0.000000 0.256167 0.390558 0.390558 0.390558
5982.798340 0.000000 3549.126953 0.000000 0.375861 0.000000 0.926676 0.356198 0.356198 0.356198
6000.524902 0.000000 3589.993896 0.000000 0.850631 0.000000 0.525763 0.383415 0.383415 0.383415
5969.289551 0.000000 3575.182129 0.000000 0.189143 0.000000 0.981950 0.348302 0.348302 0.348302
5975.014160 0.000000 3567.370117 0.000000 0.510914 0.000000 -0.859632 0.437192 0.437192 0.437192
5935.613281 0.000000 3577.468750 0.000000 0.151314 0.000000 0.988486 0.344031 0.344031 0.344031
5965.601074 0.000000 3574.295654 0.000000 0.596440 0.000000 0.802657 0.372086 0.372086 0.372086
5982.970215 0.000000 3574.601562 0.000000 0.996204 0.000000 -0.087050 0.408051 0.408051 0.408051
5977.869629 0.000000 3557.759766 0.000000 0.962529 0.000000 -0.271180 0.409736 0.409736 0.409736
5939.374023 0.000000 3573.497314 0.000000 0.850238 0.000000 -0.526399 0.419653 0.419653 0.419653
5981.486328 0.000000 3553.221191 0.000000 0.917970 0.000000 -0.396650 0.417718 0.417718 0.417718
5975.955566 0.000000 3579.118408 0.000000 0.638573 0.000000 0.769561 0.365361 0.365361 0.365361
5988.000488 0.000000 3546.896973 0.000000 0.495531 0.000000 -0.868590 0.445714 0.445714 0.445714
5996.307129 0.000000 3545.860840 0.000000 0.638363 0.000000 -0.769736 0.441668 0.441668 0.441668
5993.491699 0.000000 3546.657227 0.000000 0.543578 0.000000 0.839359 0.362698 0.362698 0.362698
5979.715820 0.000000 3583.537109 0.000000 0.687937 0.000000 -0.725770 0.439741 0.439741 0.439741
5991.484375 0.000000 3544.841553 0.000000 0.428869 0.000000 -0.903367 0.453485 0.453485 0.453485
5984.577637 0.000000 3558.467285 0.000000 0.817497 0.000000 0.575934 0.377016 0.377016 0.377016
5984.266602 0.000000 3570.522705 0.000000 0.841015 0.000000 0.541012 0.352905 0.352905 0.352905
5992.004883 0.000000 3582.056396 0.000000 0.609043 0.000000 -0.793137 0.448478 0.448478 0.448478
5956.097168 0.000000 3578.024170 0.000000 0.317380 0.000000 -0.948298 0.449844 0.449844 0.449844
5956.084473 0.000000 3570.399414 0.000000 0.629114 0.000000 -0.777313 0.436011 0.436011 0.436011
5927.606445 0.000000 3533.626465 0.000000 0.985217 0.000000 -0.171311 0.409628 0.409628 0.409628
5985.789551 0.000000 3549.940430 0.000000 0.998781 0.000000 -0.049366 0.402293 0.402293 0.402293
5943.859863 0.000000 3587.202148 0.000000 0.638236 0.000000 0.769841 0.364905 0.364905 0.364905
6001.391602 0.000000 3538.994873 0.000000 0.538384 0.000000 -0.842700 0.447542 0.447542 0.447542
5986.689941 0.000000 3582.531982 0.000000 0.706215 0.000000 0.707997 0.345796 0.345796 0.345796
5920.283203 0.000000 3530.541016 0.000000 0.996615 0.000000 -0.082204 0.404027 0.404027 0.404027
5985.471680 0.000000 3586.592041 0.000000 0.631282 0.000000 0.775553 0.347261 0.347261 0.347261
5952.050293 0.000000 3581.236084 0.000000 0.146896 0.000000 0.989152 0.316848 0.316848 0.316848
5944.364258 0.000000 3574.933105 0.000000 0.216510 0.000000 -0.976280 0.476989 0.476989 0.476989
5970.394531 0.000000 3568.034668 0.000000 0.009629 0.000000 0.999954 0.328285 0.328285 0.328285
5940.641602 0.000000 3584.476562 0.000000 0.970965 0.000000 0.239222 0.389868 0.389868 0.389868
5998.231445 0.000000 3591.010742 0.000000 0.837559 0.000000 -0.546347 0.424820 0.424820 0.424820
5939.899902 0.000000 3531.252197 0.000000 0.149653 0.000000 0.988739 0.337581 0.337581 0.337581
5940.729980 0.000000 3576.111572 0.000000 0.590383 0.000000 -0.807123 0.465658 0.465658 0.465658
5995.833008 0.000000 3585.193604 0.000000 0.124926 0.000000 0.992166 0.325657 0.325657 0.325657
5973.850098 0.000000 3574.273682 0.000000 0.963420 0.000000 -0.267995 0.412599 0.412599 0.412599
5982.289551 0.000000 3583.761963 0.000000 0.927682 0.000000 -0.373370 0.423309 0.423309 0.423309
5984.146484 0.000000 3581.916016 0.000000 0.006127 0.000000 0.999981 0.310156 0.310156 0.310156
5988.191406 0.000000 3573.366455 0.000000 0.999123 0.000000 -0.041868 0.402237 0.402237 0.402237
5947.224121 0.000000 3577.598633 0.000000 0.714872 0.000000 -0.699256 0.458383 0.458383 0.458383
5987.692871 0.000000 3578.442871 0.000000 0.638722 0.000000 0.769438 0.348710 0.348710 0.348710
5988.153809 0.000000 3580.869141 0.000000 0.642508 0.000000 0.766279 0.351178 0.351178 0.351178
5945.257812 0.000000 3585.549316 0.000000 0.826244 0.000000 0.563312 0.356975 0.356975 0.356975
5950.519531 0.000000 3576.478271 0.000000 0.955784 0.000000 -0.294069 0.421610 0.421610 0.421610
5979.980957 0.000000 3576.702148 0.000000 0.359907 0.000000 -0.932988 0.481666 0.481666 0.481666
5977.411133 0.000000 3575.199951 0.000000 0.375060 0.000000 0.927000 0.321810 0.321810 0.321810
5986.697266 0.000000 3574.919189 0.000000 0.999972 0.000000 -0.007418 0.400511 0.400511 0.400511
5941.536621 0.000000 3580.524902 0.000000 0.977830 0.000000 0.209399 0.385569 0.385569 0.385569
5981.237793 0.000000 3579.433594 0.000000 0.646014 0.000000 0.763326 0.345797 0.345797 0.345797
6043.285645 0.000000 3567.547607 0.000000 0.761935 0.000000 -0.647653 0.403166 0.403166 0.403166
6048.371094 0.000000 3554.191650 0.000000 0.999899 0.000000 -0.014226 0.400078 0.400078 0.400078
6004.536621 0.000000 3588.683105 0.000000 0.989167 0.000000 -0.146796 0.400883 0.400883 0.400883
6011.535156 0.000000 3534.994141 0.000000 0.999837 0.000000 -0.018049 0.400180 0.400180 0.400180
6006.425293 0.000000 3538.325928 0.000000 0.344783 0.000000 -0.938682 0.413388 0.413388 0.413388
6054.849121 0.000000 3530.485596 0.000000 0.130749 0.000000 0.991415 0.386342 0.386342 0.386342
6066.912598 0.000000 3555.533691 0.000000 0.095927 0.000000 -0.995388 0.417672 0.417672 0.417672
6072.270508 0.000000 3547.404541 0.000000 0.773734 0.000000 0.633511 0.390751 0.390751 0.390751
6073.222656 0.000000 3556.438232 0.000000 0.969939 0.000000 -0.243347 0.403068 0.403068 0.403068
6031.651367 0.000000 3556.385742 0.000000 0.982589 0.000000 -0.185792 0.402893 0.402893 0.402893
6045.088867 0.000000 3563.286377 0.000000 0.716326 0.000000 -0.697766 0.415810 0.415810 0.415810
6046.693848 0.000000 3569.946289 0.000000 0.401201 0.000000 -0.915990 0.417924 0.417924 0.417924
6053.139648 0.000000 3589.473145 0.000000 0.813754 0.000000 -0.581210 0.413007 0.413007 0.413007
6046.702637 0.000000 3590.412354 0.000000 0.421488 0.000000 -0.906834 0.422683 0.422683 0.422683
6041.078613 0.000000 3579.834473 0.000000 0.349529 0.000000 0.936925 0.373941 0.373941 0.373941
6054.546387 0.000000 3585.904785 0.000000 0.154137 0.000000 -0.988049 0.442423 0.442423 0.442423
6008.110352 0.000000 3535.263428 0.000000 0.257672 0.000000 -0.966232 0.431401 0.431401 0.431401
6041.547363 0.000000 3588.340088 0.000000 0.274323 0.000000 -0.961638 0.441316 0.441316 0.441316
6070.143066 0.000000 3555.499023 0.000000 0.368963 0.000000 0.929444 0.361284 0.361284 0.361284
6048.093750 0.000000 3539.100586 0.000000 0.357984 0.000000 -0.933728 0.437895 0.437895 0.437895
6038.414062 0.000000 3589.121826 0.000000 0.364434 0.000000 -0.931229 0.428707 0.428707 0.428707
6042.746582 0.000000 3547.896240 0.000000 0.373158 0.000000 0.927768 0.365584 0.365584 0.365584
6045.543945 0.000000 3546.094238 0.000000 0.646969 0.000000 0.762516 0.366659 0.366659 0.366659
6059.096680 0.000000 3566.161621 0.000000 0.458516 0.000000 0.888686 0.360653 0.360653 0.360653
6002.815918 0.000000 3532.213623 0.000000 0.295600 0.000000 -0.955312 0.448855 0.448855 0.448855
6035.105469 0.000000 3557.384277 0.000000 0.803194 0.000000 0.595718 0.378970 0.378970 0.378970
6035.192383 0.000000 3545.256836 0.000000 0.582310 0.000000 -0.812967 0.435073 0.435073 0.435073
6040.167969 0.000000 3560.686523 0.000000 0.494406 0.000000 0.869231 0.354756 0.354756 0.354756
6059.180176 0.000000 3541.971191 0.000000 0.059726 0.000000 0.998215 0.346432 0.346432 0.346432
6047.485352 0.000000 3580.515381 0.000000 0.993107 0.000000 -0.117211 0.405045 0.405045 0.405045
6068.478516 0.000000 3553.221191 0.000000 0.970761 0.000000 -0.240050 0.409683 0.409683 0.409683
6050.540527 0.000000 3536.830566 0.000000 0.966719 0.000000 -0.255842 0.410593 0.410593 0.410593
6026.504883 0.000000 3550.766357 0.000000 0.618692 0.000000 0.785634 0.360742 0.360742 0.360742
6025.941895 0.000000 3541.535645 0.000000 0.915357 0.000000 -0.402642 0.416346 0.416346 0.416346
6004.729492 0.000000 3530.484863 0.000000 0.418363 0.000000 -0.908280 0.445503 0.445503 0.445503
6053.012695 0.000000 3570.160645 0.000000 0.271125 0.000000 0.962544 0.340456 0.340456 0.340456
6005.663574 0.000000 3535.880615 0.000000 0.993282 0.000000 -0.115718 0.405501 0.405501 0.405501
6044.985352 0.000000 3584.478760 0.000000 0.575724 0.000000 0.817644 0.348855 0.348855 0.348855
6061.708008 0.000000 3546.365967 0.000000 0.929692 0.000000 0.368339 0.382107 0.382107 0.382107
6007.275391 0.000000 3530.541016 0.000000 0.842395 0.000000 -0.538861 0.426994 0.426994 0.426994
6057.386719 0.000000 3568.034668 0.000000 0.536654 0.000000 -0.843802 0.450147 0.450147 0.450147
6027.469727 0.000000 3545.799316 0.000000 0.770642 0.000000 -0.637268 0.446230 0.446230 0.446230
6037.188965 0.000000 3555.934814 0.000000 0.882332 0.000000 -0.470627 0.423732 0.423732 0.423732
6043.640137 0.000000 3556.976807 0.000000 0.490495 0.000000 0.871444 0.352450 0.352450 0.352450
6035.866699 0.000000 3547.804688 0.000000 0.345558 0.000000 -0.938397 0.454125 0.454125 0.454125
6038.628418 0.000000 3551.940674 0.000000 0.216828 0.000000 -0.976210 0.463467 0.463467 0.463467
6049.808594 0.000000 3584.209473 0.000000 0.503382 0.000000 0.864064 0.345303 0.345303 0.345303
6052.266602 0.000000 3578.626953 0.000000 0.226284 0.000000 0.974061 0.320229 0.320229 0.320229
6058.149414 0.000000 3546.765869 0.000000 0.069329 0.000000 0.997594 0.330281 0.330281 0.330281
6054.760254 0.000000 3545.286621 0.000000 0.187030 0.000000 0.982354 0.288159 0.288159 0.288159
6050.721680 0.000000 3545.022217 0.000000 0.730628 0.000000 -0.682776 0.444281 0.444281 0.444281
6034.488281 0.000000 3549.712158 0.000000 0.662077 0.000000 0.749436 0.354737 0.354737 0.354737
6028.506348 0.000000 3549.903320 0.000000 0.143566 0.000000 -0.989641 0.482636 0.482636 0.482636
6051.795410 0.000000 3541.829346 0.000000 0.770771 0.000000 -0.637113 0.440008 0.440008 0.440008
6025.166504 0.000000 3548.946045 0.000000 0.644184 0.000000 0.764871 0.350431 0.350431 0.350431
6022.977051 0.000000 3544.058594 0.000000 0.897268 0.000000 -0.441485 0.429452 0.429452 0.429452
6059.774902 0.000000 3545.440918 0.000000 0.936643 0.000000 -0.350286 0.420371 0.420371 0.420371
6110.221191 0.000000 3434.939453 0.000000 0.501975 0.000000 -0.864882 0.419826 0.419826 0.419826
6093.824219 0.000000 3497.973877 0.000000 0.454031 0.000000 0.890986 0.376942 0.376942 0.376942
6144.437500 0.000000 3437.523926 0.000000 0.998817 0.000000 0.048637 0.398980 0.398980 0.398980
6115.832520 0.000000 3429.595215 0.000000 0.029725 0.000000 0.999558 0.360757 0.360757 0.360757
6138.942383 0.000000 3439.952637 0.000000 0.990611 0.000000 -0.136708 0.404177 0.404177 0.404177
6140.788574 0.000000 3433.777344 0.000000 0.309809 0.000000 0.950799 0.354853 0.354853 0.354853
6091.468262 0.000000 3499.376953 0.000000 0.999333 0.000000 0.036522 0.398596 0.398596 0.398596
6089.460938 0.000000 3504.409180 0.000000 0.869934 0.000000 0.493168 0.375537 0.375537 0.375537
6113.010742 0.000000 3429.195801 0.000000 0.713016 0.000000 -0.701147 0.433365 0.433365 0.433365
6089.466309 0.000000 3494.268799 0.000000 0.551546 0.000000 -0.834144 0.446798 0.446798 0.446798
6161.192383 0.000000 3592.398682 0.000000 0.938740 0.000000 0.344625 0.360648 0.360648 0.360648
6145.581543 0.000000 3593.021973 0.000000 0.983000 0.000000 0.183605 0.397326 0.397326 0.397326
6168.114258 0.000000 3629.758057 0.000000 0.785308 0.000000 -0.619105 0.412667 0.412667 0.412667
6159.945312 0.000000 3628.355225 0.000000 0.651725 0.000000 -0.758455 0.416335 0.416335 0.416335
6172.949219 0.000000 3596.660889 0.000000 0.998693 0.000000 0.051103 0.398953 0.398953 0.398953
6165.736328 0.000000 3609.904541 0.000000 0.167187 0.000000 -0.985925 0.430119 0.430119 0.430119
6172.520020 0.000000 3622.940674 0.000000 0.998564 0.000000 0.053577 0.398769 0.398769 0.398769
6158.890137 0.000000 3608.256836 0.000000 0.878529 0.000000 -0.477689 0.414671 0.414671 0.414671
6156.341309 0.000000 3586.284668 0.000000 0.974212 0.000000 -0.225637 0.407614 0.407614 0.407614
6133.535645 0.000000 3597.351562 0.000000 0.237236 0.000000 -0.971452 0.446530 0.446530 0.446530
6127.011719 0.000000 3617.676514 0.000000 0.438773 0.000000 0.898598 0.367664 0.367664 0.367664
6175.149414 0.000000 3603.290283 0.000000 0.414056 0.000000 -0.910251 0.441694 0.441694 0.441694
6175.087402 0.000000 3576.433105 0.000000 0.772415 0.000000 0.635118 0.381445 0.381445 0.381445
6145.515137 0.000000 3614.494873 0.000000 0.722679 0.000000 0.691183 0.377900 0.377900 0.377900
6162.682129 0.000000 3598.655518 0.000000 0.665363 0.000000 0.746520 0.321306 0.321306 0.321306
6124.935059 0.000000 3615.531250 0.000000 0.925898 0.000000 -0.377773 0.414120 0.414120 0.414120
6140.216797 0.000000 3607.073975 0.000000 0.060165 0.000000 -0.998188 0.460340 0.460340 0.460340
6129.981934 0.000000 3616.830566 0.000000 0.244944 0.000000 0.969537 0.356390 0.356390 0.356390
6169.776855 0.000000 3573.684082 0.000000 0.322700 0.000000 -0.946501 0.436595 0.436595 0.436595
6146.554688 0.000000 3595.785156 0.000000 0.823298 0.000000 0.567610 0.381314 0.381314 0.381314
6167.121582 0.000000 3614.951660 0.000000 0.025346 0.000000 0.999679 0.348299 0.348299 0.348299
6140.302246 0.000000 3603.463135 0.000000 0.410115 0.000000 0.912034 0.350122 0.350122 0.350122
6169.766113 0.000000 3622.182129 0.000000 0.657093 0.000000 -0.753809 0.437091 0.437091 0.437091
6152.972656 0.000000 3595.258789 0.000000 0.426807 0.000000 0.904343 0.352612 0.352612 0.352612
6148.263184 0.000000 3615.440430 0.000000 0.956452 0.000000 0.291888 0.390387 0.390387 0.390387
6163.957520 0.000000 3612.246826 0.000000 0.943551 0.000000 0.331226 0.389212 0.389212 0.389212
6139.618164 0.000000 3596.266357 0.000000 0.767643 0.000000 -0.640877 0.427093 0.427093 0.427093
6169.386719 0.000000 3636.671387 0.000000 0.271007 0.000000 -0.962577 0.457608 0.457608 0.457608
6158.763184 0.000000 3611.152588 0.000000 0.874782 0.000000 -0.484518 0.418689 0.418689 0.418689
6169.590332 0.000000 3587.608154 0.000000 0.575619 0.000000 0.817718 0.360799 0.360799 0.360799
6164.326172 0.000000 3574.315674 0.000000 0.854701 0.000000 -0.519121 0.427253 0.427253 0.427253
6167.041504 0.000000 3627.086670 0.000000 0.176334 0.000000 -0.984330 0.450794 0.450794 0.450794
6155.865723 0.000000 3607.440918 0.000000 0.411963 0.000000 -0.911200 0.454369 0.454369 0.454369
6157.310059 0.000000 3596.948486 0.000000 0.362533 0.000000 0.931971 0.302949 0.302949 0.302949
6145.606934 0.000000 3605.662109 0.000000 0.093558 0.000000 -0.995614 0.451627 0.451627 0.451627
6131.292480 0.000000 3599.069336 0.000000 0.288976 0.000000 0.957336 0.347051 0.347051 0.347051
6151.040527 0.000000 3612.840576 0.000000 0.763760 0.000000 -0.645500 0.432583 0.432583 0.432583
6165.989258 0.000000 3582.056396 0.000000 0.282919 0.000000 0.959144 0.290373 0.290373 0.290373
6148.947754 0.000000 3609.935547 0.000000 0.790695 0.000000 0.612211 0.367103 0.367103 0.367103
6143.442383 0.000000 3599.588867 0.000000 0.001867 0.000000 0.999998 0.328712 0.328712 0.328712
6145.101562 0.000000 3608.942383 0.000000 0.989054 0.000000 -0.147553 0.406063 0.406063 0.406063
6148.066406 0.000000 3604.861816 0.000000 0.590913 0.000000 0.806735 0.350323 0.350323 0.350323
6162.188965 0.000000 3627.089600 0.000000 0.854896 0.000000 0.518800 0.376578 0.376578 0.376578
6148.718262 0.000000 3597.292969 0.000000 0.995952 0.000000 0.089884 0.395955 0.395955 0.395955
6158.566406 0.000000 3625.221436 0.000000 0.951832 0.000000 -0.306619 0.412915 0.412915 0.412915
6138.301270 0.000000 3612.498779 0.000000 0.503203 0.000000 0.864168 0.348418 0.348418 0.348418
6160.674316 0.000000 3582.531982 0.000000 0.118331 0.000000 -0.992974 0.478310 0.478310 0.478310
6168.359375 0.000000 3604.156250 0.000000 0.232325 0.000000 -0.972638 0.470728 0.470728 0.470728
6153.711914 0.000000 3604.392822 0.000000 0.998403 0.000000 -0.056489 0.403048 0.403048 0.403048
6172.570312 0.000000 3576.517334 0.000000 0.129175 0.000000 0.991622 0.339551 0.339551 0.339551
6124.171387 0.000000 3606.668213 0.000000 0.590293 0.000000 0.807189 0.331051 0.331051 0.331051
6131.878906 0.000000 3614.979980 0.000000 0.971544 0.000000 0.236858 0.388299 0.388299 0.388299
6159.456055 0.000000 3586.592041 0.000000 0.080044 0.000000 0.996791 0.328547 0.328547 0.328547
6155.291504 0.000000 3599.873779 0.000000 0.484381 0.000000 0.874857 0.336712 0.336712 0.336712
6168.603516 0.000000 3619.982422 0.000000 0.997012 0.000000 0.077249 0.396525 0.396525 0.396525
6166.852539 0.000000 3595.344238 0.000000 0.942745 0.000000 0.333516 0.372496 0.372496 0.372496
6167.251465 0.000000 3624.589600 0.000000 0.220300 0.000000 -0.975432 0.457913 0.457913 0.457913
6156.780273 0.000000 3620.318848 0.000000 0.995621 0.000000 -0.093478 0.404581 0.404581 0.404581
6165.667480 0.000000 3601.029541 0.000000 0.996096 0.000000 0.088275 0.394042 0.394042 0.394042
6132.360840 0.000000 3610.032959 0.000000 0.863614 0.000000 -0.504154 0.434563 0.434563 0.434563
6153.881348 0.000000 3609.216064 0.000000 0.984158 0.000000 0.177293 0.390389 0.390389 0.390389
6169.817383 0.000000 3585.193604 0.000000 0.844340 0.000000 -0.535807 0.431622 0.431622 0.431622
6171.106934 0.000000 3634.451172 0.000000 0.922467 0.000000 -0.386075 0.417614 0.417614 0.417614
6173.221680 0.000000 3632.589600 0.000000 0.194078 0.000000 0.980986 0.338189 0.338189 0.338189
6165.632812 0.000000 3620.180420 0.000000 0.974983 0.000000 0.222281 0.385226 0.385226 0.385226
6151.264160 0.000000 3601.454346 0.000000 0.667533 0.000000 0.744580 0.353450 0.353450 0.353450
6174.504883 0.000000 3608.790771 0.000000 0.206311 0.000000 -0.978486 0.470778 0.470778 0.470778
6129.974609 0.000000 3613.529785 0.000000 0.643615 0.000000 -0.765349 0.459621 0.459621 0.459621
6157.364258 0.000000 3616.910645 0.000000 0.948498 0.000000 0.316785 0.381974 0.381974 0.381974
6164.923828 0.000000 3588.089111 0.000000 0.997780 0.000000 -0.066594 0.404259 0.404259 0.404259
6136.987305 0.000000 3610.147461 0.000000 0.699095 0.000000 -0.715029 0.444154 0.444154 0.444154
6135.168457 0.000000 3602.701660 0.000000 0.785688 0.000000 0.618623 0.361368 0.361368 0.361368
6161.006836 0.000000 3618.780762 0.000000 0.054955 0.000000 0.998489 0.297824 0.297824 0.297824
6152.909180 0.000000 3599.399170 0.000000 0.947519 0.000000 -0.319700 0.417711 0.417711 0.417711
6156.327637 0.000000 3612.500244 0.000000 0.751930 0.000000 0.659243 0.361543 0.361543 0.361543
6135.503906 0.000000 3606.503174 0.000000 0.689322 0.000000 0.724455 0.350643 0.350643 0.350643
6155.795410 0.000000 3602.586182 0.000000 0.636989 0.000000 0.770873 0.356050 0.356050 0.356050
6173.468262 0.000000 3604.826416 0.000000 0.211132 0.000000 -0.977458 0.472556 0.472556 0.472556
6155.308594 0.000000 3595.362061 0.000000 0.344952 0.000000 0.938620 0.323334 0.323334 0.323334
6167.666016 0.000000 3591.025879 0.000000 0.958259 0.000000 -0.285900 0.416649 0.416649 0.416649
6161.677246 0.000000 3578.442871 0.000000 0.626727 0.000000 -0.779239 0.446395 0.446395 0.446395
6136.234375 0.000000 3599.669922 0.000000 0.885718 0.000000 -0.464223 0.425792 0.425792 0.425792
6132.059082 0.000000 3603.787598 0.000000 0.002645 0.000000 -0.999996 0.493176 0.493176 0.493176
6134.321289 0.000000 3610.675293 0.000000 0.902269 0.000000 0.431173 0.373512 0.373512 0.373512
6133.896973 0.000000 3613.485840 0.000000 0.196567 0.000000 0.980490 0.318423 0.318423 0.318423
6124.842285 0.000000 3604.747314 0.000000 0.582445 0.000000 0.812870 0.339344 0.339344 0.339344
6260.590332 0.000000 3600.304199 0.000000 0.917386 0.000000 -0.397999 0.402861 0.402861 0.402861
6212.594727 0.000000 3608.878662 0.000000 0.879699 0.000000 -0.475530 0.404701 0.404701 0.404701
6214.640625 0.000000 3571.180908 0.000000 0.644372 0.000000 -0.764713 0.416084 0.416084 0.416084
6248.027344 0.000000 3605.587646 0.000000 0.833902 0.000000 0.551913 0.390658 0.390658 0.390658
6243.462402 0.000000 3564.650391 0.000000 0.794608 0.000000 -0.607122 0.409447 0.409447 0.409447
6244.432617 0.000000 3622.828613 0.000000 0.964391 0.000000 0.264482 0.394253 0.394253 0.394253
6226.077148 0.000000 3583.523926 0.000000 0.270127 0.000000 -0.962825 0.427205 0.427205 0.427205
6211.559570 0.000000 3561.942627 0.000000 0.461412 0.000000 -0.887186 0.424518 0.424518 0.424518
6226.956543 0.000000 3563.078125 0.000000 0.185414 0.000000 -0.982661 0.430413 0.430413 0.430413
6237.473633 0.000000 3619.046143 0.000000 0.817406 0.000000 0.576062 0.386819 0.386819 0.386819
6227.533691 0.000000 3618.084229 0.000000 0.999947 0.000000 -0.010293 0.400314 0.400314 0.400314
6242.900391 0.000000 3568.493164 0.000000 0.964012 0.000000 0.265858 0.390460 0.390460 0.390460
6215.523438 0.000000 3611.611572 0.000000 0.675506 0.000000 -0.737354 0.421528 0.421528 0.421528
6227.337402 0.000000 3580.764893 0.000000 0.701094 0.000000 0.713069 0.375424 0.375424 0.375424
6216.974121 0.000000 3616.830566 0.000000 0.348694 0.000000 0.937236 0.356334 0.356334 0.356334
6247.068848 0.000000 3621.388184 0.000000 0.999997 0.000000 -0.002318 0.400067 0.400067 0.400067
6256.896973 0.000000 3606.119385 0.000000 0.536915 0.000000 0.843636 0.368918 0.368918 0.368918
6227.674805 0.000000 3622.955322 0.000000 0.982857 0.000000 0.184371 0.393241 0.393241 0.393241
6219.894043 0.000000 3555.871826 0.000000 0.451780 0.000000 0.892129 0.355429 0.355429 0.355429
6231.027344 0.000000 3570.582031 0.000000 0.260400 0.000000 0.965501 0.352347 0.352347 0.352347
6214.152344 0.000000 3560.686523 0.000000 0.169056 0.000000 -0.985606 0.461556 0.461556 0.461556
6219.422363 0.000000 3575.260742 0.000000 0.406400 0.000000 -0.913695 0.435672 0.435672 0.435672
6248.495605 0.000000 3584.947266 0.000000 0.359483 0.000000 0.933152 0.360954 0.360954 0.360954
6245.755371 0.000000 3611.152588 0.000000 0.862111 0.000000 -0.506719 0.417246 0.417246 0.417246
6235.146973 0.000000 3571.650879 0.000000 0.518158 0.000000 -0.855285 0.444061 0.444061 0.444061
6256.582520 0.000000 3587.608154 0.000000 0.188981 0.000000 -0.981981 0.453772 0.453772 0.453772
6236.932129 0.000000 3579.118408 0.000000 0.612722 0.000000 0.790299 0.316276 0.316276 0.316276
6251.474121 0.000000 3618.089844 0.000000 0.694817 0.000000 -0.719186 0.427252 0.427252 0.427252
6248.786133 0.000000 3595.124023 0.000000 0.599157 0.000000 -0.800632 0.485290 0.485290 0.485290
6224.265137 0.000000 3565.139160 0.000000 0.961527 0.000000 0.274711 0.386105 0.386105 0.386105
6244.302246 0.000000 3596.948486 0.000000 0.863399 0.000000 0.504522 0.374915 0.374915 0.374915
6190.246582 0.000000 3628.241455 0.000000 0.645374 0.000000 0.763866 0.319702 0.319702 0.319702
6240.692383 0.000000 3583.537109 0.000000 0.953744 0.000000 -0.300620 0.424546 0.424546 0.424546
6258.730957 0.000000 3613.376709 0.000000 0.993218 0.000000 0.116267 0.393832 0.393832 0.393832
6232.688477 0.000000 3582.585938 0.000000 0.713808 0.000000 -0.700342 0.433704 0.433704 0.433704
6218.508301 0.000000 3619.499512 0.000000 0.947089 0.000000 -0.320972 0.414847 0.414847 0.414847
6260.056641 0.000000 3616.586670 0.000000 0.990926 0.000000 -0.134406 0.406058 0.406058 0.406058
6247.371582 0.000000 3600.032227 0.000000 0.681069 0.000000 -0.732219 0.436920 0.436920 0.436920
6216.816406 0.000000 3561.871582 0.000000 0.841485 0.000000 0.540280 0.369506 0.369506 0.369506
6217.124512 0.000000 3565.035400 0.000000 0.947839 0.000000 -0.318750 0.413930 0.413930 0.413930
6247.666504 0.000000 3582.531982 0.000000 0.997634 0.000000 0.068749 0.397011 0.397011 0.397011
6246.424316 0.000000 3594.211182 0.000000 0.998212 0.000000 0.059771 0.395401 0.395401 0.395401
6250.726562 0.000000 3593.479492 0.000000 0.262571 0.000000 -0.964913 0.512736 0.512736 0.512736
6218.871094 0.000000 3614.979980 0.000000 0.623967 0.000000 0.781450 0.354765 0.354765 0.354765
6246.448242 0.000000 3586.592041 0.000000 0.715482 0.000000 0.698631 0.362924 0.362924 0.362924
6259.208008 0.000000 3591.010742 0.000000 0.229423 0.000000 -0.973327 0.486935 0.486935 0.486935
6196.060059 0.000000 3637.428711 0.000000 0.996514 0.000000 -0.083421 0.404462 0.404462 0.404462
6217.624512 0.000000 3556.976807 0.000000 1.000000 0.000000 -0.000209 0.400011 0.400011 0.400011
6252.659668 0.000000 3601.029541 0.000000 0.582144 0.000000 -0.813085 0.456413 0.456413 0.456413
6219.353027 0.000000 3610.032959 0.000000 0.999706 0.000000 0.024265 0.398897 0.398897 0.398897
6189.115723 0.000000 3631.600098 0.000000 0.061370 0.000000 -0.998115 0.525860 0.525860 0.525860
6193.781250 0.000000 3632.526855 0.000000 0.986422 0.000000 0.164229 0.390445 0.390445 0.390445
6223.162598 0.000000 3570.308105 0.000000 0.378366 0.000000 0.925656 0.307281 0.307281 0.307281
6202.526367 0.000000 3636.521484 0.000000 0.859146 0.000000 0.511731 0.361643 0.361643 0.361643
6261.117676 0.000000 3586.121826 0.000000 0.631635 0.000000 0.775266 0.347731 0.347731 0.347731
6202.615723 0.000000 3628.786133 0.000000 0.115174 0.000000 0.993345 0.321519 0.321519 0.321519
6207.145996 0.000000 3633.365479 0.000000 0.997216 0.000000 -0.074565 0.404584 0.404584 0.404584
6219.755859 0.000000 3567.667969 0.000000 0.798852 0.000000 0.601528 0.361329 0.361329 0.361329
6234.826660 0.000000 3574.273682 0.000000 0.995136 0.000000 -0.098506 0.406109 0.406109 0.406109
6216.153320 0.000000 3633.811279 0.000000 0.010421 0.000000 0.999946 0.297157 0.297157 0.297157
6243.266113 0.000000 3583.761963 0.000000 0.992155 0.000000 -0.125010 0.409262 0.409262 0.409262
6221.331543 0.000000 3561.209229 0.000000 0.814841 0.000000 -0.579684 0.429022 0.429022 0.429022
6245.123047 0.000000 3581.916016 0.000000 0.998525 0.000000 0.054286 0.396285 0.396285 0.396285
6244.356445 0.000000 3616.910645 0.000000 0.735476 0.000000 0.677551 0.360228 0.360228 0.360228
6232.432617 0.000000 3579.939453 0.000000 0.625853 0.000000 -0.779941 0.456727 0.456727 0.456727
6251.916016 0.000000 3588.089111 0.000000 0.619929 0.000000 -0.784658 0.452703 0.452703 0.452703
6253.333984 0.000000 3612.820312 0.000000 0.058195 0.000000 0.998305 0.319189 0.319189 0.319189
6191.096680 0.000000 3630.377930 0.000000 0.985307 0.000000 0.170791 0.387231 0.387231 0.387231
6222.024414 0.000000 3630.447998 0.000000 0.945967 0.000000 -0.324264 0.418797 0.418797 0.418797
6220.468750 0.000000 3572.171387 0.000000 0.050213 0.000000 -0.998739 0.491108 0.491108 0.491108
6239.162598 0.000000 3572.186279 0.000000 0.046226 0.000000 0.998931 0.297996 0.297996 0.297996
6195.186523 0.000000 3628.718018 0.000000 0.417943 0.000000 0.908473 0.330579 0.330579 0.330579
6221.277832 0.000000 3563.424805 0.000000 0.685947 0.000000 0.727652 0.357277 0.357277 0.357277
6254.658203 0.000000 3591.025879 0.000000 0.992181 0.000000 0.124810 0.391190 0.391190 0.391190
6238.636719 0.000000 3584.335449 0.000000 0.312960 0.000000 0.949766 0.333084 0.333084 0.333084
6223.151367 0.000000 3620.516602 0.000000 0.856478 0.000000 -0.516184 0.429249 0.429249 0.429249
6190.250488 0.000000 3634.592041 0.000000 0.995988 0.000000 0.089491 0.393467 0.393467 0.393467
6224.205566 0.000000 3574.466309 0.000000 0.965023 0.000000 0.262165 0.385298 0.385298 0.385298
6255.450684 0.000000 3598.019043 0.000000 0.898816 0.000000 -0.438326 0.429452 0.429452 0.429452
6260.516602 0.000000 3612.134277 0.000000 0.996673 0.000000 -0.081505 0.404685 0.404685 0.404685
6171.725098 0.000000 3659.425781 0.000000 0.048818 0.000000 0.998808 0.216097 0.216097 0.216097
6136.305664 0.000000 3669.526611 0.000000 0.996948 0.000000 -0.078068 0.400585 0.400585 0.400585
6165.085449 0.000000 3672.990234 0.000000 0.800919 0.000000 0.598773 0.393269 0.393269 0.393269
6112.835938 0.000000 3645.872314 0.000000 0.577148 0.000000 -0.816640 0.412405 0.412405 0.412405
6174.941406 0.000000 3656.355713 0.000000 0.711892 0.000000 0.702288 0.313694 0.313694 0.313694
6159.859375 0.000000 3679.957275 0.000000 0.378632 0.000000 -0.925547 0.421255 0.421255 0.421255
6154.181641 0.000000 3657.789551 0.000000 0.859723 0.000000 -0.510760 0.410707 0.410707 0.410707
6125.249023 0.000000 3639.315430 0.000000 0.580646 0.000000 -0.814156 0.418999 0.418999 0.418999
6166.604492 0.000000 3637.587646 0.000000 0.967098 0.000000 -0.254405 0.404624 0.404624 0.404624
6146.584961 0.000000 3660.566162 0.000000 0.654430 0.000000 -0.756123 0.419264 0.419264 0.419264
6139.964355 0.000000 3670.062500 0.000000 0.461915 0.000000 0.886924 0.377673 0.377673 0.377673
6134.533691 0.000000 3672.935547 0.000000 0.997471 0.000000 -0.071072 0.401847 0.401847 0.401847
6132.687988 0.000000 3638.187988 0.000000 0.475606 0.000000 -0.879658 0.426841 0.426841 0.426841
6118.923828 0.000000 3640.966553 0.000000 0.287695 0.000000 0.957722 0.363599 0.363599 0.363599
6120.011719 0.000000 3658.518311 0.000000 0.540566 0.000000 0.841302 0.379036 0.379036 0.379036
6166.838867 0.000000 3670.216553 0.000000 0.178000 0.000000 0.984030 0.365252 0.365252 0.365252
6143.159180 0.000000 3686.371094 0.000000 0.080585 0.000000 0.996748 0.353126 0.353126 0.353126
6138.942383 0.000000 3653.921387 0.000000 0.984896 0.000000 0.173149 0.394613 0.394613 0.394613
6146.088867 0.000000 3673.145996 0.000000 0.257842 0.000000 0.966187 0.350288 0.350288 0.350288
6166.228027 0.000000 3663.950439 0.000000 0.515691 0.000000 -0.856775 0.496591 0.496591 0.496591
6139.777832 0.000000 3673.103760 0.000000 0.921781 0.000000 -0.387710 0.413916 0.413916 0.413916
6130.676758 0.000000 3648.731934 0.000000 0.996862 0.000000 0.079159 0.397112 0.397112 0.397112
6163.293457 0.000000 3669.276367 0.000000 0.983385 0.000000 0.181531 0.392799 0.392799 0.392799
6120.520020 0.000000 3647.459961 0.000000 0.902133 0.000000 -0.431458 0.440763 0.440763 0.440763
6149.023438 0.000000 3667.914551 0.000000 0.825776 0.000000 -0.563998 0.420944 0.420944 0.420944
6142.450684 0.000000 3640.426025 0.000000 0.988695 0.000000 -0.149943 0.405937 0.405937 0.405937
6172.503906 0.000000 3669.087402 0.000000 0.454332 0.000000 -0.890832 0.435674 0.435674 0.435674
6160.611816 0.000000 3660.656738 0.000000 0.355966 0.000000 0.934499 0.361434 0.361434 0.361434
6127.649414 0.000000 3640.972900 0.000000 0.397278 0.000000 0.917698 0.357056 0.357056 0.357056
6155.470703 0.000000 3660.205566 0.000000 0.980823 0.000000 -0.194902 0.406954 0.406954 0.406954
6151.322754 0.000000 3661.475342 0.000000 0.952060 0.000000 -0.305912 0.412263 0.412263 0.412263
6167.476074 0.000000 3653.641602 0.000000 0.102323 0.000000 -0.994751 0.526099 0.526099 0.526099
6158.562012 0.000000 3665.451660 0.000000 0.959650 0.000000 0.281198 0.386906 0.386906 0.386906
6175.413574 0.000000 3653.387695 0.000000 0.730908 0.000000 -0.682476 0.464884 0.464884 0.464884
6140.004883 0.000000 3677.145020 0.000000 0.815086 0.000000 0.579341 0.350943 0.350943 0.350943
6175.575684 0.000000 3664.725098 0.000000 0.996601 0.000000 -0.082375 0.406588 0.406588 0.406588
6169.245117 0.000000 3637.694092 0.000000 0.901903 0.000000 0.431940 0.380152 0.380152 0.380152
6175.375977 0.000000 3645.979248 0.000000 0.999298 0.000000 -0.037458 0.402750 0.402750 0.402750
6142.407715 0.000000 3650.007812 0.000000 0.234141 0.000000 -0.972203 0.477292 0.477292 0.477292
6148.700195 0.000000 3653.350342 0.000000 0.604906 0.000000 -0.796297 0.438635 0.438635 0.438635
6127.624512 0.000000 3653.489990 0.000000 0.613026 0.000000 -0.790063 0.437751 0.437751 0.437751
6125.533203 0.000000 3645.693848 0.000000 0.166103 0.000000 -0.986108 0.508654 0.508654 0.508654
6144.378906 0.000000 3675.019043 0.000000 0.449022 0.000000 0.893521 0.334336 0.334336 0.334336
6122.858887 0.000000 3654.789062 0.000000 0.961776 0.000000 0.273838 0.386427 0.386427 0.386427
6136.170410 0.000000 3677.292480 0.000000 0.982659 0.000000 0.185420 0.389477 0.389477 0.389477
6150.932617 0.000000 3672.967041 0.000000 0.931100 0.000000 0.364765 0.383408 0.383408 0.383408
6117.043457 0.000000 3649.425049 0.000000 0.073320 0.000000 0.997308 0.311027 0.311027 0.311027
6132.711914 0.000000 3643.590820 0.000000 0.397570 0.000000 -0.917572 0.456276 0.456276 0.456276
6121.666992 0.000000 3643.812012 0.000000 0.339406 0.000000 -0.940640 0.472146 0.472146 0.472146
6132.936523 0.000000 3647.019043 0.000000 0.890408 0.000000 0.455163 0.376877 0.376877 0.376877
6154.269531 0.000000 3672.407715 0.000000 0.528657 0.000000 0.848836 0.345838 0.345838 0.345838
6119.191406 0.000000 3652.551514 0.000000 0.893859 0.000000 -0.448348 0.428089 0.428089 0.428089
6129.146484 0.000000 3646.060791 0.000000 0.929811 0.000000 -0.368039 0.420889 0.420889 0.420889
6170.703613 0.000000 3667.735840 0.000000 0.178554 0.000000 0.983930 0.310386 0.310386 0.310386
6148.666504 0.000000 3648.761475 0.000000 0.523991 0.000000 -0.851724 0.454455 0.454455 0.454455
6142.098145 0.000000 3642.599609 0.000000 0.534518 0.000000 -0.845157 0.457814 0.457814 0.457814
6169.379883 0.000000 3643.622070 0.000000 0.082445 0.000000 -0.996596 0.512208 0.512208 0.512208
6138.787598 0.000000 3648.813721 0.000000 0.677946 0.000000 -0.735112 0.455254 0.455254 0.455254
6124.705566 0.000000 3651.766846 0.000000 0.855484 0.000000 -0.517829 0.436962 0.436962 0.436962
6136.564941 0.000000 3647.644287 0.000000 0.960042 0.000000 0.279855 0.381022 0.381022 0.381022
6165.293457 0.000000 3659.251465 0.000000 0.998796 0.000000 0.049064 0.396716 0.396716 0.396716
6165.949219 0.000000 3649.827393 0.000000 0.895096 0.000000 -0.445873 0.428614 0.428614 0.428614
6164.295410 0.000000 3648.096680 0.000000 0.507857 0.000000 -0.861441 0.464273 0.464273 0.464273
6178.414062 0.000000 3661.167969 0.000000 0.324504 0.000000 0.945884 0.249511 0.249511 0.249511
6206.479004 0.000000 3644.560303 0.000000 0.181254 0.000000 -0.983436 0.410400 0.410400 0.410400
6205.785645 0.000000 3684.461182 0.000000 0.056083 0.000000 -0.998426 0.412857 0.412857 0.412857
6210.784180 0.000000 3672.556885 0.000000 0.998722 0.000000 0.050533 0.399546 0.399546 0.399546
6199.828125 0.000000 3645.872314 0.000000 0.114900 0.000000 -0.993377 0.415263 0.415263 0.415263
6220.727539 0.000000 3649.160889 0.000000 0.943855 0.000000 -0.330359 0.404875 0.404875 0.404875
6199.885742 0.000000 3661.185303 0.000000 0.617092 0.000000 -0.786891 0.419447 0.419447 0.419447
6194.410156 0.000000 3655.945068 0.000000 0.770026 0.000000 -0.638013 0.418656 0.418656 0.418656
6183.944336 0.000000 3644.994141 0.000000 0.521409 0.000000 0.853307 0.374988 0.374988 0.374988
6202.824707 0.000000 3643.563965 0.000000 0.982138 0.000000 0.188164 0.395841 0.395841 0.395841
6182.094727 0.000000 3642.247803 0.000000 0.063617 0.000000 0.997974 0.349581 0.349581 0.349581
6179.498047 0.000000 3648.094971 0.000000 0.854621 0.000000 0.519253 0.382280 0.382280 0.382280
6199.384766 0.000000 3664.062256 0.000000 0.898636 0.000000 0.438695 0.385487 0.385487 0.385487
6196.723633 0.000000 3660.635742 0.000000 0.999991 0.000000 -0.004325 0.400143 0.400143 0.400143
6188.238281 0.000000 3655.694092 0.000000 0.992071 0.000000 0.125679 0.394463 0.394463 0.394463
6182.113770 0.000000 3669.606445 0.000000 0.815667 0.000000 -0.578522 0.428955 0.428955 0.428955
6191.005371 0.000000 3639.872314 0.000000 0.838426 0.000000 -0.545015 0.447776 0.447776 0.447776
6187.959961 0.000000 3678.700928 0.000000 0.142398 0.000000 0.989809 0.347953 0.347953 0.347953
6204.814453 0.000000 3674.271484 0.000000 0.360470 0.000000 -0.932771 0.460618 0.460618 0.460618
6221.337891 0.000000 3640.223145 0.000000 0.970586 0.000000 -0.240753 0.421853 0.421853 0.421853
6187.553711 0.000000 3670.058105 0.000000 0.511380 0.000000 -0.859355 0.482090 0.482090 0.482090
6178.887695 0.000000 3664.412842 0.000000 0.130707 0.000000 -0.991421 0.520050 0.520050 0.520050
6224.131836 0.000000 3640.976807 0.000000 0.342827 0.000000 -0.939399 0.454863 0.454863 0.454863
6188.583008 0.000000 3640.610840 0.000000 0.687985 0.000000 0.725725 0.340394 0.340394 0.340394
6183.284668 0.000000 3640.008057 0.000000 0.632844 0.000000 0.774279 0.361973 0.361973 0.361973
6192.031250 0.000000 3644.417480 0.000000 0.999278 0.000000 0.038003 0.398254 0.398254 0.398254
6183.919922 0.000000 3664.134277 0.000000 0.677755 0.000000 -0.735288 0.463109 0.463109 0.463109
6195.911133 0.000000 3665.934814 0.000000 0.602242 0.000000 0.798313 0.345530 0.345530 0.345530
6191.307617 0.000000 3659.705811 0.000000 0.871526 0.000000 0.490349 0.371340 0.371340 0.371340
6201.439941 0.000000 3678.252930 0.000000 0.281283 0.000000 -0.959625 0.491156 0.491156 0.491156
6212.525391 0.000000 3645.693848 0.000000 0.143388 0.000000 -0.989667 0.466260 0.466260 0.466260
6194.628418 0.000000 3661.879883 0.000000 0.633685 0.000000 -0.773591 0.439747 0.439747 0.439747
6200.876465 0.000000 3638.236572 0.000000 0.422550 0.000000 -0.906339 0.456649 0.456649 0.456649
6199.541992 0.000000 3669.185791 0.000000 0.263446 0.000000 -0.964674 0.480749 0.480749 0.480749
6197.042969 0.000000 3681.913818 0.000000 0.897573 0.000000 -0.440866 0.426444 0.426444 0.426444
6188.823242 0.000000 3665.024902 0.000000 0.410699 0.000000 -0.911771 0.479646 0.479646 0.479646
6190.472168 0.000000 3678.593262 0.000000 0.856152 0.000000 -0.516724 0.428469 0.428469 0.428469
6185.268066 0.000000 3672.617432 0.000000 0.512383 0.000000 -0.858757 0.455696 0.455696 0.455696
6205.812500 0.000000 3676.379150 0.000000 0.404251 0.000000 0.914648 0.338312 0.338312 0.338312
6178.062500 0.000000 3641.015137 0.000000 0.700807 0.000000 0.713351 0.348047 0.348047 0.348047
6201.465332 0.000000 3671.161133 0.000000 0.200709 0.000000 0.979651 0.308423 0.308423 0.308423
6211.470703 0.000000 3641.272217 0.000000 0.011444 0.000000 -0.999934 0.505111 0.505111 0.505111
6207.798828 0.000000 3640.150146 0.000000 0.839755 0.000000 -0.542965 0.433531 0.433531 0.433531
6263.867676 0.000000 3581.021484 0.000000 0.911160 0.000000 -0.412053 0.404665 0.404665 0.404665
6265.571289 0.000000 3625.068848 0.000000 0.944120 0.000000 0.329603 0.395640 0.395640 0.395640
6280.981934 0.000000 3607.249512 0.000000 0.368277 0.000000 0.929716 0.384504 0.384504 0.384504
6274.990234 0.000000 3593.900879 0.000000 0.993237 0.000000 0.116100 0.397269 0.397269 0.397269
6268.165527 0.000000 3611.060791 0.000000 0.241127 0.000000 0.970494 0.364876 0.364876 0.364876
6281.528320 0.000000 3610.479980 0.000000 0.765805 0.000000 0.643073 0.377330 0.377330 0.377330
6273.207031 0.000000 3607.810547 0.000000 0.858265 0.000000 -0.513206 0.420720 0.420720 0.420720
6266.534668 0.000000 3613.185059 0.000000 0.436024 0.000000 -0.899935 0.451431 0.451431 0.451431
6263.445312 0.000000 3611.393555 0.000000 0.426680 0.000000 -0.904403 0.454164 0.454164 0.454164
6263.534668 0.000000 3616.589111 0.000000 0.671257 0.000000 -0.741224 0.443354 0.443354 0.443354
6279.530762 0.000000 3613.709717 0.000000 0.224214 0.000000 -0.974540 0.465797 0.465797 0.465797
6270.235352 0.000000 3603.879639 0.000000 0.431517 0.000000 -0.902105 0.456715 0.456715 0.456715
6272.420898 0.000000 3601.985596 0.000000 0.679889 0.000000 0.733315 0.358076 0.358076 0.358076
6267.613770 0.000000 3594.728271 0.000000 0.724139 0.000000 0.689654 0.350603 0.350603 0.350603
6273.235840 0.000000 3619.155273 0.000000 0.943255 0.000000 0.332068 0.383606 0.383606 0.383606
6268.348145 0.000000 3599.226318 0.000000 0.954034 0.000000 0.299699 0.384346 0.384346 0.384346
6269.845703 0.000000 3592.014160 0.000000 0.804254 0.000000 -0.594286 0.442261 0.442261 0.442261
6269.160645 0.000000 3616.672119 0.000000 0.999424 0.000000 0.033936 0.398187 0.398187 0.398187
"}
