object={
	name="tree_leaf_2_high_generator_1_0"
	render_pass=Map
	clamp_to_water_level=no
	generated_content=yes
	layer="tree_high_layer"
	pdxmesh="tree_leaf_01_a_mesh"
	count=629
	transform="7306.187012 0.000000 3670.386230 0.000000 0.956822 0.000000 0.290673 0.592490 0.592490 0.592490
7273.945312 0.000000 3689.503906 0.000000 0.921337 0.000000 0.388765 0.591028 0.591028 0.591028
7296.294434 0.000000 3667.088379 0.000000 0.306436 0.000000 0.951891 0.579249 0.579249 0.579249
7267.680664 0.000000 3693.947510 0.000000 0.870479 0.000000 0.492205 0.590750 0.590750 0.590750
7272.642090 0.000000 3679.291016 0.000000 0.111331 0.000000 0.993783 0.584699 0.584699 0.584699
7259.773438 0.000000 3682.495850 0.000000 0.521445 0.000000 0.853285 0.572437 0.572437 0.572437
7305.878418 0.000000 3676.364014 0.000000 0.349285 0.000000 0.937017 0.574541 0.574541 0.574541
7295.983887 0.000000 3672.990234 0.000000 0.472058 0.000000 0.881567 0.574136 0.574136 0.574136
7300.979004 0.000000 3670.703125 0.000000 0.192565 0.000000 0.981284 0.571123 0.571123 0.571123
7271.754395 0.000000 3683.913574 0.000000 0.715272 0.000000 0.698846 0.580296 0.580296 0.580296
7263.696777 0.000000 3685.176758 0.000000 0.957059 0.000000 0.289892 0.594273 0.594273 0.594273
7276.508789 0.000000 3680.322510 0.000000 0.915745 0.000000 0.401760 0.588233 0.588233 0.588233
7269.983398 0.000000 3690.508301 0.000000 0.165141 0.000000 0.986270 0.562120 0.562120 0.562120
7278.606445 0.000000 3687.803955 0.000000 0.993697 0.000000 0.112100 0.596130 0.596130 0.596130
7258.969238 0.000000 3686.818848 0.000000 0.993863 0.000000 0.110617 0.597177 0.597177 0.597177
7272.437012 0.000000 3692.889160 0.000000 0.979018 0.000000 0.203773 0.593852 0.593852 0.593852
7275.315430 0.000000 3692.479004 0.000000 0.984717 0.000000 0.174163 0.593182 0.593182 0.593182
7468.439453 0.000000 3522.269043 0.000000 0.762709 0.000000 0.646742 0.547325 0.547325 0.547325
7464.553223 0.000000 3527.024658 0.000000 0.475761 0.000000 0.879575 0.567796 0.567796 0.567796
7469.390137 0.000000 3527.904297 0.000000 0.962560 0.000000 0.271067 0.585609 0.585609 0.585609
7464.828125 0.000000 3521.370850 0.000000 0.086872 0.000000 0.996220 0.555547 0.555547 0.555547
7466.447754 0.000000 3522.560547 0.000000 0.402698 0.000000 0.915333 0.454503 0.454503 0.454503
7468.782715 0.000000 3524.094727 0.000000 0.961742 0.000000 0.273956 0.562589 0.562589 0.562589
7371.360352 0.000000 3633.521729 0.000000 0.819413 0.000000 0.573204 0.586285 0.586285 0.586285
7380.661133 0.000000 3620.295898 0.000000 0.475638 0.000000 0.879641 0.590337 0.590337 0.590337
7374.464844 0.000000 3626.743896 0.000000 0.214853 0.000000 0.976646 0.561457 0.561457 0.561457
7377.561035 0.000000 3634.009033 0.000000 0.857651 0.000000 0.514233 0.580583 0.580583 0.580583
7374.767090 0.000000 3630.828369 0.000000 0.622384 0.000000 0.782712 0.566334 0.566334 0.566334
7386.004883 0.000000 3629.758057 0.000000 0.977805 0.000000 0.209515 0.594941 0.594941 0.594941
7377.835938 0.000000 3628.355225 0.000000 0.462519 0.000000 0.886609 0.544489 0.544489 0.544489
7373.785156 0.000000 3635.889648 0.000000 0.971042 0.000000 0.238908 0.592773 0.592773 0.592773
7365.225098 0.000000 3635.252686 0.000000 0.532384 0.000000 0.846503 0.565224 0.565224 0.565224
7383.536133 0.000000 3631.785645 0.000000 0.088344 0.000000 0.996090 0.540048 0.540048 0.540048
7380.079590 0.000000 3627.089600 0.000000 0.176491 0.000000 0.984302 0.499815 0.499815 0.499815
7421.351074 0.000000 3552.011230 0.000000 0.441679 0.000000 0.897173 0.598332 0.598332 0.598332
7448.011719 0.000000 3565.082275 0.000000 0.593427 0.000000 0.804888 0.581783 0.581783 0.581783
7407.150391 0.000000 3597.655518 0.000000 0.648084 0.000000 0.761569 0.592219 0.592219 0.592219
7476.607910 0.000000 3552.441406 0.000000 0.999480 0.000000 0.032254 0.597970 0.597970 0.597970
7458.352539 0.000000 3633.521729 0.000000 0.800471 0.000000 0.599372 0.583633 0.583633 0.583633
7457.088379 0.000000 3560.545654 0.000000 0.793009 0.000000 0.609210 0.563694 0.563694 0.563694
7470.278809 0.000000 3560.104004 0.000000 0.669524 0.000000 0.742791 0.566139 0.566139 0.566139
7467.924316 0.000000 3532.340088 0.000000 0.932903 0.000000 0.360127 0.591722 0.591722 0.591722
7448.976074 0.000000 3633.963867 0.000000 0.130775 0.000000 0.991412 0.582748 0.582748 0.582748
7419.655762 0.000000 3543.401123 0.000000 0.762101 0.000000 0.647459 0.577847 0.577847 0.577847
7442.200684 0.000000 3630.122559 0.000000 0.498444 0.000000 0.866922 0.592143 0.592143 0.592143
7446.626465 0.000000 3572.306641 0.000000 0.999319 0.000000 0.036905 0.597235 0.597235 0.597235
7457.935059 0.000000 3539.056396 0.000000 0.946497 0.000000 0.322713 0.579819 0.579819 0.579819
7464.553223 0.000000 3634.009033 0.000000 0.189057 0.000000 0.981966 0.556571 0.556571 0.556571
7451.145020 0.000000 3559.782227 0.000000 0.762320 0.000000 0.647200 0.590510 0.590510 0.590510
7427.248047 0.000000 3554.340332 0.000000 0.498609 0.000000 0.866827 0.540301 0.540301 0.540301
7480.003906 0.000000 3536.466309 0.000000 0.979483 0.000000 0.201527 0.591185 0.591185 0.591185
7442.466797 0.000000 3568.277344 0.000000 0.431198 0.000000 0.902257 0.456764 0.456764 0.456764
7458.787598 0.000000 3555.533691 0.000000 0.223460 0.000000 0.974713 0.555662 0.555662 0.555662
7472.739746 0.000000 3534.267334 0.000000 0.906149 0.000000 0.422958 0.593458 0.593458 0.593458
7472.867676 0.000000 3543.919922 0.000000 0.915028 0.000000 0.403390 0.588805 0.588805 0.588805
7474.449219 0.000000 3548.444336 0.000000 0.800421 0.000000 0.599439 0.559560 0.559560 0.559560
7419.065918 0.000000 3548.200684 0.000000 0.920995 0.000000 0.389575 0.555043 0.555043 0.555043
7463.663574 0.000000 3530.572266 0.000000 0.525231 0.000000 0.850960 0.564934 0.564934 0.564934
7479.072266 0.000000 3541.304443 0.000000 0.801594 0.000000 0.597869 0.569282 0.569282 0.569282
7466.892578 0.000000 3551.195557 0.000000 0.840027 0.000000 0.542544 0.577666 0.577666 0.577666
7415.104004 0.000000 3541.923828 0.000000 0.979458 0.000000 0.201647 0.591484 0.591484 0.591484
7473.770996 0.000000 3555.359375 0.000000 0.922693 0.000000 0.385536 0.575693 0.575693 0.575693
7472.086426 0.000000 3551.406006 0.000000 0.720044 0.000000 0.693929 0.547155 0.547155 0.547155
7406.977539 0.000000 3539.119141 0.000000 0.800242 0.000000 0.599678 0.542201 0.542201 0.542201
7455.457031 0.000000 3635.936035 0.000000 0.943239 0.000000 0.332115 0.591379 0.591379 0.591379
7444.847168 0.000000 3563.078125 0.000000 0.981824 0.000000 0.189795 0.593135 0.593135 0.593135
7446.870605 0.000000 3568.557129 0.000000 0.822879 0.000000 0.568217 0.573748 0.573748 0.573748
7416.677734 0.000000 3545.366211 0.000000 0.785926 0.000000 0.618321 0.467196 0.467196 0.467196
7442.877441 0.000000 3571.810547 0.000000 0.860305 0.000000 0.509780 0.545513 0.545513 0.545513
7466.954590 0.000000 3559.350342 0.000000 0.960392 0.000000 0.278654 0.578004 0.578004 0.578004
7475.875488 0.000000 3542.401367 0.000000 0.999998 0.000000 0.002030 0.599906 0.599906 0.599906
7473.445312 0.000000 3560.251953 0.000000 0.667489 0.000000 0.744620 0.568545 0.568545 0.568545
7466.526855 0.000000 3636.436279 0.000000 0.887093 0.000000 0.461591 0.571253 0.571253 0.571253
7450.971680 0.000000 3566.161621 0.000000 0.192336 0.000000 0.981329 0.494786 0.494786 0.494786
7461.579590 0.000000 3532.937500 0.000000 0.983542 0.000000 0.180679 0.591292 0.591292 0.591292
7459.816406 0.000000 3562.018799 0.000000 0.440092 0.000000 0.897953 0.556571 0.556571 0.556571
7444.660645 0.000000 3566.119385 0.000000 0.419732 0.000000 0.907648 0.432997 0.432997 0.432997
7453.881348 0.000000 3567.370117 0.000000 0.904248 0.000000 0.427009 0.555062 0.555062 0.555062
7415.072754 0.000000 3547.874268 0.000000 0.562658 0.000000 0.826690 0.407573 0.407573 0.407573
7477.066895 0.000000 3555.838623 0.000000 0.993891 0.000000 0.110368 0.593539 0.593539 0.593539
7444.468262 0.000000 3574.295654 0.000000 0.397135 0.000000 0.917760 0.504234 0.504234 0.504234
7475.174316 0.000000 3545.860840 0.000000 0.908285 0.000000 0.418352 0.576724 0.576724 0.576724
7469.462402 0.000000 3550.331055 0.000000 0.737550 0.000000 0.675292 0.557801 0.557801 0.557801
7470.351562 0.000000 3544.841553 0.000000 0.884328 0.000000 0.466867 0.576716 0.576716 0.576716
7443.370117 0.000000 3561.135010 0.000000 0.466741 0.000000 0.884394 0.512221 0.512221 0.512221
7471.732422 0.000000 3548.948975 0.000000 0.806222 0.000000 0.591613 0.548793 0.548793 0.548793
7410.680664 0.000000 3544.474609 0.000000 0.299496 0.000000 0.954097 0.446317 0.446317 0.446317
7463.388184 0.000000 3563.412598 0.000000 0.837659 0.000000 0.546194 0.554127 0.554127 0.554127
7417.041504 0.000000 3548.946045 0.000000 0.723154 0.000000 0.690686 0.466377 0.466377 0.466377
7414.852051 0.000000 3544.058594 0.000000 0.529643 0.000000 0.848221 0.437699 0.437699 0.437699
7461.997559 0.000000 3541.173584 0.000000 0.755711 0.000000 0.654906 0.548659 0.548659 0.548659
7468.288086 0.000000 3545.321045 0.000000 0.432306 0.000000 0.901727 0.433354 0.433354 0.433354
7425.357422 0.000000 3553.630127 0.000000 0.718816 0.000000 0.695200 0.517095 0.517095 0.517095
7459.610840 0.000000 3538.068604 0.000000 0.532437 0.000000 0.846469 0.515334 0.515334 0.515334
7417.482422 0.000000 3547.077881 0.000000 0.015634 0.000000 0.999878 0.381025 0.381025 0.381025
7444.786621 0.000000 3572.057617 0.000000 0.065645 0.000000 0.997843 0.342983 0.342983 0.342983
7452.136230 0.000000 3567.601074 0.000000 0.308784 0.000000 0.951132 0.471975 0.471975 0.471975
7415.015625 0.000000 3546.078125 0.000000 0.563864 0.000000 0.825868 0.407861 0.407861 0.407861
7460.654297 0.000000 3560.635010 0.000000 0.529363 0.000000 0.848395 0.474062 0.474062 0.474062
7424.174805 0.000000 3554.949219 0.000000 0.975944 0.000000 0.218022 0.566748 0.566748 0.566748
7484.738281 0.000000 3532.824219 0.000000 0.737449 0.000000 0.675403 0.576675 0.576675 0.576675
7500.483887 0.000000 3586.737061 0.000000 0.056314 0.000000 0.998413 0.393563 0.393563 0.393563
7494.142578 0.000000 3597.655518 0.000000 0.988992 0.000000 0.147972 0.596441 0.596441 0.596441
7490.531250 0.000000 3540.960693 0.000000 0.977947 0.000000 0.208852 0.590230 0.590230 0.590230
7504.231445 0.000000 3637.384033 0.000000 0.706227 0.000000 0.707986 0.596465 0.596465 0.596465
7511.457031 0.000000 3610.181396 0.000000 0.644060 0.000000 0.764975 0.560859 0.560859 0.560859
7490.402344 0.000000 3534.994141 0.000000 0.696993 0.000000 0.717078 0.589220 0.589220 0.589220
7485.292480 0.000000 3538.325928 0.000000 0.981307 0.000000 0.192450 0.590427 0.590427 0.590427
7481.398926 0.000000 3548.886230 0.000000 0.985228 0.000000 0.171245 0.589946 0.589946 0.589946
7488.349609 0.000000 3560.194580 0.000000 0.338168 0.000000 0.941086 0.537569 0.537569 0.537569
7515.869141 0.000000 3618.735107 0.000000 0.922531 0.000000 0.385924 0.593472 0.593472 0.593472
7492.616699 0.000000 3565.656494 0.000000 0.968919 0.000000 0.247376 0.594383 0.594383 0.594383
7499.284668 0.000000 3602.385742 0.000000 0.834223 0.000000 0.551427 0.589501 0.589501 0.589501
7513.984863 0.000000 3614.319336 0.000000 0.212055 0.000000 0.977258 0.431272 0.431272 0.431272
7500.159668 0.000000 3635.036621 0.000000 0.996206 0.000000 0.087025 0.590733 0.590733 0.590733
7508.699219 0.000000 3614.099121 0.000000 0.995301 0.000000 0.096833 0.596804 0.596804 0.596804
7491.173340 0.000000 3550.786377 0.000000 0.694951 0.000000 0.719057 0.553122 0.553122 0.553122
7481.776855 0.000000 3535.898193 0.000000 0.993693 0.000000 0.112137 0.595623 0.595623 0.595623
7487.039062 0.000000 3552.240479 0.000000 0.852501 0.000000 0.522726 0.567867 0.567867 0.567867
7493.062500 0.000000 3635.439453 0.000000 0.261184 0.000000 0.965289 0.572600 0.572600 0.572600
7486.301758 0.000000 3556.802002 0.000000 0.809759 0.000000 0.586763 0.563368 0.563368 0.563368
7498.160156 0.000000 3596.410400 0.000000 0.452102 0.000000 0.891966 0.558744 0.558744 0.558744
7481.997070 0.000000 3539.452148 0.000000 0.999159 0.000000 0.041008 0.597972 0.597972 0.597972
7501.700195 0.000000 3594.749023 0.000000 0.465278 0.000000 0.885165 0.556043 0.556043 0.556043
7486.977539 0.000000 3535.263428 0.000000 0.898576 0.000000 0.438819 0.585710 0.585710 0.585710
7507.188477 0.000000 3631.291260 0.000000 0.985692 0.000000 0.168557 0.590867 0.590867 0.590867
7500.872070 0.000000 3590.201416 0.000000 0.834397 0.000000 0.551163 0.571144 0.571144 0.571144
7493.740723 0.000000 3553.058838 0.000000 0.307401 0.000000 0.951580 0.535914 0.535914 0.535914
7481.683105 0.000000 3532.213623 0.000000 0.511025 0.000000 0.859566 0.564362 0.564362 0.564362
7513.035645 0.000000 3617.195312 0.000000 0.969976 0.000000 0.243202 0.562097 0.562097 0.562097
7505.737305 0.000000 3634.680176 0.000000 0.084062 0.000000 0.996460 0.517606 0.517606 0.517606
7487.399414 0.000000 3540.669922 0.000000 0.282274 0.000000 0.959334 0.536498 0.536498 0.536498
7481.574219 0.000000 3545.997803 0.000000 0.997462 0.000000 0.071205 0.596371 0.596371 0.596371
7498.404785 0.000000 3588.675781 0.000000 0.970291 0.000000 0.241940 0.590117 0.590117 0.590117
7481.335938 0.000000 3552.059570 0.000000 0.888074 0.000000 0.459701 0.571380 0.571380 0.571380
7481.354492 0.000000 3556.240967 0.000000 0.198650 0.000000 0.980070 0.530185 0.530185 0.530185
7502.900879 0.000000 3634.604736 0.000000 0.970074 0.000000 0.242810 0.571711 0.571711 0.571711
7490.964355 0.000000 3560.814697 0.000000 0.952435 0.000000 0.304742 0.580982 0.580982 0.580982
7510.667480 0.000000 3616.052734 0.000000 0.275927 0.000000 0.961178 0.528435 0.528435 0.528435
7488.802734 0.000000 3557.149902 0.000000 0.995946 0.000000 0.089953 0.594873 0.594873 0.594873
7487.637695 0.000000 3554.649170 0.000000 0.982700 0.000000 0.185205 0.588560 0.588560 0.588560
7512.028809 0.000000 3633.365479 0.000000 0.046361 0.000000 0.998925 0.369369 0.369369 0.369369
7488.828125 0.000000 3542.324951 0.000000 0.135337 0.000000 0.990800 0.436631 0.436631 0.436631
7496.014648 0.000000 3560.416016 0.000000 0.527088 0.000000 0.849811 0.469165 0.469165 0.469165
7512.249023 0.000000 3615.004395 0.000000 0.011305 0.000000 0.999936 0.406111 0.406111 0.406111
7513.818848 0.000000 3632.922607 0.000000 0.086092 0.000000 0.996287 0.375394 0.375394 0.375394
7510.315430 0.000000 3614.468018 0.000000 0.244395 0.000000 0.969676 0.439368 0.439368 0.439368
7504.214355 0.000000 3633.713135 0.000000 0.601601 0.000000 0.798797 0.443379 0.443379 0.443379
7335.845215 0.000000 3736.196777 0.000000 0.245356 0.000000 0.969433 0.570276 0.570276 0.570276
7393.179199 0.000000 3670.386230 0.000000 0.918357 0.000000 0.395753 0.598781 0.598781 0.598781
7375.940918 0.000000 3659.158691 0.000000 0.820474 0.000000 0.571684 0.595442 0.595442 0.595442
7381.447266 0.000000 3736.237793 0.000000 0.825652 0.000000 0.564179 0.526371 0.526371 0.526371
7347.613281 0.000000 3666.315186 0.000000 0.179160 0.000000 0.983820 0.591668 0.591668 0.591668
7347.997070 0.000000 3738.606689 0.000000 0.948664 0.000000 0.316287 0.596144 0.596144 0.596144
7366.129883 0.000000 3650.898438 0.000000 0.750228 0.000000 0.661179 0.595672 0.595672 0.595672
7388.911133 0.000000 3726.534424 0.000000 0.756574 0.000000 0.653908 0.579715 0.579715 0.579715
7371.360352 0.000000 3740.506104 0.000000 0.044386 0.000000 0.999014 0.522261 0.522261 0.522261
7377.171387 0.000000 3648.419678 0.000000 0.904443 0.000000 0.426594 0.594719 0.594719 0.594719
7319.963379 0.000000 3667.520508 0.000000 0.462099 0.000000 0.886828 0.577133 0.577133 0.577133
7356.331055 0.000000 3722.240234 0.000000 0.890132 0.000000 0.455703 0.543299 0.543299 0.543299
7330.247070 0.000000 3744.368408 0.000000 0.480754 0.000000 0.876856 0.446236 0.446236 0.446236
7361.983887 0.000000 3740.948242 0.000000 0.766721 0.000000 0.641981 0.573896 0.573896 0.573896
7337.472656 0.000000 3717.165771 0.000000 0.805815 0.000000 0.592167 0.594304 0.594304 0.594304
7382.523926 0.000000 3654.594482 0.000000 0.993458 0.000000 0.114195 0.599143 0.599143 0.599143
7327.752441 0.000000 3705.028076 0.000000 0.860993 0.000000 0.508617 0.576821 0.576821 0.576821
7367.931641 0.000000 3658.966797 0.000000 0.942569 0.000000 0.334011 0.596939 0.596939 0.596939
7355.208496 0.000000 3737.106934 0.000000 0.624268 0.000000 0.781211 0.501958 0.501958 0.501958
7340.382812 0.000000 3741.798584 0.000000 0.793128 0.000000 0.609056 0.583324 0.583324 0.583324
7333.169434 0.000000 3695.016113 0.000000 0.319447 0.000000 0.947604 0.553353 0.553353 0.553353
7370.942871 0.000000 3646.040771 0.000000 0.342062 0.000000 0.939677 0.583530 0.583530 0.583530
7394.238281 0.000000 3730.377197 0.000000 0.102349 0.000000 0.994749 0.404257 0.404257 0.404257
7331.895020 0.000000 3689.030518 0.000000 0.698158 0.000000 0.715944 0.586852 0.586852 0.586852
7393.011719 0.000000 3643.450684 0.000000 0.225085 0.000000 0.974339 0.585910 0.585910 0.585910
7392.171875 0.000000 3721.056885 0.000000 0.676972 0.000000 0.736009 0.572742 0.572742 0.572742
7332.878906 0.000000 3665.534424 0.000000 0.763577 0.000000 0.645716 0.590537 0.590537 0.590537
7376.093262 0.000000 3642.673340 0.000000 0.925017 0.000000 0.379925 0.593579 0.593579 0.593579
7343.976562 0.000000 3692.952393 0.000000 0.196733 0.000000 0.980457 0.581493 0.581493 0.581493
7323.892090 0.000000 3671.585938 0.000000 0.494563 0.000000 0.869142 0.565284 0.565284 0.565284
7350.843750 0.000000 3724.234619 0.000000 0.998125 0.000000 0.061214 0.596055 0.596055 0.596055
7342.592285 0.000000 3736.848389 0.000000 0.999982 0.000000 0.006077 0.599900 0.599900 0.599900
7341.884766 0.000000 3725.719482 0.000000 0.497476 0.000000 0.867478 0.464723 0.464723 0.464723
7330.017578 0.000000 3739.002686 0.000000 0.602399 0.000000 0.798195 0.551542 0.551542 0.551542
7355.674805 0.000000 3711.747803 0.000000 0.698187 0.000000 0.715915 0.574900 0.574900 0.574900
7357.232910 0.000000 3717.152100 0.000000 0.981282 0.000000 0.192577 0.581712 0.581712 0.581712
7335.459473 0.000000 3671.396729 0.000000 0.812205 0.000000 0.583373 0.585072 0.585072 0.585072
7385.747559 0.000000 3641.251709 0.000000 0.955478 0.000000 0.295064 0.594167 0.594167 0.594167
7325.300293 0.000000 3709.370117 0.000000 0.475435 0.000000 0.879751 0.554898 0.554898 0.554898
7366.613770 0.000000 3739.204102 0.000000 0.839576 0.000000 0.543243 0.469242 0.469242 0.469242
7365.335449 0.000000 3714.836670 0.000000 0.996843 0.000000 0.079395 0.598452 0.598452 0.598452
7349.597168 0.000000 3694.041504 0.000000 0.180980 0.000000 0.983487 0.577116 0.577116 0.577116
7324.888184 0.000000 3714.233887 0.000000 0.638424 0.000000 0.769685 0.567107 0.567107 0.567107
7391.286133 0.000000 3742.061523 0.000000 0.986888 0.000000 0.161404 0.580088 0.580088 0.580088
7326.175293 0.000000 3742.020996 0.000000 0.642055 0.000000 0.766658 0.521483 0.521483 0.521483
7334.714844 0.000000 3721.083496 0.000000 0.212072 0.000000 0.977254 0.563409 0.563409 0.563409
7324.368652 0.000000 3667.053467 0.000000 0.995214 0.000000 0.097723 0.597947 0.597947 0.597947
7357.102539 0.000000 3741.263428 0.000000 0.860636 0.000000 0.509220 0.581593 0.581593 0.581593
7360.838379 0.000000 3727.410645 0.000000 0.688860 0.000000 0.724894 0.518619 0.518619 0.518619
7376.671387 0.000000 3637.556641 0.000000 0.894756 0.000000 0.446555 0.585438 0.585438 0.585438
7347.936035 0.000000 3715.874756 0.000000 0.945953 0.000000 0.324304 0.589116 0.589116 0.589116
7360.426270 0.000000 3722.614990 0.000000 0.554519 0.000000 0.832171 0.551408 0.551408 0.551408
7374.767090 0.000000 3737.812744 0.000000 0.987499 0.000000 0.157626 0.568703 0.568703 0.568703
7336.231445 0.000000 3697.901123 0.000000 0.081054 0.000000 0.996710 0.559835 0.559835 0.559835
7365.665039 0.000000 3646.682861 0.000000 0.254129 0.000000 0.967170 0.438620 0.438620 0.438620
7322.266113 0.000000 3693.702393 0.000000 0.075451 0.000000 0.997150 0.568643 0.568643 0.568643
7327.321777 0.000000 3674.229980 0.000000 0.589778 0.000000 0.807566 0.571839 0.571839 0.571839
7324.175781 0.000000 3703.394775 0.000000 0.538451 0.000000 0.842657 0.545956 0.545956 0.545956
7382.775879 0.000000 3732.459717 0.000000 0.718198 0.000000 0.695839 0.541208 0.541208 0.541208
7318.688477 0.000000 3708.263184 0.000000 0.942869 0.000000 0.333163 0.592368 0.592368 0.592368
7353.715332 0.000000 3719.132812 0.000000 0.890336 0.000000 0.455304 0.498743 0.498743 0.498743
7329.213379 0.000000 3708.639160 0.000000 0.371922 0.000000 0.928264 0.566140 0.566140 0.566140
7377.835938 0.000000 3735.339600 0.000000 0.159368 0.000000 0.987219 0.340077 0.340077 0.340077
7390.410645 0.000000 3729.925049 0.000000 0.996902 0.000000 0.078658 0.594457 0.594457 0.594457
7315.710449 0.000000 3670.434570 0.000000 0.882287 0.000000 0.470712 0.583115 0.583115 0.583115
7343.278809 0.000000 3719.325439 0.000000 0.782011 0.000000 0.623265 0.541538 0.541538 0.541538
7333.204102 0.000000 3738.275635 0.000000 0.925022 0.000000 0.379913 0.581320 0.581320 0.581320
7343.837402 0.000000 3728.295410 0.000000 0.999940 0.000000 0.010964 0.599310 0.599310 0.599310
7362.681152 0.000000 3638.744385 0.000000 0.156552 0.000000 0.987670 0.538593 0.538593 0.538593
7360.362305 0.000000 3716.041504 0.000000 0.158147 0.000000 0.987416 0.528088 0.528088 0.528088
7333.093750 0.000000 3698.552734 0.000000 0.531217 0.000000 0.847236 0.563663 0.563663 0.563663
7383.536133 0.000000 3738.770020 0.000000 0.626417 0.000000 0.779488 0.541088 0.541088 0.541088
7330.212891 0.000000 3696.003174 0.000000 0.725035 0.000000 0.688712 0.559032 0.559032 0.559032
7323.082031 0.000000 3674.638428 0.000000 0.999225 0.000000 0.039360 0.598585 0.598585 0.598585
7355.221191 0.000000 3714.809326 0.000000 0.952612 0.000000 0.304187 0.558331 0.558331 0.558331
7346.421875 0.000000 3718.595947 0.000000 0.012533 0.000000 0.999921 0.429606 0.429606 0.429606
7339.051270 0.000000 3724.179688 0.000000 0.998129 0.000000 0.061150 0.593767 0.593767 0.593767
7324.936523 0.000000 3706.330811 0.000000 0.834348 0.000000 0.551238 0.572889 0.572889 0.572889
7347.872559 0.000000 3723.814941 0.000000 0.881781 0.000000 0.471659 0.566892 0.566892 0.566892
7394.269531 0.000000 3739.780029 0.000000 0.598988 0.000000 0.800758 0.487336 0.487336 0.487336
7356.852051 0.000000 3744.173096 0.000000 0.209923 0.000000 0.977718 0.488013 0.488013 0.488013
7358.192871 0.000000 3710.447510 0.000000 0.347292 0.000000 0.937757 0.525312 0.525312 0.525312
7364.062988 0.000000 3648.955566 0.000000 0.990505 0.000000 0.137476 0.590084 0.590084 0.590084
7392.615234 0.000000 3728.078125 0.000000 0.114987 0.000000 0.993367 0.392870 0.392870 0.392870
7387.277344 0.000000 3743.655762 0.000000 0.983605 0.000000 0.180336 0.559257 0.559257 0.559257
7354.260254 0.000000 3729.670166 0.000000 0.989845 0.000000 0.142152 0.587181 0.587181 0.587181
7328.916504 0.000000 3741.589111 0.000000 0.332770 0.000000 0.943008 0.522519 0.522519 0.522519
7363.912598 0.000000 3738.686035 0.000000 0.980475 0.000000 0.196644 0.573019 0.573019 0.573019
7365.938965 0.000000 3736.432373 0.000000 0.683845 0.000000 0.729627 0.440754 0.440754 0.440754
7369.375977 0.000000 3738.677734 0.000000 0.211831 0.000000 0.977306 0.392612 0.392612 0.392612
7371.723633 0.000000 3733.771484 0.000000 0.243138 0.000000 0.969992 0.538463 0.538463 0.538463
7354.229004 0.000000 3734.660400 0.000000 0.292578 0.000000 0.956242 0.535122 0.535122 0.535122
7360.828613 0.000000 3734.753418 0.000000 0.999169 0.000000 0.040753 0.598046 0.598046 0.598046
7377.844238 0.000000 3737.981689 0.000000 0.195872 0.000000 0.980630 0.392179 0.392179 0.392179
7362.992188 0.000000 3715.926758 0.000000 0.999999 0.000000 0.001266 0.599899 0.599899 0.599899
7390.955078 0.000000 3723.571045 0.000000 0.991092 0.000000 0.133177 0.583793 0.583793 0.583793
7380.079590 0.000000 3734.073975 0.000000 0.069765 0.000000 0.997563 0.377413 0.377413 0.377413
7384.796875 0.000000 3742.860840 0.000000 0.339923 0.000000 0.940453 0.383658 0.383658 0.383658
7361.471680 0.000000 3738.271240 0.000000 0.495053 0.000000 0.868863 0.476981 0.476981 0.476981
7349.769531 0.000000 3721.964355 0.000000 0.094238 0.000000 0.995550 0.447402 0.447402 0.447402
7356.377930 0.000000 3668.119385 0.000000 0.987833 0.000000 0.155520 0.591579 0.591579 0.591579
7393.225098 0.000000 3735.121338 0.000000 0.410490 0.000000 0.911865 0.534665 0.534665 0.534665
7381.833984 0.000000 3744.356934 0.000000 0.170890 0.000000 0.985290 0.511981 0.511981 0.511981
7333.424805 0.000000 3743.505859 0.000000 0.052329 0.000000 0.998630 0.452156 0.452156 0.452156
7338.879883 0.000000 3726.593994 0.000000 0.845500 0.000000 0.533975 0.560343 0.560343 0.560343
7372.409180 0.000000 3738.277832 0.000000 0.998947 0.000000 0.045879 0.592919 0.592919 0.592919
7388.997559 0.000000 3741.435547 0.000000 0.595610 0.000000 0.803274 0.474250 0.474250 0.474250
7354.877930 0.000000 3717.131836 0.000000 0.937090 0.000000 0.349088 0.532162 0.532162 0.532162
7383.706543 0.000000 3736.020752 0.000000 0.263522 0.000000 0.964653 0.441768 0.441768 0.441768
7353.394531 0.000000 3713.487549 0.000000 0.863055 0.000000 0.505109 0.564308 0.564308 0.564308
7341.818848 0.000000 3729.257324 0.000000 0.973303 0.000000 0.229524 0.585083 0.585083 0.585083
7359.259277 0.000000 3668.436523 0.000000 0.312496 0.000000 0.949919 0.412313 0.412313 0.412313
7354.049805 0.000000 3727.500977 0.000000 0.999941 0.000000 0.010839 0.598799 0.598799 0.598799
7393.399902 0.000000 3732.434326 0.000000 0.356914 0.000000 0.934137 0.457306 0.457306 0.457306
7341.090332 0.000000 3723.712891 0.000000 0.915690 0.000000 0.401885 0.547342 0.547342 0.547342
7384.409668 0.000000 3740.655273 0.000000 0.934982 0.000000 0.354695 0.547316 0.547316 0.547316
7385.744141 0.000000 3738.930664 0.000000 0.315325 0.000000 0.948984 0.493273 0.493273 0.493273
7358.347168 0.000000 3722.736572 0.000000 0.889458 0.000000 0.457017 0.545255 0.545255 0.545255
7351.787598 0.000000 3720.470215 0.000000 0.034855 0.000000 0.999392 0.383732 0.383732 0.383732
7379.455566 0.000000 3736.529297 0.000000 0.633691 0.000000 0.773587 0.486059 0.486059 0.486059
7348.361328 0.000000 3717.890137 0.000000 0.728171 0.000000 0.685396 0.483491 0.483491 0.483491
7340.867188 0.000000 3727.407227 0.000000 0.950412 0.000000 0.310993 0.569209 0.569209 0.569209
7392.100586 0.000000 3730.937988 0.000000 0.148369 0.000000 0.988932 0.414701 0.414701 0.414701
7354.782227 0.000000 3721.000732 0.000000 0.712391 0.000000 0.701782 0.503286 0.503286 0.503286
7382.102539 0.000000 3734.376953 0.000000 0.029035 0.000000 0.999578 0.412935 0.412935 0.412935
7354.663574 0.000000 3723.252930 0.000000 0.067440 0.000000 0.997723 0.410845 0.410845 0.410845
7341.484863 0.000000 3720.055176 0.000000 0.532670 0.000000 0.846323 0.488151 0.488151 0.488151
7345.156250 0.000000 3726.578369 0.000000 0.024903 0.000000 0.999690 0.461062 0.461062 0.461062
7338.264648 0.000000 3721.988770 0.000000 0.833293 0.000000 0.552831 0.530684 0.530684 0.530684
7376.365234 0.000000 3734.030029 0.000000 0.999861 0.000000 0.016646 0.596933 0.596933 0.596933
7343.104980 0.000000 3724.368896 0.000000 0.171421 0.000000 0.985198 0.449168 0.449168 0.449168
7360.011230 0.000000 3710.770508 0.000000 0.678754 0.000000 0.734366 0.499933 0.499933 0.499933
7360.888672 0.000000 3736.618164 0.000000 0.945463 0.000000 0.325729 0.559744 0.559744 0.559744
7367.413574 0.000000 3737.652100 0.000000 0.977648 0.000000 0.210249 0.551135 0.551135 0.551135
7360.117676 0.000000 3714.339355 0.000000 0.313883 0.000000 0.949462 0.448151 0.448151 0.448151
7344.019531 0.000000 3721.262695 0.000000 0.238993 0.000000 0.971021 0.450641 0.450641 0.450641
7340.223145 0.000000 3725.504883 0.000000 0.943022 0.000000 0.332730 0.556304 0.556304 0.556304
7353.734863 0.000000 3715.790039 0.000000 0.347773 0.000000 0.937579 0.406986 0.406986 0.406986
7358.750977 0.000000 3715.595215 0.000000 0.163204 0.000000 0.986592 0.429303 0.429303 0.429303
7393.807617 0.000000 3726.899170 0.000000 0.379364 0.000000 0.925247 0.444233 0.444233 0.444233
7376.417969 0.000000 3737.125488 0.000000 0.289342 0.000000 0.957226 0.406763 0.406763 0.406763
7370.921387 0.000000 3738.904297 0.000000 0.563621 0.000000 0.826033 0.455852 0.455852 0.455852
7362.896484 0.000000 3737.507080 0.000000 0.774618 0.000000 0.632430 0.505644 0.505644 0.505644
7386.336914 0.000000 3742.341553 0.000000 0.981480 0.000000 0.191562 0.556690 0.556690 0.556690
7362.514160 0.000000 3739.480225 0.000000 0.871759 0.000000 0.489934 0.530207 0.530207 0.530207
7351.241211 0.000000 3718.787354 0.000000 0.258922 0.000000 0.965898 0.358843 0.358843 0.358843
7364.532227 0.000000 3736.712402 0.000000 0.090190 0.000000 0.995925 0.311704 0.311704 0.311704
7388.544434 0.000000 3744.268555 0.000000 0.999622 0.000000 0.027478 0.595389 0.595389 0.595389
7369.673340 0.000000 3737.154053 0.000000 0.886551 0.000000 0.462630 0.512826 0.512826 0.512826
7353.599609 0.000000 3717.657959 0.000000 0.043222 0.000000 0.999066 0.192704 0.192704 0.192704
7373.547852 0.000000 3737.181885 0.000000 0.984916 0.000000 0.173035 0.561706 0.561706 0.561706
7379.145996 0.000000 3735.096436 0.000000 0.522350 0.000000 0.852731 0.378197 0.378197 0.378197
7421.351074 0.000000 3658.995605 0.000000 0.795971 0.000000 0.605335 0.590261 0.590261 0.590261
7397.746094 0.000000 3639.808594 0.000000 0.033837 0.000000 0.999427 0.586187 0.586187 0.586187
7403.371582 0.000000 3677.562500 0.000000 0.972535 0.000000 0.232755 0.579239 0.579239 0.579239
7416.536133 0.000000 3712.530029 0.000000 0.787050 0.000000 0.616889 0.556185 0.556185 0.556185
7440.606934 0.000000 3653.164795 0.000000 0.801720 0.000000 0.597699 0.589444 0.589444 0.589444
7413.491699 0.000000 3693.721436 0.000000 0.631460 0.000000 0.775409 0.570758 0.570758 0.570758
7412.770996 0.000000 3726.010498 0.000000 0.126802 0.000000 0.991928 0.561075 0.561075 0.561075
7409.201172 0.000000 3739.651123 0.000000 0.773083 0.000000 0.634305 0.567064 0.567064 0.567064
7417.191895 0.000000 3671.492188 0.000000 0.872367 0.000000 0.488852 0.580872 0.580872 0.580872
7394.559082 0.000000 3649.887939 0.000000 0.587373 0.000000 0.809316 0.594350 0.594350 0.594350
7406.955566 0.000000 3667.520508 0.000000 0.766527 0.000000 0.642213 0.578063 0.578063 0.578063
7397.334473 0.000000 3670.800293 0.000000 0.518495 0.000000 0.855081 0.595391 0.595391 0.595391
7394.865234 0.000000 3721.146240 0.000000 0.863243 0.000000 0.504789 0.597622 0.597622 0.597622
7424.464844 0.000000 3717.165771 0.000000 0.407106 0.000000 0.913381 0.289521 0.289521 0.289521
7414.382324 0.000000 3663.482178 0.000000 0.979919 0.000000 0.199397 0.594888 0.594888 0.594888
7414.856934 0.000000 3734.266846 0.000000 0.630890 0.000000 0.775872 0.573394 0.573394 0.573394
7456.328125 0.000000 3688.970703 0.000000 0.439157 0.000000 0.898411 0.544828 0.544828 0.544828
7440.246094 0.000000 3661.176025 0.000000 0.375019 0.000000 0.927017 0.528916 0.528916 0.528916
7443.230469 0.000000 3646.366211 0.000000 0.871698 0.000000 0.490043 0.596164 0.596164 0.596164
7427.451172 0.000000 3697.601074 0.000000 0.932140 0.000000 0.362097 0.578355 0.578355 0.578355
7420.161621 0.000000 3695.016113 0.000000 0.317865 0.000000 0.948136 0.529001 0.529001 0.529001
7447.370605 0.000000 3654.533936 0.000000 0.375479 0.000000 0.926831 0.582236 0.582236 0.582236
7423.676270 0.000000 3684.461182 0.000000 0.451476 0.000000 0.892283 0.573579 0.573579 0.573579
7418.887207 0.000000 3689.030518 0.000000 0.836600 0.000000 0.547814 0.574816 0.574816 0.574816
7451.145020 0.000000 3666.766602 0.000000 0.467993 0.000000 0.883732 0.372721 0.372721 0.372721
7427.248047 0.000000 3661.324707 0.000000 0.470860 0.000000 0.882208 0.583814 0.583814 0.583814
7418.153809 0.000000 3728.950684 0.000000 0.541439 0.000000 0.840740 0.570082 0.570082 0.570082
7463.085449 0.000000 3642.673340 0.000000 0.050955 0.000000 0.998701 0.404214 0.404214 0.404214
7452.798828 0.000000 3637.572998 0.000000 0.191452 0.000000 0.981502 0.566970 0.566970 0.566970
7430.968750 0.000000 3692.952393 0.000000 0.955956 0.000000 0.293510 0.590183 0.590183 0.590183
7410.884277 0.000000 3671.585938 0.000000 0.938767 0.000000 0.344552 0.584720 0.584720 0.584720
7434.978027 0.000000 3711.593018 0.000000 0.319531 0.000000 0.947576 0.586940 0.586940 0.586940
7446.724121 0.000000 3637.469971 0.000000 0.242582 0.000000 0.970131 0.582127 0.582127 0.582127
7445.558105 0.000000 3666.332275 0.000000 0.924442 0.000000 0.381322 0.557806 0.557806 0.557806
7474.963379 0.000000 3670.703125 0.000000 0.861631 0.000000 0.507536 0.578471 0.578471 0.578471
7417.009766 0.000000 3739.002686 0.000000 0.123817 0.000000 0.992305 0.567495 0.567495 0.567495
7408.825195 0.000000 3662.531738 0.000000 0.182557 0.000000 0.983195 0.570909 0.570909 0.570909
7422.451660 0.000000 3671.396729 0.000000 0.852783 0.000000 0.522265 0.579422 0.579422 0.579422
7453.537109 0.000000 3671.294922 0.000000 0.308375 0.000000 0.951265 0.575516 0.575516 0.575516
7396.469727 0.000000 3732.053223 0.000000 0.991139 0.000000 0.132830 0.586630 0.586630 0.586630
7419.553223 0.000000 3706.373779 0.000000 0.314191 0.000000 0.949360 0.526906 0.526906 0.526906
7426.992676 0.000000 3721.303711 0.000000 0.339707 0.000000 0.940531 0.566993 0.566993 0.566993
7454.280762 0.000000 3642.628662 0.000000 0.164108 0.000000 0.986442 0.553668 0.553668 0.553668
7395.677734 0.000000 3725.780029 0.000000 0.852880 0.000000 0.522108 0.565441 0.565441 0.565441
7405.753418 0.000000 3736.464111 0.000000 0.057363 0.000000 0.998353 0.500253 0.500253 0.500253
7421.707031 0.000000 3721.083496 0.000000 0.619401 0.000000 0.785075 0.526973 0.526973 0.526973
7419.325195 0.000000 3733.551758 0.000000 0.652090 0.000000 0.758141 0.576800 0.576800 0.576800
7438.895508 0.000000 3665.582764 0.000000 0.180396 0.000000 0.983594 0.556294 0.556294 0.556294
7423.526367 0.000000 3663.370117 0.000000 0.865208 0.000000 0.501413 0.588199 0.588199 0.588199
7436.963867 0.000000 3670.270752 0.000000 0.316592 0.000000 0.948562 0.527054 0.527054 0.527054
7420.941895 0.000000 3681.089111 0.000000 0.997496 0.000000 0.070729 0.598409 0.598409 0.598409
7406.070312 0.000000 3742.423828 0.000000 0.993933 0.000000 0.109992 0.592901 0.592901 0.592901
7425.366699 0.000000 3674.952881 0.000000 0.858085 0.000000 0.513508 0.586268 0.586268 0.586268
7415.911621 0.000000 3667.449707 0.000000 0.370142 0.000000 0.928975 0.558945 0.558945 0.558945
7480.839355 0.000000 3638.656982 0.000000 0.278231 0.000000 0.960514 0.545943 0.545943 0.545943
7414.313965 0.000000 3674.229980 0.000000 0.536542 0.000000 0.843874 0.566899 0.566899 0.566899
7443.916504 0.000000 3662.778320 0.000000 0.042519 0.000000 0.999096 0.293243 0.293243 0.293243
7476.276367 0.000000 3642.628174 0.000000 0.121871 0.000000 0.992546 0.402536 0.402536 0.402536
7417.170898 0.000000 3692.653076 0.000000 0.528876 0.000000 0.848699 0.510427 0.510427 0.510427
7422.500488 0.000000 3688.112793 0.000000 0.336947 0.000000 0.941524 0.570590 0.570590 0.570590
7429.450195 0.000000 3668.927002 0.000000 0.968413 0.000000 0.249353 0.593205 0.593205 0.593205
7409.958008 0.000000 3689.747070 0.000000 0.458081 0.000000 0.888910 0.572117 0.572117 0.572117
7439.416504 0.000000 3672.935547 0.000000 0.733952 0.000000 0.679201 0.516115 0.516115 0.516115
7421.901367 0.000000 3691.767090 0.000000 0.177116 0.000000 0.984190 0.295411 0.295411 0.295411
7465.612793 0.000000 3645.156006 0.000000 0.918001 0.000000 0.396577 0.529754 0.529754 0.529754
7402.702637 0.000000 3670.434570 0.000000 0.984330 0.000000 0.176337 0.595221 0.595221 0.595221
7415.297852 0.000000 3730.862793 0.000000 0.581180 0.000000 0.813775 0.570097 0.570097 0.570097
7466.954590 0.000000 3666.334717 0.000000 0.308726 0.000000 0.951151 0.549164 0.549164 0.549164
7426.175781 0.000000 3686.973633 0.000000 0.293056 0.000000 0.956095 0.392091 0.392091 0.392091
7448.427734 0.000000 3668.751709 0.000000 0.999591 0.000000 0.028602 0.597386 0.597386 0.597386
7448.568848 0.000000 3664.563721 0.000000 0.491337 0.000000 0.870969 0.408388 0.408388 0.408388
7401.838867 0.000000 3731.074463 0.000000 0.997374 0.000000 0.072423 0.595331 0.595331 0.595331
7402.762695 0.000000 3680.785889 0.000000 0.655643 0.000000 0.755071 0.494887 0.494887 0.494887
7410.070801 0.000000 3742.923828 0.000000 0.812275 0.000000 0.583275 0.568283 0.568283 0.568283
7430.289062 0.000000 3696.106201 0.000000 0.694830 0.000000 0.719174 0.574753 0.574753 0.574753
7478.872070 0.000000 3673.299805 0.000000 0.984797 0.000000 0.173709 0.591108 0.591108 0.591108
7473.445312 0.000000 3667.236328 0.000000 0.505402 0.000000 0.862884 0.420684 0.420684 0.420684
7410.074219 0.000000 3674.638428 0.000000 0.997781 0.000000 0.066584 0.597505 0.597505 0.597505
7404.729492 0.000000 3739.388672 0.000000 0.859392 0.000000 0.511318 0.571861 0.571861 0.571861
7395.516113 0.000000 3729.065674 0.000000 0.537078 0.000000 0.843533 0.461663 0.461663 0.461663
7440.373047 0.000000 3656.237793 0.000000 0.602486 0.000000 0.798130 0.565391 0.565391 0.565391
7402.229492 0.000000 3737.394043 0.000000 0.882607 0.000000 0.470112 0.570675 0.570675 0.570675
7455.201660 0.000000 3639.663086 0.000000 0.976400 0.000000 0.215968 0.592174 0.592174 0.592174
7427.606445 0.000000 3716.957764 0.000000 0.827098 0.000000 0.562058 0.514169 0.514169 0.514169
7471.110840 0.000000 3663.950439 0.000000 0.370000 0.000000 0.929032 0.550014 0.550014 0.550014
7404.552246 0.000000 3733.456299 0.000000 0.368752 0.000000 0.929528 0.498128 0.498128 0.498128
7398.350586 0.000000 3734.703369 0.000000 0.317851 0.000000 0.948141 0.433711 0.433711 0.433711
7477.660156 0.000000 3645.671875 0.000000 0.817205 0.000000 0.576347 0.576077 0.576077 0.576077
7416.080078 0.000000 3689.733887 0.000000 0.956693 0.000000 0.291100 0.585842 0.585842 0.585842
7421.062500 0.000000 3723.945068 0.000000 0.131633 0.000000 0.991298 0.526724 0.526724 0.526724
7412.509766 0.000000 3690.969238 0.000000 0.859254 0.000000 0.511549 0.534042 0.534042 0.534042
7467.149902 0.000000 3647.489746 0.000000 0.145556 0.000000 0.989350 0.471952 0.471952 0.471952
7442.773438 0.000000 3660.020752 0.000000 0.169607 0.000000 0.985512 0.518192 0.518192 0.518192
7421.814941 0.000000 3718.013916 0.000000 0.381783 0.000000 0.924252 0.460473 0.460473 0.460473
7475.229980 0.000000 3640.063232 0.000000 0.226066 0.000000 0.974112 0.531614 0.531614 0.531614
7399.163574 0.000000 3731.592041 0.000000 0.285326 0.000000 0.958430 0.440680 0.440680 0.440680
7394.701660 0.000000 3734.173828 0.000000 0.001252 0.000000 0.999999 0.458936 0.458936 0.458936
7432.540527 0.000000 3710.079834 0.000000 0.429204 0.000000 0.903207 0.547658 0.547658 0.547658
7460.353516 0.000000 3660.205566 0.000000 0.858649 0.000000 0.512564 0.507294 0.507294 0.507294
7405.850586 0.000000 3678.700928 0.000000 0.999816 0.000000 0.019188 0.599080 0.599080 0.599080
7422.705078 0.000000 3674.271484 0.000000 0.694667 0.000000 0.719332 0.554301 0.554301 0.554301
7408.137207 0.000000 3735.225830 0.000000 0.022158 0.000000 0.999754 0.525768 0.525768 0.525768
7463.444824 0.000000 3665.451660 0.000000 0.858628 0.000000 0.512600 0.516155 0.516155 0.516155
7423.675293 0.000000 3723.037109 0.000000 0.999346 0.000000 0.036167 0.597833 0.597833 0.597833
7456.823730 0.000000 3641.812500 0.000000 0.560210 0.000000 0.828351 0.553209 0.553209 0.553209
7460.128906 0.000000 3637.490479 0.000000 0.970476 0.000000 0.241197 0.586499 0.586499 0.586499
7422.727051 0.000000 3694.186523 0.000000 0.711942 0.000000 0.702239 0.523031 0.523031 0.523031
7435.015137 0.000000 3672.019775 0.000000 0.651733 0.000000 0.758448 0.487804 0.487804 0.487804
7417.117188 0.000000 3706.002930 0.000000 0.796214 0.000000 0.605015 0.538680 0.538680 0.538680
7446.215820 0.000000 3663.816162 0.000000 0.299111 0.000000 0.954218 0.387432 0.387432 0.387432
7399.251465 0.000000 3740.113770 0.000000 0.759246 0.000000 0.650804 0.539495 0.539495 0.539495
7423.231445 0.000000 3681.917480 0.000000 0.837113 0.000000 0.547031 0.541910 0.541910 0.541910
7419.508789 0.000000 3691.460938 0.000000 0.997640 0.000000 0.068656 0.588370 0.588370 0.588370
7401.004883 0.000000 3743.475830 0.000000 0.195370 0.000000 0.980730 0.272715 0.272715 0.272715
7428.022949 0.000000 3695.260010 0.000000 0.075710 0.000000 0.997130 0.248410 0.248410 0.248410
7404.217773 0.000000 3731.148438 0.000000 0.378665 0.000000 0.925534 0.497270 0.497270 0.497270
7445.427734 0.000000 3660.827148 0.000000 0.160070 0.000000 0.987106 0.513403 0.513403 0.513403
7426.554199 0.000000 3718.979980 0.000000 0.050711 0.000000 0.998713 0.499814 0.499814 0.499814
7473.848633 0.000000 3664.999023 0.000000 0.796160 0.000000 0.605087 0.549380 0.549380 0.549380
7475.586426 0.000000 3667.735840 0.000000 0.918471 0.000000 0.395488 0.557366 0.557366 0.557366
7422.446289 0.000000 3679.023193 0.000000 0.062780 0.000000 0.998027 0.394446 0.394446 0.394446
7408.330078 0.000000 3691.719238 0.000000 0.248858 0.000000 0.968540 0.463641 0.463641 0.463641
7406.210449 0.000000 3674.745117 0.000000 0.760505 0.000000 0.649332 0.548129 0.548129 0.548129
7447.770020 0.000000 3666.672119 0.000000 0.312738 0.000000 0.949839 0.427363 0.427363 0.427363
7417.326172 0.000000 3710.545410 0.000000 0.157929 0.000000 0.987450 0.403270 0.403270 0.403270
7433.209473 0.000000 3673.227783 0.000000 0.301973 0.000000 0.953316 0.507222 0.507222 0.507222
7423.312500 0.000000 3690.096436 0.000000 0.847266 0.000000 0.531169 0.522830 0.522830 0.522830
7405.344238 0.000000 3676.663574 0.000000 0.924291 0.000000 0.381688 0.550724 0.550724 0.550724
7458.486816 0.000000 3665.837646 0.000000 0.992971 0.000000 0.118356 0.574410 0.574410 0.574410
7425.208008 0.000000 3682.458740 0.000000 0.587041 0.000000 0.809557 0.443141 0.443141 0.443141
7469.249023 0.000000 3665.338379 0.000000 0.678688 0.000000 0.734427 0.441853 0.441853 0.441853
7396.979004 0.000000 3738.045654 0.000000 0.800810 0.000000 0.598919 0.522086 0.522086 0.522086
7455.399414 0.000000 3666.492432 0.000000 0.868958 0.000000 0.494886 0.520125 0.520125 0.520125
7427.478027 0.000000 3714.938232 0.000000 0.803782 0.000000 0.594924 0.463516 0.463516 0.463516
7394.400391 0.000000 3727.314697 0.000000 0.963787 0.000000 0.266672 0.573313 0.573313 0.573313
7417.716309 0.000000 3690.786621 0.000000 0.254286 0.000000 0.967129 0.399283 0.399283 0.399283
7399.825195 0.000000 3733.498047 0.000000 0.046472 0.000000 0.998920 0.437885 0.437885 0.437885
7429.627930 0.000000 3694.282715 0.000000 0.991380 0.000000 0.131021 0.569098 0.569098 0.569098
7414.176270 0.000000 3690.111328 0.000000 0.993312 0.000000 0.115462 0.579719 0.579719 0.579719
7402.557129 0.000000 3732.760010 0.000000 0.613302 0.000000 0.789849 0.479972 0.479972 0.479972
7394.877441 0.000000 3740.915527 0.000000 0.866301 0.000000 0.499523 0.545156 0.545156 0.545156
7467.324219 0.000000 3645.680664 0.000000 0.742729 0.000000 0.669593 0.487905 0.487905 0.487905
7422.675293 0.000000 3719.589111 0.000000 0.982050 0.000000 0.188623 0.552531 0.552531 0.552531
7461.957520 0.000000 3664.559326 0.000000 0.944822 0.000000 0.327585 0.528010 0.528010 0.528010
7447.924316 0.000000 3663.016846 0.000000 0.185313 0.000000 0.982679 0.367741 0.367741 0.367741
7440.522461 0.000000 3665.854492 0.000000 0.457136 0.000000 0.889397 0.440749 0.440749 0.440749
7449.422363 0.000000 3666.617920 0.000000 0.373154 0.000000 0.927769 0.332981 0.332981 0.332981
7428.816406 0.000000 3715.840332 0.000000 0.719111 0.000000 0.694895 0.466505 0.466505 0.466505
7426.822266 0.000000 3694.113037 0.000000 0.056348 0.000000 0.998411 0.248384 0.248384 0.248384
7466.562500 0.000000 3664.310547 0.000000 0.798461 0.000000 0.602047 0.494515 0.494515 0.494515
7399.495117 0.000000 3743.926758 0.000000 0.568734 0.000000 0.822522 0.384435 0.384435 0.384435
7427.564941 0.000000 3686.364746 0.000000 0.409183 0.000000 0.912452 0.412359 0.412359 0.412359
7423.584961 0.000000 3718.383057 0.000000 0.488185 0.000000 0.872740 0.334640 0.334640 0.334640
7436.411133 0.000000 3673.741455 0.000000 0.404850 0.000000 0.914383 0.397756 0.397756 0.397756
7452.672363 0.000000 3667.003418 0.000000 0.672431 0.000000 0.740160 0.473928 0.473928 0.473928
7402.550781 0.000000 3678.785400 0.000000 0.362041 0.000000 0.932162 0.324903 0.324903 0.324903
7467.822754 0.000000 3665.123535 0.000000 0.782779 0.000000 0.622300 0.490332 0.490332 0.490332
7422.895020 0.000000 3717.145264 0.000000 0.336073 0.000000 0.941836 0.324070 0.324070 0.324070
7426.199219 0.000000 3714.585205 0.000000 0.277592 0.000000 0.960699 0.323782 0.323782 0.323782
7445.586914 0.000000 3664.990479 0.000000 0.591076 0.000000 0.806616 0.408830 0.408830 0.408830
7339.394043 0.000000 3745.162598 0.000000 0.995905 0.000000 0.090408 0.598237 0.598237 0.598237
7375.940918 0.000000 3766.143066 0.000000 0.996425 0.000000 0.084483 0.586697 0.586697 0.586697
7387.656738 0.000000 3753.131348 0.000000 0.043059 0.000000 0.999073 0.453541 0.453541 0.453541
7354.178223 0.000000 3745.453857 0.000000 0.731793 0.000000 0.681527 0.509019 0.509019 0.509019
7362.484375 0.000000 3749.440674 0.000000 0.916781 0.000000 0.399391 0.598154 0.598154 0.598154
7346.996582 0.000000 3745.447998 0.000000 0.518224 0.000000 0.855245 0.535450 0.535450 0.535450
7356.238281 0.000000 3753.350586 0.000000 0.997968 0.000000 0.063710 0.589495 0.589495 0.589495
7376.715332 0.000000 3775.086670 0.000000 0.048497 0.000000 0.998823 0.449502 0.449502 0.449502
7370.813965 0.000000 3781.375488 0.000000 0.632442 0.000000 0.774608 0.565490 0.565490 0.565490
7337.377441 0.000000 3751.544678 0.000000 0.326982 0.000000 0.945031 0.416457 0.416457 0.416457
7360.378418 0.000000 3761.518311 0.000000 0.769342 0.000000 0.638837 0.522147 0.522147 0.522147
7364.152832 0.000000 3773.750977 0.000000 0.369686 0.000000 0.929157 0.525000 0.525000 0.525000
7343.348145 0.000000 3750.222168 0.000000 0.987698 0.000000 0.156375 0.570835 0.570835 0.570835
7393.011719 0.000000 3750.435059 0.000000 0.993166 0.000000 0.116706 0.593342 0.593342 0.593342
7382.585449 0.000000 3768.236084 0.000000 0.846868 0.000000 0.531804 0.591601 0.591601 0.591601
7338.344238 0.000000 3761.649902 0.000000 0.282976 0.000000 0.959127 0.496148 0.496148 0.496148
7361.980957 0.000000 3802.335938 0.000000 0.809365 0.000000 0.587306 0.520076 0.520076 0.520076
7359.731934 0.000000 3744.454346 0.000000 0.926202 0.000000 0.377027 0.591893 0.591893 0.591893
7373.767090 0.000000 3785.720215 0.000000 0.719574 0.000000 0.694416 0.539059 0.539059 0.539059
7357.663574 0.000000 3748.696289 0.000000 0.824784 0.000000 0.565447 0.581095 0.581095 0.581095
7352.876953 0.000000 3749.842285 0.000000 0.584354 0.000000 0.811499 0.558875 0.558875 0.558875
7387.457031 0.000000 3762.413086 0.000000 0.876231 0.000000 0.481890 0.587949 0.587949 0.587949
7364.879883 0.000000 3762.297852 0.000000 0.803758 0.000000 0.594957 0.586637 0.586637 0.586637
7343.069824 0.000000 3760.864746 0.000000 0.609022 0.000000 0.793154 0.558838 0.558838 0.558838
7345.269043 0.000000 3754.354980 0.000000 0.622205 0.000000 0.782854 0.513792 0.513792 0.513792
7379.900391 0.000000 3765.164307 0.000000 0.863904 0.000000 0.503657 0.464799 0.464799 0.464799
7369.833984 0.000000 3791.217773 0.000000 0.662391 0.000000 0.749158 0.508673 0.508673 0.508673
7373.259277 0.000000 3756.403320 0.000000 0.201487 0.000000 0.979491 0.540578 0.540578 0.540578
7393.847168 0.000000 3745.641357 0.000000 0.109575 0.000000 0.993979 0.466503 0.466503 0.466503
7343.139648 0.000000 3746.299805 0.000000 0.983246 0.000000 0.182282 0.568972 0.568972 0.568972
7368.791504 0.000000 3761.705078 0.000000 0.095069 0.000000 0.995471 0.438647 0.438647 0.438647
7340.925293 0.000000 3753.016846 0.000000 0.997877 0.000000 0.065128 0.593752 0.593752 0.593752
7384.236328 0.000000 3754.705078 0.000000 0.989280 0.000000 0.146030 0.587267 0.587267 0.587267
7336.814453 0.000000 3747.950928 0.000000 0.983651 0.000000 0.180087 0.579386 0.579386 0.579386
7328.997559 0.000000 3745.763916 0.000000 0.543162 0.000000 0.839628 0.476095 0.476095 0.476095
7368.449219 0.000000 3783.930176 0.000000 0.301149 0.000000 0.953577 0.490106 0.490106 0.490106
7340.222656 0.000000 3748.626953 0.000000 0.092994 0.000000 0.995667 0.495968 0.495968 0.495968
7370.352539 0.000000 3777.979492 0.000000 0.014911 0.000000 0.999889 0.490462 0.490462 0.490462
7371.480469 0.000000 3788.246826 0.000000 0.978338 0.000000 0.207012 0.591567 0.591567 0.591567
7361.435547 0.000000 3775.736084 0.000000 0.752256 0.000000 0.658871 0.512724 0.512724 0.512724
7361.576660 0.000000 3771.548096 0.000000 0.996689 0.000000 0.081312 0.596464 0.596464 0.596464
7352.976562 0.000000 3753.069336 0.000000 0.213274 0.000000 0.976992 0.435489 0.435489 0.435489
7378.506836 0.000000 3758.375488 0.000000 0.999241 0.000000 0.038956 0.596615 0.596615 0.596615
7373.798828 0.000000 3782.461914 0.000000 0.042606 0.000000 0.999092 0.485545 0.485545 0.485545
7356.833008 0.000000 3760.905762 0.000000 0.794016 0.000000 0.607897 0.514848 0.514848 0.514848
7346.581055 0.000000 3750.538330 0.000000 0.892203 0.000000 0.451634 0.487692 0.487692 0.487692
7375.242676 0.000000 3758.837158 0.000000 0.989935 0.000000 0.141522 0.592981 0.592981 0.592981
7366.881836 0.000000 3790.344482 0.000000 0.362382 0.000000 0.932030 0.472379 0.472379 0.472379
7390.667969 0.000000 3752.656250 0.000000 0.683011 0.000000 0.730408 0.569333 0.569333 0.569333
7364.688477 0.000000 3803.706787 0.000000 0.589328 0.000000 0.807894 0.498559 0.498559 0.498559
7338.410645 0.000000 3754.444336 0.000000 0.919563 0.000000 0.392942 0.538300 0.538300 0.538300
7363.092773 0.000000 3752.275146 0.000000 0.731938 0.000000 0.681371 0.511291 0.511291 0.511291
7378.502441 0.000000 3767.641113 0.000000 0.997980 0.000000 0.063535 0.589143 0.589143 0.589143
7358.679199 0.000000 3754.730469 0.000000 0.680717 0.000000 0.732547 0.421450 0.421450 0.421450
7371.354492 0.000000 3784.239014 0.000000 0.868408 0.000000 0.495850 0.537051 0.537051 0.537051
7369.213379 0.000000 3768.459717 0.000000 0.922591 0.000000 0.385779 0.561438 0.561438 0.561438
7382.470215 0.000000 3764.299805 0.000000 0.871130 0.000000 0.491052 0.537721 0.537721 0.537721
7385.366699 0.000000 3760.625977 0.000000 0.648380 0.000000 0.761317 0.509265 0.509265 0.509265
7355.030273 0.000000 3747.961182 0.000000 0.868845 0.000000 0.495085 0.542589 0.542589 0.542589
7354.089355 0.000000 3803.388672 0.000000 0.999782 0.000000 0.020861 0.598625 0.598625 0.598625
7357.221680 0.000000 3801.078613 0.000000 0.662773 0.000000 0.748820 0.483375 0.483375 0.483375
7334.345215 0.000000 3748.153564 0.000000 0.943509 0.000000 0.331346 0.526645 0.526645 0.526645
7340.749512 0.000000 3761.773438 0.000000 0.133989 0.000000 0.990983 0.488115 0.488115 0.488115
7331.774902 0.000000 3745.220947 0.000000 0.925729 0.000000 0.378188 0.544228 0.544228 0.544228
7354.691406 0.000000 3798.178223 0.000000 0.669196 0.000000 0.743086 0.498364 0.498364 0.498364
7363.032227 0.000000 3760.734619 0.000000 0.242783 0.000000 0.970080 0.508663 0.508663 0.508663
7337.127930 0.000000 3745.652588 0.000000 0.146726 0.000000 0.989177 0.499779 0.499779 0.499779
7349.848145 0.000000 3757.676270 0.000000 0.728238 0.000000 0.685325 0.489161 0.489161 0.489161
7359.643066 0.000000 3759.255371 0.000000 0.382588 0.000000 0.923919 0.458811 0.458811 0.458811
7368.383789 0.000000 3776.654053 0.000000 0.371792 0.000000 0.928316 0.514449 0.514449 0.514449
7350.827148 0.000000 3754.003418 0.000000 0.975734 0.000000 0.218959 0.544118 0.544118 0.544118
7337.082031 0.000000 3759.535889 0.000000 0.139943 0.000000 0.990160 0.460729 0.460729 0.460729
7370.061035 0.000000 3786.155029 0.000000 0.082857 0.000000 0.996561 0.499709 0.499709 0.499709
7380.678711 0.000000 3762.961670 0.000000 0.705824 0.000000 0.708387 0.440810 0.440810 0.440810
7371.815918 0.000000 3758.057617 0.000000 0.746637 0.000000 0.665232 0.511694 0.511694 0.511694
7357.558105 0.000000 3751.245605 0.000000 0.609620 0.000000 0.792694 0.539679 0.539679 0.539679
7387.270508 0.000000 3750.606445 0.000000 0.902124 0.000000 0.431478 0.546538 0.546538 0.546538
7342.884277 0.000000 3754.807617 0.000000 0.998156 0.000000 0.060702 0.595269 0.595269 0.595269
7341.022949 0.000000 3746.621826 0.000000 0.938053 0.000000 0.346492 0.574560 0.574560 0.574560
7393.540039 0.000000 3748.087646 0.000000 0.996021 0.000000 0.089117 0.588638 0.588638 0.588638
7354.455566 0.000000 3754.628662 0.000000 0.920976 0.000000 0.389620 0.529859 0.529859 0.529859
7342.369141 0.000000 3748.256592 0.000000 0.099852 0.000000 0.995002 0.355454 0.355454 0.355454
7391.997559 0.000000 3744.619873 0.000000 0.625872 0.000000 0.779926 0.482083 0.482083 0.482083
7381.295898 0.000000 3759.289795 0.000000 0.550418 0.000000 0.834889 0.477172 0.477172 0.477172
7359.225098 0.000000 3797.772461 0.000000 0.999118 0.000000 0.041982 0.595345 0.595345 0.595345
7383.839844 0.000000 3756.811768 0.000000 0.220753 0.000000 0.975330 0.414204 0.414204 0.414204
7371.494629 0.000000 3772.822021 0.000000 0.186110 0.000000 0.982529 0.336789 0.336789 0.336789
7327.084473 0.000000 3745.138184 0.000000 0.997998 0.000000 0.063239 0.594976 0.594976 0.594976
7382.186035 0.000000 3755.081055 0.000000 0.924147 0.000000 0.382037 0.566530 0.566530 0.566530
7388.977051 0.000000 3751.572266 0.000000 0.618587 0.000000 0.785716 0.490333 0.490333 0.490333
7376.523926 0.000000 3768.134033 0.000000 0.630661 0.000000 0.776059 0.521486 0.521486 0.521486
7337.911621 0.000000 3749.680664 0.000000 0.481681 0.000000 0.876346 0.471990 0.471990 0.471990
7356.171875 0.000000 3799.422852 0.000000 0.715152 0.000000 0.698969 0.484067 0.484067 0.484067
7347.433594 0.000000 3748.761475 0.000000 0.983682 0.000000 0.179918 0.566399 0.566399 0.566399
7382.464844 0.000000 3745.039062 0.000000 0.752006 0.000000 0.659157 0.527770 0.527770 0.527770
7391.253906 0.000000 3749.666504 0.000000 0.958290 0.000000 0.285796 0.550506 0.550506 0.550506
7375.166504 0.000000 3773.895264 0.000000 0.943475 0.000000 0.331442 0.515490 0.515490 0.515490
7363.474609 0.000000 3754.095703 0.000000 0.824006 0.000000 0.566581 0.508870 0.508870 0.508870
7361.159668 0.000000 3752.957275 0.000000 0.726315 0.000000 0.687362 0.485344 0.485344 0.485344
7362.224609 0.000000 3756.591797 0.000000 0.980162 0.000000 0.198199 0.570711 0.570711 0.570711
7338.905273 0.000000 3752.643555 0.000000 0.885184 0.000000 0.465241 0.532588 0.532588 0.532588
7360.950195 0.000000 3800.806885 0.000000 0.884018 0.000000 0.467452 0.517668 0.517668 0.517668
7345.394531 0.000000 3746.174316 0.000000 0.297061 0.000000 0.954859 0.360456 0.360456 0.360456
7345.012207 0.000000 3749.626221 0.000000 0.803681 0.000000 0.595060 0.445340 0.445340 0.445340
7358.575684 0.000000 3761.229980 0.000000 0.998904 0.000000 0.046809 0.593266 0.593266 0.593266
7357.887207 0.000000 3799.013428 0.000000 0.999885 0.000000 0.015134 0.597733 0.597733 0.597733
7374.965332 0.000000 3771.543701 0.000000 0.793932 0.000000 0.608007 0.472734 0.472734 0.472734
7347.000000 0.000000 3754.766602 0.000000 0.786843 0.000000 0.617153 0.502362 0.502362 0.502362
7330.629883 0.000000 3746.493896 0.000000 0.183881 0.000000 0.982948 0.296915 0.296915 0.296915
7353.185059 0.000000 3801.905273 0.000000 0.837682 0.000000 0.546158 0.533360 0.533360 0.533360
7338.510742 0.000000 3758.478516 0.000000 0.257439 0.000000 0.966295 0.421374 0.421374 0.421374
7336.820801 0.000000 3755.595459 0.000000 0.998190 0.000000 0.060139 0.590716 0.590716 0.590716
7374.921875 0.000000 3767.706299 0.000000 0.996709 0.000000 0.081069 0.587235 0.587235 0.587235
7370.073730 0.000000 3783.121826 0.000000 0.997832 0.000000 0.065815 0.592009 0.592009 0.592009
7352.352539 0.000000 3754.621338 0.000000 0.919635 0.000000 0.392774 0.520793 0.520793 0.520793
7378.423340 0.000000 3760.137207 0.000000 0.675727 0.000000 0.737152 0.465912 0.465912 0.465912
7346.982422 0.000000 3747.216064 0.000000 0.416572 0.000000 0.909103 0.454707 0.454707 0.454707
7348.592773 0.000000 3754.075195 0.000000 0.245507 0.000000 0.969395 0.344401 0.344401 0.344401
7373.662109 0.000000 3774.603760 0.000000 0.588534 0.000000 0.808472 0.408189 0.408189 0.408189
7373.493164 0.000000 3768.810303 0.000000 0.407633 0.000000 0.913146 0.351741 0.351741 0.351741
7333.293457 0.000000 3744.602051 0.000000 0.076411 0.000000 0.997076 0.371686 0.371686 0.371686
7384.865723 0.000000 3759.161621 0.000000 0.960919 0.000000 0.276829 0.560085 0.560085 0.560085
7331.599121 0.000000 3751.527588 0.000000 0.062870 0.000000 0.998022 0.385423 0.385423 0.385423
7343.084961 0.000000 3744.755371 0.000000 0.951146 0.000000 0.308743 0.554865 0.554865 0.554865
7360.009277 0.000000 3754.004883 0.000000 0.966721 0.000000 0.255831 0.550397 0.550397 0.550397
7372.108887 0.000000 3767.986816 0.000000 0.395997 0.000000 0.918252 0.408264 0.408264 0.408264
7358.694336 0.000000 3801.147949 0.000000 0.682032 0.000000 0.731322 0.452557 0.452557 0.452557
7347.530273 0.000000 3751.658447 0.000000 0.436993 0.000000 0.899465 0.331920 0.331920 0.331920
7370.701660 0.000000 3768.298828 0.000000 0.344705 0.000000 0.938711 0.346216 0.346216 0.346216
7372.224121 0.000000 3766.285889 0.000000 0.975293 0.000000 0.220914 0.563297 0.563297 0.563297
7379.274902 0.000000 3766.451416 0.000000 0.044501 0.000000 0.999009 0.339366 0.339366 0.339366
7381.098145 0.000000 3761.431885 0.000000 0.994644 0.000000 0.103355 0.582164 0.582164 0.582164
7335.634277 0.000000 3748.668457 0.000000 0.904730 0.000000 0.425986 0.504421 0.504421 0.504421
7334.673340 0.000000 3749.584717 0.000000 0.750389 0.000000 0.660997 0.443150 0.443150 0.443150
7397.746094 0.000000 3746.792969 0.000000 0.927177 0.000000 0.374624 0.546507 0.546507 0.546507
7407.221191 0.000000 3744.541260 0.000000 0.795757 0.000000 0.605616 0.543481 0.543481 0.543481
7403.410156 0.000000 3748.962891 0.000000 0.146081 0.000000 0.989273 0.339733 0.339733 0.339733
7398.300293 0.000000 3752.294678 0.000000 0.193385 0.000000 0.981123 0.567017 0.567017 0.567017
7408.613281 0.000000 3756.675049 0.000000 0.545582 0.000000 0.838057 0.561299 0.561299 0.561299
7401.712891 0.000000 3744.457520 0.000000 0.887500 0.000000 0.460807 0.440745 0.440745 0.440745
7401.834961 0.000000 3751.978516 0.000000 0.905577 0.000000 0.424182 0.556036 0.556036 0.556036
7410.278320 0.000000 3744.546875 0.000000 0.902270 0.000000 0.431171 0.574625 0.574625 0.574625
7411.490234 0.000000 3749.392334 0.000000 0.170739 0.000000 0.985316 0.518259 0.518259 0.518259
7405.679199 0.000000 3756.985596 0.000000 0.203782 0.000000 0.979016 0.540679 0.540679 0.540679
7404.698242 0.000000 3751.534912 0.000000 0.186132 0.000000 0.982525 0.398968 0.398968 0.398968
7396.604492 0.000000 3744.453613 0.000000 0.641277 0.000000 0.767310 0.445403 0.445403 0.445403
7401.175293 0.000000 3746.992432 0.000000 0.231027 0.000000 0.972947 0.189237 0.189237 0.189237
7397.538574 0.000000 3749.849365 0.000000 0.958290 0.000000 0.285796 0.576121 0.576121 0.576121
7395.953125 0.000000 3747.999512 0.000000 0.554976 0.000000 0.831867 0.480796 0.480796 0.480796
7405.052246 0.000000 3753.536865 0.000000 0.541141 0.000000 0.840932 0.489264 0.489264 0.489264
7403.408203 0.000000 3752.822754 0.000000 0.098773 0.000000 0.995110 0.434644 0.434644 0.434644
7399.458008 0.000000 3746.272705 0.000000 0.793404 0.000000 0.608696 0.456881 0.456881 0.456881
7403.036133 0.000000 3747.231201 0.000000 0.167130 0.000000 0.985935 0.173413 0.173413 0.173413
7402.041504 0.000000 3753.983643 0.000000 0.961719 0.000000 0.274037 0.568814 0.568814 0.568814
7403.112793 0.000000 3750.947266 0.000000 0.458003 0.000000 0.888951 0.431048 0.431048 0.431048
7403.285645 0.000000 3744.940430 0.000000 0.456916 0.000000 0.889510 0.265004 0.265004 0.265004
7405.333984 0.000000 3744.471680 0.000000 0.978253 0.000000 0.207417 0.565261 0.565261 0.565261
7401.899902 0.000000 3748.427246 0.000000 0.706286 0.000000 0.707927 0.483357 0.483357 0.483357
7397.875000 0.000000 3745.250244 0.000000 0.029648 0.000000 0.999560 0.327594 0.327594 0.327594
7484.738281 0.000000 3639.808594 0.000000 0.729914 0.000000 0.683539 0.571816 0.571816 0.571816
7485.292480 0.000000 3645.310303 0.000000 0.259170 0.000000 0.965832 0.570596 0.570596 0.570596
7495.232910 0.000000 3642.505615 0.000000 0.817885 0.000000 0.575381 0.545818 0.545818 0.545818
7488.705078 0.000000 3637.473145 0.000000 0.965501 0.000000 0.260400 0.592108 0.592108 0.592108
7481.776855 0.000000 3642.882568 0.000000 0.453798 0.000000 0.891105 0.565405 0.565405 0.565405
7493.969727 0.000000 3646.103516 0.000000 0.529979 0.000000 0.848011 0.515091 0.515091 0.515091
7488.827148 0.000000 3644.994141 0.000000 0.987900 0.000000 0.155092 0.595568 0.595568 0.595568
7486.977539 0.000000 3642.247803 0.000000 0.065218 0.000000 0.997871 0.552641 0.552641 0.552641
7491.482422 0.000000 3639.059326 0.000000 0.007762 0.000000 0.999970 0.543809 0.543809 0.543809
7492.044434 0.000000 3646.552490 0.000000 0.470091 0.000000 0.882618 0.509288 0.509288 0.509288
"}
object={
	name="tree_leaf_2_high_generator_1_1"
	render_pass=Map
	clamp_to_water_level=no
	generated_content=yes
	layer="tree_high_layer"
	pdxmesh="tree_leaf_01_b_mesh"
	count=638
	transform="7254.159668 0.000000 3678.837891 0.000000 0.313544 0.000000 -0.949574 0.613127 0.613127 0.613127
7290.465820 0.000000 3675.204346 0.000000 0.734988 0.000000 -0.678080 0.603349 0.603349 0.603349
7281.077148 0.000000 3680.463867 0.000000 0.946601 0.000000 -0.322408 0.605409 0.605409 0.605409
7299.419434 0.000000 3677.840332 0.000000 0.327920 0.000000 -0.944706 0.618525 0.618525 0.618525
7261.563477 0.000000 3689.294678 0.000000 0.006361 0.000000 -0.999980 0.630464 0.630464 0.630464
7282.343750 0.000000 3688.970703 0.000000 0.715998 0.000000 -0.698102 0.611575 0.611575 0.611575
7268.159180 0.000000 3687.034180 0.000000 0.664839 0.000000 -0.746987 0.618953 0.618953 0.618953
7276.805176 0.000000 3684.378418 0.000000 0.125123 0.000000 -0.992141 0.658456 0.658456 0.658456
7292.199219 0.000000 3671.456299 0.000000 0.637670 0.000000 -0.770310 0.619758 0.619758 0.619758
7279.889648 0.000000 3683.360107 0.000000 0.823165 0.000000 -0.567803 0.624422 0.624422 0.624422
7458.352539 0.000000 3526.537354 0.000000 0.777840 0.000000 -0.628462 0.613233 0.613233 0.613233
7473.644043 0.000000 3526.854980 0.000000 0.955664 0.000000 -0.294461 0.607611 0.607611 0.607611
7478.278320 0.000000 3528.092773 0.000000 0.924527 0.000000 -0.381116 0.608200 0.608200 0.608200
7460.777344 0.000000 3528.905273 0.000000 0.342341 0.000000 -0.939576 0.636591 0.636591 0.636591
7467.348145 0.000000 3525.403809 0.000000 0.117453 0.000000 -0.993078 0.684887 0.684887 0.684887
7470.528320 0.000000 3524.801270 0.000000 0.441106 0.000000 -0.897455 0.705124 0.705124 0.705124
7371.941406 0.000000 3620.053711 0.000000 0.762988 0.000000 -0.646413 0.603159 0.603159 0.603159
7361.983887 0.000000 3633.963867 0.000000 0.542471 0.000000 -0.840075 0.605976 0.605976 0.605976
7386.651855 0.000000 3633.839355 0.000000 0.919286 0.000000 -0.393589 0.609695 0.609695 0.609695
7387.416992 0.000000 3625.931152 0.000000 0.914028 0.000000 -0.405650 0.605005 0.605005 0.605005
7366.613770 0.000000 3632.219727 0.000000 0.985955 0.000000 -0.167009 0.602765 0.602765 0.602765
7378.964844 0.000000 3624.806396 0.000000 0.104898 0.000000 -0.994483 0.641715 0.641715 0.641715
7391.286133 0.000000 3635.077148 0.000000 0.967937 0.000000 -0.251193 0.604184 0.604184 0.604184
7382.397949 0.000000 3634.888672 0.000000 0.389920 0.000000 -0.920849 0.640318 0.640318 0.640318
7380.355957 0.000000 3632.388184 0.000000 0.917581 0.000000 -0.397549 0.620210 0.620210 0.620210
7379.534668 0.000000 3636.436279 0.000000 0.035274 0.000000 -0.999378 0.657502 0.657502 0.657502
7458.327637 0.000000 3532.403076 0.000000 0.626463 0.000000 -0.779451 0.642843 0.642843 0.642843
7447.546387 0.000000 3625.104004 0.000000 0.824063 0.000000 -0.566499 0.601804 0.601804 0.601804
7462.933105 0.000000 3552.174316 0.000000 0.246870 0.000000 -0.969049 0.601979 0.601979 0.601979
7474.648926 0.000000 3539.162598 0.000000 0.212068 0.000000 -0.977255 0.620329 0.620329 0.620329
7440.034180 0.000000 3573.804199 0.000000 0.881370 0.000000 -0.472426 0.605159 0.605159 0.605159
7476.890137 0.000000 3530.841797 0.000000 0.970170 0.000000 -0.242424 0.606235 0.606235 0.606235
7469.516113 0.000000 3547.610107 0.000000 0.331596 0.000000 -0.943422 0.777278 0.777278 0.777278
7413.087402 0.000000 3545.438232 0.000000 0.394105 0.000000 -0.919065 0.811283 0.811283 0.811283
7457.806152 0.000000 3567.406738 0.000000 0.999995 0.000000 -0.003125 0.600042 0.600042 0.600042
7476.179199 0.000000 3558.637695 0.000000 0.936978 0.000000 -0.349388 0.615505 0.615505 0.615505
7469.577637 0.000000 3554.267334 0.000000 0.645545 0.000000 -0.763722 0.654675 0.654675 0.654675
7463.085449 0.000000 3535.688965 0.000000 0.336233 0.000000 -0.941779 0.662536 0.662536 0.662536
7415.419434 0.000000 3550.868164 0.000000 0.972003 0.000000 -0.234969 0.604619 0.604619 0.604619
7451.574707 0.000000 3569.334961 0.000000 0.147156 0.000000 -0.989113 0.789722 0.789722 0.789722
7474.963379 0.000000 3563.718750 0.000000 0.180137 0.000000 -0.983642 0.627061 0.627061 0.627061
7408.613281 0.000000 3542.706299 0.000000 0.425650 0.000000 -0.904888 0.744018 0.744018 0.744018
7453.537109 0.000000 3564.310547 0.000000 0.949369 0.000000 -0.314162 0.613882 0.613882 0.613882
7453.605957 0.000000 3632.219727 0.000000 0.780585 0.000000 -0.625050 0.611125 0.611125 0.611125
7408.240723 0.000000 3535.521240 0.000000 0.514763 0.000000 -0.857333 0.629316 0.629316 0.629316
7454.225586 0.000000 3556.530762 0.000000 0.596814 0.000000 -0.802380 0.625110 0.625110 0.625110
7479.900879 0.000000 3555.162109 0.000000 0.624163 0.000000 -0.781294 0.651043 0.651043 0.651043
7479.824219 0.000000 3549.371338 0.000000 0.356075 0.000000 -0.934457 0.672304 0.672304 0.672304
7480.839355 0.000000 3531.672607 0.000000 0.795676 0.000000 -0.605723 0.618519 0.618519 0.618519
7450.493164 0.000000 3573.338135 0.000000 0.467824 0.000000 -0.883821 0.622732 0.622732 0.622732
7476.276367 0.000000 3535.643799 0.000000 0.852449 0.000000 -0.522811 0.616482 0.616482 0.616482
7465.612793 0.000000 3538.171631 0.000000 0.156205 0.000000 -0.987725 0.674130 0.674130 0.674130
7421.832031 0.000000 3546.104248 0.000000 0.322859 0.000000 -0.946447 0.706048 0.706048 0.706048
7459.301758 0.000000 3535.740479 0.000000 0.667228 0.000000 -0.744853 0.645314 0.645314 0.645314
7479.301758 0.000000 3559.995361 0.000000 0.834009 0.000000 -0.551751 0.628891 0.628891 0.628891
7460.777344 0.000000 3635.889648 0.000000 0.762288 0.000000 -0.647238 0.629525 0.629525 0.629525
7411.967773 0.000000 3542.471436 0.000000 0.694653 0.000000 -0.719345 0.704628 0.704628 0.704628
7455.201660 0.000000 3532.678711 0.000000 0.843196 0.000000 -0.537606 0.643361 0.643361 0.643361
7471.110840 0.000000 3556.966064 0.000000 0.736950 0.000000 -0.675947 0.643362 0.643362 0.643362
7477.660156 0.000000 3538.687500 0.000000 0.062816 0.000000 -0.998025 0.663246 0.663246 0.663246
7480.456543 0.000000 3552.253906 0.000000 0.953693 0.000000 -0.300782 0.618306 0.618306 0.618306
7409.829102 0.000000 3539.957520 0.000000 0.881628 0.000000 -0.471945 0.624295 0.624295 0.624295
7468.012207 0.000000 3556.703613 0.000000 0.417978 0.000000 -0.908457 0.668280 0.668280 0.668280
7467.149902 0.000000 3540.505371 0.000000 0.968831 0.000000 -0.247724 0.621749 0.621749 0.621749
7466.867676 0.000000 3546.896973 0.000000 0.227336 0.000000 -0.973816 0.658273 0.658273 0.658273
7404.698242 0.000000 3537.566162 0.000000 0.985420 0.000000 -0.170138 0.613317 0.613317 0.613317
7472.358887 0.000000 3546.657227 0.000000 0.239037 0.000000 -0.971010 0.685629 0.685629 0.685629
7463.444824 0.000000 3558.467285 0.000000 0.756762 0.000000 -0.653691 0.638419 0.638419 0.638419
7458.208496 0.000000 3636.512451 0.000000 0.517656 0.000000 -0.855589 0.652289 0.652289 0.652289
7480.109863 0.000000 3543.803467 0.000000 0.532099 0.000000 -0.846682 0.654450 0.654450 0.654450
7480.296387 0.000000 3546.403320 0.000000 0.626148 0.000000 -0.779704 0.649559 0.649559 0.649559
7456.823730 0.000000 3534.828125 0.000000 0.914097 0.000000 -0.405495 0.640027 0.640027 0.640027
7444.887695 0.000000 3570.160645 0.000000 0.988561 0.000000 -0.150824 0.618823 0.618823 0.618823
7480.458496 0.000000 3557.740723 0.000000 0.875408 0.000000 -0.483384 0.625695 0.625695 0.625695
7409.921875 0.000000 3537.433105 0.000000 0.442010 0.000000 -0.897010 0.715032 0.715032 0.715032
7474.211914 0.000000 3552.941895 0.000000 0.999975 0.000000 -0.007047 0.600454 0.600454 0.600454
7449.261719 0.000000 3568.034668 0.000000 0.999751 0.000000 -0.022300 0.601804 0.601804 0.601804
7419.344727 0.000000 3545.799316 0.000000 0.917657 0.000000 -0.397374 0.649583 0.649583 0.649583
7471.876953 0.000000 3553.748779 0.000000 0.107950 0.000000 -0.994156 0.696401 0.696401 0.696401
7475.924805 0.000000 3550.180176 0.000000 0.772999 0.000000 -0.634407 0.646325 0.646325 0.646325
7465.943848 0.000000 3561.710205 0.000000 0.154719 0.000000 -0.987959 0.786582 0.786582 0.786582
7425.601074 0.000000 3555.717529 0.000000 0.622198 0.000000 -0.782860 0.736048 0.736048 0.736048
7466.171387 0.000000 3542.385254 0.000000 0.004549 0.000000 -0.999990 0.832267 0.832267 0.832267
7467.557129 0.000000 3553.251465 0.000000 0.261134 0.000000 -0.965302 0.756575 0.756575 0.756575
7457.520508 0.000000 3536.893311 0.000000 0.999723 0.000000 -0.023545 0.602998 0.602998 0.602998
7444.494629 0.000000 3568.225586 0.000000 0.222355 0.000000 -0.974966 0.741194 0.741194 0.741194
7441.110840 0.000000 3560.592773 0.000000 0.361100 0.000000 -0.932527 0.709772 0.709772 0.709772
7407.737793 0.000000 3537.354736 0.000000 0.999152 0.000000 -0.041179 0.606787 0.606787 0.606787
7465.371582 0.000000 3540.026123 0.000000 0.766811 0.000000 -0.641873 0.695001 0.695001 0.695001
7418.234863 0.000000 3544.387939 0.000000 0.957747 0.000000 -0.287610 0.635396 0.635396 0.635396
7465.089355 0.000000 3560.090820 0.000000 0.847000 0.000000 -0.531593 0.673881 0.673881 0.673881
7406.204102 0.000000 3537.757324 0.000000 0.986786 0.000000 -0.162029 0.626816 0.626816 0.626816
7445.535156 0.000000 3573.316895 0.000000 0.647241 0.000000 -0.762285 0.748024 0.748024 0.748024
7481.770020 0.000000 3528.786133 0.000000 0.902378 0.000000 -0.430946 0.609343 0.609343 0.609343
7483.296875 0.000000 3554.183594 0.000000 0.232608 0.000000 -0.972571 0.676049 0.676049 0.676049
7481.551270 0.000000 3542.903564 0.000000 0.745577 0.000000 -0.666419 0.639333 0.639333 0.639333
7493.947754 0.000000 3560.536133 0.000000 0.656709 0.000000 -0.754144 0.642232 0.642232 0.642232
7510.336426 0.000000 3618.735596 0.000000 0.992893 0.000000 -0.119009 0.601251 0.601251 0.601251
7484.326660 0.000000 3563.815918 0.000000 0.997945 0.000000 -0.064079 0.601441 0.601441 0.601441
7501.736816 0.000000 3598.043701 0.000000 0.953635 0.000000 -0.300964 0.609158 0.609158 0.609158
7487.717285 0.000000 3548.070312 0.000000 0.823792 0.000000 -0.566892 0.631600 0.631600 0.631600
7488.694336 0.000000 3633.472168 0.000000 0.993757 0.000000 -0.111569 0.603517 0.603517 0.603517
7514.367188 0.000000 3634.814209 0.000000 0.918386 0.000000 -0.395685 0.628641 0.628641 0.628641
7498.361328 0.000000 3592.477783 0.000000 0.946757 0.000000 -0.321950 0.612275 0.612275 0.612275
7497.876465 0.000000 3564.601562 0.000000 0.055392 0.000000 -0.998465 0.731656 0.731656 0.731656
7481.770020 0.000000 3635.770508 0.000000 0.970842 0.000000 -0.239719 0.613417 0.613417 0.613417
7508.852051 0.000000 3634.573486 0.000000 0.308986 0.000000 -0.951066 0.641413 0.641413 0.641413
7503.598633 0.000000 3592.080811 0.000000 0.870911 0.000000 -0.491441 0.631552 0.631552 0.631552
7504.001953 0.000000 3632.018311 0.000000 0.620338 0.000000 -0.784334 0.752614 0.752614 0.752614
7481.611328 0.000000 3559.020264 0.000000 0.689763 0.000000 -0.724036 0.641234 0.641234 0.641234
7486.044922 0.000000 3543.522949 0.000000 0.285752 0.000000 -0.958304 0.663322 0.663322 0.663322
7498.353027 0.000000 3560.069092 0.000000 0.061156 0.000000 -0.998128 0.656532 0.656532 0.656532
7492.672852 0.000000 3601.278809 0.000000 0.019367 0.000000 -0.999812 0.641831 0.641831 0.641831
7513.053711 0.000000 3631.222900 0.000000 0.966619 0.000000 -0.256219 0.612808 0.612808 0.612808
7485.485840 0.000000 3635.661865 0.000000 0.440013 0.000000 -0.897991 0.633409 0.633409 0.633409
7484.335938 0.000000 3546.853027 0.000000 0.528483 0.000000 -0.848944 0.654680 0.654680 0.654680
7496.247070 0.000000 3600.684082 0.000000 0.881860 0.000000 -0.471511 0.627949 0.627949 0.627949
7489.694824 0.000000 3563.450195 0.000000 0.179016 0.000000 -0.983846 0.639583 0.639583 0.639583
7484.916016 0.000000 3560.145996 0.000000 0.982314 0.000000 -0.187243 0.607336 0.607336 0.607336
7491.410156 0.000000 3558.176270 0.000000 0.507289 0.000000 -0.861776 0.673131 0.673131 0.673131
7488.827148 0.000000 3538.009766 0.000000 0.855847 0.000000 -0.517230 0.626057 0.626057 0.626057
7489.253906 0.000000 3544.485107 0.000000 0.999982 0.000000 -0.006056 0.600272 0.600272 0.600272
7483.937500 0.000000 3551.026123 0.000000 0.541936 0.000000 -0.840419 0.656811 0.656811 0.656811
7483.514648 0.000000 3633.088867 0.000000 0.979291 0.000000 -0.202458 0.607940 0.607940 0.607940
7496.023438 0.000000 3590.312744 0.000000 0.809027 0.000000 -0.587772 0.619764 0.619764 0.619764
7494.989258 0.000000 3563.427246 0.000000 0.162759 0.000000 -0.986666 0.675890 0.675890 0.675890
7484.380859 0.000000 3541.110596 0.000000 0.716202 0.000000 -0.697893 0.642812 0.642812 0.642812
7511.610840 0.000000 3635.707275 0.000000 0.774901 0.000000 -0.632083 0.650222 0.650222 0.650222
7511.385254 0.000000 3613.132568 0.000000 0.517973 0.000000 -0.855397 0.750660 0.750660 0.750660
7510.010254 0.000000 3631.993164 0.000000 0.286572 0.000000 -0.958059 0.667115 0.667115 0.667115
7492.805176 0.000000 3555.714844 0.000000 0.395365 0.000000 -0.918524 0.655811 0.655811 0.655811
7490.528320 0.000000 3548.234375 0.000000 0.972120 0.000000 -0.234483 0.620209 0.620209 0.620209
7483.770508 0.000000 3557.428467 0.000000 0.988131 0.000000 -0.153611 0.609010 0.609010 0.609010
7483.634766 0.000000 3544.341064 0.000000 0.910764 0.000000 -0.412926 0.622954 0.622954 0.622954
7505.580078 0.000000 3593.534180 0.000000 0.846983 0.000000 -0.531619 0.636103 0.636103 0.636103
7497.116699 0.000000 3562.257080 0.000000 0.571422 0.000000 -0.820656 0.773021 0.773021 0.773021
7495.276367 0.000000 3565.853760 0.000000 0.761767 0.000000 -0.647851 0.647506 0.647506 0.647506
7502.205078 0.000000 3588.106445 0.000000 0.666702 0.000000 -0.745324 0.661730 0.661730 0.661730
7501.877441 0.000000 3632.681885 0.000000 0.992498 0.000000 -0.122264 0.608813 0.608813 0.608813
7515.074707 0.000000 3616.728516 0.000000 0.192040 0.000000 -0.981387 0.705238 0.705238 0.705238
7507.212891 0.000000 3633.307373 0.000000 0.398704 0.000000 -0.917080 0.792989 0.792989 0.792989
7500.220215 0.000000 3588.516602 0.000000 0.166186 0.000000 -0.986094 0.757713 0.757713 0.757713
7505.541504 0.000000 3632.849609 0.000000 0.443938 0.000000 -0.896058 0.788022 0.788022 0.788022
7511.700195 0.000000 3632.005127 0.000000 0.931748 0.000000 -0.363105 0.659559 0.659559 0.659559
7371.335449 0.000000 3639.387451 0.000000 0.967917 0.000000 -0.251269 0.605707 0.605707 0.605707
7347.601562 0.000000 3698.479492 0.000000 0.443578 0.000000 -0.896236 0.628297 0.628297 0.628297
7360.554199 0.000000 3732.088379 0.000000 0.275361 0.000000 -0.961341 0.605805 0.605805 0.605805
7329.543945 0.000000 3712.530029 0.000000 0.969686 0.000000 -0.244353 0.606286 0.606286 0.606286
7360.805176 0.000000 3712.716797 0.000000 0.337307 0.000000 -0.941395 0.748843 0.748843 0.748843
7326.499512 0.000000 3693.721436 0.000000 0.992844 0.000000 -0.119423 0.602690 0.602690 0.602690
7387.656738 0.000000 3646.146973 0.000000 0.015949 0.000000 -0.999873 0.618632 0.618632 0.618632
7345.832520 0.000000 3721.664551 0.000000 0.482699 0.000000 -0.875786 0.719879 0.719879 0.719879
7354.178223 0.000000 3638.469482 0.000000 0.827103 0.000000 -0.562050 0.602682 0.602682 0.602682
7322.208984 0.000000 3739.651123 0.000000 0.983953 0.000000 -0.178427 0.602956 0.602956 0.602956
7330.199707 0.000000 3671.492188 0.000000 0.999987 0.000000 -0.005037 0.600136 0.600136 0.600136
7338.392578 0.000000 3690.666504 0.000000 0.999776 0.000000 -0.021148 0.600127 0.600127 0.600127
7389.615723 0.000000 3659.425781 0.000000 0.806006 0.000000 -0.591908 0.601898 0.601898 0.601898
7334.513184 0.000000 3701.680908 0.000000 0.290053 0.000000 -0.957011 0.611473 0.611473 0.611473
7392.158203 0.000000 3737.384033 0.000000 0.135403 0.000000 -0.990791 0.645139 0.645139 0.645139
7336.352051 0.000000 3725.719971 0.000000 0.667687 0.000000 -0.744442 0.636477 0.636477 0.636477
7370.096191 0.000000 3667.530029 0.000000 0.373446 0.000000 -0.927652 0.612458 0.612458 0.612458
7380.932129 0.000000 3639.324463 0.000000 0.944317 0.000000 -0.329038 0.609040 0.609040 0.609040
7338.494629 0.000000 3667.204590 0.000000 0.491642 0.000000 -0.870798 0.609498 0.609498 0.609498
7362.484375 0.000000 3642.456299 0.000000 0.942059 0.000000 -0.335449 0.630745 0.630745 0.630745
7310.342285 0.000000 3670.800293 0.000000 0.161236 0.000000 -0.986916 0.648538 0.648538 0.648538
7389.897949 0.000000 3637.826172 0.000000 0.815506 0.000000 -0.578749 0.611094 0.611094 0.611094
7327.390137 0.000000 3663.482178 0.000000 0.772908 0.000000 -0.634518 0.606178 0.606178 0.606178
7342.620605 0.000000 3731.384033 0.000000 0.708421 0.000000 -0.705791 0.619953 0.619953 0.619953
7318.943359 0.000000 3696.613281 0.000000 0.894923 0.000000 -0.446220 0.604157 0.604157 0.604157
7352.092773 0.000000 3715.444824 0.000000 0.807256 0.000000 -0.590202 0.700240 0.700240 0.700240
7327.864746 0.000000 3734.266846 0.000000 0.055655 0.000000 -0.998450 0.624965 0.624965 0.624965
7367.533691 0.000000 3734.195068 0.000000 0.854075 0.000000 -0.520150 0.641790 0.641790 0.641790
7354.196289 0.000000 3669.526611 0.000000 0.709122 0.000000 -0.705086 0.608205 0.608205 0.608205
7340.458984 0.000000 3697.601074 0.000000 0.774216 0.000000 -0.632921 0.618478 0.618478 0.618478
7374.464844 0.000000 3733.728271 0.000000 0.861971 0.000000 -0.506957 0.641412 0.641412 0.641412
7320.881836 0.000000 3711.513184 0.000000 0.465285 0.000000 -0.885161 0.630932 0.630932 0.630932
7372.409180 0.000000 3653.402344 0.000000 0.997449 0.000000 -0.071382 0.600642 0.600642 0.600642
7386.651855 0.000000 3740.823730 0.000000 0.901063 0.000000 -0.433689 0.674586 0.674586 0.674586
7387.416992 0.000000 3732.915527 0.000000 0.980231 0.000000 -0.197858 0.608354 0.608354 0.608354
7324.376953 0.000000 3699.462158 0.000000 0.870790 0.000000 -0.491656 0.617708 0.617708 0.617708
7365.806641 0.000000 3637.572998 0.000000 0.037452 0.000000 -0.999298 0.664311 0.664311 0.664311
7382.201660 0.000000 3644.804932 0.000000 0.298080 0.000000 -0.954541 0.618995 0.618995 0.618995
7352.646973 0.000000 3742.416260 0.000000 0.083172 0.000000 -0.996535 0.640108 0.640108 0.640108
7359.731934 0.000000 3637.469971 0.000000 0.996964 0.000000 -0.077864 0.600934 0.600934 0.600934
7314.365234 0.000000 3667.178955 0.000000 0.424563 0.000000 -0.905398 0.622050 0.622050 0.622050
7334.867676 0.000000 3741.557861 0.000000 0.946499 0.000000 -0.322706 0.619196 0.619196 0.619196
7356.498047 0.000000 3727.927490 0.000000 0.994654 0.000000 -0.103269 0.614257 0.614257 0.614257
7326.513672 0.000000 3688.278076 0.000000 0.043886 0.000000 -0.999037 0.627446 0.627446 0.627446
7371.795410 0.000000 3662.518066 0.000000 0.967621 0.000000 -0.252408 0.603058 0.603058 0.603058
7358.565918 0.000000 3666.332275 0.000000 0.088318 0.000000 -0.996092 0.806504 0.806504 0.806504
7329.614258 0.000000 3699.065186 0.000000 0.999873 0.000000 -0.015959 0.600884 0.600884 0.600884
7307.626953 0.000000 3666.004639 0.000000 0.065300 0.000000 -0.997866 0.620296 0.620296 0.620296
7346.991699 0.000000 3727.419434 0.000000 0.859975 0.000000 -0.510336 0.626474 0.626474 0.626474
7340.000488 0.000000 3721.303711 0.000000 0.999106 0.000000 -0.042271 0.604687 0.604687 0.604687
7367.288574 0.000000 3642.628662 0.000000 0.916173 0.000000 -0.400784 0.609883 0.609883 0.609883
7378.964844 0.000000 3731.790771 0.000000 0.943954 0.000000 -0.330076 0.614109 0.614109 0.614109
7363.227051 0.000000 3735.983887 0.000000 0.754527 0.000000 -0.656269 0.630025 0.630025 0.630025
7349.958008 0.000000 3719.508545 0.000000 0.747363 0.000000 -0.664416 0.694705 0.694705 0.694705
7344.941895 0.000000 3742.014648 0.000000 0.859819 0.000000 -0.510599 0.630503 0.630503 0.630503
7355.548340 0.000000 3732.245850 0.000000 0.913886 0.000000 -0.405971 0.611898 0.611898 0.611898
7367.233398 0.000000 3663.515137 0.000000 0.397296 0.000000 -0.917691 0.697492 0.697492 0.697492
7382.397949 0.000000 3741.873047 0.000000 0.983217 0.000000 -0.182438 0.617039 0.617039 0.617039
7392.977539 0.000000 3725.272217 0.000000 0.330661 0.000000 -0.943750 0.749699 0.749699 0.749699
7386.004883 0.000000 3736.742432 0.000000 0.905787 0.000000 -0.423733 0.622940 0.622940 0.622940
7328.919434 0.000000 3667.449707 0.000000 0.498393 0.000000 -0.866951 0.622000 0.622000 0.622000
7359.237305 0.000000 3737.183105 0.000000 0.350141 0.000000 -0.936697 0.747185 0.747185 0.747185
7370.875000 0.000000 3736.429932 0.000000 0.343782 0.000000 -0.939050 0.861298 0.861298 0.861298
7391.461426 0.000000 3733.391113 0.000000 0.153274 0.000000 -0.988184 0.653061 0.653061 0.653061
7384.495117 0.000000 3637.587646 0.000000 0.816347 0.000000 -0.577561 0.615680 0.615680 0.615680
7339.594727 0.000000 3728.913330 0.000000 0.989469 0.000000 -0.144742 0.605004 0.605004 0.605004
7338.234863 0.000000 3694.551270 0.000000 0.812524 0.000000 -0.582927 0.615847 0.615847 0.615847
7388.513184 0.000000 3722.851318 0.000000 0.922327 0.000000 -0.386409 0.641600 0.641600 0.641600
7322.262695 0.000000 3707.668457 0.000000 0.688686 0.000000 -0.725060 0.635235 0.635235 0.635235
7354.242676 0.000000 3725.192383 0.000000 0.869966 0.000000 -0.493112 0.661022 0.661022 0.661022
7311.093750 0.000000 3675.321777 0.000000 0.941891 0.000000 -0.335919 0.612829 0.612829 0.612829
7327.024902 0.000000 3670.345947 0.000000 0.132180 0.000000 -0.991226 0.643087 0.643087 0.643087
7389.003418 0.000000 3738.333740 0.000000 0.581232 0.000000 -0.813738 0.655531 0.655531 0.655531
7327.715820 0.000000 3701.733398 0.000000 0.034391 0.000000 -0.999408 0.682851 0.682851 0.682851
7326.887695 0.000000 3697.185791 0.000000 0.518589 0.000000 -0.855024 0.633798 0.633798 0.633798
7380.355957 0.000000 3739.372559 0.000000 0.333859 0.000000 -0.942623 0.658978 0.658978 0.658978
7358.432129 0.000000 3725.068604 0.000000 0.236946 0.000000 -0.971523 0.875255 0.875255 0.875255
7358.171875 0.000000 3734.154297 0.000000 0.897834 0.000000 -0.440333 0.627320 0.627320 0.627320
7344.902344 0.000000 3724.660889 0.000000 0.992134 0.000000 -0.125182 0.611656 0.611656 0.611656
7331.752930 0.000000 3741.664551 0.000000 0.908440 0.000000 -0.418016 0.630362 0.630362 0.630362
7342.825684 0.000000 3722.515625 0.000000 0.170819 0.000000 -0.985302 0.738323 0.738323 0.738323
7358.107422 0.000000 3714.058350 0.000000 0.963631 0.000000 -0.267237 0.632823 0.632823 0.632823
7353.021973 0.000000 3722.236328 0.000000 0.058900 0.000000 -0.998264 0.776644 0.776644 0.776644
7351.929688 0.000000 3727.030273 0.000000 0.658988 0.000000 -0.752154 0.666312 0.666312 0.666312
7337.626465 0.000000 3742.691650 0.000000 0.994443 0.000000 -0.105279 0.604740 0.604740 0.604740
7358.573242 0.000000 3729.939697 0.000000 0.993034 0.000000 -0.117829 0.607961 0.607961 0.607961
7363.092773 0.000000 3645.290771 0.000000 0.878638 0.000000 -0.477489 0.662636 0.662636 0.662636
7337.400879 0.000000 3720.116943 0.000000 0.773091 0.000000 -0.634296 0.665870 0.665870 0.665870
7384.932129 0.000000 3734.071045 0.000000 0.344774 0.000000 -0.938686 0.747880 0.747880 0.747880
7342.622070 0.000000 3743.670166 0.000000 0.999687 0.000000 -0.025015 0.601536 0.601536 0.601536
7363.497559 0.000000 3712.646484 0.000000 0.624329 0.000000 -0.781162 0.688633 0.688633 0.688633
7389.629395 0.000000 3720.361084 0.000000 0.835229 0.000000 -0.549903 0.640992 0.640992 0.640992
7359.405762 0.000000 3739.878174 0.000000 0.738883 0.000000 -0.673834 0.680851 0.680851 0.680851
7336.683105 0.000000 3723.037109 0.000000 0.998388 0.000000 -0.056764 0.604509 0.604509 0.604509
7374.725098 0.000000 3740.484375 0.000000 0.542994 0.000000 -0.839737 0.650767 0.650767 0.650767
7376.457031 0.000000 3732.205811 0.000000 0.849708 0.000000 -0.527254 0.679862 0.679862 0.679862
7356.191895 0.000000 3719.483154 0.000000 0.975751 0.000000 -0.218886 0.619833 0.619833 0.619833
7357.181641 0.000000 3738.775879 0.000000 0.101274 0.000000 -0.994859 0.756270 0.756270 0.756270
7361.499512 0.000000 3724.991455 0.000000 0.876474 0.000000 -0.481450 0.656432 0.656432 0.656432
7373.214355 0.000000 3735.832764 0.000000 0.274929 0.000000 -0.961465 0.799382 0.799382 0.799382
7326.958496 0.000000 3744.413086 0.000000 0.721943 0.000000 -0.691952 0.660669 0.660669 0.660669
7350.251465 0.000000 3717.017334 0.000000 0.945624 0.000000 -0.325261 0.675429 0.675429 0.675429
7347.865234 0.000000 3720.514160 0.000000 0.900401 0.000000 -0.435061 0.650567 0.650567 0.650567
7339.562012 0.000000 3718.979980 0.000000 0.881371 0.000000 -0.472424 0.631693 0.631693 0.631693
7368.577148 0.000000 3736.249512 0.000000 0.417675 0.000000 -0.908596 0.806608 0.806608 0.806608
7361.973145 0.000000 3710.895996 0.000000 0.815354 0.000000 -0.578963 0.674917 0.674917 0.674917
7375.609375 0.000000 3735.729492 0.000000 0.826557 0.000000 -0.562853 0.693133 0.693133 0.693133
7356.414551 0.000000 3725.781982 0.000000 0.883776 0.000000 -0.467911 0.675126 0.675126 0.675126
7357.100098 0.000000 3736.048096 0.000000 0.819219 0.000000 -0.573481 0.673189 0.673189 0.673189
7391.078125 0.000000 3726.556396 0.000000 0.916355 0.000000 -0.400366 0.640106 0.640106 0.640106
7358.580566 0.000000 3727.452148 0.000000 0.192037 0.000000 -0.981388 0.853809 0.853809 0.853809
7393.517578 0.000000 3722.796387 0.000000 0.458144 0.000000 -0.888878 0.701684 0.701684 0.701684
7352.211914 0.000000 3717.659668 0.000000 0.995233 0.000000 -0.097522 0.626044 0.626044 0.626044
7358.902832 0.000000 3712.275391 0.000000 0.999170 0.000000 -0.040737 0.604761 0.604761 0.604761
7389.720215 0.000000 3743.197266 0.000000 0.842922 0.000000 -0.538036 0.702969 0.702969 0.702969
7380.903320 0.000000 3732.381348 0.000000 0.816447 0.000000 -0.577421 0.659013 0.659013 0.659013
7345.055664 0.000000 3719.897949 0.000000 0.743309 0.000000 -0.668948 0.677935 0.677935 0.677935
7378.146973 0.000000 3733.454590 0.000000 0.281817 0.000000 -0.959468 0.809825 0.809825 0.809825
7356.911621 0.000000 3723.971191 0.000000 0.101752 0.000000 -0.994810 0.776021 0.776021 0.776021
7356.418457 0.000000 3713.458252 0.000000 0.182007 0.000000 -0.983297 0.755908 0.755908 0.755908
7356.909668 0.000000 3715.341797 0.000000 0.710837 0.000000 -0.703357 0.699327 0.699327 0.699327
7370.194824 0.000000 3734.849854 0.000000 0.031506 0.000000 -0.999504 0.825963 0.825963 0.825963
7359.967773 0.000000 3725.841309 0.000000 0.999979 0.000000 -0.006419 0.601327 0.601327 0.601327
7365.406250 0.000000 3737.955566 0.000000 0.268181 0.000000 -0.963368 0.853012 0.853012 0.853012
7359.924316 0.000000 3724.170898 0.000000 0.985502 0.000000 -0.169664 0.635243 0.635243 0.635243
7383.162109 0.000000 3743.396973 0.000000 0.039344 0.000000 -0.999226 0.804165 0.804165 0.804165
7373.774414 0.000000 3739.129150 0.000000 0.391944 0.000000 -0.919989 0.780215 0.780215 0.780215
7391.379395 0.000000 3743.771240 0.000000 0.631614 0.000000 -0.775283 0.708970 0.708970 0.708970
7353.312500 0.000000 3720.745361 0.000000 0.503960 0.000000 -0.863727 0.759301 0.759301 0.759301
7385.830078 0.000000 3743.922119 0.000000 0.881733 0.000000 -0.471748 0.686835 0.686835 0.686835
7355.050781 0.000000 3718.570312 0.000000 0.471617 0.000000 -0.881804 0.790838 0.790838 0.790838
7388.289551 0.000000 3742.690430 0.000000 0.595494 0.000000 -0.803360 0.769090 0.769090 0.769090
7372.172363 0.000000 3736.926270 0.000000 0.185813 0.000000 -0.982585 0.904728 0.904728 0.904728
7355.874023 0.000000 3716.196289 0.000000 0.795671 0.000000 -0.605729 0.723784 0.723784 0.723784
7480.171387 0.000000 3670.386230 0.000000 0.999031 0.000000 -0.044006 0.602110 0.602110 0.602110
7458.327637 0.000000 3639.387451 0.000000 0.959458 0.000000 -0.281851 0.616692 0.616692 0.616692
7463.658203 0.000000 3691.152832 0.000000 0.925412 0.000000 -0.378963 0.606404 0.606404 0.606404
7399.724609 0.000000 3728.273926 0.000000 0.321823 0.000000 -0.946800 0.750833 0.750833 0.750833
7462.933105 0.000000 3659.158691 0.000000 0.854735 0.000000 -0.519065 0.603270 0.603270 0.603270
7396.304688 0.000000 3661.167969 0.000000 0.985829 0.000000 -0.167754 0.600505 0.600505 0.600505
7474.648926 0.000000 3646.146973 0.000000 0.836100 0.000000 -0.548577 0.603479 0.603479 0.603479
7441.170410 0.000000 3638.469482 0.000000 0.189826 0.000000 -0.981818 0.610334 0.610334 0.610334
7408.399414 0.000000 3657.299561 0.000000 0.049799 0.000000 -0.998759 0.609113 0.609113 0.609113
7425.384766 0.000000 3690.666504 0.000000 0.099688 0.000000 -0.995019 0.738812 0.738812 0.738812
7455.061523 0.000000 3680.463867 0.000000 0.435547 0.000000 -0.900166 0.610067 0.610067 0.610067
7447.736816 0.000000 3661.288086 0.000000 0.684869 0.000000 -0.728666 0.653806 0.653806 0.653806
7423.344238 0.000000 3725.719971 0.000000 0.909005 0.000000 -0.416785 0.618031 0.618031 0.618031
7457.088379 0.000000 3667.530029 0.000000 0.691197 0.000000 -0.722666 0.723400 0.723400 0.723400
7470.278809 0.000000 3667.088379 0.000000 0.986565 0.000000 -0.163370 0.615732 0.615732 0.615732
7467.924316 0.000000 3639.324463 0.000000 0.028518 0.000000 -0.999593 0.800989 0.800989 0.800989
7395.185547 0.000000 3736.860107 0.000000 0.578052 0.000000 -0.816000 0.698650 0.698650 0.698650
7425.486816 0.000000 3667.204590 0.000000 0.076954 0.000000 -0.997035 0.640276 0.640276 0.640276
7417.239258 0.000000 3744.368408 0.000000 0.982762 0.000000 -0.184876 0.603064 0.603064 0.603064
7449.476562 0.000000 3642.456299 0.000000 0.351844 0.000000 -0.936059 0.614515 0.614515 0.614515
7432.488281 0.000000 3657.525635 0.000000 0.834545 0.000000 -0.550940 0.606992 0.606992 0.606992
7435.160645 0.000000 3674.531982 0.000000 0.649840 0.000000 -0.760071 0.632334 0.632334 0.632334
7407.400879 0.000000 3732.006836 0.000000 0.282844 0.000000 -0.959166 0.665396 0.665396 0.665396
7411.594727 0.000000 3677.350586 0.000000 0.076983 0.000000 -0.997032 0.642513 0.642513 0.642513
7401.702148 0.000000 3740.456543 0.000000 0.677910 0.000000 -0.735145 0.655670 0.655670 0.655670
7401.150391 0.000000 3683.667236 0.000000 0.958348 0.000000 -0.285602 0.606074 0.606074 0.606074
7401.602051 0.000000 3734.349121 0.000000 0.769017 0.000000 -0.639229 0.712191 0.712191 0.712191
7480.003906 0.000000 3643.450684 0.000000 0.396259 0.000000 -0.918139 0.636595 0.636595 0.636595
7430.485352 0.000000 3715.863037 0.000000 0.014592 0.000000 -0.999894 0.898379 0.898379 0.898379
7419.871094 0.000000 3665.534424 0.000000 0.988871 0.000000 -0.148773 0.604250 0.604250 0.604250
7442.466797 0.000000 3675.261719 0.000000 0.550070 0.000000 -0.835118 0.626649 0.626649 0.626649
7429.413574 0.000000 3686.124023 0.000000 0.428768 0.000000 -0.903414 0.660810 0.660810 0.660810
7415.419434 0.000000 3657.852539 0.000000 0.800338 0.000000 -0.599549 0.606742 0.606742 0.606742
7469.193848 0.000000 3644.804932 0.000000 0.731526 0.000000 -0.681814 0.676419 0.676419 0.676419
7394.777832 0.000000 3742.754883 0.000000 0.548620 0.000000 -0.836072 0.659323 0.659323 0.659323
7413.505859 0.000000 3688.278076 0.000000 0.363031 0.000000 -0.931777 0.752697 0.752697 0.752697
7458.787598 0.000000 3662.518066 0.000000 0.400123 0.000000 -0.916461 0.747587 0.747587 0.747587
7405.624512 0.000000 3672.640869 0.000000 0.389629 0.000000 -0.920972 0.666630 0.666630 0.666630
7423.186035 0.000000 3731.032471 0.000000 0.486175 0.000000 -0.873861 0.619109 0.619109 0.619109
7437.305664 0.000000 3656.749756 0.000000 0.457050 0.000000 -0.889441 0.624629 0.624629 0.624629
7416.846191 0.000000 3677.907959 0.000000 0.348860 0.000000 -0.937175 0.634564 0.634564 0.634564
7443.381348 0.000000 3657.243408 0.000000 0.903381 0.000000 -0.428838 0.618589 0.618589 0.618589
7465.097656 0.000000 3663.422607 0.000000 0.768371 0.000000 -0.640005 0.656177 0.656177 0.656177
7429.885742 0.000000 3665.243652 0.000000 0.997606 0.000000 -0.069151 0.601451 0.601451 0.601451
7435.357910 0.000000 3661.380859 0.000000 0.553905 0.000000 -0.832580 0.620630 0.620630 0.620630
7411.830078 0.000000 3730.574707 0.000000 0.994440 0.000000 -0.105307 0.603793 0.603793 0.603793
7426.625000 0.000000 3713.201904 0.000000 0.545478 0.000000 -0.838125 0.698254 0.698254 0.698254
7413.167480 0.000000 3742.020996 0.000000 0.825176 0.000000 -0.564875 0.622479 0.622479 0.622479
7432.784668 0.000000 3670.571289 0.000000 0.803966 0.000000 -0.594676 0.689674 0.689674 0.689674
7418.031250 0.000000 3724.383301 0.000000 0.492188 0.000000 -0.870489 0.642717 0.642717 0.642717
7404.259766 0.000000 3728.613770 0.000000 0.918148 0.000000 -0.396238 0.609154 0.609154 0.609154
7463.663574 0.000000 3637.556641 0.000000 0.431386 0.000000 -0.902167 0.658969 0.658969 0.658969
7410.743652 0.000000 3735.555176 0.000000 0.199902 0.000000 -0.979816 0.659493 0.659493 0.659493
7434.928223 0.000000 3715.874756 0.000000 0.612799 0.000000 -0.790239 0.630028 0.630028 0.630028
7438.568848 0.000000 3676.930664 0.000000 0.786581 0.000000 -0.617487 0.626917 0.626917 0.626917
7409.258301 0.000000 3693.702393 0.000000 0.998331 0.000000 -0.057755 0.609608 0.609608 0.609608
7417.776367 0.000000 3661.185303 0.000000 0.999573 0.000000 -0.029208 0.600613 0.600613 0.600613
7407.500488 0.000000 3676.487549 0.000000 0.191629 0.000000 -0.981467 0.663987 0.663987 0.663987
7456.826172 0.000000 3684.233398 0.000000 0.893787 0.000000 -0.448491 0.665485 0.665485 0.665485
7460.335449 0.000000 3688.531494 0.000000 0.123811 0.000000 -0.992306 0.769026 0.769026 0.769026
7427.339844 0.000000 3682.679932 0.000000 0.880419 0.000000 -0.474196 0.640703 0.640703 0.640703
7398.939941 0.000000 3737.670654 0.000000 0.591014 0.000000 -0.806661 0.713868 0.713868 0.713868
7425.227051 0.000000 3694.551270 0.000000 0.255177 0.000000 -0.966894 0.816307 0.816307 0.816307
7424.500488 0.000000 3679.794189 0.000000 0.811803 0.000000 -0.583931 0.634560 0.634560 0.634560
7460.574707 0.000000 3665.843506 0.000000 0.999630 0.000000 -0.027216 0.605871 0.605871 0.605871
7416.205566 0.000000 3708.639160 0.000000 0.971943 0.000000 -0.235216 0.636278 0.636278 0.636278
7398.493652 0.000000 3742.646240 0.000000 0.964746 0.000000 -0.263183 0.659440 0.659440 0.659440
7413.483398 0.000000 3737.994629 0.000000 0.786766 0.000000 -0.617252 0.622919 0.622919 0.622919
7471.228516 0.000000 3647.720703 0.000000 0.971592 0.000000 -0.236664 0.622906 0.622906 0.622906
7419.760742 0.000000 3669.101318 0.000000 0.078021 0.000000 -0.996952 0.653663 0.653663 0.653663
7461.493164 0.000000 3646.082031 0.000000 0.960043 0.000000 -0.279853 0.608073 0.608073 0.608073
7459.301758 0.000000 3642.724854 0.000000 0.649608 0.000000 -0.760270 0.671159 0.671159 0.671159
7419.495117 0.000000 3710.374756 0.000000 0.959663 0.000000 -0.281153 0.627322 0.627322 0.627322
7425.933594 0.000000 3670.624512 0.000000 0.999994 0.000000 -0.003432 0.600129 0.600129 0.600129
7431.591797 0.000000 3712.752930 0.000000 0.406130 0.000000 -0.913815 0.803725 0.803725 0.803725
7442.354492 0.000000 3665.921631 0.000000 0.264605 0.000000 -0.964357 0.961084 0.961084 0.961084
7462.018066 0.000000 3662.483398 0.000000 0.719328 0.000000 -0.694670 0.740343 0.740343 0.740343
7396.522461 0.000000 3740.073242 0.000000 0.109294 0.000000 -0.994009 0.744467 0.744467 0.744467
7466.342773 0.000000 3642.075195 0.000000 0.606328 0.000000 -0.795215 0.648200 0.648200 0.648200
7461.579590 0.000000 3639.921875 0.000000 0.805577 0.000000 -0.592492 0.640846 0.640846 0.640846
7407.997070 0.000000 3670.411621 0.000000 0.553861 0.000000 -0.832609 0.642736 0.642736 0.642736
7427.857422 0.000000 3692.829102 0.000000 0.734444 0.000000 -0.678670 0.787720 0.787720 0.787720
7478.448242 0.000000 3640.566162 0.000000 0.999601 0.000000 -0.028262 0.602540 0.602540 0.602540
7472.124512 0.000000 3644.156250 0.000000 0.474691 0.000000 -0.880152 0.741860 0.741860 0.741860
7453.906250 0.000000 3667.914551 0.000000 0.580406 0.000000 -0.814328 0.743964 0.743964 0.743964
7477.386719 0.000000 3669.087402 0.000000 0.740870 0.000000 -0.671649 0.700384 0.700384 0.700384
7468.012207 0.000000 3663.687988 0.000000 0.731810 0.000000 -0.681509 0.647174 0.647174 0.647174
7424.393066 0.000000 3720.116943 0.000000 0.686777 0.000000 -0.726869 0.723113 0.723113 0.723113
7458.108398 0.000000 3686.812988 0.000000 0.807047 0.000000 -0.590487 0.672856 0.672856 0.672856
7456.736816 0.000000 3664.744141 0.000000 0.900216 0.000000 -0.435443 0.650615 0.650615 0.650615
7419.413086 0.000000 3713.250977 0.000000 0.686166 0.000000 -0.727445 0.640267 0.640267 0.640267
7464.439453 0.000000 3640.111084 0.000000 0.813160 0.000000 -0.582040 0.679098 0.679098 0.679098
7440.838867 0.000000 3663.725098 0.000000 0.279603 0.000000 -0.960116 0.806345 0.806345 0.806345
7458.583008 0.000000 3690.521484 0.000000 0.857076 0.000000 -0.515190 0.626754 0.626754 0.626754
7403.268066 0.000000 3742.552490 0.000000 0.454349 0.000000 -0.890824 0.784403 0.784403 0.784403
7429.054199 0.000000 3713.652588 0.000000 0.258531 0.000000 -0.966003 0.800046 0.800046 0.800046
7407.006348 0.000000 3738.584473 0.000000 0.220369 0.000000 -0.975417 0.688885 0.688885 0.688885
7466.118652 0.000000 3637.731689 0.000000 0.906394 0.000000 -0.422434 0.626132 0.626132 0.626132
7437.646484 0.000000 3674.652344 0.000000 0.228628 0.000000 -0.973514 0.692341 0.692341 0.692341
7461.156738 0.000000 3690.746338 0.000000 0.891763 0.000000 -0.452503 0.633762 0.633762 0.633762
7433.829590 0.000000 3713.770020 0.000000 0.998805 0.000000 -0.048881 0.607398 0.607398 0.607398
7424.927246 0.000000 3714.885498 0.000000 0.780600 0.000000 -0.625030 0.779010 0.779010 0.779010
7414.980957 0.000000 3691.835449 0.000000 0.966512 0.000000 -0.256620 0.645483 0.645483 0.645483
7455.375977 0.000000 3669.669678 0.000000 0.046078 0.000000 -0.998938 0.711911 0.711911 0.711911
7426.091309 0.000000 3684.583008 0.000000 0.333445 0.000000 -0.942770 0.767778 0.767778 0.767778
7440.098145 0.000000 3675.196289 0.000000 0.028025 0.000000 -0.999607 0.773322 0.773322 0.773322
7397.911133 0.000000 3729.672852 0.000000 0.509199 0.000000 -0.860649 0.738187 0.738187 0.738187
7397.125977 0.000000 3727.531494 0.000000 0.726443 0.000000 -0.687226 0.651072 0.651072 0.651072
7418.440430 0.000000 3708.375244 0.000000 0.516025 0.000000 -0.856574 0.689364 0.689364 0.689364
7404.870605 0.000000 3744.278809 0.000000 0.578643 0.000000 -0.815581 0.758577 0.758577 0.758577
7422.444824 0.000000 3715.841309 0.000000 0.877219 0.000000 -0.480091 0.653257 0.653257 0.653257
7474.262695 0.000000 3643.622070 0.000000 0.862303 0.000000 -0.506393 0.652496 0.652496 0.652496
7424.125000 0.000000 3692.533691 0.000000 0.312962 0.000000 -0.949766 0.975227 0.975227 0.975227
7423.703125 0.000000 3676.379150 0.000000 0.971486 0.000000 -0.237097 0.633347 0.633347 0.633347
7403.530762 0.000000 3735.529785 0.000000 0.444039 0.000000 -0.896007 0.753064 0.753064 0.753064
7461.145996 0.000000 3643.840820 0.000000 0.142166 0.000000 -0.989843 0.801091 0.801091 0.801091
7400.127930 0.000000 3735.943359 0.000000 0.758104 0.000000 -0.652134 0.714925 0.714925 0.714925
7394.541016 0.000000 3730.925049 0.000000 0.868772 0.000000 -0.495211 0.669068 0.669068 0.669068
7452.010742 0.000000 3668.675537 0.000000 0.997605 0.000000 -0.069167 0.606947 0.606947 0.606947
7471.916016 0.000000 3665.878906 0.000000 0.022007 0.000000 -0.999758 0.815758 0.815758 0.815758
7478.176270 0.000000 3670.953857 0.000000 0.144703 0.000000 -0.989475 0.819949 0.819949 0.819949
7437.008789 0.000000 3672.285645 0.000000 0.090760 0.000000 -0.995873 0.859366 0.859366 0.859366
7444.293945 0.000000 3664.762451 0.000000 0.998753 0.000000 -0.049928 0.610175 0.610175 0.610175
7460.391113 0.000000 3663.762939 0.000000 0.665235 0.000000 -0.746634 0.855073 0.855073 0.855073
7470.951172 0.000000 3645.807129 0.000000 0.762946 0.000000 -0.646462 0.705295 0.705295 0.705295
7396.466309 0.000000 3735.188721 0.000000 0.987628 0.000000 -0.156818 0.615568 0.615568 0.615568
7396.626465 0.000000 3742.089600 0.000000 0.283124 0.000000 -0.959083 0.763452 0.763452 0.763452
7465.362793 0.000000 3665.308838 0.000000 0.954696 0.000000 -0.297581 0.649787 0.649787 0.649787
7420.557617 0.000000 3693.151855 0.000000 0.159222 0.000000 -0.987243 0.914899 0.914899 0.914899
7427.928223 0.000000 3684.841309 0.000000 0.148810 0.000000 -0.988866 0.793758 0.793758 0.793758
7426.032227 0.000000 3692.501221 0.000000 0.334639 0.000000 -0.942346 0.909425 0.909425 0.909425
7425.256836 0.000000 3721.988770 0.000000 0.951088 0.000000 -0.308921 0.647514 0.647514 0.647514
7403.875977 0.000000 3679.309326 0.000000 0.489829 0.000000 -0.871818 0.842683 0.842683 0.842683
7464.946289 0.000000 3643.358887 0.000000 0.636483 0.000000 -0.771291 0.691044 0.691044 0.691044
7463.202637 0.000000 3644.527832 0.000000 0.769480 0.000000 -0.638671 0.690282 0.690282 0.690282
7472.781250 0.000000 3645.887939 0.000000 0.387212 0.000000 -0.921991 0.754647 0.754647 0.754647
7395.137695 0.000000 3738.878418 0.000000 0.196192 0.000000 -0.980566 0.766629 0.766629 0.766629
7458.160645 0.000000 3688.735107 0.000000 0.546342 0.000000 -0.837562 0.744254 0.744254 0.744254
7442.583496 0.000000 3664.118164 0.000000 0.821506 0.000000 -0.570201 0.768141 0.768141 0.768141
7431.952148 0.000000 3714.604492 0.000000 0.731420 0.000000 -0.681928 0.743877 0.743877 0.743877
7397.761719 0.000000 3736.382568 0.000000 0.724130 0.000000 -0.689664 0.692337 0.692337 0.692337
7463.388672 0.000000 3663.610840 0.000000 0.706764 0.000000 -0.707449 0.743618 0.743618 0.743618
7456.359375 0.000000 3686.957031 0.000000 0.979064 0.000000 -0.203551 0.627328 0.627328 0.627328
7461.914062 0.000000 3660.721924 0.000000 0.744222 0.000000 -0.667932 0.725997 0.725997 0.725997
7469.318848 0.000000 3646.443604 0.000000 0.302308 0.000000 -0.953210 0.783612 0.783612 0.783612
7426.217285 0.000000 3716.080322 0.000000 0.582703 0.000000 -0.812685 0.736431 0.736431 0.736431
7462.896973 0.000000 3641.001221 0.000000 0.876629 0.000000 -0.481167 0.660907 0.660907 0.660907
7446.401855 0.000000 3662.203125 0.000000 0.943780 0.000000 -0.330575 0.656523 0.656523 0.656523
7397.071777 0.000000 3743.807373 0.000000 0.366502 0.000000 -0.930417 0.752222 0.752222 0.752222
7423.323242 0.000000 3721.452393 0.000000 0.632331 0.000000 -0.774699 0.747355 0.747355 0.747355
7460.485352 0.000000 3661.825928 0.000000 0.157749 0.000000 -0.987479 0.843300 0.843300 0.843300
7458.270996 0.000000 3664.117676 0.000000 0.946673 0.000000 -0.322196 0.670761 0.670761 0.670761
7464.499512 0.000000 3641.786865 0.000000 0.032899 0.000000 -0.999459 0.795810 0.795810 0.795810
7446.889160 0.000000 3665.321777 0.000000 0.333407 0.000000 -0.942783 0.808346 0.808346 0.808346
7401.793945 0.000000 3742.086670 0.000000 0.940766 0.000000 -0.339056 0.682386 0.682386 0.682386
7425.037598 0.000000 3718.610840 0.000000 0.853150 0.000000 -0.521665 0.728242 0.728242 0.728242
7418.775391 0.000000 3692.836426 0.000000 0.918783 0.000000 -0.394762 0.655924 0.655924 0.655924
7401.684082 0.000000 3735.943604 0.000000 0.707396 0.000000 -0.706817 0.726993 0.726993 0.726993
7475.138672 0.000000 3669.191406 0.000000 0.339462 0.000000 -0.940620 0.770575 0.770575 0.770575
7428.069824 0.000000 3712.467285 0.000000 0.738253 0.000000 -0.674524 0.713113 0.713113 0.713113
7430.418457 0.000000 3714.316895 0.000000 0.977310 0.000000 -0.211814 0.640922 0.640922 0.640922
7425.757324 0.000000 3720.583008 0.000000 0.837764 0.000000 -0.546032 0.687389 0.687389 0.687389
7459.468262 0.000000 3664.860107 0.000000 0.205170 0.000000 -0.978726 0.894252 0.894252 0.894252
7422.849121 0.000000 3692.868408 0.000000 0.936109 0.000000 -0.351711 0.709824 0.709824 0.709824
7423.984375 0.000000 3693.885986 0.000000 0.023891 0.000000 -0.999715 1.072699 1.072699 1.072699
7361.019531 0.000000 3779.051025 0.000000 0.407319 0.000000 -0.913286 0.620694 0.620694 0.620694
7353.614746 0.000000 3760.149170 0.000000 0.882745 0.000000 -0.469852 0.610990 0.610990 0.610990
7360.937500 0.000000 3796.488281 0.000000 0.936257 0.000000 -0.351316 0.631726 0.631726 0.631726
7366.129883 0.000000 3757.882812 0.000000 0.064984 0.000000 -0.997886 0.789465 0.789465 0.789465
7341.640625 0.000000 3756.681885 0.000000 0.281484 0.000000 -0.959566 0.775223 0.775223 0.775223
7368.069336 0.000000 3787.448242 0.000000 0.236916 0.000000 -0.971530 0.729652 0.729652 0.729652
7360.744629 0.000000 3768.272461 0.000000 0.960983 0.000000 -0.276609 0.600840 0.600840 0.600840
7370.096191 0.000000 3774.514404 0.000000 0.466980 0.000000 -0.884268 0.754388 0.754388 0.754388
7380.932129 0.000000 3746.308838 0.000000 0.658531 0.000000 -0.752553 0.612761 0.612761 0.612761
7367.643555 0.000000 3803.453125 0.000000 0.968128 0.000000 -0.250457 0.608342 0.608342 0.608342
7348.555664 0.000000 3796.279053 0.000000 0.308126 0.000000 -0.951346 0.615070 0.615070 0.615070
7332.663574 0.000000 3757.369873 0.000000 0.794457 0.000000 -0.607320 0.620531 0.620531 0.620531
7389.897949 0.000000 3744.810547 0.000000 0.509345 0.000000 -0.860562 0.773870 0.773870 0.773870
7349.156250 0.000000 3752.447510 0.000000 0.595826 0.000000 -0.803114 0.755047 0.755047 0.755047
7382.523926 0.000000 3761.578857 0.000000 0.661188 0.000000 -0.750220 0.723271 0.723271 0.723271
7331.886719 0.000000 3747.717041 0.000000 0.216677 0.000000 -0.976243 0.895764 0.895764 0.895764
7354.672852 0.000000 3800.931885 0.000000 0.289718 0.000000 -0.957112 0.754925 0.754925 0.754925
7367.931641 0.000000 3765.951172 0.000000 0.664879 0.000000 -0.746951 0.607581 0.607581 0.607581
7372.409180 0.000000 3760.386719 0.000000 0.190877 0.000000 -0.981614 0.769351 0.769351 0.769351
7347.573242 0.000000 3758.721680 0.000000 0.980192 0.000000 -0.198050 0.601792 0.601792 0.601792
7361.495605 0.000000 3754.784424 0.000000 0.308875 0.000000 -0.951103 0.840970 0.840970 0.840970
7358.565918 0.000000 3773.316650 0.000000 0.040502 0.000000 -0.999179 0.774211 0.774211 0.774211
7385.747559 0.000000 3748.236084 0.000000 0.895632 0.000000 -0.444796 0.606905 0.606905 0.606905
7385.875488 0.000000 3757.888672 0.000000 0.424736 0.000000 -0.905317 0.759409 0.759409 0.759409
7330.726562 0.000000 3752.856689 0.000000 0.724748 0.000000 -0.689014 0.669456 0.669456 0.669456
7377.153320 0.000000 3761.373291 0.000000 0.184323 0.000000 -0.982866 0.792998 0.792998 0.792998
7356.389160 0.000000 3764.227783 0.000000 0.212147 0.000000 -0.977238 0.703669 0.703669 0.703669
7363.472168 0.000000 3806.990723 0.000000 0.997689 0.000000 -0.067942 0.601630 0.601630 0.601630
7365.117188 0.000000 3798.772705 0.000000 0.780183 0.000000 -0.625551 0.615185 0.615185 0.615185
7357.720215 0.000000 3757.802979 0.000000 0.231453 0.000000 -0.972846 0.800307 0.800307 0.800307
7381.418457 0.000000 3757.009521 0.000000 0.795137 0.000000 -0.606430 0.655632 0.655632 0.655632
7351.625977 0.000000 3756.145264 0.000000 0.778814 0.000000 -0.627255 0.740157 0.740157 0.740157
7337.246094 0.000000 3757.243896 0.000000 0.872226 0.000000 -0.489104 0.673491 0.673491 0.673491
7365.665039 0.000000 3753.667236 0.000000 0.586407 0.000000 -0.810016 0.667887 0.667887 0.667887
7334.951660 0.000000 3744.863281 0.000000 0.082137 0.000000 -0.996621 0.809598 0.809598 0.809598
7352.497070 0.000000 3797.267090 0.000000 0.526621 0.000000 -0.850100 0.679152 0.679152 0.679152
7358.022461 0.000000 3803.441895 0.000000 0.396757 0.000000 -0.917924 0.690574 0.690574 0.690574
7328.194336 0.000000 3749.652588 0.000000 0.833269 0.000000 -0.552867 0.653527 0.653527 0.653527
7356.975586 0.000000 3797.492676 0.000000 0.870717 0.000000 -0.491785 0.630806 0.630806 0.630806
7384.495117 0.000000 3744.572021 0.000000 0.979231 0.000000 -0.202746 0.626300 0.626300 0.626300
7389.284180 0.000000 3749.612549 0.000000 0.007045 0.000000 -0.999975 0.815500 0.815500 0.815500
7349.353516 0.000000 3748.508789 0.000000 0.180993 0.000000 -0.983484 0.710257 0.710257 0.710257
7385.094238 0.000000 3765.374756 0.000000 0.945170 0.000000 -0.326579 0.617442 0.617442 0.617442
7373.582520 0.000000 3772.827881 0.000000 0.835277 0.000000 -0.549829 0.746502 0.746502 0.746502
7369.667480 0.000000 3757.085205 0.000000 0.803552 0.000000 -0.595235 0.649661 0.649661 0.649661
7362.103516 0.000000 3764.818848 0.000000 0.596286 0.000000 -0.802772 0.630711 0.630711 0.630711
7362.328125 0.000000 3758.477051 0.000000 0.494384 0.000000 -0.869244 0.697856 0.697856 0.697856
7359.702148 0.000000 3751.747559 0.000000 0.726285 0.000000 -0.687393 0.644276 0.644276 0.644276
7359.429199 0.000000 3799.873535 0.000000 0.092922 0.000000 -0.995673 0.925392 0.925392 0.925392
7388.883301 0.000000 3756.370117 0.000000 0.439221 0.000000 -0.898379 0.636779 0.636779 0.636779
7375.025879 0.000000 3769.467773 0.000000 0.995616 0.000000 -0.093536 0.613470 0.613470 0.613470
7354.744629 0.000000 3756.715820 0.000000 0.913491 0.000000 -0.406859 0.660255 0.660255 0.660255
7360.895508 0.000000 3805.258057 0.000000 0.956207 0.000000 -0.292691 0.615573 0.615573 0.615573
7344.622070 0.000000 3757.579102 0.000000 0.589683 0.000000 -0.807635 0.640839 0.640839 0.640839
7372.824219 0.000000 3775.987549 0.000000 0.936644 0.000000 -0.350282 0.672905 0.672905 0.672905
7374.673340 0.000000 3763.095703 0.000000 0.261754 0.000000 -0.965135 0.779973 0.779973 0.779973
7348.567383 0.000000 3755.716309 0.000000 0.964482 0.000000 -0.264150 0.651656 0.651656 0.651656
7391.456055 0.000000 3747.550537 0.000000 0.514528 0.000000 -0.857474 0.745077 0.745077 0.745077
7385.132324 0.000000 3751.140625 0.000000 0.711832 0.000000 -0.702350 0.630327 0.630327 0.630327
7340.075195 0.000000 3759.225586 0.000000 0.194131 0.000000 -0.980976 0.779245 0.779245 0.779245
7362.307617 0.000000 3799.463379 0.000000 0.962089 0.000000 -0.272736 0.623586 0.623586 0.623586
7366.914062 0.000000 3774.898926 0.000000 0.899121 0.000000 -0.437700 0.644110 0.644110 0.644110
7363.810547 0.000000 3777.296875 0.000000 0.408380 0.000000 -0.912812 0.711982 0.711982 0.711982
7364.062988 0.000000 3755.939941 0.000000 0.562437 0.000000 -0.826840 0.741444 0.741444 0.741444
7380.157715 0.000000 3754.474121 0.000000 0.141449 0.000000 -0.989945 0.672772 0.672772 0.672772
7345.540039 0.000000 3747.957275 0.000000 0.967440 0.000000 -0.253102 0.648296 0.648296 0.648296
7388.237793 0.000000 3747.047607 0.000000 0.790544 0.000000 -0.612405 0.668123 0.668123 0.668123
7373.361328 0.000000 3767.189941 0.000000 0.945971 0.000000 -0.324250 0.654411 0.654411 0.654411
7379.875488 0.000000 3760.865723 0.000000 0.781144 0.000000 -0.624351 0.709086 0.709086 0.709086
7355.423340 0.000000 3750.799316 0.000000 0.472602 0.000000 -0.881276 0.663008 0.663008 0.663008
7356.840332 0.000000 3746.004395 0.000000 0.694688 0.000000 -0.719311 0.660128 0.660128 0.660128
7383.359375 0.000000 3758.810303 0.000000 0.171583 0.000000 -0.985170 0.798991 0.798991 0.798991
7351.989258 0.000000 3799.892090 0.000000 0.453752 0.000000 -0.891128 0.703790 0.703790 0.703790
7376.452637 0.000000 3772.436035 0.000000 0.789327 0.000000 -0.613973 0.675260 0.675260 0.675260
7352.236328 0.000000 3747.207520 0.000000 0.769804 0.000000 -0.638281 0.654959 0.654959 0.654959
7330.901367 0.000000 3750.148926 0.000000 0.916322 0.000000 -0.400442 0.658629 0.658629 0.658629
7377.664551 0.000000 3763.909180 0.000000 0.098737 0.000000 -0.995114 0.932925 0.932925 0.932925
7387.135742 0.000000 3744.678467 0.000000 0.985414 0.000000 -0.170176 0.630483 0.630483 0.630483
7360.298340 0.000000 3756.992188 0.000000 0.023218 0.000000 -0.999730 0.787771 0.787771 0.787771
7366.590820 0.000000 3760.334717 0.000000 0.092966 0.000000 -0.995669 0.726169 0.726169 0.726169
7364.201660 0.000000 3801.228027 0.000000 0.114357 0.000000 -0.993440 0.689432 0.689432 0.689432
7343.423828 0.000000 3752.678223 0.000000 0.244656 0.000000 -0.969610 0.762582 0.762582 0.762582
7370.115723 0.000000 3759.525391 0.000000 0.573596 0.000000 -0.819138 0.716468 0.716468 0.716468
7386.527344 0.000000 3755.519043 0.000000 0.818268 0.000000 -0.574837 0.649536 0.649536 0.649536
7384.740234 0.000000 3762.917725 0.000000 0.315008 0.000000 -0.949089 0.699264 0.699264 0.699264
7334.934082 0.000000 3756.409424 0.000000 0.975821 0.000000 -0.218571 0.619804 0.619804 0.619804
7358.709961 0.000000 3763.190186 0.000000 0.528192 0.000000 -0.849125 0.744342 0.744342 0.744342
7350.602539 0.000000 3750.575195 0.000000 0.193993 0.000000 -0.981003 0.692722 0.692722 0.692722
7344.631348 0.000000 3744.467773 0.000000 0.583989 0.000000 -0.811762 0.737622 0.737622 0.737622
7339.557617 0.000000 3750.796387 0.000000 0.548701 0.000000 -0.836019 0.706771 0.706771 0.706771
7355.604492 0.000000 3758.990967 0.000000 0.634398 0.000000 -0.773007 0.679411 0.679411 0.679411
7371.089355 0.000000 3762.258789 0.000000 0.727433 0.000000 -0.686179 0.655506 0.655506 0.655506
7347.037109 0.000000 3753.045166 0.000000 0.688006 0.000000 -0.725705 0.759349 0.759349 0.759349
7352.797363 0.000000 3757.997314 0.000000 0.709443 0.000000 -0.704763 0.726523 0.726523 0.726523
7366.557129 0.000000 3755.745850 0.000000 0.152614 0.000000 -0.988286 0.695555 0.695555 0.695555
7356.678223 0.000000 3755.798096 0.000000 0.470115 0.000000 -0.882605 0.805718 0.805718 0.805718
7359.259277 0.000000 3775.420898 0.000000 0.880435 0.000000 -0.474167 0.654020 0.654020 0.654020
7329.738281 0.000000 3748.158203 0.000000 0.890350 0.000000 -0.455277 0.643191 0.643191 0.643191
7342.596191 0.000000 3758.751221 0.000000 0.991393 0.000000 -0.130917 0.610227 0.610227 0.610227
7360.777832 0.000000 3773.656494 0.000000 0.926563 0.000000 -0.376141 0.646789 0.646789 0.646789
7335.278320 0.000000 3752.066895 0.000000 0.969645 0.000000 -0.244517 0.639962 0.639962 0.639962
7375.069824 0.000000 3761.034668 0.000000 0.886918 0.000000 -0.461927 0.648909 0.648909 0.648909
7339.322754 0.000000 3756.568115 0.000000 0.978815 0.000000 -0.204747 0.629961 0.629961 0.629961
7368.177734 0.000000 3758.581787 0.000000 0.772100 0.000000 -0.635501 0.683556 0.683556 0.683556
7335.970215 0.000000 3749.978516 0.000000 0.755377 0.000000 -0.655291 0.755204 0.755204 0.755204
7369.286133 0.000000 3789.168701 0.000000 0.995941 0.000000 -0.090005 0.610935 0.610935 0.610935
7380.564941 0.000000 3767.220215 0.000000 0.838544 0.000000 -0.544834 0.669911 0.669911 0.669911
7364.657715 0.000000 3759.409668 0.000000 0.220198 0.000000 -0.975455 0.779813 0.779813 0.779813
7359.766602 0.000000 3802.277100 0.000000 0.305455 0.000000 -0.952206 0.698174 0.698174 0.698174
7374.094238 0.000000 3765.246094 0.000000 0.849359 0.000000 -0.527815 0.696615 0.696615 0.696615
7365.018555 0.000000 3775.659912 0.000000 0.997737 0.000000 -0.067235 0.608164 0.608164 0.608164
7362.904297 0.000000 3804.882568 0.000000 0.708437 0.000000 -0.705774 0.670419 0.670419 0.670419
7336.429688 0.000000 3753.903076 0.000000 0.305713 0.000000 -0.952124 0.807631 0.807631 0.807631
7341.525391 0.000000 3751.094727 0.000000 0.923790 0.000000 -0.382899 0.637081 0.637081 0.637081
7348.551270 0.000000 3750.560547 0.000000 0.079186 0.000000 -0.996860 0.765331 0.765331 0.765331
7368.407227 0.000000 3773.476807 0.000000 0.225672 0.000000 -0.974203 0.742849 0.742849 0.742849
7340.484863 0.000000 3754.948975 0.000000 0.733596 0.000000 -0.679586 0.672751 0.672751 0.672751
7373.398926 0.000000 3770.747314 0.000000 0.557007 0.000000 -0.830508 0.823136 0.823136 0.823136
7345.250488 0.000000 3752.039551 0.000000 0.152622 0.000000 -0.988285 0.899403 0.899403 0.899403
7360.674805 0.000000 3763.462646 0.000000 0.123852 0.000000 -0.992301 0.766855 0.766855 0.766855
7377.872559 0.000000 3765.838867 0.000000 0.917877 0.000000 -0.396864 0.694752 0.694752 0.694752
7372.788086 0.000000 3763.014893 0.000000 0.689483 0.000000 -0.724302 0.687361 0.687361 0.687361
7378.888184 0.000000 3762.481934 0.000000 0.931538 0.000000 -0.363643 0.694774 0.694774 0.694774
7363.185059 0.000000 3775.336426 0.000000 0.409619 0.000000 -0.912257 0.739382 0.739382 0.739382
7358.336426 0.000000 3752.948486 0.000000 0.277491 0.000000 -0.960728 0.829878 0.829878 0.829878
7351.397461 0.000000 3752.195068 0.000000 0.997296 0.000000 -0.073485 0.611017 0.611017 0.611017
7335.420898 0.000000 3746.611328 0.000000 0.547561 0.000000 -0.836766 0.813836 0.813836 0.813836
7375.837891 0.000000 3764.399902 0.000000 0.975056 0.000000 -0.221957 0.638891 0.638891 0.638891
7364.039551 0.000000 3757.690674 0.000000 0.221107 0.000000 -0.975250 0.789784 0.789784 0.789784
7360.843262 0.000000 3798.443115 0.000000 0.765213 0.000000 -0.643777 0.723627 0.723627 0.723627
7373.526855 0.000000 3758.450439 0.000000 0.157700 0.000000 -0.987487 0.758680 0.758680 0.758680
7357.916992 0.000000 3759.546387 0.000000 0.172357 0.000000 -0.985035 0.767477 0.767477 0.767477
7371.870605 0.000000 3774.500000 0.000000 0.586405 0.000000 -0.810018 0.734360 0.734360 0.734360
7390.027344 0.000000 3746.560791 0.000000 0.615341 0.000000 -0.788261 0.727848 0.727848 0.727848
7357.025879 0.000000 3762.616455 0.000000 0.422281 0.000000 -0.906465 0.741092 0.741092 0.741092
7353.691895 0.000000 3799.591309 0.000000 0.867601 0.000000 -0.497261 0.663146 0.663146 0.663146
7383.715332 0.000000 3760.424561 0.000000 0.211450 0.000000 -0.977389 0.797278 0.797278 0.797278
7360.766602 0.000000 3803.607666 0.000000 0.075912 0.000000 -0.997115 0.790325 0.790325 0.790325
7354.630371 0.000000 3752.784912 0.000000 0.759389 0.000000 -0.650637 0.695505 0.695505 0.695505
7355.995605 0.000000 3744.467285 0.000000 0.642911 0.000000 -0.765941 0.705863 0.705863 0.705863
7381.510742 0.000000 3765.702393 0.000000 0.587104 0.000000 -0.809512 0.787933 0.787933 0.787933
7371.278809 0.000000 3771.102051 0.000000 0.979776 0.000000 -0.200097 0.643455 0.643455 0.643455
7353.327637 0.000000 3755.932129 0.000000 0.779232 0.000000 -0.626736 0.732917 0.732917 0.732917
7358.221680 0.000000 3756.283691 0.000000 0.996209 0.000000 -0.086997 0.612657 0.612657 0.612657
7376.455566 0.000000 3762.856201 0.000000 0.730800 0.000000 -0.682591 0.769935 0.769935 0.769935
7343.863281 0.000000 3747.737305 0.000000 0.941373 0.000000 -0.337368 0.658248 0.658248 0.658248
7350.091797 0.000000 3755.366699 0.000000 0.885080 0.000000 -0.465439 0.722558 0.722558 0.722558
7356.169434 0.000000 3757.501953 0.000000 0.996879 0.000000 -0.078943 0.611837 0.611837 0.611837
7348.298340 0.000000 3757.286133 0.000000 0.923880 0.000000 -0.382682 0.657647 0.657647 0.657647
7390.009277 0.000000 3748.106445 0.000000 0.415695 0.000000 -0.909504 0.795028 0.795028 0.795028
7388.406738 0.000000 3745.447510 0.000000 0.914316 0.000000 -0.405001 0.669956 0.669956 0.669956
7383.200684 0.000000 3762.943115 0.000000 0.765529 0.000000 -0.643401 0.703648 0.703648 0.703648
7357.228516 0.000000 3754.436523 0.000000 0.538915 0.000000 -0.842360 0.790550 0.790550 0.790550
7360.179199 0.000000 3755.426025 0.000000 0.627636 0.000000 -0.778507 0.771082 0.771082 0.771082
7379.201660 0.000000 3763.862061 0.000000 0.044455 0.000000 -0.999011 0.988676 0.988676 0.988676
7372.476074 0.000000 3771.844482 0.000000 0.626669 0.000000 -0.779285 0.803442 0.803442 0.803442
7355.870605 0.000000 3754.674316 0.000000 0.793409 0.000000 -0.608688 0.714690 0.714690 0.714690
7380.979492 0.000000 3764.313477 0.000000 0.469123 0.000000 -0.883133 0.815660 0.815660 0.815660
7343.992676 0.000000 3751.432617 0.000000 0.676729 0.000000 -0.736232 0.753700 0.753700 0.753700
7331.063965 0.000000 3748.799805 0.000000 0.351813 0.000000 -0.936070 0.834061 0.834061 0.834061
7344.622559 0.000000 3753.166992 0.000000 0.853679 0.000000 -0.520800 0.715697 0.715697 0.715697
7412.406250 0.000000 3752.560059 0.000000 0.429577 0.000000 -0.903030 0.637132 0.637132 0.637132
7403.539062 0.000000 3754.929443 0.000000 0.529505 0.000000 -0.848307 0.665234 0.665234 0.665234
7418.878906 0.000000 3747.717041 0.000000 0.978671 0.000000 -0.205433 0.601550 0.601550 0.601550
7412.562500 0.000000 3746.577637 0.000000 0.999969 0.000000 -0.007819 0.600316 0.600316 0.600316
7408.240723 0.000000 3749.489990 0.000000 0.168196 0.000000 -0.985753 0.713389 0.713389 0.713389
7394.784668 0.000000 3749.866943 0.000000 0.990470 0.000000 -0.137728 0.611797 0.611797 0.611797
7415.186523 0.000000 3749.652588 0.000000 0.362142 0.000000 -0.932123 0.628766 0.628766 0.628766
7406.977539 0.000000 3753.087891 0.000000 0.038242 0.000000 -0.999268 0.728556 0.728556 0.728556
7415.989746 0.000000 3745.763916 0.000000 0.881939 0.000000 -0.471363 0.613234 0.613234 0.613234
7399.985352 0.000000 3749.232178 0.000000 0.233984 0.000000 -0.972240 0.725948 0.725948 0.725948
7394.690918 0.000000 3746.182373 0.000000 0.148756 0.000000 -0.988874 0.772472 0.772472 0.772472
7404.490234 0.000000 3746.043701 0.000000 0.994037 0.000000 -0.109039 0.619639 0.619639 0.619639
7400.407227 0.000000 3754.638672 0.000000 0.947523 0.000000 -0.319689 0.612673 0.612673 0.612673
7409.829102 0.000000 3753.926270 0.000000 0.706397 0.000000 -0.707816 0.657721 0.657721 0.657721
7408.895996 0.000000 3746.856689 0.000000 0.609451 0.000000 -0.792824 0.678161 0.678161 0.678161
7406.473633 0.000000 3747.595215 0.000000 0.637047 0.000000 -0.770825 0.690968 0.690968 0.690968
7409.921875 0.000000 3751.401855 0.000000 0.545386 0.000000 -0.838185 0.677421 0.677421 0.677421
7399.150391 0.000000 3744.509766 0.000000 0.994641 0.000000 -0.103392 0.632271 0.632271 0.632271
7405.770020 0.000000 3749.642090 0.000000 0.221853 0.000000 -0.975080 0.807837 0.807837 0.807837
7407.737793 0.000000 3751.323486 0.000000 0.925956 0.000000 -0.377631 0.639444 0.639444 0.639444
7401.734863 0.000000 3750.005371 0.000000 0.980404 0.000000 -0.196998 0.619901 0.619901 0.619901
7404.681152 0.000000 3747.777832 0.000000 0.995386 0.000000 -0.095947 0.617273 0.617273 0.617273
7400.756348 0.000000 3745.570068 0.000000 0.576576 0.000000 -0.817043 0.917996 0.917996 0.917996
7399.832031 0.000000 3747.737061 0.000000 0.815762 0.000000 -0.578388 0.734882 0.734882 0.734882
7402.156738 0.000000 3745.938232 0.000000 0.173378 0.000000 -0.984855 1.026750 1.026750 1.026750
7499.398438 0.000000 3645.575684 0.000000 0.340032 0.000000 -0.940414 0.634831 0.634831 0.634831
7490.531250 0.000000 3647.945068 0.000000 0.894896 0.000000 -0.446275 0.609701 0.609701 0.609701
7494.213379 0.000000 3637.556885 0.000000 0.490577 0.000000 -0.871398 0.609509 0.609509 0.609509
7490.402344 0.000000 3641.978516 0.000000 0.999890 0.000000 -0.014828 0.600578 0.600578 0.600578
7481.683105 0.000000 3639.197998 0.000000 0.543438 0.000000 -0.839449 0.641786 0.641786 0.641786
7496.914062 0.000000 3644.417480 0.000000 0.998584 0.000000 -0.053206 0.605582 0.605582 0.605582
7494.729980 0.000000 3644.339111 0.000000 0.829351 0.000000 -0.558728 0.692357 0.692357 0.692357
7495.709473 0.000000 3645.680908 0.000000 0.466110 0.000000 -0.884727 0.769168 0.769168 0.769168
7493.196289 0.000000 3644.741699 0.000000 0.446055 0.000000 -0.895005 0.754414 0.754414 0.754414
"}
