父亲ID,原生年,新生年,提前年数,原184开局在世,新184开局在世,文件
a_na_gui,494.1.1,490.1.1,4,,,zz_hd_integrated_s1_characters.txt
alvheng_001,433.1.1,415.1.1,18,,,00_liangzhou.txt
anding_hu_001,201.1.1,200.1.1,1,,,00_liangzhou.txt
anding_hu_013,460.1.1,454.1.1,6,,,00_liangzhou.txt
anding_hu_014,482.1.1,472.1.1,10,,,00_liangzhou.txt
anding_hu_016,500.1.1,490.1.1,10,,,00_liangzhou.txt
anding_hu_025,485.1.1,482.1.1,3,,,00_liangzhou.txt
anding_hu_042,515.1.1,508.1.1,7,,,00_liangzhou.txt
anding_hu_043,530.1.1,526.1.1,4,,,00_liangzhou.txt
anding_huangfu_001,41.1.1,39.1.1,2,是,是,00_liangzhou.txt
anding_huangfu_002,68.1.1,57.1.1,11,是,是,00_liangzhou.txt
anding_huangfu_023,80.1.1,78.1.1,2,是,是,00_liangzhou.txt
anding_liang_003,-30.1.1,-32.1.1,2,是,是,00_liangzhou.txt
anding_liang_022,140.1.1,136.1.1,4,是,是,00_liangzhou.txt
anshangli_liu_001,344.1.1,339.1.1,5,,,01_peiguo_liu.txt
bacong_li_001,226.1.1,222.1.1,4,,,01_shiliuguozhu.txt
bacong_li_002,245.1.1,240.1.1,5,,,01_shiliuguozhu.txt
bacong_li_008,272.1.1,258.1.1,14,,,01_shiliuguozhu.txt
bei_gong_yu,149.10.1,146.10.1,3,是,是,east_asian_qiang_180_200.txt
beidi_fu_033,55.1.1,47.1.1,8,是,是,00_liangzhou.txt
beidi_fu_044,279.1.1,277.1.1,2,,,00_liangzhou.txt
beidi_fu_055,200.1.1,182.1.1,18,,是,00_liangzhou.txt
boling_cui_024,410.1.1,399.1.1,11,,,00_jizhou.txt
boling_cui_042,435.1.1,417.1.1,18,,,00_jizhou.txt
boling_cui_071,452.1.1,444.1.1,8,,,00_jizhou.txt
boling_cui_072,485.1.1,483.1.1,2,,,00_jizhou.txt
boling_cui_086,480.1.1,462.1.1,18,,,00_jizhou.txt
bu_liu_gu_mou,432.1.1,427.1.1,5,,,zz_hd_integrated_s1_characters.txt
bu_liu_gu_qi,392.1.1,389.1.1,3,,,zz_hd_integrated_s1_characters.txt
bu_liu_gu_yi_li,412.1.1,409.1.1,3,,,zz_hd_integrated_s1_characters.txt
cao_hong,169.7.1,168.7.1,1,是,是,east_asian_yuzhou_180_200.txt
cao_pi,187.7.1,186.7.1,1,,,east_asian_yuzhou_180_200.txt
cao_zhen,185.7.1,182.7.1,3,,是,east_asian_yuzhou_180_200.txt
chaluo_000,302.1.1,299.1.1,3,,,01_neirenzhubu.txt
chaluo_002,380.1.1,378.1.1,2,,,01_neirenzhubu.txt
chaluo_013,457.1.1,456.1.1,1,,,01_neirenzhubu.txt
changli_doulu_003,428.1.1,424.1.1,4,,,01_neirenzhubu.txt
changli_doulu_018,584.1.1,576.1.1,8,,,01_neirenzhubu.txt
changli_doulu_035,674.1.1,662.1.1,12,,,01_neirenzhubu.txt
changli_doulu_037,695.1.1,680.1.1,15,,,01_neirenzhubu.txt
changli_doulu_053,541.1.1,533.1.1,8,,,01_neirenzhubu.txt
changli_doulu_056,602.1.1,594.1.1,8,,,01_neirenzhubu.txt
changli_doulu_057,618.1.1,612.1.1,6,,,01_neirenzhubu.txt
changli_doulu_058,632.1.1,630.1.1,2,,,01_neirenzhubu.txt
changli_murong_021,321.1.1,320.1.1,1,,,01_shiliuguozhu.txt
chenjun_xie_030,320.1.1,317.1.1,3,,,00_yuzhou.txt
chenjun_xie_031,342.1.1,335.1.1,7,,,00_yuzhou.txt
chenjun_xie_034,371.1.1,353.1.1,18,,,00_yuzhou.txt
chenjun_xie_044,329.1.1,328.1.1,1,,,00_yuzhou.txt
chenjun_xie_067,387.1.1,384.1.1,3,,,00_yuzhou.txt
chenjun_yin_008,343.1.1,342.1.1,1,,,00_yuzhou.txt
chenjun_yuan_008,161.1.1,156.1.1,5,是,是,00_yuzhou.txt
chenjun_yuan_034,312.1.1,294.1.1,18,,,00_yuzhou.txt
chenjun_yuan_039,382.1.1,374.1.1,8,,,00_yuzhou.txt
chenjun_yuan_061,330.1.1,312.1.1,18,,,00_yuzhou.txt
chenliu_ruan_024,370.1.1,365.1.1,5,,,00_yanzhou.txt
chenliu_ruan_029,230.1.1,226.1.1,4,,,00_yanzhou.txt
chenliu_ruan_030,254.1.1,244.1.1,10,,,00_yanzhou.txt
chenliu_ruan_031,274.1.1,262.1.1,12,,,00_yanzhou.txt
chenliu_ruan_032,290.1.1,280.1.1,10,,,00_yanzhou.txt
chouchi_yang_009,270.1.1,269.1.1,1,,,01_shiliuguozhu.txt
chouchi_yang_010,289.1.1,287.1.1,2,,,01_shiliuguozhu.txt
chouchi_yang_011,291.1.1,288.1.1,3,,,01_shiliuguozhu.txt
chouchi_yang_017,364.1.1,363.1.1,1,,,01_shiliuguozhu.txt
chouchi_yang_018,375.1.1,374.1.1,1,,,01_shiliuguozhu.txt
chouchi_yang_025,417.1.1,415.1.1,2,,,01_shiliuguozhu.txt
chouchi_yang_031,424.1.1,416.1.1,8,,,01_shiliuguozhu.txt
chouchi_yang_044,432.1.1,427.1.1,5,,,01_shiliuguozhu.txt
chouchi_yang_052,307.1.1,306.1.1,1,,,01_shiliuguozhu.txt
chouchi_yang_054,326.1.1,324.1.1,2,,,01_shiliuguozhu.txt
chu_ben,460.1.1,456.1.1,4,,,zz_hd_integrated_s1_characters.txt
chu_dong,471.1.1,461.1.1,10,,,zz_hd_integrated_s1_characters.txt
chu_ji_zhi,404.1.1,402.1.1,2,,,zz_hd_integrated_s1_characters.txt
chu_nuan,426.1.1,420.1.1,6,,,zz_hd_integrated_s1_characters.txt
chu_xuan,445.1.1,443.1.1,2,,,zz_hd_integrated_s1_characters.txt
congtingli_liu_013,352.1.1,339.1.1,13,,,01_peiguo_liu.txt
congtingli_liu_022,500.1.1,498.1.1,2,,,01_peiguo_liu.txt
da_he_huo_mu_ru_yan_wu_shi_xia_mao,1.7.1,-2.7.1,3,是,是,east_asian_japanese_dead_before_180.txt
da_tan,370.1.1,368.1.1,2,,,zz_hd_integrated_s1_characters.txt
danyang_ji_004,276.1.1,272.1.1,4,,,00_yangzhou.txt
danyang_zhang_008,230.1.1,229.1.1,1,,,00_yangzhou.txt
danyang_zhang_009,265.1.1,247.1.1,18,,,00_yangzhou.txt
daxi_002,369.1.1,366.1.1,3,,,01_dishishixing.txt
daxi_007,388.1.1,384.1.1,4,,,01_dishishixing.txt
daxi_wu,504.1.1,502.1.1,2,,,01_dishishixing.txt
dongzu_li_016,497.1.1,491.1.1,6,,,00_jizhou.txt
dou_chi,507.1.1,505.1.1,2,,,zz_hd_integrated_s1_characters.txt
dou_han,517.1.1,514.1.1,3,,,zz_hd_integrated_s1_characters.txt
dou_mou_2,556.1.1,551.1.1,5,,,zz_hd_integrated_s1_characters.txt
dou_yi_3,536.1.1,533.1.1,3,,,zz_hd_integrated_s1_characters.txt
dou_zhao,538.1.1,537.1.1,1,,,zz_hd_integrated_s1_characters.txt
dunhuang_suo_005,264.1.1,262.1.1,2,,,00_liangzhou.txt
dunhuang_suo_007,269.1.1,267.1.1,2,,,00_liangzhou.txt
dunhuang_suo_008,272.1.1,263.1.1,9,,,00_liangzhou.txt
dunqiu_li_040,641.1.1,631.1.1,10,,,zz_hd_integrated_s2_characters.txt
dunqiu_li_041,678.1.1,649.1.1,29,,,zz_hd_integrated_s2_characters.txt
er_yu_xin_xing,450.1.1,449.1.1,1,,,zz_hd_integrated_s1_characters.txt
erzhu_001,348.1.1,344.1.1,4,,,01_neirenzhubu.txt
erzhu_002,364.1.1,362.1.1,2,,,01_neirenzhubu.txt
erzhu_004,450.1.1,449.1.1,1,,,01_neirenzhubu.txt
fan_ning,339.7.1,337.7.1,2,,,zz_hd_rwu_retained_characters.txt
fei_yu,396.1.1,394.1.1,2,,,zz_hd_integrated_s1_characters.txt
feilian_002,396.1.1,394.1.1,2,,,01_neirenzhubu.txt
fu_mou_6,55.1.1,47.1.1,8,是,是,zz_hd_integrated_s1_characters.txt
fu_tu,474.1.1,472.1.1,2,,,zz_hd_integrated_s1_characters.txt
fu_yun_2,174.1.1,164.1.1,10,是,是,00_liangzhou.txt
fufeng_li_000,232.1.1,230.1.1,2,,,01_shiliuguozhu.txt
fufeng_li_mou,232.1.1,230.1.1,2,,,zz_hd_integrated_s1_characters.txt
gao_ming,145.7.1,144.7.1,1,是,是,east_asian_han_180_200.txt
gaojuli_gor_004,470.1.1,469.1.1,1,,,01_neirenzhubu.txt
gaojuli_gor_007,466.1.1,458.1.1,8,,,01_neirenzhubu.txt
gong_sun_du,154.7.1,144.7.1,10,是,是,00_youzhou.txt
gong_sun_shou_2,340.1.1,339.1.1,1,,,00_youzhou.txt
han_10,254.1.1,252.1.1,2,,,zz_hd_integrated_s2_characters.txt
han_1000,696.1.1,694.1.1,2,,,zz_hd_integrated_s2_characters.txt
han_10005,1074.1.1,1073.1.1,1,,,zz_hd_integrated_s2_characters.txt
han_1001,696.1.1,694.1.1,2,,,zz_hd_integrated_s2_characters.txt
han_1002,696.1.1,695.1.1,1,,,zz_hd_integrated_s2_characters.txt
han_10024,1075.1.1,1074.1.1,1,,,zz_hd_integrated_s2_characters.txt
han_10028,1075.1.1,1073.1.1,2,,,zz_hd_integrated_s2_characters.txt
han_10030,1075.1.1,1073.1.1,2,,,zz_hd_integrated_s2_characters.txt
han_10075,1076.1.1,1074.1.1,2,,,zz_hd_integrated_s2_characters.txt
han_10114,1077.1.1,1074.1.1,3,,,zz_hd_integrated_s2_characters.txt
han_1012,697.1.1,695.1.1,2,,,zz_hd_integrated_s2_characters.txt
han_10138,1078.1.1,1076.1.1,2,,,zz_hd_integrated_s2_characters.txt
han_10166,1079.1.1,1077.1.1,2,,,zz_hd_integrated_s2_characters.txt
han_10179,1079.1.1,1077.1.1,2,,,zz_hd_integrated_s2_characters.txt
han_1021,698.1.1,696.1.1,2,,,zz_hd_integrated_s2_characters.txt
han_10222,1080.1.1,1078.1.1,2,,,zz_hd_integrated_s2_characters.txt
han_10226,1080.1.1,1078.1.1,2,,,zz_hd_integrated_s2_characters.txt
han_10237,1080.1.1,1078.1.1,2,,,zz_hd_integrated_s2_characters.txt
han_1024,699.1.1,697.1.1,2,,,zz_hd_integrated_s2_characters.txt
han_10259,1081.1.1,1079.1.1,2,,,zz_hd_integrated_s2_characters.txt
han_10261,1081.1.1,1079.1.1,2,,,zz_hd_integrated_s2_characters.txt
han_10263,1081.1.1,1079.1.1,2,,,zz_hd_integrated_s2_characters.txt
han_10270,1081.1.1,1080.1.1,1,,,zz_hd_integrated_s2_characters.txt
han_10275,1082.1.1,1080.1.1,2,,,zz_hd_integrated_s2_characters.txt
han_10297,1082.1.1,1080.1.1,2,,,zz_hd_integrated_s2_characters.txt
han_10298,1082.1.1,1081.1.1,1,,,zz_hd_integrated_s2_characters.txt
han_103,484.1.1,482.1.1,2,,,zz_hd_integrated_s2_characters.txt
han_1030,699.1.1,698.1.1,1,,,zz_hd_integrated_s2_characters.txt
han_10313,1083.1.1,1081.1.1,2,,,zz_hd_integrated_s2_characters.txt
han_10316,1083.1.1,1082.1.1,1,,,zz_hd_integrated_s2_characters.txt
han_10327,1083.1.1,1081.1.1,2,,,zz_hd_integrated_s2_characters.txt
han_10334,1083.1.1,1081.1.1,2,,,zz_hd_integrated_s2_characters.txt
han_10335,1084.1.1,1083.1.1,1,,,zz_hd_integrated_s2_characters.txt
han_10342,1084.1.1,1083.1.1,1,,,zz_hd_integrated_s2_characters.txt
han_10349,1084.1.1,1082.1.1,2,,,zz_hd_integrated_s2_characters.txt
han_10355,1084.1.1,1082.1.1,2,,,zz_hd_integrated_s2_characters.txt
han_10361,1084.1.1,1082.1.1,2,,,zz_hd_integrated_s2_characters.txt
han_10366,1085.1.1,1080.1.1,5,,,zz_hd_integrated_s2_characters.txt
han_10367,1085.1.1,1083.1.1,2,,,zz_hd_integrated_s2_characters.txt
han_10370,1085.1.1,1083.1.1,2,,,zz_hd_integrated_s2_characters.txt
han_10385,1085.1.1,1083.1.1,2,,,zz_hd_integrated_s2_characters.txt
han_10404,1086.1.1,1085.1.1,1,,,zz_hd_integrated_s2_characters.txt
han_10415,1086.1.1,1084.1.1,2,,,zz_hd_integrated_s2_characters.txt
han_1042,701.1.1,699.1.1,2,,,zz_hd_integrated_s2_characters.txt
han_10426,1086.1.1,1085.1.1,1,,,zz_hd_integrated_s2_characters.txt
han_10437,1087.1.1,1086.1.1,1,,,zz_hd_integrated_s2_characters.txt
han_10442,1087.1.1,1086.1.1,1,,,zz_hd_integrated_s2_characters.txt
han_10457,1088.1.1,1086.1.1,2,,,zz_hd_integrated_s2_characters.txt
han_10479,1088.1.1,1086.1.1,2,,,zz_hd_integrated_s2_characters.txt
han_1048,701.1.1,700.1.1,1,,,zz_hd_integrated_s2_characters.txt
han_10486,1089.1.1,1088.1.1,1,,,zz_hd_integrated_s2_characters.txt
han_10493,1089.1.1,1087.1.1,2,,,zz_hd_integrated_s2_characters.txt
han_10505,1089.1.1,1088.1.1,1,,,zz_hd_integrated_s2_characters.txt
han_10508,1089.1.1,1087.1.1,2,,,zz_hd_integrated_s2_characters.txt
han_10511,1089.1.1,1087.1.1,2,,,zz_hd_integrated_s2_characters.txt
han_10527,1090.1.1,1089.1.1,1,,,zz_hd_integrated_s2_characters.txt
han_10535,1090.1.1,1088.1.1,2,,,zz_hd_integrated_s2_characters.txt
han_10536,1090.1.1,1088.1.1,2,,,zz_hd_integrated_s2_characters.txt
han_10538,1090.1.1,1089.1.1,1,,,zz_hd_integrated_s2_characters.txt
han_10547,1090.1.1,1088.1.1,2,,,zz_hd_integrated_s2_characters.txt
han_10548,1090.1.1,1089.1.1,1,,,zz_hd_integrated_s2_characters.txt
han_10557,1091.1.1,1089.1.1,2,,,zz_hd_integrated_s2_characters.txt
han_10565,1091.1.1,1090.1.1,1,,,zz_hd_integrated_s2_characters.txt
han_10572,1091.1.1,1089.1.1,2,,,zz_hd_integrated_s2_characters.txt
han_10613,1093.1.1,1091.1.1,2,,,zz_hd_integrated_s2_characters.txt
han_10614,1093.1.1,1091.1.1,2,,,zz_hd_integrated_s2_characters.txt
han_1062,703.1.1,702.1.1,1,,,zz_hd_integrated_s2_characters.txt
han_10633,1094.1.1,1092.1.1,2,,,zz_hd_integrated_s2_characters.txt
han_1064,703.1.1,701.1.1,2,,,zz_hd_integrated_s2_characters.txt
han_10643,1094.1.1,1092.1.1,2,,,zz_hd_integrated_s2_characters.txt
han_10647,1094.1.1,1092.1.1,2,,,zz_hd_integrated_s2_characters.txt
han_10652,1094.1.1,1092.1.1,2,,,zz_hd_integrated_s2_characters.txt
han_10655,1094.1.1,1088.1.1,6,,,zz_hd_integrated_s2_characters.txt
han_10671,1095.1.1,1094.1.1,1,,,zz_hd_integrated_s2_characters.txt
han_10681,1095.1.1,1094.1.1,1,,,zz_hd_integrated_s2_characters.txt
han_10692,1095.1.1,1093.1.1,2,,,zz_hd_integrated_s2_characters.txt
han_10705,1096.1.1,1093.1.1,3,,,zz_hd_integrated_s2_characters.txt
han_10707,1096.1.1,1094.1.1,2,,,zz_hd_integrated_s2_characters.txt
han_10723,1096.1.1,1094.1.1,2,,,zz_hd_integrated_s2_characters.txt
han_1073,704.1.1,703.1.1,1,,,zz_hd_integrated_s2_characters.txt
han_10732,1096.1.1,1094.1.1,2,,,zz_hd_integrated_s2_characters.txt
han_10740,1096.1.1,1093.1.1,3,,,zz_hd_integrated_s2_characters.txt
han_10742,1097.1.1,1096.1.1,1,,,zz_hd_integrated_s2_characters.txt
han_10744,1097.1.1,1094.1.1,3,,,zz_hd_integrated_s2_characters.txt
han_10756,1097.1.1,1096.1.1,1,,,zz_hd_integrated_s2_characters.txt
han_1076,704.1.1,702.1.1,2,,,zz_hd_integrated_s2_characters.txt
han_1078,704.1.1,702.1.1,2,,,zz_hd_integrated_s2_characters.txt
han_10780,1098.1.1,1096.1.1,2,,,zz_hd_integrated_s2_characters.txt
han_10794,1098.1.1,1096.1.1,2,,,zz_hd_integrated_s2_characters.txt
han_10805,1098.1.1,1096.1.1,2,,,zz_hd_integrated_s2_characters.txt
han_10829,1099.1.1,1097.1.1,2,,,zz_hd_integrated_s2_characters.txt
han_1084,704.1.1,702.1.1,2,,,zz_hd_integrated_s2_characters.txt
han_1085,705.1.1,703.1.1,2,,,zz_hd_integrated_s2_characters.txt
han_10859,1100.1.1,1099.1.1,1,,,zz_hd_integrated_s2_characters.txt
han_10867,1100.1.1,1099.1.1,1,,,zz_hd_integrated_s2_characters.txt
han_10870,1100.1.1,1099.1.1,1,,,zz_hd_integrated_s2_characters.txt
han_10878,1100.1.1,1099.1.1,1,,,zz_hd_integrated_s2_characters.txt
han_10884,1100.1.1,1098.1.1,2,,,zz_hd_integrated_s2_characters.txt
han_10891,1101.1.1,1100.1.1,1,,,zz_hd_integrated_s2_characters.txt
han_10909,1101.1.1,1099.1.1,2,,,zz_hd_integrated_s2_characters.txt
han_10916,1101.1.1,1099.1.1,2,,,zz_hd_integrated_s2_characters.txt
han_10925,1101.1.1,1099.1.1,2,,,zz_hd_integrated_s2_characters.txt
han_10926,1101.1.1,1099.1.1,2,,,zz_hd_integrated_s2_characters.txt
han_10932,1102.1.1,1101.1.1,1,,,zz_hd_integrated_s2_characters.txt
han_10938,1102.1.1,1098.1.1,4,,,zz_hd_integrated_s2_characters.txt
han_10942,1102.1.1,1100.1.1,2,,,zz_hd_integrated_s2_characters.txt
han_10944,1102.1.1,1099.1.1,3,,,zz_hd_integrated_s2_characters.txt
han_10949,1102.1.1,1100.1.1,2,,,zz_hd_integrated_s2_characters.txt
han_1097,706.1.1,705.1.1,1,,,zz_hd_integrated_s2_characters.txt
han_10972,1102.1.1,1100.1.1,2,,,zz_hd_integrated_s2_characters.txt
han_10974,1102.1.1,1101.1.1,1,,,zz_hd_integrated_s2_characters.txt
han_10982,1103.1.1,1101.1.1,2,,,zz_hd_integrated_s2_characters.txt
han_10984,1103.1.1,1101.1.1,2,,,zz_hd_integrated_s2_characters.txt
han_1099,706.1.1,705.1.1,1,,,zz_hd_integrated_s2_characters.txt
han_11,256.1.1,254.1.1,2,,,zz_hd_integrated_s2_characters.txt
han_11009,1103.1.1,1102.1.1,1,,,zz_hd_integrated_s2_characters.txt
han_1101,707.1.1,703.1.1,4,,,zz_hd_integrated_s2_characters.txt
han_11036,1104.1.1,1102.1.1,2,,,zz_hd_integrated_s2_characters.txt
han_11069,1105.1.1,1104.1.1,1,,,zz_hd_integrated_s2_characters.txt
han_1107,708.1.1,706.1.1,2,,,zz_hd_integrated_s2_characters.txt
han_1109,708.1.1,707.1.1,1,,,zz_hd_integrated_s2_characters.txt
han_11103,1106.1.1,1105.1.1,1,,,zz_hd_integrated_s2_characters.txt
han_11113,1106.1.1,1104.1.1,2,,,zz_hd_integrated_s2_characters.txt
han_11115,1106.1.1,1103.1.1,3,,,zz_hd_integrated_s2_characters.txt
han_11116,1106.1.1,1104.1.1,2,,,zz_hd_integrated_s2_characters.txt
han_11117,1107.1.1,1106.1.1,1,,,zz_hd_integrated_s2_characters.txt
han_11124,1107.1.1,1106.1.1,1,,,zz_hd_integrated_s2_characters.txt
han_11137,1107.1.1,1106.1.1,1,,,zz_hd_integrated_s2_characters.txt
han_11147,1108.1.1,1106.1.1,2,,,zz_hd_integrated_s2_characters.txt
han_11150,1108.1.1,1104.1.1,4,,,zz_hd_integrated_s2_characters.txt
han_11151,1108.1.1,1106.1.1,2,,,zz_hd_integrated_s2_characters.txt
han_11153,1108.1.1,1106.1.1,2,,,zz_hd_integrated_s2_characters.txt
han_11156,1108.1.1,1106.1.1,2,,,zz_hd_integrated_s2_characters.txt
han_11157,1108.1.1,1106.1.1,2,,,zz_hd_integrated_s2_characters.txt
han_11158,1108.1.1,1105.1.1,3,,,zz_hd_integrated_s2_characters.txt
han_11159,1108.1.1,1106.1.1,2,,,zz_hd_integrated_s2_characters.txt
han_11191,1109.1.1,1108.1.1,1,,,zz_hd_integrated_s2_characters.txt
han_112,490.1.1,487.1.1,3,,,zz_hd_integrated_s2_characters.txt
han_11204,1110.1.1,1108.1.1,2,,,zz_hd_integrated_s2_characters.txt
han_11211,1110.1.1,1109.1.1,1,,,zz_hd_integrated_s2_characters.txt
han_11213,1110.1.1,1106.1.1,4,,,zz_hd_integrated_s2_characters.txt
han_11214,1110.1.1,1109.1.1,1,,,zz_hd_integrated_s2_characters.txt
han_11227,1110.1.1,1107.1.1,3,,,zz_hd_integrated_s2_characters.txt
han_11229,1111.1.1,1110.1.1,1,,,zz_hd_integrated_s2_characters.txt
han_11230,1111.1.1,1110.1.1,1,,,zz_hd_integrated_s2_characters.txt
han_11235,1111.1.1,1109.1.1,2,,,zz_hd_integrated_s2_characters.txt
han_11236,1111.1.1,1110.1.1,1,,,zz_hd_integrated_s2_characters.txt
han_11237,1111.1.1,1110.1.1,1,,,zz_hd_integrated_s2_characters.txt
han_11255,1112.1.1,1110.1.1,2,,,zz_hd_integrated_s2_characters.txt
han_11256,1112.1.1,1111.1.1,1,,,zz_hd_integrated_s2_characters.txt
han_11265,1112.1.1,1108.1.1,4,,,zz_hd_integrated_s2_characters.txt
han_11273,1112.1.1,1110.1.1,2,,,zz_hd_integrated_s2_characters.txt
han_11278,1112.1.1,1110.1.1,2,,,zz_hd_integrated_s2_characters.txt
han_1128,710.1.1,708.1.1,2,,,zz_hd_integrated_s2_characters.txt
han_11293,1113.1.1,1112.1.1,1,,,zz_hd_integrated_s2_characters.txt
han_11297,1113.1.1,1111.1.1,2,,,zz_hd_integrated_s2_characters.txt
han_11320,1114.1.1,1112.1.1,2,,,zz_hd_integrated_s2_characters.txt
han_11331,1114.1.1,1111.1.1,3,,,zz_hd_integrated_s2_characters.txt
han_11332,1114.1.1,1113.1.1,1,,,zz_hd_integrated_s2_characters.txt
han_11335,1114.1.1,1112.1.1,2,,,zz_hd_integrated_s2_characters.txt
han_11336,1114.1.1,1110.1.1,4,,,zz_hd_integrated_s2_characters.txt
han_11338,1114.1.1,1112.1.1,2,,,zz_hd_integrated_s2_characters.txt
han_11340,1114.1.1,1113.1.1,1,,,zz_hd_integrated_s2_characters.txt
han_11377,1115.1.1,1114.1.1,1,,,zz_hd_integrated_s2_characters.txt
han_11379,1115.1.1,1113.1.1,2,,,zz_hd_integrated_s2_characters.txt
han_1138,710.1.1,709.1.1,1,,,zz_hd_integrated_s2_characters.txt
han_11394,1116.1.1,1115.1.1,1,,,zz_hd_integrated_s2_characters.txt
han_11395,1116.1.1,1114.1.1,2,,,zz_hd_integrated_s2_characters.txt
han_1141,710.1.1,709.1.1,1,,,zz_hd_integrated_s2_characters.txt
han_11410,1116.1.1,1114.1.1,2,,,zz_hd_integrated_s2_characters.txt
han_11411,1116.1.1,1114.1.1,2,,,zz_hd_integrated_s2_characters.txt
han_11426,1116.1.1,1114.1.1,2,,,zz_hd_integrated_s2_characters.txt
han_11434,1117.1.1,1115.1.1,2,,,zz_hd_integrated_s2_characters.txt
han_11444,1117.1.1,1113.1.1,4,,,zz_hd_integrated_s2_characters.txt
han_11445,1117.1.1,1116.1.1,1,,,zz_hd_integrated_s2_characters.txt
han_11464,1117.1.1,1115.1.1,2,,,zz_hd_integrated_s2_characters.txt
han_11472,1118.1.1,1116.1.1,2,,,zz_hd_integrated_s2_characters.txt
han_11473,1118.1.1,1116.1.1,2,,,zz_hd_integrated_s2_characters.txt
han_11474,1118.1.1,1116.1.1,2,,,zz_hd_integrated_s2_characters.txt
han_11483,1118.1.1,1116.1.1,2,,,zz_hd_integrated_s2_characters.txt
han_1149,711.1.1,702.1.1,9,,,zz_hd_integrated_s2_characters.txt
han_11499,1118.1.1,1116.1.1,2,,,zz_hd_integrated_s2_characters.txt
han_115,493.1.1,492.1.1,1,,,zz_hd_integrated_s2_characters.txt
han_1150,711.1.1,709.1.1,2,,,zz_hd_integrated_s2_characters.txt
han_11508,1119.1.1,1118.1.1,1,,,zz_hd_integrated_s2_characters.txt
han_11512,1119.1.1,1117.1.1,2,,,zz_hd_integrated_s2_characters.txt
han_11542,1120.1.1,1118.1.1,2,,,zz_hd_integrated_s2_characters.txt
han_11544,1120.1.1,1118.1.1,2,,,zz_hd_integrated_s2_characters.txt
han_11551,1120.1.1,1119.1.1,1,,,zz_hd_integrated_s2_characters.txt
han_11556,1120.1.1,1119.1.1,1,,,zz_hd_integrated_s2_characters.txt
han_11560,1120.1.1,1115.1.1,5,,,zz_hd_integrated_s2_characters.txt
han_11566,1120.1.1,1118.1.1,2,,,zz_hd_integrated_s2_characters.txt
han_11570,1120.1.1,1118.1.1,2,,,zz_hd_integrated_s2_characters.txt
han_11579,1121.1.1,1120.1.1,1,,,zz_hd_integrated_s2_characters.txt
han_11590,1121.1.1,1120.1.1,1,,,zz_hd_integrated_s2_characters.txt
han_11592,1121.1.1,1120.1.1,1,,,zz_hd_integrated_s2_characters.txt
han_11609,1122.1.1,1120.1.1,2,,,zz_hd_integrated_s2_characters.txt
han_11610,1122.1.1,1120.1.1,2,,,zz_hd_integrated_s2_characters.txt
han_11613,1122.1.1,1121.1.1,1,,,zz_hd_integrated_s2_characters.txt
han_11626,1122.1.1,1120.1.1,2,,,zz_hd_integrated_s2_characters.txt
han_11629,1122.1.1,1120.1.1,2,,,zz_hd_integrated_s2_characters.txt
han_11632,1122.1.1,1120.1.1,2,,,zz_hd_integrated_s2_characters.txt
han_11646,1123.1.1,1121.1.1,2,,,zz_hd_integrated_s2_characters.txt
han_11647,1123.1.1,1121.1.1,2,,,zz_hd_integrated_s2_characters.txt
han_11648,1123.1.1,1121.1.1,2,,,zz_hd_integrated_s2_characters.txt
han_1165,714.1.1,712.1.1,2,,,zz_hd_integrated_s2_characters.txt
han_11656,1123.1.1,1121.1.1,2,,,zz_hd_integrated_s2_characters.txt
han_11657,1123.1.1,1121.1.1,2,,,zz_hd_integrated_s2_characters.txt
han_1166,714.1.1,712.1.1,2,,,zz_hd_integrated_s2_characters.txt
han_11661,1123.1.1,1122.1.1,1,,,zz_hd_integrated_s2_characters.txt
han_11663,1123.1.1,1121.1.1,2,,,zz_hd_integrated_s2_characters.txt
han_11669,1123.1.1,1122.1.1,1,,,zz_hd_integrated_s2_characters.txt
han_11673,1123.1.1,1121.1.1,2,,,zz_hd_integrated_s2_characters.txt
han_11689,1124.1.1,1122.1.1,2,,,zz_hd_integrated_s2_characters.txt
han_11692,1124.1.1,1122.1.1,2,,,zz_hd_integrated_s2_characters.txt
han_11697,1124.1.1,1122.1.1,2,,,zz_hd_integrated_s2_characters.txt
han_11698,1124.1.1,1123.1.1,1,,,zz_hd_integrated_s2_characters.txt
han_11699,1124.1.1,1122.1.1,2,,,zz_hd_integrated_s2_characters.txt
han_117,495.1.1,492.1.1,3,,,zz_hd_integrated_s2_characters.txt
han_11702,1124.1.1,1123.1.1,1,,,zz_hd_integrated_s2_characters.txt
han_11712,1124.1.1,1121.1.1,3,,,zz_hd_integrated_s2_characters.txt
han_1172,715.1.1,714.1.1,1,,,zz_hd_integrated_s2_characters.txt
han_11728,1125.1.1,1124.1.1,1,,,zz_hd_integrated_s2_characters.txt
han_11734,1125.1.1,1123.1.1,2,,,zz_hd_integrated_s2_characters.txt
han_11737,1125.1.1,1123.1.1,2,,,zz_hd_integrated_s2_characters.txt
han_11738,1125.1.1,1123.1.1,2,,,zz_hd_integrated_s2_characters.txt
han_11752,1125.1.1,1124.1.1,1,,,zz_hd_integrated_s2_characters.txt
han_11756,1125.1.1,1123.1.1,2,,,zz_hd_integrated_s2_characters.txt
han_11768,1126.1.1,1124.1.1,2,,,zz_hd_integrated_s2_characters.txt
han_11772,1126.1.1,1124.1.1,2,,,zz_hd_integrated_s2_characters.txt
han_11778,1126.1.1,1124.1.1,2,,,zz_hd_integrated_s2_characters.txt
han_11780,1126.1.1,1125.1.1,1,,,zz_hd_integrated_s2_characters.txt
han_11781,1126.1.1,1125.1.1,1,,,zz_hd_integrated_s2_characters.txt
han_11782,1126.1.1,1124.1.1,2,,,zz_hd_integrated_s2_characters.txt
han_11784,1126.1.1,1124.1.1,2,,,zz_hd_integrated_s2_characters.txt
han_11804,1126.1.1,1124.1.1,2,,,zz_hd_integrated_s2_characters.txt
han_11805,1127.1.1,1123.1.1,4,,,zz_hd_integrated_s2_characters.txt
han_11807,1127.1.1,1125.1.1,2,,,zz_hd_integrated_s2_characters.txt
han_11811,1127.1.1,1125.1.1,2,,,zz_hd_integrated_s2_characters.txt
han_11813,1127.1.1,1125.1.1,2,,,zz_hd_integrated_s2_characters.txt
han_11816,1127.1.1,1125.1.1,2,,,zz_hd_integrated_s2_characters.txt
han_11819,1127.1.1,1126.1.1,1,,,zz_hd_integrated_s2_characters.txt
han_11827,1127.1.1,1125.1.1,2,,,zz_hd_integrated_s2_characters.txt
han_11833,1127.1.1,1126.1.1,1,,,zz_hd_integrated_s2_characters.txt
han_11850,1127.1.1,1126.1.1,1,,,zz_hd_integrated_s2_characters.txt
han_11858,1127.1.1,1125.1.1,2,,,zz_hd_integrated_s2_characters.txt
han_11859,1128.1.1,1126.1.1,2,,,zz_hd_integrated_s2_characters.txt
han_11862,1128.1.1,1126.1.1,2,,,zz_hd_integrated_s2_characters.txt
han_11873,1128.1.1,1126.1.1,2,,,zz_hd_integrated_s2_characters.txt
han_11877,1128.1.1,1126.1.1,2,,,zz_hd_integrated_s2_characters.txt
han_11881,1128.1.1,1127.1.1,1,,,zz_hd_integrated_s2_characters.txt
han_11892,1128.1.1,1126.1.1,2,,,zz_hd_integrated_s2_characters.txt
han_11894,1128.1.1,1126.1.1,2,,,zz_hd_integrated_s2_characters.txt
han_11904,1129.1.1,1128.1.1,1,,,zz_hd_integrated_s2_characters.txt
han_11908,1129.1.1,1127.1.1,2,,,zz_hd_integrated_s2_characters.txt
han_11909,1129.1.1,1128.1.1,1,,,zz_hd_integrated_s2_characters.txt
han_1191,717.1.1,713.1.1,4,,,zz_hd_integrated_s2_characters.txt
han_11911,1129.1.1,1125.1.1,4,,,zz_hd_integrated_s2_characters.txt
han_11915,1129.1.1,1127.1.1,2,,,zz_hd_integrated_s2_characters.txt
han_11916,1129.1.1,1128.1.1,1,,,zz_hd_integrated_s2_characters.txt
han_11917,1129.1.1,1128.1.1,1,,,zz_hd_integrated_s2_characters.txt
han_11926,1129.1.1,1127.1.1,2,,,zz_hd_integrated_s2_characters.txt
han_11936,1130.1.1,1129.1.1,1,,,zz_hd_integrated_s2_characters.txt
han_11946,1130.1.1,1128.1.1,2,,,zz_hd_integrated_s2_characters.txt
han_11951,1130.1.1,1128.1.1,2,,,zz_hd_integrated_s2_characters.txt
han_11956,1130.1.1,1129.1.1,1,,,zz_hd_integrated_s2_characters.txt
han_11963,1130.1.1,1128.1.1,2,,,zz_hd_integrated_s2_characters.txt
han_1197,717.1.1,716.1.1,1,,,zz_hd_integrated_s2_characters.txt
han_11971,1130.1.1,1128.1.1,2,,,zz_hd_integrated_s2_characters.txt
han_11978,1131.1.1,1130.1.1,1,,,zz_hd_integrated_s2_characters.txt
han_11979,1131.1.1,1129.1.1,2,,,zz_hd_integrated_s2_characters.txt
han_11981,1131.1.1,1129.1.1,2,,,zz_hd_integrated_s2_characters.txt
han_11984,1131.1.1,1130.1.1,1,,,zz_hd_integrated_s2_characters.txt
han_11997,1131.1.1,1129.1.1,2,,,zz_hd_integrated_s2_characters.txt
han_12026,1132.1.1,1130.1.1,2,,,zz_hd_integrated_s2_characters.txt
han_12037,1132.1.1,1130.1.1,2,,,zz_hd_integrated_s2_characters.txt
han_12039,1133.1.1,1130.1.1,3,,,zz_hd_integrated_s2_characters.txt
han_12041,1133.1.1,1131.1.1,2,,,zz_hd_integrated_s2_characters.txt
han_12045,1133.1.1,1132.1.1,1,,,zz_hd_integrated_s2_characters.txt
han_12055,1133.1.1,1131.1.1,2,,,zz_hd_integrated_s2_characters.txt
han_12058,1133.1.1,1131.1.1,2,,,zz_hd_integrated_s2_characters.txt
han_12061,1133.1.1,1131.1.1,2,,,zz_hd_integrated_s2_characters.txt
han_12066,1133.1.1,1131.1.1,2,,,zz_hd_integrated_s2_characters.txt
han_12067,1133.1.1,1131.1.1,2,,,zz_hd_integrated_s2_characters.txt
han_12073,1133.1.1,1132.1.1,1,,,zz_hd_integrated_s2_characters.txt
han_12080,1133.1.1,1131.1.1,2,,,zz_hd_integrated_s2_characters.txt
han_12092,1134.1.1,1133.1.1,1,,,zz_hd_integrated_s2_characters.txt
han_12093,1134.1.1,1132.1.1,2,,,zz_hd_integrated_s2_characters.txt
han_12094,1134.1.1,1132.1.1,2,,,zz_hd_integrated_s2_characters.txt
han_12097,1134.1.1,1132.1.1,2,,,zz_hd_integrated_s2_characters.txt
han_12099,1134.1.1,1132.1.1,2,,,zz_hd_integrated_s2_characters.txt
han_12100,1134.1.1,1132.1.1,2,,,zz_hd_integrated_s2_characters.txt
han_12102,1134.1.1,1132.1.1,2,,,zz_hd_integrated_s2_characters.txt
han_12108,1134.1.1,1132.1.1,2,,,zz_hd_integrated_s2_characters.txt
han_1212,718.1.1,716.1.1,2,,,zz_hd_integrated_s2_characters.txt
han_12124,1135.1.1,1134.1.1,1,,,zz_hd_integrated_s2_characters.txt
han_12131,1135.1.1,1133.1.1,2,,,zz_hd_integrated_s2_characters.txt
han_12143,1135.1.1,1134.1.1,1,,,zz_hd_integrated_s2_characters.txt
han_12164,1136.1.1,1135.1.1,1,,,zz_hd_integrated_s2_characters.txt
han_1217,719.1.1,718.1.1,1,,,zz_hd_integrated_s2_characters.txt
han_12176,1136.1.1,1135.1.1,1,,,zz_hd_integrated_s2_characters.txt
han_12179,1136.1.1,1134.1.1,2,,,zz_hd_integrated_s2_characters.txt
han_12183,1136.1.1,1135.1.1,1,,,zz_hd_integrated_s2_characters.txt
han_1219,719.1.1,717.1.1,2,,,zz_hd_integrated_s2_characters.txt
han_12196,1136.1.1,1134.1.1,2,,,zz_hd_integrated_s2_characters.txt
han_12198,1136.1.1,1132.1.1,4,,,zz_hd_integrated_s2_characters.txt
han_12207,1136.1.1,1135.1.1,1,,,zz_hd_integrated_s2_characters.txt
han_12209,1137.1.1,1135.1.1,2,,,zz_hd_integrated_s2_characters.txt
han_12217,1137.1.1,1136.1.1,1,,,zz_hd_integrated_s2_characters.txt
han_12224,1137.1.1,1135.1.1,2,,,zz_hd_integrated_s2_characters.txt
han_12225,1137.1.1,1135.1.1,2,,,zz_hd_integrated_s2_characters.txt
han_12237,1137.1.1,1135.1.1,2,,,zz_hd_integrated_s2_characters.txt
han_12267,1138.1.1,1137.1.1,1,,,zz_hd_integrated_s2_characters.txt
han_12269,1138.1.1,1137.1.1,1,,,zz_hd_integrated_s2_characters.txt
han_12275,1138.1.1,1136.1.1,2,,,zz_hd_integrated_s2_characters.txt
han_12278,1138.1.1,1136.1.1,2,,,zz_hd_integrated_s2_characters.txt
han_12289,1138.1.1,1137.1.1,1,,,zz_hd_integrated_s2_characters.txt
han_12290,1138.1.1,1137.1.1,1,,,zz_hd_integrated_s2_characters.txt
han_12293,1138.1.1,1136.1.1,2,,,zz_hd_integrated_s2_characters.txt
han_12295,1138.1.1,1133.1.1,5,,,zz_hd_integrated_s2_characters.txt
han_12299,1138.1.1,1136.1.1,2,,,zz_hd_integrated_s2_characters.txt
han_12318,1139.1.1,1137.1.1,2,,,zz_hd_integrated_s2_characters.txt
han_12325,1139.1.1,1138.1.1,1,,,zz_hd_integrated_s2_characters.txt
han_12332,1139.1.1,1137.1.1,2,,,zz_hd_integrated_s2_characters.txt
han_12339,1139.1.1,1137.1.1,2,,,zz_hd_integrated_s2_characters.txt
han_12357,1140.1.1,1139.1.1,1,,,zz_hd_integrated_s2_characters.txt
han_12366,1140.1.1,1139.1.1,1,,,zz_hd_integrated_s2_characters.txt
han_12367,1140.1.1,1138.1.1,2,,,zz_hd_integrated_s2_characters.txt
han_12368,1140.1.1,1139.1.1,1,,,zz_hd_integrated_s2_characters.txt
han_12371,1140.1.1,1138.1.1,2,,,zz_hd_integrated_s2_characters.txt
han_12372,1140.1.1,1139.1.1,1,,,zz_hd_integrated_s2_characters.txt
han_1238,720.1.1,718.1.1,2,,,zz_hd_integrated_s2_characters.txt
han_12382,1140.1.1,1138.1.1,2,,,zz_hd_integrated_s2_characters.txt
han_12389,1141.1.1,1139.1.1,2,,,zz_hd_integrated_s2_characters.txt
han_12393,1141.1.1,1139.1.1,2,,,zz_hd_integrated_s2_characters.txt
han_12398,1141.1.1,1140.1.1,1,,,zz_hd_integrated_s2_characters.txt
han_12400,1141.1.1,1139.1.1,2,,,zz_hd_integrated_s2_characters.txt
han_12401,1141.1.1,1139.1.1,2,,,zz_hd_integrated_s2_characters.txt
han_12404,1141.1.1,1139.1.1,2,,,zz_hd_integrated_s2_characters.txt
han_12405,1141.1.1,1139.1.1,2,,,zz_hd_integrated_s2_characters.txt
han_12409,1141.1.1,1139.1.1,2,,,zz_hd_integrated_s2_characters.txt
han_12417,1141.1.1,1137.1.1,4,,,zz_hd_integrated_s2_characters.txt
han_12428,1142.1.1,1140.1.1,2,,,zz_hd_integrated_s2_characters.txt
han_1243,721.1.1,717.1.1,4,,,zz_hd_integrated_s2_characters.txt
han_12430,1142.1.1,1140.1.1,2,,,zz_hd_integrated_s2_characters.txt
han_12433,1142.1.1,1141.1.1,1,,,zz_hd_integrated_s2_characters.txt
han_12437,1142.1.1,1141.1.1,1,,,zz_hd_integrated_s2_characters.txt
han_12450,1142.1.1,1140.1.1,2,,,zz_hd_integrated_s2_characters.txt
han_1246,721.1.1,718.1.1,3,,,zz_hd_integrated_s2_characters.txt
han_12466,1143.1.1,1141.1.1,2,,,zz_hd_integrated_s2_characters.txt
han_12470,1143.1.1,1141.1.1,2,,,zz_hd_integrated_s2_characters.txt
han_12476,1143.1.1,1141.1.1,2,,,zz_hd_integrated_s2_characters.txt
han_12479,1143.1.1,1141.1.1,2,,,zz_hd_integrated_s2_characters.txt
han_12480,1143.1.1,1142.1.1,1,,,zz_hd_integrated_s2_characters.txt
han_12482,1143.1.1,1142.1.1,1,,,zz_hd_integrated_s2_characters.txt
han_12484,1143.1.1,1141.1.1,2,,,zz_hd_integrated_s2_characters.txt
han_12491,1143.1.1,1141.1.1,2,,,zz_hd_integrated_s2_characters.txt
han_12492,1143.1.1,1142.1.1,1,,,zz_hd_integrated_s2_characters.txt
han_12496,1143.1.1,1141.1.1,2,,,zz_hd_integrated_s2_characters.txt
han_12506,1143.1.1,1142.1.1,1,,,zz_hd_integrated_s2_characters.txt
han_12513,1144.1.1,1142.1.1,2,,,zz_hd_integrated_s2_characters.txt
han_12515,1144.1.1,1142.1.1,2,,,zz_hd_integrated_s2_characters.txt
han_12516,1144.1.1,1142.1.1,2,,,zz_hd_integrated_s2_characters.txt
han_12519,1144.1.1,1143.1.1,1,,,zz_hd_integrated_s2_characters.txt
han_12525,1144.1.1,1142.1.1,2,,,zz_hd_integrated_s2_characters.txt
han_12526,1144.1.1,1142.1.1,2,,,zz_hd_integrated_s2_characters.txt
han_12528,1144.1.1,1143.1.1,1,,,zz_hd_integrated_s2_characters.txt
han_12532,1144.1.1,1142.1.1,2,,,zz_hd_integrated_s2_characters.txt
han_12540,1144.1.1,1142.1.1,2,,,zz_hd_integrated_s2_characters.txt
han_12555,1145.1.1,1144.1.1,1,,,zz_hd_integrated_s2_characters.txt
han_12558,1145.1.1,1143.1.1,2,,,zz_hd_integrated_s2_characters.txt
han_12569,1145.1.1,1144.1.1,1,,,zz_hd_integrated_s2_characters.txt
han_12573,1145.1.1,1143.1.1,2,,,zz_hd_integrated_s2_characters.txt
han_12592,1146.1.1,1144.1.1,2,,,zz_hd_integrated_s2_characters.txt
han_1260,722.1.1,719.1.1,3,,,zz_hd_integrated_s2_characters.txt
han_1261,722.1.1,718.1.1,4,,,zz_hd_integrated_s2_characters.txt
han_12614,1146.1.1,1144.1.1,2,,,zz_hd_integrated_s2_characters.txt
han_12619,1147.1.1,1145.1.1,2,,,zz_hd_integrated_s2_characters.txt
han_12621,1147.1.1,1145.1.1,2,,,zz_hd_integrated_s2_characters.txt
han_12622,1147.1.1,1145.1.1,2,,,zz_hd_integrated_s2_characters.txt
han_12629,1147.1.1,1146.1.1,1,,,zz_hd_integrated_s2_characters.txt
han_12631,1147.1.1,1146.1.1,1,,,zz_hd_integrated_s2_characters.txt
han_12634,1147.1.1,1145.1.1,2,,,zz_hd_integrated_s2_characters.txt
han_12635,1147.1.1,1146.1.1,1,,,zz_hd_integrated_s2_characters.txt
han_1265,722.1.1,721.1.1,1,,,zz_hd_integrated_s2_characters.txt
han_12654,1148.1.1,1146.1.1,2,,,zz_hd_integrated_s2_characters.txt
han_12658,1148.1.1,1146.1.1,2,,,zz_hd_integrated_s2_characters.txt
han_12659,1148.1.1,1146.1.1,2,,,zz_hd_integrated_s2_characters.txt
han_12663,1148.1.1,1146.1.1,2,,,zz_hd_integrated_s2_characters.txt
han_12684,1148.1.1,1147.1.1,1,,,zz_hd_integrated_s2_characters.txt
han_12686,1149.1.1,1148.1.1,1,,,zz_hd_integrated_s2_characters.txt
han_1269,723.1.1,721.1.1,2,,,zz_hd_integrated_s2_characters.txt
han_12706,1149.1.1,1148.1.1,1,,,zz_hd_integrated_s2_characters.txt
han_12721,1150.1.1,1148.1.1,2,,,zz_hd_integrated_s2_characters.txt
han_12724,1150.1.1,1148.1.1,2,,,zz_hd_integrated_s2_characters.txt
han_1273,723.1.1,721.1.1,2,,,zz_hd_integrated_s2_characters.txt
han_12730,1150.1.1,1149.1.1,1,,,zz_hd_integrated_s2_characters.txt
han_12738,1150.1.1,1149.1.1,1,,,zz_hd_integrated_s2_characters.txt
han_12753,1150.1.1,1148.1.1,2,,,zz_hd_integrated_s2_characters.txt
han_12771,1151.1.1,1150.1.1,1,,,zz_hd_integrated_s2_characters.txt
han_12773,1151.1.1,1149.1.1,2,,,zz_hd_integrated_s2_characters.txt
han_12776,1151.1.1,1149.1.1,2,,,zz_hd_integrated_s2_characters.txt
han_12798,1152.1.1,1151.1.1,1,,,zz_hd_integrated_s2_characters.txt
han_12804,1152.1.1,1150.1.1,2,,,zz_hd_integrated_s2_characters.txt
han_12823,1152.1.1,1150.1.1,2,,,zz_hd_integrated_s2_characters.txt
han_12836,1153.1.1,1152.1.1,1,,,zz_hd_integrated_s2_characters.txt
han_12839,1153.1.1,1152.1.1,1,,,zz_hd_integrated_s2_characters.txt
han_1286,724.1.1,723.1.1,1,,,zz_hd_integrated_s2_characters.txt
han_12873,1154.1.1,1153.1.1,1,,,zz_hd_integrated_s2_characters.txt
han_12876,1154.1.1,1152.1.1,2,,,zz_hd_integrated_s2_characters.txt
han_12879,1154.1.1,1151.1.1,3,,,zz_hd_integrated_s2_characters.txt
han_12906,1155.1.1,1153.1.1,2,,,zz_hd_integrated_s2_characters.txt
han_12929,1155.1.1,1154.1.1,1,,,zz_hd_integrated_s2_characters.txt
han_1293,725.1.1,724.1.1,1,,,zz_hd_integrated_s2_characters.txt
han_12930,1156.1.1,1155.1.1,1,,,zz_hd_integrated_s2_characters.txt
han_12931,1156.1.1,1154.1.1,2,,,zz_hd_integrated_s2_characters.txt
han_12942,1156.1.1,1154.1.1,2,,,zz_hd_integrated_s2_characters.txt
han_12963,1157.1.1,1155.1.1,2,,,zz_hd_integrated_s2_characters.txt
han_12967,1157.1.1,1155.1.1,2,,,zz_hd_integrated_s2_characters.txt
han_12983,1157.1.1,1156.1.1,1,,,zz_hd_integrated_s2_characters.txt
han_12984,1157.1.1,1155.1.1,2,,,zz_hd_integrated_s2_characters.txt
han_13025,1159.1.1,1157.1.1,2,,,zz_hd_integrated_s2_characters.txt
han_13031,1159.1.1,1157.1.1,2,,,zz_hd_integrated_s2_characters.txt
han_13039,1159.1.1,1157.1.1,2,,,zz_hd_integrated_s2_characters.txt
han_13044,1159.1.1,1157.1.1,2,,,zz_hd_integrated_s2_characters.txt
han_13049,1159.1.1,1157.1.1,2,,,zz_hd_integrated_s2_characters.txt
han_13064,1160.1.1,1159.1.1,1,,,zz_hd_integrated_s2_characters.txt
han_1308,726.1.1,725.1.1,1,,,zz_hd_integrated_s2_characters.txt
han_13118,1161.1.1,1159.1.1,2,,,zz_hd_integrated_s2_characters.txt
han_13141,1162.1.1,1160.1.1,2,,,zz_hd_integrated_s2_characters.txt
han_13154,1163.1.1,1161.1.1,2,,,zz_hd_integrated_s2_characters.txt
han_13163,1163.1.1,1161.1.1,2,,,zz_hd_integrated_s2_characters.txt
han_13172,1164.1.1,1162.1.1,2,,,zz_hd_integrated_s2_characters.txt
han_13178,1164.1.1,1163.1.1,1,,,zz_hd_integrated_s2_characters.txt
han_13180,1164.1.1,1162.1.1,2,,,zz_hd_integrated_s2_characters.txt
han_13188,1164.1.1,1163.1.1,1,,,zz_hd_integrated_s2_characters.txt
han_13208,1165.1.1,1163.1.1,2,,,zz_hd_integrated_s2_characters.txt
han_13214,1165.1.1,1164.1.1,1,,,zz_hd_integrated_s2_characters.txt
han_13218,1165.1.1,1163.1.1,2,,,zz_hd_integrated_s2_characters.txt
han_13227,1165.1.1,1163.1.1,2,,,zz_hd_integrated_s2_characters.txt
han_13233,1166.1.1,1164.1.1,2,,,zz_hd_integrated_s2_characters.txt
han_13235,1166.1.1,1165.1.1,1,,,zz_hd_integrated_s2_characters.txt
han_13239,1166.1.1,1164.1.1,2,,,zz_hd_integrated_s2_characters.txt
han_13245,1167.1.1,1165.1.1,2,,,zz_hd_integrated_s2_characters.txt
han_13254,1167.1.1,1166.1.1,1,,,zz_hd_integrated_s2_characters.txt
han_1328,726.11.11,720.11.11,6,,,zz_hd_integrated_s2_characters.txt
han_13288,1168.1.1,1167.1.1,1,,,zz_hd_integrated_s2_characters.txt
han_13305,1168.1.1,1166.1.1,2,,,zz_hd_integrated_s2_characters.txt
han_13307,1168.1.1,1167.1.1,1,,,zz_hd_integrated_s2_characters.txt
han_13337,1170.1.1,1169.1.1,1,,,zz_hd_integrated_s2_characters.txt
han_13340,1170.1.1,1168.1.1,2,,,zz_hd_integrated_s2_characters.txt
han_13342,1170.1.1,1169.1.1,1,,,zz_hd_integrated_s2_characters.txt
han_13344,1170.1.1,1169.1.1,1,,,zz_hd_integrated_s2_characters.txt
han_1336,728.1.1,726.1.1,2,,,zz_hd_integrated_s2_characters.txt
han_13367,1171.1.1,1169.1.1,2,,,zz_hd_integrated_s2_characters.txt
han_134,506.1.1,505.1.1,1,,,zz_hd_integrated_s2_characters.txt
han_13416,1173.1.1,1171.1.1,2,,,zz_hd_integrated_s2_characters.txt
han_13420,1173.1.1,1172.1.1,1,,,zz_hd_integrated_s2_characters.txt
han_13450,1175.1.1,1173.1.1,2,,,zz_hd_integrated_s2_characters.txt
han_13465,1176.1.1,1175.1.1,1,,,zz_hd_integrated_s2_characters.txt
han_13466,1176.1.1,1175.1.1,1,,,zz_hd_integrated_s2_characters.txt
han_1347,729.1.1,727.1.1,2,,,zz_hd_integrated_s2_characters.txt
han_13483,1177.1.1,1176.1.1,1,,,zz_hd_integrated_s2_characters.txt
han_13487,1177.1.1,1176.1.1,1,,,zz_hd_integrated_s2_characters.txt
han_13488,1177.1.1,1175.1.1,2,,,zz_hd_integrated_s2_characters.txt
han_135,506.1.1,504.1.1,2,,,zz_hd_integrated_s2_characters.txt
han_13502,1178.1.1,1177.1.1,1,,,zz_hd_integrated_s2_characters.txt
han_13510,1178.1.1,1176.1.1,2,,,zz_hd_integrated_s2_characters.txt
han_13529,1181.1.1,1179.1.1,2,,,zz_hd_integrated_s2_characters.txt
han_13532,1181.1.1,1180.1.1,1,,,zz_hd_integrated_s2_characters.txt
han_13546,1182.1.1,1180.1.1,2,,,zz_hd_integrated_s2_characters.txt
han_13552,1183.1.1,1182.1.1,1,,,zz_hd_integrated_s2_characters.txt
han_13567,1184.1.1,1183.1.1,1,,,zz_hd_integrated_s2_characters.txt
han_13571,1185.1.1,1183.1.1,2,,,zz_hd_integrated_s2_characters.txt
han_13581,1186.1.1,1184.1.1,2,,,zz_hd_integrated_s2_characters.txt
han_13613,1190.1.1,1189.1.1,1,,,zz_hd_integrated_s2_characters.txt
han_13633,1193.1.1,1191.1.1,2,,,zz_hd_integrated_s2_characters.txt
han_13638,1193.1.1,1191.1.1,2,,,zz_hd_integrated_s2_characters.txt
han_1364,730.1.1,728.1.1,2,,,zz_hd_integrated_s2_characters.txt
han_13651,1196.1.1,1194.1.1,2,,,zz_hd_integrated_s2_characters.txt
han_13654,1197.1.1,1195.1.1,2,,,zz_hd_integrated_s2_characters.txt
han_13656,1197.1.1,1194.1.1,3,,,zz_hd_integrated_s2_characters.txt
han_13675,1200.1.1,1198.1.1,2,,,zz_hd_integrated_s2_characters.txt
han_13682,1202.1.1,1201.1.1,1,,,zz_hd_integrated_s2_characters.txt
han_13696,1208.1.1,1207.1.1,1,,,zz_hd_integrated_s2_characters.txt
han_13712,1214.1.1,1212.1.1,2,,,zz_hd_integrated_s2_characters.txt
han_13717,1215.1.1,1213.1.1,2,,,zz_hd_integrated_s2_characters.txt
han_1375,730.1.1,728.1.1,2,,,zz_hd_integrated_s2_characters.txt
han_1376,730.1.1,726.1.1,4,,,zz_hd_integrated_s2_characters.txt
han_13767,1266.1.1,1264.1.1,2,,,zz_hd_integrated_s2_characters.txt
han_1402,732.1.1,729.1.1,3,,,zz_hd_integrated_s2_characters.txt
han_1427,735.1.1,731.1.1,4,,,zz_hd_integrated_s2_characters.txt
han_1428,735.1.1,734.1.1,1,,,zz_hd_integrated_s2_characters.txt
han_1435,735.1.1,733.1.1,2,,,zz_hd_integrated_s2_characters.txt
han_1438,736.1.1,735.1.1,1,,,zz_hd_integrated_s2_characters.txt
han_1439,736.1.1,734.1.1,2,,,zz_hd_integrated_s2_characters.txt
han_1445,736.1.1,734.1.1,2,,,zz_hd_integrated_s2_characters.txt
han_1454,737.1.1,735.1.1,2,,,zz_hd_integrated_s2_characters.txt
han_1457,737.1.1,736.1.1,1,,,zz_hd_integrated_s2_characters.txt
han_146,511.1.1,510.1.1,1,,,zz_hd_integrated_s2_characters.txt
han_1460,737.1.1,736.1.1,1,,,zz_hd_integrated_s2_characters.txt
han_1465,738.1.1,736.1.1,2,,,zz_hd_integrated_s2_characters.txt
han_1474,738.1.1,737.1.1,1,,,zz_hd_integrated_s2_characters.txt
han_1476,738.1.1,736.1.1,2,,,zz_hd_integrated_s2_characters.txt
han_1477,738.1.1,737.1.1,1,,,zz_hd_integrated_s2_characters.txt
han_1478,738.1.1,737.1.1,1,,,zz_hd_integrated_s2_characters.txt
han_149,512.1.1,510.1.1,2,,,zz_hd_integrated_s2_characters.txt
han_1501,741.1.1,739.1.1,2,,,zz_hd_integrated_s2_characters.txt
han_1507,741.1.1,740.1.1,1,,,zz_hd_integrated_s2_characters.txt
han_1509,741.1.1,739.1.1,2,,,zz_hd_integrated_s2_characters.txt
han_1510,741.1.1,740.1.1,1,,,zz_hd_integrated_s2_characters.txt
han_1523,742.1.1,740.1.1,2,,,zz_hd_integrated_s2_characters.txt
han_1525,742.1.1,740.1.1,2,,,zz_hd_integrated_s2_characters.txt
han_1528,742.5.27,739.5.27,3,,,zz_hd_integrated_s2_characters.txt
han_1532,743.1.1,742.1.1,1,,,zz_hd_integrated_s2_characters.txt
han_1535,743.1.1,741.1.1,2,,,zz_hd_integrated_s2_characters.txt
han_1538,743.1.1,742.1.1,1,,,zz_hd_integrated_s2_characters.txt
han_1541,743.1.1,742.1.1,1,,,zz_hd_integrated_s2_characters.txt
han_1549,744.1.1,743.1.1,1,,,zz_hd_integrated_s2_characters.txt
han_1558,744.1.1,743.1.1,1,,,zz_hd_integrated_s2_characters.txt
han_1564,745.1.1,744.1.1,1,,,zz_hd_integrated_s2_characters.txt
han_1579,746.1.1,742.1.1,4,,,zz_hd_integrated_s2_characters.txt
han_1588,746.1.1,745.1.1,1,,,zz_hd_integrated_s2_characters.txt
han_1594,746.1.1,743.1.1,3,,,zz_hd_integrated_s2_characters.txt
han_1606,748.1.1,746.1.1,2,,,zz_hd_integrated_s2_characters.txt
han_1607,748.1.1,746.1.1,2,,,zz_hd_integrated_s2_characters.txt
han_1609,748.1.1,747.1.1,1,,,zz_hd_integrated_s2_characters.txt
han_1619,749.1.1,748.1.1,1,,,zz_hd_integrated_s2_characters.txt
han_1624,749.1.1,748.1.1,1,,,zz_hd_integrated_s2_characters.txt
han_1625,749.1.1,747.1.1,2,,,zz_hd_integrated_s2_characters.txt
han_1627,749.1.1,747.1.1,2,,,zz_hd_integrated_s2_characters.txt
han_1630,749.1.1,744.1.1,5,,,zz_hd_integrated_s2_characters.txt
han_1634,750.1.1,748.1.1,2,,,zz_hd_integrated_s2_characters.txt
han_1637,750.1.1,749.1.1,1,,,zz_hd_integrated_s2_characters.txt
han_1641,751.1.1,749.1.1,2,,,zz_hd_integrated_s2_characters.txt
han_1643,751.1.1,749.1.1,2,,,zz_hd_integrated_s2_characters.txt
han_1649,751.1.1,750.1.1,1,,,zz_hd_integrated_s2_characters.txt
han_1656,751.1.1,749.1.1,2,,,zz_hd_integrated_s2_characters.txt
han_1668,752.1.1,750.1.1,2,,,zz_hd_integrated_s2_characters.txt
han_167,521.1.1,519.1.1,2,,,zz_hd_integrated_s2_characters.txt
han_1680,753.1.1,751.1.1,2,,,zz_hd_integrated_s2_characters.txt
han_1690,753.1.1,750.1.1,3,,,zz_hd_integrated_s2_characters.txt
han_1691,753.1.1,752.1.1,1,,,zz_hd_integrated_s2_characters.txt
han_1706,754.1.1,753.1.1,1,,,zz_hd_integrated_s2_characters.txt
han_172,523.1.1,518.1.1,5,,,zz_hd_integrated_s2_characters.txt
han_1746,756.1.1,754.1.1,2,,,zz_hd_integrated_s2_characters.txt
han_1747,756.1.1,754.1.1,2,,,zz_hd_integrated_s2_characters.txt
han_1755,757.1.1,755.1.1,2,,,zz_hd_integrated_s2_characters.txt
han_1761,757.1.1,755.1.1,2,,,zz_hd_integrated_s2_characters.txt
han_1773,758.1.1,754.1.1,4,,,zz_hd_integrated_s2_characters.txt
han_1778,758.1.1,757.1.1,1,,,zz_hd_integrated_s2_characters.txt
han_178,528.1.1,527.1.1,1,,,zz_hd_integrated_s2_characters.txt
han_1780,758.1.1,757.1.1,1,,,zz_hd_integrated_s2_characters.txt
han_1790,759.1.1,757.1.1,2,,,zz_hd_integrated_s2_characters.txt
han_1809,760.1.1,758.1.1,2,,,zz_hd_integrated_s2_characters.txt
han_181,530.1.1,528.1.1,2,,,zz_hd_integrated_s2_characters.txt
han_1822,761.1.1,757.1.1,4,,,zz_hd_integrated_s2_characters.txt
han_1828,761.1.1,759.1.1,2,,,zz_hd_integrated_s2_characters.txt
han_1830,761.1.1,760.1.1,1,,,zz_hd_integrated_s2_characters.txt
han_1832,761.1.1,759.1.1,2,,,zz_hd_integrated_s2_characters.txt
han_1840,762.1.1,760.1.1,2,,,zz_hd_integrated_s2_characters.txt
han_1846,762.1.1,760.1.1,2,,,zz_hd_integrated_s2_characters.txt
han_1851,762.1.1,761.1.1,1,,,zz_hd_integrated_s2_characters.txt
han_1871,763.1.1,761.1.1,2,,,zz_hd_integrated_s2_characters.txt
han_1872,763.1.1,761.1.1,2,,,zz_hd_integrated_s2_characters.txt
han_188,533.1.1,531.1.1,2,,,zz_hd_integrated_s2_characters.txt
han_1881,764.1.1,763.1.1,1,,,zz_hd_integrated_s2_characters.txt
han_189,534.1.1,532.1.1,2,,,zz_hd_integrated_s2_characters.txt
han_1891,764.1.1,761.1.1,3,,,zz_hd_integrated_s2_characters.txt
han_1896,764.1.1,762.1.1,2,,,zz_hd_integrated_s2_characters.txt
han_1908,765.1.1,762.1.1,3,,,zz_hd_integrated_s2_characters.txt
han_1942,767.1.1,766.1.1,1,,,zz_hd_integrated_s2_characters.txt
han_1951,768.1.1,767.1.1,1,,,zz_hd_integrated_s2_characters.txt
han_1956,768.1.1,767.1.1,1,,,zz_hd_integrated_s2_characters.txt
han_1961,768.1.1,764.1.1,4,,,zz_hd_integrated_s2_characters.txt
han_1965,768.1.1,767.1.1,1,,,zz_hd_integrated_s2_characters.txt
han_1967,769.1.1,768.1.1,1,,,zz_hd_integrated_s2_characters.txt
han_1982,769.1.1,767.1.1,2,,,zz_hd_integrated_s2_characters.txt
han_1985,769.1.1,768.1.1,1,,,zz_hd_integrated_s2_characters.txt
han_2003,771.1.1,770.1.1,1,,,zz_hd_integrated_s2_characters.txt
han_2012,771.1.1,769.1.1,2,,,zz_hd_integrated_s2_characters.txt
han_2014,771.1.1,770.1.1,1,,,zz_hd_integrated_s2_characters.txt
han_2016,771.1.1,770.1.1,1,,,zz_hd_integrated_s2_characters.txt
han_2017,771.1.1,769.1.1,2,,,zz_hd_integrated_s2_characters.txt
han_2028,772.1.1,770.1.1,2,,,zz_hd_integrated_s2_characters.txt
han_2031,772.1.1,769.1.1,3,,,zz_hd_integrated_s2_characters.txt
han_2033,772.1.1,770.1.1,2,,,zz_hd_integrated_s2_characters.txt
han_2035,772.1.1,771.1.1,1,,,zz_hd_integrated_s2_characters.txt
han_204,541.1.1,536.1.1,5,,,zz_hd_integrated_s2_characters.txt
han_2041,772.1.1,770.1.1,2,,,zz_hd_integrated_s2_characters.txt
han_2054,773.1.1,771.1.1,2,,,zz_hd_integrated_s2_characters.txt
han_2060,774.1.1,772.1.1,2,,,zz_hd_integrated_s2_characters.txt
han_2061,774.1.1,768.1.1,6,,,zz_hd_integrated_s2_characters.txt
han_2076,774.1.1,773.1.1,1,,,zz_hd_integrated_s2_characters.txt
han_2078,775.1.1,773.1.1,2,,,zz_hd_integrated_s2_characters.txt
han_2101,776.1.1,774.1.1,2,,,zz_hd_integrated_s2_characters.txt
han_2110,776.1.1,774.1.1,2,,,zz_hd_integrated_s2_characters.txt
han_2114,776.1.1,774.1.1,2,,,zz_hd_integrated_s2_characters.txt
han_2117,776.1.1,775.1.1,1,,,zz_hd_integrated_s2_characters.txt
han_212,543.1.1,541.1.1,2,,,zz_hd_integrated_s2_characters.txt
han_2121,777.1.1,776.1.1,1,,,zz_hd_integrated_s2_characters.txt
han_2127,777.1.1,775.1.1,2,,,zz_hd_integrated_s2_characters.txt
han_2142,777.1.1,776.1.1,1,,,zz_hd_integrated_s2_characters.txt
han_2147,778.1.1,776.1.1,2,,,zz_hd_integrated_s2_characters.txt
han_2148,778.1.1,776.1.1,2,,,zz_hd_integrated_s2_characters.txt
han_2155,778.1.1,776.1.1,2,,,zz_hd_integrated_s2_characters.txt
han_2157,778.1.1,777.1.1,1,,,zz_hd_integrated_s2_characters.txt
han_218,547.1.1,546.1.1,1,,,zz_hd_integrated_s2_characters.txt
han_2196,779.1.1,777.1.1,2,,,zz_hd_integrated_s2_characters.txt
han_2205,780.1.1,776.1.1,4,,,zz_hd_integrated_s2_characters.txt
han_2218,780.1.1,778.1.1,2,,,zz_hd_integrated_s2_characters.txt
han_2224,781.1.1,779.1.1,2,,,zz_hd_integrated_s2_characters.txt
han_2236,781.1.1,780.1.1,1,,,zz_hd_integrated_s2_characters.txt
han_2239,781.1.1,780.1.1,1,,,zz_hd_integrated_s2_characters.txt
han_2243,782.1.1,780.1.1,2,,,zz_hd_integrated_s2_characters.txt
han_2247,782.1.1,780.1.1,2,,,zz_hd_integrated_s2_characters.txt
han_225,549.1.1,548.1.1,1,,,zz_hd_integrated_s2_characters.txt
han_2254,782.1.1,779.1.1,3,,,zz_hd_integrated_s2_characters.txt
han_2256,782.1.1,780.1.1,2,,,zz_hd_integrated_s2_characters.txt
han_2286,784.1.1,783.1.1,1,,,zz_hd_integrated_s2_characters.txt
han_2287,784.1.1,783.1.1,1,,,zz_hd_integrated_s2_characters.txt
han_2288,784.1.1,782.1.1,2,,,zz_hd_integrated_s2_characters.txt
han_2289,784.1.1,783.1.1,1,,,zz_hd_integrated_s2_characters.txt
han_229,550.1.1,549.1.1,1,,,zz_hd_integrated_s2_characters.txt
han_2298,784.1.1,782.1.1,2,,,zz_hd_integrated_s2_characters.txt
han_2306,784.1.1,782.1.1,2,,,zz_hd_integrated_s2_characters.txt
han_2311,784.1.1,781.1.1,3,,,zz_hd_integrated_s2_characters.txt
han_2317,785.1.1,784.1.1,1,,,zz_hd_integrated_s2_characters.txt
han_232,551.1.1,550.1.1,1,,,zz_hd_integrated_s2_characters.txt
han_2322,785.1.1,784.1.1,1,,,zz_hd_integrated_s2_characters.txt
han_2327,785.1.1,784.1.1,1,,,zz_hd_integrated_s2_characters.txt
han_2332,786.1.1,784.1.1,2,,,zz_hd_integrated_s2_characters.txt
han_2333,786.1.1,785.1.1,1,,,zz_hd_integrated_s2_characters.txt
han_2343,786.1.1,782.1.1,4,,,zz_hd_integrated_s2_characters.txt
han_2349,786.1.1,785.1.1,1,,,zz_hd_integrated_s2_characters.txt
han_2371,787.1.1,786.1.1,1,,,zz_hd_integrated_s2_characters.txt
han_2378,788.1.1,786.1.1,2,,,zz_hd_integrated_s2_characters.txt
han_2385,788.1.1,787.1.1,1,,,zz_hd_integrated_s2_characters.txt
han_239,552.1.1,550.1.1,2,,,zz_hd_integrated_s2_characters.txt
han_2396,788.1.1,787.1.1,1,,,zz_hd_integrated_s2_characters.txt
han_24,345.1.1,343.1.1,2,,,zz_hd_integrated_s2_characters.txt
han_240,552.1.1,550.1.1,2,,,zz_hd_integrated_s2_characters.txt
han_2400,788.1.1,786.1.1,2,,,zz_hd_integrated_s2_characters.txt
han_2406,788.1.1,784.1.1,4,,,zz_hd_integrated_s2_characters.txt
han_2412,788.1.1,786.1.1,2,,,zz_hd_integrated_s2_characters.txt
han_2415,789.1.1,787.1.1,2,,,zz_hd_integrated_s2_characters.txt
han_2428,789.1.1,788.1.1,1,,,zz_hd_integrated_s2_characters.txt
han_2429,789.1.1,788.1.1,1,,,zz_hd_integrated_s2_characters.txt
han_2433,789.1.1,788.1.1,1,,,zz_hd_integrated_s2_characters.txt
han_2440,790.1.1,788.1.1,2,,,zz_hd_integrated_s2_characters.txt
han_2441,790.1.1,788.1.1,2,,,zz_hd_integrated_s2_characters.txt
han_2442,790.1.1,789.1.1,1,,,zz_hd_integrated_s2_characters.txt
han_2445,790.1.1,786.1.1,4,,,zz_hd_integrated_s2_characters.txt
han_2453,790.1.1,787.1.1,3,,,zz_hd_integrated_s2_characters.txt
han_2458,790.1.1,789.1.1,1,,,zz_hd_integrated_s2_characters.txt
han_2461,790.1.1,789.1.1,1,,,zz_hd_integrated_s2_characters.txt
han_2466,791.1.1,787.1.1,4,,,zz_hd_integrated_s2_characters.txt
han_2482,791.1.1,789.1.1,2,,,zz_hd_integrated_s2_characters.txt
han_2483,791.1.1,790.1.1,1,,,zz_hd_integrated_s2_characters.txt
han_2487,791.1.1,789.1.1,2,,,zz_hd_integrated_s2_characters.txt
han_249,556.1.1,554.1.1,2,,,zz_hd_integrated_s2_characters.txt
han_250,557.1.1,554.1.1,3,,,zz_hd_integrated_s2_characters.txt
han_2516,792.1.1,790.1.1,2,,,zz_hd_integrated_s2_characters.txt
han_2519,792.1.1,791.1.1,1,,,zz_hd_integrated_s2_characters.txt
han_2522,792.1.1,791.1.1,1,,,zz_hd_integrated_s2_characters.txt
han_2527,793.1.1,790.1.1,3,,,zz_hd_integrated_s2_characters.txt
han_2528,793.1.1,791.1.1,2,,,zz_hd_integrated_s2_characters.txt
han_2536,793.1.1,791.1.1,2,,,zz_hd_integrated_s2_characters.txt
han_2541,793.1.1,791.1.1,2,,,zz_hd_integrated_s2_characters.txt
han_2542,793.1.1,791.1.1,2,,,zz_hd_integrated_s2_characters.txt
han_2551,793.1.1,792.1.1,1,,,zz_hd_integrated_s2_characters.txt
han_2553,794.1.1,793.1.1,1,,,zz_hd_integrated_s2_characters.txt
han_2554,794.1.1,793.1.1,1,,,zz_hd_integrated_s2_characters.txt
han_2569,794.1.1,793.1.1,1,,,zz_hd_integrated_s2_characters.txt
han_2571,794.1.1,793.1.1,1,,,zz_hd_integrated_s2_characters.txt
han_259,561.1.1,560.1.1,1,,,zz_hd_integrated_s2_characters.txt
han_2599,795.1.1,794.1.1,1,,,zz_hd_integrated_s2_characters.txt
han_2603,795.1.1,792.1.1,3,,,zz_hd_integrated_s2_characters.txt
han_2622,796.1.1,794.1.1,2,,,zz_hd_integrated_s2_characters.txt
han_2628,796.1.1,795.1.1,1,,,zz_hd_integrated_s2_characters.txt
han_2631,796.1.1,794.1.1,2,,,zz_hd_integrated_s2_characters.txt
han_2644,797.1.1,795.1.1,2,,,zz_hd_integrated_s2_characters.txt
han_2650,798.1.1,794.1.1,4,,,zz_hd_integrated_s2_characters.txt
han_2651,798.1.1,797.1.1,1,,,zz_hd_integrated_s2_characters.txt
han_2653,798.1.1,796.1.1,2,,,zz_hd_integrated_s2_characters.txt
han_2654,798.1.1,796.1.1,2,,,zz_hd_integrated_s2_characters.txt
han_266,565.1.1,563.1.1,2,,,zz_hd_integrated_s2_characters.txt
han_2665,798.1.1,796.1.1,2,,,zz_hd_integrated_s2_characters.txt
han_2667,798.1.1,796.1.1,2,,,zz_hd_integrated_s2_characters.txt
han_267,565.1.1,563.1.1,2,,,zz_hd_integrated_s2_characters.txt
han_2676,798.1.1,796.1.1,2,,,zz_hd_integrated_s2_characters.txt
han_2677,798.1.1,797.1.1,1,,,zz_hd_integrated_s2_characters.txt
han_268,566.1.1,563.1.1,3,,,zz_hd_integrated_s2_characters.txt
han_2682,798.1.1,794.1.1,4,,,zz_hd_integrated_s2_characters.txt
han_2689,799.1.1,797.1.1,2,,,zz_hd_integrated_s2_characters.txt
han_2709,800.1.1,798.1.1,2,,,zz_hd_integrated_s2_characters.txt
han_2711,800.1.1,798.1.1,2,,,zz_hd_integrated_s2_characters.txt
han_2714,800.1.1,799.1.1,1,,,zz_hd_integrated_s2_characters.txt
han_2725,801.1.1,799.1.1,2,,,zz_hd_integrated_s2_characters.txt
han_2730,801.1.1,799.1.1,2,,,zz_hd_integrated_s2_characters.txt
han_2751,802.1.1,800.1.1,2,,,zz_hd_integrated_s2_characters.txt
han_2759,802.1.1,800.1.1,2,,,zz_hd_integrated_s2_characters.txt
han_2773,803.1.1,801.1.1,2,,,zz_hd_integrated_s2_characters.txt
han_2775,803.1.1,802.1.1,1,,,zz_hd_integrated_s2_characters.txt
han_2776,803.1.1,801.1.1,2,,,zz_hd_integrated_s2_characters.txt
han_2787,803.1.1,802.1.1,1,,,zz_hd_integrated_s2_characters.txt
han_2792,803.1.1,801.1.1,2,,,zz_hd_integrated_s2_characters.txt
han_2800,803.1.1,799.1.1,4,,,zz_hd_integrated_s2_characters.txt
han_2806,804.1.1,803.1.1,1,,,zz_hd_integrated_s2_characters.txt
han_2807,804.1.1,802.1.1,2,,,zz_hd_integrated_s2_characters.txt
han_2808,804.1.1,802.1.1,2,,,zz_hd_integrated_s2_characters.txt
han_2809,804.1.1,802.1.1,2,,,zz_hd_integrated_s2_characters.txt
han_2812,804.1.1,802.1.1,2,,,zz_hd_integrated_s2_characters.txt
han_2827,804.1.1,802.1.1,2,,,zz_hd_integrated_s2_characters.txt
han_283,571.1.1,569.1.1,2,,,zz_hd_integrated_s2_characters.txt
han_2833,805.1.1,803.1.1,2,,,zz_hd_integrated_s2_characters.txt
han_2858,806.1.1,804.1.1,2,,,zz_hd_integrated_s2_characters.txt
han_2860,806.1.1,804.1.1,2,,,zz_hd_integrated_s2_characters.txt
han_2861,806.1.1,805.1.1,1,,,zz_hd_integrated_s2_characters.txt
han_2864,806.1.1,805.1.1,1,,,zz_hd_integrated_s2_characters.txt
han_2865,806.1.1,804.1.1,2,,,zz_hd_integrated_s2_characters.txt
han_2869,806.1.1,804.1.1,2,,,zz_hd_integrated_s2_characters.txt
han_2879,806.1.1,805.1.1,1,,,zz_hd_integrated_s2_characters.txt
han_2887,806.1.1,804.1.1,2,,,zz_hd_integrated_s2_characters.txt
han_289,572.1.1,570.1.1,2,,,zz_hd_integrated_s2_characters.txt
han_2895,807.1.1,806.1.1,1,,,zz_hd_integrated_s2_characters.txt
han_2896,807.1.1,805.1.1,2,,,zz_hd_integrated_s2_characters.txt
han_2897,807.1.1,806.1.1,1,,,zz_hd_integrated_s2_characters.txt
han_29,358.1.1,356.1.1,2,,,zz_hd_integrated_s2_characters.txt
han_291,573.1.1,571.1.1,2,,,zz_hd_integrated_s2_characters.txt
han_292,573.1.1,572.1.1,1,,,zz_hd_integrated_s2_characters.txt
han_2926,807.1.1,805.1.1,2,,,zz_hd_integrated_s2_characters.txt
han_293,573.1.1,572.1.1,1,,,zz_hd_integrated_s2_characters.txt
han_2932,808.1.1,807.1.1,1,,,zz_hd_integrated_s2_characters.txt
han_2943,808.1.1,807.1.1,1,,,zz_hd_integrated_s2_characters.txt
han_2945,808.1.1,805.1.1,3,,,zz_hd_integrated_s2_characters.txt
han_2946,808.1.1,806.1.1,2,,,zz_hd_integrated_s2_characters.txt
han_295,574.1.1,572.1.1,2,,,zz_hd_integrated_s2_characters.txt
han_2956,808.1.1,806.1.1,2,,,zz_hd_integrated_s2_characters.txt
han_2959,808.1.1,807.1.1,1,,,zz_hd_integrated_s2_characters.txt
han_2960,808.1.1,806.1.1,2,,,zz_hd_integrated_s2_characters.txt
han_2977,809.1.1,808.1.1,1,,,zz_hd_integrated_s2_characters.txt
han_2991,809.1.1,808.1.1,1,,,zz_hd_integrated_s2_characters.txt
han_2995,810.1.1,808.1.1,2,,,zz_hd_integrated_s2_characters.txt
han_2996,810.1.1,808.1.1,2,,,zz_hd_integrated_s2_characters.txt
han_300,576.1.1,573.1.1,3,,,zz_hd_integrated_s2_characters.txt
han_3001,810.1.1,809.1.1,1,,,zz_hd_integrated_s2_characters.txt
han_3002,810.1.1,809.1.1,1,,,zz_hd_integrated_s2_characters.txt
han_3003,810.1.1,808.1.1,2,,,zz_hd_integrated_s2_characters.txt
han_3019,810.1.1,808.1.1,2,,,zz_hd_integrated_s2_characters.txt
han_3020,810.1.1,807.1.1,3,,,zz_hd_integrated_s2_characters.txt
han_3030,810.1.1,808.1.1,2,,,zz_hd_integrated_s2_characters.txt
han_3034,811.1.1,809.1.1,2,,,zz_hd_integrated_s2_characters.txt
han_304,577.1.1,575.1.1,2,,,zz_hd_integrated_s2_characters.txt
han_3052,811.1.1,810.1.1,1,,,zz_hd_integrated_s2_characters.txt
han_3060,812.1.1,811.1.1,1,,,zz_hd_integrated_s2_characters.txt
han_3078,812.1.1,811.1.1,1,,,zz_hd_integrated_s2_characters.txt
han_3080,812.1.1,810.1.1,2,,,zz_hd_integrated_s2_characters.txt
han_3081,812.1.1,809.1.1,3,,,zz_hd_integrated_s2_characters.txt
han_3087,812.1.1,811.1.1,1,,,zz_hd_integrated_s2_characters.txt
han_3098,813.1.1,811.1.1,2,,,zz_hd_integrated_s2_characters.txt
han_3121,814.1.1,812.1.1,2,,,zz_hd_integrated_s2_characters.txt
han_3122,814.1.1,813.1.1,1,,,zz_hd_integrated_s2_characters.txt
han_3125,814.1.1,813.1.1,1,,,zz_hd_integrated_s2_characters.txt
han_3126,814.1.1,812.1.1,2,,,zz_hd_integrated_s2_characters.txt
han_3128,814.1.1,812.1.1,2,,,zz_hd_integrated_s2_characters.txt
han_3132,814.1.1,812.1.1,2,,,zz_hd_integrated_s2_characters.txt
han_3139,814.1.1,812.1.1,2,,,zz_hd_integrated_s2_characters.txt
han_3140,814.1.1,812.1.1,2,,,zz_hd_integrated_s2_characters.txt
han_3144,815.1.1,814.1.1,1,,,zz_hd_integrated_s2_characters.txt
han_3151,815.1.1,814.1.1,1,,,zz_hd_integrated_s2_characters.txt
han_3153,815.1.1,814.1.1,1,,,zz_hd_integrated_s2_characters.txt
han_316,581.1.1,579.1.1,2,,,zz_hd_integrated_s2_characters.txt
han_3160,815.1.1,813.1.1,2,,,zz_hd_integrated_s2_characters.txt
han_3172,816.1.1,815.1.1,1,,,zz_hd_integrated_s2_characters.txt
han_3173,816.1.1,814.1.1,2,,,zz_hd_integrated_s2_characters.txt
han_3174,816.1.1,815.1.1,1,,,zz_hd_integrated_s2_characters.txt
han_318,581.1.1,579.1.1,2,,,zz_hd_integrated_s2_characters.txt
han_3184,816.1.1,814.1.1,2,,,zz_hd_integrated_s2_characters.txt
han_3191,816.1.1,814.1.1,2,,,zz_hd_integrated_s2_characters.txt
han_3203,817.1.1,815.1.1,2,,,zz_hd_integrated_s2_characters.txt
han_3206,817.1.1,815.1.1,2,,,zz_hd_integrated_s2_characters.txt
han_3208,817.1.1,815.1.1,2,,,zz_hd_integrated_s2_characters.txt
han_3217,818.1.1,816.1.1,2,,,zz_hd_integrated_s2_characters.txt
han_3219,818.1.1,817.1.1,1,,,zz_hd_integrated_s2_characters.txt
han_3220,818.1.1,817.1.1,1,,,zz_hd_integrated_s2_characters.txt
han_3225,818.1.1,816.1.1,2,,,zz_hd_integrated_s2_characters.txt
han_3226,818.1.1,817.1.1,1,,,zz_hd_integrated_s2_characters.txt
han_323,581.1.1,579.1.1,2,,,zz_hd_integrated_s2_characters.txt
han_3241,819.1.1,816.1.1,3,,,zz_hd_integrated_s2_characters.txt
han_3243,819.1.1,817.1.1,2,,,zz_hd_integrated_s2_characters.txt
han_3244,819.1.1,817.1.1,2,,,zz_hd_integrated_s2_characters.txt
han_3253,819.1.1,817.1.1,2,,,zz_hd_integrated_s2_characters.txt
han_3255,819.1.1,817.1.1,2,,,zz_hd_integrated_s2_characters.txt
han_326,583.1.1,581.1.1,2,,,zz_hd_integrated_s2_characters.txt
han_3270,820.1.1,818.1.1,2,,,zz_hd_integrated_s2_characters.txt
han_3281,820.1.1,819.1.1,1,,,zz_hd_integrated_s2_characters.txt
han_3287,820.1.1,818.1.1,2,,,zz_hd_integrated_s2_characters.txt
han_329,584.1.1,581.1.1,3,,,zz_hd_integrated_s2_characters.txt
han_3295,821.1.1,819.1.1,2,,,zz_hd_integrated_s2_characters.txt
han_3309,821.1.1,819.1.1,2,,,zz_hd_integrated_s2_characters.txt
han_3313,822.1.1,820.1.1,2,,,zz_hd_integrated_s2_characters.txt
han_332,585.1.1,584.1.1,1,,,zz_hd_integrated_s2_characters.txt
han_3344,823.1.1,822.1.1,1,,,zz_hd_integrated_s2_characters.txt
han_3347,823.1.1,822.1.1,1,,,zz_hd_integrated_s2_characters.txt
han_3389,824.1.1,821.1.1,3,,,zz_hd_integrated_s2_characters.txt
han_3393,825.1.1,824.1.1,1,,,zz_hd_integrated_s2_characters.txt
han_3397,825.1.1,823.1.1,2,,,zz_hd_integrated_s2_characters.txt
han_3398,825.1.1,823.1.1,2,,,zz_hd_integrated_s2_characters.txt
han_3399,825.1.1,824.1.1,1,,,zz_hd_integrated_s2_characters.txt
han_340,589.1.1,586.1.1,3,,,zz_hd_integrated_s2_characters.txt
han_3410,825.1.1,824.1.1,1,,,zz_hd_integrated_s2_characters.txt
han_3419,826.1.1,824.1.1,2,,,zz_hd_integrated_s2_characters.txt
han_3422,826.1.1,824.1.1,2,,,zz_hd_integrated_s2_characters.txt
han_3426,826.1.1,825.1.1,1,,,zz_hd_integrated_s2_characters.txt
han_3437,826.1.1,823.1.1,3,,,zz_hd_integrated_s2_characters.txt
han_3448,826.1.1,824.1.1,2,,,zz_hd_integrated_s2_characters.txt
han_3450,826.1.1,824.1.1,2,,,zz_hd_integrated_s2_characters.txt
han_3460,827.1.1,825.1.1,2,,,zz_hd_integrated_s2_characters.txt
han_347,590.1.1,588.1.1,2,,,zz_hd_integrated_s2_characters.txt
han_3470,827.1.1,825.1.1,2,,,zz_hd_integrated_s2_characters.txt
han_3479,828.1.1,826.1.1,2,,,zz_hd_integrated_s2_characters.txt
han_348,590.1.1,588.1.1,2,,,zz_hd_integrated_s2_characters.txt
han_3501,829.1.1,827.1.1,2,,,zz_hd_integrated_s2_characters.txt
han_3503,829.1.1,827.1.1,2,,,zz_hd_integrated_s2_characters.txt
han_3507,829.1.1,828.1.1,1,,,zz_hd_integrated_s2_characters.txt
han_3519,829.1.1,827.1.1,2,,,zz_hd_integrated_s2_characters.txt
han_352,591.1.1,589.1.1,2,,,zz_hd_integrated_s2_characters.txt
han_3523,829.1.1,828.1.1,1,,,zz_hd_integrated_s2_characters.txt
han_3531,830.1.1,828.1.1,2,,,zz_hd_integrated_s2_characters.txt
han_3532,830.1.1,829.1.1,1,,,zz_hd_integrated_s2_characters.txt
han_3539,830.1.1,829.1.1,1,,,zz_hd_integrated_s2_characters.txt
han_3583,832.1.1,830.1.1,2,,,zz_hd_integrated_s2_characters.txt
han_3584,832.1.1,830.1.1,2,,,zz_hd_integrated_s2_characters.txt
han_3596,832.1.1,829.1.1,3,,,zz_hd_integrated_s2_characters.txt
han_36,386.1.1,384.1.1,2,,,zz_hd_integrated_s2_characters.txt
han_360,593.1.1,591.1.1,2,,,zz_hd_integrated_s2_characters.txt
han_3614,833.1.1,831.1.1,2,,,zz_hd_integrated_s2_characters.txt
han_3616,833.1.1,831.1.1,2,,,zz_hd_integrated_s2_characters.txt
han_3618,833.1.1,831.1.1,2,,,zz_hd_integrated_s2_characters.txt
han_362,593.1.1,591.1.1,2,,,zz_hd_integrated_s2_characters.txt
han_3639,834.1.1,833.1.1,1,,,zz_hd_integrated_s2_characters.txt
han_364,594.1.1,591.1.1,3,,,zz_hd_integrated_s2_characters.txt
han_3662,835.1.1,834.1.1,1,,,zz_hd_integrated_s2_characters.txt
han_3673,835.1.1,833.1.1,2,,,zz_hd_integrated_s2_characters.txt
han_3676,835.1.1,834.1.1,1,,,zz_hd_integrated_s2_characters.txt
han_3707,837.1.1,836.1.1,1,,,zz_hd_integrated_s2_characters.txt
han_371,596.1.1,595.1.1,1,,,zz_hd_integrated_s2_characters.txt
han_3717,837.1.1,836.1.1,1,,,zz_hd_integrated_s2_characters.txt
han_3721,838.1.1,836.1.1,2,,,zz_hd_integrated_s2_characters.txt
han_3766,840.1.1,839.1.1,1,,,zz_hd_integrated_s2_characters.txt
han_3769,840.1.1,838.1.1,2,,,zz_hd_integrated_s2_characters.txt
han_377,598.1.1,596.1.1,2,,,zz_hd_integrated_s2_characters.txt
han_378,598.1.1,597.1.1,1,,,zz_hd_integrated_s2_characters.txt
han_3781,841.1.1,840.1.1,1,,,zz_hd_integrated_s2_characters.txt
han_379,598.1.1,597.1.1,1,,,zz_hd_integrated_s2_characters.txt
han_3800,843.1.1,841.1.1,2,,,zz_hd_integrated_s2_characters.txt
han_383,599.1.1,597.1.1,2,,,zz_hd_integrated_s2_characters.txt
han_384,599.1.1,597.1.1,2,,,zz_hd_integrated_s2_characters.txt
han_3849,846.1.1,844.1.1,2,,,zz_hd_integrated_s2_characters.txt
han_3851,846.1.1,842.1.1,4,,,zz_hd_integrated_s2_characters.txt
han_387,599.1.1,597.1.1,2,,,zz_hd_integrated_s2_characters.txt
han_3899,849.1.1,848.1.1,1,,,zz_hd_integrated_s2_characters.txt
han_391,600.1.1,599.1.1,1,,,zz_hd_integrated_s2_characters.txt
han_3912,849.1.1,847.1.1,2,,,zz_hd_integrated_s2_characters.txt
han_393,600.1.1,598.1.1,2,,,zz_hd_integrated_s2_characters.txt
han_3946,852.1.1,850.1.1,2,,,zz_hd_integrated_s2_characters.txt
han_3954,852.1.1,851.1.1,1,,,zz_hd_integrated_s2_characters.txt
han_3980,855.1.1,854.1.1,1,,,zz_hd_integrated_s2_characters.txt
han_4006,857.1.1,855.1.1,2,,,zz_hd_integrated_s2_characters.txt
han_401,603.1.1,602.1.1,1,,,zz_hd_integrated_s2_characters.txt
han_402,603.1.1,602.1.1,1,,,zz_hd_integrated_s2_characters.txt
han_4053,862.1.1,860.1.1,2,,,zz_hd_integrated_s2_characters.txt
han_4060,863.1.1,861.1.1,2,,,zz_hd_integrated_s2_characters.txt
han_4097,867.1.1,865.1.1,2,,,zz_hd_integrated_s2_characters.txt
han_410,605.1.1,602.1.1,3,,,zz_hd_integrated_s2_characters.txt
han_4105,869.1.1,867.1.1,2,,,zz_hd_integrated_s2_characters.txt
han_411,605.1.1,602.1.1,3,,,zz_hd_integrated_s2_characters.txt
han_412,605.1.1,604.1.1,1,,,zz_hd_integrated_s2_characters.txt
han_4131,873.1.1,872.1.1,1,,,zz_hd_integrated_s2_characters.txt
han_4138,874.1.1,872.1.1,2,,,zz_hd_integrated_s2_characters.txt
han_414,605.1.1,604.1.1,1,,,zz_hd_integrated_s2_characters.txt
han_4141,875.1.1,873.1.1,2,,,zz_hd_integrated_s2_characters.txt
han_4145,876.1.1,874.1.1,2,,,zz_hd_integrated_s2_characters.txt
han_4153,877.1.1,876.1.1,1,,,zz_hd_integrated_s2_characters.txt
han_4162,879.1.1,878.1.1,1,,,zz_hd_integrated_s2_characters.txt
han_4178,881.1.1,879.1.1,2,,,zz_hd_integrated_s2_characters.txt
han_4179,881.1.1,880.1.1,1,,,zz_hd_integrated_s2_characters.txt
han_4208,885.1.1,884.1.1,1,,,zz_hd_integrated_s2_characters.txt
han_4213,886.1.1,884.1.1,2,,,zz_hd_integrated_s2_characters.txt
han_422,608.1.1,607.1.1,1,,,zz_hd_integrated_s2_characters.txt
han_4224,887.1.1,885.1.1,2,,,zz_hd_integrated_s2_characters.txt
han_423,608.1.1,606.1.1,2,,,zz_hd_integrated_s2_characters.txt
han_4235,889.1.1,887.1.1,2,,,zz_hd_integrated_s2_characters.txt
han_4243,889.1.1,888.1.1,1,,,zz_hd_integrated_s2_characters.txt
han_427,608.1.1,607.1.1,1,,,zz_hd_integrated_s2_characters.txt
han_4270,893.1.1,891.1.1,2,,,zz_hd_integrated_s2_characters.txt
han_4291,896.1.1,892.1.1,4,,,zz_hd_integrated_s2_characters.txt
han_434,610.1.1,607.1.1,3,,,zz_hd_integrated_s2_characters.txt
han_4359,905.1.1,904.1.1,1,,,zz_hd_integrated_s2_characters.txt
han_4368,906.1.1,905.1.1,1,,,zz_hd_integrated_s2_characters.txt
han_4378,907.1.1,905.1.1,2,,,zz_hd_integrated_s2_characters.txt
han_4385,908.1.1,907.1.1,1,,,zz_hd_integrated_s2_characters.txt
han_4390,908.1.1,906.1.1,2,,,zz_hd_integrated_s2_characters.txt
han_4393,908.1.1,907.1.1,1,,,zz_hd_integrated_s2_characters.txt
han_4409,910.1.1,909.1.1,1,,,zz_hd_integrated_s2_characters.txt
han_4413,910.1.1,909.1.1,1,,,zz_hd_integrated_s2_characters.txt
han_4418,911.1.1,909.1.1,2,,,zz_hd_integrated_s2_characters.txt
han_442,611.1.1,609.1.1,2,,,zz_hd_integrated_s2_characters.txt
han_4426,911.1.1,909.1.1,2,,,zz_hd_integrated_s2_characters.txt
han_4431,912.1.1,910.1.1,2,,,zz_hd_integrated_s2_characters.txt
han_4436,912.1.1,910.1.1,2,,,zz_hd_integrated_s2_characters.txt
han_4438,912.1.1,910.1.1,2,,,zz_hd_integrated_s2_characters.txt
han_444,611.1.1,609.1.1,2,,,zz_hd_integrated_s2_characters.txt
han_4450,914.1.1,913.1.1,1,,,zz_hd_integrated_s2_characters.txt
han_4453,914.1.1,912.1.1,2,,,zz_hd_integrated_s2_characters.txt
han_4463,915.1.1,913.1.1,2,,,zz_hd_integrated_s2_characters.txt
han_4464,915.1.1,914.1.1,1,,,zz_hd_integrated_s2_characters.txt
han_4472,916.1.1,914.1.1,2,,,zz_hd_integrated_s2_characters.txt
han_4474,916.1.1,915.1.1,1,,,zz_hd_integrated_s2_characters.txt
han_4478,917.1.1,913.1.1,4,,,zz_hd_integrated_s2_characters.txt
han_4515,920.1.1,918.1.1,2,,,zz_hd_integrated_s2_characters.txt
han_4517,920.1.1,917.1.1,3,,,zz_hd_integrated_s2_characters.txt
han_452,613.1.1,611.1.1,2,,,zz_hd_integrated_s2_characters.txt
han_4528,921.1.1,919.1.1,2,,,zz_hd_integrated_s2_characters.txt
han_4540,922.1.1,919.1.1,3,,,zz_hd_integrated_s2_characters.txt
han_4542,922.1.1,920.1.1,2,,,zz_hd_integrated_s2_characters.txt
han_4543,922.1.1,920.1.1,2,,,zz_hd_integrated_s2_characters.txt
han_4559,923.1.1,921.1.1,2,,,zz_hd_integrated_s2_characters.txt
han_4584,925.1.1,923.1.1,2,,,zz_hd_integrated_s2_characters.txt
han_4587,925.1.1,923.1.1,2,,,zz_hd_integrated_s2_characters.txt
han_4589,926.1.1,924.1.1,2,,,zz_hd_integrated_s2_characters.txt
han_459,614.1.1,613.1.1,1,,,zz_hd_integrated_s2_characters.txt
han_4593,926.1.1,925.1.1,1,,,zz_hd_integrated_s2_characters.txt
han_4597,926.1.1,924.1.1,2,,,zz_hd_integrated_s2_characters.txt
han_4605,926.1.1,924.1.1,2,,,zz_hd_integrated_s2_characters.txt
han_4615,927.1.1,926.1.1,1,,,zz_hd_integrated_s2_characters.txt
han_4620,927.1.1,925.1.1,2,,,zz_hd_integrated_s2_characters.txt
han_4622,927.1.1,926.1.1,1,,,zz_hd_integrated_s2_characters.txt
han_4626,928.1.1,927.1.1,1,,,zz_hd_integrated_s2_characters.txt
han_4630,928.1.1,927.1.1,1,,,zz_hd_integrated_s2_characters.txt
han_4635,928.1.1,926.1.1,2,,,zz_hd_integrated_s2_characters.txt
han_4638,928.1.1,926.1.1,2,,,zz_hd_integrated_s2_characters.txt
han_464,615.1.1,613.1.1,2,,,zz_hd_integrated_s2_characters.txt
han_4650,929.1.1,926.1.1,3,,,zz_hd_integrated_s2_characters.txt
han_4651,929.1.1,927.1.1,2,,,zz_hd_integrated_s2_characters.txt
han_4658,930.1.1,929.1.1,1,,,zz_hd_integrated_s2_characters.txt
han_4680,931.1.1,930.1.1,1,,,zz_hd_integrated_s2_characters.txt
han_4685,932.1.1,931.1.1,1,,,zz_hd_integrated_s2_characters.txt
han_4686,932.1.1,930.1.1,2,,,zz_hd_integrated_s2_characters.txt
han_4687,932.1.1,930.1.1,2,,,zz_hd_integrated_s2_characters.txt
han_4694,933.1.1,931.1.1,2,,,zz_hd_integrated_s2_characters.txt
han_4701,933.1.1,931.1.1,2,,,zz_hd_integrated_s2_characters.txt
han_4719,934.1.1,931.1.1,3,,,zz_hd_integrated_s2_characters.txt
han_4722,935.1.1,933.1.1,2,,,zz_hd_integrated_s2_characters.txt
han_4724,935.1.1,934.1.1,1,,,zz_hd_integrated_s2_characters.txt
han_4730,935.1.1,934.1.1,1,,,zz_hd_integrated_s2_characters.txt
han_4734,935.1.1,934.1.1,1,,,zz_hd_integrated_s2_characters.txt
han_4735,936.1.1,934.1.1,2,,,zz_hd_integrated_s2_characters.txt
han_4736,936.1.1,934.1.1,2,,,zz_hd_integrated_s2_characters.txt
han_475,617.1.1,615.1.1,2,,,zz_hd_integrated_s2_characters.txt
han_4757,937.1.1,935.1.1,2,,,zz_hd_integrated_s2_characters.txt
han_4760,937.1.1,936.1.1,1,,,zz_hd_integrated_s2_characters.txt
han_4762,937.1.1,935.1.1,2,,,zz_hd_integrated_s2_characters.txt
han_477,617.1.1,615.1.1,2,,,zz_hd_integrated_s2_characters.txt
han_4770,938.1.1,936.1.1,2,,,zz_hd_integrated_s2_characters.txt
han_4774,938.1.1,937.1.1,1,,,zz_hd_integrated_s2_characters.txt
han_4778,938.1.1,937.1.1,1,,,zz_hd_integrated_s2_characters.txt
han_4803,940.1.1,938.1.1,2,,,zz_hd_integrated_s2_characters.txt
han_4807,940.1.1,939.1.1,1,,,zz_hd_integrated_s2_characters.txt
han_4823,941.1.1,939.1.1,2,,,zz_hd_integrated_s2_characters.txt
han_4852,943.1.1,940.1.1,3,,,zz_hd_integrated_s2_characters.txt
han_4854,943.1.1,939.1.1,4,,,zz_hd_integrated_s2_characters.txt
han_4866,943.1.1,941.1.1,2,,,zz_hd_integrated_s2_characters.txt
han_487,619.1.1,615.1.1,4,,,zz_hd_integrated_s2_characters.txt
han_4871,944.1.1,943.1.1,1,,,zz_hd_integrated_s2_characters.txt
han_4872,944.1.1,943.1.1,1,,,zz_hd_integrated_s2_characters.txt
han_4878,944.1.1,943.1.1,1,,,zz_hd_integrated_s2_characters.txt
han_4881,944.1.1,943.1.1,1,,,zz_hd_integrated_s2_characters.txt
han_4902,945.1.1,943.1.1,2,,,zz_hd_integrated_s2_characters.txt
han_4907,945.1.1,944.1.1,1,,,zz_hd_integrated_s2_characters.txt
han_4917,946.1.1,945.1.1,1,,,zz_hd_integrated_s2_characters.txt
han_4918,946.1.1,944.1.1,2,,,zz_hd_integrated_s2_characters.txt
han_4923,946.1.1,944.1.1,2,,,zz_hd_integrated_s2_characters.txt
han_4924,946.1.1,944.1.1,2,,,zz_hd_integrated_s2_characters.txt
han_4925,947.1.1,945.1.1,2,,,zz_hd_integrated_s2_characters.txt
han_4932,947.1.1,945.1.1,2,,,zz_hd_integrated_s2_characters.txt
han_4936,947.1.1,945.1.1,2,,,zz_hd_integrated_s2_characters.txt
han_4947,948.1.1,947.1.1,1,,,zz_hd_integrated_s2_characters.txt
han_497,621.1.1,620.1.1,1,,,zz_hd_integrated_s2_characters.txt
han_4973,948.1.1,946.1.1,2,,,zz_hd_integrated_s2_characters.txt
han_4982,949.1.1,948.1.1,1,,,zz_hd_integrated_s2_characters.txt
han_499,621.1.1,620.1.1,1,,,zz_hd_integrated_s2_characters.txt
han_4999,950.1.1,948.1.1,2,,,zz_hd_integrated_s2_characters.txt
han_5001,950.1.1,948.1.1,2,,,zz_hd_integrated_s2_characters.txt
han_5006,950.1.1,948.1.1,2,,,zz_hd_integrated_s2_characters.txt
han_5019,951.1.1,949.1.1,2,,,zz_hd_integrated_s2_characters.txt
han_5021,951.1.1,949.1.1,2,,,zz_hd_integrated_s2_characters.txt
han_5031,951.1.1,949.1.1,2,,,zz_hd_integrated_s2_characters.txt
han_5033,951.1.1,950.1.1,1,,,zz_hd_integrated_s2_characters.txt
han_504,622.1.1,621.1.1,1,,,zz_hd_integrated_s2_characters.txt
han_5048,952.1.1,951.1.1,1,,,zz_hd_integrated_s2_characters.txt
han_507,622.1.1,620.1.1,2,,,zz_hd_integrated_s2_characters.txt
han_5083,954.1.1,953.1.1,1,,,zz_hd_integrated_s2_characters.txt
han_5094,955.1.1,954.1.1,1,,,zz_hd_integrated_s2_characters.txt
han_5095,955.1.1,953.1.1,2,,,zz_hd_integrated_s2_characters.txt
han_5096,955.1.1,953.1.1,2,,,zz_hd_integrated_s2_characters.txt
han_5097,955.1.1,953.1.1,2,,,zz_hd_integrated_s2_characters.txt
han_5098,955.1.1,954.1.1,1,,,zz_hd_integrated_s2_characters.txt
han_511,623.1.1,622.1.1,1,,,zz_hd_integrated_s2_characters.txt
han_5119,956.1.1,954.1.1,2,,,zz_hd_integrated_s2_characters.txt
han_5123,956.1.1,955.1.1,1,,,zz_hd_integrated_s2_characters.txt
han_5146,957.1.1,955.1.1,2,,,zz_hd_integrated_s2_characters.txt
han_5148,957.1.1,956.1.1,1,,,zz_hd_integrated_s2_characters.txt
han_516,624.1.1,622.1.1,2,,,zz_hd_integrated_s2_characters.txt
han_5164,958.1.1,957.1.1,1,,,zz_hd_integrated_s2_characters.txt
han_517,624.1.1,622.1.1,2,,,zz_hd_integrated_s2_characters.txt
han_5173,958.1.1,955.1.1,3,,,zz_hd_integrated_s2_characters.txt
han_5176,958.1.1,957.1.1,1,,,zz_hd_integrated_s2_characters.txt
han_5180,958.1.1,956.1.1,2,,,zz_hd_integrated_s2_characters.txt
han_5183,959.1.1,958.1.1,1,,,zz_hd_integrated_s2_characters.txt
han_5186,959.1.1,957.1.1,2,,,zz_hd_integrated_s2_characters.txt
han_5188,959.1.1,957.1.1,2,,,zz_hd_integrated_s2_characters.txt
han_5189,959.1.1,957.1.1,2,,,zz_hd_integrated_s2_characters.txt
han_5192,959.1.1,957.1.1,2,,,zz_hd_integrated_s2_characters.txt
han_5196,959.1.1,958.1.1,1,,,zz_hd_integrated_s2_characters.txt
han_5198,959.1.1,955.1.1,4,,,zz_hd_integrated_s2_characters.txt
han_5208,960.1.1,959.1.1,1,,,zz_hd_integrated_s2_characters.txt
han_5210,960.1.1,959.1.1,1,,,zz_hd_integrated_s2_characters.txt
han_5221,960.1.1,959.1.1,1,,,zz_hd_integrated_s2_characters.txt
han_5227,961.1.1,960.1.1,1,,,zz_hd_integrated_s2_characters.txt
han_5233,961.1.1,959.1.1,2,,,zz_hd_integrated_s2_characters.txt
han_5248,961.1.1,959.1.1,2,,,zz_hd_integrated_s2_characters.txt
han_5251,962.1.1,958.1.1,4,,,zz_hd_integrated_s2_characters.txt
han_5257,962.1.1,959.1.1,3,,,zz_hd_integrated_s2_characters.txt
han_526,626.1.1,624.1.1,2,,,zz_hd_integrated_s2_characters.txt
han_5260,962.1.1,957.1.1,5,,,zz_hd_integrated_s2_characters.txt
han_527,626.1.1,624.1.1,2,,,zz_hd_integrated_s2_characters.txt
han_5277,963.1.1,961.1.1,2,,,zz_hd_integrated_s2_characters.txt
han_5279,963.1.1,959.1.1,4,,,zz_hd_integrated_s2_characters.txt
han_5288,963.1.1,960.1.1,3,,,zz_hd_integrated_s2_characters.txt
han_529,626.1.1,625.1.1,1,,,zz_hd_integrated_s2_characters.txt
han_5297,963.1.1,961.1.1,2,,,zz_hd_integrated_s2_characters.txt
han_5313,963.1.1,961.1.1,2,,,zz_hd_integrated_s2_characters.txt
han_5315,964.1.1,961.1.1,3,,,zz_hd_integrated_s2_characters.txt
han_5318,964.1.1,962.1.1,2,,,zz_hd_integrated_s2_characters.txt
han_5319,964.1.1,963.1.1,1,,,zz_hd_integrated_s2_characters.txt
han_5322,964.1.1,962.1.1,2,,,zz_hd_integrated_s2_characters.txt
han_5346,965.1.1,963.1.1,2,,,zz_hd_integrated_s2_characters.txt
han_5360,965.1.1,963.1.1,2,,,zz_hd_integrated_s2_characters.txt
han_5369,966.1.1,964.1.1,2,,,zz_hd_integrated_s2_characters.txt
han_5375,966.1.1,965.1.1,1,,,zz_hd_integrated_s2_characters.txt
han_5376,966.1.1,964.1.1,2,,,zz_hd_integrated_s2_characters.txt
han_5381,966.1.1,965.1.1,1,,,zz_hd_integrated_s2_characters.txt
han_5384,966.1.1,964.1.1,2,,,zz_hd_integrated_s2_characters.txt
han_5385,966.1.1,965.1.1,1,,,zz_hd_integrated_s2_characters.txt
han_5392,967.1.1,965.1.1,2,,,zz_hd_integrated_s2_characters.txt
han_5401,967.1.1,965.1.1,2,,,zz_hd_integrated_s2_characters.txt
han_5407,967.1.1,965.1.1,2,,,zz_hd_integrated_s2_characters.txt
han_541,629.1.1,627.1.1,2,,,zz_hd_integrated_s2_characters.txt
han_5414,968.1.1,965.1.1,3,,,zz_hd_integrated_s2_characters.txt
han_5415,968.1.1,966.1.1,2,,,zz_hd_integrated_s2_characters.txt
han_5428,968.1.1,966.1.1,2,,,zz_hd_integrated_s2_characters.txt
han_5433,969.1.1,967.1.1,2,,,zz_hd_integrated_s2_characters.txt
han_5441,969.1.1,967.1.1,2,,,zz_hd_integrated_s2_characters.txt
han_5450,970.1.1,968.1.1,2,,,zz_hd_integrated_s2_characters.txt
han_5463,970.1.1,969.1.1,1,,,zz_hd_integrated_s2_characters.txt
han_5464,970.1.1,966.1.1,4,,,zz_hd_integrated_s2_characters.txt
han_5465,970.1.1,969.1.1,1,,,zz_hd_integrated_s2_characters.txt
han_547,630.1.1,627.1.1,3,,,zz_hd_integrated_s2_characters.txt
han_5473,970.1.1,968.1.1,2,,,zz_hd_integrated_s2_characters.txt
han_5482,971.1.1,969.1.1,2,,,zz_hd_integrated_s2_characters.txt
han_5486,971.1.1,969.1.1,2,,,zz_hd_integrated_s2_characters.txt
han_5490,971.1.1,970.1.1,1,,,zz_hd_integrated_s2_characters.txt
han_5494,971.1.1,970.1.1,1,,,zz_hd_integrated_s2_characters.txt
han_5496,971.1.1,967.1.1,4,,,zz_hd_integrated_s2_characters.txt
han_5498,971.1.1,969.1.1,2,,,zz_hd_integrated_s2_characters.txt
han_552,630.1.1,627.1.1,3,,,zz_hd_integrated_s2_characters.txt
han_5523,972.1.1,968.1.1,4,,,zz_hd_integrated_s2_characters.txt
han_5525,972.1.1,971.1.1,1,,,zz_hd_integrated_s2_characters.txt
han_5536,972.1.1,971.1.1,1,,,zz_hd_integrated_s2_characters.txt
han_5549,973.1.1,972.1.1,1,,,zz_hd_integrated_s2_characters.txt
han_5560,973.1.1,971.1.1,2,,,zz_hd_integrated_s2_characters.txt
han_5562,973.1.1,971.1.1,2,,,zz_hd_integrated_s2_characters.txt
han_5574,974.1.1,973.1.1,1,,,zz_hd_integrated_s2_characters.txt
han_558,631.1.1,628.1.1,3,,,zz_hd_integrated_s2_characters.txt
han_5584,974.1.1,972.1.1,2,,,zz_hd_integrated_s2_characters.txt
han_559,631.1.1,630.1.1,1,,,zz_hd_integrated_s2_characters.txt
han_5593,975.1.1,973.1.1,2,,,zz_hd_integrated_s2_characters.txt
han_5596,975.1.1,973.1.1,2,,,zz_hd_integrated_s2_characters.txt
han_56,431.1.1,430.1.1,1,,,zz_hd_integrated_s2_characters.txt
han_5600,975.1.1,973.1.1,2,,,zz_hd_integrated_s2_characters.txt
han_5604,975.1.1,973.1.1,2,,,zz_hd_integrated_s2_characters.txt
han_5609,975.1.1,973.1.1,2,,,zz_hd_integrated_s2_characters.txt
han_5624,975.1.1,973.1.1,2,,,zz_hd_integrated_s2_characters.txt
han_563,632.1.1,631.1.1,1,,,zz_hd_integrated_s2_characters.txt
han_5634,976.1.1,974.1.1,2,,,zz_hd_integrated_s2_characters.txt
han_564,632.1.1,630.1.1,2,,,zz_hd_integrated_s2_characters.txt
han_5644,976.1.1,972.1.1,4,,,zz_hd_integrated_s2_characters.txt
han_5651,977.1.1,975.1.1,2,,,zz_hd_integrated_s2_characters.txt
han_5667,977.1.1,975.1.1,2,,,zz_hd_integrated_s2_characters.txt
han_5675,978.1.1,976.1.1,2,,,zz_hd_integrated_s2_characters.txt
han_5679,978.1.1,976.1.1,2,,,zz_hd_integrated_s2_characters.txt
han_5682,978.1.1,977.1.1,1,,,zz_hd_integrated_s2_characters.txt
han_5683,978.1.1,977.1.1,1,,,zz_hd_integrated_s2_characters.txt
han_5685,978.1.1,977.1.1,1,,,zz_hd_integrated_s2_characters.txt
han_5697,985.1.1,980.1.1,5,,,zz_hd_integrated_s2_characters.txt
han_5700,979.1.1,977.1.1,2,,,zz_hd_integrated_s2_characters.txt
han_5702,979.1.1,977.1.1,2,,,zz_hd_integrated_s2_characters.txt
han_5706,979.1.1,978.1.1,1,,,zz_hd_integrated_s2_characters.txt
han_5711,979.1.1,978.1.1,1,,,zz_hd_integrated_s2_characters.txt
han_5719,979.1.1,977.1.1,2,,,zz_hd_integrated_s2_characters.txt
han_5720,979.1.1,977.1.1,2,,,zz_hd_integrated_s2_characters.txt
han_5729,979.1.1,977.1.1,2,,,zz_hd_integrated_s2_characters.txt
han_573,634.1.1,633.1.1,1,,,zz_hd_integrated_s2_characters.txt
han_5730,979.1.1,975.1.1,4,,,zz_hd_integrated_s2_characters.txt
han_5732,980.1.1,975.1.1,5,,,zz_hd_integrated_s2_characters.txt
han_5748,980.1.1,978.1.1,2,,,zz_hd_integrated_s2_characters.txt
han_5759,980.1.1,979.1.1,1,,,zz_hd_integrated_s2_characters.txt
han_5762,981.1.1,980.1.1,1,,,zz_hd_integrated_s2_characters.txt
han_5767,981.1.1,979.1.1,2,,,zz_hd_integrated_s2_characters.txt
han_577,635.1.1,633.1.1,2,,,zz_hd_integrated_s2_characters.txt
han_5782,981.1.1,979.1.1,2,,,zz_hd_integrated_s2_characters.txt
han_5786,981.1.1,979.1.1,2,,,zz_hd_integrated_s2_characters.txt
han_5796,981.1.1,980.1.1,1,,,zz_hd_integrated_s2_characters.txt
han_5801,982.1.1,980.1.1,2,,,zz_hd_integrated_s2_characters.txt
han_5806,982.1.1,980.1.1,2,,,zz_hd_integrated_s2_characters.txt
han_5819,982.1.1,981.1.1,1,,,zz_hd_integrated_s2_characters.txt
han_5840,983.1.1,981.1.1,2,,,zz_hd_integrated_s2_characters.txt
han_5843,983.1.1,981.1.1,2,,,zz_hd_integrated_s2_characters.txt
han_5851,984.1.1,983.1.1,1,,,zz_hd_integrated_s2_characters.txt
han_5855,984.1.1,982.1.1,2,,,zz_hd_integrated_s2_characters.txt
han_5858,984.1.1,983.1.1,1,,,zz_hd_integrated_s2_characters.txt
han_5860,984.1.1,983.1.1,1,,,zz_hd_integrated_s2_characters.txt
han_5861,984.1.1,982.1.1,2,,,zz_hd_integrated_s2_characters.txt
han_5864,984.1.1,982.1.1,2,,,zz_hd_integrated_s2_characters.txt
han_5878,985.1.1,983.1.1,2,,,zz_hd_integrated_s2_characters.txt
han_5880,985.1.1,982.1.1,3,,,zz_hd_integrated_s2_characters.txt
han_5882,985.1.1,983.1.1,2,,,zz_hd_integrated_s2_characters.txt
han_5885,985.1.1,983.1.1,2,,,zz_hd_integrated_s2_characters.txt
han_5886,985.1.1,984.1.1,1,,,zz_hd_integrated_s2_characters.txt
han_5914,986.1.1,984.1.1,2,,,zz_hd_integrated_s2_characters.txt
han_5919,986.1.1,984.1.1,2,,,zz_hd_integrated_s2_characters.txt
han_5925,986.1.1,984.1.1,2,,,zz_hd_integrated_s2_characters.txt
han_5940,986.1.1,984.1.1,2,,,zz_hd_integrated_s2_characters.txt
han_5947,987.1.1,986.1.1,1,,,zz_hd_integrated_s2_characters.txt
han_5950,987.1.1,985.1.1,2,,,zz_hd_integrated_s2_characters.txt
han_5962,987.1.1,985.1.1,2,,,zz_hd_integrated_s2_characters.txt
han_5967,987.1.1,985.1.1,2,,,zz_hd_integrated_s2_characters.txt
han_5970,987.1.1,983.1.1,4,,,zz_hd_integrated_s2_characters.txt
han_5995,988.1.1,987.1.1,1,,,zz_hd_integrated_s2_characters.txt
han_5996,988.1.1,987.1.1,1,,,zz_hd_integrated_s2_characters.txt
han_5999,988.1.1,986.1.1,2,,,zz_hd_integrated_s2_characters.txt
han_600,639.1.1,637.1.1,2,,,zz_hd_integrated_s2_characters.txt
han_6003,988.1.1,986.1.1,2,,,zz_hd_integrated_s2_characters.txt
han_6010,988.1.1,986.1.1,2,,,zz_hd_integrated_s2_characters.txt
han_6014,988.1.1,987.1.1,1,,,zz_hd_integrated_s2_characters.txt
han_6030,988.1.1,986.1.1,2,,,zz_hd_integrated_s2_characters.txt
han_6040,989.1.1,988.1.1,1,,,zz_hd_integrated_s2_characters.txt
han_6041,989.1.1,987.1.1,2,,,zz_hd_integrated_s2_characters.txt
han_6055,989.1.1,988.1.1,1,,,zz_hd_integrated_s2_characters.txt
han_6068,989.1.1,988.1.1,1,,,zz_hd_integrated_s2_characters.txt
han_6069,989.1.1,988.1.1,1,,,zz_hd_integrated_s2_characters.txt
han_6076,990.1.1,988.1.1,2,,,zz_hd_integrated_s2_characters.txt
han_6077,990.1.1,989.1.1,1,,,zz_hd_integrated_s2_characters.txt
han_608,641.1.1,640.1.1,1,,,zz_hd_integrated_s2_characters.txt
han_6092,990.1.1,989.1.1,1,,,zz_hd_integrated_s2_characters.txt
han_6123,991.1.1,989.1.1,2,,,zz_hd_integrated_s2_characters.txt
han_6130,991.1.1,989.1.1,2,,,zz_hd_integrated_s2_characters.txt
han_6151,992.1.1,990.1.1,2,,,zz_hd_integrated_s2_characters.txt
han_6166,992.1.1,990.1.1,2,,,zz_hd_integrated_s2_characters.txt
han_617,642.1.1,641.1.1,1,,,zz_hd_integrated_s2_characters.txt
han_6185,993.1.1,992.1.1,1,,,zz_hd_integrated_s2_characters.txt
han_6186,993.1.1,991.1.1,2,,,zz_hd_integrated_s2_characters.txt
han_6191,993.1.1,991.1.1,2,,,zz_hd_integrated_s2_characters.txt
han_620,642.1.1,640.1.1,2,,,zz_hd_integrated_s2_characters.txt
han_6206,993.1.1,991.1.1,2,,,zz_hd_integrated_s2_characters.txt
han_6209,993.1.1,992.1.1,1,,,zz_hd_integrated_s2_characters.txt
han_6218,993.1.1,992.1.1,1,,,zz_hd_integrated_s2_characters.txt
han_6226,993.1.1,992.1.1,1,,,zz_hd_integrated_s2_characters.txt
han_625,643.1.1,639.1.1,4,,,zz_hd_integrated_s2_characters.txt
han_6250,994.1.1,993.1.1,1,,,zz_hd_integrated_s2_characters.txt
han_6262,995.1.1,992.1.1,3,,,zz_hd_integrated_s2_characters.txt
han_6268,995.1.1,994.1.1,1,,,zz_hd_integrated_s2_characters.txt
han_6273,995.1.1,993.1.1,2,,,zz_hd_integrated_s2_characters.txt
han_6278,995.1.1,994.1.1,1,,,zz_hd_integrated_s2_characters.txt
han_6285,995.1.1,993.1.1,2,,,zz_hd_integrated_s2_characters.txt
han_630,644.1.1,643.1.1,1,,,zz_hd_integrated_s2_characters.txt
han_632,644.1.1,642.1.1,2,,,zz_hd_integrated_s2_characters.txt
han_6326,996.1.1,994.1.1,2,,,zz_hd_integrated_s2_characters.txt
han_6340,996.1.1,994.1.1,2,,,zz_hd_integrated_s2_characters.txt
han_6358,997.1.1,995.1.1,2,,,zz_hd_integrated_s2_characters.txt
han_636,645.1.1,642.1.1,3,,,zz_hd_integrated_s2_characters.txt
han_6370,997.1.1,993.1.1,4,,,zz_hd_integrated_s2_characters.txt
han_6372,998.1.1,997.1.1,1,,,zz_hd_integrated_s2_characters.txt
han_6374,998.1.1,996.1.1,2,,,zz_hd_integrated_s2_characters.txt
han_6379,998.1.1,996.1.1,2,,,zz_hd_integrated_s2_characters.txt
han_638,646.1.1,645.1.1,1,,,zz_hd_integrated_s2_characters.txt
han_6380,998.1.1,996.1.1,2,,,zz_hd_integrated_s2_characters.txt
han_6382,998.1.1,996.1.1,2,,,zz_hd_integrated_s2_characters.txt
han_6387,998.1.1,997.1.1,1,,,zz_hd_integrated_s2_characters.txt
han_639,646.1.1,645.1.1,1,,,zz_hd_integrated_s2_characters.txt
han_6405,998.1.1,996.1.1,2,,,zz_hd_integrated_s2_characters.txt
han_6408,998.1.1,996.1.1,2,,,zz_hd_integrated_s2_characters.txt
han_6421,999.1.1,997.1.1,2,,,zz_hd_integrated_s2_characters.txt
han_6426,999.1.1,998.1.1,1,,,zz_hd_integrated_s2_characters.txt
han_643,647.1.1,645.1.1,2,,,zz_hd_integrated_s2_characters.txt
han_6430,999.1.1,998.1.1,1,,,zz_hd_integrated_s2_characters.txt
han_6441,999.1.1,997.1.1,2,,,zz_hd_integrated_s2_characters.txt
han_6446,1000.1.1,998.1.1,2,,,zz_hd_integrated_s2_characters.txt
han_6452,1000.1.1,998.1.1,2,,,zz_hd_integrated_s2_characters.txt
han_6454,1000.1.1,999.1.1,1,,,zz_hd_integrated_s2_characters.txt
han_646,647.1.1,645.1.1,2,,,zz_hd_integrated_s2_characters.txt
han_647,647.1.1,644.1.1,3,,,zz_hd_integrated_s2_characters.txt
han_6475,1000.1.1,998.1.1,2,,,zz_hd_integrated_s2_characters.txt
han_6481,1001.1.1,999.1.1,2,,,zz_hd_integrated_s2_characters.txt
han_6485,1001.1.1,999.1.1,2,,,zz_hd_integrated_s2_characters.txt
han_6488,1001.1.1,998.1.1,3,,,zz_hd_integrated_s2_characters.txt
han_6495,1001.1.1,1000.1.1,1,,,zz_hd_integrated_s2_characters.txt
han_6505,1001.1.1,999.1.1,2,,,zz_hd_integrated_s2_characters.txt
han_6507,1001.1.1,999.1.1,2,,,zz_hd_integrated_s2_characters.txt
han_6513,1001.1.1,999.1.1,2,,,zz_hd_integrated_s2_characters.txt
han_6535,1001.1.1,999.1.1,2,,,zz_hd_integrated_s2_characters.txt
han_6537,1002.1.1,999.1.1,3,,,zz_hd_integrated_s2_characters.txt
han_654,648.1.1,646.1.1,2,,,zz_hd_integrated_s2_characters.txt
han_6544,1002.1.1,1000.1.1,2,,,zz_hd_integrated_s2_characters.txt
han_6556,1002.1.1,999.1.1,3,,,zz_hd_integrated_s2_characters.txt
han_6557,1002.1.1,1000.1.1,2,,,zz_hd_integrated_s2_characters.txt
han_657,648.1.1,645.1.1,3,,,zz_hd_integrated_s2_characters.txt
han_6591,1003.1.1,1001.1.1,2,,,zz_hd_integrated_s2_characters.txt
han_6597,1003.1.1,1001.1.1,2,,,zz_hd_integrated_s2_characters.txt
han_6598,1003.1.1,1001.1.1,2,,,zz_hd_integrated_s2_characters.txt
han_6616,1004.1.1,1002.1.1,2,,,zz_hd_integrated_s2_characters.txt
han_6627,1004.1.1,1000.1.1,4,,,zz_hd_integrated_s2_characters.txt
han_6635,1004.1.1,1002.1.1,2,,,zz_hd_integrated_s2_characters.txt
han_664,649.1.1,647.1.1,2,,,zz_hd_integrated_s2_characters.txt
han_6648,1004.1.1,1003.1.1,1,,,zz_hd_integrated_s2_characters.txt
han_665,649.1.1,648.1.1,1,,,zz_hd_integrated_s2_characters.txt
han_6650,1004.1.1,1001.1.1,3,,,zz_hd_integrated_s2_characters.txt
han_6652,1005.1.1,1003.1.1,2,,,zz_hd_integrated_s2_characters.txt
han_6656,1005.1.1,1003.1.1,2,,,zz_hd_integrated_s2_characters.txt
han_6668,1005.1.1,1003.1.1,2,,,zz_hd_integrated_s2_characters.txt
han_6678,1005.1.1,1004.1.1,1,,,zz_hd_integrated_s2_characters.txt
han_6682,1005.1.1,1002.1.1,3,,,zz_hd_integrated_s2_characters.txt
han_67,446.1.1,444.1.1,2,,,zz_hd_integrated_s2_characters.txt
han_670,650.1.1,647.1.1,3,,,zz_hd_integrated_s2_characters.txt
han_6701,1006.1.1,1004.1.1,2,,,zz_hd_integrated_s2_characters.txt
han_6705,1006.1.1,1005.1.1,1,,,zz_hd_integrated_s2_characters.txt
han_672,650.1.1,644.1.1,6,,,zz_hd_integrated_s2_characters.txt
han_6743,1007.1.1,1005.1.1,2,,,zz_hd_integrated_s2_characters.txt
han_6745,1007.1.1,1005.1.1,2,,,zz_hd_integrated_s2_characters.txt
han_6747,1007.1.1,1005.1.1,2,,,zz_hd_integrated_s2_characters.txt
han_6748,1007.1.1,1003.1.1,4,,,zz_hd_integrated_s2_characters.txt
han_6754,1007.1.1,1006.1.1,1,,,zz_hd_integrated_s2_characters.txt
han_6761,1007.1.1,1005.1.1,2,,,zz_hd_integrated_s2_characters.txt
han_6775,1007.1.1,1003.1.1,4,,,zz_hd_integrated_s2_characters.txt
han_678,651.1.1,649.1.1,2,,,zz_hd_integrated_s2_characters.txt
han_6785,1008.1.1,1006.1.1,2,,,zz_hd_integrated_s2_characters.txt
han_6786,1008.1.1,1006.1.1,2,,,zz_hd_integrated_s2_characters.txt
han_679,651.1.1,649.1.1,2,,,zz_hd_integrated_s2_characters.txt
han_6792,1008.1.1,1007.1.1,1,,,zz_hd_integrated_s2_characters.txt
han_6794,1008.1.1,1007.1.1,1,,,zz_hd_integrated_s2_characters.txt
han_6798,1008.1.1,1006.1.1,2,,,zz_hd_integrated_s2_characters.txt
han_680,651.1.1,648.1.1,3,,,zz_hd_integrated_s2_characters.txt
han_6801,1008.1.1,1006.1.1,2,,,zz_hd_integrated_s2_characters.txt
han_6804,1008.1.1,1006.1.1,2,,,zz_hd_integrated_s2_characters.txt
han_6806,1008.1.1,1007.1.1,1,,,zz_hd_integrated_s2_characters.txt
han_6807,1008.1.1,1006.1.1,2,,,zz_hd_integrated_s2_characters.txt
han_6821,1008.1.1,1006.1.1,2,,,zz_hd_integrated_s2_characters.txt
han_6823,1008.1.1,1007.1.1,1,,,zz_hd_integrated_s2_characters.txt
han_6825,1009.1.1,1008.1.1,1,,,zz_hd_integrated_s2_characters.txt
han_686,654.1.1,652.1.1,2,,,zz_hd_integrated_s2_characters.txt
han_6861,1009.1.1,1007.1.1,2,,,zz_hd_integrated_s2_characters.txt
han_6870,1010.1.1,1008.1.1,2,,,zz_hd_integrated_s2_characters.txt
han_6871,1010.1.1,1007.1.1,3,,,zz_hd_integrated_s2_characters.txt
han_6875,1010.1.1,1008.1.1,2,,,zz_hd_integrated_s2_characters.txt
han_6880,1010.1.1,1009.1.1,1,,,zz_hd_integrated_s2_characters.txt
han_6886,1010.1.1,1008.1.1,2,,,zz_hd_integrated_s2_characters.txt
han_6889,1010.1.1,1008.1.1,2,,,zz_hd_integrated_s2_characters.txt
han_689,655.1.1,652.1.1,3,,,zz_hd_integrated_s2_characters.txt
han_6919,1011.1.1,1009.1.1,2,,,zz_hd_integrated_s2_characters.txt
han_6927,1011.1.1,1009.1.1,2,,,zz_hd_integrated_s2_characters.txt
han_694,656.1.1,655.1.1,1,,,zz_hd_integrated_s2_characters.txt
han_6947,1011.1.1,1010.1.1,1,,,zz_hd_integrated_s2_characters.txt
han_695,656.1.1,654.1.1,2,,,zz_hd_integrated_s2_characters.txt
han_6952,1011.1.1,1009.1.1,2,,,zz_hd_integrated_s2_characters.txt
han_6953,1012.1.1,1011.1.1,1,,,zz_hd_integrated_s2_characters.txt
han_6961,1012.1.1,1011.1.1,1,,,zz_hd_integrated_s2_characters.txt
han_6965,1012.1.1,1010.1.1,2,,,zz_hd_integrated_s2_characters.txt
han_6969,1012.1.1,1010.1.1,2,,,zz_hd_integrated_s2_characters.txt
han_6975,1012.1.1,1011.1.1,1,,,zz_hd_integrated_s2_characters.txt
han_6979,1012.1.1,1009.1.1,3,,,zz_hd_integrated_s2_characters.txt
han_698,657.1.1,655.1.1,2,,,zz_hd_integrated_s2_characters.txt
han_7006,1012.1.1,1010.1.1,2,,,zz_hd_integrated_s2_characters.txt
han_7014,1013.1.1,1011.1.1,2,,,zz_hd_integrated_s2_characters.txt
han_7015,1013.1.1,1010.1.1,3,,,zz_hd_integrated_s2_characters.txt
han_7016,1013.1.1,1012.1.1,1,,,zz_hd_integrated_s2_characters.txt
han_7017,1013.1.1,1010.1.1,3,,,zz_hd_integrated_s2_characters.txt
han_7041,1014.1.1,1012.1.1,2,,,zz_hd_integrated_s2_characters.txt
han_7057,1014.1.1,1013.1.1,1,,,zz_hd_integrated_s2_characters.txt
han_7062,1014.1.1,1013.1.1,1,,,zz_hd_integrated_s2_characters.txt
han_7064,1014.1.1,1012.1.1,2,,,zz_hd_integrated_s2_characters.txt
han_7070,1014.1.1,1013.1.1,1,,,zz_hd_integrated_s2_characters.txt
han_7096,1014.1.1,1012.1.1,2,,,zz_hd_integrated_s2_characters.txt
han_7100,1015.1.1,1014.1.1,1,,,zz_hd_integrated_s2_characters.txt
han_7107,1015.1.1,1012.1.1,3,,,zz_hd_integrated_s2_characters.txt
han_7108,1015.1.1,1013.1.1,2,,,zz_hd_integrated_s2_characters.txt
han_713,659.1.1,657.1.1,2,,,zz_hd_integrated_s2_characters.txt
han_7156,1016.1.1,1014.1.1,2,,,zz_hd_integrated_s2_characters.txt
han_7158,1016.1.1,1014.1.1,2,,,zz_hd_integrated_s2_characters.txt
han_7201,1016.1.1,1015.1.1,1,,,zz_hd_integrated_s2_characters.txt
han_721,660.1.1,658.1.1,2,,,zz_hd_integrated_s2_characters.txt
han_7215,1017.1.1,1016.1.1,1,,,zz_hd_integrated_s2_characters.txt
han_7218,1017.1.1,1016.1.1,1,,,zz_hd_integrated_s2_characters.txt
han_7222,1017.1.1,1012.1.1,5,,,zz_hd_integrated_s2_characters.txt
han_7247,1017.1.1,1015.1.1,2,,,zz_hd_integrated_s2_characters.txt
han_7250,1018.1.1,1016.1.1,2,,,zz_hd_integrated_s2_characters.txt
han_7254,1018.1.1,1017.1.1,1,,,zz_hd_integrated_s2_characters.txt
han_7256,1018.1.1,1016.1.1,2,,,zz_hd_integrated_s2_characters.txt
han_7257,1018.1.1,1017.1.1,1,,,zz_hd_integrated_s2_characters.txt
han_7260,1018.1.1,1016.1.1,2,,,zz_hd_integrated_s2_characters.txt
han_7264,1018.1.1,1017.1.1,1,,,zz_hd_integrated_s2_characters.txt
han_7265,1018.1.1,1017.1.1,1,,,zz_hd_integrated_s2_characters.txt
han_727,661.1.1,660.1.1,1,,,zz_hd_integrated_s2_characters.txt
han_7271,1018.1.1,1016.1.1,2,,,zz_hd_integrated_s2_characters.txt
han_7291,1018.1.1,1016.1.1,2,,,zz_hd_integrated_s2_characters.txt
han_73,456.1.1,451.1.1,5,,,zz_hd_integrated_s2_characters.txt
han_7300,1018.1.1,1016.1.1,2,,,zz_hd_integrated_s2_characters.txt
han_7301,1019.1.1,1017.1.1,2,,,zz_hd_integrated_s2_characters.txt
han_7302,1019.1.1,1018.1.1,1,,,zz_hd_integrated_s2_characters.txt
han_7303,1019.1.1,1018.1.1,1,,,zz_hd_integrated_s2_characters.txt
han_7307,1019.1.1,1017.1.1,2,,,zz_hd_integrated_s2_characters.txt
han_7308,1019.11.17,1016.11.17,3,,,zz_hd_integrated_s2_characters.txt
han_7316,1019.1.1,1017.1.1,2,,,zz_hd_integrated_s2_characters.txt
han_7318,1019.1.1,1018.1.1,1,,,zz_hd_integrated_s2_characters.txt
han_7320,1019.1.1,1018.1.1,1,,,zz_hd_integrated_s2_characters.txt
han_7324,1019.1.1,1017.1.1,2,,,zz_hd_integrated_s2_characters.txt
han_7327,1019.1.1,1017.1.1,2,,,zz_hd_integrated_s2_characters.txt
han_7330,1019.1.1,1017.1.1,2,,,zz_hd_integrated_s2_characters.txt
han_7339,1019.1.1,1018.1.1,1,,,zz_hd_integrated_s2_characters.txt
han_7346,1019.1.1,1017.1.1,2,,,zz_hd_integrated_s2_characters.txt
han_736,662.1.1,661.1.1,1,,,zz_hd_integrated_s2_characters.txt
han_7366,1019.1.1,1018.1.1,1,,,zz_hd_integrated_s2_characters.txt
han_7369,1020.1.1,1019.1.1,1,,,zz_hd_integrated_s2_characters.txt
han_737,662.1.1,661.1.1,1,,,zz_hd_integrated_s2_characters.txt
han_7374,1020.1.1,1018.1.1,2,,,zz_hd_integrated_s2_characters.txt
han_7375,1020.1.1,1018.1.1,2,,,zz_hd_integrated_s2_characters.txt
han_7382,1020.1.1,1018.1.1,2,,,zz_hd_integrated_s2_characters.txt
han_7385,1020.1.1,1018.1.1,2,,,zz_hd_integrated_s2_characters.txt
han_7389,1020.1.1,1018.1.1,2,,,zz_hd_integrated_s2_characters.txt
han_7396,1020.1.1,1019.1.1,1,,,zz_hd_integrated_s2_characters.txt
han_7397,1020.1.1,1018.1.1,2,,,zz_hd_integrated_s2_characters.txt
han_74,460.1.1,456.1.1,4,,,zz_hd_integrated_s2_characters.txt
han_740,663.1.1,662.1.1,1,,,zz_hd_integrated_s2_characters.txt
han_7407,1020.1.1,1019.1.1,1,,,zz_hd_integrated_s2_characters.txt
han_7419,1020.1.1,1018.1.1,2,,,zz_hd_integrated_s2_characters.txt
han_7421,1020.1.1,1018.1.1,2,,,zz_hd_integrated_s2_characters.txt
han_7422,1020.1.1,1019.1.1,1,,,zz_hd_integrated_s2_characters.txt
han_7423,1020.1.1,1018.1.1,2,,,zz_hd_integrated_s2_characters.txt
han_7436,1021.12.8,1018.12.8,3,,,zz_hd_integrated_s2_characters.txt
han_7438,1021.1.1,1019.1.1,2,,,zz_hd_integrated_s2_characters.txt
han_747,664.1.1,662.1.1,2,,,zz_hd_integrated_s2_characters.txt
han_7474,1022.1.1,1020.1.1,2,,,zz_hd_integrated_s2_characters.txt
han_7480,1022.1.1,1020.1.1,2,,,zz_hd_integrated_s2_characters.txt
han_7494,1022.1.1,1020.1.1,2,,,zz_hd_integrated_s2_characters.txt
han_7498,1022.1.1,1021.1.1,1,,,zz_hd_integrated_s2_characters.txt
han_75,461.1.1,459.1.1,2,,,zz_hd_integrated_s2_characters.txt
han_750,664.1.1,663.1.1,1,,,zz_hd_integrated_s2_characters.txt
han_7509,1022.1.1,1021.1.1,1,,,zz_hd_integrated_s2_characters.txt
han_7511,1022.1.1,1020.1.1,2,,,zz_hd_integrated_s2_characters.txt
han_7515,1023.1.1,1021.1.1,2,,,zz_hd_integrated_s2_characters.txt
han_7516,1023.1.1,1021.1.1,2,,,zz_hd_integrated_s2_characters.txt
han_7529,1023.1.1,1021.1.1,2,,,zz_hd_integrated_s2_characters.txt
han_7530,1023.1.1,1019.1.1,4,,,zz_hd_integrated_s2_characters.txt
han_7534,1023.1.1,1021.1.1,2,,,zz_hd_integrated_s2_characters.txt
han_7536,1023.1.1,1021.1.1,2,,,zz_hd_integrated_s2_characters.txt
han_7561,1024.1.1,1022.1.1,2,,,zz_hd_integrated_s2_characters.txt
han_7568,1024.1.1,1022.1.1,2,,,zz_hd_integrated_s2_characters.txt
han_758,665.1.1,663.1.1,2,,,zz_hd_integrated_s2_characters.txt
han_7585,1024.1.1,1022.1.1,2,,,zz_hd_integrated_s2_characters.txt
han_7587,1024.1.1,1023.1.1,1,,,zz_hd_integrated_s2_characters.txt
han_7592,1024.1.1,1022.1.1,2,,,zz_hd_integrated_s2_characters.txt
han_7614,1024.1.1,1022.1.1,2,,,zz_hd_integrated_s2_characters.txt
han_764,665.1.1,664.1.1,1,,,zz_hd_integrated_s2_characters.txt
han_7644,1025.1.1,1024.1.1,1,,,zz_hd_integrated_s2_characters.txt
han_7685,1026.1.1,1024.1.1,2,,,zz_hd_integrated_s2_characters.txt
han_7689,1026.1.1,1025.1.1,1,,,zz_hd_integrated_s2_characters.txt
han_769,666.1.1,665.1.1,1,,,zz_hd_integrated_s2_characters.txt
han_7691,1026.1.1,1025.1.1,1,,,zz_hd_integrated_s2_characters.txt
han_7702,1026.1.1,1024.1.1,2,,,zz_hd_integrated_s2_characters.txt
han_7704,1026.1.1,1024.1.1,2,,,zz_hd_integrated_s2_characters.txt
han_7711,1026.1.1,1025.1.1,1,,,zz_hd_integrated_s2_characters.txt
han_7715,1026.1.1,1025.1.1,1,,,zz_hd_integrated_s2_characters.txt
han_7719,1026.1.1,1025.1.1,1,,,zz_hd_integrated_s2_characters.txt
han_772,666.1.1,662.1.1,4,,,zz_hd_integrated_s2_characters.txt
han_7721,1026.1.1,1025.1.1,1,,,zz_hd_integrated_s2_characters.txt
han_7723,1026.1.1,1024.1.1,2,,,zz_hd_integrated_s2_characters.txt
han_7743,1026.1.1,1024.1.1,2,,,zz_hd_integrated_s2_characters.txt
han_7745,1027.1.1,1026.1.1,1,,,zz_hd_integrated_s2_characters.txt
han_7754,1027.1.1,1025.1.1,2,,,zz_hd_integrated_s2_characters.txt
han_7762,1027.1.1,1026.1.1,1,,,zz_hd_integrated_s2_characters.txt
han_7768,1027.1.1,1025.1.1,2,,,zz_hd_integrated_s2_characters.txt
han_7773,1027.1.1,1026.1.1,1,,,zz_hd_integrated_s2_characters.txt
han_778,667.1.1,665.1.1,2,,,zz_hd_integrated_s2_characters.txt
han_7789,1027.1.1,1025.1.1,2,,,zz_hd_integrated_s2_characters.txt
han_7792,1027.1.1,1026.1.1,1,,,zz_hd_integrated_s2_characters.txt
han_7796,1028.1.1,1026.1.1,2,,,zz_hd_integrated_s2_characters.txt
han_7798,1028.1.1,1027.1.1,1,,,zz_hd_integrated_s2_characters.txt
han_7801,1028.1.1,1027.1.1,1,,,zz_hd_integrated_s2_characters.txt
han_7802,1028.1.1,1026.1.1,2,,,zz_hd_integrated_s2_characters.txt
han_7808,1028.1.1,1026.1.1,2,,,zz_hd_integrated_s2_characters.txt
han_7811,1028.1.1,1027.1.1,1,,,zz_hd_integrated_s2_characters.txt
han_7813,1028.1.1,1027.1.1,1,,,zz_hd_integrated_s2_characters.txt
han_7814,1028.1.1,1027.1.1,1,,,zz_hd_integrated_s2_characters.txt
han_7817,1028.1.1,1026.1.1,2,,,zz_hd_integrated_s2_characters.txt
han_7820,1028.1.1,1027.1.1,1,,,zz_hd_integrated_s2_characters.txt
han_7822,1028.1.1,1026.1.1,2,,,zz_hd_integrated_s2_characters.txt
han_7823,1028.1.1,1027.1.1,1,,,zz_hd_integrated_s2_characters.txt
han_783,668.1.1,666.1.1,2,,,zz_hd_integrated_s2_characters.txt
han_7834,1028.1.1,1026.1.1,2,,,zz_hd_integrated_s2_characters.txt
han_7838,1029.1.1,1027.1.1,2,,,zz_hd_integrated_s2_characters.txt
han_7842,1029.1.1,1027.1.1,2,,,zz_hd_integrated_s2_characters.txt
han_7843,1029.1.1,1028.1.1,1,,,zz_hd_integrated_s2_characters.txt
han_7850,1029.1.1,1028.1.1,1,,,zz_hd_integrated_s2_characters.txt
han_7856,1029.1.1,1027.1.1,2,,,zz_hd_integrated_s2_characters.txt
han_7858,1029.1.1,1027.1.1,2,,,zz_hd_integrated_s2_characters.txt
han_786,668.1.1,666.1.1,2,,,zz_hd_integrated_s2_characters.txt
han_7862,1029.1.1,1027.1.1,2,,,zz_hd_integrated_s2_characters.txt
han_7863,1029.1.1,1027.1.1,2,,,zz_hd_integrated_s2_characters.txt
han_788,668.1.1,666.1.1,2,,,zz_hd_integrated_s2_characters.txt
han_7881,1029.1.1,1027.1.1,2,,,zz_hd_integrated_s2_characters.txt
han_7887,1030.1.1,1029.1.1,1,,,zz_hd_integrated_s2_characters.txt
han_7892,1030.1.1,1027.1.1,3,,,zz_hd_integrated_s2_characters.txt
han_7904,1030.1.1,1028.1.1,2,,,zz_hd_integrated_s2_characters.txt
han_7909,1030.1.1,1029.1.1,1,,,zz_hd_integrated_s2_characters.txt
han_793,669.1.1,667.1.1,2,,,zz_hd_integrated_s2_characters.txt
han_7932,1030.1.1,1029.1.1,1,,,zz_hd_integrated_s2_characters.txt
han_7934,1030.1.1,1028.1.1,2,,,zz_hd_integrated_s2_characters.txt
han_794,669.1.1,666.1.1,3,,,zz_hd_integrated_s2_characters.txt
han_7940,1031.1.1,1030.1.1,1,,,zz_hd_integrated_s2_characters.txt
han_7941,1031.1.1,1030.1.1,1,,,zz_hd_integrated_s2_characters.txt
han_7942,1031.1.1,1027.1.1,4,,,zz_hd_integrated_s2_characters.txt
han_7950,1031.1.1,1029.1.1,2,,,zz_hd_integrated_s2_characters.txt
han_796,669.1.1,667.1.1,2,,,zz_hd_integrated_s2_characters.txt
han_7960,1031.1.1,1029.1.1,2,,,zz_hd_integrated_s2_characters.txt
han_80040,1104.1.1,1100.1.1,4,,,zz_hd_integrated_s2_characters.txt
han_80041,1105.1.1,1103.1.1,2,,,zz_hd_integrated_s2_characters.txt
han_80042,1120.1.1,1118.1.1,2,,,zz_hd_integrated_s2_characters.txt
han_80043,1125.1.1,1121.1.1,4,,,zz_hd_integrated_s2_characters.txt
han_80049,1182.1.1,1172.1.1,10,,,zz_hd_integrated_s2_characters.txt
han_80050,1185.1.1,1172.1.1,13,,,zz_hd_integrated_s2_characters.txt
han_80052,1180.1.1,1172.1.1,8,,,zz_hd_integrated_s2_characters.txt
han_80053,1180.1.1,1172.1.1,8,,,zz_hd_integrated_s2_characters.txt
han_8018,1032.1.1,1030.1.1,2,,,zz_hd_integrated_s2_characters.txt
han_802,670.1.1,666.1.1,4,,,zz_hd_integrated_s2_characters.txt
han_8021,1032.1.1,1030.1.1,2,,,zz_hd_integrated_s2_characters.txt
han_805,670.1.1,668.1.1,2,,,zz_hd_integrated_s2_characters.txt
han_8052,1032.2.16,1027.2.16,5,,,zz_hd_integrated_s2_characters.txt
han_8054,1032.1.1,1031.1.1,1,,,zz_hd_integrated_s2_characters.txt
han_8055,1032.1.1,1031.1.1,1,,,zz_hd_integrated_s2_characters.txt
han_806,670.1.1,667.1.1,3,,,zz_hd_integrated_s2_characters.txt
han_8064,1033.1.1,1031.1.1,2,,,zz_hd_integrated_s2_characters.txt
han_8073,1033.1.1,1032.1.1,1,,,zz_hd_integrated_s2_characters.txt
han_8076,1033.1.1,1030.1.1,3,,,zz_hd_integrated_s2_characters.txt
han_8079,1033.1.1,1031.1.1,2,,,zz_hd_integrated_s2_characters.txt
han_8092,1033.1.1,1032.1.1,1,,,zz_hd_integrated_s2_characters.txt
han_8094,1034.1.1,1033.1.1,1,,,zz_hd_integrated_s2_characters.txt
han_8097,1034.1.1,1033.1.1,1,,,zz_hd_integrated_s2_characters.txt
han_8098,1034.1.1,1032.1.1,2,,,zz_hd_integrated_s2_characters.txt
han_8099,1034.1.1,1033.1.1,1,,,zz_hd_integrated_s2_characters.txt
han_81,464.1.1,462.1.1,2,,,zz_hd_integrated_s2_characters.txt
han_8104,1034.1.1,1032.1.1,2,,,zz_hd_integrated_s2_characters.txt
han_8115,1034.1.1,1030.1.1,4,,,zz_hd_integrated_s2_characters.txt
han_8117,1034.1.1,1033.1.1,1,,,zz_hd_integrated_s2_characters.txt
han_8118,1034.1.1,1033.1.1,1,,,zz_hd_integrated_s2_characters.txt
han_813,671.1.1,668.1.1,3,,,zz_hd_integrated_s2_characters.txt
han_814,671.1.1,670.1.1,1,,,zz_hd_integrated_s2_characters.txt
han_815,671.1.1,669.1.1,2,,,zz_hd_integrated_s2_characters.txt
han_8161,1035.1.1,1032.1.1,3,,,zz_hd_integrated_s2_characters.txt
han_8164,1035.1.1,1033.1.1,2,,,zz_hd_integrated_s2_characters.txt
han_817,672.1.1,671.1.1,1,,,zz_hd_integrated_s2_characters.txt
han_8171,1035.1.1,1033.1.1,2,,,zz_hd_integrated_s2_characters.txt
han_8181,1035.1.1,1034.1.1,1,,,zz_hd_integrated_s2_characters.txt
han_8183,1035.1.1,1033.1.1,2,,,zz_hd_integrated_s2_characters.txt
han_82,465.1.1,463.1.1,2,,,zz_hd_integrated_s2_characters.txt
han_820,673.1.1,671.1.1,2,,,zz_hd_integrated_s2_characters.txt
han_822,673.1.1,672.1.1,1,,,zz_hd_integrated_s2_characters.txt
han_8220,1036.1.1,1034.1.1,2,,,zz_hd_integrated_s2_characters.txt
han_8230,1036.1.1,1034.1.1,2,,,zz_hd_integrated_s2_characters.txt
han_8235,1036.1.1,1034.1.1,2,,,zz_hd_integrated_s2_characters.txt
han_8239,1036.1.1,1034.1.1,2,,,zz_hd_integrated_s2_characters.txt
han_824,674.1.1,672.1.1,2,,,zz_hd_integrated_s2_characters.txt
han_8247,1036.1.1,1035.1.1,1,,,zz_hd_integrated_s2_characters.txt
han_825,674.1.1,671.1.1,3,,,zz_hd_integrated_s2_characters.txt
han_8255,1036.1.1,1035.1.1,1,,,zz_hd_integrated_s2_characters.txt
han_8277,1037.1.1,1035.1.1,2,,,zz_hd_integrated_s2_characters.txt
han_8279,1037.1.1,1036.1.1,1,,,zz_hd_integrated_s2_characters.txt
han_8292,1037.1.1,1036.1.1,1,,,zz_hd_integrated_s2_characters.txt
han_8295,1037.1.1,1035.1.1,2,,,zz_hd_integrated_s2_characters.txt
han_830,675.1.1,674.1.1,1,,,zz_hd_integrated_s2_characters.txt
han_831,675.1.1,673.1.1,2,,,zz_hd_integrated_s2_characters.txt
han_8330,1038.1.1,1034.1.1,4,,,zz_hd_integrated_s2_characters.txt
han_834,675.1.1,673.1.1,2,,,zz_hd_integrated_s2_characters.txt
han_8341,1038.1.1,1035.1.1,3,,,zz_hd_integrated_s2_characters.txt
han_8358,1038.1.1,1037.1.1,1,,,zz_hd_integrated_s2_characters.txt
han_8359,1038.1.1,1036.1.1,2,,,zz_hd_integrated_s2_characters.txt
han_8360,1038.1.1,1037.1.1,1,,,zz_hd_integrated_s2_characters.txt
han_8366,1038.1.1,1036.1.1,2,,,zz_hd_integrated_s2_characters.txt
han_8389,1038.1.1,1037.1.1,1,,,zz_hd_integrated_s2_characters.txt
han_8393,1039.1.1,1038.1.1,1,,,zz_hd_integrated_s2_characters.txt
han_8394,1039.1.1,1038.1.1,1,,,zz_hd_integrated_s2_characters.txt
han_8408,1039.1.1,1037.1.1,2,,,zz_hd_integrated_s2_characters.txt
han_8412,1039.1.1,1037.1.1,2,,,zz_hd_integrated_s2_characters.txt
han_8417,1039.1.1,1038.1.1,1,,,zz_hd_integrated_s2_characters.txt
han_8419,1039.1.1,1037.1.1,2,,,zz_hd_integrated_s2_characters.txt
han_8474,1040.1.1,1039.1.1,1,,,zz_hd_integrated_s2_characters.txt
han_8478,1040.1.1,1038.1.1,2,,,zz_hd_integrated_s2_characters.txt
han_8481,1040.1.1,1036.1.1,4,,,zz_hd_integrated_s2_characters.txt
han_8484,1040.1.1,1039.1.1,1,,,zz_hd_integrated_s2_characters.txt
han_85,470.1.1,469.1.1,1,,,zz_hd_integrated_s2_characters.txt
han_8515,1041.1.1,1040.1.1,1,,,zz_hd_integrated_s2_characters.txt
han_852,678.1.1,676.1.1,2,,,zz_hd_integrated_s2_characters.txt
han_8529,1041.1.1,1040.1.1,1,,,zz_hd_integrated_s2_characters.txt
han_8544,1041.1.1,1040.1.1,1,,,zz_hd_integrated_s2_characters.txt
han_855,678.1.1,676.1.1,2,,,zz_hd_integrated_s2_characters.txt
han_8554,1041.1.1,1040.1.1,1,,,zz_hd_integrated_s2_characters.txt
han_8558,1042.1.1,1040.1.1,2,,,zz_hd_integrated_s2_characters.txt
han_8575,1042.1.1,1041.1.1,1,,,zz_hd_integrated_s2_characters.txt
han_8584,1042.1.1,1039.1.1,3,,,zz_hd_integrated_s2_characters.txt
han_8591,1042.1.1,1040.1.1,2,,,zz_hd_integrated_s2_characters.txt
han_8598,1042.1.1,1040.1.1,2,,,zz_hd_integrated_s2_characters.txt
han_8610,1042.1.1,1040.1.1,2,,,zz_hd_integrated_s2_characters.txt
han_8651,1043.1.1,1041.1.1,2,,,zz_hd_integrated_s2_characters.txt
han_8654,1044.1.1,1043.1.1,1,,,zz_hd_integrated_s2_characters.txt
han_8667,1044.1.1,1042.1.1,2,,,zz_hd_integrated_s2_characters.txt
han_867,679.1.1,678.1.1,1,,,zz_hd_integrated_s2_characters.txt
han_8683,1044.1.1,1043.1.1,1,,,zz_hd_integrated_s2_characters.txt
han_8691,1044.1.1,1042.1.1,2,,,zz_hd_integrated_s2_characters.txt
han_8706,1044.1.1,1042.1.1,2,,,zz_hd_integrated_s2_characters.txt
han_8708,1045.1.1,1044.1.1,1,,,zz_hd_integrated_s2_characters.txt
han_8709,1045.1.1,1044.1.1,1,,,zz_hd_integrated_s2_characters.txt
han_8712,1045.1.1,1043.1.1,2,,,zz_hd_integrated_s2_characters.txt
han_8740,1045.1.1,1043.1.1,2,,,zz_hd_integrated_s2_characters.txt
han_8777,1046.1.1,1044.1.1,2,,,zz_hd_integrated_s2_characters.txt
han_8783,1046.1.1,1045.1.1,1,,,zz_hd_integrated_s2_characters.txt
han_8787,1046.1.1,1044.1.1,2,,,zz_hd_integrated_s2_characters.txt
han_8792,1046.1.1,1045.1.1,1,,,zz_hd_integrated_s2_characters.txt
han_88,474.1.1,469.1.1,5,,,zz_hd_integrated_s2_characters.txt
han_8803,1047.1.1,1045.1.1,2,,,zz_hd_integrated_s2_characters.txt
han_8805,1047.1.1,1045.1.1,2,,,zz_hd_integrated_s2_characters.txt
han_8806,1047.1.1,1045.1.1,2,,,zz_hd_integrated_s2_characters.txt
han_8807,1047.1.1,1046.1.1,1,,,zz_hd_integrated_s2_characters.txt
han_8812,1047.1.1,1046.1.1,1,,,zz_hd_integrated_s2_characters.txt
han_8817,1047.1.1,1046.1.1,1,,,zz_hd_integrated_s2_characters.txt
han_8820,1047.1.1,1044.1.1,3,,,zz_hd_integrated_s2_characters.txt
han_8823,1047.1.1,1045.1.1,2,,,zz_hd_integrated_s2_characters.txt
han_8826,1047.1.1,1046.1.1,1,,,zz_hd_integrated_s2_characters.txt
han_8829,1047.1.1,1046.1.1,1,,,zz_hd_integrated_s2_characters.txt
han_8832,1047.1.1,1046.1.1,1,,,zz_hd_integrated_s2_characters.txt
han_8835,1047.1.1,1045.1.1,2,,,zz_hd_integrated_s2_characters.txt
han_8847,1047.1.1,1045.1.1,2,,,zz_hd_integrated_s2_characters.txt
han_8869,1048.1.1,1047.1.1,1,,,zz_hd_integrated_s2_characters.txt
han_887,682.1.1,680.1.1,2,,,zz_hd_integrated_s2_characters.txt
han_8873,1048.1.1,1047.1.1,1,,,zz_hd_integrated_s2_characters.txt
han_8875,1048.1.1,1046.1.1,2,,,zz_hd_integrated_s2_characters.txt
han_8877,1048.1.1,1046.1.1,2,,,zz_hd_integrated_s2_characters.txt
han_8886,1048.1.1,1047.1.1,1,,,zz_hd_integrated_s2_characters.txt
han_8888,1048.1.1,1046.1.1,2,,,zz_hd_integrated_s2_characters.txt
han_8910,1048.1.1,1046.1.1,2,,,zz_hd_integrated_s2_characters.txt
han_8918,1049.1.1,1047.1.1,2,,,zz_hd_integrated_s2_characters.txt
han_8922,1049.1.1,1048.1.1,1,,,zz_hd_integrated_s2_characters.txt
han_8933,1049.1.1,1047.1.1,2,,,zz_hd_integrated_s2_characters.txt
han_8934,1049.1.1,1046.1.1,3,,,zz_hd_integrated_s2_characters.txt
han_8935,1049.1.1,1048.1.1,1,,,zz_hd_integrated_s2_characters.txt
han_8969,1050.1.1,1047.1.1,3,,,zz_hd_integrated_s2_characters.txt
han_8970,1050.1.1,1048.1.1,2,,,zz_hd_integrated_s2_characters.txt
han_8981,1050.1.1,1048.1.1,2,,,zz_hd_integrated_s2_characters.txt
han_8986,1050.1.1,1047.1.1,3,,,zz_hd_integrated_s2_characters.txt
han_8988,1050.1.1,1049.1.1,1,,,zz_hd_integrated_s2_characters.txt
han_90014,965.1.1,962.1.1,3,,,zz_hd_integrated_s2_characters.txt
han_90026,534.1.1,529.1.1,5,,,zz_hd_integrated_s2_characters.txt
han_9019,1051.1.1,1049.1.1,2,,,zz_hd_integrated_s2_characters.txt
han_9032,1051.1.1,1050.1.1,1,,,zz_hd_integrated_s2_characters.txt
han_9042,1051.1.1,1050.1.1,1,,,zz_hd_integrated_s2_characters.txt
han_9043,1051.1.1,1049.1.1,2,,,zz_hd_integrated_s2_characters.txt
han_9048,1051.1.1,1049.1.1,2,,,zz_hd_integrated_s2_characters.txt
han_9052,1051.1.1,1049.1.1,2,,,zz_hd_integrated_s2_characters.txt
han_9073,1052.1.1,1051.1.1,1,,,zz_hd_integrated_s2_characters.txt
han_9080,1052.1.1,1051.1.1,1,,,zz_hd_integrated_s2_characters.txt
han_91,475.1.1,473.1.1,2,,,zz_hd_integrated_s2_characters.txt
han_9108,1053.1.1,1051.1.1,2,,,zz_hd_integrated_s2_characters.txt
han_911,685.1.1,684.1.1,1,,,zz_hd_integrated_s2_characters.txt
han_9110,1053.1.1,1051.1.1,2,,,zz_hd_integrated_s2_characters.txt
han_9115,1053.1.1,1052.1.1,1,,,zz_hd_integrated_s2_characters.txt
han_912,686.1.1,684.1.1,2,,,zz_hd_integrated_s2_characters.txt
han_9134,1053.1.1,1052.1.1,1,,,zz_hd_integrated_s2_characters.txt
han_9139,1054.1.1,1052.1.1,2,,,zz_hd_integrated_s2_characters.txt
han_9153,1054.1.1,1053.1.1,1,,,zz_hd_integrated_s2_characters.txt
han_9156,1054.1.1,1052.1.1,2,,,zz_hd_integrated_s2_characters.txt
han_916,686.1.1,684.1.1,2,,,zz_hd_integrated_s2_characters.txt
han_9161,1054.1.1,1052.1.1,2,,,zz_hd_integrated_s2_characters.txt
han_9162,1054.1.1,1053.1.1,1,,,zz_hd_integrated_s2_characters.txt
han_917,686.1.1,684.1.1,2,,,zz_hd_integrated_s2_characters.txt
han_9188,1055.1.1,1053.1.1,2,,,zz_hd_integrated_s2_characters.txt
han_9190,1055.1.1,1053.1.1,2,,,zz_hd_integrated_s2_characters.txt
han_9193,1055.1.1,1054.1.1,1,,,zz_hd_integrated_s2_characters.txt
han_9195,1055.1.1,1053.1.1,2,,,zz_hd_integrated_s2_characters.txt
han_9198,1055.1.1,1053.1.1,2,,,zz_hd_integrated_s2_characters.txt
han_9199,1055.1.1,1053.1.1,2,,,zz_hd_integrated_s2_characters.txt
han_92,476.1.1,474.1.1,2,,,zz_hd_integrated_s2_characters.txt
han_9210,1055.1.1,1053.1.1,2,,,zz_hd_integrated_s2_characters.txt
han_9217,1055.1.1,1054.1.1,1,,,zz_hd_integrated_s2_characters.txt
han_925,687.1.1,686.1.1,1,,,zz_hd_integrated_s2_characters.txt
han_9259,1056.1.1,1055.1.1,1,,,zz_hd_integrated_s2_characters.txt
han_9260,1056.1.1,1055.1.1,1,,,zz_hd_integrated_s2_characters.txt
han_9263,1056.1.1,1055.1.1,1,,,zz_hd_integrated_s2_characters.txt
han_927,687.1.1,685.1.1,2,,,zz_hd_integrated_s2_characters.txt
han_9271,1056.1.1,1054.1.1,2,,,zz_hd_integrated_s2_characters.txt
han_9281,1056.1.1,1054.1.1,2,,,zz_hd_integrated_s2_characters.txt
han_9284,1057.1.1,1056.1.1,1,,,zz_hd_integrated_s2_characters.txt
han_9289,1057.1.1,1055.1.1,2,,,zz_hd_integrated_s2_characters.txt
han_9291,1057.1.1,1056.1.1,1,,,zz_hd_integrated_s2_characters.txt
han_9295,1057.1.1,1056.1.1,1,,,zz_hd_integrated_s2_characters.txt
han_9297,1057.1.1,1055.1.1,2,,,zz_hd_integrated_s2_characters.txt
han_930,687.1.1,685.1.1,2,,,zz_hd_integrated_s2_characters.txt
han_9309,1057.1.1,1055.1.1,2,,,zz_hd_integrated_s2_characters.txt
han_931,688.1.1,686.1.1,2,,,zz_hd_integrated_s2_characters.txt
han_9325,1057.1.1,1055.1.1,2,,,zz_hd_integrated_s2_characters.txt
han_9329,1057.1.1,1056.1.1,1,,,zz_hd_integrated_s2_characters.txt
han_9330,1057.1.1,1056.1.1,1,,,zz_hd_integrated_s2_characters.txt
han_9347,1058.1.1,1056.1.1,2,,,zz_hd_integrated_s2_characters.txt
han_9348,1058.1.1,1057.1.1,1,,,zz_hd_integrated_s2_characters.txt
han_9349,1058.1.1,1057.1.1,1,,,zz_hd_integrated_s2_characters.txt
han_9350,1058.1.1,1056.1.1,2,,,zz_hd_integrated_s2_characters.txt
han_937,688.1.1,686.1.1,2,,,zz_hd_integrated_s2_characters.txt
han_9376,1059.1.1,1057.1.1,2,,,zz_hd_integrated_s2_characters.txt
han_9383,1059.1.1,1057.1.1,2,,,zz_hd_integrated_s2_characters.txt
han_9390,1059.1.1,1057.1.1,2,,,zz_hd_integrated_s2_characters.txt
han_9399,1059.1.1,1056.1.1,3,,,zz_hd_integrated_s2_characters.txt
han_9400,1059.1.1,1058.1.1,1,,,zz_hd_integrated_s2_characters.txt
han_9404,1059.1.1,1057.1.1,2,,,zz_hd_integrated_s2_characters.txt
han_9406,1059.1.1,1057.1.1,2,,,zz_hd_integrated_s2_characters.txt
han_9416,1059.1.1,1057.1.1,2,,,zz_hd_integrated_s2_characters.txt
han_9417,1059.1.1,1058.1.1,1,,,zz_hd_integrated_s2_characters.txt
han_9431,1059.1.1,1057.1.1,2,,,zz_hd_integrated_s2_characters.txt
han_9437,1060.1.1,1058.1.1,2,,,zz_hd_integrated_s2_characters.txt
han_9454,1060.1.1,1058.1.1,2,,,zz_hd_integrated_s2_characters.txt
han_9457,1060.1.1,1059.1.1,1,,,zz_hd_integrated_s2_characters.txt
han_9463,1060.1.1,1058.1.1,2,,,zz_hd_integrated_s2_characters.txt
han_9465,1060.1.1,1059.1.1,1,,,zz_hd_integrated_s2_characters.txt
han_9487,1061.1.1,1060.1.1,1,,,zz_hd_integrated_s2_characters.txt
han_9497,1061.1.1,1060.1.1,1,,,zz_hd_integrated_s2_characters.txt
han_950,689.1.1,687.1.1,2,,,zz_hd_integrated_s2_characters.txt
han_9506,1061.1.1,1060.1.1,1,,,zz_hd_integrated_s2_characters.txt
han_9509,1061.1.1,1060.1.1,1,,,zz_hd_integrated_s2_characters.txt
han_9510,1061.1.1,1059.1.1,2,,,zz_hd_integrated_s2_characters.txt
han_9531,1062.1.1,1061.1.1,1,,,zz_hd_integrated_s2_characters.txt
han_9534,1062.1.1,1061.1.1,1,,,zz_hd_integrated_s2_characters.txt
han_9539,1062.1.1,1061.1.1,1,,,zz_hd_integrated_s2_characters.txt
han_9540,1062.1.1,1060.1.1,2,,,zz_hd_integrated_s2_characters.txt
han_9558,1062.1.1,1060.1.1,2,,,zz_hd_integrated_s2_characters.txt
han_9567,1063.1.1,1062.1.1,1,,,zz_hd_integrated_s2_characters.txt
han_9578,1063.1.1,1062.1.1,1,,,zz_hd_integrated_s2_characters.txt
han_958,690.1.1,689.1.1,1,,,zz_hd_integrated_s2_characters.txt
han_9583,1063.1.1,1062.1.1,1,,,zz_hd_integrated_s2_characters.txt
han_9593,1063.1.1,1061.1.1,2,,,zz_hd_integrated_s2_characters.txt
han_9620,1064.1.1,1062.1.1,2,,,zz_hd_integrated_s2_characters.txt
han_9621,1064.1.1,1062.1.1,2,,,zz_hd_integrated_s2_characters.txt
han_9629,1064.1.1,1060.1.1,4,,,zz_hd_integrated_s2_characters.txt
han_9631,1064.1.1,1062.1.1,2,,,zz_hd_integrated_s2_characters.txt
han_966,691.1.1,689.1.1,2,,,zz_hd_integrated_s2_characters.txt
han_9667,1065.1.1,1064.1.1,1,,,zz_hd_integrated_s2_characters.txt
han_9679,1065.1.1,1063.1.1,2,,,zz_hd_integrated_s2_characters.txt
han_9683,1065.1.1,1062.1.1,3,,,zz_hd_integrated_s2_characters.txt
han_9684,1065.1.1,1063.1.1,2,,,zz_hd_integrated_s2_characters.txt
han_9694,1065.1.1,1064.1.1,1,,,zz_hd_integrated_s2_characters.txt
han_9704,1065.1.1,1064.1.1,1,,,zz_hd_integrated_s2_characters.txt
han_9707,1065.1.1,1063.1.1,2,,,zz_hd_integrated_s2_characters.txt
han_9714,1066.1.1,1064.1.1,2,,,zz_hd_integrated_s2_characters.txt
han_9716,1066.1.1,1065.1.1,1,,,zz_hd_integrated_s2_characters.txt
han_9720,1066.1.1,1065.1.1,1,,,zz_hd_integrated_s2_characters.txt
han_9721,1066.1.1,1065.1.1,1,,,zz_hd_integrated_s2_characters.txt
han_9722,1066.1.1,1065.1.1,1,,,zz_hd_integrated_s2_characters.txt
han_9735,1066.1.1,1065.1.1,1,,,zz_hd_integrated_s2_characters.txt
han_975,692.1.1,690.1.1,2,,,zz_hd_integrated_s2_characters.txt
han_9759,1066.1.1,1064.1.1,2,,,zz_hd_integrated_s2_characters.txt
han_9765,1067.1.1,1065.1.1,2,,,zz_hd_integrated_s2_characters.txt
han_9772,1067.1.1,1066.1.1,1,,,zz_hd_integrated_s2_characters.txt
han_978,693.1.1,691.1.1,2,,,zz_hd_integrated_s2_characters.txt
han_9820,1068.1.1,1066.1.1,2,,,zz_hd_integrated_s2_characters.txt
han_9832,1069.1.1,1065.1.1,4,,,zz_hd_integrated_s2_characters.txt
han_9835,1069.1.1,1066.1.1,3,,,zz_hd_integrated_s2_characters.txt
han_9852,1069.1.1,1067.1.1,2,,,zz_hd_integrated_s2_characters.txt
han_986,694.1.1,692.1.1,2,,,zz_hd_integrated_s2_characters.txt
han_9864,1070.1.1,1069.1.1,1,,,zz_hd_integrated_s2_characters.txt
han_9867,1070.1.1,1069.1.1,1,,,zz_hd_integrated_s2_characters.txt
han_9894,1071.1.1,1069.1.1,2,,,zz_hd_integrated_s2_characters.txt
han_9924,1072.1.1,1068.1.1,4,,,zz_hd_integrated_s2_characters.txt
han_9933,1072.1.1,1071.1.1,1,,,zz_hd_integrated_s2_characters.txt
han_9938,1072.1.1,1070.1.1,2,,,zz_hd_integrated_s2_characters.txt
han_994,695.1.1,693.1.1,2,,,zz_hd_integrated_s2_characters.txt
han_9948,1072.1.1,1070.1.1,2,,,zz_hd_integrated_s2_characters.txt
han_9950,1072.1.1,1071.1.1,1,,,zz_hd_integrated_s2_characters.txt
han_9952,1072.1.1,1071.1.1,1,,,zz_hd_integrated_s2_characters.txt
han_9955,1073.1.1,1071.1.1,2,,,zz_hd_integrated_s2_characters.txt
han_9964,1073.1.1,1071.1.1,2,,,zz_hd_integrated_s2_characters.txt
han_9983,1074.1.1,1073.1.1,1,,,zz_hd_integrated_s2_characters.txt
han_9998,1074.1.1,1072.1.1,2,,,zz_hd_integrated_s2_characters.txt
han_bo_zhou,410.1.1,409.1.1,1,,,zz_hd_integrated_s1_characters.txt
han_fu,149.7.1,146.7.1,3,是,是,east_asian_han_180_200.txt
han_zhen_2,465.1.1,464.1.1,1,,,zz_hd_integrated_s1_characters.txt
he_lan_xiang,515.1.1,513.1.1,2,,,zz_hd_integrated_s1_characters.txt
he_mou_7,465.1.1,462.1.1,3,,,zz_hd_integrated_s1_characters.txt
hedong_liu_021,552.1.1,544.1.1,8,,,00_sili.txt
hedong_liu_044,591.1.1,562.1.1,29,,,00_sili.txt
hedong_liu_048,661.1.1,631.1.1,30,,,00_sili.txt
hedong_liu_055,692.1.1,674.1.1,18,,,00_sili.txt
hedong_liu_057,631.1.1,629.1.1,2,,,00_sili.txt
hedong_liu_058,652.1.1,647.1.1,5,,,00_sili.txt
hedong_liu_066,562.1.1,560.1.1,2,,,00_sili.txt
hedong_liu_069,600.1.1,578.1.1,22,,,00_sili.txt
hedong_liu_070,636.1.1,596.1.1,40,,,00_sili.txt
hedong_liu_195,483.1.1,482.1.1,1,,,00_sili.txt
hedong_liu_219,633.1.1,615.1.1,18,,,00_sili.txt
hedong_liu_227,413.1.1,408.1.1,5,,,00_sili.txt
hedong_liu_263,657.1.1,652.1.1,5,,,00_sili.txt
hedong_wuqiu_002,199.1.1,198.1.1,1,,,00_sili.txt
hedong_xue_shao,432.1.1,396.1.1,36,,,zz_hd_integrated_s1_characters.txt
hedong_xue_shou_ren,432.1.1,414.1.1,18,,,zz_hd_integrated_s1_characters.txt
hejian_xing_014,399.1.1,378.1.1,21,,,00_jizhou.txt
helian_008,440.1.1,438.1.1,2,,,01_shiliuguozhu.txt
henan_dou_010,598.1.1,594.1.1,4,,,zz_hd_integrated_s2_characters.txt
henan_dou_016,589.1.1,584.1.1,5,,,zz_hd_integrated_s2_characters.txt
henan_dou_028,557.1.1,556.1.1,1,,,zz_hd_integrated_s2_characters.txt
henan_dou_061,613.1.1,611.1.1,2,,,zz_hd_integrated_s2_characters.txt
henan_dou_104,684.1.1,682.1.1,2,,,zz_hd_integrated_s2_characters.txt
henan_dou_148,632.1.1,631.1.1,1,,,zz_hd_integrated_s2_characters.txt
henan_dou_176,650.1.1,638.1.1,12,,,zz_hd_integrated_s2_characters.txt
henan_dou_177,668.1.1,666.1.1,2,,,zz_hd_integrated_s2_characters.txt
henan_dou_180,682.1.1,656.1.1,26,,,zz_hd_integrated_s2_characters.txt
henan_dou_183,699.1.1,684.1.1,15,,,zz_hd_integrated_s2_characters.txt
henan_dou_192,738.1.1,737.1.1,1,,,zz_hd_integrated_s2_characters.txt
henan_dou_206,653.1.1,645.1.1,8,,,zz_hd_integrated_s2_characters.txt
henan_dou_224,625.1.1,622.1.1,3,,,zz_hd_integrated_s2_characters.txt
henan_dou_226,643.1.1,640.1.1,3,,,zz_hd_integrated_s2_characters.txt
henan_dou_287,633.1.1,628.1.1,5,,,zz_hd_integrated_s2_characters.txt
henan_dou_293,672.1.1,655.1.1,17,,,zz_hd_integrated_s2_characters.txt
henan_dou_323,664.1.1,662.1.1,2,,,zz_hd_integrated_s2_characters.txt
henan_dou_340,647.1.1,640.1.1,7,,,zz_hd_integrated_s2_characters.txt
henan_dou_341,676.1.1,658.1.1,18,,,zz_hd_integrated_s2_characters.txt
henan_qiu_005,459.1.1,456.1.1,3,,,01_dishishixing.txt
henan_qiu_006,478.1.1,474.1.1,4,,,01_dishishixing.txt
henan_qiu_010,582.1.1,581.1.1,1,,,01_dishishixing.txt
heruo_005,544.1.1,542.1.1,2,,,01_neirenzhubu.txt
houmochen_000,470.1.1,467.1.1,3,,,01_neirenzhubu.txt
houmochen_005,490.1.1,489.1.1,1,,,01_neirenzhubu.txt
huainan_tuoba_001,439.1.1,438.1.1,1,,,01_dishishixing.txt
huainan_tuoba_008,441.1.1,434.1.1,7,,,01_dishishixing.txt
huang_fu_song,129.1.1,127.1.1,2,是,是,00_liangzhou.txt
imperial_sui_2,569.1.1,566.1.1,3,,,zz_hd_integrated_s2_characters.txt
jiang_qin,168.7.1,167.7.1,1,是,是,east_asian_yangzhou_180_200.txt
jiangxia_fei_0004,260.1.1,257.1.1,3,,,00_jingzhou.txt
jiangxia_fei_0006,277.1.1,275.1.1,2,,,00_jingzhou.txt
jianning_cuan_xi,177.1.1,166.1.1,11,是,是,zz_hd_integrated_s1_characters.txt
jiaozhi_du_hui_du,374.1.1,372.1.1,2,,,00_jiaozhou.txt
jingman_fan_001,466.1.1,464.1.1,2,,,01_neirenzhubu.txt
juqu_004,352.1.1,350.1.1,2,,,01_shiliuguozhu.txt
juqu_005,344.1.1,342.1.1,2,,,01_shiliuguozhu.txt
ke_bi_neng,160.7.1,155.7.1,5,是,是,east_asian_xianbei_180_200.txt
ke_hun_luan_bei,140.7.1,137.7.1,3,是,是,east_asian_xianbei_180_200.txt
kong_jun,2.7.1,-2.7.1,4,是,是,east_asian_yuzhou_dead_before_180.txt
kuaiji_he_022,481.1.1,478.1.1,3,,,00_yangzhou.txt
kuaiji_he_029,465.1.1,460.1.1,5,,,00_yangzhou.txt
kuaiji_he_030,480.1.1,478.1.1,2,,,00_yangzhou.txt
kuaiji_he_031,500.1.1,496.1.1,4,,,00_yangzhou.txt
kuaiji_kong_0065,417.1.1,409.1.1,8,,,00_yangzhou.txt
kuaiji_kong_0069,430.1.1,427.1.1,3,,,00_yangzhou.txt
kuaiji_xie_018,280.1.1,277.1.1,3,,,00_yangzhou.txt
lai_leng,60.7.1,53.7.1,7,是,是,00_jingzhou.txt
lai_li,88.1.1,72.1.1,16,是,是,00_jingzhou.txt
langya_wang_cheng,269.1.1,264.1.1,5,,,00_xuzhou.txt
lean_gao_002,350.1.1,349.1.1,1,,,00_qingzhou.txt
lean_sun_dan,119.1.1,114.1.1,5,是,是,00_qingzhou.txt
lelang_wang_005,420.1.1,416.1.1,4,,,00_youzhou.txt
li_huai,114.7.1,112.7.1,2,是,是,zz_hd_restored_parents.txt
li_juan,98.7.1,94.7.1,4,是,是,zz_hd_restored_parents.txt
li_luo,118.7.1,113.7.1,5,是,是,00_liangzhou.txt
li_zhang,132.7.1,130.7.1,2,是,是,00_liangzhou.txt
liaoxi_duan_000,220.1.1,216.1.1,4,,,01_shiliuguozhu.txt
liaoxi_duan_001,238.1.1,234.1.1,4,,,01_shiliuguozhu.txt
liaoxi_duan_002,240.1.1,239.1.1,1,,,01_shiliuguozhu.txt
liaoxi_duan_003,260.1.1,257.1.1,3,,,01_shiliuguozhu.txt
liaoxi_duan_012,292.1.1,289.1.1,3,,,01_shiliuguozhu.txt
liaoxi_duan_014,260.1.1,252.1.1,8,,,01_shiliuguozhu.txt
liaoxi_duan_033,380.1.1,369.1.1,11,,,01_shiliuguozhu.txt
liaoxi_duan_034,410.1.1,387.1.1,23,,,01_shiliuguozhu.txt
liaoxi_duan_050,415.1.1,405.1.1,10,,,01_shiliuguozhu.txt
liaoxi_duan_051,431.1.1,423.1.1,8,,,01_shiliuguozhu.txt
liaoxi_duan_052,448.1.1,441.1.1,7,,,01_shiliuguozhu.txt
liaoxi_duan_053,465.1.1,459.1.1,6,,,01_shiliuguozhu.txt
liaoxi_duan_054,480.1.1,477.1.1,3,,,01_shiliuguozhu.txt
liaoxi_duan_mou_3,380.1.1,372.1.1,8,,,zz_hd_integrated_s1_characters.txt
liaoxi_duan_mou_4,410.1.1,390.1.1,20,,,zz_hd_integrated_s1_characters.txt
liaoxi_duan_mou_5,415.1.1,408.1.1,7,,,zz_hd_integrated_s1_characters.txt
liaoxi_duan_mou_6,431.1.1,426.1.1,5,,,zz_hd_integrated_s1_characters.txt
liaoxi_duan_mou_7,448.1.1,444.1.1,4,,,zz_hd_integrated_s1_characters.txt
liaoxi_duan_mou_8,465.1.1,462.1.1,3,,,zz_hd_integrated_s1_characters.txt
liu_chan,207.7.1,205.7.1,2,,,00_youzhou.txt
liu_da,57.7.1,53.7.1,4,是,是,01_peiguo_liu.txt
liu_ding_3,140.7.1,139.7.1,1,是,是,01_peiguo_liu.txt
liu_fu_hu,91.7.1,90.7.1,1,是,是,01_peiguo_liu.txt
liu_kang_2,74.7.1,72.7.1,2,是,是,01_peiguo_liu.txt
liu_li,122.7.1,121.7.1,1,是,是,01_peiguo_liu.txt
liu_liang,2.7.1,0.7.1,2,是,是,01_peiguo_liu.txt
liu_qing,78.7.1,71.7.1,7,是,是,01_peiguo_liu.txt
liu_shu_2,120.7.1,117.7.1,3,是,是,01_peiguo_liu.txt
liu_yan_5,135.7.1,132.7.1,3,是,是,00_jingzhou.txt
longkang_huan_012,173.1.1,172.1.1,1,是,是,00_yuzhou.txt
longkang_huan_019,320.1.1,314.1.1,6,,,00_yuzhou.txt
longkang_huan_024,356.1.1,350.1.1,6,,,00_yuzhou.txt
longkang_huan_026,360.1.1,346.1.1,14,,,00_yuzhou.txt
longkang_huan_034,333.1.1,332.1.1,1,,,00_yuzhou.txt
longxi_li_004,334.1.1,333.1.1,1,,,00_liangzhou.txt
longxi_xin_da_han,476.1.1,470.1.1,6,,,zz_hd_integrated_s1_characters.txt
lou_mou,335.1.1,332.1.1,3,,,zz_hd_integrated_s1_characters.txt
lu_dao_qian,476.1.1,472.1.1,4,,,zz_hd_integrated_s1_characters.txt
lu_gao_gui,475.1.1,470.1.1,5,,,zz_hd_integrated_s1_characters.txt
lu_qin,223.1.1,222.1.1,1,,,east_asian_han_180_200.txt
lu_xi_dao,480.1.1,473.1.1,7,,,zz_hd_integrated_s1_characters.txt
lu_zi_zhang,497.1.1,495.1.1,2,,,zz_hd_integrated_s1_characters.txt
lueyang_fu_003,317.1.1,314.1.1,3,,,01_shiliuguozhu.txt
lueyang_fu_004,320.1.1,316.1.1,4,,,01_shiliuguozhu.txt
lueyang_fu_007,335.1.1,334.1.1,1,,,01_shiliuguozhu.txt
lueyang_fu_012,340.1.1,332.1.1,8,,,01_shiliuguozhu.txt
lueyang_fu_020,338.1.1,334.1.1,4,,,01_shiliuguozhu.txt
lueyang_lv_002,337.1.1,333.1.1,4,,,01_shiliuguozhu.txt
lueyang_lv_005,344.1.1,342.1.1,2,,,01_shiliuguozhu.txt
lueyang_lv_014,361.1.1,360.1.1,1,,,01_shiliuguozhu.txt
lueyang_quan_056,736.1.1,722.1.1,14,,,zz_hd_integrated_s2_characters.txt
lujiang_he_016,368.1.1,364.1.1,4,,,00_yangzhou.txt
lujiang_he_022,418.1.1,415.1.1,3,,,00_yangzhou.txt
lujiang_he_054,398.1.1,397.1.1,1,,,00_yangzhou.txt
lujiang_zhou_003,260.1.1,251.1.1,9,,,00_yangzhou.txt
lujiang_zhou_004,280.1.1,269.1.1,11,,,00_yangzhou.txt
lujiang_zhou_007,293.1.1,287.1.1,6,,,00_yangzhou.txt
lujiang_zhou_011,346.1.1,344.1.1,2,,,00_yangzhou.txt
lv_da_fei,379.1.1,372.1.1,7,,,zz_hd_integrated_s1_characters.txt
man_chong,170.7.1,160.7.1,10,是,是,east_asian_yanzhou_180_200.txt
mu_gu_lv,240.1.1,236.1.1,4,,,zz_hd_integrated_s1_characters.txt
nanyang_fan_000,231.1.1,222.1.1,9,,,00_jingzhou.txt
nanyang_fan_001,258.1.1,240.1.1,18,,,00_jingzhou.txt
nanyang_fan_008,339.1.1,337.1.1,2,,,00_jingzhou.txt
nanyang_fan_022,425.1.1,422.1.1,3,,,00_jingzhou.txt
nanyang_fan_029,434.1.1,433.1.1,1,,,00_jingzhou.txt
nanyang_le_018,540.1.1,537.1.1,3,,,00_jingzhou.txt
nanzu_li_005,378.1.1,376.1.1,2,,,00_jizhou.txt
pang_de_gong,163.7.1,158.7.1,5,是,是,00_jingzhou.txt
peixian_liu_003,340.1.1,338.1.1,2,,,01_peiguo_liu.txt
peixian_liu_005,374.1.1,356.1.1,18,,,01_peiguo_liu.txt
pengcheng_sima_004,303.1.1,288.1.1,15,,,zz_hd_integrated_s1_characters.txt
pingyuan_liu_003,421.1.1,418.1.1,3,,,00_qingzhou.txt
pu_hun,349.1.1,347.1.1,2,,,zz_hd_integrated_s1_characters.txt
punai_006,384.1.1,378.1.1,6,,,01_dishishixing.txt
punai_007,414.1.1,396.1.1,18,,,01_dishishixing.txt
qifu_003,336.1.1,322.1.1,14,,,01_shiliuguozhu.txt
qifu_004,349.1.1,340.1.1,9,,,01_shiliuguozhu.txt
qifu_005,364.1.1,362.1.1,2,,,01_shiliuguozhu.txt
qifu_008,365.1.1,358.1.1,7,,,01_shiliuguozhu.txt
qifu_010,381.1.1,376.1.1,5,,,01_shiliuguozhu.txt
qifu_025,396.1.1,394.1.1,2,,,01_shiliuguozhu.txt
qixian_wang_020,289.1.1,283.1.1,6,,,00_bingzhou.txt
runan_ying_013,108.1.1,79.1.1,29,是,是,00_yuzhou.txt
runan_ying_014,82.1.1,61.1.1,21,是,是,00_yuzhou.txt
runan_ying_015,54.1.1,43.1.1,11,是,是,00_yuzhou.txt
shangdang_shi_003,274.1.1,272.1.1,2,,,01_shiliuguozhu.txt
shangdang_shi_017,318.1.1,317.1.1,1,,,01_shiliuguozhu.txt
shanggu_kou_001,347.1.1,345.1.1,2,,,00_youzhou.txt
shaodang_yao_004,321.1.1,319.1.1,2,,,01_shiliuguozhu.txt
shedi_006,535.1.1,532.1.1,3,,,01_shiliuguozhu.txt
shedi_009,541.1.1,536.1.1,5,,,01_shiliuguozhu.txt
si_ma_chong_zhi,382.1.1,364.1.1,18,,,zz_hd_integrated_s1_characters.txt
si_ma_hong_zhi,346.1.1,328.1.1,18,,,zz_hd_integrated_s1_characters.txt
si_ma_hun,268.1.1,264.1.1,4,,,zz_hd_integrated_s1_characters.txt
si_ma_liang_2,228.7.1,227.7.1,1,,,zz_hd_integrated_s1_characters.txt
si_ma_shao_zhi,365.1.1,346.1.1,19,,,zz_hd_integrated_s1_characters.txt
si_ma_shi_13,280.1.1,270.1.1,10,,,zz_hd_integrated_s1_characters.txt
si_ma_tao,284.1.1,282.1.1,2,,,zz_hd_integrated_s1_characters.txt
si_ma_wei,271.7.1,268.7.1,3,,,zz_hd_integrated_s1_characters.txt
si_ma_xuan,320.1.1,310.1.1,10,,,zz_hd_integrated_s1_characters.txt
si_ma_you_2,248.7.1,244.7.1,4,,,zz_hd_restored_parents.txt
si_ma_yu_2,320.1.1,305.1.1,15,,,zz_hd_integrated_s1_characters.txt
su_ze,170.7.1,169.7.1,1,是,是,east_asian_han_180_200.txt
sun_jing,160.7.1,158.7.1,2,是,是,00_yangzhou.txt
sun_zhong,135.1.1,132.1.1,3,是,是,00_yangzhou.txt
taishan_yang_052,458.1.1,449.1.1,9,,,00_yanzhou.txt
taishan_yang_053,476.1.1,467.1.1,9,,,00_yanzhou.txt
taishan_yang_054,480.1.1,474.1.1,6,,,00_yanzhou.txt
taishan_yang_055,498.1.1,485.1.1,13,,,00_yanzhou.txt
taiyuan_guo_024,477.1.1,476.1.1,1,,,00_bingzhou.txt
taiyuan_wang_020,329.1.1,328.1.1,1,,,00_bingzhou.txt
taiyuan_wang_033,223.1.1,222.1.1,1,,,00_bingzhou.txt
taiyuan_wang_066,375.1.1,373.1.1,2,,,00_bingzhou.txt
tianshui_zhao_041,631.1.1,613.1.1,18,,,zz_hd_integrated_s2_characters.txt
tianshui_zhao_shi_liang,520.1.1,509.1.1,11,,,zz_hd_integrated_s1_characters.txt
tufa_003,219.1.1,218.1.1,1,,,01_shiliuguozhu.txt
tuo_ba_tan_shi_huai,137.7.1,135.7.1,2,是,是,east_asian_xianbei_180_200.txt
tuo_ba_zhe_ju,154.7.1,153.7.1,1,是,是,east_asian_xianbei_dead_before_180.txt
tuoba_003,275.1.1,272.1.1,3,,,01_dishishixing.txt
tuoba_005,320.1.1,316.1.1,4,,,01_dishishixing.txt
tuoba_011,371.8.4,370.8.4,1,,,01_dishishixing.txt
tuoba_013,392.1.1,389.1.1,3,,,01_dishishixing.txt
tuoba_jingzhao,405.1.1,403.1.1,2,,,01_dishishixing.txt
tuoba_leping,410.1.1,407.1.1,3,,,01_dishishixing.txt
tuoba_nanping,420.1.1,417.1.1,3,,,01_dishishixing.txt
tuoba_yangping,399.1.1,398.1.1,1,,,01_dishishixing.txt
tuoba_yigui,338.1.1,334.1.1,4,,,01_dishishixing.txt
tuwan_003,454.1.1,452.1.1,2,,,01_neirenzhubu.txt
tuwan_004,471.1.1,470.1.1,1,,,01_neirenzhubu.txt
wang_cheng,146.7.1,145.7.1,1,是,是,east_asian_han_180_200.txt
wang_hei_nuo,300.1.1,298.1.1,2,,,zz_hd_integrated_s1_characters.txt
wang_jian_zi_si_hui,477.1.1,469.1.1,8,,,00_xuzhou.txt
wang_jian_zi_zhong_bao,452.1.1,451.1.1,1,,,00_xuzhou.txt
wang_mou_6,376.1.1,374.1.1,2,,,zz_hd_integrated_s1_characters.txt
wang_mou_7,393.1.1,392.1.1,1,,,zz_hd_integrated_s1_characters.txt
wang_tian,314.1.1,312.1.1,2,,,00_xuzhou.txt
wang_wan_qing,388.1.1,386.1.1,2,,,00_xuzhou.txt
wang_xun_zi_huai_fan,511.1.1,487.1.1,24,,,00_xuzhou.txt
wang_yi_8,276.1.1,275.1.1,1,,,00_xuzhou.txt
wei_gan,125.7.1,120.7.1,5,是,是,east_asian_han_dead_before_180.txt
wei_gu_zhen,350.1.1,345.1.1,5,,,zz_hd_integrated_s1_characters.txt
wei_jing_jun,481.1.1,463.1.1,18,,,zz_hd_integrated_s1_characters.txt
wei_na_2,400.1.1,397.1.1,3,,,zz_hd_integrated_s1_characters.txt
wei_nuo,365.1.1,362.1.1,3,,,zz_hd_integrated_s1_characters.txt
wei_xu_2,450.1.1,445.1.1,5,,,zz_hd_integrated_s1_characters.txt
wei_yi_wan,368.1.1,363.1.1,5,,,zz_hd_integrated_s1_characters.txt
wei_zhao,145.7.1,138.7.1,7,是,是,east_asian_han_180_200.txt
wen_pin,178.7.1,166.7.1,12,是,是,east_asian_jingzhou_180_200.txt
wu_jie,381.1.1,378.1.1,3,,,zz_hd_integrated_s1_characters.txt
wu_kuang,156.7.1,153.7.1,3,是,是,00_yizhou.txt
wu_xian,152.7.1,147.7.1,5,是,是,00_yizhou.txt
wu_yun,132.7.1,129.7.1,3,是,是,00_yizhou.txt
wujun_gu_004,168.1.1,166.1.1,2,是,是,00_yangzhou.txt
wujun_gu_028,284.1.1,282.1.1,2,,,00_yangzhou.txt
wujun_gu_035,427.1.1,418.1.1,9,,,00_yangzhou.txt
wujun_gu_045,288.1.1,287.1.1,1,,,00_yangzhou.txt
wujun_zhang_027,409.1.1,408.1.1,1,,,00_yangzhou.txt
wuwan_005,334.1.1,332.1.1,2,,,01_neirenzhubu.txt
wuwan_006,354.1.1,352.1.1,2,,,01_neirenzhubu.txt
wuwan_014,376.1.1,373.1.1,3,,,01_neirenzhubu.txt
wuwan_015,393.1.1,391.1.1,2,,,01_neirenzhubu.txt
wuwan_016,410.1.1,409.1.1,1,,,01_neirenzhubu.txt
xi_he_guan,388.1.1,384.1.1,4,,,zz_hd_integrated_s1_characters.txt
xi_jin,369.1.1,366.1.1,3,,,zz_hd_integrated_s1_characters.txt
xi_mou,517.1.1,516.1.1,1,,,00_jingzhou.txt
xi_tan,320.1.1,319.1.1,1,,,zz_hd_integrated_s1_characters.txt
xia_hou_kui,483.1.1,479.1.1,4,,,zz_hd_integrated_s1_characters.txt
xia_hou_zhuang_2,228.1.1,225.1.1,3,,,zz_hd_integrated_s1_characters.txt
xiangyang_du_ji,387.1.1,386.1.1,1,,,zz_hd_integrated_s1_characters.txt
xingyang_mao_an_zhi,331.1.1,329.1.1,2,,,zz_hd_integrated_s1_characters.txt
xingyang_mao_mou,370.1.1,368.1.1,2,,,zz_hd_integrated_s1_characters.txt
xingye_deng_008,62.7.1,61.7.1,1,是,是,00_jingzhou.txt
xingye_deng_015,86.7.1,84.7.1,2,是,是,00_jingzhou.txt
xingye_deng_043,120.7.1,119.7.1,1,是,是,00_jingzhou.txt
xiongnu_liu_014,280.1.1,278.1.1,2,,,01_shiliuguozhu.txt
xiongnu_liu_015,308.1.1,296.1.1,12,,,01_shiliuguozhu.txt
xiongnu_liu_023,276.1.1,275.1.1,1,,,01_shiliuguozhu.txt
xiongnu_liu_027,294.1.1,293.1.1,1,,,01_shiliuguozhu.txt
xiongnu_liu_039,235.1.1,231.1.1,4,,,01_shiliuguozhu.txt
xiongnu_liu_050,381.1.1,376.1.1,5,,,01_shiliuguozhu.txt
xiongnu_liu_056,400.1.1,394.1.1,6,,,01_shiliuguozhu.txt
xiongnu_liu_058,402.1.1,398.1.1,4,,,01_shiliuguozhu.txt
xiongnu_liu_059,403.1.1,402.1.1,1,,,01_shiliuguozhu.txt
xunyang_tao_002,259.1.1,243.1.1,16,,,00_yangzhou.txt
xunyang_tao_005,277.1.1,261.1.1,16,,,00_yangzhou.txt
xunyang_tao_018,299.1.1,279.1.1,20,,,00_yangzhou.txt
xunyang_tao_019,330.1.1,297.1.1,33,,,00_yangzhou.txt
xunyang_tao_020,364.1.1,315.1.1,49,,,00_yangzhou.txt
yangxian_xu_001,1.1.1,-12.1.1,13,是,是,00_yangzhou.txt
yangxian_xu_002,16.1.1,6.1.1,10,是,是,00_yangzhou.txt
yangxian_xu_003,30.1.1,24.1.1,6,是,是,00_yangzhou.txt
yangxian_xu_008,45.1.1,42.1.1,3,是,是,00_yangzhou.txt
yifu_000,336.1.1,306.1.1,30,,,01_shiliuguozhu.txt
yifu_001,350.1.1,324.1.1,26,,,01_shiliuguozhu.txt
yifu_002,366.1.1,342.1.1,24,,,01_shiliuguozhu.txt
yifu_003,381.1.1,360.1.1,21,,,01_shiliuguozhu.txt
yifu_004,383.1.1,378.1.1,5,,,01_shiliuguozhu.txt
yifu_005,397.1.1,396.1.1,1,,,01_shiliuguozhu.txt
yifu_009,435.1.1,433.1.1,2,,,01_shiliuguozhu.txt
yifu_010,454.1.1,451.1.1,3,,,01_shiliuguozhu.txt
yifu_011,470.1.1,469.1.1,1,,,01_shiliuguozhu.txt
yifu_012,489.1.1,487.1.1,2,,,01_shiliuguozhu.txt
yigui_tuoba_001,355.1.1,352.1.1,3,,,01_dishishixing.txt
yingchuan_tang_002,120.1.1,117.1.1,3,是,是,00_yuzhou.txt
yingchuan_tang_qiong,194.1.1,193.1.1,1,,,zz_hd_integrated_s1_characters.txt
yingchuan_xun_013,218.1.1,212.1.1,6,,,00_yuzhou.txt
yingchuan_xun_043,222.1.1,221.1.1,1,,,00_yuzhou.txt
yingchuan_yu_007,256.1.1,253.1.1,3,,,00_yuzhou.txt
yingchuan_yu_013,255.1.1,251.1.1,4,,,00_yuzhou.txt
yingchuan_yu_041,327.1.1,323.1.1,4,,,00_yuzhou.txt
yingchuan_yu_055,388.1.1,384.1.1,4,,,00_yuzhou.txt
yingchuan_zhong_022,195.1.1,194.1.1,1,,,00_yuzhou.txt
yu_chi_chang_shou,407.1.1,406.1.1,1,,,zz_hd_integrated_s1_characters.txt
yu_chi_mou,330.1.1,327.1.1,3,,,zz_hd_integrated_s1_characters.txt
yu_chi_qi_dou,499.1.1,498.1.1,1,,,zz_hd_integrated_s1_characters.txt
yu_mou_5,371.1.1,364.1.1,7,,,zz_hd_integrated_s1_characters.txt
yu_mou_6,410.1.1,382.1.1,28,,,zz_hd_integrated_s1_characters.txt
yuan_tan_shen,466.1.1,448.1.1,18,,,zz_hd_integrated_s1_characters.txt
yujiulv_02,261.1.1,254.1.1,7,,,zz_hd_integrated_s1_characters.txt
yujiulv_03,277.1.1,272.1.1,5,,,zz_hd_integrated_s1_characters.txt
yujiulv_60004,479.1.1,477.1.1,2,,,zz_hd_integrated_s1_characters.txt
yujiulv_wujie_0001,399.1.1,396.1.1,3,,,zz_hd_integrated_s1_characters.txt
yujiulv_wujie_0002,415.1.1,414.1.1,1,,,zz_hd_integrated_s1_characters.txt
zhang_gao,121.7.1,118.7.1,3,是,是,00_liangzhou.txt
zhang_gong,160.7.1,158.7.1,2,是,是,east_asian_liangzhou_180_200.txt
zhang_gui_3,254.1.1,253.1.1,1,,,zz_hd_integrated_s1_characters.txt
zhang_huai,140.7.1,136.7.1,4,是,是,00_liangzhou.txt
zhang_huan,134.7.1,128.7.1,6,是,是,east_asian_han_dead_before_180.txt
zhang_lu,163.7.1,162.7.1,1,是,是,00_yizhou.txt
zhang_zhong_4,366.1.1,355.1.1,11,,,zz_hd_integrated_s1_characters.txt
zhang_zhong_hua,327.1.1,326.1.1,1,,,zz_hd_integrated_s1_characters.txt
zhang_zuo,326.1.1,325.1.1,1,,,zz_hd_integrated_s1_characters.txt
zhao_gou,88.7.1,87.7.1,1,是,是,east_asian_han_dead_before_180.txt
zhao_jie,123.7.1,118.7.1,5,是,是,east_asian_han_180_200.txt
zheng_bo_xia,442.1.1,437.1.1,5,,,zz_hd_integrated_s1_characters.txt
zheng_chong_2,226.1.1,207.1.1,19,,,zz_hd_integrated_s1_characters.txt
zheng_dao_yong,510.1.1,506.1.1,4,,,zz_hd_integrated_s1_characters.txt
zheng_zhong_4,469.1.1,455.1.1,14,,,zz_hd_integrated_s1_characters.txt
zheng_zi_jia_2,509.1.1,493.1.1,16,,,zz_hd_integrated_s1_characters.txt
zhongshan_liu_004,270.1.1,269.1.1,1,,,00_jizhou.txt
zhongshan_wang_001,434.1.1,432.1.1,2,,,00_jizhou.txt
zhongshan_wang_002,438.1.1,437.1.1,1,,,00_jizhou.txt
zhou_bu,414.1.1,396.1.1,18,,,zz_hd_integrated_s1_characters.txt
zhou_ji_2,384.1.1,378.1.1,6,,,zz_hd_integrated_s1_characters.txt
