判定,类别,全名,角色ID,女性,出生,死亡,184开局在世,年代段,文化,信仰,dynasty,dynasty_house,父,母,标记,ID行注释,文件,行号,名字键
虚构,开局剧情虚构,郑姜,hd_zheng_jiang,是,155.7.1,,是,180-280,bingzhou,zhengyi,,house_hd_zheng_jiang,,,演义/文艺虚构名单命中,184 西河女匪首，无史料,zz_hd_zheng_jiang.txt,2,hd_zheng_jiang_name
虚构,开局填充-官员,畔,hd_fictional_governor_k_uuii_yuzhou_184,,133.5.7,,是,180-280,xuzhou,jingxue,,,,,,184 虚构郡守/刺史,zz_hd_fictional_administrators_184.txt,5,nanming630
虚构,开局填充-官员,召,hd_fictional_governor_d_lujun_184,,147.4.25,,是,180-280,hd_qi_state,jingxue,,,,,,184 虚构郡守/刺史,zz_hd_fictional_administrators_184.txt,12,nanming73
虚构,开局填充-官员,祖,hd_fictional_governor_d_taishan_yuzhou_184,,132.5.7,,是,180-280,hd_qi_state,jingxue,,,,,,184 虚构郡守/刺史,zz_hd_fictional_administrators_184.txt,19,nanming671
虚构,开局填充-官员,生,hd_fictional_governor_d_dongping_yuzhou_184,,147.8.7,,是,180-280,hd_qi_state,jingxue,,,,,,184 虚构郡守/刺史,zz_hd_fictional_administrators_184.txt,26,nanming648
虚构,开局填充-官员,楼,hd_fictional_governor_d_jibei_yuzhou_184,,138.9.11,,是,180-280,hd_qi_state,jingxue,,,,,,184 虚构郡守/刺史,zz_hd_fictional_administrators_184.txt,33,nanming689
虚构,开局填充-官员,柏,hd_fictional_governor_d_pengcheng_yuzhou_184,,140.10.28,,是,180-280,yanzhou,jingxue,,,,,,184 虚构郡守/刺史,zz_hd_fictional_administrators_184.txt,40,bai1
虚构,开局填充-官员,食,hd_fictional_governor_d_peiguo_184,,132.10.18,,是,180-280,qingzhou,jingxue,,,,,,184 虚构郡守/刺史,zz_hd_fictional_administrators_184.txt,47,nanming482
虚构,开局填充-官员,茲,hd_fictional_governor_d_qiaojun_184,,125.9.23,,是,180-280,hd_chen_state,jingxue,,,,,,184 虚构郡守/刺史,zz_hd_fictional_administrators_184.txt,54,nanming265
虚构,开局填充-官员,师,hd_fictional_governor_d_liangguo_184,,127.6.25,,是,180-280,yanzhou,jingxue,,,,,,184 虚构郡守/刺史,zz_hd_fictional_administrators_184.txt,61,shi3
虚构,开局填充-官员,陶,hd_fictional_governor_d_huainan_yuzhou_184,,148.10.15,,是,180-280,xuzhou,jingxue,,,,,,184 虚构郡守/刺史,zz_hd_fictional_administrators_184.txt,68,nanming529
虚构,开局填充-官员,骊,hd_fictional_governor_d_chenguo_184,,152.5.18,,是,180-280,hd_han_state,jingxue,,,,,,184 虚构郡守/刺史,zz_hd_fictional_administrators_184.txt,75,nanming613
虚构,开局填充-官员,蛰,hd_fictional_governor_d_yiyang_yuzhou_184,,160.9.9,,是,180-280,xuzhou,jingxue,,,,,,184 虚构郡守/刺史,zz_hd_fictional_administrators_184.txt,82,nanming391
虚构,开局填充-官员,隰,hd_fictional_governor_d_anfeng_yuzhou_184,,126.4.28,,是,180-280,xuzhou,jingxue,,,,,,184 虚构郡守/刺史,zz_hd_fictional_administrators_184.txt,89,nanming542
虚构,开局填充-官员,处,hd_fictional_governor_d_chenliu_yuzhou_184,,150.9.16,,是,180-280,hd_chen_state,jingxue,,,,,,184 虚构郡守/刺史,zz_hd_fictional_administrators_184.txt,96,chu1
虚构,开局填充-官员,邓,hd_fictional_governor_d_yinchuan_184,,135.12.23,,是,180-280,hd_han_state,jingxue,,,,,,184 虚构郡守/刺史,zz_hd_fictional_administrators_184.txt,103,nanming290
虚构,开局填充-官员,邛,hd_fictional_governor_d_henan_yuzhou_184,,140.6.7,,是,180-280,hd_han_state,jingxue,,,,,,184 虚构郡守/刺史,zz_hd_fictional_administrators_184.txt,110,nanming291
虚构,开局填充-官员,仪,hd_fictional_governor_d_anfeng_184,,128.9.21,,是,180-280,xuzhou,jingxue,,,,,,184 虚构郡守/刺史,zz_hd_fictional_administrators_184.txt,117,nanming46
虚构,开局填充-官员,朱,hd_fictional_governor_d_yiyang_184,,141.2.19,,是,180-280,xuzhou,jingxue,,,,,,184 虚构郡守/刺史,zz_hd_fictional_administrators_184.txt,124,zhu4
虚构,开局填充-官员,皇,hd_fictional_governor_k_uuii_xuzhou_184,,149.1.27,,是,180-280,qingzhou,jingxue,,,,,,184 虚构郡守/刺史,zz_hd_fictional_administrators_184.txt,131,huang2
虚构,开局填充-官员,鱼,hd_fictional_governor_d_langya_184,,129.8.8,,是,180-280,qingzhou,jingxue,,,,,,184 虚构郡守/刺史,zz_hd_fictional_administrators_184.txt,138,yu5
虚构,开局填充-官员,绔,hd_fictional_governor_d_dongguan_184,,132.11.8,,是,180-280,hd_qi_state,jingxue,,,,,,184 虚构郡守/刺史,zz_hd_fictional_administrators_184.txt,145,ku1
虚构,开局填充-官员,展,hd_fictional_governor_d_chengyang_184,,154.7.18,,是,180-280,hd_qi_state,jingxue,,,,,,184 虚构郡守/刺史,zz_hd_fictional_administrators_184.txt,152,nanming65
虚构,开局填充-官员,彤,hd_fictional_governor_d_donghai_184,,160.5.6,,是,180-280,qingzhou,jingxue,,,,,,184 虚构郡守/刺史,zz_hd_fictional_administrators_184.txt,159,nanming179
虚构,开局填充-官员,符,hd_fictional_governor_d_pencheng_184,,149.2.19,,是,180-280,yanzhou,jingxue,,,,,,184 虚构郡守/刺史,zz_hd_fictional_administrators_184.txt,166,nanming582
虚构,开局填充-官员,逾,hd_fictional_governor_d_huaiyin_184,,159.7.28,,是,180-280,yangzhou,jingxue,,,,,,184 虚构郡守/刺史,zz_hd_fictional_administrators_184.txt,173,nanming120
虚构,开局填充-官员,牟,hd_fictional_governor_d_xiapei_184,,127.1.13,,是,180-280,yanzhou,jingxue,,,,,,184 虚构郡守/刺史,zz_hd_fictional_administrators_184.txt,180,nanming343
虚构,开局填充-官员,辩,hd_fictional_governor_d_piling_xuzhou_184,,134.1.15,,是,180-280,yangzhou,jingxue,,,,,,184 虚构郡守/刺史,zz_hd_fictional_administrators_184.txt,187,nanming118
虚构,开局填充-官员,似,hd_fictional_governor_d_guangling_184,,142.5.4,,是,180-280,yangzhou,jingxue,,,,,,184 虚构郡守/刺史,zz_hd_fictional_administrators_184.txt,194,nanming292
虚构,开局填充-官员,戋,hd_fictional_governor_k_uuii_yanzhou_184,,129.6.23,,是,180-280,yanzhou,jingxue,,,,,,184 虚构郡守/刺史,zz_hd_fictional_administrators_184.txt,201,nanming369
虚构,开局填充-官员,朗,hd_fictional_governor_d_jibei_yanzhou_184,,140.12.2,,是,180-280,hd_wei_state,jingxue,,,,,,184 虚构郡守/刺史,zz_hd_fictional_administrators_184.txt,208,nanming719
虚构,开局填充-官员,圭,hd_fictional_governor_d_dongping_184,,143.5.17,,是,180-280,hd_wei_state,jingxue,,,,,,184 虚构郡守/刺史,zz_hd_fictional_administrators_184.txt,215,gui4
虚构,开局填充-官员, 掸 ,hd_fictional_governor_d_dongjun_184,,125.4.16,,是,180-280,hd_wei_state,jingxue,,,,,,184 虚构郡守/刺史,zz_hd_fictional_administrators_184.txt,222,shan
虚构,开局填充-官员,浩,hd_fictional_governor_d_pingyuan_yanzhou_184,,138.1.3,,是,180-280,hd_wei_state,jingxue,,,,,,184 虚构郡守/刺史,zz_hd_fictional_administrators_184.txt,229,nanming856
虚构,开局填充-官员,令,hd_fictional_governor_d_taishan_184,,141.7.20,,是,180-280,hd_qi_state,jingxue,,,,,,184 虚构郡守/刺史,zz_hd_fictional_administrators_184.txt,236,nanming77
虚构,开局填充-官员,褒,hd_fictional_governor_d_langya_yanzhou_184,,151.1.13,,是,180-280,qingzhou,jingxue,,,,,,184 虚构郡守/刺史,zz_hd_fictional_administrators_184.txt,243,bao3
虚构,开局填充-官员,尹,hd_fictional_governor_d_dongguan_yanzhou_184,,149.11.27,,是,180-280,hd_qi_state,jingxue,,,,,,184 虚构郡守/刺史,zz_hd_fictional_administrators_184.txt,250,nanming700
虚构,开局填充-官员,骘,hd_fictional_governor_d_rencheng_184,,146.10.18,,是,180-280,qingzhou,jingxue,,,,,,184 虚构郡守/刺史,zz_hd_fictional_administrators_184.txt,257,nanming709
虚构,开局填充-官员,凡,hd_fictional_governor_d_shanyang_184,,148.2.18,,是,180-280,yanzhou,jingxue,,,,,,184 虚构郡守/刺史,zz_hd_fictional_administrators_184.txt,264,fang3
虚构,开局填充-官员,杲,hd_fictional_governor_d_peiguo_yanzhou_184,,160.8.24,,是,180-280,yanzhou,jingxue,,,,,,184 虚构郡守/刺史,zz_hd_fictional_administrators_184.txt,271,nanming948
虚构,开局填充-官员,瑀,hd_fictional_governor_d_chenliu_184,,150.11.20,,是,180-280,hd_zheng_state,jingxue,,,,,,184 虚构郡守/刺史,zz_hd_fictional_administrators_184.txt,278,nanming812
虚构,开局填充-官员,纲,hd_fictional_governor_d_henan_yanzhou_184,,156.12.6,,是,180-280,hd_wei_state,jingxue,,,,,,184 虚构郡守/刺史,zz_hd_fictional_administrators_184.txt,285,gang1
虚构,开局填充-官员,玮,hd_fictional_governor_d_yangping_yanzhou_184,,137.6.17,,是,180-280,hd_wei_state,jingxue,,,,,,184 虚构郡守/刺史,zz_hd_fictional_administrators_184.txt,292,wei2
虚构,开局填充-官员,媑,hd_fictional_governor_d_weijun_yanzhou_184,,151.12.23,,是,180-280,hd_wei_state,jingxue,,,,,,184 虚构郡守/刺史,zz_hd_fictional_administrators_184.txt,299,zhong2
虚构,开局填充-官员,父,hd_fictional_governor_d_taishan_qingzhou_184,,133.4.15,,是,180-280,hd_qi_state,jingxue,,,,,,184 虚构郡守/刺史,zz_hd_fictional_administrators_184.txt,306,nanming490
虚构,开局填充-官员,皎,hd_fictional_governor_k_uuii_qingzhou_184,,153.7.26,,是,180-280,hd_qi_state,jingxue,,,,,,184 虚构郡守/刺史,zz_hd_fictional_administrators_184.txt,313,nanming909
虚构,开局填充-官员,翾,hd_fictional_governor_d_uuii_p_4337_184,,149.9.26,,是,180-280,hd_qi_state,jingxue,,,,,,184 虚构郡守/刺史,zz_hd_fictional_administrators_184.txt,320,nanming707
虚构,开局填充-官员,格,hd_fictional_governor_d_qiguo_184,,137.1.19,,是,180-280,hd_qi_state,jingxue,,,,,,184 虚构郡守/刺史,zz_hd_fictional_administrators_184.txt,327,nanming380
虚构,开局填充-官员,蔺,hd_fictional_governor_d_beihai_184,,129.7.23,,是,180-280,hd_qi_state,jingxue,,,,,,184 虚构郡守/刺史,zz_hd_fictional_administrators_184.txt,334,nanming1060
虚构,开局填充-官员,隆,hd_fictional_governor_d_dongguan_qingzhou_184,,130.6.20,,是,180-280,hd_qi_state,jingxue,,,,,,184 虚构郡守/刺史,zz_hd_fictional_administrators_184.txt,341,nanming184
虚构,开局填充-官员,成,hd_fictional_governor_d_jinan_184,,159.10.1,,是,180-280,hd_qi_state,jingxue,,,,,,184 虚构郡守/刺史,zz_hd_fictional_administrators_184.txt,348,cheng
虚构,开局填充-官员,岿,hd_fictional_governor_d_leling_qingzhou_184,,145.4.28,,是,180-280,jizhou,jingxue,,,,,,184 虚构郡守/刺史,zz_hd_fictional_administrators_184.txt,355,nanming78
虚构,开局填充-官员,圈,hd_fictional_governor_d_lean_184,,159.6.27,,是,180-280,hd_qi_state,jingxue,,,,,,184 虚构郡守/刺史,zz_hd_fictional_administrators_184.txt,362,nanming262
虚构,开局填充-官员,尘,hd_fictional_governor_d_pingyuan_184,,155.2.21,,是,180-280,jizhou,jingxue,,,,,,184 虚构郡守/刺史,zz_hd_fictional_administrators_184.txt,369,nanming784
虚构,开局填充-官员,弗,hd_fictional_governor_d_jibei_184,,154.1.10,,是,180-280,hd_qi_state,jingxue,,,,,,184 虚构郡守/刺史,zz_hd_fictional_administrators_184.txt,376,fu2
虚构,开局填充-官员,杨,hd_fictional_governor_k_uuii_jizhou_184,,137.7.15,,是,180-280,jizhou,jingxue,,,,,,184 虚构郡守/刺史,zz_hd_fictional_administrators_184.txt,383,yang1
虚构,开局填充-官员,奚,hd_fictional_governor_d_bohai_184,,155.6.19,,是,180-280,jizhou,jingxue,,,,,,184 虚构郡守/刺史,zz_hd_fictional_administrators_184.txt,390,nanming486
虚构,开局填充-官员,洪,hd_fictional_governor_d_leling_184,,138.7.7,,是,180-280,jizhou,jingxue,,,,,,184 虚构郡守/刺史,zz_hd_fictional_administrators_184.txt,397,hong5
虚构,开局填充-官员,普,hd_fictional_governor_d_hejian_184,,152.5.25,,是,180-280,jizhou,jingxue,,,,,,184 虚构郡守/刺史,zz_hd_fictional_administrators_184.txt,404,nanming807
虚构,开局填充-官员,陆,hd_fictional_governor_d_anping_184,,136.11.19,,是,180-280,jizhou,jingxue,,,,,,184 虚构郡守/刺史,zz_hd_fictional_administrators_184.txt,411,nanming472
虚构,开局填充-官员,策,hd_fictional_governor_d_qinghe_184,,153.6.28,,是,180-280,jizhou,jingxue,,,,,,184 虚构郡守/刺史,zz_hd_fictional_administrators_184.txt,418,ce2
虚构,开局填充-官员,属,hd_fictional_governor_d_pingyuan_jizhou_184,,132.5.6,,是,180-280,hd_wei_state,jingxue,,,,,,184 虚构郡守/刺史,zz_hd_fictional_administrators_184.txt,425,nanming439
虚构,开局填充-官员,涉,hd_fictional_governor_d_guangping_184,,144.2.6,,是,180-280,jizhou,jingxue,,,,,,184 虚构郡守/刺史,zz_hd_fictional_administrators_184.txt,432,nanming492
虚构,开局填充-官员,凬,hd_fictional_governor_d_weijun_184,,125.3.11,,是,180-280,hd_henei,jingxue,,,,,,184 虚构郡守/刺史,zz_hd_fictional_administrators_184.txt,439,nanming1018
虚构,开局填充-官员,殷,hd_fictional_governor_d_jibei_jizhou_184,,143.3.14,,是,180-280,hd_wei_state,jingxue,,,,,,184 虚构郡守/刺史,zz_hd_fictional_administrators_184.txt,446,nanming836
虚构,开局填充-官员,灵,hd_fictional_governor_d_zhaoguo_184,,132.6.26,,是,180-280,jizhou,jingxue,,,,,,184 虚构郡守/刺史,zz_hd_fictional_administrators_184.txt,453,ling1
虚构,开局填充-官员,执,hd_fictional_governor_d_zhongshan_184,,130.9.16,,是,180-280,jizhou,jingxue,,,,,,184 虚构郡守/刺史,zz_hd_fictional_administrators_184.txt,460,zhi10
虚构,开局填充-官员,纶,hd_fictional_governor_d_zhuojun_jizhou_184,,129.5.28,,是,180-280,youzhou,jingxue,,,,,,184 虚构郡守/刺史,zz_hd_fictional_administrators_184.txt,467,lun1
虚构,开局填充-官员,尝,hd_fictional_governor_d_leping_jizhou_184,,142.1.4,,是,180-280,jizhou,jingxue,,,,,,184 虚构郡守/刺史,zz_hd_fictional_administrators_184.txt,474,chang2
虚构,开局填充-官员,皁,hd_fictional_governor_k_uuii_youzhou_184,,154.8.23,,是,180-280,youzhou,jingxue,,,,,,184 虚构郡守/刺史,zz_hd_fictional_administrators_184.txt,481,zao1
虚构,开局填充-官员,市,hd_fictional_governor_d_zhongshan_youzhou_184,,150.7.24,,是,180-280,youzhou,jingxue,,,,,,184 虚构郡守/刺史,zz_hd_fictional_administrators_184.txt,488,shi
虚构,开局填充-官员,勤,hd_fictional_governor_d_yanmen_youzhou_184,,158.10.26,,是,180-280,youzhou,jingxue,,,,,,184 虚构郡守/刺史,zz_hd_fictional_administrators_184.txt,495,qing4
虚构,开局填充-官员,权,hd_fictional_governor_d_daijun_184,,139.7.18,,是,180-280,youzhou,jingxue,,,,,,184 虚构郡守/刺史,zz_hd_fictional_administrators_184.txt,502,quan2
虚构,开局填充-官员,毗,hd_fictional_governor_d_shanggu_184,,146.2.6,,是,180-280,youzhou,jingxue,,,,,,184 虚构郡守/刺史,zz_hd_fictional_administrators_184.txt,509,nanming81
虚构,开局填充-官员,觐,hd_fictional_governor_d_daifang_184,,129.7.1,,是,180-280,hd_dongbei,jingxue,,,,,,184 虚构郡守/刺史,zz_hd_fictional_administrators_184.txt,516,nanming622
虚构,开局填充-官员,盲,hd_fictional_governor_d_lelang_184,,152.5.7,,是,180-280,youzhou,jingxue,,,,,,184 虚构郡守/刺史,zz_hd_fictional_administrators_184.txt,523,mang2
虚构,开局填充-官员,骈,hd_fictional_governor_d_liaodong_184,,158.2.25,,是,180-280,youzhou,jingxue,,,,,,184 虚构郡守/刺史,zz_hd_fictional_administrators_184.txt,530,nanming352
虚构,开局填充-官员,宪,hd_fictional_governor_d_xuantu_184,,140.9.19,,是,180-280,youzhou,jingxue,,,,,,184 虚构郡守/刺史,zz_hd_fictional_administrators_184.txt,537,xian2
虚构,开局填充-官员,桧,hd_fictional_governor_d_yuwen_184,,130.3.24,,是,180-280,youzhou,jingxue,,,,,,184 虚构郡守/刺史,zz_hd_fictional_administrators_184.txt,544,hui8
虚构,开局填充-官员,慈,hd_fictional_governor_d_liaoxi_184,,153.2.1,,是,180-280,youzhou,jingxue,,,,,,184 虚构郡守/刺史,zz_hd_fictional_administrators_184.txt,551,ci1
虚构,开局填充-官员,抚,hd_fictional_governor_d_youbeiping_184,,134.10.3,,是,180-280,youzhou,jingxue,,,,,,184 虚构郡守/刺史,zz_hd_fictional_administrators_184.txt,558,nanming960
虚构,开局填充-官员,熤,hd_fictional_governor_d_changli_184,,145.11.15,,是,180-280,youzhou,jingxue,,,,,,184 虚构郡守/刺史,zz_hd_fictional_administrators_184.txt,565,nanming507
虚构,开局填充-官员,蹈,hd_fictional_governor_d_dongwuhuan_184,,152.12.28,,是,180-280,youzhou,jingxue,,,,,,184 虚构郡守/刺史,zz_hd_fictional_administrators_184.txt,572,nanming968
虚构,开局填充-官员,焯,hd_fictional_governor_d_hejian_youzhou_184,,147.1.10,,是,180-280,youzhou,jingxue,,,,,,184 虚构郡守/刺史,zz_hd_fictional_administrators_184.txt,579,nanming58
虚构,开局填充-官员,屏,hd_fictional_governor_d_zhuojun_184,,134.12.5,,是,180-280,youzhou,jingxue,,,,,,184 虚构郡守/刺史,zz_hd_fictional_administrators_184.txt,586,ping3
虚构,开局填充-官员,盛,hd_fictional_governor_d_guangyang_184,,129.11.3,,是,180-280,youzhou,jingxue,,,,,,184 虚构郡守/刺史,zz_hd_fictional_administrators_184.txt,593,sheng5
虚构,开局填充-官员,得,hd_fictional_governor_d_yuyang_184,,147.5.22,,是,180-280,youzhou,jingxue,,,,,,184 虚构郡守/刺史,zz_hd_fictional_administrators_184.txt,600,de
虚构,开局填充-官员,显,hd_fictional_governor_d_xinxing_184,,134.4.28,,是,180-280,bingzhou,jingxue,,,,,,184 虚构郡守/刺史,zz_hd_fictional_administrators_184.txt,607,xian1
虚构,开局填充-官员,伟,hd_fictional_governor_d_taiyuan_184,,143.1.1,,是,180-280,bingzhou,jingxue,,,,,,184 虚构郡守/刺史,zz_hd_fictional_administrators_184.txt,614,wei9
虚构,开局填充-官员,职,hd_fictional_governor_d_xihe_184,,160.8.4,,是,180-280,bingzhou,jingxue,,,,,,184 虚构郡守/刺史,zz_hd_fictional_administrators_184.txt,621,zhi9
虚构,开局填充-官员,穿,hd_fictional_governor_d_shangdang_184,,140.9.20,,是,180-280,bingzhou,jingxue,,,,,,184 虚构郡守/刺史,zz_hd_fictional_administrators_184.txt,628,chuan1
虚构,开局填充-官员,威,hd_fictional_governor_d_guangping_bingzhou_184,,144.8.28,,是,180-280,bingzhou,jingxue,,,,,,184 虚构郡守/刺史,zz_hd_fictional_administrators_184.txt,635,wei4
虚构,开局填充-官员,虿,hd_fictional_governor_d_henei_bingzhou_184,,132.1.2,,是,180-280,bingzhou,jingxue,,,,,,184 虚构郡守/刺史,zz_hd_fictional_administrators_184.txt,642,chai
虚构,开局填充-官员,貔,hd_fictional_governor_d_yanmen_184,,150.6.23,,是,180-280,bingzhou,jingxue,,,,,,184 虚构郡守/刺史,zz_hd_fictional_administrators_184.txt,649,nanming874
虚构,开局填充-官员,哙,hd_fictional_governor_d_hexi_184,,143.3.18,,是,180-280,bingzhou,jingxue,,,,,,184 虚构郡守/刺史,zz_hd_fictional_administrators_184.txt,656,kuai1
虚构,开局填充-官员,笔,hd_fictional_governor_d_daijun_bingzhou_184,,136.1.12,,是,180-280,bingzhou,jingxue,,,,,,184 虚构郡守/刺史,zz_hd_fictional_administrators_184.txt,663,bi3
虚构,开局填充-官员,颂,hd_fictional_governor_d_dingxiang_184,,154.10.16,,是,180-280,bingzhou,jingxue,,,,,,184 虚构郡守/刺史,zz_hd_fictional_administrators_184.txt,670,nanming124
虚构,开局填充-官员,戊,hd_fictional_governor_d_yunzhong_184,,150.5.15,,是,180-280,bingzhou,jingxue,,,,,,184 虚构郡守/刺史,zz_hd_fictional_administrators_184.txt,677,nanming271
虚构,开局填充-官员,彘,hd_fictional_governor_d_shuofang_184,,156.11.9,,是,180-280,bingzhou,jingxue,,,,,,184 虚构郡守/刺史,zz_hd_fictional_administrators_184.txt,684,zhi7
虚构,开局填充-官员,涂,hd_fictional_governor_d_tuoba_184,,132.11.2,,是,180-280,hd_beidi,jingxue,,,,,,184 虚构郡守/刺史,zz_hd_fictional_administrators_184.txt,691,nanming383
虚构,开局填充-官员,炳,hd_fictional_governor_d_shangjun_184,,130.10.9,,是,180-280,bingzhou,jingxue,,,,,,184 虚构郡守/刺史,zz_hd_fictional_administrators_184.txt,698,nanming813
虚构,开局填充-官员,允,hd_fictional_governor_d_pingyang_bingzhou_184,,157.4.17,,是,180-280,bingzhou,jingxue,,,,,,184 虚构郡守/刺史,zz_hd_fictional_administrators_184.txt,705,yun
虚构,开局填充-官员,酋,hd_fictional_governor_d_beidi_bingzhou_184,,157.7.24,,是,180-280,bingzhou,jingxue,,,,,,184 虚构郡守/刺史,zz_hd_fictional_administrators_184.txt,712,qiu
虚构,开局填充-官员,平,hd_fictional_governor_d_hedong_bingzhou_184,,153.2.14,,是,180-280,bingzhou,jingxue,,,,,,184 虚构郡守/刺史,zz_hd_fictional_administrators_184.txt,719,ping
虚构,开局填充-官员,带,hd_fictional_governor_d_leping_184,,152.4.8,,是,180-280,bingzhou,jingxue,,,,,,184 虚构郡守/刺史,zz_hd_fictional_administrators_184.txt,726,dai1
虚构,开局填充-官员,犺,hd_fictional_governor_d_hexixianbei_184,,150.4.12,,是,180-280,bingzhou,jingxue,,,,,,184 虚构郡守/刺史,zz_hd_fictional_administrators_184.txt,733,nanming713
虚构,开局填充-官员,羿,hd_fictional_governor_d_xihe_sili_184,,138.3.15,,是,180-280,bingzhou,jingxue,,,,,,184 虚构郡守/刺史,zz_hd_fictional_administrators_184.txt,740,nanming226
虚构,开局填充-官员,屿,hd_fictional_governor_d_pingyang_184,,160.7.6,,是,180-280,hd_hedong,jingxue,,,,,,184 虚构郡守/刺史,zz_hd_fictional_administrators_184.txt,747,nanming375
虚构,开局填充-官员,敖,hd_fictional_governor_d_shangdang_sili_184,,130.5.17,,是,180-280,hd_hedong,jingxue,,,,,,184 虚构郡守/刺史,zz_hd_fictional_administrators_184.txt,754,ao
虚构,开局填充-官员,涟,hd_fictional_governor_d_yingchuan_sili_184,,140.10.2,,是,180-280,hd_zheng_state,jingxue,,,,,,184 虚构郡守/刺史,zz_hd_fictional_administrators_184.txt,761,lian1
虚构,开局填充-官员,宝,hd_fictional_governor_d_hongnong_184,,136.7.12,,是,180-280,han,jingxue,,,,,,184 虚构郡守/刺史,zz_hd_fictional_administrators_184.txt,768,nanming516
虚构,开局填充-官员,璵,hd_fictional_governor_d_jingzhao_184,,145.3.24,,是,180-280,han,jingxue,,,,,,184 虚构郡守/刺史,zz_hd_fictional_administrators_184.txt,775,nanming714
虚构,开局填充-官员,福,hd_fictional_governor_d_fufeng_184,,130.4.6,,是,180-280,han,jingxue,,,,,,184 虚构郡守/刺史,zz_hd_fictional_administrators_184.txt,782,fu1
虚构,开局填充-官员,蓦,hd_fictional_governor_d_xiabeidi_184,,151.7.25,,是,180-280,han,jingxue,,,,,,184 虚构郡守/刺史,zz_hd_fictional_administrators_184.txt,789,nanming362
虚构,开局填充-官员,咸,hd_fictional_governor_d_shangjun_sili_184,,132.3.7,,是,180-280,hd_han_state,jingxue,,,,,,184 虚构郡守/刺史,zz_hd_fictional_administrators_184.txt,796,nanming470
虚构,开局填充-官员,郯,hd_fictional_governor_d_fengyi_184,,141.12.13,,是,180-280,han,jingxue,,,,,,184 虚构郡守/刺史,zz_hd_fictional_administrators_184.txt,803,tan1
虚构,开局填充-官员,涞,hd_fictional_governor_d_henei_184,,150.12.10,,是,180-280,hd_henei,jingxue,,,,,,184 虚构郡守/刺史,zz_hd_fictional_administrators_184.txt,810,nanming534
虚构,开局填充-官员,晨,hd_fictional_governor_d_dongjun_sili_184,,131.1.2,,是,180-280,hd_henei,jingxue,,,,,,184 虚构郡守/刺史,zz_hd_fictional_administrators_184.txt,817,nanming768
虚构,开局填充-官员,颇,hd_fictional_governor_d_weijun_sili_184,,157.2.12,,是,180-280,hd_henei,jingxue,,,,,,184 虚构郡守/刺史,zz_hd_fictional_administrators_184.txt,824,nanming354
虚构,开局填充-官员,牧,hd_fictional_governor_d_hexi_sili_184,,135.10.1,,是,180-280,hd_han_state,jingxue,,,,,,184 虚构郡守/刺史,zz_hd_fictional_administrators_184.txt,831,nanming725
虚构,开局填充-官员,许,hd_fictional_governor_d_nanxiang_sili_184,,157.6.14,,是,180-280,hd_han_state,jingxue,,,,,,184 虚构郡守/刺史,zz_hd_fictional_administrators_184.txt,838,xu2
虚构,开局填充-官员,卑,hd_fictional_governor_d_fuyihujun_184,,147.11.12,,是,180-280,liangzhou,jingxue,,,,,,184 虚构郡守/刺史,zz_hd_fictional_administrators_184.txt,845,nanming107
虚构,开局填充-官员,述,hd_fictional_governor_d_xinping_184,,160.10.2,,是,180-280,hd_xibei,jingxue,,,,,,184 虚构郡守/刺史,zz_hd_fictional_administrators_184.txt,852,nanming45
虚构,开局填充-官员,琰,hd_fictional_governor_d_anding_184,,137.9.7,,是,180-280,liangzhou,jingxue,,,,,,184 虚构郡守/刺史,zz_hd_fictional_administrators_184.txt,859,nanming612
虚构,开局填充-官员,圣,hd_fictional_governor_d_fufeng_liangzhou_184,,135.8.10,,是,180-280,hd_xibei,jingxue,,,,,,184 虚构郡守/刺史,zz_hd_fictional_administrators_184.txt,866,sheng3
虚构,开局填充-官员,桥,hd_fictional_governor_d_guangwei_184,,141.3.23,,是,180-280,hd_xibei,jingxue,,,,,,184 虚构郡守/刺史,zz_hd_fictional_administrators_184.txt,873,qiao
虚构,开局填充-官员,厘,hd_fictional_governor_d_tianshui_184,,134.11.19,,是,180-280,liangzhou,jingxue,,,,,,184 虚构郡守/刺史,zz_hd_fictional_administrators_184.txt,880,li8
虚构,开局填充-官员,栩,hd_fictional_governor_d_nanan_184,,132.4.4,,是,180-280,liangzhou,jingxue,,,,,,184 虚构郡守/刺史,zz_hd_fictional_administrators_184.txt,887,xu3
虚构,开局填充-官员,祯,hd_fictional_governor_d_longxi_184,,138.7.28,,是,180-280,liangzhou,jingxue,,,,,,184 虚构郡守/刺史,zz_hd_fictional_administrators_184.txt,894,nanming545
虚构,开局填充-官员,皋,hd_fictional_governor_d_wuwei_liangzhou_184,,143.2.2,,是,180-280,hd_xibei,jingxue,,,,,,184 虚构郡守/刺史,zz_hd_fictional_administrators_184.txt,901,gao1
虚构,开局填充-官员,僦,hd_fictional_governor_d_hexixianbei_liangzhou_184,,151.11.3,,是,180-280,liangzhou,jingxue,,,,,,184 虚构郡守/刺史,zz_hd_fictional_administrators_184.txt,908,nanming117
虚构,开局填充-官员,购,hd_fictional_governor_d_shangjun_liangzhou_184,,132.11.6,,是,180-280,liangzhou,jingxue,,,,,,184 虚构郡守/刺史,zz_hd_fictional_administrators_184.txt,915,gou
虚构,开局填充-官员,靡,hd_fictional_governor_d_hanzhong_liangzhou_184,,132.6.24,,是,180-280,yizhou,jingxue,,,,,,184 虚构郡守/刺史,zz_hd_fictional_administrators_184.txt,922,nanming854
虚构,开局填充-官员,逖,hd_fictional_governor_d_beidi_hexi_184,,132.1.26,,是,180-280,liangzhou,jingxue,,,,,,184 虚构郡守/刺史,zz_hd_fictional_administrators_184.txt,929,nanming295
虚构,开局填充-官员,寿,hd_fictional_governor_d_zhangye_184,,152.4.18,,是,180-280,liangzhou,jingxue,,,,,,184 虚构郡守/刺史,zz_hd_fictional_administrators_184.txt,936,shou
虚构,开局填充-官员,趸,hd_fictional_governor_d_xihai_184,,152.2.28,,是,180-280,liangzhou,jingxue,,,,,,184 虚构郡守/刺史,zz_hd_fictional_administrators_184.txt,943,dun1
虚构,开局填充-官员,骇,hd_fictional_governor_d_jiuquan_184,,159.3.12,,是,180-280,liangzhou,jingxue,,,,,,184 虚构郡守/刺史,zz_hd_fictional_administrators_184.txt,950,nanming611
虚构,开局填充-官员,有,hd_fictional_governor_d_jiuquan_jingzhou_184,,155.8.5,,是,180-280,liangzhou,jingxue,,,,,,184 虚构郡守/刺史,zz_hd_fictional_administrators_184.txt,957,you4
虚构,开局填充-官员,艅,hd_fictional_governor_d_wuhai_184,,125.9.1,,是,180-280,liangzhou,jingxue,,,,,,184 虚构郡守/刺史,zz_hd_fictional_administrators_184.txt,964,yu12
虚构,开局填充-官员,卷,hd_fictional_governor_d_dunhuang_184,,151.8.9,,是,180-280,liangzhou,jingxue,,,,,,184 虚构郡守/刺史,zz_hd_fictional_administrators_184.txt,971,juan
虚构,开局填充-官员,霸,hd_fictional_governor_d_dunhuang_hexi_184,,157.8.6,,是,180-280,liangzhou,jingxue,,,,,,184 虚构郡守/刺史,zz_hd_fictional_administrators_184.txt,978,ba
虚构,开局填充-官员,矩,hd_fictional_governor_d_long1_184,,130.10.2,,是,180-280,liangzhou,jingxue,,,,,,184 虚构郡守/刺史,zz_hd_fictional_administrators_184.txt,985,nanming555
虚构,开局填充-官员,房,hd_fictional_governor_d_xiangwu1_184,,155.9.19,,是,180-280,liangzhou,jingxue,,,,,,184 虚构郡守/刺史,zz_hd_fictional_administrators_184.txt,992,fan1
虚构,开局填充-官员,期,hd_fictional_governor_d_taoxi1_184,,132.9.13,,是,180-280,hd_xibei,jingxue,,,,,,184 虚构郡守/刺史,zz_hd_fictional_administrators_184.txt,999,qi11
虚构,开局填充-官员,药,hd_fictional_governor_k_uuii_yizhou_184,,142.5.23,,是,180-280,yizhou,jingxue,,,,,,184 虚构郡守/刺史,zz_hd_fictional_administrators_184.txt,1006,yao3
虚构,开局填充-官员,绞,hd_fictional_governor_d_hanzhong_184,,126.2.7,,是,180-280,yizhou,jingxue,,,,,,184 虚构郡守/刺史,zz_hd_fictional_administrators_184.txt,1013,jiao5
虚构,开局填充-官员,纠,hd_fictional_governor_d_zitong_184,,147.3.18,,是,180-280,yizhou,jingxue,,,,,,184 虚构郡守/刺史,zz_hd_fictional_administrators_184.txt,1020,jiu
虚构,开局填充-官员,球,hd_fictional_governor_d_bajun_184,,143.9.21,,是,180-280,yizhou,jingxue,,,,,,184 虚构郡守/刺史,zz_hd_fictional_administrators_184.txt,1027,nanming392
虚构,开局填充-官员,回,hd_fictional_governor_d_jiangyang_184,,141.5.22,,是,180-280,yizhou,jingxue,,,,,,184 虚构郡守/刺史,zz_hd_fictional_administrators_184.txt,1034,hui2
虚构,开局填充-官员,臼,hd_fictional_governor_d_qianwei_184,,148.7.24,,是,180-280,yizhou,jingxue,,,,,,184 虚构郡守/刺史,zz_hd_fictional_administrators_184.txt,1041,nanming277
虚构,开局填充-官员,刘,hd_fictional_governor_d_weixing_184,,144.1.27,,是,180-280,yizhou,jingxue,,,,,,184 虚构郡守/刺史,zz_hd_fictional_administrators_184.txt,1048,liu
虚构,开局填充-官员,鸿,hd_fictional_governor_d_wudou_yizhou_184,,139.12.23,,是,180-280,yizhou,jingxue,,,,,,184 虚构郡守/刺史,zz_hd_fictional_administrators_184.txt,1055,hong3
虚构,开局填充-官员,鸠,hd_fictional_governor_d_baxi_184,,144.5.23,,是,180-280,yizhou,jingxue,,,,,,184 虚构郡守/刺史,zz_hd_fictional_administrators_184.txt,1062,nanming897
虚构,开局填充-官员,过,hd_fictional_governor_d_yinping_184,,157.10.6,,是,180-280,yizhou,jingxue,,,,,,184 虚构郡守/刺史,zz_hd_fictional_administrators_184.txt,1069,guo1
虚构,开局填充-官员,溟,hd_fictional_governor_d_badong_184,,158.8.20,,是,180-280,yizhou,jingxue,,,,,,184 虚构郡守/刺史,zz_hd_fictional_administrators_184.txt,1076,nanming901
虚构,开局填充-官员,祺,hd_fictional_governor_d_hanjia_184,,157.9.11,,是,180-280,yizhou,jingxue,,,,,,184 虚构郡守/刺史,zz_hd_fictional_administrators_184.txt,1083,nanming578
虚构,开局填充-官员,进,hd_fictional_governor_d_shujun_184,,156.2.15,,是,180-280,yizhou,jingxue,,,,,,184 虚构郡守/刺史,zz_hd_fictional_administrators_184.txt,1090,nanming879
虚构,开局填充-官员,悼,hd_fictional_governor_d_guanghan_184,,136.4.15,,是,180-280,yizhou,jingxue,,,,,,184 虚构郡守/刺史,zz_hd_fictional_administrators_184.txt,1097,nanming1050
虚构,开局填充-官员,少,hd_fictional_governor_d_wenshan_184,,132.3.27,,是,180-280,yizhou,jingxue,,,,,,184 虚构郡守/刺史,zz_hd_fictional_administrators_184.txt,1104,nanming304
虚构,开局填充-官员,幸,hd_fictional_governor_d_dongguanghan_184,,127.9.28,,是,180-280,yizhou,jingxue,,,,,,184 虚构郡守/刺史,zz_hd_fictional_administrators_184.txt,1111,xing2
虚构,开局填充-官员,捉,hd_fictional_governor_d_yuexi_184,,140.6.6,,是,180-280,yizhou,jingxue,,,,,,184 虚构郡守/刺史,zz_hd_fictional_administrators_184.txt,1118,nanming1023
虚构,开局填充-官员,节,hd_fictional_governor_d_zhuti_184,,136.6.5,,是,180-280,yizhou,jingxue,,,,,,184 虚构郡守/刺史,zz_hd_fictional_administrators_184.txt,1125,jie4
虚构,开局填充-官员,鲧,hd_fictional_governor_d_wudou_184,,125.7.4,,是,180-280,yizhou,jingxue,,,,,,184 虚构郡守/刺史,zz_hd_fictional_administrators_184.txt,1132,nanming205
虚构,开局填充-官员,汪,hd_fictional_governor_d_yinping1_184,,137.4.28,,是,180-280,yizhou,jingxue,,,,,,184 虚构郡守/刺史,zz_hd_fictional_administrators_184.txt,1139,nanming10
虚构,开局填充-官员,畴,hd_fictional_governor_k_uuii_jingzhou_184,,160.2.3,,是,180-280,jingzhou,jingxue,,,,,,184 虚构郡守/刺史,zz_hd_fictional_administrators_184.txt,1146,nanming428
虚构,开局填充-官员,起,hd_fictional_governor_d_yingchuan_jingzhou_184,,141.7.16,,是,180-280,hd_han_state,jingxue,,,,,,184 虚构郡守/刺史,zz_hd_fictional_administrators_184.txt,1153,qi6
虚构,开局填充-官员,洩,hd_fictional_governor_d_runan_jingzhou_184,,139.3.28,,是,180-280,yuzhou,jingxue,,,,,,184 虚构郡守/刺史,zz_hd_fictional_administrators_184.txt,1160,nanming1065
虚构,开局填充-官员,穆,hd_fictional_governor_d_nanxiang_184,,129.6.6,,是,180-280,jingzhou,jingxue,,,,,,184 虚构郡守/刺史,zz_hd_fictional_administrators_184.txt,1167,mu2
虚构,开局填充-官员,植,hd_fictional_governor_d_xiangyang_184,,128.4.20,,是,180-280,yuzhou,jingxue,,,,,,184 虚构郡守/刺史,zz_hd_fictional_administrators_184.txt,1174,zhi12
虚构,开局填充-官员,青,hd_fictional_governor_d_nanjun_184,,129.1.11,,是,180-280,jingzhou,jingxue,,,,,,184 虚构郡守/刺史,zz_hd_fictional_administrators_184.txt,1181,nanming785
虚构,开局填充-官员,肇,hd_fictional_governor_d_jiangxia_184,,129.5.19,,是,180-280,jingzhou,jingxue,,,,,,184 虚构郡守/刺史,zz_hd_fictional_administrators_184.txt,1188,nanming334
虚构,开局填充-官员,勰,hd_fictional_governor_d_yidou_184,,151.9.16,,是,180-280,jingzhou,jingxue,,,,,,184 虚构郡守/刺史,zz_hd_fictional_administrators_184.txt,1195,xie3
虚构,开局填充-官员,严,hd_fictional_governor_d_anlu_184,,125.3.18,,是,180-280,jingzhou,jingxue,,,,,,184 虚构郡守/刺史,zz_hd_fictional_administrators_184.txt,1202,nanming867
虚构,开局填充-官员,晏,hd_fictional_governor_d_nanping_184,,156.10.17,,是,180-280,jingzhou,jingxue,,,,,,184 虚构郡守/刺史,zz_hd_fictional_administrators_184.txt,1209,yang3
虚构,开局填充-官员,沐,hd_fictional_governor_d_jianping_184,,131.12.10,,是,180-280,jingzhou,jingxue,,,,,,184 虚构郡守/刺史,zz_hd_fictional_administrators_184.txt,1216,nanming270
虚构,开局填充-官员,最,hd_fictional_governor_d_qichun_184,,145.4.21,,是,180-280,jingzhou,jingxue,,,,,,184 虚构郡守/刺史,zz_hd_fictional_administrators_184.txt,1223,nanming66
虚构,开局填充-官员,瓦,hd_fictional_governor_d_xincheng_184,,148.12.27,,是,180-280,jingzhou,jingxue,,,,,,184 虚构郡守/刺史,zz_hd_fictional_administrators_184.txt,1230,wa1
虚构,开局填充-官员,渊,hd_fictional_governor_d_weixing_jingzhou_184,,133.2.28,,是,180-280,jingzhou,jingxue,,,,,,184 虚构郡守/刺史,zz_hd_fictional_administrators_184.txt,1237,nanming744
虚构,开局填充-官员,匡,hd_fictional_governor_d_badong_jingzhou_184,,143.8.7,,是,180-280,jingzhou,jingxue,,,,,,184 虚构郡守/刺史,zz_hd_fictional_administrators_184.txt,1244,nanming579
虚构,开局填充-官员,极,hd_fictional_governor_d_wuling_184,,147.10.9,,是,180-280,jingzhou,jingxue,,,,,,184 虚构郡守/刺史,zz_hd_fictional_administrators_184.txt,1251,ji7
虚构,开局填充-官员,炟,hd_fictional_governor_d_qiuci_jingzhou_184,,152.11.15,,是,180-280,jingzhou,jingxue,,,,,,184 虚构郡守/刺史,zz_hd_fictional_administrators_184.txt,1258,nanming273
虚构,开局填充-官员,颀,hd_fictional_governor_d_puchang_jingzhou_184,,150.9.11,,是,180-280,jingzhou,jingxue,,,,,,184 虚构郡守/刺史,zz_hd_fictional_administrators_184.txt,1265,xing1
虚构,开局填充-官员,讵,hd_fictional_governor_d_zangke_jingzhou_184,,137.1.21,,是,180-280,jingzhou,jingxue,,,,,,184 虚构郡守/刺史,zz_hd_fictional_administrators_184.txt,1272,nanming356
虚构,开局填充-官员,度,hd_fictional_governor_d_shule_jingzhou_184,,127.3.25,,是,180-280,jingzhou,jingxue,,,,,,184 虚构郡守/刺史,zz_hd_fictional_administrators_184.txt,1279,du
虚构,开局填充-官员,怡,hd_fictional_governor_d_hengyang_jingzhou_184,,154.9.16,,是,180-280,jingzhou,jingxue,,,,,,184 虚构郡守/刺史,zz_hd_fictional_administrators_184.txt,1286,nanming720
虚构,开局填充-官员,焘,hd_fictional_governor_d_hengyang_184,,149.4.17,,是,180-280,jingzhou,jingxue,,,,,,184 虚构郡守/刺史,zz_hd_fictional_administrators_184.txt,1293,tao1
虚构,开局填充-官员,宜,hd_fictional_governor_d_changsha_184,,154.11.25,,是,180-280,jingzhou,jingxue,,,,,,184 虚构郡守/刺史,zz_hd_fictional_administrators_184.txt,1300,yi5
虚构,开局填充-官员,赢,hd_fictional_governor_d_jiangxia_xiangzhou_184,,129.5.4,,是,180-280,jingzhou,jingxue,,,,,,184 虚构郡守/刺史,zz_hd_fictional_administrators_184.txt,1307,ying5
虚构,开局填充-官员,肜,hd_fictional_governor_d_guiyang_184,,150.10.28,,是,180-280,jingzhou,jingxue,,,,,,184 虚构郡守/刺史,zz_hd_fictional_administrators_184.txt,1314,rong2
虚构,开局填充-官员,森,hd_fictional_governor_d_xiangdong_184,,139.8.14,,是,180-280,jingzhou,jingxue,,,,,,184 虚构郡守/刺史,zz_hd_fictional_administrators_184.txt,1321,nanming1000
虚构,开局填充-官员,凭,hd_fictional_governor_d_guiyang_yuzhou_184,,153.11.24,,是,180-280,hd_qi_state,jingxue,,,,,,184 虚构郡守/刺史,zz_hd_fictional_administrators_184.txt,1328,ping1
虚构,开局填充-官员,初,hd_fictional_governor_d_shangyong_184,,134.3.9,,是,180-280,jingzhou,jingxue,,,,,,184 虚构郡守/刺史,zz_hd_fictional_administrators_184.txt,1335,chu6
虚构,开局填充-官员,帛,hd_fictional_governor_k_uuii_jiangzhou_184,,125.3.20,,是,180-280,yangzhou,jingxue,,,,,,184 虚构郡守/刺史,zz_hd_fictional_administrators_184.txt,1342,bo3
虚构,开局填充-官员,宣,hd_fictional_governor_d_huiji_jiangzhou_184,,149.5.19,,是,180-280,yangzhou,jingxue,,,,,,184 虚构郡守/刺史,zz_hd_fictional_administrators_184.txt,1349,xuan
虚构,开局填充-官员,恒,hd_fictional_governor_d_tainan_184,,127.7.10,,是,180-280,yangzhou,jingxue,,,,,,184 虚构郡守/刺史,zz_hd_fictional_administrators_184.txt,1356,heng
虚构,开局填充-官员,庸,hd_fictional_governor_k_uuii_yangzhou_184,,137.9.24,,是,180-280,yanzhou,jingxue,,,,,,184 虚构郡守/刺史,zz_hd_fictional_administrators_184.txt,1363,nanming138
虚构,开局填充-官员,全,hd_fictional_governor_d_luan_184,,142.2.4,,是,180-280,yangzhou,jingxue,,,,,,184 虚构郡守/刺史,zz_hd_fictional_administrators_184.txt,1370,nanming631
虚构,开局填充-官员,旗,hd_fictional_governor_d_guangling_yangzhou_184,,148.4.13,,是,180-280,yangzhou,jingxue,,,,,,184 虚构郡守/刺史,zz_hd_fictional_administrators_184.txt,1377,qi8
虚构,开局填充-官员,铉,hd_fictional_governor_d_xiapi_yangzhou_184,,155.6.7,,是,180-280,yangzhou,jingxue,,,,,,184 虚构郡守/刺史,zz_hd_fictional_administrators_184.txt,1384,xuan2
虚构,开局填充-官员,蛞,hd_fictional_governor_d_qichun_yangzhou_184,,128.8.22,,是,180-280,yangzhou,jingxue,,,,,,184 虚构郡守/刺史,zz_hd_fictional_administrators_184.txt,1391,kuo
虚构,开局填充-官员,胜,hd_fictional_governor_d_danyang_184,,146.7.13,,是,180-280,yangzhou,jingxue,,,,,,184 虚构郡守/刺史,zz_hd_fictional_administrators_184.txt,1398,sheng2
虚构,开局填充-官员,彪,hd_fictional_governor_d_xindou_184,,158.12.11,,是,180-280,yangzhou,jingxue,,,,,,184 虚构郡守/刺史,zz_hd_fictional_administrators_184.txt,1405,biao
虚构,开局填充-官员,翀,hd_fictional_governor_d_piling_184,,159.9.3,,是,180-280,yangzhou,jingxue,,,,,,184 虚构郡守/刺史,zz_hd_fictional_administrators_184.txt,1412,nanming333
虚构,开局填充-官员,亮,hd_fictional_governor_d_wujun_184,,131.3.10,,是,180-280,yangzhou,jingxue,,,,,,184 虚构郡守/刺史,zz_hd_fictional_administrators_184.txt,1419,liang
虚构,开局填充-官员,前,hd_fictional_governor_d_poyang_yangzhou_184,,141.10.15,,是,180-280,yangzhou,jingxue,,,,,,184 虚构郡守/刺史,zz_hd_fictional_administrators_184.txt,1426,nanming463
虚构,开局填充-官员,遂,hd_fictional_governor_d_kuaiji_184,,136.9.6,,是,180-280,yangzhou,jingxue,,,,,,184 虚构郡守/刺史,zz_hd_fictional_administrators_184.txt,1433,nanming791
虚构,开局填充-官员,寒,hd_fictional_governor_d_linhai_184,,130.6.26,,是,180-280,yangzhou,jingxue,,,,,,184 虚构郡守/刺史,zz_hd_fictional_administrators_184.txt,1440,han3
虚构,开局填充-官员,匀,hd_fictional_governor_d_jianan_yangzhou_184,,152.12.15,,是,180-280,yangzhou,jingxue,,,,,,184 虚构郡守/刺史,zz_hd_fictional_administrators_184.txt,1447,nanming397
虚构,开局填充-官员,因,hd_fictional_governor_d_yuni_yangzhou_184,,129.3.2,,是,180-280,yangzhou,jingxue,,,,,,184 虚构郡守/刺史,zz_hd_fictional_administrators_184.txt,1454,nanming279
虚构,开局填充-官员,宰,hd_fictional_governor_d_linhai_jiangzhou_184,,140.9.25,,是,180-280,yangzhou,jingxue,,,,,,184 虚构郡守/刺史,zz_hd_fictional_administrators_184.txt,1461,zai
虚构,开局填充-官员,齹,hd_fictional_governor_d_jianan_184,,157.10.18,,是,180-280,yangzhou,jingxue,,,,,,184 虚构郡守/刺史,zz_hd_fictional_administrators_184.txt,1468,ci
虚构,开局填充-官员,鉴,hd_fictional_governor_d_taibei_184,,133.10.8,,是,180-280,yangzhou,jingxue,,,,,,184 虚构郡守/刺史,zz_hd_fictional_administrators_184.txt,1475,nanming14
虚构,开局填充-官员,兴,hd_fictional_governor_d_nanhai_jiangzhou_184,,155.3.7,,是,180-280,yangzhou,jingxue,,,,,,184 虚构郡守/刺史,zz_hd_fictional_administrators_184.txt,1482,xing
虚构,开局填充-官员,旋,hd_fictional_governor_d_yuzhang_184,,138.11.17,,是,180-280,yangzhou,jingxue,,,,,,184 虚构郡守/刺史,zz_hd_fictional_administrators_184.txt,1489,nanming615
虚构,开局填充-官员,儋,hd_fictional_governor_d_poyang_184,,152.11.11,,是,180-280,yangzhou,jingxue,,,,,,184 虚构郡守/刺史,zz_hd_fictional_administrators_184.txt,1496,dan3
虚构,开局填充-官员,宽,hd_fictional_governor_d_xindou_jiangzhou_184,,148.5.16,,是,180-280,yangzhou,jingxue,,,,,,184 虚构郡守/刺史,zz_hd_fictional_administrators_184.txt,1503,kuan1
虚构,开局填充-官员,诚,hd_fictional_governor_d_linchuan_184,,126.9.22,,是,180-280,yangzhou,jingxue,,,,,,184 虚构郡守/刺史,zz_hd_fictional_administrators_184.txt,1510,nanming360
虚构,开局填充-官员,违,hd_fictional_governor_d_luling_184,,132.4.7,,是,180-280,yangzhou,jingxue,,,,,,184 虚构郡守/刺史,zz_hd_fictional_administrators_184.txt,1517,wei5
虚构,开局填充-官员,聪,hd_fictional_governor_d_changsha_jiangzhou_184,,156.9.17,,是,180-280,yangzhou,jingxue,,,,,,184 虚构郡守/刺史,zz_hd_fictional_administrators_184.txt,1524,cong1
虚构,开局填充-官员,促,hd_fictional_governor_d_jiangxia_jiangzhou_184,,147.11.28,,是,180-280,yangzhou,jingxue,,,,,,184 虚构郡守/刺史,zz_hd_fictional_administrators_184.txt,1531,cu
虚构,开局填充-官员,罕,hd_fictional_governor_d_huainan_184,,152.4.28,,是,180-280,xuzhou,jingxue,,,,,,184 虚构郡守/刺史,zz_hd_fictional_administrators_184.txt,1538,nanming928
虚构,开局填充-官员,仁,hd_fictional_governor_k_uuii_xiangzhou_184,,151.10.23,,是,180-280,jingzhou,jingxue,,,,,,184 虚构郡守/刺史,zz_hd_fictional_administrators_184.txt,1545,ren1
虚构,开局填充-官员,鼎,hd_fictional_governor_d_linhe_184,,159.7.13,,是,180-280,jingzhou,jingxue,,,,,,184 虚构郡守/刺史,zz_hd_fictional_administrators_184.txt,1552,ding2
虚构,开局填充-官员,坚,hd_fictional_governor_k_uuii_guangzhou_184,,148.8.15,,是,180-280,jiaozhou,jingxue,,,,,,184 虚构郡守/刺史,zz_hd_fictional_administrators_184.txt,1559,jiang1
虚构,开局填充-官员,祭,hd_fictional_governor_d_zhuya_184,,134.2.7,,是,180-280,jiaozhou,jingxue,,,,,,184 虚构郡守/刺史,zz_hd_fictional_administrators_184.txt,1566,nanming763
虚构,开局填充-官员,书,hd_fictional_governor_d_daner_184,,135.10.24,,是,180-280,jiaozhou,jingxue,,,,,,184 虚构郡守/刺史,zz_hd_fictional_administrators_184.txt,1573,shu3
虚构,开局填充-官员,冏,hd_fictional_governor_d_yulin_184,,151.9.12,,是,180-280,jiaozhou,jingxue,,,,,,184 虚构郡守/刺史,zz_hd_fictional_administrators_184.txt,1580,nanming780
虚构,开局填充-官员,杵,hd_fictional_governor_d_hepu_184,,136.8.10,,是,180-280,jiaozhou,jingxue,,,,,,184 虚构郡守/刺史,zz_hd_fictional_administrators_184.txt,1587,chu5
虚构,开局填充-官员,旅,hd_fictional_governor_d_xinggu_guangzhou_184,,155.10.5,,是,180-280,jiaozhou,jingxue,,,,,,184 虚构郡守/刺史,zz_hd_fictional_administrators_184.txt,1594,lv1
虚构,开局填充-官员,衰,hd_fictional_governor_d_cangwu_184,,153.8.15,,是,180-280,jiaozhou,jingxue,,,,,,184 虚构郡守/刺史,zz_hd_fictional_administrators_184.txt,1601,nanming655
虚构,开局填充-官员,了,hd_fictional_governor_d_han_jiaozhou_zhuya_184,,135.11.17,,是,180-280,jiaozhou,jingxue,,,,,,184 虚构郡守/刺史,zz_hd_fictional_administrators_184.txt,1608,liao1
虚构,开局填充-官员,考,hd_fictional_governor_d_gaoliang_184,,154.6.10,,是,180-280,jiaozhou,jingxue,,,,,,184 虚构郡守/刺史,zz_hd_fictional_administrators_184.txt,1615,kao
虚构,开局填充-官员,辟,hd_fictional_governor_d_nanhai_184,,156.5.27,,是,180-280,jiaozhou,jingxue,,,,,,184 虚构郡守/刺史,zz_hd_fictional_administrators_184.txt,1622,nanming751
虚构,开局填充-官员,蠻,hd_fictional_governor_d_guiyang_guangzhou_184,,133.9.27,,是,180-280,jiaozhou,jingxue,,,,,,184 虚构郡守/刺史,zz_hd_fictional_administrators_184.txt,1629,nanming453
虚构,开局填充-官员,奔,hd_fictional_governor_d_cangwu_xiangzhou_184,,131.6.23,,是,180-280,jiaozhou,jingxue,,,,,,184 虚构郡守/刺史,zz_hd_fictional_administrators_184.txt,1636,ben1
虚构,开局填充-官员,骜,hd_fictional_governor_k_uuii_jiaozhou_184,,153.8.25,,是,180-280,jiaozhou,jingxue,,,,,,184 虚构郡守/刺史,zz_hd_fictional_administrators_184.txt,1643,ao1
虚构,开局填充-官员,讨,hd_fictional_governor_d_jiuzhen_184,,130.10.23,,是,180-280,jiaozhou,jingxue,,,,,,184 虚构郡守/刺史,zz_hd_fictional_administrators_184.txt,1650,nanming7
虚构,开局填充-官员,鄝,hd_fictional_governor_d_dianbian_184,,146.9.15,,是,180-280,jiaozhou,jingxue,,,,,,184 虚构郡守/刺史,zz_hd_fictional_administrators_184.txt,1657,nanming893
虚构,开局填充-官员,畛,hd_fictional_governor_d_jiaozhi_184,,155.12.7,,是,180-280,jiaozhou,jingxue,,,,,,184 虚构郡守/刺史,zz_hd_fictional_administrators_184.txt,1664,zhen1
虚构,开局填充-官员,烨,hd_fictional_governor_d_xinggu_184,,145.12.23,,是,180-280,jiaozhou,jingxue,,,,,,184 虚构郡守/刺史,zz_hd_fictional_administrators_184.txt,1671,nanming815
虚构,开局填充-官员,清,hd_fictional_governor_d_hepu_jiaozhou_184,,155.5.19,,是,180-280,jiaozhou,jingxue,,,,,,184 虚构郡守/刺史,zz_hd_fictional_administrators_184.txt,1678,qing3
虚构,开局填充-官员,础,hd_fictional_governor_k_uuii_congling_184,,150.2.11,,是,180-280,liangzhou,jingxue,,,,,,184 虚构郡守/刺史,zz_hd_fictional_administrators_184.txt,1685,nanming498
虚构,开局填充-官员,箱,hd_fictional_governor_d_dawan_congling_184,,158.4.5,,是,180-280,liangzhou,jingxue,,,,,,184 虚构郡守/刺史,zz_hd_fictional_administrators_184.txt,1692,xiang4
虚构,开局填充-官员,狂,hd_fictional_governor_k_uuii_hexi_184,,136.11.25,,是,180-280,liangzhou,jingxue,,,,,,184 虚构郡守/刺史,zz_hd_fictional_administrators_184.txt,1699,kuang2
虚构,开局填充-官员,邳,hd_fictional_governor_d_loulan_hexi_184,,136.4.9,,是,180-280,liangzhou,jingxue,,,,,,184 虚构郡守/刺史,zz_hd_fictional_administrators_184.txt,1706,pi2
虚构,开局填充-官员,圩,hd_fictional_governor_k_uuii_tarim_beidao_184,,159.7.14,,是,180-280,liangzhou,jingxue,,,,,,184 虚构郡守/刺史,zz_hd_fictional_administrators_184.txt,1713,nanming738
虚构,开局填充-官员,涛,hd_fictional_governor_d_qiuci_184,,137.7.12,,是,180-280,liangzhou,jingxue,,,,,,184 虚构郡守/刺史,zz_hd_fictional_administrators_184.txt,1720,nanming423
虚构,开局填充-官员,营,hd_fictional_governor_k_uuii_tianshan_beilu_184,,130.4.25,,是,180-280,liangzhou,jingxue,,,,,,184 虚构郡守/刺史,zz_hd_fictional_administrators_184.txt,1727,nanming536
虚构,开局填充-官员,耳,hd_fictional_governor_d_cheshihouguo_tianshanbeilu_184,,154.5.27,,是,180-280,liangzhou,jingxue,,,,,,184 虚构郡守/刺史,zz_hd_fictional_administrators_184.txt,1734,er
虚构,开局填充-官员,煜,hd_fictional_governor_d_dawan_tianshanbeilu_184,,156.2.22,,是,180-280,liangzhou,jingxue,,,,,,184 虚构郡守/刺史,zz_hd_fictional_administrators_184.txt,1741,nanming242
虚构,开局填充-官员,夔,hd_fictional_governor_d_shule_tianshanbeilu_184,,132.12.17,,是,180-280,liangzhou,jingxue,,,,,,184 虚构郡守/刺史,zz_hd_fictional_administrators_184.txt,1748,kui2
虚构,开局填充-领主,齐,wj_184_county_c_uuii_p_2339,,134.1.1,,是,180-280,yanzhou,jingxue,,,,,,184 普通县官，注释声明非史实,WJ_184_distributed_county_holders.txt,4,qi
虚构,开局填充-领主,阳生,wj_184_county_c_uuii_p_2342,,135.2.2,,是,180-280,yanzhou,jingxue,,,,,,184 普通县官，注释声明非史实,WJ_184_distributed_county_holders.txt,11,yansheng
虚构,开局填充-领主,鞠,wj_184_county_c_uuii_p_2371,,136.3.3,,是,180-280,yanzhou,jingxue,,,,,,184 普通县官，注释声明非史实,WJ_184_distributed_county_holders.txt,18,ju1
虚构,开局填充-领主,籍,wj_184_county_c_uuii_p_4496,,137.4.4,,是,180-280,yanzhou,jingxue,,,,,,184 普通县官，注释声明非史实,WJ_184_distributed_county_holders.txt,25,ji3
虚构,开局填充-领主,枝,wj_184_county_c_uuii_p_633,,138.5.5,,是,180-280,yanzhou,jingxue,,,,,,184 普通县官，注释声明非史实,WJ_184_distributed_county_holders.txt,32,zhi3
虚构,开局填充-领主,丑,wj_184_county_c_uuii_p_639,,139.6.6,,是,180-280,yanzhou,jingxue,,,,,,184 普通县官，注释声明非史实,WJ_184_distributed_county_holders.txt,39,chou3
虚构,开局填充-领主,骀仲,wj_184_county_c_uuii_p_636,,140.7.7,,是,180-280,hd_han_state,jingxue,,,,,,184 普通县官，注释声明非史实,WJ_184_distributed_county_holders.txt,46,daizhong
虚构,开局填充-领主,段,wj_184_county_c_uuii_p_641,,141.8.8,,是,180-280,hd_han_state,jingxue,,,,,,184 普通县官，注释声明非史实,WJ_184_distributed_county_holders.txt,53,duan
虚构,开局填充-领主,终生,wj_184_county_c_uuii_p_737,,142.9.9,,是,180-280,hd_han_state,jingxue,,,,,,184 普通县官，注释声明非史实,WJ_184_distributed_county_holders.txt,60,zhongsheng
虚构,开局填充-领主,坤,wj_184_county_c_uuii_p_763,,143.10.10,,是,180-280,hd_han_state,jingxue,,,,,,184 普通县官，注释声明非史实,WJ_184_distributed_county_holders.txt,67,kun1
虚构,开局填充-领主,了,wj_184_county_c_uuii_p_1619,,144.11.11,,是,180-280,hd_han_state,jingxue,,,,,,184 普通县官，注释声明非史实,WJ_184_distributed_county_holders.txt,74,liao1
虚构,开局填充-领主,肜,wj_184_county_c_uuii_p_7092,,145.12.12,,是,180-280,hd_han_state,jingxue,,,,,,184 普通县官，注释声明非史实,WJ_184_distributed_county_holders.txt,81,rong2
虚构,开局填充-领主,淌,wj_184_county_c_uuii_p_732,,146.1.13,,是,180-280,hd_han_state,jingxue,,,,,,184 普通县官，注释声明非史实,WJ_184_distributed_county_holders.txt,88,tang1
虚构,开局填充-领主,尊,wj_184_county_c_uuii_p_738,,147.2.14,,是,180-280,hd_han_state,jingxue,,,,,,184 普通县官，注释声明非史实,WJ_184_distributed_county_holders.txt,95,zun1
虚构,开局填充-领主,赟,wj_184_county_c_uuii_p_740,,148.3.15,,是,180-280,hd_han_state,jingxue,,,,,,184 普通县官，注释声明非史实,WJ_184_distributed_county_holders.txt,102,yun3
虚构,开局填充-领主,书,wj_184_county_c_uuii_p_4300,,149.4.16,,是,180-280,hd_han_state,jingxue,,,,,,184 普通县官，注释声明非史实,WJ_184_distributed_county_holders.txt,109,shu3
虚构,开局填充-领主,寿历,wj_184_county_c_uuii_p_746,,150.5.17,,是,180-280,hd_han_state,jingxue,,,,,,184 普通县官，注释声明非史实,WJ_184_distributed_county_holders.txt,116,shouli
虚构,开局填充-领主,宙,wj_184_county_c_uuii_p_747,,151.6.18,,是,180-280,hd_han_state,jingxue,,,,,,184 普通县官，注释声明非史实,WJ_184_distributed_county_holders.txt,123,zhou1
虚构,开局填充-领主,毋,wj_184_county_c_uuii_p_1608,,152.7.19,,是,180-280,hd_han_state,jingxue,,,,,,184 普通县官，注释声明非史实,WJ_184_distributed_county_holders.txt,130,wu5
虚构,开局填充-领主,之窥,wj_184_county_c_uuii_p_1611,,153.8.20,,是,180-280,hd_han_state,jingxue,,,,,,184 普通县官，注释声明非史实,WJ_184_distributed_county_holders.txt,137,zhikui
虚构,开局填充-领主,狂,wj_184_county_c_uuii_p_768,,154.9.21,,是,180-280,hd_han_state,jingxue,,,,,,184 普通县官，注释声明非史实,WJ_184_distributed_county_holders.txt,144,kuang2
虚构,开局填充-领主,猑,wj_184_county_c_uuii_p_771,,155.10.22,,是,180-280,hd_han_state,jingxue,,,,,,184 普通县官，注释声明非史实,WJ_184_distributed_county_holders.txt,151,kun3
虚构,开局填充-领主,迪,wj_184_county_c_uuii_p_1607,,156.11.23,,是,180-280,hd_han_state,jingxue,,,,,,184 普通县官，注释声明非史实,WJ_184_distributed_county_holders.txt,158,di2
虚构,开局填充-领主,潦,wj_184_county_c_uuii_p_801,,157.12.24,,是,180-280,hd_han_state,jingxue,,,,,,184 普通县官，注释声明非史实,WJ_184_distributed_county_holders.txt,165,nanming25
虚构,开局填充-领主,巍,wj_184_county_c_uuii_p_805,,158.1.25,,是,180-280,hd_han_state,jingxue,,,,,,184 普通县官，注释声明非史实,WJ_184_distributed_county_holders.txt,172,nanming62
虚构,开局填充-领主,圉戎,wj_184_county_c_uuii_p_809,,159.2.26,,是,180-280,hd_han_state,jingxue,,,,,,184 普通县官，注释声明非史实,WJ_184_distributed_county_holders.txt,179,nanming98
虚构,开局填充-领主,受,wj_184_county_c_uuii_p_1961,,160.3.27,,是,180-280,xuzhou,jingxue,,,,,,184 普通县官，注释声明非史实,WJ_184_distributed_county_holders.txt,186,nanming135
虚构,开局填充-领主,购由,wj_184_county_c_uuii_p_4030,,161.4.1,,是,180-280,xuzhou,jingxue,,,,,,184 普通县官，注释声明非史实,WJ_184_distributed_county_holders.txt,193,nanming172
虚构,开局填充-领主,瞽叟,wj_184_county_c_uuii_p_1949,,162.5.2,,是,180-280,xuzhou,jingxue,,,,,,184 普通县官，注释声明非史实,WJ_184_distributed_county_holders.txt,200,nanming209
虚构,开局填充-领主,开阳,wj_184_county_c_uuii_p_1950,,134.6.3,,是,180-280,xuzhou,jingxue,,,,,,184 普通县官，注释声明非史实,WJ_184_distributed_county_holders.txt,207,nanming246
虚构,开局填充-领主,抻,wj_184_county_c_uuii_p_1962,,135.7.4,,是,180-280,xuzhou,jingxue,,,,,,184 普通县官，注释声明非史实,WJ_184_distributed_county_holders.txt,214,nanming283
虚构,开局填充-领主,荧,wj_184_county_c_uuii_p_1932,,136.8.5,,是,180-280,xuzhou,jingxue,,,,,,184 普通县官，注释声明非史实,WJ_184_distributed_county_holders.txt,221,nanming320
虚构,开局填充-领主,挐,wj_184_county_c_uuii_p_1943,,137.9.6,,是,180-280,xuzhou,jingxue,,,,,,184 普通县官，注释声明非史实,WJ_184_distributed_county_holders.txt,228,nanming357
虚构,开局填充-领主,才,wj_184_county_c_uuii_p_6950,,138.10.7,,是,180-280,qingzhou,jingxue,,,,,,184 普通县官，注释声明非史实,WJ_184_distributed_county_holders.txt,235,nanming394
虚构,开局填充-领主,钮,wj_184_county_c_uuii_p_2903,,139.11.8,,是,180-280,qingzhou,jingxue,,,,,,184 普通县官，注释声明非史实,WJ_184_distributed_county_holders.txt,242,nanming431
虚构,开局填充-领主,忠,wj_184_county_c_uuii_p_3990,,140.12.9,,是,180-280,qingzhou,jingxue,,,,,,184 普通县官，注释声明非史实,WJ_184_distributed_county_holders.txt,249,nanming468
虚构,开局填充-领主,毓,wj_184_county_c_uuii_p_3996,,141.1.10,,是,180-280,qingzhou,jingxue,,,,,,184 普通县官，注释声明非史实,WJ_184_distributed_county_holders.txt,256,nanming504
虚构,开局填充-领主,飙,wj_184_county_c_uuii_p_4472,,142.2.11,,是,180-280,qingzhou,jingxue,,,,,,184 普通县官，注释声明非史实,WJ_184_distributed_county_holders.txt,263,nanming541
虚构,开局填充-领主,祺,wj_184_county_c_yitang,,143.3.12,,是,180-280,qingzhou,jingxue,,,,,,184 普通县官，注释声明非史实,WJ_184_distributed_county_holders.txt,270,nanming578
虚构,开局填充-领主,旋,wj_184_county_c_uuii_p_4530,,144.4.13,,是,180-280,qingzhou,jingxue,,,,,,184 普通县官，注释声明非史实,WJ_184_distributed_county_holders.txt,277,nanming615
虚构,开局填充-领主,衰,wj_184_county_c_uuii_p_2236,,145.5.14,,是,180-280,hd_qi_state,jingxue,,,,,,184 普通县官，注释声明非史实,WJ_184_distributed_county_holders.txt,284,nanming655
虚构,开局填充-领主,寰,wj_184_county_c_uuii_p_7015,,146.6.15,,是,180-280,hd_qi_state,jingxue,,,,,,184 普通县官，注释声明非史实,WJ_184_distributed_county_holders.txt,291,nanming692
虚构,开局填充-领主,蒙归,wj_184_county_c_uuii_p_7113,,147.7.16,,是,180-280,hd_qi_state,jingxue,,,,,,184 普通县官，注释声明非史实,WJ_184_distributed_county_holders.txt,298,nanming730
虚构,开局填充-领主,敄人,wj_184_county_c_uuii_p_4543,,148.8.17,,是,180-280,hd_qi_state,jingxue,,,,,,184 普通县官，注释声明非史实,WJ_184_distributed_county_holders.txt,305,nanming767
虚构,开局填充-领主,诏明,wj_184_county_c_uuii_p_199,,149.9.18,,是,180-280,hd_qi_state,jingxue,,,,,,184 普通县官，注释声明非史实,WJ_184_distributed_county_holders.txt,312,nanming804
虚构,开局填充-领主,钟,wj_184_county_c_uuii_p_2850,,150.10.19,,是,180-280,hd_qi_state,jingxue,,,,,,184 普通县官，注释声明非史实,WJ_184_distributed_county_holders.txt,319,nanming842
虚构,开局填充-领主,进,wj_184_county_c_uuii_p_2907,,151.11.20,,是,180-280,hd_qi_state,jingxue,,,,,,184 普通县官，注释声明非史实,WJ_184_distributed_county_holders.txt,326,nanming879
虚构,开局填充-领主,瞽,wj_184_county_c_uuii_p_2933,,152.12.21,,是,180-280,hd_qi_state,jingxue,,,,,,184 普通县官，注释声明非史实,WJ_184_distributed_county_holders.txt,333,nanming916
虚构,开局填充-领主,尅,wj_184_county_c_uuii_p_4442,,153.1.22,,是,180-280,hd_qi_state,jingxue,,,,,,184 普通县官，注释声明非史实,WJ_184_distributed_county_holders.txt,340,nanming953
虚构,开局填充-领主,节氏,wj_184_county_c_uuii_p_6927,,154.2.23,,是,180-280,hd_qi_state,jingxue,,,,,仅知姓氏（某氏）,184 普通县官，注释声明非史实,WJ_184_distributed_county_holders.txt,347,nanming990
虚构,开局填充-领主,武辛,wj_184_county_c_uuii_p_7053,,155.3.24,,是,180-280,hd_qi_state,jingxue,,,,,,184 普通县官，注释声明非史实,WJ_184_distributed_county_holders.txt,354,nanming1027
虚构,开局填充-领主,无执,wj_184_county_c_uuii_p_7061,,156.4.25,,是,180-280,hd_qi_state,jingxue,,,,,,184 普通县官，注释声明非史实,WJ_184_distributed_county_holders.txt,361,nanming1064
虚构,开局填充-领主,宜臼,wj_184_county_c_uuii_p_399,,157.5.26,,是,180-280,qingzhou,jingxue,,,,,,184 普通县官，注释声明非史实,WJ_184_distributed_county_holders.txt,368,yijiu
虚构,开局填充-领主,弗湟,wj_184_county_c_uuii_p_465,,158.6.27,,是,180-280,qingzhou,jingxue,,,,,,184 普通县官，注释声明非史实,WJ_184_distributed_county_holders.txt,375,fuhuang
虚构,开局填充-领主,密,wj_184_county_c_uuii_p_6974,,159.7.1,,是,180-280,qingzhou,jingxue,,,,,,184 普通县官，注释声明非史实,WJ_184_distributed_county_holders.txt,382,mi
虚构,开局填充-领主,潘,wj_184_county_c_uuii_p_2289,,160.8.2,,是,180-280,qingzhou,jingxue,,,,,,184 普通县官，注释声明非史实,WJ_184_distributed_county_holders.txt,389,pang
虚构,开局填充-领主,亮,wj_184_county_c_uuii_p_270,,161.9.3,,是,180-280,qingzhou,jingxue,,,,,,184 普通县官，注释声明非史实,WJ_184_distributed_county_holders.txt,396,liang
虚构,开局填充-领主,骄,wj_184_county_c_uuii_p_257,,162.10.4,,是,180-280,qingzhou,jingxue,,,,,,184 普通县官，注释声明非史实,WJ_184_distributed_county_holders.txt,403,jiao
虚构,开局填充-领主,柳,wj_184_county_c_uuii_p_271,,134.11.5,,是,180-280,qingzhou,jingxue,,,,,,184 普通县官，注释声明非史实,WJ_184_distributed_county_holders.txt,410,liu1
虚构,开局填充-领主,铉,wj_184_county_c_uuii_p_275,,135.12.6,,是,180-280,qingzhou,jingxue,,,,,,184 普通县官，注释声明非史实,WJ_184_distributed_county_holders.txt,417,xuan2
虚构,开局填充-领主,角,wj_184_county_c_uuii_p_2921,,136.1.7,,是,180-280,qingzhou,jingxue,,,,,,184 普通县官，注释声明非史实,WJ_184_distributed_county_holders.txt,424,jiao1
虚构,开局填充-领主,夏,wj_184_county_c_uuii_p_402,,137.2.8,,是,180-280,qingzhou,jingxue,,,,,,184 普通县官，注释声明非史实,WJ_184_distributed_county_holders.txt,431,xia1
虚构,开局填充-领主,其思,wj_184_county_c_uuii_p_4515,,138.3.9,,是,180-280,qingzhou,jingxue,,,,,,184 普通县官，注释声明非史实,WJ_184_distributed_county_holders.txt,438,qisi
虚构,开局填充-领主,师,wj_184_county_c_uuii_p_6900,,139.4.10,,是,180-280,qingzhou,jingxue,,,,,,184 普通县官，注释声明非史实,WJ_184_distributed_county_holders.txt,445,shi3
虚构,开局填充-领主,东国,wj_184_county_c_uuii_p_4517,,140.5.11,,是,180-280,yanzhou,jingxue,,,,,,184 普通县官，注释声明非史实,WJ_184_distributed_county_holders.txt,452,dongguo
虚构,开局填充-领主,髡,wj_184_county_c_uuii_p_481,,141.6.12,,是,180-280,yanzhou,jingxue,,,,,,184 普通县官，注释声明非史实,WJ_184_distributed_county_holders.txt,459,kun2
虚构,开局填充-领主,旅,wj_184_county_c_uuii_p_7059,,142.7.13,,是,180-280,yanzhou,jingxue,,,,,,184 普通县官，注释声明非史实,WJ_184_distributed_county_holders.txt,466,lv1
虚构,开局填充-领主,莽,wj_184_county_c_uuii_p_484,,143.8.14,,是,180-280,yanzhou,jingxue,,,,,,184 普通县官，注释声明非史实,WJ_184_distributed_county_holders.txt,473,mang1
虚构,开局填充-领主,屈羽,wj_184_county_c_uuii_p_7009,,144.9.15,,是,180-280,yanzhou,jingxue,,,,,,184 普通县官，注释声明非史实,WJ_184_distributed_county_holders.txt,480,quyu
虚构,开局填充-领主,宗,wj_184_county_c_uuii_p_4101,,145.10.16,,是,180-280,yanzhou,jingxue,,,,,,184 普通县官，注释声明非史实,WJ_184_distributed_county_holders.txt,487,zong1
虚构,开局填充-领主,翰,wj_184_county_c_uuii_p_466,,146.11.17,,是,180-280,yanzhou,jingxue,,,,,,184 普通县官，注释声明非史实,WJ_184_distributed_county_holders.txt,494,han2
虚构,开局填充-领主,寒,wj_184_county_c_uuii_p_2254,,147.12.18,,是,180-280,yangzhou,jingxue,,,,,,184 普通县官，注释声明非史实,WJ_184_distributed_county_holders.txt,501,han3
虚构,开局填充-领主,天,wj_184_county_c_uuii_p_305,,148.1.19,,是,180-280,yangzhou,jingxue,,,,,,184 普通县官，注释声明非史实,WJ_184_distributed_county_holders.txt,508,tian1
虚构,开局填充-领主,阎,wj_184_county_c_uuii_p_4071,,149.2.20,,是,180-280,yangzhou,jingxue,,,,,,184 普通县官，注释声明非史实,WJ_184_distributed_county_holders.txt,515,yan10
虚构,开局填充-领主,鸾,wj_184_county_c_uuii_p_4654,,150.3.21,,是,180-280,yangzhou,jingxue,,,,,,184 普通县官，注释声明非史实,WJ_184_distributed_county_holders.txt,522,luan2
虚构,开局填充-领主,拜,wj_184_county_c_uuii_p_7011,,151.4.22,,是,180-280,yangzhou,jingxue,,,,,,184 普通县官，注释声明非史实,WJ_184_distributed_county_holders.txt,529,bai2
虚构,开局填充-领主,英,wj_184_county_c_uuii_p_4009,,152.5.23,,是,180-280,yanzhou,jingxue,,,,,,184 普通县官，注释声明非史实,WJ_184_distributed_county_holders.txt,536,yin2
虚构,开局填充-领主,模,wj_184_county_c_uuii_p_285,,153.6.24,,是,180-280,yanzhou,jingxue,,,,,,184 普通县官，注释声明非史实,WJ_184_distributed_county_holders.txt,543,nanming16
虚构,开局填充-领主,备,wj_184_county_c_uuii_p_291,,154.7.25,,是,180-280,yanzhou,jingxue,,,,,,184 普通县官，注释声明非史实,WJ_184_distributed_county_holders.txt,550,nanming53
虚构,开局填充-领主,新臣,wj_184_county_c_uuii_p_2911,,155.8.26,,是,180-280,yanzhou,jingxue,,,,,,184 普通县官，注释声明非史实,WJ_184_distributed_county_holders.txt,557,nanming90
虚构,开局填充-领主,弓,wj_184_county_c_uuii_p_3377,,156.9.27,,是,180-280,yanzhou,jingxue,,,,,,184 普通县官，注释声明非史实,WJ_184_distributed_county_holders.txt,564,nanming126
虚构,开局填充-领主,与夷,wj_184_county_c_uuii_p_4087,,157.10.1,,是,180-280,yanzhou,jingxue,,,,,,184 普通县官，注释声明非史实,WJ_184_distributed_county_holders.txt,571,nanming163
虚构,开局填充-领主,鲧祖,wj_184_county_c_uuii_p_4307,,158.11.2,,是,180-280,yanzhou,jingxue,,,,,,184 普通县官，注释声明非史实,WJ_184_distributed_county_holders.txt,578,nanming200
虚构,开局填充-领主,大廉,wj_184_county_c_uuii_p_4648,,159.12.3,,是,180-280,yanzhou,jingxue,,,,,,184 普通县官，注释声明非史实,WJ_184_distributed_county_holders.txt,585,nanming237
虚构,开局填充-领主,眙,wj_184_county_c_uuii_p_587,,160.1.4,,是,180-280,yanzhou,jingxue,,,,,,184 普通县官，注释声明非史实,WJ_184_distributed_county_holders.txt,592,nanming274
虚构,开局填充-领主,少戊,wj_184_county_c_uuii_p_6878,,161.2.5,,是,180-280,yanzhou,jingxue,,,,,,184 普通县官，注释声明非史实,WJ_184_distributed_county_holders.txt,599,nanming311
虚构,开局填充-领主,礼,wj_184_county_c_xiaxiang,,162.3.6,,是,180-280,yanzhou,jingxue,,,,,,184 普通县官，注释声明非史实,WJ_184_distributed_county_holders.txt,606,nanming348
虚构,开局填充-领主,蚀,wj_184_county_c_uuii_p_319,,134.4.7,,是,180-280,jizhou,jingxue,,,,,,184 普通县官，注释声明非史实,WJ_184_distributed_county_holders.txt,613,nanming385
虚构,开局填充-领主,泗,wj_184_county_c_uuii_p_2248,,135.5.8,,是,180-280,jizhou,jingxue,,,,,,184 普通县官，注释声明非史实,WJ_184_distributed_county_holders.txt,620,nanming422
虚构,开局填充-领主,献,wj_184_county_c_uuii_p_2256,,136.6.9,,是,180-280,jizhou,jingxue,,,,,,184 普通县官，注释声明非史实,WJ_184_distributed_county_holders.txt,627,nanming459
虚构,开局填充-领主,戈,wj_184_county_c_uuii_p_2259,,137.7.10,,是,180-280,jizhou,jingxue,,,,,,184 普通县官，注释声明非史实,WJ_184_distributed_county_holders.txt,634,nanming495
虚构,开局填充-领主,酹,wj_184_county_c_uuii_p_2262,,138.8.11,,是,180-280,jizhou,jingxue,,,,,,184 普通县官，注释声明非史实,WJ_184_distributed_county_holders.txt,641,nanming532
虚构,开局填充-领主,中潏,wj_184_county_c_uuii_p_308,,139.9.12,,是,180-280,jizhou,jingxue,,,,,,184 普通县官，注释声明非史实,WJ_184_distributed_county_holders.txt,648,nanming569
虚构,开局填充-领主,昭子,wj_184_county_c_uuii_p_318,,140.10.13,,是,180-280,jizhou,jingxue,,,,,,184 普通县官，注释声明非史实,WJ_184_distributed_county_holders.txt,655,nanming606
虚构,开局填充-领主,仲庚,wj_184_county_c_uuii_p_321,,141.11.14,,是,180-280,jizhou,jingxue,,,,,,184 普通县官，注释声明非史实,WJ_184_distributed_county_holders.txt,662,nanming646
虚构,开局填充-领主,先一,wj_184_county_c_uuii_p_4510,,142.12.15,,是,180-280,jizhou,jingxue,,,,,,184 普通县官，注释声明非史实,WJ_184_distributed_county_holders.txt,669,nanming683
虚构,开局填充-领主,怡,wj_184_county_c_uuii_p_4645,,143.1.16,,是,180-280,yanzhou,jingxue,,,,,,184 普通县官，注释声明非史实,WJ_184_distributed_county_holders.txt,676,nanming720
虚构,开局填充-领主,痕词,wj_184_county_c_uuii_p_6929,,144.2.17,,是,180-280,yanzhou,jingxue,,,,,,184 普通县官，注释声明非史实,WJ_184_distributed_county_holders.txt,683,nanming758
虚构,开局填充-领主,邴,wj_184_county_c_uuii_p_4205,,145.3.18,,是,180-280,hd_wei_state,jingxue,,,,,,184 普通县官，注释声明非史实,WJ_184_distributed_county_holders.txt,690,nanming795
虚构,开局填充-领主,仲仞,wj_184_county_c_uuii_p_2852,,146.4.19,,是,180-280,hd_wei_state,jingxue,,,,,,184 普通县官，注释声明非史实,WJ_184_distributed_county_holders.txt,697,nanming833
虚构,开局填充-领主,堪,wj_184_county_c_uuii_p_352,,147.5.20,,是,180-280,hd_wei_state,jingxue,,,,,,184 普通县官，注释声明非史实,WJ_184_distributed_county_holders.txt,704,nanming870
虚构,开局填充-领主,趣,wj_184_county_c_uuii_p_356,,148.6.21,,是,180-280,hd_wei_state,jingxue,,,,,,184 普通县官，注释声明非史实,WJ_184_distributed_county_holders.txt,711,nanming907
虚构,开局填充-领主,阏逢,wj_184_county_c_uuii_p_6973,,149.7.22,,是,180-280,hd_wei_state,jingxue,,,,,,184 普通县官，注释声明非史实,WJ_184_distributed_county_holders.txt,718,nanming944
虚构,开局填充-领主,团伏,wj_184_county_c_uuii_p_355,,150.8.23,,是,180-280,hd_wei_state,jingxue,,,,,,184 普通县官，注释声明非史实,WJ_184_distributed_county_holders.txt,725,nanming981
虚构,开局填充-领主,凬,wj_184_county_c_uuii_p_6937,,151.9.24,,是,180-280,hd_wei_state,jingxue,,,,,,184 普通县官，注释声明非史实,WJ_184_distributed_county_holders.txt,732,nanming1018
虚构,开局填充-领主,祖妫,wj_184_county_c_uuii_p_655,,152.10.25,,是,180-280,han,jingxue,,,,,,184 普通县官，注释声明非史实,WJ_184_distributed_county_holders.txt,739,nanming1055
虚构,开局填充-领主,繄扈,wj_184_county_c_uuii_p_664,,153.11.26,,是,180-280,han,jingxue,,,,,,184 普通县官，注释声明非史实,WJ_184_distributed_county_holders.txt,746,yihu
虚构,开局填充-领主,沸,wj_184_county_c_uuii_p_700,,154.12.27,,是,180-280,han,jingxue,,,,,,184 普通县官，注释声明非史实,WJ_184_distributed_county_holders.txt,753,fei
虚构,开局填充-领主,沃,wj_184_county_c_uuii_p_659,,155.1.1,,是,180-280,han,jingxue,,,,,,184 普通县官，注释声明非史实,WJ_184_distributed_county_holders.txt,760,wo
虚构,开局填充-领主,沫,wj_184_county_c_uuii_p_666,,156.2.2,,是,180-280,han,jingxue,,,,,,184 普通县官，注释声明非史实,WJ_184_distributed_county_holders.txt,767,mo
虚构,开局填充-领主,儋,wj_184_county_c_uuii_p_669,,157.3.3,,是,180-280,han,jingxue,,,,,,184 普通县官，注释声明非史实,WJ_184_distributed_county_holders.txt,774,dan3
虚构,开局填充-领主,夷,wj_184_county_c_uuii_p_679,,158.4.4,,是,180-280,han,jingxue,,,,,,184 普通县官，注释声明非史实,WJ_184_distributed_county_holders.txt,781,yi1
虚构,开局填充-领主,黑臀,wj_184_county_c_uuii_p_684,,159.5.5,,是,180-280,han,jingxue,,,,,,184 普通县官，注释声明非史实,WJ_184_distributed_county_holders.txt,788,heitun
虚构,开局填充-领主,巫臣,wj_184_county_c_uuii_p_685,,160.6.6,,是,180-280,han,jingxue,,,,,,184 普通县官，注释声明非史实,WJ_184_distributed_county_holders.txt,795,wucheng
虚构,开局填充-领主,蒯聩,wj_184_county_c_uuii_p_686,,161.7.7,,是,180-280,han,jingxue,,,,,,184 普通县官，注释声明非史实,WJ_184_distributed_county_holders.txt,802,kuaikui
虚构,开局填充-领主,已,wj_184_county_c_uuii_p_697,,162.8.8,,是,180-280,han,jingxue,,,,,,184 普通县官，注释声明非史实,WJ_184_distributed_county_holders.txt,809,yi3
虚构,开局填充-领主,宵,wj_184_county_c_uuii_p_701,,134.9.9,,是,180-280,han,jingxue,,,,,,184 普通县官，注释声明非史实,WJ_184_distributed_county_holders.txt,816,xiao2
虚构,开局填充-领主,窔,wj_184_county_c_uuii_p_2277,,135.10.10,,是,180-280,hd_qi_state,jingxue,,,,,,184 普通县官，注释声明非史实,WJ_184_distributed_county_holders.txt,823,yao2
虚构,开局填充-领主,措父,wj_184_county_c_uuii_p_2278,,136.11.11,,是,180-280,hd_qi_state,jingxue,,,,,,184 普通县官，注释声明非史实,WJ_184_distributed_county_holders.txt,830,cuofu
虚构,开局填充-领主,樗,wj_184_county_c_uuii_p_2835,,137.12.12,,是,180-280,hd_qi_state,jingxue,,,,,,184 普通县官，注释声明非史实,WJ_184_distributed_county_holders.txt,837,chu3
虚构,开局填充-领主,家,wj_184_county_c_uuii_p_391,,138.1.13,,是,180-280,hd_qi_state,jingxue,,,,,,184 普通县官，注释声明非史实,WJ_184_distributed_county_holders.txt,844,jia4
虚构,开局填充-领主,硕父,wj_184_county_c_uuii_p_2879,,139.2.14,,是,180-280,hd_qi_state,jingxue,,,,,,184 普通县官，注释声明非史实,WJ_184_distributed_county_holders.txt,851,shuofu
虚构,开局填充-领主,赢,wj_184_county_c_xintai,,140.3.15,,是,180-280,hd_qi_state,jingxue,,,,,,184 普通县官，注释声明非史实,WJ_184_distributed_county_holders.txt,858,ying5
虚构,开局填充-领主,毅,wj_184_county_c_uuii_p_369,,141.4.16,,是,180-280,hd_qi_state,jingxue,,,,,,184 普通县官，注释声明非史实,WJ_184_distributed_county_holders.txt,865,yi8
虚构,开局填充-领主,雝,wj_184_county_c_uuii_p_4519,,142.5.17,,是,180-280,qingzhou,jingxue,,,,,,184 普通县官，注释声明非史实,WJ_184_distributed_county_holders.txt,872,yong1
虚构,开局填充-领主,唤,wj_184_county_c_uuii_p_6951,,143.6.18,,是,180-280,qingzhou,jingxue,,,,,,184 普通县官，注释声明非史实,WJ_184_distributed_county_holders.txt,879,huan2
虚构,开局填充-领主,协,wj_184_county_c_uuii_p_516,,144.7.19,,是,180-280,yuzhou,jingxue,,,,,,184 普通县官，注释声明非史实,WJ_184_distributed_county_holders.txt,886,xie4
虚构,开局填充-领主,隼,wj_184_county_c_uuii_p_456,,145.8.20,,是,180-280,yuzhou,jingxue,,,,,,184 普通县官，注释声明非史实,WJ_184_distributed_county_holders.txt,893,sun1
虚构,开局填充-领主,部,wj_184_county_c_uuii_p_460,,146.9.21,,是,180-280,yuzhou,jingxue,,,,,,184 普通县官，注释声明非史实,WJ_184_distributed_county_holders.txt,900,bu3
虚构,开局填充-领主,昉,wj_184_county_c_uuii_p_461,,147.10.22,,是,180-280,yuzhou,jingxue,,,,,,184 普通县官，注释声明非史实,WJ_184_distributed_county_holders.txt,907,fang5
虚构,开局填充-领主,箱,wj_184_county_c_uuii_p_6963,,148.11.23,,是,180-280,yuzhou,jingxue,,,,,,184 普通县官，注释声明非史实,WJ_184_distributed_county_holders.txt,914,xiang4
虚构,开局填充-领主,讨,wj_184_county_c_uuii_p_547,,149.12.24,,是,180-280,han,jingxue,,,,,,184 普通县官，注释声明非史实,WJ_184_distributed_county_holders.txt,921,nanming7
虚构,开局填充-领主,翂,wj_184_county_c_uuii_p_7087,,150.1.25,,是,180-280,han,jingxue,,,,,,184 普通县官，注释声明非史实,WJ_184_distributed_county_holders.txt,928,nanming44
虚构,开局填充-领主,毗,wj_184_county_c_uuii_p_521,,151.2.26,,是,180-280,han,jingxue,,,,,,184 普通县官，注释声明非史实,WJ_184_distributed_county_holders.txt,935,nanming81
虚构,开局填充-领主,僦,wj_184_county_c_uuii_p_548,,152.3.27,,是,180-280,hd_zheng_state,jingxue,,,,,,184 普通县官，注释声明非史实,WJ_184_distributed_county_holders.txt,942,nanming117
虚构,开局填充-领主,覵,wj_184_county_c_uuii_p_553,,153.4.1,,是,180-280,hd_zheng_state,jingxue,,,,,,184 普通县官，注释声明非史实,WJ_184_distributed_county_holders.txt,949,nanming154
虚构,开局填充-领主,穷蝉,wj_184_county_c_uuii_p_674,,154.5.2,,是,180-280,hd_zheng_state,jingxue,,,,,,184 普通县官，注释声明非史实,WJ_184_distributed_county_holders.txt,956,nanming191
虚构,开局填充-领主,少康,wj_184_county_c_uuii_p_572,,155.6.3,,是,180-280,hd_zheng_state,jingxue,,,,,,184 普通县官，注释声明非史实,WJ_184_distributed_county_holders.txt,963,nanming228
虚构,开局填充-领主,茲,wj_184_county_c_uuii_p_577,,156.7.4,,是,180-280,hd_zheng_state,jingxue,,,,,,184 普通县官，注释声明非史实,WJ_184_distributed_county_holders.txt,970,nanming265
虚构,开局填充-领主,珥,wj_184_county_c_uuii_p_644,,157.8.5,,是,180-280,hd_zheng_state,jingxue,,,,,,184 普通县官，注释声明非史实,WJ_184_distributed_county_holders.txt,977,nanming302
虚构,开局填充-领主,蕃畅,wj_184_county_c_uuii_p_645,,158.9.6,,是,180-280,hd_zheng_state,jingxue,,,,,,184 普通县官，注释声明非史实,WJ_184_distributed_county_holders.txt,984,nanming339
虚构,开局填充-领主,枕,wj_184_county_c_uuii_p_2323,,159.10.7,,是,180-280,hd_zheng_state,jingxue,,,,,,184 普通县官，注释声明非史实,WJ_184_distributed_county_holders.txt,991,nanming376
虚构,开局填充-领主,以跌,wj_184_county_c_dunqiu,,160.11.8,,是,180-280,hd_wei_state,jingxue,,,,,,184 普通县官，注释声明非史实,WJ_184_distributed_county_holders.txt,998,nanming413
虚构,开局填充-领主,珏,wj_184_county_c_weiguo,,161.12.9,,是,180-280,hd_wei_state,jingxue,,,,,,184 普通县官，注释声明非史实,WJ_184_distributed_county_holders.txt,1005,nanming450
虚构,开局填充-领主,轸,wj_184_county_c_yangping,,162.1.10,,是,180-280,hd_wei_state,jingxue,,,,,,184 普通县官，注释声明非史实,WJ_184_distributed_county_holders.txt,1012,nanming487
虚构,开局填充-领主,亥,wj_184_county_c_yinan,,134.2.11,,是,180-280,hd_wei_state,jingxue,,,,,,184 普通县官，注释声明非史实,WJ_184_distributed_county_holders.txt,1019,nanming523
虚构,开局填充-领主,上启,wj_184_county_c_uuii_p_341,,135.3.12,,是,180-280,hd_qi_state,jingxue,,,,,,184 普通县官，注释声明非史实,WJ_184_distributed_county_holders.txt,1026,nanming560
虚构,开局填充-领主,悼子,wj_184_county_c_uuii_p_343,,136.4.13,,是,180-280,hd_qi_state,jingxue,,,,,,184 普通县官，注释声明非史实,WJ_184_distributed_county_holders.txt,1033,nanming597
虚构,开局填充-领主,仲辛,wj_184_county_c_uuii_p_6934,,137.5.14,,是,180-280,hd_qi_state,jingxue,,,,,,184 普通县官，注释声明非史实,WJ_184_distributed_county_holders.txt,1040,nanming637
虚构,开局填充-领主,林二,wj_184_county_c_uuii_p_3379,,138.6.15,,是,180-280,hd_qi_state,jingxue,,,,,,184 普通县官，注释声明非史实,WJ_184_distributed_county_holders.txt,1047,nanming674
虚构,开局填充-领主,爯父,wj_184_county_c_uuii_p_345,,139.7.16,,是,180-280,hd_qi_state,jingxue,,,,,,184 普通县官，注释声明非史实,WJ_184_distributed_county_holders.txt,1054,nanming711
虚构,开局填充-领主,谭,wj_184_county_c_uuii_p_154,,140.8.17,,是,180-280,hd_qi_state,jingxue,,,,,,184 普通县官，注释声明非史实,WJ_184_distributed_county_holders.txt,1061,nanming749
虚构,开局填充-领主,籹,wj_184_county_c_uuii_p_4170,,141.9.18,,是,180-280,hd_qi_state,jingxue,,,,,,184 普通县官，注释声明非史实,WJ_184_distributed_county_holders.txt,1068,nanming786
虚构,开局填充-领主,曲阳,wj_184_county_c_uuii_p_176,,142.10.19,,是,180-280,hd_qi_state,jingxue,,,,,,184 普通县官，注释声明非史实,WJ_184_distributed_county_holders.txt,1075,nanming824
虚构,开局填充-领主,绎,wj_184_county_c_uuii_p_185,,143.11.20,,是,180-280,hd_qi_state,jingxue,,,,,,184 普通县官，注释声明非史实,WJ_184_distributed_county_holders.txt,1082,nanming861
虚构,开局填充-领主,龔,wj_184_county_c_uuii_p_187,,144.12.21,,是,180-280,hd_qi_state,jingxue,,,,,,184 普通县官，注释声明非史实,WJ_184_distributed_county_holders.txt,1089,nanming898
虚构,开局填充-领主,无浊,wj_184_county_c_uuii_p_2840,,145.1.22,,是,180-280,hd_qi_state,jingxue,,,,,,184 普通县官，注释声明非史实,WJ_184_distributed_county_holders.txt,1096,nanming935
虚构,开局填充-领主,允婼,wj_184_county_c_uuii_p_6916,,146.2.23,,是,180-280,hd_qi_state,jingxue,,,,,,184 普通县官，注释声明非史实,WJ_184_distributed_county_holders.txt,1103,nanming972
虚构,开局填充-领主,巫常,wj_184_county_c_uuii_p_2199,,147.3.24,,是,180-280,hd_qi_state,jingxue,,,,,,184 普通县官，注释声明非史实,WJ_184_distributed_county_holders.txt,1110,nanming1009
虚构,开局填充-领主,奕,wj_184_county_c_uuii_p_2845,,148.4.25,,是,180-280,hd_qi_state,jingxue,,,,,,184 普通县官，注释声明非史实,WJ_184_distributed_county_holders.txt,1117,nanming1046
虚构,开局填充-领主,振铎,wj_184_county_c_uuii_p_4098,,149.5.26,,是,180-280,hd_qi_state,jingxue,,,,,,184 普通县官，注释声明非史实,WJ_184_distributed_county_holders.txt,1124,zhenduo
虚构,开局填充-领主,脱,wj_184_county_c_uuii_p_2221,,150.6.27,,是,180-280,hd_qi_state,jingxue,,,,,,184 普通县官，注释声明非史实,WJ_184_distributed_county_holders.txt,1131,tuo
虚构,开局填充-领主,冲,wj_184_county_c_uuii_p_4035,,151.7.1,,是,180-280,hd_qi_state,jingxue,,,,,,184 普通县官，注释声明非史实,WJ_184_distributed_county_holders.txt,1138,chong
虚构,开局填充-领主,奋,wj_184_county_c_uuii_p_7021,,152.8.2,,是,180-280,hd_qi_state,jingxue,,,,,,184 普通县官，注释声明非史实,WJ_184_distributed_county_holders.txt,1145,fen
虚构,开局填充-领主,恒,wj_184_county_c_uuii_p_4313,,153.9.3,,是,180-280,yuzhou,jingxue,,,,,,184 普通县官，注释声明非史实,WJ_184_distributed_county_holders.txt,1152,heng
虚构,开局填充-领主,狐,wj_184_county_c_uuii_p_4369,,154.10.4,,是,180-280,yuzhou,jingxue,,,,,,184 普通县官，注释声明非史实,WJ_184_distributed_county_holders.txt,1159,hu3
虚构,开局填充-领主,鱓,wj_184_county_c_uuii_p_4163,,155.11.5,,是,180-280,yuzhou,jingxue,,,,,,184 普通县官，注释声明非史实,WJ_184_distributed_county_holders.txt,1166,shan1
虚构,开局填充-领主,我,wj_184_county_c_uuii_p_4214,,156.12.6,,是,180-280,yuzhou,jingxue,,,,,,184 普通县官，注释声明非史实,WJ_184_distributed_county_holders.txt,1173,wo1
虚构,开局填充-领主,晋,wj_184_county_c_uuii_p_2862,,157.1.7,,是,180-280,yuzhou,jingxue,,,,,,184 普通县官，注释声明非史实,WJ_184_distributed_county_holders.txt,1180,jin1
虚构,开局填充-领主,子亹,wj_184_county_c_uuii_p_4659,,158.2.8,,是,180-280,yuzhou,jingxue,,,,,,184 普通县官，注释声明非史实,WJ_184_distributed_county_holders.txt,1187,ziwei
虚构,开局填充-领主,由,wj_184_county_c_uuii_p_4642,,159.3.9,,是,180-280,yuzhou,jingxue,,,,,,184 普通县官，注释声明非史实,WJ_184_distributed_county_holders.txt,1194,you3
虚构,开局填充-领主,将闾,wj_184_county_c_uuii_p_7045,,160.4.10,,是,180-280,yuzhou,jingxue,,,,,,184 普通县官，注释声明非史实,WJ_184_distributed_county_holders.txt,1201,jianlv
虚构,开局填充-领主,杨,wj_184_county_c_uuii_p_2195,,161.5.11,,是,180-280,jizhou,jingxue,,,,,,184 普通县官，注释声明非史实,WJ_184_distributed_county_holders.txt,1208,yang1
虚构,开局填充-领主,君问,wj_184_county_c_uuii_p_59,,162.6.12,,是,180-280,jizhou,jingxue,,,,,,184 普通县官，注释声明非史实,WJ_184_distributed_county_holders.txt,1215,junwen
虚构,开局填充-领主,再,wj_184_county_c_uuii_p_6965,,134.7.13,,是,180-280,jizhou,jingxue,,,,,,184 普通县官，注释声明非史实,WJ_184_distributed_county_holders.txt,1222,zai1
虚构,开局填充-领主,泉,wj_184_county_c_uuii_p_6911,,135.8.14,,是,180-280,jizhou,jingxue,,,,,,184 普通县官，注释声明非史实,WJ_184_distributed_county_holders.txt,1229,quan1
虚构,开局填充-领主,载,wj_184_county_c_uuii_p_2,,136.9.15,,是,180-280,hd_qi_state,jingxue,,,,,,184 普通县官，注释声明非史实,WJ_184_distributed_county_holders.txt,1236,zai3
虚构,开局填充-领主,夷昧,wj_184_county_c_uuii_p_3563,,137.10.16,,是,180-280,hd_qi_state,jingxue,,,,,,184 普通县官，注释声明非史实,WJ_184_distributed_county_holders.txt,1243,yiwei
虚构,开局填充-领主,虑,wj_184_county_c_uuii_p_9,,138.11.17,,是,180-280,hd_qi_state,jingxue,,,,,,184 普通县官，注释声明非史实,WJ_184_distributed_county_holders.txt,1250,lv2
虚构,开局填充-领主,蔑,wj_184_county_c_uuii_p_28,,139.12.18,,是,180-280,hd_qi_state,jingxue,,,,,,184 普通县官，注释声明非史实,WJ_184_distributed_county_holders.txt,1257,mie1
虚构,开局填充-领主,虹,wj_184_county_c_uuii_p_6913,,140.1.19,,是,180-280,hd_qi_state,jingxue,,,,,,184 普通县官，注释声明非史实,WJ_184_distributed_county_holders.txt,1264,hong4
虚构,开局填充-领主,蚩,wj_184_county_c_uuii_p_7052,,141.2.20,,是,180-280,hd_qi_state,jingxue,,,,,,184 普通县官，注释声明非史实,WJ_184_distributed_county_holders.txt,1271,chi2
虚构,开局填充-领主,舋,wj_184_county_c_jiangling,,142.3.21,,是,180-280,jizhou,jingxue,,,,,,184 普通县官，注释声明非史实,WJ_184_distributed_county_holders.txt,1278,xin3
虚构,开局填充-领主,磐,wj_184_county_c_uuii_p_4043,,143.4.22,,是,180-280,jizhou,jingxue,,,,,,184 普通县官，注释声明非史实,WJ_184_distributed_county_holders.txt,1285,pan2
虚构,开局填充-领主,骁,wj_184_county_c_uuii_p_2188,,144.5.23,,是,180-280,jizhou,jingxue,,,,,,184 普通县官，注释声明非史实,WJ_184_distributed_county_holders.txt,1292,xiao3
虚构,开局填充-领主,穿,wj_184_county_c_uuii_p_2977,,145.6.24,,是,180-280,jizhou,jingxue,,,,,,184 普通县官，注释声明非史实,WJ_184_distributed_county_holders.txt,1299,chuan1
虚构,开局填充-领主,登,wj_184_county_c_uuii_p_57,,146.7.25,,是,180-280,jizhou,jingxue,,,,,,184 普通县官，注释声明非史实,WJ_184_distributed_county_holders.txt,1306,nanming35
虚构,开局填充-领主,珲,wj_184_county_c_uuii_p_61,,147.8.26,,是,180-280,jizhou,jingxue,,,,,,184 普通县官，注释声明非史实,WJ_184_distributed_county_holders.txt,1313,nanming72
虚构,开局填充-领主,渭,wj_184_county_c_uuii_p_66,,148.9.27,,是,180-280,jizhou,jingxue,,,,,,184 普通县官，注释声明非史实,WJ_184_distributed_county_holders.txt,1320,nanming108
虚构,开局填充-领主,弱,wj_184_county_c_uuii_p_2191,,149.10.1,,是,180-280,hd_qi_state,jingxue,,,,,,184 普通县官，注释声明非史实,WJ_184_distributed_county_holders.txt,1327,nanming145
虚构,开局填充-领主,茅,wj_184_county_c_uuii_p_463,,150.11.2,,是,180-280,hd_qi_state,jingxue,,,,,,184 普通县官，注释声明非史实,WJ_184_distributed_county_holders.txt,1334,nanming182
虚构,开局填充-领主,均,wj_184_county_c_uuii_p_705,,151.12.3,,是,180-280,hd_qi_state,jingxue,,,,,,184 普通县官，注释声明非史实,WJ_184_distributed_county_holders.txt,1341,nanming219
虚构,开局填充-领主,悫,wj_184_county_c_uuii_p_709,,152.1.4,,是,180-280,hd_qi_state,jingxue,,,,,,184 普通县官，注释声明非史实,WJ_184_distributed_county_holders.txt,1348,nanming256
虚构,开局填充-领主,扑,wj_184_county_c_uuii_p_727,,153.2.5,,是,180-280,hd_qi_state,jingxue,,,,,,184 普通县官，注释声明非史实,WJ_184_distributed_county_holders.txt,1355,nanming293
虚构,开局填充-领主,睿,wj_184_county_c_qingchi,,154.3.6,,是,180-280,jizhou,jingxue,,,,,,184 普通县官，注释声明非史实,WJ_184_distributed_county_holders.txt,1362,nanming330
虚构,开局填充-领主,计,wj_184_county_c_uuii_p_117,,155.4.7,,是,180-280,jizhou,jingxue,,,,,,184 普通县官，注释声明非史实,WJ_184_distributed_county_holders.txt,1369,nanming367
虚构,开局填充-领主,相土,wj_184_county_c_uuii_p_121,,156.5.8,,是,180-280,jizhou,jingxue,,,,,,184 普通县官，注释声明非史实,WJ_184_distributed_county_holders.txt,1376,nanming404
虚构,开局填充-领主,禺号,wj_184_county_c_uuii_p_122,,157.6.9,,是,180-280,jizhou,jingxue,,,,,,184 普通县官，注释声明非史实,WJ_184_distributed_county_holders.txt,1383,nanming441
虚构,开局填充-领主,俊,wj_184_county_c_uuii_p_4126,,158.7.10,,是,180-280,jizhou,jingxue,,,,,,184 普通县官，注释声明非史实,WJ_184_distributed_county_holders.txt,1390,nanming478
虚构,开局填充-领主,毕,wj_184_county_c_uuii_p_109,,159.8.11,,是,180-280,jizhou,jingxue,,,,,,184 普通县官，注释声明非史实,WJ_184_distributed_county_holders.txt,1397,nanming514
虚构,开局填充-领主,淋,wj_184_county_c_linjing,,160.9.12,,是,180-280,jizhou,jingxue,,,,,,184 普通县官，注释声明非史实,WJ_184_distributed_county_holders.txt,1404,nanming551
虚构,开局填充-领主,室,wj_184_county_c_uuii_p_101,,161.10.13,,是,180-280,jizhou,jingxue,,,,,,184 普通县官，注释声明非史实,WJ_184_distributed_county_holders.txt,1411,nanming588
虚构,开局填充-领主,昌邑,wj_184_county_c_uuii_p_103,,162.11.14,,是,180-280,jizhou,jingxue,,,,,,184 普通县官，注释声明非史实,WJ_184_distributed_county_holders.txt,1418,nanming625
虚构,开局填充-领主,垂,wj_184_county_c_uuii_p_4295,,134.12.15,,是,180-280,jizhou,jingxue,,,,,,184 普通县官，注释声明非史实,WJ_184_distributed_county_holders.txt,1425,nanming665
虚构,开局填充-领主,疏,wj_184_county_c_uuii_p_1224,,135.1.16,,是,180-280,jizhou,jingxue,,,,,,184 普通县官，注释声明非史实,WJ_184_distributed_county_holders.txt,1432,nanming702
虚构,开局填充-领主,琮,wj_184_county_c_uuii_p_1225,,136.2.17,,是,180-280,jizhou,jingxue,,,,,,184 普通县官，注释声明非史实,WJ_184_distributed_county_holders.txt,1439,nanming740
虚构,开局填充-领主,琳,wj_184_county_c_uuii_p_1228,,137.3.18,,是,180-280,jizhou,jingxue,,,,,,184 普通县官，注释声明非史实,WJ_184_distributed_county_holders.txt,1446,nanming777
虚构,开局填充-领主,炬,wj_184_county_c_uuii_p_2934,,138.4.19,,是,180-280,jizhou,jingxue,,,,,,184 普通县官，注释声明非史实,WJ_184_distributed_county_holders.txt,1453,nanming814
虚构,开局填充-领主,穴熊,wj_184_county_c_uuii_p_1217,,139.5.20,,是,180-280,jizhou,jingxue,,,,,,184 普通县官，注释声明非史实,WJ_184_distributed_county_holders.txt,1460,nanming852
虚构,开局填充-领主,索,wj_184_county_c_uuii_p_1221,,140.6.21,,是,180-280,jizhou,jingxue,,,,,,184 普通县官，注释声明非史实,WJ_184_distributed_county_holders.txt,1467,nanming889
虚构,开局填充-领主,雀,wj_184_county_c_uuii_p_4032,,141.7.22,,是,180-280,xuzhou,jingxue,,,,,,184 普通县官，注释声明非史实,WJ_184_distributed_county_holders.txt,1474,nanming926
虚构,开局填充-领主,迢,wj_184_county_c_uuii_p_6873,,142.8.23,,是,180-280,xuzhou,jingxue,,,,,,184 普通县官，注释声明非史实,WJ_184_distributed_county_holders.txt,1481,nanming963
虚构,开局填充-领主,森,wj_184_county_c_uuii_p_31,,143.9.24,,是,180-280,jizhou,jingxue,,,,,,184 普通县官，注释声明非史实,WJ_184_distributed_county_holders.txt,1488,nanming1000
虚构,开局填充-领主,华阴,wj_184_county_c_uuii_p_38,,144.10.25,,是,180-280,jizhou,jingxue,,,,,,184 普通县官，注释声明非史实,WJ_184_distributed_county_holders.txt,1495,nanming1037
虚构,开局填充-领主,历,wj_184_county_c_uuii_p_39,,145.11.26,,是,180-280,jizhou,jingxue,,,,,,184 普通县官，注释声明非史实,WJ_184_distributed_county_holders.txt,1502,li
虚构,开局填充-领主,尚,wj_184_county_c_uuii_p_3995,,146.12.27,,是,180-280,jizhou,jingxue,,,,,,184 普通县官，注释声明非史实,WJ_184_distributed_county_holders.txt,1509,shang
虚构,开局填充-领主,季,wj_184_county_c_uuii_p_68,,147.1.1,,是,180-280,jizhou,jingxue,,,,,,184 普通县官，注释声明非史实,WJ_184_distributed_county_holders.txt,1516,ji1
虚构,开局填充-领主,申,wj_184_county_c_uuii_p_6894,,148.2.2,,是,180-280,jizhou,jingxue,,,,,,184 普通县官，注释声明非史实,WJ_184_distributed_county_holders.txt,1523,shen
虚构,开局填充-领主,壬,wj_184_county_c_uuii_p_74,,149.3.3,,是,180-280,jizhou,jingxue,,,,,,184 普通县官，注释声明非史实,WJ_184_distributed_county_holders.txt,1530,ren
虚构,开局填充-领主,刘,wj_184_county_c_uuii_p_95,,150.4.4,,是,180-280,jizhou,jingxue,,,,,,184 普通县官，注释声明非史实,WJ_184_distributed_county_holders.txt,1537,liu
虚构,开局填充-领主,费王,wj_184_county_c_uuii_p_55,,151.5.5,,是,180-280,jizhou,jingxue,,,,,,184 普通县官，注释声明非史实,WJ_184_distributed_county_holders.txt,1544,feiwang
虚构,开局填充-领主,襭,wj_184_county_c_fagan,,152.6.6,,是,180-280,hd_wei_state,jingxue,,,,,,184 普通县官，注释声明非史实,WJ_184_distributed_county_holders.txt,1551,xie1
虚构,开局填充-领主,洛,wj_184_county_c_uuii_p_34,,153.7.7,,是,180-280,hd_wei_state,jingxue,,,,,,184 普通县官，注释声明非史实,WJ_184_distributed_county_holders.txt,1558,luo
虚构,开局填充-领主,厚,wj_184_county_c_uuii_p_731,,154.8.8,,是,180-280,hd_wei_state,jingxue,,,,,,184 普通县官，注释声明非史实,WJ_184_distributed_county_holders.txt,1565,hou
虚构,开局填充-领主,施,wj_184_county_c_uuii_p_84,,155.9.9,,是,180-280,hd_wei_state,jingxue,,,,,,184 普通县官，注释声明非史实,WJ_184_distributed_county_holders.txt,1572,shi2
虚构,开局填充-领主,射姑,wj_184_county_c_yuancheng,,156.10.10,,是,180-280,hd_wei_state,jingxue,,,,,,184 普通县官，注释声明非史实,WJ_184_distributed_county_holders.txt,1579,yigu
虚构,开局填充-领主,彘,wj_184_county_c_uuii_p_1193,,157.11.11,,是,180-280,jizhou,jingxue,,,,,,184 普通县官，注释声明非史实,WJ_184_distributed_county_holders.txt,1586,zhi7
虚构,开局填充-领主,辽,wj_184_county_c_uuii_p_1194,,158.12.12,,是,180-280,jizhou,jingxue,,,,,,184 普通县官，注释声明非史实,WJ_184_distributed_county_holders.txt,1593,liao2
虚构,开局填充-领主,晏,wj_184_county_c_uuii_p_2867,,159.1.13,,是,180-280,jizhou,jingxue,,,,,,184 普通县官，注释声明非史实,WJ_184_distributed_county_holders.txt,1600,yang3
虚构,开局填充-领主,邃,wj_184_county_c_uuii_p_4344,,160.2.14,,是,180-280,jizhou,jingxue,,,,,,184 普通县官，注释声明非史实,WJ_184_distributed_county_holders.txt,1607,sui1
虚构,开局填充-领主,勉,wj_184_county_c_uuii_p_4351,,161.3.15,,是,180-280,jizhou,jingxue,,,,,,184 普通县官，注释声明非史实,WJ_184_distributed_county_holders.txt,1614,mian
虚构,开局填充-领主,次仲,wj_184_county_c_uuii_p_1197,,162.4.16,,是,180-280,jizhou,jingxue,,,,,,184 普通县官，注释声明非史实,WJ_184_distributed_county_holders.txt,1621,cizhong
虚构,开局填充-领主,奢,wj_184_county_c_uuii_p_2986,,134.5.17,,是,180-280,jizhou,jingxue,,,,,,184 普通县官，注释声明非史实,WJ_184_distributed_county_holders.txt,1628,she1
虚构,开局填充-领主,盲,wj_184_county_c_uuii_p_1201,,135.6.18,,是,180-280,jizhou,jingxue,,,,,,184 普通县官，注释声明非史实,WJ_184_distributed_county_holders.txt,1635,mang2
虚构,开局填充-领主,凡,wj_184_county_c_uuii_p_2535,,136.7.19,,是,180-280,jizhou,jingxue,,,,,,184 普通县官，注释声明非史实,WJ_184_distributed_county_holders.txt,1642,fang3
虚构,开局填充-领主,顋,wj_184_county_c_uuii_p_1183,,137.8.20,,是,180-280,hd_henei,jingxue,,,,,,184 普通县官，注释声明非史实,WJ_184_distributed_county_holders.txt,1649,sai2
虚构,开局填充-领主,清,wj_184_county_c_uuii_p_4285,,138.9.21,,是,180-280,hd_henei,jingxue,,,,,,184 普通县官，注释声明非史实,WJ_184_distributed_county_holders.txt,1656,qing3
虚构,开局填充-领主,庚舆,wj_184_county_c_uuii_p_6918,,139.10.22,,是,180-280,hd_henei,jingxue,,,,,,184 普通县官，注释声明非史实,WJ_184_distributed_county_holders.txt,1663,genyu
虚构,开局填充-领主,禺,wj_184_county_c_uuii_p_1175,,140.11.23,,是,180-280,hd_henei,jingxue,,,,,,184 普通县官，注释声明非史实,WJ_184_distributed_county_holders.txt,1670,ou1
虚构,开局填充-领主,侠,wj_184_county_c_uuii_p_1171,,141.12.24,,是,180-280,hd_henei,jingxue,,,,,,184 普通县官，注释声明非史实,WJ_184_distributed_county_holders.txt,1677,xia3
虚构,开局填充-领主,杞,wj_184_county_c_uuii_p_1188,,142.1.25,,是,180-280,hd_henei,jingxue,,,,,,184 普通县官，注释声明非史实,WJ_184_distributed_county_holders.txt,1684,nanming26
虚构,开局填充-领主,蹶父,wj_184_county_c_uuii_p_1208,,143.2.26,,是,180-280,hd_henei,jingxue,,,,,,184 普通县官，注释声明非史实,WJ_184_distributed_county_holders.txt,1691,nanming63
虚构,开局填充-领主,说,wj_184_county_c_uuii_p_287,,144.3.27,,是,180-280,jizhou,jingxue,,,,,,184 普通县官，注释声明非史实,WJ_184_distributed_county_holders.txt,1698,nanming99
虚构,开局填充-领主,微,wj_184_county_c_uuii_p_4258,,145.4.1,,是,180-280,jizhou,jingxue,,,,,,184 普通县官，注释声明非史实,WJ_184_distributed_county_holders.txt,1705,nanming136
虚构,开局填充-领主,田,wj_184_county_c_uuii_p_7007,,146.5.2,,是,180-280,jizhou,jingxue,,,,,,184 普通县官，注释声明非史实,WJ_184_distributed_county_holders.txt,1712,nanming173
虚构,开局填充-领主,文命,wj_184_county_c_uuii_p_3536,,147.6.3,,是,180-280,jizhou,jingxue,,,,,,184 普通县官，注释声明非史实,WJ_184_distributed_county_holders.txt,1719,nanming210
虚构,开局填充-领主,启旭,wj_184_county_c_uuii_p_3546,,148.7.4,,是,180-280,jizhou,jingxue,,,,,,184 普通县官，注释声明非史实,WJ_184_distributed_county_holders.txt,1726,nanming247
虚构,开局填充-领主,崴,wj_184_county_c_uuii_p_295,,149.8.5,,是,180-280,jizhou,jingxue,,,,,,184 普通县官，注释声明非史实,WJ_184_distributed_county_holders.txt,1733,nanming284
虚构,开局填充-领主,若木,wj_184_county_c_uuii_p_4041,,150.9.6,,是,180-280,jizhou,jingxue,,,,,,184 普通县官，注释声明非史实,WJ_184_distributed_county_holders.txt,1740,nanming321
虚构,开局填充-领主,鸪,wj_184_county_c_uuii_p_7014,,151.10.7,,是,180-280,hd_qi_state,jingxue,,,,,,184 普通县官，注释声明非史实,WJ_184_distributed_county_holders.txt,1747,nanming358
虚构,开局填充-领主,隽,wj_184_county_c_uuii_p_3923,,152.11.8,,是,180-280,hd_qi_state,jingxue,,,,,,184 普通县官，注释声明非史实,WJ_184_distributed_county_holders.txt,1754,nanming395
虚构,开局填充-领主,实,wj_184_county_c_uuii_p_7111,,153.12.9,,是,180-280,hd_qi_state,jingxue,,,,,,184 普通县官，注释声明非史实,WJ_184_distributed_county_holders.txt,1761,nanming432
虚构,开局填充-领主,骞,wj_184_county_c_uuii_p_4037,,154.1.10,,是,180-280,jizhou,jingxue,,,,,,184 普通县官，注释声明非史实,WJ_184_distributed_county_holders.txt,1768,nanming469
虚构,开局填充-领主,勋,wj_184_county_c_uuii_p_4143,,155.2.11,,是,180-280,jizhou,jingxue,,,,,,184 普通县官，注释声明非史实,WJ_184_distributed_county_holders.txt,1775,nanming505
虚构,开局填充-领主,隰,wj_184_county_c_uuii_p_430,,156.3.12,,是,180-280,jizhou,jingxue,,,,,,184 普通县官，注释声明非史实,WJ_184_distributed_county_holders.txt,1782,nanming542
虚构,开局填充-领主,匡,wj_184_county_c_uuii_p_4306,,157.4.13,,是,180-280,jizhou,jingxue,,,,,,184 普通县官，注释声明非史实,WJ_184_distributed_county_holders.txt,1789,nanming579
虚构,开局填充-领主,覃,wj_184_county_c_uuii_p_438,,158.5.14,,是,180-280,jizhou,jingxue,,,,,,184 普通县官，注释声明非史实,WJ_184_distributed_county_holders.txt,1796,nanming616
虚构,开局填充-领主,节茎,wj_184_county_c_uuii_p_4818,,159.6.15,,是,180-280,jizhou,jingxue,,,,,,184 普通县官，注释声明非史实,WJ_184_distributed_county_holders.txt,1803,nanming656
虚构,开局填充-领主,志才,wj_184_county_c_uuii_p_512,,160.7.16,,是,180-280,jizhou,jingxue,,,,,,184 普通县官，注释声明非史实,WJ_184_distributed_county_holders.txt,1810,nanming693
虚构,开局填充-领主,负典,wj_184_county_c_uuii_p_6954,,161.8.17,,是,180-280,jizhou,jingxue,,,,,,184 普通县官，注释声明非史实,WJ_184_distributed_county_holders.txt,1817,nanming731
虚构,开局填充-领主,晨,wj_184_county_c_uuii_p_543,,162.9.18,,是,180-280,jizhou,jingxue,,,,,,184 普通县官，注释声明非史实,WJ_184_distributed_county_holders.txt,1824,nanming768
虚构,开局填充-领主,文达,wj_184_county_c_uuii_p_1281,,134.10.19,,是,180-280,jizhou,jingxue,,,,,,184 普通县官，注释声明非史实,WJ_184_distributed_county_holders.txt,1831,nanming805
虚构,开局填充-领主,廉,wj_184_county_c_uuii_p_522,,135.11.20,,是,180-280,jizhou,jingxue,,,,,,184 普通县官，注释声明非史实,WJ_184_distributed_county_holders.txt,1838,nanming843
虚构,开局填充-领主,无庸,wj_184_county_c_uuii_p_417,,136.12.21,,是,180-280,youzhou,jingxue,,,,,,184 普通县官，注释声明非史实,WJ_184_distributed_county_holders.txt,1845,nanming880
虚构,开局填充-领主,鄩,wj_184_county_c_uuii_p_4334,,137.1.22,,是,180-280,youzhou,jingxue,,,,,,184 普通县官，注释声明非史实,WJ_184_distributed_county_holders.txt,1852,nanming917
虚构,开局填充-领主,瓠,wj_184_county_c_uuii_p_4360,,138.2.23,,是,180-280,youzhou,jingxue,,,,,,184 普通县官，注释声明非史实,WJ_184_distributed_county_holders.txt,1859,nanming954
虚构,开局填充-领主,太河,wj_184_county_c_uuii_p_487,,139.3.24,,是,180-280,youzhou,jingxue,,,,,,184 普通县官，注释声明非史实,WJ_184_distributed_county_holders.txt,1866,nanming991
虚构,开局填充-领主,主廷,wj_184_county_c_uuii_p_6863,,140.4.25,,是,180-280,youzhou,jingxue,,,,,,184 普通县官，注释声明非史实,WJ_184_distributed_county_holders.txt,1873,nanming1028
虚构,开局填充-领主,洩,wj_184_county_c_uuii_p_7099,,141.5.26,,是,180-280,youzhou,jingxue,,,,,,184 普通县官，注释声明非史实,WJ_184_distributed_county_holders.txt,1880,nanming1065
虚构,开局填充-领主,伯服,wj_184_county_c_uuii_p_7100,,142.6.27,,是,180-280,youzhou,jingxue,,,,,,184 普通县官，注释声明非史实,WJ_184_distributed_county_holders.txt,1887,bofu
虚构,开局填充-领主,息姑,wj_184_county_c_uuii_p_2580,,143.7.1,,是,180-280,jizhou,jingxue,,,,,,184 普通县官，注释声明非史实,WJ_184_distributed_county_holders.txt,1894,xigu
虚构,开局填充-领主,阆,wj_184_county_c_uuii_p_339,,144.8.2,,是,180-280,jizhou,jingxue,,,,,,184 普通县官，注释声明非史实,WJ_184_distributed_county_holders.txt,1901,lang
虚构,开局填充-领主,舍,wj_184_county_c_uuii_p_790,,145.9.3,,是,180-280,jingzhou,jingxue,,,,,,184 普通县官，注释声明非史实,WJ_184_distributed_county_holders.txt,1908,she
虚构,开局填充-领主,桥,wj_184_county_c_uuii_p_793,,146.10.4,,是,180-280,jingzhou,jingxue,,,,,,184 普通县官，注释声明非史实,WJ_184_distributed_county_holders.txt,1915,qiao
虚构,开局填充-领主,喜,wj_184_county_c_uuii_p_821,,147.11.5,,是,180-280,jingzhou,jingxue,,,,,,184 普通县官，注释声明非史实,WJ_184_distributed_county_holders.txt,1922,xi3
虚构,开局填充-领主,止,wj_184_county_c_uuii_p_2442,,148.12.6,,是,180-280,jingzhou,jingxue,,,,,,184 普通县官，注释声明非史实,WJ_184_distributed_county_holders.txt,1929,zhi1
虚构,开局填充-领主,胜,wj_184_county_c_uuii_p_757,,149.1.7,,是,180-280,jingzhou,jingxue,,,,,,184 普通县官，注释声明非史实,WJ_184_distributed_county_holders.txt,1936,sheng2
虚构,开局填充-领主,单,wj_184_county_c_uuii_p_758,,150.2.8,,是,180-280,jingzhou,jingxue,,,,,,184 普通县官，注释声明非史实,WJ_184_distributed_county_holders.txt,1943,dan4
虚构,开局填充-领主,偃,wj_184_county_c_uuii_p_774,,151.3.9,,是,180-280,jingzhou,jingxue,,,,,,184 普通县官，注释声明非史实,WJ_184_distributed_county_holders.txt,1950,yan4
虚构,开局填充-领主,繁,wj_184_county_c_uuii_p_784,,152.4.10,,是,180-280,jingzhou,jingxue,,,,,,184 普通县官，注释声明非史实,WJ_184_distributed_county_holders.txt,1957,fang1
虚构,开局填充-领主,立,wj_184_county_c_uuii_p_791,,153.5.11,,是,180-280,jingzhou,jingxue,,,,,,184 普通县官，注释声明非史实,WJ_184_distributed_county_holders.txt,1964,li2
虚构,开局填充-领主,齐,wj_184_county_c_uuii_p_814,,154.6.12,,是,180-280,jingzhou,jingxue,,,,,,184 普通县官，注释声明非史实,WJ_184_distributed_county_holders.txt,1971,qi7
虚构,开局填充-领主,能,wj_184_county_c_uuii_p_776,,155.7.13,,是,180-280,jingzhou,jingxue,,,,,,184 普通县官，注释声明非史实,WJ_184_distributed_county_holders.txt,1978,neng1
虚构,开局填充-领主,绣,wj_184_county_c_uuii_p_775,,156.8.14,,是,180-280,jingzhou,jingxue,,,,,,184 普通县官，注释声明非史实,WJ_184_distributed_county_holders.txt,1985,xiu3
虚构,开局填充-领主,节,wj_184_county_c_uuii_p_798,,157.9.15,,是,180-280,jingzhou,jingxue,,,,,,184 普通县官，注释声明非史实,WJ_184_distributed_county_holders.txt,1992,jie4
虚构,开局填充-领主,禽处,wj_184_county_c_uuii_p_849,,158.10.16,,是,180-280,han,jingxue,,,,,,184 普通县官，注释声明非史实,WJ_184_distributed_county_holders.txt,1999,qingchu
虚构,开局填充-领主,州犁,wj_184_county_c_uuii_p_850,,159.11.17,,是,180-280,han,jingxue,,,,,,184 普通县官，注释声明非史实,WJ_184_distributed_county_holders.txt,2006,zhouli
虚构,开局填充-领主,忌父,wj_184_county_c_uuii_p_800,,160.12.18,,是,180-280,han,jingxue,,,,,,184 普通县官，注释声明非史实,WJ_184_distributed_county_holders.txt,2013,jifu
虚构,开局填充-领主,步,wj_184_county_c_uuii_p_818,,161.1.19,,是,180-280,han,jingxue,,,,,,184 普通县官，注释声明非史实,WJ_184_distributed_county_holders.txt,2020,bu1
虚构,开局填充-领主,无咎,wj_184_county_c_uuii_p_826,,162.2.20,,是,180-280,han,jingxue,,,,,,184 普通县官，注释声明非史实,WJ_184_distributed_county_holders.txt,2027,wujiu
虚构,开局填充-领主,句,wj_184_county_c_uuii_p_829,,134.3.21,,是,180-280,han,jingxue,,,,,,184 普通县官，注释声明非史实,WJ_184_distributed_county_holders.txt,2034,gou1
虚构,开局填充-领主,豳,wj_184_county_c_uuii_p_830,,135.4.22,,是,180-280,han,jingxue,,,,,,184 普通县官，注释声明非史实,WJ_184_distributed_county_holders.txt,2041,bin1
虚构,开局填充-领主,虬,wj_184_county_c_uuii_p_842,,136.5.23,,是,180-280,han,jingxue,,,,,,184 普通县官，注释声明非史实,WJ_184_distributed_county_holders.txt,2048,qiu5
虚构,开局填充-领主,俱,wj_184_county_c_uuii_p_820,,137.6.24,,是,180-280,han,jingxue,,,,,,184 普通县官，注释声明非史实,WJ_184_distributed_county_holders.txt,2055,ju6
虚构,开局填充-领主,焕,wj_184_county_c_uuii_p_836,,138.7.25,,是,180-280,han,jingxue,,,,,,184 普通县官，注释声明非史实,WJ_184_distributed_county_holders.txt,2062,nanming17
虚构,开局填充-领主,裹,wj_184_county_c_uuii_p_839,,139.8.26,,是,180-280,han,jingxue,,,,,,184 普通县官，注释声明非史实,WJ_184_distributed_county_holders.txt,2069,nanming54
虚构,开局填充-领主,业,wj_184_county_c_uuii_p_909,,140.9.27,,是,180-280,han,jingxue,,,,,,184 普通县官，注释声明非史实,WJ_184_distributed_county_holders.txt,2076,nanming91
虚构,开局填充-领主,跃,wj_184_county_c_uuii_p_914,,141.10.1,,是,180-280,han,jingxue,,,,,,184 普通县官，注释声明非史实,WJ_184_distributed_county_holders.txt,2083,nanming127
虚构,开局填充-领主,冯,wj_184_county_c_uuii_p_936,,142.11.2,,是,180-280,han,jingxue,,,,,,184 普通县官，注释声明非史实,WJ_184_distributed_county_holders.txt,2090,nanming164
虚构,开局填充-领主,大业,wj_184_county_c_uuii_p_899,,143.12.3,,是,180-280,han,jingxue,,,,,,184 普通县官，注释声明非史实,WJ_184_distributed_county_holders.txt,2097,nanming201
虚构,开局填充-领主,无用,wj_184_county_c_uuii_p_900,,144.1.4,,是,180-280,han,jingxue,,,,,,184 普通县官，注释声明非史实,WJ_184_distributed_county_holders.txt,2104,nanming238
虚构,开局填充-领主,划,wj_184_county_c_uuii_p_1753,,145.2.5,,是,180-280,han,jingxue,,,,,,184 普通县官，注释声明非史实,WJ_184_distributed_county_holders.txt,2111,nanming275
虚构,开局填充-领主,欲,wj_184_county_c_uuii_p_863,,146.3.6,,是,180-280,han,jingxue,,,,,,184 普通县官，注释声明非史实,WJ_184_distributed_county_holders.txt,2118,nanming312
虚构,开局填充-领主,理,wj_184_county_c_uuii_p_871,,147.4.7,,是,180-280,han,jingxue,,,,,,184 普通县官，注释声明非史实,WJ_184_distributed_county_holders.txt,2125,nanming349
虚构,开局填充-领主,瞵,wj_184_county_c_uuii_p_912,,148.5.8,,是,180-280,han,jingxue,,,,,,184 普通县官，注释声明非史实,WJ_184_distributed_county_holders.txt,2132,nanming386
虚构,开局填充-领主,涛,wj_184_county_c_uuii_p_854,,149.6.9,,是,180-280,han,jingxue,,,,,,184 普通县官，注释声明非史实,WJ_184_distributed_county_holders.txt,2139,nanming423
虚构,开局填充-领主,纪,wj_184_county_c_uuii_p_857,,150.7.10,,是,180-280,han,jingxue,,,,,,184 普通县官，注释声明非史实,WJ_184_distributed_county_holders.txt,2146,nanming460
虚构,开局填充-领主,顶,wj_184_county_c_uuii_p_867,,151.8.11,,是,180-280,han,jingxue,,,,,,184 普通县官，注释声明非史实,WJ_184_distributed_county_holders.txt,2153,nanming496
虚构,开局填充-领主,津,wj_184_county_c_uuii_p_873,,152.9.12,,是,180-280,han,jingxue,,,,,,184 普通县官，注释声明非史实,WJ_184_distributed_county_holders.txt,2160,nanming533
虚构,开局填充-领主,蜚廉,wj_184_county_c_uuii_p_877,,153.10.13,,是,180-280,han,jingxue,,,,,,184 普通县官，注释声明非史实,WJ_184_distributed_county_holders.txt,2167,nanming570
虚构,开局填充-领主,针,wj_184_county_c_uuii_p_898,,154.11.14,,是,180-280,han,jingxue,,,,,,184 普通县官，注释声明非史实,WJ_184_distributed_county_holders.txt,2174,nanming607
虚构,开局填充-领主,淳,wj_184_county_c_uuii_p_881,,155.12.15,,是,180-280,han,jingxue,,,,,,184 普通县官，注释声明非史实,WJ_184_distributed_county_holders.txt,2181,nanming647
虚构,开局填充-领主,先二,wj_184_county_c_uuii_p_891,,156.1.16,,是,180-280,han,jingxue,,,,,,184 普通县官，注释声明非史实,WJ_184_distributed_county_holders.txt,2188,nanming684
虚构,开局填充-领主,沛,wj_184_county_c_uuii_p_904,,157.2.17,,是,180-280,han,jingxue,,,,,,184 普通县官，注释声明非史实,WJ_184_distributed_county_holders.txt,2195,nanming721
虚构,开局填充-领主,虎甲,wj_184_county_c_uuii_p_905,,158.3.18,,是,180-280,han,jingxue,,,,,,184 普通县官，注释声明非史实,WJ_184_distributed_county_holders.txt,2202,nanming759
虚构,开局填充-领主,昔,wj_184_county_c_uuii_p_890,,159.4.19,,是,180-280,han,jingxue,,,,,,184 普通县官，注释声明非史实,WJ_184_distributed_county_holders.txt,2209,nanming796
虚构,开局填充-领主,佳,wj_184_county_c_uuii_p_892,,160.5.20,,是,180-280,han,jingxue,,,,,,184 普通县官，注释声明非史实,WJ_184_distributed_county_holders.txt,2216,nanming834
虚构,开局填充-领主,咢,wj_184_county_c_uuii_p_895,,161.6.21,,是,180-280,han,jingxue,,,,,,184 普通县官，注释声明非史实,WJ_184_distributed_county_holders.txt,2223,nanming871
虚构,开局填充-领主,邵,wj_184_county_c_uuii_p_896,,162.7.22,,是,180-280,han,jingxue,,,,,,184 普通县官，注释声明非史实,WJ_184_distributed_county_holders.txt,2230,nanming908
虚构,开局填充-领主,拊,wj_184_county_c_uuii_p_906,,134.8.23,,是,180-280,han,jingxue,,,,,,184 普通县官，注释声明非史实,WJ_184_distributed_county_holders.txt,2237,nanming945
虚构,开局填充-领主,归纹,wj_184_county_c_uuii_p_880,,135.9.24,,是,180-280,han,jingxue,,,,,,184 普通县官，注释声明非史实,WJ_184_distributed_county_holders.txt,2244,nanming982
虚构,开局填充-领主,仲礼,wj_184_county_c_uuii_p_910,,136.10.25,,是,180-280,han,jingxue,,,,,,184 普通县官，注释声明非史实,WJ_184_distributed_county_holders.txt,2251,nanming1019
虚构,开局填充-领主,妫方,wj_184_county_c_uuii_p_1467,,137.11.26,,是,180-280,hd_han_state,jingxue,,,,,,184 普通县官，注释声明非史实,WJ_184_distributed_county_holders.txt,2258,nanming1056
虚构,开局填充-领主,囏,wj_184_county_c_uuii_p_1469,,138.12.27,,是,180-280,hd_han_state,jingxue,,,,,,184 普通县官，注释声明非史实,WJ_184_distributed_county_holders.txt,2265,jian
虚构,开局填充-领主,擢,wj_184_county_c_uuii_p_951,,139.1.1,,是,180-280,hd_han_state,jingxue,,,,,,184 普通县官，注释声明非史实,WJ_184_distributed_county_holders.txt,2272,zhuo
虚构,开局填充-领主,野,wj_184_county_c_uuii_p_935,,140.2.2,,是,180-280,han,jingxue,,,,,,184 普通县官，注释声明非史实,WJ_184_distributed_county_holders.txt,2279,Ye_91CE
虚构,开局填充-领主,翟,wj_184_county_c_uuii_p_986,,141.3.3,,是,180-280,han,jingxue,,,,,,184 普通县官，注释声明非史实,WJ_184_distributed_county_holders.txt,2286,di
虚构,开局填充-领主,假,wj_184_county_c_uuii_p_937,,142.4.4,,是,180-280,han,jingxue,,,,,,184 普通县官，注释声明非史实,WJ_184_distributed_county_holders.txt,2293,jia2
虚构,开局填充-领主,泄心,wj_184_county_c_uuii_p_942,,143.5.5,,是,180-280,han,jingxue,,,,,,184 普通县官，注释声明非史实,WJ_184_distributed_county_holders.txt,2300,xiexin
虚构,开局填充-领主,据,wj_184_county_c_uuii_p_946,,144.6.6,,是,180-280,han,jingxue,,,,,,184 普通县官，注释声明非史实,WJ_184_distributed_county_holders.txt,2307,ju2
虚构,开局填充-领主,狐庸,wj_184_county_c_uuii_p_964,,145.7.7,,是,180-280,han,jingxue,,,,,,184 普通县官，注释声明非史实,WJ_184_distributed_county_holders.txt,2314,huyong
虚构,开局填充-领主,斑,wj_184_county_c_uuii_p_967,,146.8.8,,是,180-280,han,jingxue,,,,,,184 普通县官，注释声明非史实,WJ_184_distributed_county_holders.txt,2321,ban1
虚构,开局填充-领主,骀,wj_184_county_c_uuii_p_969,,147.9.9,,是,180-280,han,jingxue,,,,,,184 普通县官，注释声明非史实,WJ_184_distributed_county_holders.txt,2328,dai2
虚构,开局填充-领主,大季,wj_184_county_c_uuii_p_981,,148.10.10,,是,180-280,han,jingxue,,,,,,184 普通县官，注释声明非史实,WJ_184_distributed_county_holders.txt,2335,daji
虚构,开局填充-领主,寇,wj_184_county_c_uuii_p_992,,149.11.11,,是,180-280,han,jingxue,,,,,,184 普通县官，注释声明非史实,WJ_184_distributed_county_holders.txt,2342,kou1
虚构,开局填充-领主,厉,wj_184_county_c_uuii_p_1012,,150.12.12,,是,180-280,han,jingxue,,,,,,184 普通县官，注释声明非史实,WJ_184_distributed_county_holders.txt,2349,li3
虚构,开局填充-领主,栩,wj_184_county_c_uuii_p_1014,,151.1.13,,是,180-280,han,jingxue,,,,,,184 普通县官，注释声明非史实,WJ_184_distributed_county_holders.txt,2356,xu3
虚构,开局填充-领主,顷,wj_184_county_c_uuii_p_980,,152.2.14,,是,180-280,han,jingxue,,,,,,184 普通县官，注释声明非史实,WJ_184_distributed_county_holders.txt,2363,qing1
虚构,开局填充-领主,邗,wj_184_county_c_uuii_p_983,,153.3.15,,是,180-280,han,jingxue,,,,,,184 普通县官，注释声明非史实,WJ_184_distributed_county_holders.txt,2370,han1
虚构,开局填充-领主,简,wj_184_county_c_uuii_p_995,,154.4.16,,是,180-280,han,jingxue,,,,,,184 普通县官，注释声明非史实,WJ_184_distributed_county_holders.txt,2377,jijian
虚构,开局填充-领主,大心,wj_184_county_c_uuii_p_998,,155.5.17,,是,180-280,han,jingxue,,,,,,184 普通县官，注释声明非史实,WJ_184_distributed_county_holders.txt,2384,daxin
虚构,开局填充-领主,玉,wj_184_county_c_uuii_p_1066,,156.6.18,,是,180-280,han,jingxue,,,,,,184 普通县官，注释声明非史实,WJ_184_distributed_county_holders.txt,2391,yu11
虚构,开局填充-领主,萋,wj_184_county_c_uuii_p_2453,,157.7.19,,是,180-280,han,jingxue,,,,,,184 普通县官，注释声明非史实,WJ_184_distributed_county_holders.txt,2398,qi9
虚构,开局填充-领主,邪,wj_184_county_c_uuii_p_996,,158.8.20,,是,180-280,han,jingxue,,,,,,184 普通县官，注释声明非史实,WJ_184_distributed_county_holders.txt,2405,xie5
虚构,开局填充-领主,盱,wj_184_county_c_uuii_p_1024,,159.9.21,,是,180-280,han,jingxue,,,,,,184 普通县官，注释声明非史实,WJ_184_distributed_county_holders.txt,2412,xu6
虚构,开局填充-领主,邝,wj_184_county_c_uuii_p_1064,,160.10.22,,是,180-280,han,jingxue,,,,,,184 普通县官，注释声明非史实,WJ_184_distributed_county_holders.txt,2419,kuang1
虚构,开局填充-领主,楷,wj_184_county_c_uuii_p_2466,,161.11.23,,是,180-280,han,jingxue,,,,,,184 普通县官，注释声明非史实,WJ_184_distributed_county_holders.txt,2426,kai1
虚构,开局填充-领主,厘,wj_184_county_c_uuii_p_1082,,162.12.24,,是,180-280,yanzhou,jingxue,,,,,,184 普通县官，注释声明非史实,WJ_184_distributed_county_holders.txt,2433,li8
虚构,开局填充-领主,伯基,wj_184_county_c_uuii_p_1107,,134.1.25,,是,180-280,yanzhou,jingxue,,,,,,184 普通县官，注释声明非史实,WJ_184_distributed_county_holders.txt,2440,nanming8
虚构,开局填充-领主,述,wj_184_county_c_uuii_p_2475,,135.2.26,,是,180-280,yanzhou,jingxue,,,,,,184 普通县官，注释声明非史实,WJ_184_distributed_county_holders.txt,2447,nanming45
虚构,开局填充-领主,谋,wj_184_county_c_uuii_p_2477,,136.3.27,,是,180-280,yanzhou,jingxue,,,,,,184 普通县官，注释声明非史实,WJ_184_distributed_county_holders.txt,2454,nanming82
虚构,开局填充-领主,辩,wj_184_county_c_uuii_p_1086,,137.4.1,,是,180-280,yanzhou,jingxue,,,,,,184 普通县官，注释声明非史实,WJ_184_distributed_county_holders.txt,2461,nanming118
虚构,开局填充-领主,司空,wj_184_county_c_uuii_p_1072,,138.5.2,,是,180-280,yanzhou,jingxue,,,,,,184 普通县官，注释声明非史实,WJ_184_distributed_county_holders.txt,2468,nanming155
虚构,开局填充-领主,季禺,wj_184_county_c_uuii_p_1087,,139.6.3,,是,180-280,yanzhou,jingxue,,,,,,184 普通县官，注释声明非史实,WJ_184_distributed_county_holders.txt,2475,nanming192
虚构,开局填充-领主,槐,wj_184_county_c_uuii_p_2510,,140.7.4,,是,180-280,yanzhou,jingxue,,,,,,184 普通县官，注释声明非史实,WJ_184_distributed_county_holders.txt,2482,nanming229
虚构,开局填充-领主,赵,wj_184_county_c_uuii_p_1071,,141.8.5,,是,180-280,yanzhou,jingxue,,,,,,184 普通县官，注释声明非史实,WJ_184_distributed_county_holders.txt,2489,nanming266
虚构,开局填充-领主,澴,wj_184_county_c_uuii_p_1097,,142.9.6,,是,180-280,yanzhou,jingxue,,,,,,184 普通县官，注释声明非史实,WJ_184_distributed_county_holders.txt,2496,nanming303
虚构,开局填充-领主,禐,wj_184_county_c_uuii_p_1104,,143.10.7,,是,180-280,yanzhou,jingxue,,,,,,184 普通县官，注释声明非史实,WJ_184_distributed_county_holders.txt,2503,nanming340
虚构,开局填充-领主,忟,wj_184_county_c_uuii_p_1109,,144.11.8,,是,180-280,hd_henei,jingxue,,,,,,184 普通县官，注释声明非史实,WJ_184_distributed_county_holders.txt,2510,nanming377
虚构,开局填充-领主,围,wj_184_county_c_uuii_p_2478,,145.12.9,,是,180-280,hd_henei,jingxue,,,,,,184 普通县官，注释声明非史实,WJ_184_distributed_county_holders.txt,2517,nanming414
虚构,开局填充-领主,爯,wj_184_county_c_uuii_p_1151,,146.1.10,,是,180-280,hd_henei,jingxue,,,,,,184 普通县官，注释声明非史实,WJ_184_distributed_county_holders.txt,2524,nanming451
虚构,开局填充-领主,燕,wj_184_county_c_uuii_p_1177,,147.2.11,,是,180-280,hd_henei,jingxue,,,,,,184 普通县官，注释声明非史实,WJ_184_distributed_county_holders.txt,2531,yan
虚构,开局填充-领主,演,wj_184_county_c_uuii_p_1173,,148.3.12,,是,180-280,hd_henei,jingxue,,,,,,184 普通县官，注释声明非史实,WJ_184_distributed_county_holders.txt,2538,nanming524
虚构,开局填充-领主,赞皇,wj_184_county_c_uuii_p_1490,,149.4.13,,是,180-280,hd_xibei,jingxue,,,,,,184 普通县官，注释声明非史实,WJ_184_distributed_county_holders.txt,2545,nanming561
虚构,开局填充-领主,师隰,wj_184_county_c_uuii_p_1496,,150.5.14,,是,180-280,hd_xibei,jingxue,,,,,,184 普通县官，注释声明非史实,WJ_184_distributed_county_holders.txt,2552,nanming598
虚构,开局填充-领主,君识,wj_184_county_c_uuii_p_2806,,151.6.15,,是,180-280,hd_xibei,jingxue,,,,,,184 普通县官，注释声明非史实,WJ_184_distributed_county_holders.txt,2559,nanming638
虚构,开局填充-领主,禹,wj_184_county_c_uuii_p_2813,,152.7.16,,是,180-280,hd_xibei,jingxue,,,,,,184 普通县官，注释声明非史实,WJ_184_distributed_county_holders.txt,2566,nanming675
虚构,开局填充-领主,臣氐,wj_184_county_c_uuii_p_2801,,153.8.17,,是,180-280,diren,xirongfangling,,,,,,184 普通县官，注释声明非史实,WJ_184_distributed_county_holders.txt,2573,uuii_book_neng_chen_di_name
虚构,开局填充-领主,澄,wj_184_county_c_uuii_p_3003,,154.9.18,,是,180-280,liangzhou,jingxue,,,,,,184 普通县官，注释声明非史实,WJ_184_distributed_county_holders.txt,2580,nanming750
虚构,开局填充-领主,边木西,wj_184_county_c_uuii_p_3025,,155.10.19,,是,180-280,zhongqiang,xirongfangling,,,,,随机名单取名,184 普通县官，注释声明非史实,WJ_184_distributed_county_holders.txt,2587,qiang_diren_nn_7_bian_mu_xi
虚构,开局填充-领主,遂昌,wj_184_county_c_uuii_p_3067,,156.11.20,,是,180-280,baima,xirongfangling,,,,,,184 普通县官，注释声明非史实,WJ_184_distributed_county_holders.txt,2594,nanming825
虚构,开局填充-领主,䵣,wj_184_county_c_uuii_p_3073,,157.12.21,,是,180-280,baima,xirongfangling,,,,,,184 普通县官，注释声明非史实,WJ_184_distributed_county_holders.txt,2601,nanming862
虚构,开局填充-领主,骐,wj_184_county_c_uuii_p_3076,,158.1.22,,是,180-280,baima,xirongfangling,,,,,,184 普通县官，注释声明非史实,WJ_184_distributed_county_holders.txt,2608,nanming899
虚构,开局填充-领主,元哲,wj_184_county_c_qianer,,159.2.23,,是,180-280,liangzhou,jingxue,,,,,,184 普通县官，注释声明非史实,WJ_184_distributed_county_holders.txt,2615,nanming936
虚构,开局填充-领主,格里萨,wj_184_county_c_uuii_p_2992,,160.3.24,,是,180-280,zhongqiang,xirongfangling,,,,,随机名单取名,184 普通县官，注释声明非史实,WJ_184_distributed_county_holders.txt,2622,qiang_diren_nn_23_ge_li_sa
虚构,开局填充-领主,蝉西,wj_184_county_c_uuii_p_2997,,161.4.25,,是,180-280,zhongqiang,xirongfangling,,,,,随机名单取名,184 普通县官，注释声明非史实,WJ_184_distributed_county_holders.txt,2629,qiang_diren_nn_11_chan_xi
虚构,开局填充-领主,连运,wj_184_county_c_uuii_p_2999,,162.5.26,,是,180-280,liangzhou,jingxue,,,,,,184 普通县官，注释声明非史实,WJ_184_distributed_county_holders.txt,2636,nanming1047
虚构,开局填充-领主,吴,wj_184_county_c_uuii_p_3002,,134.6.27,,是,180-280,liangzhou,jingxue,,,,,,184 普通县官，注释声明非史实,WJ_184_distributed_county_holders.txt,2643,wu
虚构,开局填充-领主,购,wj_184_county_c_uuii_p_3004,,135.7.1,,是,180-280,liangzhou,jingxue,,,,,,184 普通县官，注释声明非史实,WJ_184_distributed_county_holders.txt,2650,gou
虚构,开局填充-领主,禾玛基,wj_184_county_c_uuii_p_3006,,136.8.2,,是,180-280,zhongqiang,xirongfangling,,,,,随机名单取名,184 普通县官，注释声明非史实,WJ_184_distributed_county_holders.txt,2657,qiang_diren_nn_28_he_ma_ji
虚构,开局填充-领主,屯,wj_184_county_c_maling,,137.9.3,,是,180-280,liangzhou,jingxue,,,,,,184 普通县官，注释声明非史实,WJ_184_distributed_county_holders.txt,2664,tun
虚构,开局填充-领主,德基,wj_184_county_c_uuii_p_1558,,138.10.4,,是,180-280,xianling,xirongfangling,,,,,随机名单取名,184 普通县官，注释声明非史实,WJ_184_distributed_county_holders.txt,2671,qiang_diren_nn_15_de_ji
虚构,开局填充-领主,迪基,wj_184_county_c_uuii_p_3092,,139.11.5,,是,180-280,xianling,xirongfangling,,,,,随机名单取名,184 普通县官，注释声明非史实,WJ_184_distributed_county_holders.txt,2678,qiang_diren_nn_16_di_ji
虚构,开局填充-领主,诡诸,wj_184_county_c_uuii_p_1575,,140.12.6,,是,180-280,xiutu,xirongfangling,,,,,,184 普通县官，注释声明非史实,WJ_184_distributed_county_holders.txt,2685,guizhu
虚构,开局填充-领主,圣,wj_184_county_c_uuii_p_1561,,141.1.7,,是,180-280,hd_xibei,xirongfangling,,,,,,184 普通县官，注释声明非史实,WJ_184_distributed_county_holders.txt,2692,sheng3
虚构,开局填充-领主,朔,wj_184_county_c_uuii_p_1562,,142.2.8,,是,180-280,xiutu,xirongfangling,,,,,,184 普通县官，注释声明非史实,WJ_184_distributed_county_holders.txt,2699,shuo
虚构,开局填充-领主,婴,wj_184_county_c_uuii_p_1570,,143.3.9,,是,180-280,baima,xirongfangling,,,,,,184 普通县官，注释声明非史实,WJ_184_distributed_county_holders.txt,2706,ying1
虚构,开局填充-领主,眅,wj_184_county_c_uuii_p_5744,,144.4.10,,是,180-280,liangzhou,jingxue,,,,,,184 普通县官，注释声明非史实,WJ_184_distributed_county_holders.txt,2713,pan1
虚构,开局填充-领主,负羁,wj_184_county_c_uuii_p_4983,,145.5.11,,是,180-280,liangzhou,jingxue,,,,,,184 普通县官，注释声明非史实,WJ_184_distributed_county_holders.txt,2720,fuji
虚构,开局填充-领主,文远,wj_184_county_c_uuii_p_6401,,146.6.12,,是,180-280,xiutu,xirongfangling,,,,,,184 普通县官，注释声明非史实,WJ_184_distributed_county_holders.txt,2727,wenyuan
虚构,开局填充-领主,准,wj_184_county_c_uuii_p_6500,,147.7.13,,是,180-280,liangzhou,jingxue,,,,,,184 普通县官，注释声明非史实,WJ_184_distributed_county_holders.txt,2734,zhun1
虚构,开局填充-领主,皋,wj_184_county_c_uuii_p_6861,,148.8.14,,是,180-280,liangzhou,jingxue,,,,,,184 普通县官，注释声明非史实,WJ_184_distributed_county_holders.txt,2741,gao1
虚构,开局填充-领主,权,wj_184_county_c_uuii_p_6231,,149.9.15,,是,180-280,liangzhou,jingxue,,,,,,184 普通县官，注释声明非史实,WJ_184_distributed_county_holders.txt,2748,quan2
虚构,开局填充-领主,伯桓,wj_184_county_c_uuii_p_6690,,150.10.16,,是,180-280,liangzhou,jingxue,,,,,,184 普通县官，注释声明非史实,WJ_184_distributed_county_holders.txt,2755,boheng
虚构,开局填充-领主,扎,wj_184_county_c_uuii_p_6724,,151.11.17,,是,180-280,liangzhou,jingxue,,,,,,184 普通县官，注释声明非史实,WJ_184_distributed_county_holders.txt,2762,zha1
虚构,开局填充-领主,咎,wj_184_county_c_uuii_p_6757,,152.12.18,,是,180-280,liangzhou,jingxue,,,,,,184 普通县官，注释声明非史实,WJ_184_distributed_county_holders.txt,2769,jiu2
虚构,开局填充-领主,邪弈于,wj_184_county_c_uuii_p_5862,,153.1.19,,是,180-280,jieren,tengri_pagan,,,,,,184 普通县官，注释声明非史实,WJ_184_distributed_county_holders.txt,2776,uuii_book_shi_xie_yi_yu_name
虚构,开局填充-领主,彦,wj_184_county_c_uuii_p_5007,,154.2.20,,是,180-280,liangzhou,jingxue,,,,,,184 普通县官，注释声明非史实,WJ_184_distributed_county_holders.txt,2783,yan9
虚构,开局填充-领主,臬,wj_184_county_c_uuii_p_5097,,155.3.21,,是,180-280,liangzhou,jingxue,,,,,,184 普通县官，注释声明非史实,WJ_184_distributed_county_holders.txt,2790,nie1
虚构,开局填充-领主,贲,wj_184_county_c_uuii_p_6289,,156.4.22,,是,180-280,liangzhou,jingxue,,,,,,184 普通县官，注释声明非史实,WJ_184_distributed_county_holders.txt,2797,ben2
虚构,开局填充-领主,纶,wj_184_county_c_uuii_p_6374,,157.5.23,,是,180-280,liangzhou,jingxue,,,,,,184 普通县官，注释声明非史实,WJ_184_distributed_county_holders.txt,2804,lun1
虚构,开局填充-领主,苍,wj_184_county_c_uuii_p_3105,,158.6.24,,是,180-280,yizhou,jingxue,,,,,,184 普通县官，注释声明非史实,WJ_184_distributed_county_holders.txt,2811,cang1
虚构,开局填充-领主,益,wj_184_county_c_uuii_p_2168,,159.7.25,,是,180-280,yizhou,jingxue,,,,,,184 普通县官，注释声明非史实,WJ_184_distributed_county_holders.txt,2818,yi12
虚构,开局填充-领主,案,wj_184_county_c_uuii_p_2169,,160.8.26,,是,180-280,yizhou,jingxue,,,,,,184 普通县官，注释声明非史实,WJ_184_distributed_county_holders.txt,2825,nanming36
虚构,开局填充-领主,召,wj_184_county_c_uuii_p_3106,,161.9.27,,是,180-280,yizhou,jingxue,,,,,,184 普通县官，注释声明非史实,WJ_184_distributed_county_holders.txt,2832,nanming73
虚构,开局填充-领主,兵,wj_184_county_c_uuii_p_3117,,162.10.1,,是,180-280,yizhou,jingxue,,,,,,184 普通县官，注释声明非史实,WJ_184_distributed_county_holders.txt,2839,nanming109
虚构,开局填充-领主,黄,wj_184_county_c_uuii_p_3119,,134.11.2,,是,180-280,yizhou,jingxue,,,,,,184 普通县官，注释声明非史实,WJ_184_distributed_county_holders.txt,2846,nanming146
虚构,开局填充-领主,昆,wj_184_county_c_uuii_p_3130,,135.12.3,,是,180-280,yizhou,jingxue,,,,,,184 普通县官，注释声明非史实,WJ_184_distributed_county_holders.txt,2853,nanming183
虚构,开局填充-领主,类,wj_184_county_c_uuii_p_3613,,136.1.4,,是,180-280,yizhou,jingxue,,,,,,184 普通县官，注释声明非史实,WJ_184_distributed_county_holders.txt,2860,nanming220
虚构,开局填充-领主,熊,wj_184_county_c_uuii_p_3616,,137.2.5,,是,180-280,yizhou,jingxue,,,,,,184 普通县官，注释声明非史实,WJ_184_distributed_county_holders.txt,2867,nanming257
虚构,开局填充-领主,付,wj_184_county_c_uuii_p_4732,,138.3.6,,是,180-280,yizhou,jingxue,,,,,,184 普通县官，注释声明非史实,WJ_184_distributed_county_holders.txt,2874,nanming294
虚构,开局填充-领主,靖,wj_184_county_c_uuii_p_4733,,139.4.7,,是,180-280,yizhou,jingxue,,,,,,184 普通县官，注释声明非史实,WJ_184_distributed_county_holders.txt,2881,nanming331
虚构,开局填充-领主,慎,wj_184_county_c_uuii_p_3146,,140.5.8,,是,180-280,yizhou,jingxue,,,,,,184 普通县官，注释声明非史实,WJ_184_distributed_county_holders.txt,2888,nanming368
虚构,开局填充-领主,昌若,wj_184_county_c_uuii_p_3617,,141.6.9,,是,180-280,yizhou,jingxue,,,,,,184 普通县官，注释声明非史实,WJ_184_distributed_county_holders.txt,2895,nanming405
虚构,开局填充-领主,禺京,wj_184_county_c_uuii_p_3240,,142.7.10,,是,180-280,yizhou,jingxue,,,,,,184 普通县官，注释声明非史实,WJ_184_distributed_county_holders.txt,2902,nanming442
虚构,开局填充-领主,弭,wj_184_county_c_uuii_p_4719,,143.8.11,,是,180-280,yizhou,jingxue,,,,,,184 普通县官，注释声明非史实,WJ_184_distributed_county_holders.txt,2909,nanming479
虚构,开局填充-领主,迎,wj_184_county_c_uuii_p_3238,,144.9.12,,是,180-280,yizhou,jingxue,,,,,,184 普通县官，注释声明非史实,WJ_184_distributed_county_holders.txt,2916,nanming515
虚构,开局填充-领主,咏,wj_184_county_c_uuii_p_3243,,145.10.13,,是,180-280,yizhou,jingxue,,,,,,184 普通县官，注释声明非史实,WJ_184_distributed_county_holders.txt,2923,nanming552
虚构,开局填充-领主,曼,wj_184_county_c_uuii_p_3249,,146.11.14,,是,180-280,yizhou,jingxue,,,,,,184 普通县官，注释声明非史实,WJ_184_distributed_county_holders.txt,2930,nanming589
虚构,开局填充-领主,机,wj_184_county_c_uuii_p_3726,,147.12.15,,是,180-280,yizhou,jingxue,,,,,,184 普通县官，注释声明非史实,WJ_184_distributed_county_holders.txt,2937,nanming629
虚构,开局填充-领主,伯夷,wj_184_county_c_uuii_p_3254,,148.1.16,,是,180-280,yizhou,jingxue,,,,,,184 普通县官，注释声明非史实,WJ_184_distributed_county_holders.txt,2944,nanming666
虚构,开局填充-领主,无沮,wj_184_county_c_uuii_p_3695,,149.2.17,,是,180-280,yizhou,jingxue,,,,,,184 普通县官，注释声明非史实,WJ_184_distributed_county_holders.txt,2951,nanming703
虚构,开局填充-领主,璁,wj_184_county_c_uuii_p_3185,,150.3.18,,是,180-280,yizhou,jingxue,,,,,,184 普通县官，注释声明非史实,WJ_184_distributed_county_holders.txt,2958,nanming741
虚构,开局填充-领主,旡,wj_184_county_c_uuii_p_3685,,151.4.19,,是,180-280,yizhou,jingxue,,,,,,184 普通县官，注释声明非史实,WJ_184_distributed_county_holders.txt,2965,nanming778
虚构,开局填充-领主,烨,wj_184_county_c_uuii_p_3199,,152.5.20,,是,180-280,yizhou,jingxue,,,,,,184 普通县官，注释声明非史实,WJ_184_distributed_county_holders.txt,2972,nanming815
虚构,开局填充-领主,服,wj_184_county_c_uuii_p_3675,,153.6.21,,是,180-280,yizhou,jingxue,,,,,,184 普通县官，注释声明非史实,WJ_184_distributed_county_holders.txt,2979,nanming853
虚构,开局填充-领主,群桑,wj_184_county_c_uuii_p_3677,,154.7.22,,是,180-280,yizhou,jingxue,,,,,,184 普通县官，注释声明非史实,WJ_184_distributed_county_holders.txt,2986,nanming890
虚构,开局填充-领主,师甲,wj_184_county_c_uuii_p_4282,,155.8.23,,是,180-280,yizhou,jingxue,,,,,,184 普通县官，注释声明非史实,WJ_184_distributed_county_holders.txt,2993,nanming927
虚构,开局填充-领主,卞,wj_184_county_c_uuii_p_3278,,156.9.24,,是,180-280,yizhou,jingxue,,,,,,184 普通县官，注释声明非史实,WJ_184_distributed_county_holders.txt,3000,nanming964
虚构,开局填充-领主,卓子,wj_184_county_c_uuii_p_3720,,157.10.25,,是,180-280,yizhou,jingxue,,,,,,184 普通县官，注释声明非史实,WJ_184_distributed_county_holders.txt,3007,nanming1001
虚构,开局填充-领主,仲彰,wj_184_county_c_uuii_p_3928,,158.11.26,,是,180-280,yizhou,jingxue,,,,,,184 普通县官，注释声明非史实,WJ_184_distributed_county_holders.txt,3014,nanming1038
虚构,开局填充-领主,昌,wj_184_county_c_uuii_p_6876,,159.12.27,,是,180-280,yizhou,jingxue,,,,,,184 普通县官，注释声明非史实,WJ_184_distributed_county_holders.txt,3021,chang
虚构,开局填充-领主,伋,wj_184_county_c_uuii_p_3277,,160.1.1,,是,180-280,yizhou,jingxue,,,,,,184 普通县官，注释声明非史实,WJ_184_distributed_county_holders.txt,3028,ji
虚构,开局填充-领主,彄,wj_184_county_c_uuii_p_4051,,161.2.2,,是,180-280,yizhou,jingxue,,,,,,184 普通县官，注释声明非史实,WJ_184_distributed_county_holders.txt,3035,kou
虚构,开局填充-领主,兴,wj_184_county_c_uuii_p_3282,,162.3.3,,是,180-280,yizhou,jingxue,,,,,,184 普通县官，注释声明非史实,WJ_184_distributed_county_holders.txt,3042,xing
虚构,开局填充-领主,骜,wj_184_county_c_uuii_p_3295,,134.4.4,,是,180-280,yizhou,jingxue,,,,,,184 普通县官，注释声明非史实,WJ_184_distributed_county_holders.txt,3049,ao1
虚构,开局填充-领主,庆节,wj_184_county_c_uuii_p_3302,,135.5.5,,是,180-280,yizhou,jingxue,,,,,,184 普通县官，注释声明非史实,WJ_184_distributed_county_holders.txt,3056,qingjie
虚构,开局填充-领主,殇,wj_184_county_c_uuii_p_3304,,136.6.6,,是,180-280,yizhou,jingxue,,,,,,184 普通县官，注释声明非史实,WJ_184_distributed_county_holders.txt,3063,shang1
虚构,开局填充-领主,廖,wj_184_county_c_uuii_p_3186,,137.7.7,,是,180-280,yizhou,jingxue,,,,,,184 普通县官，注释声明非史实,WJ_184_distributed_county_holders.txt,3070,liao
虚构,开局填充-领主,是,wj_184_county_c_uuii_p_3925,,138.8.8,,是,180-280,yizhou,jingxue,,,,,,184 普通县官，注释声明非史实,WJ_184_distributed_county_holders.txt,3077,shi1
虚构,开局填充-领主,稷,wj_184_county_c_uuii_p_3315,,139.9.9,,是,180-280,yizhou,jingxue,,,,,,184 普通县官，注释声明非史实,WJ_184_distributed_county_holders.txt,3084,ji5
虚构,开局填充-领主,卷,wj_184_county_c_uuii_p_5379,,140.10.10,,是,180-280,souyi,guiwu,,,,,,184 普通县官，注释声明非史实,WJ_184_distributed_county_holders.txt,3091,juan
虚构,开局填充-领主,胡,wj_184_county_c_uuii_p_6465,,141.11.11,,是,180-280,qiongdu,guiwu,,,,,,184 普通县官，注释声明非史实,WJ_184_distributed_county_holders.txt,3098,hu
虚构,开局填充-领主,宪,wj_184_county_c_fangcheng1,,142.12.12,,是,180-280,yizhou,jingxue,,,,,,184 普通县官，注释声明非史实,WJ_184_distributed_county_holders.txt,3105,xian2
虚构,开局填充-领主,僚,wj_184_county_c_qingfeng,,143.1.13,,是,180-280,yizhou,jingxue,,,,,,184 普通县官，注释声明非史实,WJ_184_distributed_county_holders.txt,3112,liao3
虚构,开局填充-领主,泽,wj_184_county_c_qishan1,,144.2.14,,是,180-280,yizhou,jingxue,,,,,,184 普通县官，注释声明非史实,WJ_184_distributed_county_holders.txt,3119,ze1
虚构,开局填充-领主,布基,wj_184_county_c_gansong1,,145.3.15,,是,180-280,diren,xirongfangling,,,,,随机名单取名,184 普通县官，注释声明非史实,WJ_184_distributed_county_holders.txt,3126,qiang_diren_nn_9_bu_ji
虚构,开局填充-领主,拓,wj_184_county_c_jiangchuan1,,146.4.16,,是,180-280,yizhou,jingxue,,,,,,184 普通县官，注释声明非史实,WJ_184_distributed_county_holders.txt,3133,tuo3
虚构,开局填充-领主,虞仲,wj_184_county_c_juchenbg1,,147.5.17,,是,180-280,yizhou,jingxue,,,,,,184 普通县官，注释声明非史实,WJ_184_distributed_county_holders.txt,3140,yuzhong
虚构,开局填充-领主,茂,wj_184_county_c_taz1,,148.6.18,,是,180-280,diren,xirongfangling,,,,,,184 普通县官，注释声明非史实,WJ_184_distributed_county_holders.txt,3147,uuii_book_bao_mao_name
虚构,开局填充-领主,弩,wj_184_county_c_wujie,,149.7.19,,是,180-280,yizhou,jingxue,,,,,,184 普通县官，注释声明非史实,WJ_184_distributed_county_holders.txt,3154,nu1
虚构,开局填充-领主,挺,wj_184_county_c_uuii_p_1706,,150.8.20,,是,180-280,han,jingxue,,,,,,184 普通县官，注释声明非史实,WJ_184_distributed_county_holders.txt,3161,ting1
虚构,开局填充-领主,器,wj_184_county_c_uuii_p_1707,,151.9.21,,是,180-280,han,jingxue,,,,,,184 普通县官，注释声明非史实,WJ_184_distributed_county_holders.txt,3168,qi10
虚构,开局填充-领主,意,wj_184_county_c_uuii_p_1709,,152.10.22,,是,180-280,han,jingxue,,,,,,184 普通县官，注释声明非史实,WJ_184_distributed_county_holders.txt,3175,yi11
虚构,开局填充-领主,坤舆,wj_184_county_c_uuii_p_1712,,153.11.23,,是,180-280,han,jingxue,,,,,,184 普通县官，注释声明非史实,WJ_184_distributed_county_holders.txt,3182,kunyu
虚构,开局填充-领主,柱,wj_184_county_c_uuii_p_1713,,154.12.24,,是,180-280,han,jingxue,,,,,,184 普通县官，注释声明非史实,WJ_184_distributed_county_holders.txt,3189,zhu5
虚构,开局填充-领主,非,wj_184_county_c_uuii_p_1719,,155.1.25,,是,180-280,han,jingxue,,,,,,184 普通县官，注释声明非史实,WJ_184_distributed_county_holders.txt,3196,fei4
虚构,开局填充-领主,熹,wj_184_county_c_uuii_p_1722,,156.2.26,,是,180-280,han,jingxue,,,,,,184 普通县官，注释声明非史实,WJ_184_distributed_county_holders.txt,3203,nanming27
虚构,开局填充-领主,峰,wj_184_county_c_uuii_p_1723,,157.3.27,,是,180-280,han,jingxue,,,,,,184 普通县官，注释声明非史实,WJ_184_distributed_county_holders.txt,3210,nanming64
虚构,开局填充-领主,庚,wj_184_county_c_uuii_p_1727,,158.4.1,,是,180-280,han,jingxue,,,,,,184 普通县官，注释声明非史实,WJ_184_distributed_county_holders.txt,3217,nanming100
虚构,开局填充-领主,履,wj_184_county_c_uuii_p_1738,,159.5.2,,是,180-280,han,jingxue,,,,,,184 普通县官，注释声明非史实,WJ_184_distributed_county_holders.txt,3224,nanming137
虚构,开局填充-领主,辟兵,wj_184_county_c_uuii_p_1739,,160.6.3,,是,180-280,han,jingxue,,,,,,184 普通县官，注释声明非史实,WJ_184_distributed_county_holders.txt,3231,nanming174
虚构,开局填充-领主,樊,wj_184_county_c_uuii_p_1740,,161.7.4,,是,180-280,han,jingxue,,,,,,184 普通县官，注释声明非史实,WJ_184_distributed_county_holders.txt,3238,nanming211
虚构,开局填充-领主,沛争,wj_184_county_c_uuii_p_1742,,162.8.5,,是,180-280,han,jingxue,,,,,,184 普通县官，注释声明非史实,WJ_184_distributed_county_holders.txt,3245,nanming248
虚构,开局填充-领主,苡,wj_184_county_c_uuii_p_1744,,134.9.6,,是,180-280,han,jingxue,,,,,,184 普通县官，注释声明非史实,WJ_184_distributed_county_holders.txt,3252,nanming285
虚构,开局填充-领主,奄延,wj_184_county_c_uuii_p_1762,,135.10.7,,是,180-280,han,jingxue,,,,,,184 普通县官，注释声明非史实,WJ_184_distributed_county_holders.txt,3259,nanming322
虚构,开局填充-领主,虔,wj_184_county_c_uuii_p_1763,,136.11.8,,是,180-280,han,jingxue,,,,,,184 普通县官，注释声明非史实,WJ_184_distributed_county_holders.txt,3266,nanming359
虚构,开局填充-领主,于,wj_184_county_c_uuii_p_1764,,137.12.9,,是,180-280,han,jingxue,,,,,,184 普通县官，注释声明非史实,WJ_184_distributed_county_holders.txt,3273,nanming396
虚构,开局填充-领主,榫,wj_184_county_c_uuii_p_1769,,138.1.10,,是,180-280,han,jingxue,,,,,,184 普通县官，注释声明非史实,WJ_184_distributed_county_holders.txt,3280,nanming433
虚构,开局填充-领主,咸,wj_184_county_c_uuii_p_1800,,139.2.11,,是,180-280,han,jingxue,,,,,,184 普通县官，注释声明非史实,WJ_184_distributed_county_holders.txt,3287,nanming470
虚构,开局填充-领主,君,wj_184_county_c_uuii_p_1651,,140.3.12,,是,180-280,hd_han_state,jingxue,,,,,,184 普通县官，注释声明非史实,WJ_184_distributed_county_holders.txt,3294,nanming506
虚构,开局填充-领主,蔫,wj_184_county_c_uuii_p_4319,,141.4.13,,是,180-280,hd_han_state,jingxue,,,,,,184 普通县官，注释声明非史实,WJ_184_distributed_county_holders.txt,3301,nanming543
虚构,开局填充-领主,珩,wj_184_county_c_uuii_p_1632,,142.5.14,,是,180-280,hd_han_state,jingxue,,,,,,184 普通县官，注释声明非史实,WJ_184_distributed_county_holders.txt,3308,nanming580
虚构,开局填充-领主,冬,wj_184_county_c_uuii_p_1636,,143.6.15,,是,180-280,hd_han_state,jingxue,,,,,,184 普通县官，注释声明非史实,WJ_184_distributed_county_holders.txt,3315,nanming617
虚构,开局填充-领主,榆罔,wj_184_county_c_uuii_p_1646,,144.7.16,,是,180-280,hd_han_state,jingxue,,,,,,184 普通县官，注释声明非史实,WJ_184_distributed_county_holders.txt,3322,nanming657
虚构,开局填充-领主,瑾,wj_184_county_c_uuii_p_1789,,145.8.17,,是,180-280,yuzhou,jingxue,,,,,,184 普通县官，注释声明非史实,WJ_184_distributed_county_holders.txt,3329,nanming694
虚构,开局填充-领主,句直,wj_184_county_c_uuii_p_1797,,146.9.18,,是,180-280,yuzhou,jingxue,,,,,,184 普通县官，注释声明非史实,WJ_184_distributed_county_holders.txt,3336,nanming732
虚构,开局填充-领主,挥,wj_184_county_c_uuii_p_1801,,147.10.19,,是,180-280,yuzhou,jingxue,,,,,,184 普通县官，注释声明非史实,WJ_184_distributed_county_holders.txt,3343,nanming769
虚构,开局填充-领主,补,wj_184_county_c_uuii_p_1794,,148.11.20,,是,180-280,yuzhou,jingxue,,,,,,184 普通县官，注释声明非史实,WJ_184_distributed_county_holders.txt,3350,nanming806
虚构,开局填充-领主,戢梨,wj_184_county_c_uuii_p_1795,,149.12.21,,是,180-280,yuzhou,jingxue,,,,,,184 普通县官，注释声明非史实,WJ_184_distributed_county_holders.txt,3357,nanming844
虚构,开局填充-领主,冒,wj_184_county_c_uuii_p_1861,,150.1.22,,是,180-280,yuzhou,jingxue,,,,,,184 普通县官，注释声明非史实,WJ_184_distributed_county_holders.txt,3364,nanming881
虚构,开局填充-领主,乞陶,wj_184_county_c_uuii_p_3649,,151.2.23,,是,180-280,wuling,jingxue,,,,,,184 普通县官，注释声明非史实,WJ_184_distributed_county_holders.txt,3371,qitao
虚构,开局填充-领主,崖,wj_184_county_c_uuii_p_1877,,152.3.24,,是,180-280,jingzhou,jingxue,,,,,,184 普通县官，注释声明非史实,WJ_184_distributed_county_holders.txt,3378,nanming955
虚构,开局填充-领主,大耀,wj_184_county_c_uuii_p_1806,,153.4.25,,是,180-280,jingzhou,jingxue,,,,,,184 普通县官，注释声明非史实,WJ_184_distributed_county_holders.txt,3385,nanming992
虚构,开局填充-领主,本立,wj_184_county_c_uuii_p_1810,,154.5.26,,是,180-280,jingzhou,jingxue,,,,,,184 普通县官，注释声明非史实,WJ_184_distributed_county_holders.txt,3392,nanming1029
虚构,开局填充-领主,曲烈,wj_184_county_c_uuii_p_1812,,155.6.27,,是,180-280,jingzhou,jingxue,,,,,,184 普通县官，注释声明非史实,WJ_184_distributed_county_holders.txt,3399,nanming1066
虚构,开局填充-领主,尚父,wj_184_county_c_uuii_p_1821,,156.7.1,,是,180-280,jingzhou,jingxue,,,,,,184 普通县官，注释声明非史实,WJ_184_distributed_county_holders.txt,3406,shangfu
虚构,开局填充-领主,允,wj_184_county_c_uuii_p_1826,,157.8.2,,是,180-280,jingzhou,jingxue,,,,,,184 普通县官，注释声明非史实,WJ_184_distributed_county_holders.txt,3413,yun
虚构,开局填充-领主,扁,wj_184_county_c_uuii_p_1828,,158.9.3,,是,180-280,jingzhou,jingxue,,,,,,184 普通县官，注释声明非史实,WJ_184_distributed_county_holders.txt,3420,bian
虚构,开局填充-领主,冲,wj_184_county_c_uuii_p_3660,,159.10.4,,是,180-280,wuling,jingxue,,,,,,184 普通县官，注释声明非史实,WJ_184_distributed_county_holders.txt,3427,chong
虚构,开局填充-领主,黑肩,wj_184_county_c_uuii_p_5661,,160.11.5,,是,180-280,jingzhou,jingxue,,,,,,184 普通县官，注释声明非史实,WJ_184_distributed_county_holders.txt,3434,heijiang
虚构,开局填充-领主,定,wj_184_county_c_uuii_p_1862,,161.12.6,,是,180-280,jingzhou,jingxue,,,,,,184 普通县官，注释声明非史实,WJ_184_distributed_county_holders.txt,3441,ding
虚构,开局填充-领主,智,wj_184_county_c_uuii_p_1916,,162.1.7,,是,180-280,jingzhou,jingxue,,,,,,184 普通县官，注释声明非史实,WJ_184_distributed_county_holders.txt,3448,zhi2
虚构,开局填充-领主,颢,wj_184_county_c_uuii_p_4987,,134.2.8,,是,180-280,ganyue,jingxue,,,,,,184 普通县官，注释声明非史实,WJ_184_distributed_county_holders.txt,3455,hao1
虚构,开局填充-领主,惠孙,wj_184_county_c_uuii_p_4991,,135.3.9,,是,180-280,jingzhou,jingxue,,,,,,184 普通县官，注释声明非史实,WJ_184_distributed_county_holders.txt,3462,huisun
虚构,开局填充-领主,丝,wj_184_county_c_uuii_p_5015,,136.4.10,,是,180-280,jingzhou,jingxue,,,,,,184 普通县官，注释声明非史实,WJ_184_distributed_county_holders.txt,3469,si1
虚构,开局填充-领主,回,wj_184_county_c_uuii_p_1900,,137.5.11,,是,180-280,jingzhou,jingxue,,,,,,184 普通县官，注释声明非史实,WJ_184_distributed_county_holders.txt,3476,hui2
虚构,开局填充-领主,毋伤,wj_184_county_c_uuii_p_1698,,138.6.12,,是,180-280,jingzhou,jingxue,,,,,,184 普通县官，注释声明非史实,WJ_184_distributed_county_holders.txt,3483,wushang
虚构,开局填充-领主,许,wj_184_county_c_uuii_p_1834,,139.7.13,,是,180-280,jingzhou,jingxue,,,,,,184 普通县官，注释声明非史实,WJ_184_distributed_county_holders.txt,3490,xu2
虚构,开局填充-领主,海,wj_184_county_c_uuii_p_1844,,140.8.14,,是,180-280,jingzhou,jingxue,,,,,,184 普通县官，注释声明非史实,WJ_184_distributed_county_holders.txt,3497,hai1
虚构,开局填充-领主,嗀,wj_184_county_c_uuii_p_1849,,141.9.15,,是,180-280,jingzhou,jingxue,,,,,,184 普通县官，注释声明非史实,WJ_184_distributed_county_holders.txt,3504,hu5
虚构,开局填充-领主,绺,wj_184_county_c_uuii_p_1898,,142.10.16,,是,180-280,jingzhou,jingxue,,,,,,184 普通县官，注释声明非史实,WJ_184_distributed_county_holders.txt,3511,liu2
虚构,开局填充-领主,转,wj_184_county_c_uuii_p_1909,,143.11.17,,是,180-280,jingzhou,jingxue,,,,,,184 普通县官，注释声明非史实,WJ_184_distributed_county_holders.txt,3518,zhuan1
虚构,开局填充-领主,邰宛,wj_184_county_c_uuii_p_1922,,144.12.18,,是,180-280,jingzhou,jingxue,,,,,,184 普通县官，注释声明非史实,WJ_184_distributed_county_holders.txt,3525,taiwan
虚构,开局填充-领主,堑,wj_184_county_c_uuii_p_1847,,145.1.19,,是,180-280,jingzhou,jingxue,,,,,,184 普通县官，注释声明非史实,WJ_184_distributed_county_holders.txt,3532,qian4
虚构,开局填充-领主,胤,wj_184_county_c_uuii_p_6239,,146.2.20,,是,180-280,jingzhou,jingxue,,,,,,184 普通县官，注释声明非史实,WJ_184_distributed_county_holders.txt,3539,ying6
虚构,开局填充-领主,浮莱,wj_184_county_c_uuii_p_6521,,147.3.21,,是,180-280,jingzhou,jingxue,,,,,,184 普通县官，注释声明非史实,WJ_184_distributed_county_holders.txt,3546,fulai
虚构,开局填充-领主,绞,wj_184_county_c_uuii_p_6708,,148.4.22,,是,180-280,jingzhou,jingxue,,,,,,184 普通县官，注释声明非史实,WJ_184_distributed_county_holders.txt,3553,jiao5
虚构,开局填充-领主,绉,wj_184_county_c_uuii_p_6768,,149.5.23,,是,180-280,jingzhou,jingxue,,,,,,184 普通县官，注释声明非史实,WJ_184_distributed_county_holders.txt,3560,zhou2
虚构,开局填充-领主,丞,wj_184_county_c_uuii_p_6042,,150.6.24,,是,180-280,jingzhou,jingxue,,,,,,184 普通县官，注释声明非史实,WJ_184_distributed_county_holders.txt,3567,chen3
虚构,开局填充-领主,洪,wj_184_county_c_uuii_p_5944,,151.7.25,,是,180-280,jingzhou,jingxue,,,,,,184 普通县官，注释声明非史实,WJ_184_distributed_county_holders.txt,3574,hong5
虚构,开局填充-领主,垠,wj_184_county_c_uuii_p_6776,,152.8.26,,是,180-280,jingzhou,jingxue,,,,,,184 普通县官，注释声明非史实,WJ_184_distributed_county_holders.txt,3581,nanming18
虚构,开局填充-领主,畴,wj_184_county_c_uuii_p_6386,,153.9.27,,是,180-280,jingzhou,jingxue,,,,,,184 普通县官，注释声明非史实,WJ_184_distributed_county_holders.txt,3588,nanming428
虚构,开局填充-领主,锡我,wj_184_county_c_uuii_p_6472,,154.10.1,,是,180-280,jingzhou,jingxue,,,,,,184 普通县官，注释声明非史实,WJ_184_distributed_county_holders.txt,3595,nanming92
虚构,开局填充-领主,先,wj_184_county_c_uuii_p_6845,,155.11.2,,是,180-280,baipu,jingxue,,,,,,184 普通县官，注释声明非史实,WJ_184_distributed_county_holders.txt,3602,nanming128
虚构,开局填充-领主,捷,wj_184_county_c_uuii_p_6533,,156.12.3,,是,180-280,jingzhou,jingxue,,,,,,184 普通县官，注释声明非史实,WJ_184_distributed_county_holders.txt,3609,nanming165
虚构,开局填充-领主,重黎,wj_184_county_c_uuii_p_6586,,157.1.4,,是,180-280,jingzhou,jingxue,,,,,,184 普通县官，注释声明非史实,WJ_184_distributed_county_holders.txt,3616,nanming202
虚构,开局填充-领主,昞,wj_184_county_c_uuii_p_5016,,158.2.5,,是,180-280,jingzhou,jingxue,,,,,,184 普通县官，注释声明非史实,WJ_184_distributed_county_holders.txt,3623,uuii_book_liu_bing_name
虚构,开局填充-领主,归,wj_184_county_c_uuii_p_5977,,159.3.6,,是,180-280,jingzhou,jingxue,,,,,,184 普通县官，注释声明非史实,WJ_184_distributed_county_holders.txt,3630,nanming276
虚构,开局填充-领主,叵,wj_184_county_c_uuii_p_6623,,160.4.7,,是,180-280,jingzhou,jingxue,,,,,,184 普通县官，注释声明非史实,WJ_184_distributed_county_holders.txt,3637,nanming313
虚构,开局填充-领主,季毂,wj_184_county_c_uuii_p_6636,,161.5.8,,是,180-280,jingzhou,jingxue,,,,,,184 普通县官，注释声明非史实,WJ_184_distributed_county_holders.txt,3644,nanming350
虚构,开局填充-领主,品,wj_184_county_c_uuii_p_1991,,162.6.9,,是,180-280,yangzhou,jingxue,,,,,,184 普通县官，注释声明非史实,WJ_184_distributed_county_holders.txt,3651,nanming387
虚构,开局填充-领主,流,wj_184_county_c_uuii_p_1993,,134.7.10,,是,180-280,yangzhou,jingxue,,,,,,184 普通县官，注释声明非史实,WJ_184_distributed_county_holders.txt,3658,nanming424
虚构,开局填充-领主,哀,wj_184_county_c_uuii_p_2000,,135.8.11,,是,180-280,yangzhou,jingxue,,,,,,184 普通县官，注释声明非史实,WJ_184_distributed_county_holders.txt,3665,nanming461
虚构,开局填充-领主,栓,wj_184_county_c_uuii_p_1984,,136.9.12,,是,180-280,yangzhou,jingxue,,,,,,184 普通县官，注释声明非史实,WJ_184_distributed_county_holders.txt,3672,nanming497
虚构,开局填充-领主,涞,wj_184_county_c_uuii_p_2028,,137.10.13,,是,180-280,yangzhou,jingxue,,,,,,184 普通县官，注释声明非史实,WJ_184_distributed_county_holders.txt,3679,nanming534
虚构,开局填充-领主,恶来,wj_184_county_c_uuii_p_2039,,138.11.14,,是,180-280,yangzhou,jingxue,,,,,,184 普通县官，注释声明非史实,WJ_184_distributed_county_holders.txt,3686,nanming571
虚构,开局填充-领主,怀,wj_184_county_c_uuii_p_4168,,139.12.15,,是,180-280,yangzhou,jingxue,,,,,,184 普通县官，注释声明非史实,WJ_184_distributed_county_holders.txt,3693,nanming608
虚构,开局填充-领主,生,wj_184_county_c_uuii_p_1982,,140.1.16,,是,180-280,yangzhou,jingxue,,,,,,184 普通县官，注释声明非史实,WJ_184_distributed_county_holders.txt,3700,nanming648
虚构,开局填充-领主,司会,wj_184_county_c_uuii_p_1990,,141.2.17,,是,180-280,yangzhou,jingxue,,,,,,184 普通县官，注释声明非史实,WJ_184_distributed_county_holders.txt,3707,nanming685
虚构,开局填充-领主,壁,wj_184_county_c_uuii_p_2075,,142.3.18,,是,180-280,yangzhou,jingxue,,,,,,184 普通县官，注释声明非史实,WJ_184_distributed_county_holders.txt,3714,nanming722
虚构,开局填充-领主,董,wj_184_county_c_uuii_p_2048,,143.4.19,,是,180-280,yangzhou,jingxue,,,,,,184 普通县官，注释声明非史实,WJ_184_distributed_county_holders.txt,3721,nanming760
虚构,开局填充-领主,玄仲,wj_184_county_c_uuii_p_2050,,144.5.20,,是,180-280,yangzhou,jingxue,,,,,,184 普通县官，注释声明非史实,WJ_184_distributed_county_holders.txt,3728,nanming797
虚构,开局填充-领主,诞甫,wj_184_county_c_uuii_p_2059,,145.6.21,,是,180-280,yangzhou,jingxue,,,,,,184 普通县官，注释声明非史实,WJ_184_distributed_county_holders.txt,3735,nanming835
虚构,开局填充-领主,坎,wj_184_county_c_uuii_p_2062,,146.7.22,,是,180-280,yangzhou,jingxue,,,,,,184 普通县官，注释声明非史实,WJ_184_distributed_county_holders.txt,3742,nanming872
虚构,开局填充-领主,皎,wj_184_county_c_uuii_p_2066,,147.8.23,,是,180-280,yangzhou,jingxue,,,,,,184 普通县官，注释声明非史实,WJ_184_distributed_county_holders.txt,3749,nanming909
虚构,开局填充-领主,阔,wj_184_county_c_uuii_p_4389,,148.9.24,,是,180-280,yangzhou,jingxue,,,,,,184 普通县官，注释声明非史实,WJ_184_distributed_county_holders.txt,3756,nanming946
虚构,开局填充-领主,伏秧,wj_184_county_c_uuii_p_6931,,149.10.25,,是,180-280,yangzhou,jingxue,,,,,,184 普通县官，注释声明非史实,WJ_184_distributed_county_holders.txt,3763,nanming983
虚构,开局填充-领主,松,wj_184_county_c_uuii_p_2099,,150.11.26,,是,180-280,yangzhou,jingxue,,,,,,184 普通县官，注释声明非史实,WJ_184_distributed_county_holders.txt,3770,nanming1020
虚构,开局填充-领主,元捷,wj_184_county_c_uuii_p_2126,,151.12.27,,是,180-280,yangzhou,jingxue,,,,,,184 普通县官，注释声明非史实,WJ_184_distributed_county_holders.txt,3777,nanming1057
虚构,开局填充-领主,辟方,wj_184_county_c_uuii_p_2159,,152.1.1,,是,180-280,yangzhou,jingxue,,,,,,184 普通县官，注释声明非史实,WJ_184_distributed_county_holders.txt,3784,pifang
虚构,开局填充-领主,具,wj_184_county_c_uuii_p_5581,,153.2.2,,是,180-280,yangzhou,jingxue,,,,,,184 普通县官，注释声明非史实,WJ_184_distributed_county_holders.txt,3791,ju
虚构,开局填充-领主,酋,wj_184_county_c_uuii_p_2133,,154.3.3,,是,180-280,yangzhou,jingxue,,,,,,184 普通县官，注释声明非史实,WJ_184_distributed_county_holders.txt,3798,qiu
虚构,开局填充-领主,宾,wj_184_county_c_uuii_p_4789,,155.4.4,,是,180-280,yangzhou,jingxue,,,,,,184 普通县官，注释声明非史实,WJ_184_distributed_county_holders.txt,3805,uuii_book_zhou_bin_name
虚构,开局填充-领主,辅,wj_184_county_c_uuii_p_5545,,156.5.5,,是,180-280,yangzhou,jingxue,,,,,,184 普通县官，注释声明非史实,WJ_184_distributed_county_holders.txt,3812,uuii_book_he_fu_name
虚构,开局填充-领主,贵,wj_184_county_c_uuii_p_6292,,157.6.6,,是,180-280,yangzhou,jingxue,,,,,,184 普通县官，注释声明非史实,WJ_184_distributed_county_holders.txt,3819,gui1
虚构,开局填充-领主,恒,wj_184_county_c_uuii_p_7114,,158.7.7,,是,180-280,yangzhou,jingxue,,,,,,184 普通县官，注释声明非史实,WJ_184_distributed_county_holders.txt,3826,heng
虚构,开局填充-领主,衡,wj_184_county_c_uuii_p_2086,,159.8.8,,是,180-280,yangzhou,jingxue,,,,,,184 普通县官，注释声明非史实,WJ_184_distributed_county_holders.txt,3833,heng2
虚构,开局填充-领主,起,wj_184_county_c_uuii_p_6958,,160.9.9,,是,180-280,yangzhou,jingxue,,,,,,184 普通县官，注释声明非史实,WJ_184_distributed_county_holders.txt,3840,qi6
虚构,开局填充-领主,乙,wj_184_county_c_uuii_p_2094,,161.10.10,,是,180-280,yangzhou,jingxue,,,,,,184 普通县官，注释声明非史实,WJ_184_distributed_county_holders.txt,3847,yi4
虚构,开局填充-领主,志,wj_184_county_c_uuii_p_2883,,162.11.11,,是,180-280,yangzhou,jingxue,,,,,,184 普通县官，注释声明非史实,WJ_184_distributed_county_holders.txt,3854,zhi5
虚构,开局填充-领主,烘,wj_184_county_c_uuii_p_3392,,134.12.12,,是,180-280,yangzhou,jingxue,,,,,,184 普通县官，注释声明非史实,WJ_184_distributed_county_holders.txt,3861,hong1
虚构,开局填充-领主,所事,wj_184_county_c_uuii_p_4011,,135.1.13,,是,180-280,yangzhou,jingxue,,,,,,184 普通县官，注释声明非史实,WJ_184_distributed_county_holders.txt,3868,suoshi
虚构,开局填充-领主,辛,wj_184_county_c_uuii_p_2154,,136.2.14,,是,180-280,han,jingxue,,,,,,184 普通县官，注释声明非史实,WJ_184_distributed_county_holders.txt,3875,xin1
虚构,开局填充-领主,束,wj_184_county_c_uuii_p_2155,,137.3.15,,是,180-280,han,jingxue,,,,,,184 普通县官，注释声明非史实,WJ_184_distributed_county_holders.txt,3882,shu1
虚构,开局填充-领主,商臣,wj_184_county_c_uuii_p_4144,,138.4.16,,是,180-280,han,jingxue,,,,,,184 普通县官，注释声明非史实,WJ_184_distributed_county_holders.txt,3889,shangchen
虚构,开局填充-领主,违,wj_184_county_c_uuii_p_6920,,139.5.17,,是,180-280,yangzhou,jingxue,,,,,,184 普通县官，注释声明非史实,WJ_184_distributed_county_holders.txt,3896,wei5
虚构,开局填充-领主,夫概,wj_184_county_c_uuii_p_5415,,140.6.18,,是,180-280,yangzhou,jingxue,,,,,,184 普通县官，注释声明非史实,WJ_184_distributed_county_holders.txt,3903,fugai
虚构,开局填充-领主,易,wj_184_county_c_uuii_p_5672,,141.7.19,,是,180-280,yangzhou,jingxue,,,,,,184 普通县官，注释声明非史实,WJ_184_distributed_county_holders.txt,3910,yi9
虚构,开局填充-领主,伯车,wj_184_county_c_uuii_p_5778,,142.8.20,,是,180-280,xuzhou,jingxue,,,,,,184 普通县官，注释声明非史实,WJ_184_distributed_county_holders.txt,3917,boche
虚构,开局填充-领主,狻,wj_184_county_c_uuii_p_5960,,143.9.21,,是,180-280,xuzhou,jingxue,,,,,,184 普通县官，注释声明非史实,WJ_184_distributed_county_holders.txt,3924,suan
虚构,开局填充-领主,护,wj_184_county_c_uuii_p_6084,,144.10.22,,是,180-280,xuzhou,jingxue,,,,,,184 普通县官，注释声明非史实,WJ_184_distributed_county_holders.txt,3931,hu8
虚构,开局填充-领主,晖,wj_184_county_c_uuii_p_6273,,145.11.23,,是,180-280,yangzhou,jingxue,,,,,,184 普通县官，注释声明非史实,WJ_184_distributed_county_holders.txt,3938,uuii_book_zhou_hui_name
虚构,开局填充-领主,统,wj_184_county_c_uuii_p_6557,,146.12.24,,是,180-280,yangzhou,jingxue,,,,,,184 普通县官，注释声明非史实,WJ_184_distributed_county_holders.txt,3945,uuii_book_luo_tong_name
虚构,开局填充-领主,妨,wj_184_county_c_uuii_p_5700,,147.1.25,,是,180-280,yangzhou,jingxue,,,,,,184 普通县官，注释声明非史实,WJ_184_distributed_county_holders.txt,3952,fang6
虚构,开局填充-领主,锐,wj_184_county_c_uuii_p_5851,,148.2.26,,是,180-280,ganyue,jingxue,,,,,,184 普通县官，注释声明非史实,WJ_184_distributed_county_holders.txt,3959,nanming9
虚构,开局填充-领主,仪,wj_184_county_c_uuii_p_6111,,149.3.27,,是,180-280,yangzhou,jingxue,,,,,,184 普通县官，注释声明非史实,WJ_184_distributed_county_holders.txt,3966,nanming46
虚构,开局填充-领主,孝,wj_184_county_c_uuii_p_6227,,150.4.1,,是,180-280,yangzhou,jingxue,,,,,,184 普通县官，注释声明非史实,WJ_184_distributed_county_holders.txt,3973,nanming83
虚构,开局填充-领主,伷,wj_184_county_c_uuii_p_6384,,151.5.2,,是,180-280,yangzhou,jingxue,,,,,,184 普通县官，注释声明非史实,WJ_184_distributed_county_holders.txt,3980,nanming119
虚构,开局填充-领主,充石,wj_184_county_c_uuii_p_6451,,152.6.3,,是,180-280,yangzhou,jingxue,,,,,,184 普通县官，注释声明非史实,WJ_184_distributed_county_holders.txt,3987,nanming156
虚构,开局填充-领主,脩父,wj_184_county_c_uuii_p_2005,,153.7.4,,是,180-280,xuzhou,jingxue,,,,,,184 普通县官，注释声明非史实,WJ_184_distributed_county_holders.txt,3994,nanming193
虚构,开局填充-领主,芒,wj_184_county_c_uuii_p_2814,,154.8.5,,是,180-280,xuzhou,jingxue,,,,,,184 普通县官，注释声明非史实,WJ_184_distributed_county_holders.txt,4001,nanming230
虚构,开局填充-领主,殊,wj_184_county_c_uuii_p_4133,,155.9.6,,是,180-280,xuzhou,jingxue,,,,,,184 普通县官，注释声明非史实,WJ_184_distributed_county_holders.txt,4008,nanming267
虚构,开局填充-领主,少,wj_184_county_c_uuii_p_4720,,156.10.7,,是,180-280,xuzhou,jingxue,,,,,,184 普通县官，注释声明非史实,WJ_184_distributed_county_holders.txt,4015,nanming304
虚构,开局填充-领主,绂,wj_184_county_c_uuii_p_2025,,157.11.8,,是,180-280,xuzhou,jingxue,,,,,,184 普通县官，注释声明非史实,WJ_184_distributed_county_holders.txt,4022,nanming341
虚构,开局填充-领主,艮,wj_184_county_c_uuii_p_4490,,158.12.9,,是,180-280,xuzhou,jingxue,,,,,,184 普通县官，注释声明非史实,WJ_184_distributed_county_holders.txt,4029,nanming378
虚构,开局填充-领主,良夫,wj_184_county_c_uuii_p_6373,,159.1.10,,是,180-280,jiaozhou,jingxue,,,,,,184 普通县官，注释声明非史实,WJ_184_distributed_county_holders.txt,4036,nanming415
虚构,开局填充-领主,见工,wj_184_county_c_uuii_p_6512,,160.2.11,,是,180-280,jiaozhou,jingxue,,,,,,184 普通县官，注释声明非史实,WJ_184_distributed_county_holders.txt,4043,nanming452
虚构,开局填充-领主,监明,wj_184_county_c_uuii_p_6755,,161.3.12,,是,180-280,jiaozhou,jingxue,,,,,,184 普通县官，注释声明非史实,WJ_184_distributed_county_holders.txt,4050,nanming488
虚构,开局填充-领主,刍,wj_184_county_c_uuii_p_6846,,162.4.13,,是,180-280,jiaozhou,jingxue,,,,,,184 普通县官，注释声明非史实,WJ_184_distributed_county_holders.txt,4057,nanming525
虚构,开局填充-领主,扁驷,wj_184_county_c_uuii_p_6833,,134.5.14,,是,180-280,jiaozhou,jingxue,,,,,,184 普通县官，注释声明非史实,WJ_184_distributed_county_holders.txt,4064,nanming562
虚构,开局填充-领主,渠梁,wj_184_county_c_uuii_p_6857,,135.6.15,,是,180-280,jiaozhou,jingxue,,,,,,184 普通县官，注释声明非史实,WJ_184_distributed_county_holders.txt,4071,nanming599
虚构,开局填充-领主,延,wj_184_county_c_uuii_p_3242,,136.7.16,,是,180-280,xianbei,xianbei_polytheism,,,,,,184 普通县官，注释声明非史实,WJ_184_distributed_county_holders.txt,4078,uuii_book_yu_yan_name
虚构,开局填充-领主,兵,300000100001,,156.7.1,225.7.1,是,180-280,shanyue,baiyuefanlin,,,,,名字随机（真人名不可考）；随机名单取名；允许随机特质,“随机生成角色”,non_history_characters_180.txt,2,hmongic_yueren_nn_4
虚构,开局填充-领主,沧浪,300000100002,,176.7.1,225.7.1,是,180-280,shanyue,baiyuefanlin,,,,,随机名单取名；允许随机特质,“随机生成角色”,non_history_characters_180.txt,22,hmongic_yueren_nn_6
虚构,开局填充-领主,宝,300000100003,,154.7.1,225.7.1,是,180-280,shanyue,baiyuefanlin,,,,,随机名单取名；允许随机特质,“随机生成角色”,non_history_characters_180.txt,42,hmongic_yueren_nn_1
虚构,开局填充-领主,沙多卢,hd184_independent_d_mahan_mahan,,147.2.3,,是,180-280,mahan,samhan_shamanism,hd184_independent_dynasty_d_mahan_mahan,,,,,184 三韩/濊貊独立公爵,zz_hd184_independent_korea_characters.txt,3,hd184_independent_name_d_mahan_mahan
虚构,开局填充-领主,燕阿真,hd184_independent_d_mahan,,144.3.4,,是,180-280,byeonhan,samhan_shamanism,hd184_independent_dynasty_d_mahan,,,,,184 三韩/濊貊独立公爵,zz_hd184_independent_korea_characters.txt,18,hd184_independent_name_d_mahan
虚构,开局填充-领主,昔伊伐,hd184_independent_d_chenhan_bianchen,,150.4.5,,是,180-280,byeonhan,samhan_shamanism,hd184_independent_dynasty_d_chenhan_bianchen,,,,,184 三韩/濊貊独立公爵,zz_hd184_independent_korea_characters.txt,33,hd184_independent_name_d_chenhan_bianchen
虚构,开局填充-领主,阿多居达,hd184_independent_d_bianhan,,146.5.6,,是,180-280,byeonhan,samhan_shamanism,hd184_independent_dynasty_d_bianhan,,,,,184 三韩/濊貊独立公爵,zz_hd184_independent_korea_characters.txt,48,hd184_independent_name_d_bianhan
虚构,开局填充-领主,木苏弥,hd184_independent_d_baiji_lelang,,148.6.7,,是,180-280,mahan,samhan_shamanism,hd184_independent_dynasty_d_baiji_lelang,,,,,184 三韩/濊貊独立公爵,zz_hd184_independent_korea_characters.txt,63,hd184_independent_name_d_baiji_lelang
虚构,开局填充-领主,解阿罗,hd184_independent_d_baiji,,143.7.8,,是,180-280,ye,samhan_shamanism,hd184_independent_dynasty_d_baiji,,,,,184 三韩/濊貊独立公爵,zz_hd184_independent_korea_characters.txt,78,hd184_independent_name_d_baiji
虚构,开局填充-领主,乙乌牟,hd184_independent_d_huimo,,151.8.9,,是,180-280,fuyu,yemaek_shamanism,hd184_independent_dynasty_d_huimo,,,,,184 三韩/濊貊独立公爵,zz_hd184_independent_korea_characters.txt,93,hd184_independent_name_d_huimo
虚构,开局填充-领主,那古离,hd184_independent_d_woju_fuyu,,149.9.10,,是,180-280,fuyu,yemaek_shamanism,hd184_independent_dynasty_d_woju_fuyu,,,,,184 三韩/濊貊独立公爵,zz_hd184_independent_korea_characters.txt,108,hd184_independent_name_d_woju_fuyu
虚构,开局填充-领主,阿鹿多弥,hd184_independent_d_tuyuhun,,149.2.3,,是,180-280,tangut,xirongfangling,hd184_independent_dynasty_d_tuyuhun,,,,,184 西域/西羌独立公爵,zz_hd184_independent_west_characters.txt,3,hd184_independent_name_d_tuyuhun
虚构,开局填充-领主,勒姐阿牟,hd184_independent_d_fusi,,143.3.4,,是,180-280,xianling,xirongfangling,hd184_independent_dynasty_d_fusi,,,,,184 西域/西羌独立公爵,zz_hd184_independent_west_characters.txt,18,hd184_independent_name_d_fusi
虚构,开局填充-领主,弥卢勒当,hd184_independent_d_longyou,,151.4.5,,是,180-280,xianling,tengri_pagan,hd184_independent_dynasty_d_longyou,,,,,184 西域/西羌独立公爵,zz_hd184_independent_west_characters.txt,33,hd184_independent_name_d_longyou
虚构,开局填充-领主,野利阿嵬,hd184_independent_d_golong,,146.5.6,,是,180-280,tangut,xirongfangling,hd184_independent_dynasty_d_golong,,,,,184 西域/西羌独立公爵,zz_hd184_independent_west_characters.txt,48,hd184_independent_name_d_golong
虚构,开局填充-领主,阿罗什毗罗,hd184_independent_d_dawan,,145.6.7,,是,180-280,dayuan,mahayana,hd184_independent_dynasty_d_dawan,,,,,184 西域/西羌独立公爵,zz_hd184_independent_west_characters.txt,63,hd184_independent_name_d_dawan
虚构,开局填充-领主,萨弥纳延,hd184_independent_d_baishui,,150.7.8,,是,180-280,kangju,mahayana,hd184_independent_dynasty_d_baishui,,,,,184 西域/西羌独立公爵,zz_hd184_independent_west_characters.txt,78,hd184_independent_name_d_baishui
虚构,开局填充-领主,乌勒弥都,hd184_independent_d_suiye,,144.8.9,,是,180-280,wusun,mahayana,hd184_independent_dynasty_d_suiye,,,,,184 西域/西羌独立公爵,zz_hd184_independent_west_characters.txt,93,hd184_independent_name_d_suiye
虚构,开局填充-领主,呼延阿洛,hd184_independent_d_shuanghe,,148.9.10,,是,180-280,pulei,mahayana,hd184_independent_dynasty_d_shuanghe,,,,,184 西域/西羌独立公爵,zz_hd184_independent_west_characters.txt,108,hd184_independent_name_d_shuanghe
虚构,开局填充-领主,兰呼屠,hd184_independent_d_kara_khoja,,142.10.11,,是,180-280,xiongnu,tengri_pagan,hd184_independent_dynasty_d_kara_khoja,,,,,184 西域/西羌独立公爵,zz_hd184_independent_west_characters.txt,123,hd184_independent_name_d_kara_khoja
虚构,开局填充-领主,乌车都弥,hd184_independent_d_heishui,,153.2.12,,是,180-280,pulei,mahayana,hd184_independent_dynasty_d_heishui,,,,,184 西域/西羌独立公爵,zz_hd184_independent_west_characters.txt,138,hd184_independent_name_d_heishui
虚构,开局填充-领主,阿车延罗,hd184_independent_d_cheshihouguo,,147.3.13,,是,180-280,cheshi,mahayana,hd184_independent_dynasty_d_cheshihouguo,,,,,184 西域/西羌独立公爵,zz_hd184_independent_west_characters.txt,153,hd184_independent_name_d_cheshihouguo
虚构,开局填充-领主,宝,hd_nomad_holder_c_BAL_changchun,,154.1.1,225.1.1,是,180-280,xianbei,xianbei_polytheism,,,,,随机名单取名；允许随机特质,184 游牧县持有者，随机名单取名,zz_hd_184_nomad_county_holders.txt,4,mongolic_xianbei_nn_0
虚构,开局填充-领主,勃勃,hd_nomad_holder_c_BAL_xinzhou,,154.1.1,225.1.1,是,180-280,xianbei,xianbei_polytheism,,,,,随机名单取名；允许随机特质,184 游牧县持有者，随机名单取名,zz_hd_184_nomad_county_holders.txt,18,mongolic_xianbei_nn_1
虚构,开局填充-领主,博,hd_nomad_holder_c_BAL_yizhou,,154.1.1,225.1.1,是,180-280,xianbei,xianbei_polytheism,,,,,随机名单取名；允许随机特质,184 游牧县持有者，随机名单取名,zz_hd_184_nomad_county_holders.txt,32,mongolic_xianbei_nn_2
虚构,开局填充-领主,步颓,hd_nomad_holder_c_em_akhulun,,154.1.1,225.1.1,是,180-280,xianbei,xianbei_polytheism,,,,,随机名单取名；允许随机特质,184 游牧县持有者，随机名单取名,zz_hd_184_nomad_county_holders.txt,46,mongolic_xianbei_nn_3
虚构,开局填充-领主,绰,hd_nomad_holder_c_em_hepung,,154.1.1,225.1.1,是,180-280,xianbei,xianbei_polytheism,,,,,随机名单取名；允许随机特质,184 游牧县持有者，随机名单取名,zz_hd_184_nomad_county_holders.txt,60,mongolic_xianbei_nn_4
虚构,开局填充-领主,阿旺七立,hd_nomad_holder_c_em_karakopi,,154.1.1,225.1.1,是,180-280,zhongqiang,jingxue,,,,,随机名单取名；允许随机特质,184 游牧县持有者，随机名单取名,zz_hd_184_nomad_county_holders.txt,74,qiang_diren_nn_1_a_wang_qi_li
虚构,开局填充-领主,成龙,hd_nomad_holder_c_em_khartereg,,154.1.1,225.1.1,是,180-280,xianbei,xianbei_polytheism,,,,,随机名单取名；允许随机特质,184 游牧县持有者，随机名单取名,zz_hd_184_nomad_county_holders.txt,88,mongolic_xianbei_nn_5
虚构,开局填充-领主,安多尔,hd_nomad_holder_c_em_kherulendada,,154.1.1,225.1.1,是,180-280,zhongqiang,jingxue,,,,,随机名单取名；允许随机特质,184 游牧县持有者，随机名单取名,zz_hd_184_nomad_county_holders.txt,102,qiang_diren_nn_2_an_duo_er
虚构,开局填充-领主,炽磐,hd_nomad_holder_c_gobi_abakhai,,154.1.1,225.1.1,是,180-280,xianbei,xianbei_polytheism,,,,,随机名单取名；允许随机特质,184 游牧县持有者，随机名单取名,zz_hd_184_nomad_county_holders.txt,116,mongolic_xianbei_nn_6
虚构,开局填充-领主,垂,hd_nomad_holder_c_gobi_abga,,154.1.1,225.1.1,是,180-280,xianbei,xianbei_polytheism,,,,,随机名单取名；允许随机特质,184 游牧县持有者，随机名单取名,zz_hd_184_nomad_county_holders.txt,130,mongolic_xianbei_nn_7
虚构,开局填充-领主,贷,hd_nomad_holder_c_gobi_dorngovi,,154.1.1,225.1.1,是,180-280,xianbei,xianbei_polytheism,,,,,随机名单取名；允许随机特质,184 游牧县持有者，随机名单取名,zz_hd_184_nomad_county_holders.txt,144,mongolic_xianbei_nn_8
虚构,开局填充-领主,阿尔斯兰,hd_nomad_holder_c_gobi_maominggan,,154.1.1,225.1.1,是,180-280,xiongnu,tengri_pagan,,,,,随机名单取名；允许随机特质,184 游牧县持有者，随机名单取名,zz_hd_184_nomad_county_holders.txt,158,turkic_xiongnu_nn_1
虚构,开局填充-领主,阿尔图克,hd_nomad_holder_c_gobi_ongi_gol,,154.1.1,225.1.1,是,180-280,xiongnu,tengri_pagan,,,,,随机名单取名；允许随机特质,184 游牧县持有者，随机名单取名,zz_hd_184_nomad_county_holders.txt,172,turkic_xiongnu_nn_2
虚构,开局填充-领主,德,hd_nomad_holder_c_gobi_sonkhot,,154.1.1,225.1.1,是,180-280,xianbei,xianbei_polytheism,,,,,随机名单取名；允许随机特质,184 游牧县持有者，随机名单取名,zz_hd_184_nomad_county_holders.txt,186,mongolic_xianbei_nn_9
虚构,开局填充-领主,阿夫辛,hd_nomad_holder_c_gobi_ulaan_govi,,154.1.1,225.1.1,是,180-280,xiongnu,tengri_pagan,,,,,随机名单取名；允许随机特质,184 游牧县持有者，随机名单取名,zz_hd_184_nomad_county_holders.txt,200,turkic_xiongnu_nn_3
虚构,开局填充-领主,阿赫梅特,hd_nomad_holder_c_gobi_ulaan_nuur,,154.1.1,225.1.1,是,180-280,xiongnu,tengri_pagan,,,,,随机名单取名；允许随机特质,184 游牧县持有者，随机名单取名,zz_hd_184_nomad_county_holders.txt,214,turkic_xiongnu_nn_4
虚构,开局填充-领主,佛辅,hd_nomad_holder_c_gobi_ulaantatar,,154.1.1,225.1.1,是,180-280,xianbei,xianbei_polytheism,,,,,随机名单取名；允许随机特质,184 游牧县持有者，随机名单取名,zz_hd_184_nomad_county_holders.txt,228,mongolic_xianbei_nn_10
虚构,开局填充-领主,阿克松括尔,hd_nomad_holder_c_kkhuoer,,154.1.1,225.1.1,是,180-280,xiongnu,tengri_pagan,,,,,随机名单取名；允许随机特质,184 游牧县持有者，随机名单取名,zz_hd_184_nomad_county_holders.txt,242,turkic_xiongnu_nn_5
虚构,开局填充-领主,弗,hd_nomad_holder_c_LIAO_changchun,,154.1.1,225.1.1,是,180-280,xianbei,xianbei_polytheism,,,,,随机名单取名；允许随机特质,184 游牧县持有者，随机名单取名,zz_hd_184_nomad_county_holders.txt,256,mongolic_xianbei_nn_11
虚构,开局填充-领主,复辰,hd_nomad_holder_c_LIAO_heicaoan,,154.1.1,225.1.1,是,180-280,xianbei,xianbei_polytheism,,,,,随机名单取名；允许随机特质,184 游牧县持有者，随机名单取名,zz_hd_184_nomad_county_holders.txt,270,mongolic_xianbei_nn_12
虚构,开局填充-领主,盖,hd_nomad_holder_c_LIAO_horqinan,,154.1.1,225.1.1,是,180-280,xianbei,xianbei_polytheism,,,,,随机名单取名；允许随机特质,184 游牧县持有者，随机名单取名,zz_hd_184_nomad_county_holders.txt,284,mongolic_xianbei_nn_13
虚构,开局填充-领主,干归,hd_nomad_holder_c_LIAO_linhuang,,154.1.1,225.1.1,是,180-280,xianbei,xianbei_polytheism,,,,,随机名单取名；允许随机特质,184 游牧县持有者，随机名单取名,zz_hd_184_nomad_county_holders.txt,298,mongolic_xianbei_nn_14
虚构,开局填充-领主,纥那,hd_nomad_holder_c_LIAO_raozhou,,154.1.1,225.1.1,是,180-280,xianbei,xianbei_polytheism,,,,,随机名单取名；允许随机特质,184 游牧县持有者，随机名单取名,zz_hd_184_nomad_county_holders.txt,312,mongolic_xianbei_nn_15
虚构,开局填充-领主,纥那,hd_nomad_holder_c_LIAO_ulagaian,,154.1.1,225.1.1,是,180-280,xianbei,xianbei_polytheism,,,,,随机名单取名；允许随机特质,184 游牧县持有者，随机名单取名,zz_hd_184_nomad_county_holders.txt,326,mongolic_xianbei_nn_16
虚构,开局填充-领主,观,hd_nomad_holder_c_shifen,,154.1.1,225.1.1,是,180-280,xianbei,xianbei_polytheism,,,,,随机名单取名；允许随机特质,184 游牧县持有者，随机名单取名,zz_hd_184_nomad_county_holders.txt,340,mongolic_xianbei_nn_17
虚构,开局填充-领主,珪,hd_nomad_holder_c_SW_dongcheziguo,,154.1.1,225.1.1,是,180-280,xianbei,xianbei_polytheism,,,,,随机名单取名；允许随机特质,184 游牧县持有者，随机名单取名,zz_hd_184_nomad_county_holders.txt,354,mongolic_xianbei_nn_18
虚构,开局填充-领主,珪,hd_nomad_holder_c_SW_ergunia,,154.1.1,225.1.1,是,180-280,xianbei,xianbei_polytheism,,,,,随机名单取名；允许随机特质,184 游牧县持有者，随机名单取名,zz_hd_184_nomad_county_holders.txt,368,mongolic_xianbei_nn_19
虚构,开局填充-领主,国仁,hd_nomad_holder_c_SW_hailar,,154.1.1,225.1.1,是,180-280,xianbei,xianbei_polytheism,,,,,随机名单取名；允许随机特质,184 游牧县持有者，随机名单取名,zz_hd_184_nomad_county_holders.txt,382,mongolic_xianbei_nn_20
虚构,开局填充-领主,好问,hd_nomad_holder_c_SW_hongxingan,,154.1.1,225.1.1,是,180-280,xianbei,xianbei_polytheism,,,,,随机名单取名；允许随机特质,184 游牧县持有者，随机名单取名,zz_hd_184_nomad_county_holders.txt,396,mongolic_xianbei_nn_21
虚构,开局填充-领主,贺傉,hd_nomad_holder_c_SW_hulunbuir,,154.1.1,225.1.1,是,180-280,xianbei,xianbei_polytheism,,,,,随机名单取名；允许随机特质,184 游牧县持有者，随机名单取名,zz_hd_184_nomad_county_holders.txt,410,mongolic_xianbei_nn_22
虚构,开局填充-领主,弘,hd_nomad_holder_c_SW_pibeihe,,154.1.1,225.1.1,是,180-280,xianbei,xianbei_polytheism,,,,,随机名单取名；允许随机特质,184 游牧县持有者，随机名单取名,zz_hd_184_nomad_county_holders.txt,424,mongolic_xianbei_nn_23
虚构,开局填充-领主,宏,hd_nomad_holder_c_SW_zhongcheziguo,,154.1.1,225.1.1,是,180-280,xianbei,xianbei_polytheism,,,,,随机名单取名；允许随机特质,184 游牧县持有者，随机名单取名,zz_hd_184_nomad_county_holders.txt,438,mongolic_xianbei_nn_24
虚构,开局填充-领主,桓,hd_nomad_holder_c_wlhld,,154.1.1,225.1.1,是,180-280,xianbei,xianbei_polytheism,,,,,随机名单取名；允许随机特质,184 游牧县持有者，随机名单取名,zz_hd_184_nomad_county_holders.txt,452,mongolic_xianbei_nn_25
虚构,开局填充-领主,巴基,hd_nomad_holder_c_bahantu,,154.1.1,225.1.1,是,180-280,zhongqiang,jingxue,,,,,随机名单取名；允许随机特质,184 游牧县持有者，随机名单取名,zz_hd_184_nomad_county_holders.txt,466,qiang_diren_nn_3_ba_ji
虚构,开局填充-领主,阿拉艾丁,hd_nomad_holder_c_bombogor,,154.1.1,225.1.1,是,180-280,xiongnu,tengri_pagan,,,,,随机名单取名；允许随机特质,184 游牧县持有者，随机名单取名,zz_hd_184_nomad_county_holders.txt,480,turkic_xiongnu_nn_6
虚构,开局填充-领主,阿里,hd_nomad_holder_c_chamil,,154.1.1,225.1.1,是,180-280,xiongnu,tengri_pagan,,,,,随机名单取名；允许随机特质,184 游牧县持有者，随机名单取名,zz_hd_184_nomad_county_holders.txt,494,turkic_xiongnu_nn_7
虚构,开局填充-领主,贝基,hd_nomad_holder_c_em_dadaels,,154.1.1,225.1.1,是,180-280,zhongqiang,jingxue,,,,,随机名单取名；允许随机特质,184 游牧县持有者，随机名单取名,zz_hd_184_nomad_county_holders.txt,508,qiang_diren_nn_4_bei_ji
虚构,开局填充-领主,阿亚兹,hd_nomad_holder_c_em_dutulun,,154.1.1,225.1.1,是,180-280,xiongnu,tengri_pagan,,,,,随机名单取名；允许随机特质,184 游牧县持有者，随机名单取名,zz_hd_184_nomad_county_holders.txt,522,turkic_xiongnu_nn_8
虚构,开局填充-领主,埃丁,hd_nomad_holder_c_em_gobidada,,154.1.1,225.1.1,是,180-280,xiongnu,tengri_pagan,,,,,随机名单取名；允许随机特质,184 游牧县持有者，随机名单取名,zz_hd_184_nomad_county_holders.txt,536,turkic_xiongnu_nn_9
虚构,开局填充-领主,埃多杜,hd_nomad_holder_c_EM_jiangbian,,154.1.1,225.1.1,是,180-280,xiongnu,tengri_pagan,,,,,随机名单取名；允许随机特质,184 游牧县持有者，随机名单取名,zz_hd_184_nomad_county_holders.txt,550,turkic_xiongnu_nn_10
虚构,开局填充-领主,埃多甘,hd_nomad_holder_c_EM_khaldun,,154.1.1,225.1.1,是,180-280,xiongnu,tengri_pagan,,,,,随机名单取名；允许随机特质,184 游牧县持有者，随机名单取名,zz_hd_184_nomad_county_holders.txt,564,turkic_xiongnu_nn_11
虚构,开局填充-领主,埃尔德姆,hd_nomad_holder_c_EM_ononum,,154.1.1,225.1.1,是,180-280,xiongnu,tengri_pagan,,,,,随机名单取名；允许随机特质,184 游牧县持有者，随机名单取名,zz_hd_184_nomad_county_holders.txt,578,turkic_xiongnu_nn_12
虚构,开局填充-领主,埃尔坦,hd_nomad_holder_c_EM_tsetsen,,154.1.1,225.1.1,是,180-280,xiongnu,tengri_pagan,,,,,随机名单取名；允许随机特质,184 游牧县持有者，随机名单取名,zz_hd_184_nomad_county_holders.txt,592,turkic_xiongnu_nn_13
虚构,开局填充-领主,晃,hd_nomad_holder_c_EM_yujuelu,,154.1.1,225.1.1,是,180-280,xianbei,xianbei_polytheism,,,,,随机名单取名；允许随机特质,184 游牧县持有者，随机名单取名,zz_hd_184_nomad_county_holders.txt,606,mongolic_xianbei_nn_26
虚构,开局填充-领主,埃尔特金,hd_nomad_holder_c_em_zhen,,154.1.1,225.1.1,是,180-280,xiongnu,tengri_pagan,,,,,随机名单取名；允许随机特质,184 游牧县持有者，随机名单取名,zz_hd_184_nomad_county_holders.txt,620,turkic_xiongnu_nn_14
虚构,开局填充-领主,埃尔图格鲁尔,hd_nomad_holder_c_gobi_gurvan_saikhan,,154.1.1,225.1.1,是,180-280,xiongnu,tengri_pagan,,,,,随机名单取名；允许随机特质,184 游牧县持有者，随机名单取名,zz_hd_184_nomad_county_holders.txt,634,turkic_xiongnu_nn_15
虚构,开局填充-领主,比达基,hd_nomad_holder_c_hanhai,,154.1.1,225.1.1,是,180-280,zhongqiang,jingxue,,,,,随机名单取名；允许随机特质,184 游牧县持有者，随机名单取名,zz_hd_184_nomad_county_holders.txt,648,qiang_diren_nn_5_bi_da_ji
虚构,开局填充-领主,比嘉基,hd_nomad_holder_c_husutai,,154.1.1,225.1.1,是,180-280,zhongqiang,jingxue,,,,,随机名单取名；允许随机特质,184 游牧县持有者，随机名单取名,zz_hd_184_nomad_county_holders.txt,662,qiang_diren_nn_6_bi_jia_ji
虚构,开局填充-领主,埃提金,hd_nomad_holder_c_ikh_bogd,,154.1.1,225.1.1,是,180-280,xiongnu,tengri_pagan,,,,,随机名单取名；允许随机特质,184 游牧县持有者，随机名单取名,zz_hd_184_nomad_county_holders.txt,676,turkic_xiongnu_nn_16
虚构,开局填充-领主,奥尔汗,hd_nomad_holder_c_karabalgasun,,154.1.1,225.1.1,是,180-280,xiongnu,tengri_pagan,,,,,随机名单取名；允许随机特质,184 游牧县持有者，随机名单取名,zz_hd_184_nomad_county_holders.txt,690,turkic_xiongnu_nn_17
虚构,开局填充-领主,奥坎,hd_nomad_holder_c_karakorum,,154.1.1,225.1.1,是,180-280,xiongnu,tengri_pagan,,,,,随机名单取名；允许随机特质,184 游牧县持有者，随机名单取名,zz_hd_184_nomad_county_holders.txt,704,turkic_xiongnu_nn_18
虚构,开局填充-领主,边木西,hd_nomad_holder_c_karepuri,,154.1.1,225.1.1,是,180-280,zhongqiang,jingxue,,,,,随机名单取名；允许随机特质,184 游牧县持有者，随机名单取名,zz_hd_184_nomad_county_holders.txt,718,qiang_diren_nn_7_bian_mu_xi
虚构,开局填充-领主,奥普·阿尔斯兰,hd_nomad_holder_c_khanjargalant,,154.1.1,225.1.1,是,180-280,xiongnu,tengri_pagan,,,,,随机名单取名；允许随机特质,184 游牧县持有者，随机名单取名,zz_hd_184_nomad_county_holders.txt,732,turkic_xiongnu_nn_19
虚构,开局填充-领主,奥普·尤雷克,hd_nomad_holder_c_khar_us,,154.1.1,225.1.1,是,180-280,xiongnu,tengri_pagan,,,,,随机名单取名；允许随机特质,184 游牧县持有者，随机名单取名,zz_hd_184_nomad_county_holders.txt,746,turkic_xiongnu_nn_20
虚构,开局填充-领主,奥普提金,hd_nomad_holder_c_khasagt_khairkhan,,154.1.1,225.1.1,是,180-280,xiongnu,tengri_pagan,,,,,随机名单取名；允许随机特质,184 游牧县持有者，随机名单取名,zz_hd_184_nomad_county_holders.txt,760,turkic_xiongnu_nn_21
虚构,开局填充-领主,奥斯曼,hd_nomad_holder_c_khentii,,154.1.1,225.1.1,是,180-280,xiongnu,tengri_pagan,,,,,随机名单取名；允许随机特质,184 游牧县持有者，随机名单取名,zz_hd_184_nomad_county_holders.txt,774,turkic_xiongnu_nn_22
虚构,开局填充-领主,别录木,hd_nomad_holder_c_longcheng,,154.1.1,225.1.1,是,180-280,zhongqiang,jingxue,,,,,随机名单取名；允许随机特质,184 游牧县持有者，随机名单取名,zz_hd_184_nomad_county_holders.txt,788,qiang_diren_nn_8_bie_lu_mu
虚构,开局填充-领主,巴哈迪尔,hd_nomad_holder_c_mazongshan,,154.1.1,225.1.1,是,180-280,xiongnu,tengri_pagan,,,,,随机名单取名；允许随机特质,184 游牧县持有者，随机名单取名,zz_hd_184_nomad_county_holders.txt,802,turkic_xiongnu_nn_23
虚构,开局填充-领主,巴拉班,hd_nomad_holder_c_mumo,,154.1.1,225.1.1,是,180-280,xiongnu,tengri_pagan,,,,,随机名单取名；允许随机特质,184 游牧县持有者，随机名单取名,zz_hd_184_nomad_county_holders.txt,816,turkic_xiongnu_nn_24
虚构,开局填充-领主,巴斯布加,hd_nomad_holder_c_naushki,,154.1.1,225.1.1,是,180-280,xiongnu,tengri_pagan,,,,,随机名单取名；允许随机特质,184 游牧县持有者，随机名单取名,zz_hd_184_nomad_county_holders.txt,830,turkic_xiongnu_nn_25
虚构,开局填充-领主,巴图罕,hd_nomad_holder_c_ongi,,154.1.1,225.1.1,是,180-280,xiongnu,tengri_pagan,,,,,随机名单取名；允许随机特质,184 游牧县持有者，随机名单取名,zz_hd_184_nomad_county_holders.txt,844,turkic_xiongnu_nn_26
虚构,开局填充-领主,巴图莱,hd_nomad_holder_c_sharga,,154.1.1,225.1.1,是,180-280,xiongnu,tengri_pagan,,,,,随机名单取名；允许随机特质,184 游牧县持有者，随机名单取名,zz_hd_184_nomad_county_holders.txt,858,turkic_xiongnu_nn_27
虚构,开局填充-领主,巴耶吉德,hd_nomad_holder_c_tarhanalin,,154.1.1,225.1.1,是,180-280,xiongnu,tengri_pagan,,,,,随机名单取名；允许随机特质,184 游牧县持有者，随机名单取名,zz_hd_184_nomad_county_holders.txt,872,turkic_xiongnu_nn_28
虚构,开局填充-领主,巴伊巴斯,hd_nomad_holder_c_tovkhon,,154.1.1,225.1.1,是,180-280,xiongnu,tengri_pagan,,,,,随机名单取名；允许随机特质,184 游牧县持有者，随机名单取名,zz_hd_184_nomad_county_holders.txt,886,turkic_xiongnu_nn_29
虚构,开局填充-领主,巴伊塔斯,hd_nomad_holder_c_tsambagarau,,154.1.1,225.1.1,是,180-280,xiongnu,tengri_pagan,,,,,随机名单取名；允许随机特质,184 游牧县持有者，随机名单取名,zz_hd_184_nomad_county_holders.txt,900,turkic_xiongnu_nn_30
虚构,开局填充-领主,薄胥堂,hd_nomad_holder_c_tseel,,154.1.1,225.1.1,是,180-280,xiongnu,tengri_pagan,,,,,随机名单取名；允许随机特质,184 游牧县持有者，随机名单取名,zz_hd_184_nomad_county_holders.txt,914,turkic_xiongnu_nn_31
虚构,开局填充-领主,贝尔基雅鲁克,hd_nomad_holder_c_ulaanbaatar,,154.1.1,225.1.1,是,180-280,xiongnu,tengri_pagan,,,,,随机名单取名；允许随机特质,184 游牧县持有者，随机名单取名,zz_hd_184_nomad_county_holders.txt,928,turkic_xiongnu_nn_32
虚构,开局填充-领主,贝尔坎,hd_nomad_holder_c_ulaangom,,154.1.1,225.1.1,是,180-280,xiongnu,tengri_pagan,,,,,随机名单取名；允许随机特质,184 游牧县持有者，随机名单取名,zz_hd_184_nomad_county_holders.txt,942,turkic_xiongnu_nn_33
虚构,开局填充-领主,贝雷克,hd_nomad_holder_c_uliastai,,154.1.1,225.1.1,是,180-280,xiongnu,tengri_pagan,,,,,随机名单取名；允许随机特质,184 游牧县持有者，随机名单取名,zz_hd_184_nomad_county_holders.txt,956,turkic_xiongnu_nn_34
虚构,开局填充-领主,比,hd_nomad_holder_c_urgamal,,154.1.1,225.1.1,是,180-280,xiongnu,tengri_pagan,,,,,随机名单取名；允许随机特质,184 游牧县持有者，随机名单取名,zz_hd_184_nomad_county_holders.txt,970,turkic_xiongnu_nn_35
虚构,开局填充-领主,波尔苏克,hd_nomad_holder_c_zarman,,154.1.1,225.1.1,是,180-280,xiongnu,tengri_pagan,,,,,随机名单取名；允许随机特质,184 游牧县持有者，随机名单取名,zz_hd_184_nomad_county_holders.txt,984,turkic_xiongnu_nn_36
虚构,开局填充-领主,博拉博赞,hd_nomad_holder_c_balgun,,154.1.1,225.1.1,是,180-280,xiongnu,tengri_pagan,,,,,随机名单取名；允许随机特质,184 游牧县持有者，随机名单取名,zz_hd_184_nomad_county_holders.txt,998,turkic_xiongnu_nn_37
虚构,开局填充-领主,博赞,hd_nomad_holder_c_barkul,,154.1.1,225.1.1,是,180-280,xiongnu,tengri_pagan,,,,,随机名单取名；允许随机特质,184 游牧县持有者，随机名单取名,zz_hd_184_nomad_county_holders.txt,1012,turkic_xiongnu_nn_38
虚构,开局填充-领主,布格拉,hd_nomad_holder_c_beshbalik,,154.1.1,225.1.1,是,180-280,xiongnu,tengri_pagan,,,,,随机名单取名；允许随机特质,184 游牧县持有者，随机名单取名,zz_hd_184_nomad_county_holders.txt,1026,turkic_xiongnu_nn_39
虚构,开局填充-领主,布拉克,hd_nomad_holder_c_boro_burgasu,,154.1.1,225.1.1,是,180-280,xiongnu,tengri_pagan,,,,,随机名单取名；允许随机特质,184 游牧县持有者，随机名单取名,zz_hd_184_nomad_county_holders.txt,1040,turkic_xiongnu_nn_40
虚构,开局填充-领主,布伦德,hd_nomad_holder_c_jimsar,,154.1.1,225.1.1,是,180-280,xiongnu,tengri_pagan,,,,,随机名单取名；允许随机特质,184 游牧县持有者，随机名单取名,zz_hd_184_nomad_county_holders.txt,1054,turkic_xiongnu_nn_41
虚构,开局填充-领主,车犁,hd_nomad_holder_c_kara_asirgan,,154.1.1,225.1.1,是,180-280,xiongnu,tengri_pagan,,,,,随机名单取名；允许随机特质,184 游牧县持有者，随机名单取名,zz_hd_184_nomad_county_holders.txt,1068,turkic_xiongnu_nn_42
虚构,开局填充-领主,,hd_nomad_holder_c_uuii_p_3347,,154.1.1,225.1.1,是,180-280,goguryeo,jingxue,,,,,允许随机特质,184 游牧县持有者，随机名单取名,zz_hd_184_nomad_county_holders.txt,1082,Bo_dang
虚构,开局填充-领主,,hd_nomad_holder_c_uuii_p_3348,,154.1.1,225.1.1,是,180-280,goguryeo,jingxue,,,,,允许随机特质,184 游牧县持有者，随机名单取名,zz_hd_184_nomad_county_holders.txt,1096,Bo_go
虚构,开局填充-领主,,hd_nomad_holder_c_uuii_p_3407,,154.1.1,225.1.1,是,180-280,goguryeo,jingxue,,,,,允许随机特质,184 游牧县持有者，随机名单取名,zz_hd_184_nomad_county_holders.txt,1110,Bo_jeon
虚构,开局填充-领主,,hd_nomad_holder_c_uuii_p_3408,,154.1.1,225.1.1,是,180-280,goguryeo,jingxue,,,,,允许随机特质,184 游牧县持有者，随机名单取名,zz_hd_184_nomad_county_holders.txt,1124,Cheon_sang
虚构,开局填充-领主,,hd_nomad_holder_c_uuii_p_3886,,154.1.1,225.1.1,是,180-280,goguryeo,jingxue,,,,,允许随机特质,184 游牧县持有者，随机名单取名,zz_hd_184_nomad_county_holders.txt,1138,Cheon_won
虚构,开局填充-领主,大宛守吏,hd_dawan_holder_c_uuii_p_5024,,154.1.1,225.1.1,是,180-280,dayuan,mahayana,,,,,允许随机特质,大宛县中立持有者,zz_hd_dawan_holder_184.txt,2,hd_dawan_holder_name
虚构,开局填充-领主,静虚,hd_fallback_holder_c_chezier,,145.1.1,220.1.1,是,180-280,han,jingxue,,,,,生卒估值；允许随机特质,184 通用汉人县占位持有者,zz_hd_fallback_county_holders_184.txt,4,Jingxu_9759_865A
虚构,开局填充-领主,静虚,hd_fallback_holder_c_eastjuyan,,145.1.1,220.1.1,是,180-280,han,jingxue,,,,,允许随机特质,184 通用汉人县占位持有者,zz_hd_fallback_county_holders_184.txt,18,Jingxu_9759_865A
虚构,开局填充-领主,静虚,hd_fallback_holder_c_fuqi,,145.1.1,220.1.1,是,180-280,han,jingxue,,,,,允许随机特质,184 通用汉人县占位持有者,zz_hd_fallback_county_holders_184.txt,32,Jingxu_9759_865A
虚构,开局填充-领主,静虚,hd_fallback_holder_c_gerqen,,145.1.1,220.1.1,是,180-280,han,jingxue,,,,,允许随机特质,184 通用汉人县占位持有者,zz_hd_fallback_county_holders_184.txt,46,Jingxu_9759_865A
虚构,开局填充-领主,静虚,hd_fallback_holder_c_julan,,145.1.1,220.1.1,是,180-280,han,jingxue,,,,,允许随机特质,184 通用汉人县占位持有者,zz_hd_fallback_county_holders_184.txt,60,Jingxu_9759_865A
虚构,开局填充-领主,静虚,hd_fallback_holder_c_ronglu,,145.1.1,220.1.1,是,180-280,han,jingxue,,,,,允许随机特质,184 通用汉人县占位持有者,zz_hd_fallback_county_holders_184.txt,74,Jingxu_9759_865A
虚构,开局填充-领主,静虚,hd_fallback_holder_c_uuii_p_146,,145.1.1,220.1.1,是,180-280,han,jingxue,,,,,允许随机特质,184 通用汉人县占位持有者,zz_hd_fallback_county_holders_184.txt,88,Jingxu_9759_865A
虚构,开局填充-领主,静虚,hd_fallback_holder_c_uuii_p_147,,145.1.1,220.1.1,是,180-280,han,jingxue,,,,,允许随机特质,184 通用汉人县占位持有者,zz_hd_fallback_county_holders_184.txt,102,Jingxu_9759_865A
虚构,开局填充-领主,静虚,hd_fallback_holder_c_uuii_p_2177,,145.1.1,220.1.1,是,180-280,han,jingxue,,,,,允许随机特质,184 通用汉人县占位持有者,zz_hd_fallback_county_holders_184.txt,116,Jingxu_9759_865A
虚构,开局填充-领主,静虚,hd_fallback_holder_c_uuii_p_2180,,145.1.1,220.1.1,是,180-280,han,jingxue,,,,,允许随机特质,184 通用汉人县占位持有者,zz_hd_fallback_county_holders_184.txt,130,Jingxu_9759_865A
虚构,开局填充-领主,静虚,hd_fallback_holder_c_uuii_p_238,,145.1.1,220.1.1,是,180-280,han,jingxue,,,,,允许随机特质,184 通用汉人县占位持有者,zz_hd_fallback_county_holders_184.txt,144,Jingxu_9759_865A
虚构,开局填充-领主,静虚,hd_fallback_holder_c_uuii_p_239,,145.1.1,220.1.1,是,180-280,han,jingxue,,,,,允许随机特质,184 通用汉人县占位持有者,zz_hd_fallback_county_holders_184.txt,158,Jingxu_9759_865A
虚构,开局填充-领主,静虚,hd_fallback_holder_c_uuii_p_2849,,145.1.1,220.1.1,是,180-280,han,jingxue,,,,,允许随机特质,184 通用汉人县占位持有者,zz_hd_fallback_county_holders_184.txt,172,Jingxu_9759_865A
虚构,开局填充-领主,静虚,hd_fallback_holder_c_uuii_p_2855,,145.1.1,220.1.1,是,180-280,han,jingxue,,,,,允许随机特质,184 通用汉人县占位持有者,zz_hd_fallback_county_holders_184.txt,186,Jingxu_9759_865A
虚构,开局填充-领主,静虚,hd_fallback_holder_c_uuii_p_2880,,145.1.1,220.1.1,是,180-280,han,jingxue,,,,,允许随机特质,184 通用汉人县占位持有者,zz_hd_fallback_county_holders_184.txt,200,Jingxu_9759_865A
虚构,开局填充-领主,静虚,hd_fallback_holder_c_uuii_p_2931,,145.1.1,220.1.1,是,180-280,han,jingxue,,,,,允许随机特质,184 通用汉人县占位持有者,zz_hd_fallback_county_holders_184.txt,214,Jingxu_9759_865A
虚构,开局填充-领主,静虚,hd_fallback_holder_c_uuii_p_2932,,145.1.1,220.1.1,是,180-280,han,jingxue,,,,,允许随机特质,184 通用汉人县占位持有者,zz_hd_fallback_county_holders_184.txt,228,Jingxu_9759_865A
虚构,开局填充-领主,静虚,hd_fallback_holder_c_uuii_p_2942,,145.1.1,220.1.1,是,180-280,han,jingxue,,,,,允许随机特质,184 通用汉人县占位持有者,zz_hd_fallback_county_holders_184.txt,242,Jingxu_9759_865A
虚构,开局填充-领主,静虚,hd_fallback_holder_c_uuii_p_2979,,145.1.1,220.1.1,是,180-280,han,jingxue,,,,,允许随机特质,184 通用汉人县占位持有者,zz_hd_fallback_county_holders_184.txt,256,Jingxu_9759_865A
虚构,开局填充-领主,静虚,hd_fallback_holder_c_uuii_p_322,,145.1.1,220.1.1,是,180-280,han,jingxue,,,,,允许随机特质,184 通用汉人县占位持有者,zz_hd_fallback_county_holders_184.txt,270,Jingxu_9759_865A
虚构,开局填充-领主,静虚,hd_fallback_holder_c_uuii_p_33,,145.1.1,220.1.1,是,180-280,han,jingxue,,,,,允许随机特质,184 通用汉人县占位持有者,zz_hd_fallback_county_holders_184.txt,284,Jingxu_9759_865A
虚构,开局填充-领主,静虚,hd_fallback_holder_c_uuii_p_3322,,145.1.1,220.1.1,是,180-280,han,jingxue,,,,,允许随机特质,184 通用汉人县占位持有者,zz_hd_fallback_county_holders_184.txt,298,Jingxu_9759_865A
虚构,开局填充-领主,静虚,hd_fallback_holder_c_uuii_p_3325,,145.1.1,220.1.1,是,180-280,han,jingxue,,,,,允许随机特质,184 通用汉人县占位持有者,zz_hd_fallback_county_holders_184.txt,312,Jingxu_9759_865A
虚构,开局填充-领主,静虚,hd_fallback_holder_c_uuii_p_3329,,145.1.1,220.1.1,是,180-280,han,jingxue,,,,,允许随机特质,184 通用汉人县占位持有者,zz_hd_fallback_county_holders_184.txt,326,Jingxu_9759_865A
虚构,开局填充-领主,静虚,hd_fallback_holder_c_uuii_p_3330,,145.1.1,220.1.1,是,180-280,han,jingxue,,,,,允许随机特质,184 通用汉人县占位持有者,zz_hd_fallback_county_holders_184.txt,340,Jingxu_9759_865A
虚构,开局填充-领主,静虚,hd_fallback_holder_c_uuii_p_3333,,145.1.1,220.1.1,是,180-280,han,jingxue,,,,,允许随机特质,184 通用汉人县占位持有者,zz_hd_fallback_county_holders_184.txt,354,Jingxu_9759_865A
虚构,开局填充-领主,静虚,hd_fallback_holder_c_uuii_p_3338,,145.1.1,220.1.1,是,180-280,han,jingxue,,,,,允许随机特质,184 通用汉人县占位持有者,zz_hd_fallback_county_holders_184.txt,368,Jingxu_9759_865A
虚构,开局填充-领主,静虚,hd_fallback_holder_c_uuii_p_3340,,145.1.1,220.1.1,是,180-280,han,jingxue,,,,,允许随机特质,184 通用汉人县占位持有者,zz_hd_fallback_county_holders_184.txt,382,Jingxu_9759_865A
虚构,开局填充-领主,静虚,hd_fallback_holder_c_uuii_p_3353,,145.1.1,220.1.1,是,180-280,han,jingxue,,,,,允许随机特质,184 通用汉人县占位持有者,zz_hd_fallback_county_holders_184.txt,396,Jingxu_9759_865A
虚构,开局填充-领主,静虚,hd_fallback_holder_c_uuii_p_3359,,145.1.1,220.1.1,是,180-280,han,jingxue,,,,,允许随机特质,184 通用汉人县占位持有者,zz_hd_fallback_county_holders_184.txt,410,Jingxu_9759_865A
虚构,开局填充-领主,静虚,hd_fallback_holder_c_uuii_p_3368,,145.1.1,220.1.1,是,180-280,han,jingxue,,,,,允许随机特质,184 通用汉人县占位持有者,zz_hd_fallback_county_holders_184.txt,424,Jingxu_9759_865A
虚构,开局填充-领主,静虚,hd_fallback_holder_c_uuii_p_3373,,145.1.1,220.1.1,是,180-280,han,jingxue,,,,,允许随机特质,184 通用汉人县占位持有者,zz_hd_fallback_county_holders_184.txt,438,Jingxu_9759_865A
虚构,开局填充-领主,静虚,hd_fallback_holder_c_uuii_p_3374,,145.1.1,220.1.1,是,180-280,han,jingxue,,,,,允许随机特质,184 通用汉人县占位持有者,zz_hd_fallback_county_holders_184.txt,452,Jingxu_9759_865A
虚构,开局填充-领主,静虚,hd_fallback_holder_c_uuii_p_3378,,145.1.1,220.1.1,是,180-280,han,jingxue,,,,,允许随机特质,184 通用汉人县占位持有者,zz_hd_fallback_county_holders_184.txt,466,Jingxu_9759_865A
虚构,开局填充-领主,静虚,hd_fallback_holder_c_uuii_p_3381,,145.1.1,220.1.1,是,180-280,han,jingxue,,,,,允许随机特质,184 通用汉人县占位持有者,zz_hd_fallback_county_holders_184.txt,480,Jingxu_9759_865A
虚构,开局填充-领主,静虚,hd_fallback_holder_c_uuii_p_3385,,145.1.1,220.1.1,是,180-280,han,jingxue,,,,,允许随机特质,184 通用汉人县占位持有者,zz_hd_fallback_county_holders_184.txt,494,Jingxu_9759_865A
虚构,开局填充-领主,静虚,hd_fallback_holder_c_uuii_p_3387,,145.1.1,220.1.1,是,180-280,han,jingxue,,,,,允许随机特质,184 通用汉人县占位持有者,zz_hd_fallback_county_holders_184.txt,508,Jingxu_9759_865A
虚构,开局填充-领主,静虚,hd_fallback_holder_c_uuii_p_3398,,145.1.1,220.1.1,是,180-280,han,jingxue,,,,,允许随机特质,184 通用汉人县占位持有者,zz_hd_fallback_county_holders_184.txt,522,Jingxu_9759_865A
虚构,开局填充-领主,静虚,hd_fallback_holder_c_uuii_p_3399,,145.1.1,220.1.1,是,180-280,han,jingxue,,,,,允许随机特质,184 通用汉人县占位持有者,zz_hd_fallback_county_holders_184.txt,536,Jingxu_9759_865A
虚构,开局填充-领主,静虚,hd_fallback_holder_c_uuii_p_3400,,145.1.1,220.1.1,是,180-280,han,jingxue,,,,,允许随机特质,184 通用汉人县占位持有者,zz_hd_fallback_county_holders_184.txt,550,Jingxu_9759_865A
虚构,开局填充-领主,静虚,hd_fallback_holder_c_uuii_p_3426,,145.1.1,220.1.1,是,180-280,han,jingxue,,,,,允许随机特质,184 通用汉人县占位持有者,zz_hd_fallback_county_holders_184.txt,564,Jingxu_9759_865A
虚构,开局填充-领主,静虚,hd_fallback_holder_c_uuii_p_3429,,145.1.1,220.1.1,是,180-280,han,jingxue,,,,,允许随机特质,184 通用汉人县占位持有者,zz_hd_fallback_county_holders_184.txt,578,Jingxu_9759_865A
虚构,开局填充-领主,静虚,hd_fallback_holder_c_uuii_p_3435,,145.1.1,220.1.1,是,180-280,han,jingxue,,,,,允许随机特质,184 通用汉人县占位持有者,zz_hd_fallback_county_holders_184.txt,592,Jingxu_9759_865A
虚构,开局填充-领主,静虚,hd_fallback_holder_c_uuii_p_3437,,145.1.1,220.1.1,是,180-280,han,jingxue,,,,,允许随机特质,184 通用汉人县占位持有者,zz_hd_fallback_county_holders_184.txt,606,Jingxu_9759_865A
虚构,开局填充-领主,静虚,hd_fallback_holder_c_uuii_p_3440,,145.1.1,220.1.1,是,180-280,han,jingxue,,,,,允许随机特质,184 通用汉人县占位持有者,zz_hd_fallback_county_holders_184.txt,620,Jingxu_9759_865A
虚构,开局填充-领主,静虚,hd_fallback_holder_c_uuii_p_3496,,145.1.1,220.1.1,是,180-280,han,jingxue,,,,,允许随机特质,184 通用汉人县占位持有者,zz_hd_fallback_county_holders_184.txt,634,Jingxu_9759_865A
虚构,开局填充-领主,静虚,hd_fallback_holder_c_uuii_p_35,,145.1.1,220.1.1,是,180-280,han,jingxue,,,,,允许随机特质,184 通用汉人县占位持有者,zz_hd_fallback_county_holders_184.txt,648,Jingxu_9759_865A
虚构,开局填充-领主,静虚,hd_fallback_holder_c_uuii_p_3514,,145.1.1,220.1.1,是,180-280,han,jingxue,,,,,允许随机特质,184 通用汉人县占位持有者,zz_hd_fallback_county_holders_184.txt,662,Jingxu_9759_865A
虚构,开局填充-领主,静虚,hd_fallback_holder_c_uuii_p_3515,,145.1.1,220.1.1,是,180-280,han,jingxue,,,,,允许随机特质,184 通用汉人县占位持有者,zz_hd_fallback_county_holders_184.txt,676,Jingxu_9759_865A
虚构,开局填充-领主,静虚,hd_fallback_holder_c_uuii_p_3527,,145.1.1,220.1.1,是,180-280,han,jingxue,,,,,允许随机特质,184 通用汉人县占位持有者,zz_hd_fallback_county_holders_184.txt,690,Jingxu_9759_865A
虚构,开局填充-领主,静虚,hd_fallback_holder_c_uuii_p_3539,,145.1.1,220.1.1,是,180-280,han,jingxue,,,,,允许随机特质,184 通用汉人县占位持有者,zz_hd_fallback_county_holders_184.txt,704,Jingxu_9759_865A
虚构,开局填充-领主,静虚,hd_fallback_holder_c_uuii_p_3571,,145.1.1,220.1.1,是,180-280,han,jingxue,,,,,允许随机特质,184 通用汉人县占位持有者,zz_hd_fallback_county_holders_184.txt,718,Jingxu_9759_865A
虚构,开局填充-领主,静虚,hd_fallback_holder_c_uuii_p_364,,145.1.1,220.1.1,是,180-280,han,jingxue,,,,,允许随机特质,184 通用汉人县占位持有者,zz_hd_fallback_county_holders_184.txt,732,Jingxu_9759_865A
虚构,开局填充-领主,静虚,hd_fallback_holder_c_uuii_p_367,,145.1.1,220.1.1,是,180-280,han,jingxue,,,,,允许随机特质,184 通用汉人县占位持有者,zz_hd_fallback_county_holders_184.txt,746,Jingxu_9759_865A
虚构,开局填充-领主,静虚,hd_fallback_holder_c_uuii_p_37,,145.1.1,220.1.1,是,180-280,han,jingxue,,,,,允许随机特质,184 通用汉人县占位持有者,zz_hd_fallback_county_holders_184.txt,760,Jingxu_9759_865A
虚构,开局填充-领主,静虚,hd_fallback_holder_c_uuii_p_381,,145.1.1,220.1.1,是,180-280,han,jingxue,,,,,允许随机特质,184 通用汉人县占位持有者,zz_hd_fallback_county_holders_184.txt,774,Jingxu_9759_865A
虚构,开局填充-领主,静虚,hd_fallback_holder_c_uuii_p_3870,,145.1.1,220.1.1,是,180-280,han,jingxue,,,,,允许随机特质,184 通用汉人县占位持有者,zz_hd_fallback_county_holders_184.txt,788,Jingxu_9759_865A
虚构,开局填充-领主,静虚,hd_fallback_holder_c_uuii_p_3877,,145.1.1,220.1.1,是,180-280,han,jingxue,,,,,允许随机特质,184 通用汉人县占位持有者,zz_hd_fallback_county_holders_184.txt,802,Jingxu_9759_865A
虚构,开局填充-领主,静虚,hd_fallback_holder_c_uuii_p_3883,,145.1.1,220.1.1,是,180-280,han,jingxue,,,,,允许随机特质,184 通用汉人县占位持有者,zz_hd_fallback_county_holders_184.txt,816,Jingxu_9759_865A
虚构,开局填充-领主,静虚,hd_fallback_holder_c_uuii_p_3887,,145.1.1,220.1.1,是,180-280,han,jingxue,,,,,允许随机特质,184 通用汉人县占位持有者,zz_hd_fallback_county_holders_184.txt,830,Jingxu_9759_865A
虚构,开局填充-领主,静虚,hd_fallback_holder_c_uuii_p_3896,,145.1.1,220.1.1,是,180-280,han,jingxue,,,,,允许随机特质,184 通用汉人县占位持有者,zz_hd_fallback_county_holders_184.txt,844,Jingxu_9759_865A
虚构,开局填充-领主,静虚,hd_fallback_holder_c_uuii_p_3904,,145.1.1,220.1.1,是,180-280,han,jingxue,,,,,允许随机特质,184 通用汉人县占位持有者,zz_hd_fallback_county_holders_184.txt,858,Jingxu_9759_865A
虚构,开局填充-领主,静虚,hd_fallback_holder_c_uuii_p_3911,,145.1.1,220.1.1,是,180-280,han,jingxue,,,,,允许随机特质,184 通用汉人县占位持有者,zz_hd_fallback_county_holders_184.txt,872,Jingxu_9759_865A
虚构,开局填充-领主,静虚,hd_fallback_holder_c_uuii_p_3912,,145.1.1,220.1.1,是,180-280,han,jingxue,,,,,允许随机特质,184 通用汉人县占位持有者,zz_hd_fallback_county_holders_184.txt,886,Jingxu_9759_865A
虚构,开局填充-领主,静虚,hd_fallback_holder_c_uuii_p_3913,,145.1.1,220.1.1,是,180-280,han,jingxue,,,,,允许随机特质,184 通用汉人县占位持有者,zz_hd_fallback_county_holders_184.txt,900,Jingxu_9759_865A
虚构,开局填充-领主,静虚,hd_fallback_holder_c_uuii_p_3917,,145.1.1,220.1.1,是,180-280,han,jingxue,,,,,允许随机特质,184 通用汉人县占位持有者,zz_hd_fallback_county_holders_184.txt,914,Jingxu_9759_865A
虚构,开局填充-领主,静虚,hd_fallback_holder_c_uuii_p_3921,,145.1.1,220.1.1,是,180-280,han,jingxue,,,,,允许随机特质,184 通用汉人县占位持有者,zz_hd_fallback_county_holders_184.txt,928,Jingxu_9759_865A
虚构,开局填充-领主,静虚,hd_fallback_holder_c_uuii_p_3922,,145.1.1,220.1.1,是,180-280,han,jingxue,,,,,允许随机特质,184 通用汉人县占位持有者,zz_hd_fallback_county_holders_184.txt,942,Jingxu_9759_865A
虚构,开局填充-领主,静虚,hd_fallback_holder_c_uuii_p_3935,,145.1.1,220.1.1,是,180-280,han,jingxue,,,,,允许随机特质,184 通用汉人县占位持有者,zz_hd_fallback_county_holders_184.txt,956,Jingxu_9759_865A
虚构,开局填充-领主,静虚,hd_fallback_holder_c_uuii_p_3941,,145.1.1,220.1.1,是,180-280,han,jingxue,,,,,允许随机特质,184 通用汉人县占位持有者,zz_hd_fallback_county_holders_184.txt,970,Jingxu_9759_865A
虚构,开局填充-领主,静虚,hd_fallback_holder_c_uuii_p_3953,,145.1.1,220.1.1,是,180-280,han,jingxue,,,,,允许随机特质,184 通用汉人县占位持有者,zz_hd_fallback_county_holders_184.txt,984,Jingxu_9759_865A
虚构,开局填充-领主,静虚,hd_fallback_holder_c_uuii_p_3956,,145.1.1,220.1.1,是,180-280,han,jingxue,,,,,允许随机特质,184 通用汉人县占位持有者,zz_hd_fallback_county_holders_184.txt,998,Jingxu_9759_865A
虚构,开局填充-领主,静虚,hd_fallback_holder_c_uuii_p_3959,,145.1.1,220.1.1,是,180-280,han,jingxue,,,,,允许随机特质,184 通用汉人县占位持有者,zz_hd_fallback_county_holders_184.txt,1012,Jingxu_9759_865A
虚构,开局填充-领主,静虚,hd_fallback_holder_c_uuii_p_3963,,145.1.1,220.1.1,是,180-280,han,jingxue,,,,,允许随机特质,184 通用汉人县占位持有者,zz_hd_fallback_county_holders_184.txt,1026,Jingxu_9759_865A
虚构,开局填充-领主,静虚,hd_fallback_holder_c_uuii_p_3968,,145.1.1,220.1.1,是,180-280,han,jingxue,,,,,允许随机特质,184 通用汉人县占位持有者,zz_hd_fallback_county_holders_184.txt,1040,Jingxu_9759_865A
虚构,开局填充-领主,静虚,hd_fallback_holder_c_uuii_p_3971,,145.1.1,220.1.1,是,180-280,han,jingxue,,,,,允许随机特质,184 通用汉人县占位持有者,zz_hd_fallback_county_holders_184.txt,1054,Jingxu_9759_865A
虚构,开局填充-领主,静虚,hd_fallback_holder_c_uuii_p_3976,,145.1.1,220.1.1,是,180-280,han,jingxue,,,,,允许随机特质,184 通用汉人县占位持有者,zz_hd_fallback_county_holders_184.txt,1068,Jingxu_9759_865A
虚构,开局填充-领主,静虚,hd_fallback_holder_c_uuii_p_3987,,145.1.1,220.1.1,是,180-280,han,jingxue,,,,,允许随机特质,184 通用汉人县占位持有者,zz_hd_fallback_county_holders_184.txt,1082,Jingxu_9759_865A
虚构,开局填充-领主,静虚,hd_fallback_holder_c_uuii_p_3993,,145.1.1,220.1.1,是,180-280,han,jingxue,,,,,允许随机特质,184 通用汉人县占位持有者,zz_hd_fallback_county_holders_184.txt,1096,Jingxu_9759_865A
虚构,开局填充-领主,静虚,hd_fallback_holder_c_uuii_p_3998,,145.1.1,220.1.1,是,180-280,han,jingxue,,,,,允许随机特质,184 通用汉人县占位持有者,zz_hd_fallback_county_holders_184.txt,1110,Jingxu_9759_865A
虚构,开局填充-领主,静虚,hd_fallback_holder_c_uuii_p_3999,,145.1.1,220.1.1,是,180-280,han,jingxue,,,,,允许随机特质,184 通用汉人县占位持有者,zz_hd_fallback_county_holders_184.txt,1124,Jingxu_9759_865A
虚构,开局填充-领主,静虚,hd_fallback_holder_c_uuii_p_4008,,145.1.1,220.1.1,是,180-280,han,jingxue,,,,,允许随机特质,184 通用汉人县占位持有者,zz_hd_fallback_county_holders_184.txt,1138,Jingxu_9759_865A
虚构,开局填充-领主,静虚,hd_fallback_holder_c_uuii_p_4010,,145.1.1,220.1.1,是,180-280,han,jingxue,,,,,允许随机特质,184 通用汉人县占位持有者,zz_hd_fallback_county_holders_184.txt,1152,Jingxu_9759_865A
虚构,开局填充-领主,静虚,hd_fallback_holder_c_uuii_p_4028,,145.1.1,220.1.1,是,180-280,han,jingxue,,,,,允许随机特质,184 通用汉人县占位持有者,zz_hd_fallback_county_holders_184.txt,1166,Jingxu_9759_865A
虚构,开局填充-领主,静虚,hd_fallback_holder_c_uuii_p_4039,,145.1.1,220.1.1,是,180-280,han,jingxue,,,,,允许随机特质,184 通用汉人县占位持有者,zz_hd_fallback_county_holders_184.txt,1180,Jingxu_9759_865A
虚构,开局填充-领主,静虚,hd_fallback_holder_c_uuii_p_4044,,145.1.1,220.1.1,是,180-280,han,jingxue,,,,,允许随机特质,184 通用汉人县占位持有者,zz_hd_fallback_county_holders_184.txt,1194,Jingxu_9759_865A
虚构,开局填充-领主,静虚,hd_fallback_holder_c_uuii_p_4053,,145.1.1,220.1.1,是,180-280,han,jingxue,,,,,允许随机特质,184 通用汉人县占位持有者,zz_hd_fallback_county_holders_184.txt,1208,Jingxu_9759_865A
虚构,开局填充-领主,静虚,hd_fallback_holder_c_uuii_p_4058,,145.1.1,220.1.1,是,180-280,han,jingxue,,,,,允许随机特质,184 通用汉人县占位持有者,zz_hd_fallback_county_holders_184.txt,1222,Jingxu_9759_865A
虚构,开局填充-领主,静虚,hd_fallback_holder_c_uuii_p_4064,,145.1.1,220.1.1,是,180-280,han,jingxue,,,,,允许随机特质,184 通用汉人县占位持有者,zz_hd_fallback_county_holders_184.txt,1236,Jingxu_9759_865A
虚构,开局填充-领主,静虚,hd_fallback_holder_c_uuii_p_4084,,145.1.1,220.1.1,是,180-280,han,jingxue,,,,,允许随机特质,184 通用汉人县占位持有者,zz_hd_fallback_county_holders_184.txt,1250,Jingxu_9759_865A
虚构,开局填充-领主,静虚,hd_fallback_holder_c_uuii_p_4093,,145.1.1,220.1.1,是,180-280,han,jingxue,,,,,允许随机特质,184 通用汉人县占位持有者,zz_hd_fallback_county_holders_184.txt,1264,Jingxu_9759_865A
虚构,开局填充-领主,静虚,hd_fallback_holder_c_uuii_p_4119,,145.1.1,220.1.1,是,180-280,han,jingxue,,,,,允许随机特质,184 通用汉人县占位持有者,zz_hd_fallback_county_holders_184.txt,1278,Jingxu_9759_865A
虚构,开局填充-领主,静虚,hd_fallback_holder_c_uuii_p_412,,145.1.1,220.1.1,是,180-280,han,jingxue,,,,,允许随机特质,184 通用汉人县占位持有者,zz_hd_fallback_county_holders_184.txt,1292,Jingxu_9759_865A
虚构,开局填充-领主,静虚,hd_fallback_holder_c_uuii_p_4147,,145.1.1,220.1.1,是,180-280,han,jingxue,,,,,允许随机特质,184 通用汉人县占位持有者,zz_hd_fallback_county_holders_184.txt,1306,Jingxu_9759_865A
虚构,开局填充-领主,静虚,hd_fallback_holder_c_uuii_p_4197,,145.1.1,220.1.1,是,180-280,han,jingxue,,,,,允许随机特质,184 通用汉人县占位持有者,zz_hd_fallback_county_holders_184.txt,1320,Jingxu_9759_865A
虚构,开局填充-领主,静虚,hd_fallback_holder_c_uuii_p_4207,,145.1.1,220.1.1,是,180-280,han,jingxue,,,,,允许随机特质,184 通用汉人县占位持有者,zz_hd_fallback_county_holders_184.txt,1334,Jingxu_9759_865A
虚构,开局填充-领主,静虚,hd_fallback_holder_c_uuii_p_4226,,145.1.1,220.1.1,是,180-280,han,jingxue,,,,,允许随机特质,184 通用汉人县占位持有者,zz_hd_fallback_county_holders_184.txt,1348,Jingxu_9759_865A
虚构,开局填充-领主,静虚,hd_fallback_holder_c_uuii_p_4227,,145.1.1,220.1.1,是,180-280,han,jingxue,,,,,允许随机特质,184 通用汉人县占位持有者,zz_hd_fallback_county_holders_184.txt,1362,Jingxu_9759_865A
虚构,开局填充-领主,静虚,hd_fallback_holder_c_uuii_p_4237,,145.1.1,220.1.1,是,180-280,han,jingxue,,,,,允许随机特质,184 通用汉人县占位持有者,zz_hd_fallback_county_holders_184.txt,1376,Jingxu_9759_865A
虚构,开局填充-领主,静虚,hd_fallback_holder_c_uuii_p_4257,,145.1.1,220.1.1,是,180-280,han,jingxue,,,,,允许随机特质,184 通用汉人县占位持有者,zz_hd_fallback_county_holders_184.txt,1390,Jingxu_9759_865A
虚构,开局填充-领主,静虚,hd_fallback_holder_c_uuii_p_4262,,145.1.1,220.1.1,是,180-280,han,jingxue,,,,,允许随机特质,184 通用汉人县占位持有者,zz_hd_fallback_county_holders_184.txt,1404,Jingxu_9759_865A
虚构,开局填充-领主,静虚,hd_fallback_holder_c_uuii_p_4273,,145.1.1,220.1.1,是,180-280,han,jingxue,,,,,允许随机特质,184 通用汉人县占位持有者,zz_hd_fallback_county_holders_184.txt,1418,Jingxu_9759_865A
虚构,开局填充-领主,静虚,hd_fallback_holder_c_uuii_p_4336,,145.1.1,220.1.1,是,180-280,han,jingxue,,,,,允许随机特质,184 通用汉人县占位持有者,zz_hd_fallback_county_holders_184.txt,1432,Jingxu_9759_865A
虚构,开局填充-领主,静虚,hd_fallback_holder_c_uuii_p_4342,,145.1.1,220.1.1,是,180-280,han,jingxue,,,,,允许随机特质,184 通用汉人县占位持有者,zz_hd_fallback_county_holders_184.txt,1446,Jingxu_9759_865A
虚构,开局填充-领主,静虚,hd_fallback_holder_c_uuii_p_4352,,145.1.1,220.1.1,是,180-280,han,jingxue,,,,,允许随机特质,184 通用汉人县占位持有者,zz_hd_fallback_county_holders_184.txt,1460,Jingxu_9759_865A
虚构,开局填充-领主,静虚,hd_fallback_holder_c_uuii_p_4402,,145.1.1,220.1.1,是,180-280,han,jingxue,,,,,允许随机特质,184 通用汉人县占位持有者,zz_hd_fallback_county_holders_184.txt,1474,Jingxu_9759_865A
虚构,开局填充-领主,静虚,hd_fallback_holder_c_uuii_p_4429,,145.1.1,220.1.1,是,180-280,han,jingxue,,,,,允许随机特质,184 通用汉人县占位持有者,zz_hd_fallback_county_holders_184.txt,1488,Jingxu_9759_865A
虚构,开局填充-领主,静虚,hd_fallback_holder_c_uuii_p_4535,,145.1.1,220.1.1,是,180-280,han,jingxue,,,,,允许随机特质,184 通用汉人县占位持有者,zz_hd_fallback_county_holders_184.txt,1502,Jingxu_9759_865A
虚构,开局填充-领主,静虚,hd_fallback_holder_c_uuii_p_4665,,145.1.1,220.1.1,是,180-280,han,jingxue,,,,,允许随机特质,184 通用汉人县占位持有者,zz_hd_fallback_county_holders_184.txt,1516,Jingxu_9759_865A
虚构,开局填充-领主,静虚,hd_fallback_holder_c_uuii_p_4971,,145.1.1,220.1.1,是,180-280,han,jingxue,,,,,允许随机特质,184 通用汉人县占位持有者,zz_hd_fallback_county_holders_184.txt,1530,Jingxu_9759_865A
虚构,开局填充-领主,静虚,hd_fallback_holder_c_uuii_p_4976,,145.1.1,220.1.1,是,180-280,han,jingxue,,,,,允许随机特质,184 通用汉人县占位持有者,zz_hd_fallback_county_holders_184.txt,1544,Jingxu_9759_865A
虚构,开局填充-领主,静虚,hd_fallback_holder_c_uuii_p_5022,,145.1.1,220.1.1,是,180-280,han,jingxue,,,,,允许随机特质,184 通用汉人县占位持有者,zz_hd_fallback_county_holders_184.txt,1558,Jingxu_9759_865A
虚构,开局填充-领主,静虚,hd_fallback_holder_c_uuii_p_5028,,145.1.1,220.1.1,是,180-280,han,jingxue,,,,,允许随机特质,184 通用汉人县占位持有者,zz_hd_fallback_county_holders_184.txt,1572,Jingxu_9759_865A
虚构,开局填充-领主,静虚,hd_fallback_holder_c_uuii_p_5042,,145.1.1,220.1.1,是,180-280,han,jingxue,,,,,允许随机特质,184 通用汉人县占位持有者,zz_hd_fallback_county_holders_184.txt,1586,Jingxu_9759_865A
虚构,开局填充-领主,静虚,hd_fallback_holder_c_uuii_p_5057,,145.1.1,220.1.1,是,180-280,han,jingxue,,,,,允许随机特质,184 通用汉人县占位持有者,zz_hd_fallback_county_holders_184.txt,1600,Jingxu_9759_865A
虚构,开局填充-领主,静虚,hd_fallback_holder_c_uuii_p_5060,,145.1.1,220.1.1,是,180-280,han,jingxue,,,,,允许随机特质,184 通用汉人县占位持有者,zz_hd_fallback_county_holders_184.txt,1614,Jingxu_9759_865A
虚构,开局填充-领主,静虚,hd_fallback_holder_c_uuii_p_5303,,145.1.1,220.1.1,是,180-280,han,jingxue,,,,,允许随机特质,184 通用汉人县占位持有者,zz_hd_fallback_county_holders_184.txt,1628,Jingxu_9759_865A
虚构,开局填充-领主,静虚,hd_fallback_holder_c_uuii_p_5465,,145.1.1,220.1.1,是,180-280,han,jingxue,,,,,允许随机特质,184 通用汉人县占位持有者,zz_hd_fallback_county_holders_184.txt,1642,Jingxu_9759_865A
虚构,开局填充-领主,静虚,hd_fallback_holder_c_uuii_p_5474,,145.1.1,220.1.1,是,180-280,han,jingxue,,,,,允许随机特质,184 通用汉人县占位持有者,zz_hd_fallback_county_holders_184.txt,1656,Jingxu_9759_865A
虚构,开局填充-领主,静虚,hd_fallback_holder_c_uuii_p_5480,,145.1.1,220.1.1,是,180-280,han,jingxue,,,,,允许随机特质,184 通用汉人县占位持有者,zz_hd_fallback_county_holders_184.txt,1670,Jingxu_9759_865A
虚构,开局填充-领主,静虚,hd_fallback_holder_c_uuii_p_5533,,145.1.1,220.1.1,是,180-280,han,jingxue,,,,,允许随机特质,184 通用汉人县占位持有者,zz_hd_fallback_county_holders_184.txt,1684,Jingxu_9759_865A
虚构,开局填充-领主,静虚,hd_fallback_holder_c_uuii_p_5541,,145.1.1,220.1.1,是,180-280,han,jingxue,,,,,允许随机特质,184 通用汉人县占位持有者,zz_hd_fallback_county_holders_184.txt,1698,Jingxu_9759_865A
虚构,开局填充-领主,静虚,hd_fallback_holder_c_uuii_p_5544,,145.1.1,220.1.1,是,180-280,han,jingxue,,,,,允许随机特质,184 通用汉人县占位持有者,zz_hd_fallback_county_holders_184.txt,1712,Jingxu_9759_865A
虚构,开局填充-领主,静虚,hd_fallback_holder_c_uuii_p_5548,,145.1.1,220.1.1,是,180-280,han,jingxue,,,,,允许随机特质,184 通用汉人县占位持有者,zz_hd_fallback_county_holders_184.txt,1726,Jingxu_9759_865A
虚构,开局填充-领主,静虚,hd_fallback_holder_c_uuii_p_5806,,145.1.1,220.1.1,是,180-280,han,jingxue,,,,,允许随机特质,184 通用汉人县占位持有者,zz_hd_fallback_county_holders_184.txt,1740,Jingxu_9759_865A
虚构,开局填充-领主,静虚,hd_fallback_holder_c_uuii_p_5814,,145.1.1,220.1.1,是,180-280,han,jingxue,,,,,允许随机特质,184 通用汉人县占位持有者,zz_hd_fallback_county_holders_184.txt,1754,Jingxu_9759_865A
虚构,开局填充-领主,静虚,hd_fallback_holder_c_uuii_p_5874,,145.1.1,220.1.1,是,180-280,han,jingxue,,,,,允许随机特质,184 通用汉人县占位持有者,zz_hd_fallback_county_holders_184.txt,1768,Jingxu_9759_865A
虚构,开局填充-领主,静虚,hd_fallback_holder_c_uuii_p_5881,,145.1.1,220.1.1,是,180-280,han,jingxue,,,,,允许随机特质,184 通用汉人县占位持有者,zz_hd_fallback_county_holders_184.txt,1782,Jingxu_9759_865A
虚构,开局填充-领主,静虚,hd_fallback_holder_c_uuii_p_60,,145.1.1,220.1.1,是,180-280,han,jingxue,,,,,允许随机特质,184 通用汉人县占位持有者,zz_hd_fallback_county_holders_184.txt,1796,Jingxu_9759_865A
虚构,开局填充-领主,静虚,hd_fallback_holder_c_uuii_p_6026,,145.1.1,220.1.1,是,180-280,han,jingxue,,,,,允许随机特质,184 通用汉人县占位持有者,zz_hd_fallback_county_holders_184.txt,1810,Jingxu_9759_865A
虚构,开局填充-领主,静虚,hd_fallback_holder_c_uuii_p_6063,,145.1.1,220.1.1,是,180-280,han,jingxue,,,,,允许随机特质,184 通用汉人县占位持有者,zz_hd_fallback_county_holders_184.txt,1824,Jingxu_9759_865A
虚构,开局填充-领主,静虚,hd_fallback_holder_c_uuii_p_6114,,145.1.1,220.1.1,是,180-280,han,jingxue,,,,,允许随机特质,184 通用汉人县占位持有者,zz_hd_fallback_county_holders_184.txt,1838,Jingxu_9759_865A
虚构,开局填充-领主,静虚,hd_fallback_holder_c_uuii_p_6117,,145.1.1,220.1.1,是,180-280,han,jingxue,,,,,允许随机特质,184 通用汉人县占位持有者,zz_hd_fallback_county_holders_184.txt,1852,Jingxu_9759_865A
虚构,开局填充-领主,静虚,hd_fallback_holder_c_uuii_p_6128,,145.1.1,220.1.1,是,180-280,han,jingxue,,,,,允许随机特质,184 通用汉人县占位持有者,zz_hd_fallback_county_holders_184.txt,1866,Jingxu_9759_865A
虚构,开局填充-领主,静虚,hd_fallback_holder_c_uuii_p_6152,,145.1.1,220.1.1,是,180-280,han,jingxue,,,,,允许随机特质,184 通用汉人县占位持有者,zz_hd_fallback_county_holders_184.txt,1880,Jingxu_9759_865A
虚构,开局填充-领主,静虚,hd_fallback_holder_c_uuii_p_6216,,145.1.1,220.1.1,是,180-280,han,jingxue,,,,,允许随机特质,184 通用汉人县占位持有者,zz_hd_fallback_county_holders_184.txt,1894,Jingxu_9759_865A
虚构,开局填充-领主,静虚,hd_fallback_holder_c_uuii_p_6222,,145.1.1,220.1.1,是,180-280,han,jingxue,,,,,允许随机特质,184 通用汉人县占位持有者,zz_hd_fallback_county_holders_184.txt,1908,Jingxu_9759_865A
虚构,开局填充-领主,静虚,hd_fallback_holder_c_uuii_p_6243,,145.1.1,220.1.1,是,180-280,han,jingxue,,,,,允许随机特质,184 通用汉人县占位持有者,zz_hd_fallback_county_holders_184.txt,1922,Jingxu_9759_865A
虚构,开局填充-领主,静虚,hd_fallback_holder_c_uuii_p_6288,,145.1.1,220.1.1,是,180-280,han,jingxue,,,,,允许随机特质,184 通用汉人县占位持有者,zz_hd_fallback_county_holders_184.txt,1936,Jingxu_9759_865A
虚构,开局填充-领主,静虚,hd_fallback_holder_c_uuii_p_6308,,145.1.1,220.1.1,是,180-280,han,jingxue,,,,,允许随机特质,184 通用汉人县占位持有者,zz_hd_fallback_county_holders_184.txt,1950,Jingxu_9759_865A
虚构,开局填充-领主,静虚,hd_fallback_holder_c_uuii_p_6339,,145.1.1,220.1.1,是,180-280,han,jingxue,,,,,允许随机特质,184 通用汉人县占位持有者,zz_hd_fallback_county_holders_184.txt,1964,Jingxu_9759_865A
虚构,开局填充-领主,静虚,hd_fallback_holder_c_uuii_p_6361,,145.1.1,220.1.1,是,180-280,han,jingxue,,,,,允许随机特质,184 通用汉人县占位持有者,zz_hd_fallback_county_holders_184.txt,1978,Jingxu_9759_865A
虚构,开局填充-领主,静虚,hd_fallback_holder_c_uuii_p_6420,,145.1.1,220.1.1,是,180-280,han,jingxue,,,,,允许随机特质,184 通用汉人县占位持有者,zz_hd_fallback_county_holders_184.txt,1992,Jingxu_9759_865A
虚构,开局填充-领主,静虚,hd_fallback_holder_c_uuii_p_6421,,145.1.1,220.1.1,是,180-280,han,jingxue,,,,,允许随机特质,184 通用汉人县占位持有者,zz_hd_fallback_county_holders_184.txt,2006,Jingxu_9759_865A
虚构,开局填充-领主,静虚,hd_fallback_holder_c_uuii_p_6454,,145.1.1,220.1.1,是,180-280,han,jingxue,,,,,允许随机特质,184 通用汉人县占位持有者,zz_hd_fallback_county_holders_184.txt,2020,Jingxu_9759_865A
虚构,开局填充-领主,静虚,hd_fallback_holder_c_uuii_p_6461,,145.1.1,220.1.1,是,180-280,han,jingxue,,,,,允许随机特质,184 通用汉人县占位持有者,zz_hd_fallback_county_holders_184.txt,2034,Jingxu_9759_865A
虚构,开局填充-领主,静虚,hd_fallback_holder_c_uuii_p_6550,,145.1.1,220.1.1,是,180-280,han,jingxue,,,,,允许随机特质,184 通用汉人县占位持有者,zz_hd_fallback_county_holders_184.txt,2048,Jingxu_9759_865A
虚构,开局填充-领主,静虚,hd_fallback_holder_c_uuii_p_6619,,145.1.1,220.1.1,是,180-280,han,jingxue,,,,,允许随机特质,184 通用汉人县占位持有者,zz_hd_fallback_county_holders_184.txt,2062,Jingxu_9759_865A
虚构,开局填充-领主,静虚,hd_fallback_holder_c_uuii_p_6627,,145.1.1,220.1.1,是,180-280,han,jingxue,,,,,允许随机特质,184 通用汉人县占位持有者,zz_hd_fallback_county_holders_184.txt,2076,Jingxu_9759_865A
虚构,开局填充-领主,静虚,hd_fallback_holder_c_uuii_p_6638,,145.1.1,220.1.1,是,180-280,han,jingxue,,,,,允许随机特质,184 通用汉人县占位持有者,zz_hd_fallback_county_holders_184.txt,2090,Jingxu_9759_865A
虚构,开局填充-领主,静虚,hd_fallback_holder_c_uuii_p_6653,,145.1.1,220.1.1,是,180-280,han,jingxue,,,,,允许随机特质,184 通用汉人县占位持有者,zz_hd_fallback_county_holders_184.txt,2104,Jingxu_9759_865A
虚构,开局填充-领主,静虚,hd_fallback_holder_c_uuii_p_6695,,145.1.1,220.1.1,是,180-280,han,jingxue,,,,,允许随机特质,184 通用汉人县占位持有者,zz_hd_fallback_county_holders_184.txt,2118,Jingxu_9759_865A
虚构,开局填充-领主,静虚,hd_fallback_holder_c_uuii_p_6726,,145.1.1,220.1.1,是,180-280,han,jingxue,,,,,允许随机特质,184 通用汉人县占位持有者,zz_hd_fallback_county_holders_184.txt,2132,Jingxu_9759_865A
虚构,开局填充-领主,静虚,hd_fallback_holder_c_uuii_p_6766,,145.1.1,220.1.1,是,180-280,han,jingxue,,,,,允许随机特质,184 通用汉人县占位持有者,zz_hd_fallback_county_holders_184.txt,2146,Jingxu_9759_865A
虚构,开局填充-领主,静虚,hd_fallback_holder_c_uuii_p_6775,,145.1.1,220.1.1,是,180-280,han,jingxue,,,,,允许随机特质,184 通用汉人县占位持有者,zz_hd_fallback_county_holders_184.txt,2160,Jingxu_9759_865A
虚构,开局填充-领主,静虚,hd_fallback_holder_c_uuii_p_6778,,145.1.1,220.1.1,是,180-280,han,jingxue,,,,,允许随机特质,184 通用汉人县占位持有者,zz_hd_fallback_county_holders_184.txt,2174,Jingxu_9759_865A
虚构,开局填充-领主,静虚,hd_fallback_holder_c_uuii_p_6789,,145.1.1,220.1.1,是,180-280,han,jingxue,,,,,允许随机特质,184 通用汉人县占位持有者,zz_hd_fallback_county_holders_184.txt,2188,Jingxu_9759_865A
虚构,开局填充-领主,静虚,hd_fallback_holder_c_uuii_p_6826,,145.1.1,220.1.1,是,180-280,han,jingxue,,,,,允许随机特质,184 通用汉人县占位持有者,zz_hd_fallback_county_holders_184.txt,2202,Jingxu_9759_865A
虚构,开局填充-领主,静虚,hd_fallback_holder_c_uuii_p_6844,,145.1.1,220.1.1,是,180-280,han,jingxue,,,,,允许随机特质,184 通用汉人县占位持有者,zz_hd_fallback_county_holders_184.txt,2216,Jingxu_9759_865A
虚构,开局填充-领主,静虚,hd_fallback_holder_c_uuii_p_6907,,145.1.1,220.1.1,是,180-280,han,jingxue,,,,,允许随机特质,184 通用汉人县占位持有者,zz_hd_fallback_county_holders_184.txt,2230,Jingxu_9759_865A
虚构,开局填充-领主,静虚,hd_fallback_holder_c_uuii_p_6996,,145.1.1,220.1.1,是,180-280,han,jingxue,,,,,允许随机特质,184 通用汉人县占位持有者,zz_hd_fallback_county_holders_184.txt,2244,Jingxu_9759_865A
虚构,开局填充-领主,静虚,hd_fallback_holder_c_xining,,145.1.1,220.1.1,是,180-280,han,jingxue,,,,,允许随机特质,184 通用汉人县占位持有者,zz_hd_fallback_county_holders_184.txt,2258,Jingxu_9759_865A
虚构,开局填充-领主,静虚,hd_fallback_holder_c_xiningzhou,,145.1.1,220.1.1,是,180-280,han,jingxue,,,,,允许随机特质,184 通用汉人县占位持有者,zz_hd_fallback_county_holders_184.txt,2272,Jingxu_9759_865A
虚构,开局填充-领主,静虚,hd_bingzhou_holder_184,,145.1.1,220.1.1,是,180-280,han,jingxue,,,,,允许随机特质,184 部族县平民持有者,zz_hd_fictional_county_holders_184.txt,6,Jingxu_9759_865A
虚构,开局填充-领主,阿旺七立,hd_fictional_holder_c_uuii_p_1509,,154.1.1,225.1.1,是,180-280,zhongqiang,mahayana,,,,,随机名单取名；允许随机特质,184 部族县平民持有者,zz_hd_fictional_county_holders_184.txt,20,qiang_diren_nn_1_a_wang_qi_li
虚构,开局填充-领主,安多尔,hd_fictional_holder_c_uuii_p_1512,,154.1.1,225.1.1,是,180-280,diren,guiwu,,,,,随机名单取名；允许随机特质,184 部族县平民持有者,zz_hd_fictional_county_holders_184.txt,34,qiang_diren_nn_2_an_duo_er
虚构,开局填充-领主,巴基,hd_fictional_holder_c_uuii_p_1513,,154.1.1,225.1.1,是,180-280,zhongqiang,mahayana,,,,,随机名单取名；允许随机特质,184 部族县平民持有者,zz_hd_fictional_county_holders_184.txt,48,qiang_diren_nn_3_ba_ji
虚构,开局填充-领主,贝基,hd_fictional_holder_c_uuii_p_1515,,154.1.1,225.1.1,是,180-280,zhongqiang,mahayana,,,,,随机名单取名；允许随机特质,184 部族县平民持有者,zz_hd_fictional_county_holders_184.txt,62,qiang_diren_nn_4_bei_ji
虚构,开局填充-领主,比达基,hd_fictional_holder_c_uuii_p_1516,,154.1.1,225.1.1,是,180-280,diren,guiwu,,,,,随机名单取名；允许随机特质,184 部族县平民持有者,zz_hd_fictional_county_holders_184.txt,76,qiang_diren_nn_5_bi_da_ji
虚构,开局填充-领主,比嘉基,hd_fictional_holder_c_uuii_p_1519,,154.1.1,225.1.1,是,180-280,diren,guiwu,,,,,随机名单取名；允许随机特质,184 部族县平民持有者,zz_hd_fictional_county_holders_184.txt,90,qiang_diren_nn_6_bi_jia_ji
虚构,开局填充-领主,边木西,hd_fictional_holder_c_uuii_p_1520,,154.1.1,225.1.1,是,180-280,diren,guiwu,,,,,随机名单取名；允许随机特质,184 部族县平民持有者,zz_hd_fictional_county_holders_184.txt,104,qiang_diren_nn_7_bian_mu_xi
虚构,开局填充-领主,别录木,hd_fictional_holder_c_uuii_p_1522,,154.1.1,225.1.1,是,180-280,diren,guiwu,,,,,随机名单取名；允许随机特质,184 部族县平民持有者,zz_hd_fictional_county_holders_184.txt,118,qiang_diren_nn_8_bie_lu_mu
虚构,开局填充-领主,布基,hd_fictional_holder_c_uuii_p_1528,,154.1.1,225.1.1,是,180-280,diren,guiwu,,,,,随机名单取名；允许随机特质,184 部族县平民持有者,zz_hd_fictional_county_holders_184.txt,132,qiang_diren_nn_9_bu_ji
虚构,开局填充-领主,策赐蚕格,hd_fictional_holder_c_uuii_p_1531,,154.1.1,225.1.1,是,180-280,diren,guiwu,,,,,随机名单取名；允许随机特质,184 部族县平民持有者,zz_hd_fictional_county_holders_184.txt,146,qiang_diren_nn_10_ce_ci_can_ge
虚构,开局填充-领主,蝉西,hd_fictional_holder_c_uuii_p_1536,,154.1.1,225.1.1,是,180-280,zhongqiang,mahayana,,,,,随机名单取名；允许随机特质,184 部族县平民持有者,zz_hd_fictional_county_holders_184.txt,160,qiang_diren_nn_11_chan_xi
虚构,开局填充-领主,赤不苏,hd_fictional_holder_c_uuii_p_1538,,154.1.1,225.1.1,是,180-280,zhongqiang,mahayana,,,,,随机名单取名；允许随机特质,184 部族县平民持有者,zz_hd_fictional_county_holders_184.txt,174,qiang_diren_nn_12_chi_bu_su
虚构,开局填充-领主,戴,hd_fictional_holder_c_uuii_p_1542,,154.1.1,225.1.1,是,180-280,xianling,mahayana,,,,,随机名单取名；允许随机特质,184 部族县平民持有者,zz_hd_fictional_county_holders_184.txt,188,qiang_diren_nn_13_dai
虚构,开局填充-领主,丹津罗尔布,hd_fictional_holder_c_uuii_p_1545,,154.1.1,225.1.1,是,180-280,xianling,mahayana,,,,,随机名单取名；允许随机特质,184 部族县平民持有者,zz_hd_fictional_county_holders_184.txt,202,qiang_diren_nn_14_dan_jin_luo_er_bu
虚构,开局填充-领主,德基,hd_fictional_holder_c_uuii_p_1546,,154.1.1,225.1.1,是,180-280,xianling,mahayana,,,,,随机名单取名；允许随机特质,184 部族县平民持有者,zz_hd_fictional_county_holders_184.txt,216,qiang_diren_nn_15_de_ji
虚构,开局填充-领主,迪基,hd_fictional_holder_c_uuii_p_1548,,154.1.1,225.1.1,是,180-280,xianling,mahayana,,,,,随机名单取名；允许随机特质,184 部族县平民持有者,zz_hd_fictional_county_holders_184.txt,230,qiang_diren_nn_16_di_ji
虚构,开局填充-领主,宝,hd_fictional_holder_c_uuii_p_1572,,154.1.1,225.1.1,是,180-280,xianbei,xianbei_polytheism,,,,,随机名单取名；允许随机特质,184 部族县平民持有者,zz_hd_fictional_county_holders_184.txt,244,mongolic_xianbei_nn_0
虚构,开局填充-领主,亶,hd_fictional_holder_c_uuii_p_166,,154.1.1,225.1.1,是,180-280,jiaozhou,mahayana,,,,,允许随机特质,184 部族县平民持有者,zz_hd_fictional_county_holders_184.txt,258,dan
虚构,开局填充-领主,多吉布丹,hd_fictional_holder_c_uuii_p_1746,,154.1.1,225.1.1,是,180-280,diren,guiwu,,,,,随机名单取名；允许随机特质,184 部族县平民持有者,zz_hd_fictional_county_holders_184.txt,272,qiang_diren_nn_17_duo_ji_bu_dan
虚构,开局填充-领主,俄罗三基,hd_fictional_holder_c_uuii_p_1748,,154.1.1,225.1.1,是,180-280,diren,guiwu,,,,,随机名单取名；允许随机特质,184 部族县平民持有者,zz_hd_fictional_county_holders_184.txt,286,qiang_diren_nn_18_e_luo_san_ji
虚构,开局填充-领主,额泽,hd_fictional_holder_c_uuii_p_1749,,154.1.1,225.1.1,是,180-280,diren,guiwu,,,,,随机名单取名；允许随机特质,184 部族县平民持有者,zz_hd_fictional_county_holders_184.txt,300,qiang_diren_nn_19_e_ze
虚构,开局填充-领主,尔玛宗茨,hd_fictional_holder_c_uuii_p_1755,,154.1.1,225.1.1,是,180-280,diren,guiwu,,,,,随机名单取名；允许随机特质,184 部族县平民持有者,zz_hd_fictional_county_holders_184.txt,314,qiang_diren_nn_20_er_ma_zong_ci
虚构,开局填充-领主,高尔基,hd_fictional_holder_c_uuii_p_1757,,154.1.1,225.1.1,是,180-280,diren,guiwu,,,,,随机名单取名；允许随机特质,184 部族县平民持有者,zz_hd_fictional_county_holders_184.txt,328,qiang_diren_nn_21_gao_er_ji
虚构,开局填充-领主,傣,hd_fictional_holder_c_uuii_p_1766,,154.1.1,225.1.1,是,180-280,wuling,guiwu,,,,,允许随机特质,184 部族县平民持有者,zz_hd_fictional_county_holders_184.txt,342,tai
虚构,开局填充-领主,雍,hd_fictional_holder_c_uuii_p_1771,,154.1.1,225.1.1,是,180-280,wuling,guiwu,,,,,允许随机特质,184 部族县平民持有者,zz_hd_fictional_county_holders_184.txt,356,yong
虚构,开局填充-领主,历,hd_fictional_holder_c_uuii_p_1773,,154.1.1,225.1.1,是,180-280,jingzhou,mahayana,,,,,允许随机特质,184 部族县平民持有者,zz_hd_fictional_county_holders_184.txt,370,li
虚构,开局填充-领主,昌,hd_fictional_holder_c_uuii_p_1782,,154.1.1,225.1.1,是,180-280,wuling,guiwu,,,,,允许随机特质,184 部族县平民持有者,zz_hd_fictional_county_holders_184.txt,384,chang
虚构,开局填充-领主,仲,hd_fictional_holder_c_uuii_p_1785,,154.1.1,225.1.1,是,180-280,wuling,guiwu,,,,,允许随机特质,184 部族县平民持有者,zz_hd_fictional_county_holders_184.txt,398,zhong
虚构,开局填充-领主,复,hd_fictional_holder_c_uuii_p_1818,,154.1.1,225.1.1,是,180-280,jingzhou,mahayana,,,,,允许随机特质,184 部族县平民持有者,zz_hd_fictional_county_holders_184.txt,412,fu
虚构,开局填充-领主,考,hd_fictional_holder_c_uuii_p_1825,,154.1.1,225.1.1,是,180-280,wuling,guiwu,,,,,允许随机特质,184 部族县平民持有者,zz_hd_fictional_county_holders_184.txt,426,kao
虚构,开局填充-领主,发,hd_fictional_holder_c_uuii_p_1879,,154.1.1,225.1.1,是,180-280,jingzhou,mahayana,,,,,允许随机特质,184 部族县平民持有者,zz_hd_fictional_county_holders_184.txt,440,fa
虚构,开局填充-领主,鲜,hd_fictional_holder_c_uuii_p_1883,,154.1.1,225.1.1,是,180-280,wuling,guiwu,,,,,允许随机特质,184 部族县平民持有者,zz_hd_fictional_county_holders_184.txt,454,xian
虚构,开局填充-领主,旦,hd_fictional_holder_c_uuii_p_1884,,154.1.1,225.1.1,是,180-280,wuling,guiwu,,,,,允许随机特质,184 部族县平民持有者,zz_hd_fictional_county_holders_184.txt,468,dan1
虚构,开局填充-领主,度,hd_fictional_holder_c_uuii_p_1887,,154.1.1,225.1.1,是,180-280,wuling,guiwu,,,,,允许随机特质,184 部族县平民持有者,zz_hd_fictional_county_holders_184.txt,482,du
虚构,开局填充-领主,振铎,hd_fictional_holder_c_uuii_p_1888,,154.1.1,225.1.1,是,180-280,wuling,guiwu,,,,,允许随机特质,184 部族县平民持有者,zz_hd_fictional_county_holders_184.txt,496,zhenduo
虚构,开局填充-领主,亶,hd_fictional_holder_c_uuii_p_1889,,154.1.1,225.1.1,是,180-280,wuling,guiwu,,,,,允许随机特质,184 部族县平民持有者,zz_hd_fictional_county_holders_184.txt,510,dan
虚构,开局填充-领主,傣,hd_fictional_holder_c_uuii_p_193,,154.1.1,225.1.1,是,180-280,jiuzhenyue,baiyuefanlin,,,,,允许随机特质,184 部族县平民持有者,zz_hd_fictional_county_holders_184.txt,524,tai
虚构,开局填充-领主,封,hd_fictional_holder_c_uuii_p_2139,,154.1.1,225.1.1,是,180-280,shanyue,baiyuefanlin,,,,,允许随机特质,184 部族县平民持有者,zz_hd_fictional_county_holders_184.txt,538,feng
虚构,开局填充-领主,雍,hd_fictional_holder_c_uuii_p_2142,,154.1.1,225.1.1,是,180-280,shanyue,baiyuefanlin,,,,,允许随机特质,184 部族县平民持有者,zz_hd_fictional_county_holders_184.txt,552,yong
虚构,开局填充-领主,虞,hd_fictional_holder_c_uuii_p_2148,,154.1.1,225.1.1,是,180-280,shanyue,baiyuefanlin,,,,,允许随机特质,184 部族县平民持有者,zz_hd_fictional_county_holders_184.txt,566,yu
虚构,开局填充-领主,钊,hd_fictional_holder_c_uuii_p_2322,,154.1.1,225.1.1,是,180-280,wuling,guiwu,,,,,允许随机特质,184 部族县平民持有者,zz_hd_fictional_county_holders_184.txt,580,zhao
虚构,开局填充-领主,阿巴赤,hd_fictional_holder_c_uuii_p_2616,,154.1.1,225.1.1,是,180-280,wuhuan,mahayana,,,,,随机名单取名；允许随机特质,184 部族县平民持有者,zz_hd_fictional_county_holders_184.txt,594,mongolic_wuhuan_nn_1
虚构,开局填充-领主,阿保机,hd_fictional_holder_c_uuii_p_2617,,154.1.1,225.1.1,是,180-280,wuhuan,mahayana,,,,,随机名单取名；允许随机特质,184 部族县平民持有者,zz_hd_fictional_county_holders_184.txt,608,mongolic_wuhuan_nn_2
虚构,开局填充-领主,阿保谨,hd_fictional_holder_c_uuii_p_2629,,154.1.1,225.1.1,是,180-280,wuhuan,mahayana,,,,,随机名单取名；允许随机特质,184 部族县平民持有者,zz_hd_fictional_county_holders_184.txt,622,mongolic_wuhuan_nn_3
虚构,开局填充-领主,阿尔斯兰,hd_fictional_holder_c_uuii_p_2743,,154.1.1,225.1.1,是,180-280,xiongnu,tengri_pagan,,,,,随机名单取名；允许随机特质,184 部族县平民持有者,zz_hd_fictional_county_holders_184.txt,636,turkic_xiongnu_nn_1
虚构,开局填充-领主,阿尔图克,hd_fictional_holder_c_uuii_p_2748,,154.1.1,225.1.1,是,180-280,xiongnu,tengri_pagan,,,,,随机名单取名；允许随机特质,184 部族县平民持有者,zz_hd_fictional_county_holders_184.txt,650,turkic_xiongnu_nn_2
虚构,开局填充-领主,阿夫辛,hd_fictional_holder_c_uuii_p_2749,,154.1.1,225.1.1,是,180-280,xiongnu,tengri_pagan,,,,,随机名单取名；允许随机特质,184 部族县平民持有者,zz_hd_fictional_county_holders_184.txt,664,turkic_xiongnu_nn_3
虚构,开局填充-领主,瑕,hd_fictional_holder_c_uuii_p_2824,,154.1.1,225.1.1,是,180-280,banshun,guiwu,,,,,允许随机特质,184 部族县平民持有者,zz_hd_fictional_county_holders_184.txt,678,xia
虚构,开局填充-领主,戈,hd_fictional_holder_c_uuii_p_3027,,154.1.1,225.1.1,是,180-280,zhongqiang,mahayana,,,,,随机名单取名；允许随机特质,184 部族县平民持有者,zz_hd_fictional_county_holders_184.txt,692,qiang_diren_nn_22_ge
虚构,开局填充-领主,格里萨,hd_fictional_holder_c_uuii_p_3038,,154.1.1,225.1.1,是,180-280,zhongqiang,mahayana,,,,,随机名单取名；允许随机特质,184 部族县平民持有者,zz_hd_fictional_county_holders_184.txt,706,qiang_diren_nn_23_ge_li_sa
虚构,开局填充-领主,格鲁丛宝,hd_fictional_holder_c_uuii_p_3040,,154.1.1,225.1.1,是,180-280,zhongqiang,mahayana,,,,,随机名单取名；允许随机特质,184 部族县平民持有者,zz_hd_fictional_county_holders_184.txt,720,qiang_diren_nn_24_ge_lu_cong_bao
虚构,开局填充-领主,古嘉基,hd_fictional_holder_c_uuii_p_3046,,154.1.1,225.1.1,是,180-280,zhongqiang,mahayana,,,,,随机名单取名；允许随机特质,184 部族县平民持有者,zz_hd_fictional_county_holders_184.txt,734,qiang_diren_nn_25_gu_jia_ji
虚构,开局填充-领主,古尼米,hd_fictional_holder_c_uuii_p_3048,,154.1.1,225.1.1,是,180-280,zhongqiang,mahayana,,,,,随机名单取名；允许随机特质,184 部族县平民持有者,zz_hd_fictional_county_holders_184.txt,748,qiang_diren_nn_26_gu_ni_mi
虚构,开局填充-领主,禾布基,hd_fictional_holder_c_uuii_p_3049,,154.1.1,225.1.1,是,180-280,zhongqiang,mahayana,,,,,随机名单取名；允许随机特质,184 部族县平民持有者,zz_hd_fictional_county_holders_184.txt,762,qiang_diren_nn_27_he_bu_ji
虚构,开局填充-领主,禾玛基,hd_fictional_holder_c_uuii_p_3051,,154.1.1,225.1.1,是,180-280,zhongqiang,mahayana,,,,,随机名单取名；允许随机特质,184 部族县平民持有者,zz_hd_fictional_county_holders_184.txt,776,qiang_diren_nn_28_he_ma_ji
虚构,开局填充-领主,何,hd_fictional_holder_c_uuii_p_3057,,154.1.1,225.1.1,是,180-280,zhongqiang,mahayana,,,,,随机名单取名；允许随机特质,184 部族县平民持有者,zz_hd_fictional_county_holders_184.txt,790,qiang_diren_nn_29_he
虚构,开局填充-领主,赫古俄基,hd_fictional_holder_c_uuii_p_3058,,154.1.1,225.1.1,是,180-280,zhongqiang,mahayana,,,,,随机名单取名；允许随机特质,184 部族县平民持有者,zz_hd_fictional_county_holders_184.txt,804,qiang_diren_nn_30_he_gu_e_ji
虚构,开局填充-领主,衡,hd_fictional_holder_c_uuii_p_3061,,154.1.1,225.1.1,是,180-280,zhongqiang,mahayana,,,,,随机名单取名；允许随机特质,184 部族县平民持有者,zz_hd_fictional_county_holders_184.txt,818,qiang_diren_nn_31_heng
虚构,开局填充-领主,虎,hd_fictional_holder_c_uuii_p_3062,,154.1.1,225.1.1,是,180-280,shaodang,mahayana,,,,,随机名单取名；允许随机特质,184 部族县平民持有者,zz_hd_fictional_county_holders_184.txt,832,qiang_diren_nn_32_hu
虚构,开局填充-领主,勃勃,hd_fictional_holder_c_uuii_p_3089,,154.1.1,225.1.1,是,180-280,xianbei,xianbei_polytheism,,,,,随机名单取名；允许随机特质,184 部族县平民持有者,zz_hd_fictional_county_holders_184.txt,846,mongolic_xianbei_nn_1
虚构,开局填充-领主,满,hd_fictional_holder_c_uuii_p_3102,,154.1.1,225.1.1,是,180-280,banshun,guiwu,,,,,允许随机特质,184 部族县平民持有者,zz_hd_fictional_county_holders_184.txt,860,man
虚构,开局填充-领主,繄扈,hd_fictional_holder_c_uuii_p_3112,,154.1.1,225.1.1,是,180-280,wuling,guiwu,,,,,允许随机特质,184 部族县平民持有者,zz_hd_fictional_county_holders_184.txt,874,yihu
虚构,开局填充-领主,华基,hd_fictional_holder_c_uuii_p_3122,,154.1.1,225.1.1,是,180-280,diren,guiwu,,,,,随机名单取名；允许随机特质,184 部族县平民持有者,zz_hd_fictional_county_holders_184.txt,888,qiang_diren_nn_33_hua_ji
虚构,开局填充-领主,杰格基,hd_fictional_holder_c_uuii_p_3133,,154.1.1,225.1.1,是,180-280,diren,guiwu,,,,,随机名单取名；允许随机特质,184 部族县平民持有者,zz_hd_fictional_county_holders_184.txt,902,qiang_diren_nn_34_jie_ge_ji
虚构,开局填充-领主,克尔基,hd_fictional_holder_c_uuii_p_3134,,154.1.1,225.1.1,是,180-280,diren,guiwu,,,,,随机名单取名；允许随机特质,184 部族县平民持有者,zz_hd_fictional_county_holders_184.txt,916,qiang_diren_nn_35_ke_er_ji
虚构,开局填充-领主,库基,hd_fictional_holder_c_uuii_p_3136,,154.1.1,225.1.1,是,180-280,diren,guiwu,,,,,随机名单取名；允许随机特质,184 部族县平民持有者,zz_hd_fictional_county_holders_184.txt,930,qiang_diren_nn_36_ku_ji
虚构,开局填充-领主,拉基,hd_fictional_holder_c_uuii_p_3138,,154.1.1,225.1.1,是,180-280,diren,guiwu,,,,,随机名单取名；允许随机特质,184 部族县平民持有者,zz_hd_fictional_county_holders_184.txt,944,qiang_diren_nn_37_la_ji
虚构,开局填充-领主,郎卡,hd_fictional_holder_c_uuii_p_3141,,154.1.1,225.1.1,是,180-280,diren,guiwu,,,,,随机名单取名；允许随机特质,184 部族县平民持有者,zz_hd_fictional_county_holders_184.txt,958,qiang_diren_nn_38_lang_ka
虚构,开局填充-领主,囏,hd_fictional_holder_c_uuii_p_3144,,154.1.1,225.1.1,是,180-280,ranpang,guiwu,,,,,允许随机特质,184 部族县平民持有者,zz_hd_fictional_county_holders_184.txt,972,jian
虚构,开局填充-领主,辟方,hd_fictional_holder_c_uuii_p_3207,,154.1.1,225.1.1,是,180-280,banshun,guiwu,,,,,允许随机特质,184 部族县平民持有者,zz_hd_fictional_county_holders_184.txt,986,pifang
虚构,开局填充-领主,燮,hd_fictional_holder_c_uuii_p_3259,,154.1.1,225.1.1,是,180-280,qiongdu,guiwu,,,,,允许随机特质,184 部族县平民持有者,zz_hd_fictional_county_holders_184.txt,1000,xie
虚构,开局填充-领主,胡,hd_fictional_holder_c_uuii_p_3260,,154.1.1,225.1.1,是,180-280,qiongdu,guiwu,,,,,允许随机特质,184 部族县平民持有者,zz_hd_fictional_county_holders_184.txt,1014,hu
虚构,开局填充-领主,静,hd_fictional_holder_c_uuii_p_3284,,154.1.1,225.1.1,是,180-280,yizhou,mahayana,,,,,允许随机特质,184 部族县平民持有者,zz_hd_fictional_county_holders_184.txt,1028,jing
虚构,开局填充-领主,友,hd_fictional_holder_c_uuii_p_3314,,154.1.1,225.1.1,是,180-280,banshun,guiwu,,,,,允许随机特质,184 部族县平民持有者,zz_hd_fictional_county_holders_184.txt,1042,you
虚构,开局填充-领主,宫湦,hd_fictional_holder_c_uuii_p_3319,,154.1.1,225.1.1,是,180-280,banshun,guiwu,,,,,允许随机特质,184 部族县平民持有者,zz_hd_fictional_county_holders_184.txt,1056,gongsheng
虚构,开局填充-领主,博,hd_fictional_holder_c_uuii_p_3479,,154.1.1,225.1.1,是,180-280,xianbei,xianbei_polytheism,,,,,随机名单取名；允许随机特质,184 部族县平民持有者,zz_hd_fictional_county_holders_184.txt,1070,mongolic_xianbei_nn_2
虚构,开局填充-领主,阿不札,hd_fictional_holder_c_uuii_p_3480,,154.1.1,225.1.1,是,180-280,wuhuan,mahayana,,,,,随机名单取名；允许随机特质,184 部族县平民持有者,zz_hd_fictional_county_holders_184.txt,1084,mongolic_wuhuan_nn_4
虚构,开局填充-领主,步颓,hd_fictional_holder_c_uuii_p_3482,,154.1.1,225.1.1,是,180-280,xianbei,xianbei_polytheism,,,,,随机名单取名；允许随机特质,184 部族县平民持有者,zz_hd_fictional_county_holders_184.txt,1098,mongolic_xianbei_nn_3
虚构,开局填充-领主,阿古多,hd_fictional_holder_c_uuii_p_3484,,154.1.1,225.1.1,是,180-280,wuhuan,mahayana,,,,,随机名单取名；允许随机特质,184 部族县平民持有者,zz_hd_fictional_county_holders_184.txt,1112,mongolic_wuhuan_nn_5
虚构,开局填充-领主,绰,hd_fictional_holder_c_uuii_p_3492,,154.1.1,225.1.1,是,180-280,xianbei,xianbei_polytheism,,,,,随机名单取名；允许随机特质,184 部族县平民持有者,zz_hd_fictional_county_holders_184.txt,1126,mongolic_xianbei_nn_4
虚构,开局填充-领主,阿里懒,hd_fictional_holder_c_uuii_p_3498,,154.1.1,225.1.1,是,180-280,wuhuan,mahayana,,,,,随机名单取名；允许随机特质,184 部族县平民持有者,zz_hd_fictional_county_holders_184.txt,1140,mongolic_wuhuan_nn_6
虚构,开局填充-领主,阿琏,hd_fictional_holder_c_uuii_p_3501,,154.1.1,225.1.1,是,180-280,wuhuan,mahayana,,,,,随机名单取名；允许随机特质,184 部族县平民持有者,zz_hd_fictional_county_holders_184.txt,1154,mongolic_wuhuan_nn_7
虚构,开局填充-领主,阿撒里,hd_fictional_holder_c_uuii_p_3503,,154.1.1,225.1.1,是,180-280,wuhuan,mahayana,,,,,随机名单取名；允许随机特质,184 部族县平民持有者,zz_hd_fictional_county_holders_184.txt,1168,mongolic_wuhuan_nn_8
虚构,开局填充-领主,安端,hd_fictional_holder_c_uuii_p_3504,,154.1.1,225.1.1,是,180-280,wuhuan,mahayana,,,,,随机名单取名；允许随机特质,184 部族县平民持有者,zz_hd_fictional_county_holders_184.txt,1182,mongolic_wuhuan_nn_9
虚构,开局填充-领主,阿赫梅特,hd_fictional_holder_c_uuii_p_3579,,154.1.1,225.1.1,是,180-280,xiongnu,tengri_pagan,,,,,随机名单取名；允许随机特质,184 部族县平民持有者,zz_hd_fictional_county_holders_184.txt,1196,turkic_xiongnu_nn_4
虚构,开局填充-领主,良,hd_fictional_holder_c_uuii_p_3607,,154.1.1,225.1.1,是,180-280,diren,guiwu,,,,,随机名单取名；允许随机特质,184 部族县平民持有者,zz_hd_fictional_county_holders_184.txt,1210,qiang_diren_nn_39_liang
虚构,开局填充-领主,卢瓦诺日,hd_fictional_holder_c_uuii_p_3609,,154.1.1,225.1.1,是,180-280,diren,guiwu,,,,,随机名单取名；允许随机特质,184 部族县平民持有者,zz_hd_fictional_county_holders_184.txt,1224,qiang_diren_nn_40_lu_wa_nuo_ri
虚构,开局填充-领主,陆它尔,hd_fictional_holder_c_uuii_p_3615,,154.1.1,225.1.1,是,180-280,diren,guiwu,,,,,随机名单取名；允许随机特质,184 部族县平民持有者,zz_hd_fictional_county_holders_184.txt,1238,qiang_diren_nn_41_lu_ta_er
虚构,开局填充-领主,露佛基,hd_fictional_holder_c_uuii_p_3635,,154.1.1,225.1.1,是,180-280,diren,guiwu,,,,,随机名单取名；允许随机特质,184 部族县平民持有者,zz_hd_fictional_county_holders_184.txt,1252,qiang_diren_nn_42_lu_fo_ji
虚构,开局填充-领主,望,hd_fictional_holder_c_uuii_p_3637,,154.1.1,225.1.1,是,180-280,wuling,guiwu,,,,,允许随机特质,184 部族县平民持有者,zz_hd_fictional_county_holders_184.txt,1266,wang
虚构,开局填充-领主,宜臼,hd_fictional_holder_c_uuii_p_3642,,154.1.1,225.1.1,是,180-280,wuling,guiwu,,,,,允许随机特质,184 部族县平民持有者,zz_hd_fictional_county_holders_184.txt,1280,yijiu
虚构,开局填充-领主,伯服,hd_fictional_holder_c_uuii_p_3643,,154.1.1,225.1.1,是,180-280,wuling,guiwu,,,,,允许随机特质,184 部族县平民持有者,zz_hd_fictional_county_holders_184.txt,1294,bofu
虚构,开局填充-领主,尚父,hd_fictional_holder_c_uuii_p_3669,,154.1.1,225.1.1,是,180-280,wuling,guiwu,,,,,允许随机特质,184 部族县平民持有者,zz_hd_fictional_county_holders_184.txt,1308,shangfu
虚构,开局填充-领主,壬臣,hd_fictional_holder_c_uuii_p_3670,,154.1.1,225.1.1,是,180-280,wuling,guiwu,,,,,允许随机特质,184 部族县平民持有者,zz_hd_fictional_county_holders_184.txt,1322,renchen
虚构,开局填充-领主,辟疆,hd_fictional_holder_c_uuii_p_3688,,154.1.1,225.1.1,是,180-280,banshun,guiwu,,,,,允许随机特质,184 部族县平民持有者,zz_hd_fictional_county_holders_184.txt,1336,pijiang
虚构,开局填充-领主,无诡,hd_fictional_holder_c_uuii_p_3699,,154.1.1,225.1.1,是,180-280,banshun,guiwu,,,,,允许随机特质,184 部族县平民持有者,zz_hd_fictional_county_holders_184.txt,1350,wugui_personal_name
虚构,开局填充-领主,谦,hd_fictional_holder_c_uuii_p_3701,,154.1.1,225.1.1,是,180-280,banshun,guiwu,,,,,允许随机特质,184 部族县平民持有者,zz_hd_fictional_county_holders_184.txt,1364,qian
虚构,开局填充-领主,宁,hd_fictional_holder_c_uuii_p_3705,,154.1.1,225.1.1,是,180-280,ranpang,guiwu,,,,,允许随机特质,184 部族县平民持有者,zz_hd_fictional_county_holders_184.txt,1378,ning
虚构,开局填充-领主,林,hd_fictional_holder_c_uuii_p_3711,,154.1.1,225.1.1,是,180-280,ranpang,guiwu,,,,,允许随机特质,184 部族县平民持有者,zz_hd_fictional_county_holders_184.txt,1392,lin
虚构,开局填充-领主,匄,hd_fictional_holder_c_uuii_p_3713,,154.1.1,225.1.1,是,180-280,ranpang,guiwu,,,,,允许随机特质,184 部族县平民持有者,zz_hd_fictional_county_holders_184.txt,1406,gai
虚构,开局填充-领主,尚,hd_fictional_holder_c_uuii_p_3724,,154.1.1,225.1.1,是,180-280,ranpang,guiwu,,,,,允许随机特质,184 部族县平民持有者,zz_hd_fictional_county_holders_184.txt,1420,shang
虚构,开局填充-领主,伋,hd_fictional_holder_c_uuii_p_3738,,154.1.1,225.1.1,是,180-280,wuling,guiwu,,,,,允许随机特质,184 部族县平民持有者,zz_hd_fictional_county_holders_184.txt,1434,ji
虚构,开局填充-领主,得,hd_fictional_holder_c_uuii_p_3742,,154.1.1,225.1.1,是,180-280,wuling,guiwu,,,,,允许随机特质,184 部族县平民持有者,zz_hd_fictional_county_holders_184.txt,1448,de
虚构,开局填充-领主,慈母,hd_fictional_holder_c_uuii_p_3744,,154.1.1,225.1.1,是,180-280,wuling,guiwu,,,,,允许随机特质,184 部族县平民持有者,zz_hd_fictional_county_holders_184.txt,1462,cimu
虚构,开局填充-领主,敖卢斡,hd_fictional_holder_c_uuii_p_3761,,154.1.1,225.1.1,是,180-280,wuhuan,mahayana,,,,,随机名单取名；允许随机特质,184 部族县平民持有者,zz_hd_fictional_county_holders_184.txt,1476,mongolic_wuhuan_nn_10
虚构,开局填充-领主,巴图,hd_fictional_holder_c_uuii_p_3763,,154.1.1,225.1.1,是,180-280,wuhuan,mahayana,,,,,随机名单取名；允许随机特质,184 部族县平民持有者,zz_hd_fictional_county_holders_184.txt,1490,mongolic_wuhuan_nn_11
虚构,开局填充-领主,倍,hd_fictional_holder_c_uuii_p_3766,,154.1.1,225.1.1,是,180-280,wuhuan,mahayana,,,,,随机名单取名；允许随机特质,184 部族县平民持有者,zz_hd_fictional_county_holders_184.txt,1504,mongolic_wuhuan_nn_12
虚构,开局填充-领主,勃勒底,hd_fictional_holder_c_uuii_p_3771,,154.1.1,225.1.1,是,180-280,wuhuan,mahayana,,,,,随机名单取名；允许随机特质,184 部族县平民持有者,zz_hd_fictional_county_holders_184.txt,1518,mongolic_wuhuan_nn_13
虚构,开局填充-领主,成龙,hd_fictional_holder_c_uuii_p_3775,,154.1.1,225.1.1,是,180-280,xianbei,xianbei_polytheism,,,,,随机名单取名；允许随机特质,184 部族县平民持有者,zz_hd_fictional_county_holders_184.txt,1532,mongolic_xianbei_nn_5
虚构,开局填充-领主,查剌,hd_fictional_holder_c_uuii_p_3777,,154.1.1,225.1.1,是,180-280,wuhuan,mahayana,,,,,随机名单取名；允许随机特质,184 部族县平民持有者,zz_hd_fictional_county_holders_184.txt,1546,mongolic_wuhuan_nn_14
虚构,开局填充-领主,炽磐,hd_fictional_holder_c_uuii_p_3778,,154.1.1,225.1.1,是,180-280,xianbei,xianbei_polytheism,,,,,随机名单取名；允许随机特质,184 部族县平民持有者,zz_hd_fictional_county_holders_184.txt,1560,mongolic_xianbei_nn_6
虚构,开局填充-领主,抄里只,hd_fictional_holder_c_uuii_p_3787,,154.1.1,225.1.1,是,180-280,wuhuan,mahayana,,,,,随机名单取名；允许随机特质,184 部族县平民持有者,zz_hd_fictional_county_holders_184.txt,1574,mongolic_wuhuan_nn_15
虚构,开局填充-领主,臣氐,hd_fictional_holder_c_uuii_p_3789,,154.1.1,225.1.1,是,180-280,wuhuan,mahayana,,,,,随机名单取名；允许随机特质,184 部族县平民持有者,zz_hd_fictional_county_holders_184.txt,1588,mongolic_wuhuan_nn_16
虚构,开局填充-领主,赤狗儿,hd_fictional_holder_c_uuii_p_3795,,154.1.1,225.1.1,是,180-280,wuhuan,mahayana,,,,,随机名单取名；允许随机特质,184 部族县平民持有者,zz_hd_fictional_county_holders_184.txt,1602,mongolic_wuhuan_nn_17
虚构,开局填充-领主,垂,hd_fictional_holder_c_uuii_p_3801,,154.1.1,225.1.1,是,180-280,xianbei,xianbei_polytheism,,,,,随机名单取名；允许随机特质,184 部族县平民持有者,zz_hd_fictional_county_holders_184.txt,1616,mongolic_xianbei_nn_7
虚构,开局填充-领主,贷,hd_fictional_holder_c_uuii_p_3803,,154.1.1,225.1.1,是,180-280,xianbei,xianbei_polytheism,,,,,随机名单取名；允许随机特质,184 部族县平民持有者,zz_hd_fictional_county_holders_184.txt,1630,mongolic_xianbei_nn_8
虚构,开局填充-领主,赤里巴,hd_fictional_holder_c_uuii_p_3806,,154.1.1,225.1.1,是,180-280,wuhuan,mahayana,,,,,随机名单取名；允许随机特质,184 部族县平民持有者,zz_hd_fictional_county_holders_184.txt,1644,mongolic_wuhuan_nn_18
虚构,开局填充-领主,德,hd_fictional_holder_c_uuii_p_3809,,154.1.1,225.1.1,是,180-280,xianbei,xianbei_polytheism,,,,,随机名单取名；允许随机特质,184 部族县平民持有者,zz_hd_fictional_county_holders_184.txt,1658,mongolic_xianbei_nn_9
虚构,开局填充-领主,赤里奴,hd_fictional_holder_c_uuii_p_3813,,154.1.1,225.1.1,是,180-280,wuhuan,mahayana,,,,,随机名单取名；允许随机特质,184 部族县平民持有者,zz_hd_fictional_county_holders_184.txt,1672,mongolic_wuhuan_nn_19
虚构,开局填充-领主,雏保,hd_fictional_holder_c_uuii_p_3819,,154.1.1,225.1.1,是,180-280,wuhuan,mahayana,,,,,随机名单取名；允许随机特质,184 部族县平民持有者,zz_hd_fictional_county_holders_184.txt,1686,mongolic_wuhuan_nn_20
虚构,开局填充-领主,啜里只,hd_fictional_holder_c_uuii_p_3826,,154.1.1,225.1.1,是,180-280,wuhuan,mahayana,,,,,随机名单取名；允许随机特质,184 部族县平民持有者,zz_hd_fictional_county_holders_184.txt,1700,mongolic_wuhuan_nn_21
虚构,开局填充-领主,佛辅,hd_fictional_holder_c_uuii_p_3827,,154.1.1,225.1.1,是,180-280,xianbei,xianbei_polytheism,,,,,随机名单取名；允许随机特质,184 部族县平民持有者,zz_hd_fictional_county_holders_184.txt,1714,mongolic_xianbei_nn_10
虚构,开局填充-领主,弗,hd_fictional_holder_c_uuii_p_3828,,154.1.1,225.1.1,是,180-280,xianbei,xianbei_polytheism,,,,,随机名单取名；允许随机特质,184 部族县平民持有者,zz_hd_fictional_county_holders_184.txt,1728,mongolic_xianbei_nn_11
虚构,开局填充-领主,复辰,hd_fictional_holder_c_uuii_p_3830,,154.1.1,225.1.1,是,180-280,xianbei,xianbei_polytheism,,,,,随机名单取名；允许随机特质,184 部族县平民持有者,zz_hd_fictional_county_holders_184.txt,1742,mongolic_xianbei_nn_12
虚构,开局填充-领主,盖,hd_fictional_holder_c_uuii_p_3837,,154.1.1,225.1.1,是,180-280,xianbei,xianbei_polytheism,,,,,随机名单取名；允许随机特质,184 部族县平民持有者,zz_hd_fictional_county_holders_184.txt,1756,mongolic_xianbei_nn_13
虚构,开局填充-领主,不辰,hd_fictional_holder_c_uuii_p_4401,,154.1.1,225.1.1,是,180-280,banshun,guiwu,,,,,允许随机特质,184 部族县平民持有者,zz_hd_fictional_county_holders_184.txt,1770,buchen
虚构,开局填充-领主, 掸 ,hd_fictional_holder_c_uuii_p_4440,,154.1.1,225.1.1,是,180-280,banshun,guiwu,,,,,允许随机特质,184 部族县平民持有者,zz_hd_fictional_county_holders_184.txt,1784,shan
虚构,开局填充-领主,阿克松括尔,hd_fictional_holder_c_uuii_p_4722,,154.1.1,225.1.1,是,180-280,xiongnu,tengri_pagan,,,,,随机名单取名；允许随机特质,184 部族县平民持有者,zz_hd_fictional_county_holders_184.txt,1798,turkic_xiongnu_nn_5
虚构,开局填充-领主,寿,hd_fictional_holder_c_uuii_p_4751,,154.1.1,225.1.1,是,180-280,kunming,wugui,,,,,允许随机特质,184 部族县平民持有者,zz_hd_fictional_county_holders_184.txt,1812,shou
虚构,开局填充-领主,无忌,hd_fictional_holder_c_uuii_p_4755,,154.1.1,225.1.1,是,180-280,luoyue,baiyuefanlin,,,,,允许随机特质,184 部族县平民持有者,zz_hd_fictional_county_holders_184.txt,1826,wuji
虚构,开局填充-领主,赤,hd_fictional_holder_c_uuii_p_4756,,154.1.1,225.1.1,是,180-280,zhuyai,baiyuefanlin,,,,,允许随机特质,184 部族县平民持有者,zz_hd_fictional_county_holders_184.txt,1840,chi
虚构,开局填充-领主,脱,hd_fictional_holder_c_uuii_p_4777,,154.1.1,225.1.1,是,180-280,wuhu,baiyuefanlin,,,,,允许随机特质,184 部族县平民持有者,zz_hd_fictional_county_holders_184.txt,1854,tuo
虚构,开局填充-领主,购,hd_fictional_holder_c_uuii_p_4787,,154.1.1,225.1.1,是,180-280,yelang,wugui,,,,,允许随机特质,184 部族县平民持有者,zz_hd_fictional_county_holders_184.txt,1868,gou
虚构,开局填充-领主,宝,hd_fictional_holder_c_uuii_p_4788,,154.1.1,225.1.1,是,180-280,nanman,guiwu,,,,,随机名单取名；允许随机特质,184 部族县平民持有者,zz_hd_fictional_county_holders_184.txt,1882,hmongic_nanman_nn_1
虚构,开局填充-领主,禄甫,hd_fictional_holder_c_uuii_p_4790,,154.1.1,225.1.1,是,180-280,shanyue,baiyuefanlin,,,,,允许随机特质,184 部族县平民持有者,zz_hd_fictional_county_holders_184.txt,1896,lufu
虚构,开局填充-领主,得臣,hd_fictional_holder_c_uuii_p_4791,,154.1.1,225.1.1,是,180-280,shanyue,baiyuefanlin,,,,,允许随机特质,184 部族县平民持有者,zz_hd_fictional_county_holders_184.txt,1910,dechen
虚构,开局填充-领主,年,hd_fictional_holder_c_uuii_p_4793,,154.1.1,225.1.1,是,180-280,yangzhou,mahayana,,,,,允许随机特质,184 部族县平民持有者,zz_hd_fictional_county_holders_184.txt,1924,nian
虚构,开局填充-领主,禽,hd_fictional_holder_c_uuii_p_4803,,154.1.1,225.1.1,是,180-280,shanyue,baiyuefanlin,,,,,允许随机特质,184 部族县平民持有者,zz_hd_fictional_county_holders_184.txt,1938,boqing
虚构,开局填充-领主,酋,hd_fictional_holder_c_uuii_p_4806,,154.1.1,225.1.1,是,180-280,yangzhou,mahayana,,,,,允许随机特质,184 部族县平民持有者,zz_hd_fictional_county_holders_184.txt,1952,qiu
虚构,开局填充-领主,熙,hd_fictional_holder_c_uuii_p_4812,,154.1.1,225.1.1,是,180-280,shanyue,baiyuefanlin,,,,,允许随机特质,184 部族县平民持有者,zz_hd_fictional_county_holders_184.txt,1966,xi
虚构,开局填充-领主,宰,hd_fictional_holder_c_uuii_p_4813,,154.1.1,225.1.1,是,180-280,shanyue,baiyuefanlin,,,,,允许随机特质,184 部族县平民持有者,zz_hd_fictional_county_holders_184.txt,1980,zai
虚构,开局填充-领主,沸,hd_fictional_holder_c_uuii_p_4820,,154.1.1,225.1.1,是,180-280,shanyue,baiyuefanlin,,,,,允许随机特质,184 部族县平民持有者,zz_hd_fictional_county_holders_184.txt,1994,fei
虚构,开局填充-领主,擢,hd_fictional_holder_c_uuii_p_4823,,154.1.1,225.1.1,是,180-280,shanyue,baiyuefanlin,,,,,允许随机特质,184 部族县平民持有者,zz_hd_fictional_county_holders_184.txt,2008,zhuo
虚构,开局填充-领主,具,hd_fictional_holder_c_uuii_p_4838,,154.1.1,225.1.1,是,180-280,yangzhou,mahayana,,,,,允许随机特质,184 部族县平民持有者,zz_hd_fictional_county_holders_184.txt,2022,ju
虚构,开局填充-领主,濞,hd_fictional_holder_c_uuii_p_4843,,154.1.1,225.1.1,是,180-280,shanyue,baiyuefanlin,,,,,允许随机特质,184 部族县平民持有者,zz_hd_fictional_county_holders_184.txt,2036,bi
虚构,开局填充-领主,敖,hd_fictional_holder_c_uuii_p_4846,,154.1.1,225.1.1,是,180-280,yangzhou,mahayana,,,,,允许随机特质,184 部族县平民持有者,zz_hd_fictional_county_holders_184.txt,2050,ao
虚构,开局填充-领主,括,hd_fictional_holder_c_uuii_p_4863,,154.1.1,225.1.1,是,180-280,shanyue,baiyuefanlin,,,,,允许随机特质,184 部族县平民持有者,zz_hd_fictional_county_holders_184.txt,2064,tuo1
虚构,开局填充-领主,伯御,hd_fictional_holder_c_uuii_p_4865,,154.1.1,225.1.1,是,180-280,shanyue,baiyuefanlin,,,,,允许随机特质,184 部族县平民持有者,zz_hd_fictional_county_holders_184.txt,2078,boyu
虚构,开局填充-领主,戏,hd_fictional_holder_c_uuii_p_4870,,154.1.1,225.1.1,是,180-280,nanyue,baiyuefanlin,,,,,允许随机特质,184 部族县平民持有者,zz_hd_fictional_county_holders_184.txt,2092,xi1
虚构,开局填充-领主,称,hd_fictional_holder_c_uuii_p_4874,,154.1.1,225.1.1,是,180-280,shanyue,baiyuefanlin,,,,,允许随机特质,184 部族县平民持有者,zz_hd_fictional_county_holders_184.txt,2106,chen
虚构,开局填充-领主,弗湟,hd_fictional_holder_c_uuii_p_4875,,154.1.1,225.1.1,是,180-280,yangzhou,mahayana,,,,,允许随机特质,184 部族县平民持有者,zz_hd_fictional_county_holders_184.txt,2120,fuhuang
虚构,开局填充-领主,息姑,hd_fictional_holder_c_uuii_p_4876,,154.1.1,225.1.1,是,180-280,shanyue,baiyuefanlin,,,,,允许随机特质,184 部族县平民持有者,zz_hd_fictional_county_holders_184.txt,2134,xigu
虚构,开局填充-领主,允,hd_fictional_holder_c_uuii_p_4882,,154.1.1,225.1.1,是,180-280,nanyue,baiyuefanlin,,,,,允许随机特质,184 部族县平民持有者,zz_hd_fictional_county_holders_184.txt,2148,yun
虚构,开局填充-领主,尾,hd_fictional_holder_c_uuii_p_4887,,154.1.1,225.1.1,是,180-280,nanyue,baiyuefanlin,,,,,允许随机特质,184 部族县平民持有者,zz_hd_fictional_county_holders_184.txt,2162,wei
虚构,开局填充-领主,轨,hd_fictional_holder_c_uuii_p_4888,,154.1.1,225.1.1,是,180-280,yangzhou,mahayana,,,,,允许随机特质,184 部族县平民持有者,zz_hd_fictional_county_holders_184.txt,2176,gui
虚构,开局填充-领主,巩,hd_fictional_holder_c_uuii_p_4891,,154.1.1,225.1.1,是,180-280,nanyue,baiyuefanlin,,,,,允许随机特质,184 部族县平民持有者,zz_hd_fictional_county_holders_184.txt,2190,gong
虚构,开局填充-领主,恶,hd_fictional_holder_c_uuii_p_4896,,154.1.1,225.1.1,是,180-280,nanyue,baiyuefanlin,,,,,允许随机特质,184 部族县平民持有者,zz_hd_fictional_county_holders_184.txt,2204,e
虚构,开局填充-领主,何忌,hd_fictional_holder_c_uuii_p_4898,,154.1.1,225.1.1,是,180-280,nanyue,baiyuefanlin,,,,,允许随机特质,184 部族县平民持有者,zz_hd_fictional_county_holders_184.txt,2218,heji
虚构,开局填充-领主,行父,hd_fictional_holder_c_uuii_p_4899,,154.1.1,225.1.1,是,180-280,nanyue,baiyuefanlin,,,,,允许随机特质,184 部族县平民持有者,zz_hd_fictional_county_holders_184.txt,2232,xingfu
虚构,开局填充-领主,仲子,hd_fictional_holder_c_uuii_p_4912,,154.1.1,225.1.1,是,180-280,nanyue,baiyuefanlin,,,,,允许随机特质,184 部族县平民持有者,zz_hd_fictional_county_holders_184.txt,2246,zhongzi
虚构,开局填充-领主,季,hd_fictional_holder_c_uuii_p_4917,,154.1.1,225.1.1,是,180-280,nanyue,baiyuefanlin,,,,,允许随机特质,184 部族县平民持有者,zz_hd_fictional_county_holders_184.txt,2260,ji1
虚构,开局填充-领主,彄,hd_fictional_holder_c_uuii_p_4922,,154.1.1,225.1.1,是,180-280,nanyue,baiyuefanlin,,,,,允许随机特质,184 部族县平民持有者,zz_hd_fictional_county_holders_184.txt,2274,kou
虚构,开局填充-领主,达,hd_fictional_holder_c_uuii_p_4948,,154.1.1,225.1.1,是,180-280,shanyue,baiyuefanlin,,,,,允许随机特质,184 部族县平民持有者,zz_hd_fictional_county_holders_184.txt,2288,da
虚构,开局填充-领主,湫,hd_fictional_holder_c_uuii_p_4953,,154.1.1,225.1.1,是,180-280,shanyue,baiyuefanlin,,,,,允许随机特质,184 部族县平民持有者,zz_hd_fictional_county_holders_184.txt,2302,qiu1
虚构,开局填充-领主,纠,hd_fictional_holder_c_uuii_p_4954,,154.1.1,225.1.1,是,180-280,shanyue,baiyuefanlin,,,,,允许随机特质,184 部族县平民持有者,zz_hd_fictional_county_holders_184.txt,2316,jiu
虚构,开局填充-领主,高,hd_fictional_holder_c_uuii_p_4957,,154.1.1,225.1.1,是,180-280,shanyue,baiyuefanlin,,,,,允许随机特质,184 部族县平民持有者,zz_hd_fictional_county_holders_184.txt,2330,gao
虚构,开局填充-领主,癸受,hd_fictional_holder_c_uuii_p_5005,,154.1.1,225.1.1,是,180-280,wuling,guiwu,,,,,允许随机特质,184 部族县平民持有者,zz_hd_fictional_county_holders_184.txt,2344,guishou
虚构,开局填充-领主,傒,hd_fictional_holder_c_uuii_p_5010,,154.1.1,225.1.1,是,180-280,wuling,guiwu,,,,,允许随机特质,184 部族县平民持有者,zz_hd_fictional_county_holders_184.txt,2358,xi2
虚构,开局填充-领主,虎,hd_fictional_holder_c_uuii_p_5031,,154.1.1,225.1.1,是,180-280,wuling,guiwu,,,,,允许随机特质,184 部族县平民持有者,zz_hd_fictional_county_holders_184.txt,2372,hu1
虚构,开局填充-领主,冲,hd_fictional_holder_c_uuii_p_5032,,154.1.1,225.1.1,是,180-280,wuling,guiwu,,,,,允许随机特质,184 部族县平民持有者,zz_hd_fictional_county_holders_184.txt,2386,chong
虚构,开局填充-领主,乞陶,hd_fictional_holder_c_uuii_p_5036,,154.1.1,225.1.1,是,180-280,wuling,guiwu,,,,,允许随机特质,184 部族县平民持有者,zz_hd_fictional_county_holders_184.txt,2400,qitao
虚构,开局填充-领主,完,hd_fictional_holder_c_uuii_p_5037,,154.1.1,225.1.1,是,180-280,shanyue,baiyuefanlin,,,,,允许随机特质,184 部族县平民持有者,zz_hd_fictional_county_holders_184.txt,2414,wan
虚构,开局填充-领主,无亏,hd_fictional_holder_c_uuii_p_5039,,154.1.1,225.1.1,是,180-280,shanyue,baiyuefanlin,,,,,允许随机特质,184 部族县平民持有者,zz_hd_fictional_county_holders_184.txt,2428,wukui
虚构,开局填充-领主,郝,hd_fictional_holder_c_uuii_p_5058,,154.1.1,225.1.1,是,180-280,shanyue,baiyuefanlin,,,,,允许随机特质,184 部族县平民持有者,zz_hd_fictional_county_holders_184.txt,2442,hao
虚构,开局填充-领主,共,hd_fictional_holder_c_uuii_p_5063,,154.1.1,225.1.1,是,180-280,shanyue,baiyuefanlin,,,,,允许随机特质,184 部族县平民持有者,zz_hd_fictional_county_holders_184.txt,2456,gong1
虚构,开局填充-领主,款,hd_fictional_holder_c_uuii_p_5067,,154.1.1,225.1.1,是,180-280,shanyue,baiyuefanlin,,,,,允许随机特质,184 部族县平民持有者,zz_hd_fictional_county_holders_184.txt,2470,kuan
虚构,开局填充-领主,户,hd_fictional_holder_c_uuii_p_5072,,154.1.1,225.1.1,是,180-280,shanyue,baiyuefanlin,,,,,允许随机特质,184 部族县平民持有者,zz_hd_fictional_county_holders_184.txt,2484,hu2
虚构,开局填充-领主,穆伯,hd_fictional_holder_c_uuii_p_5076,,154.1.1,225.1.1,是,180-280,shanyue,baiyuefanlin,,,,,允许随机特质,184 部族县平民持有者,zz_hd_fictional_county_holders_184.txt,2498,mubo
虚构,开局填充-领主,沃,hd_fictional_holder_c_uuii_p_5102,,154.1.1,225.1.1,是,180-280,nanyue,baiyuefanlin,,,,,允许随机特质,184 部族县平民持有者,zz_hd_fictional_county_holders_184.txt,2512,wo
虚构,开局填充-领主,濊,hd_fictional_holder_c_uuii_p_5119,,154.1.1,225.1.1,是,180-280,wuhu,baiyuefanlin,,,,,允许随机特质,184 部族县平民持有者,zz_hd_fictional_county_holders_184.txt,2526,ye
虚构,开局填充-领主,寻,hd_fictional_holder_c_uuii_p_5122,,154.1.1,225.1.1,是,180-280,wuhu,baiyuefanlin,,,,,允许随机特质,184 部族县平民持有者,zz_hd_fictional_county_holders_184.txt,2540,xun
虚构,开局填充-领主,连,hd_fictional_holder_c_uuii_p_5127,,154.1.1,225.1.1,是,180-280,nanyue,baiyuefanlin,,,,,允许随机特质,184 部族县平民持有者,zz_hd_fictional_county_holders_184.txt,2554,lian
虚构,开局填充-领主,促,hd_fictional_holder_c_uuii_p_5131,,154.1.1,225.1.1,是,180-280,nanyue,baiyuefanlin,,,,,允许随机特质,184 部族县平民持有者,zz_hd_fictional_county_holders_184.txt,2568,cu
虚构,开局填充-领主,萧,hd_fictional_holder_c_uuii_p_5133,,154.1.1,225.1.1,是,180-280,wuhu,baiyuefanlin,,,,,允许随机特质,184 部族县平民持有者,zz_hd_fictional_county_holders_184.txt,2582,xiao
虚构,开局填充-领主,陵,hd_fictional_holder_c_uuii_p_5136,,154.1.1,225.1.1,是,180-280,nanyue,baiyuefanlin,,,,,允许随机特质,184 部族县平民持有者,zz_hd_fictional_county_holders_184.txt,2596,ling
虚构,开局填充-领主,平,hd_fictional_holder_c_uuii_p_5149,,154.1.1,225.1.1,是,180-280,nanyue,baiyuefanlin,,,,,允许随机特质,184 部族县平民持有者,zz_hd_fictional_county_holders_184.txt,2610,ping
虚构,开局填充-领主,览,hd_fictional_holder_c_uuii_p_5152,,154.1.1,225.1.1,是,180-280,nanyue,baiyuefanlin,,,,,允许随机特质,184 部族县平民持有者,zz_hd_fictional_county_holders_184.txt,2624,lan
虚构,开局填充-领主,密,hd_fictional_holder_c_uuii_p_5153,,154.1.1,225.1.1,是,180-280,nanyue,baiyuefanlin,,,,,允许随机特质,184 部族县平民持有者,zz_hd_fictional_county_holders_184.txt,2638,mi
虚构,开局填充-领主,阆,hd_fictional_holder_c_uuii_p_5154,,154.1.1,225.1.1,是,180-280,nanyue,baiyuefanlin,,,,,允许随机特质,184 部族县平民持有者,zz_hd_fictional_county_holders_184.txt,2652,lang
虚构,开局填充-领主,扁,hd_fictional_holder_c_uuii_p_5178,,154.1.1,225.1.1,是,180-280,luoyue,baiyuefanlin,,,,,允许随机特质,184 部族县平民持有者,zz_hd_fictional_county_holders_184.txt,2666,bian
虚构,开局填充-领主,若山,hd_fictional_holder_c_uuii_p_5193,,154.1.1,225.1.1,是,180-280,zhuyai,baiyuefanlin,,,,,允许随机特质,184 部族县平民持有者,zz_hd_fictional_county_holders_184.txt,2680,ruoshan
虚构,开局填充-领主,丹,hd_fictional_holder_c_uuii_p_5194,,154.1.1,225.1.1,是,180-280,daner,baiyuefanlin,,,,,允许随机特质,184 部族县平民持有者,zz_hd_fictional_county_holders_184.txt,2694,dan2
虚构,开局填充-领主,贾,hd_fictional_holder_c_uuii_p_5195,,154.1.1,225.1.1,是,180-280,zhuyai,baiyuefanlin,,,,,允许随机特质,184 部族县平民持有者,zz_hd_fictional_county_holders_184.txt,2708,jia
虚构,开局填充-领主,黑肱,hd_fictional_holder_c_uuii_p_5196,,154.1.1,225.1.1,是,180-280,zhuyai,baiyuefanlin,,,,,允许随机特质,184 部族县平民持有者,zz_hd_fictional_county_holders_184.txt,2722,heigong
虚构,开局填充-领主,同,hd_fictional_holder_c_uuii_p_5217,,154.1.1,225.1.1,是,180-280,zhuyai,baiyuefanlin,,,,,允许随机特质,184 部族县平民持有者,zz_hd_fictional_county_holders_184.txt,2736,tong
虚构,开局填充-领主,子斑,hd_fictional_holder_c_uuii_p_5248,,154.1.1,225.1.1,是,180-280,wuhu,baiyuefanlin,,,,,允许随机特质,184 部族县平民持有者,zz_hd_fictional_county_holders_184.txt,2750,zibang
虚构,开局填充-领主,历,hd_fictional_holder_c_uuii_p_5254,,154.1.1,225.1.1,是,180-280,wuhu,baiyuefanlin,,,,,允许随机特质,184 部族县平民持有者,zz_hd_fictional_county_holders_184.txt,2764,li
虚构,开局填充-领主,申,hd_fictional_holder_c_uuii_p_5255,,154.1.1,225.1.1,是,180-280,wuhu,baiyuefanlin,,,,,允许随机特质,184 部族县平民持有者,zz_hd_fictional_county_holders_184.txt,2778,shen
虚构,开局填充-领主,兴,hd_fictional_holder_c_uuii_p_5257,,154.1.1,225.1.1,是,180-280,wuhu,baiyuefanlin,,,,,允许随机特质,184 部族县平民持有者,zz_hd_fictional_county_holders_184.txt,2792,xing
虚构,开局填充-领主,俀,hd_fictional_holder_c_uuii_p_5263,,154.1.1,225.1.1,是,180-280,wuhu,baiyuefanlin,,,,,允许随机特质,184 部族县平民持有者,zz_hd_fictional_county_holders_184.txt,2806,tui
虚构,开局填充-领主,午,hd_fictional_holder_c_uuii_p_5265,,154.1.1,225.1.1,是,180-280,wuhu,baiyuefanlin,,,,,允许随机特质,184 部族县平民持有者,zz_hd_fictional_county_holders_184.txt,2820,wu1
虚构,开局填充-领主,稠,hd_fictional_holder_c_uuii_p_5270,,154.1.1,225.1.1,是,180-280,wuhu,baiyuefanlin,,,,,允许随机特质,184 部族县平民持有者,zz_hd_fictional_county_holders_184.txt,2834,chou
虚构,开局填充-领主,宋,hd_fictional_holder_c_uuii_p_5276,,154.1.1,225.1.1,是,180-280,wuhu,baiyuefanlin,,,,,允许随机特质,184 部族县平民持有者,zz_hd_fictional_county_holders_184.txt,2848,song1
虚构,开局填充-领主,将,hd_fictional_holder_c_uuii_p_5283,,154.1.1,225.1.1,是,180-280,luoyue,baiyuefanlin,,,,,允许随机特质,184 部族县平民持有者,zz_hd_fictional_county_holders_184.txt,2862,jiang
虚构,开局填充-领主,嘉,hd_fictional_holder_c_uuii_p_5287,,154.1.1,225.1.1,是,180-280,luoyue,baiyuefanlin,,,,,允许随机特质,184 部族县平民持有者,zz_hd_fictional_county_holders_184.txt,2876,jia1
虚构,开局填充-领主,豹,hd_fictional_holder_c_uuii_p_5290,,154.1.1,225.1.1,是,180-280,nanman,guiwu,,,,,随机名单取名；允许随机特质,184 部族县平民持有者,zz_hd_fictional_county_holders_184.txt,2890,hmongic_nanman_nn_2
虚构,开局填充-领主,显,hd_fictional_holder_c_uuii_p_5291,,154.1.1,225.1.1,是,180-280,yelang,wugui,,,,,允许随机特质,184 部族县平民持有者,zz_hd_fictional_county_holders_184.txt,2904,xian1
虚构,开局填充-领主,彬,hd_fictional_holder_c_uuii_p_5294,,154.1.1,225.1.1,是,180-280,nanman,guiwu,,,,,随机名单取名；允许随机特质,184 部族县平民持有者,zz_hd_fictional_county_holders_184.txt,2918,hmongic_nanman_nn_3
虚构,开局填充-领主,奋,hd_fictional_holder_c_uuii_p_5295,,154.1.1,225.1.1,是,180-280,yelang,wugui,,,,,允许随机特质,184 部族县平民持有者,zz_hd_fictional_county_holders_184.txt,2932,fen
虚构,开局填充-领主,屯,hd_fictional_holder_c_uuii_p_5297,,154.1.1,225.1.1,是,180-280,yelang,wugui,,,,,允许随机特质,184 部族县平民持有者,zz_hd_fictional_county_holders_184.txt,2946,tun
虚构,开局填充-领主,匽,hd_fictional_holder_c_uuii_p_5299,,154.1.1,225.1.1,是,180-280,yelang,wugui,,,,,允许随机特质,184 部族县平民持有者,zz_hd_fictional_county_holders_184.txt,2960,yan1
虚构,开局填充-领主,蜀,hd_fictional_holder_c_uuii_p_5302,,154.1.1,225.1.1,是,180-280,wuhu,baiyuefanlin,,,,,允许随机特质,184 部族县平民持有者,zz_hd_fictional_county_holders_184.txt,2974,shu
虚构,开局填充-领主,仇,hd_fictional_holder_c_uuii_p_5313,,154.1.1,225.1.1,是,180-280,dian,wugui,,,,,允许随机特质,184 部族县平民持有者,zz_hd_fictional_county_holders_184.txt,2988,chou1
虚构,开局填充-领主,兵,hd_fictional_holder_c_uuii_p_5314,,154.1.1,225.1.1,是,180-280,nanman,guiwu,,,,,随机名单取名；允许随机特质,184 部族县平民持有者,zz_hd_fictional_county_holders_184.txt,3002,hmongic_nanman_nn_4
虚构,开局填充-领主,辰,hd_fictional_holder_c_uuii_p_5319,,154.1.1,225.1.1,是,180-280,wuhu,baiyuefanlin,,,,,允许随机特质,184 部族县平民持有者,zz_hd_fictional_county_holders_184.txt,3016,chen1
虚构,开局填充-领主,宿,hd_fictional_holder_c_uuii_p_5322,,154.1.1,225.1.1,是,180-280,dian,wugui,,,,,允许随机特质,184 部族县平民持有者,zz_hd_fictional_county_holders_184.txt,3030,su
虚构,开局填充-领主,沧海,hd_fictional_holder_c_uuii_p_5323,,154.1.1,225.1.1,是,180-280,nanman,guiwu,,,,,随机名单取名；允许随机特质,184 部族县平民持有者,zz_hd_fictional_county_holders_184.txt,3044,hmongic_nanman_nn_5
虚构,开局填充-领主,意如,hd_fictional_holder_c_uuii_p_5328,,154.1.1,225.1.1,是,180-280,dian,wugui,,,,,允许随机特质,184 部族县平民持有者,zz_hd_fictional_county_holders_184.txt,3058,yiru
虚构,开局填充-领主,般,hd_fictional_holder_c_uuii_p_5329,,154.1.1,225.1.1,是,180-280,dian,wugui,,,,,允许随机特质,184 部族县平民持有者,zz_hd_fictional_county_holders_184.txt,3072,bang
虚构,开局填充-领主,沫,hd_fictional_holder_c_uuii_p_5330,,154.1.1,225.1.1,是,180-280,dian,wugui,,,,,允许随机特质,184 部族县平民持有者,zz_hd_fictional_county_holders_184.txt,3086,mo
虚构,开局填充-领主,沧浪,hd_fictional_holder_c_uuii_p_5332,,154.1.1,225.1.1,是,180-280,nanman,guiwu,,,,,随机名单取名；允许随机特质,184 部族县平民持有者,zz_hd_fictional_county_holders_184.txt,3100,hmongic_nanman_nn_6
虚构,开局填充-领主,翟,hd_fictional_holder_c_uuii_p_5333,,154.1.1,225.1.1,是,180-280,kunming,wugui,,,,,允许随机特质,184 部族县平民持有者,zz_hd_fictional_county_holders_184.txt,3114,di
虚构,开局填充-领主,丘,hd_fictional_holder_c_uuii_p_5336,,154.1.1,225.1.1,是,180-280,kunming,wugui,,,,,允许随机特质,184 部族县平民持有者,zz_hd_fictional_county_holders_184.txt,3128,qiu2
虚构,开局填充-领主,获,hd_fictional_holder_c_uuii_p_5340,,154.1.1,225.1.1,是,180-280,yelang,wugui,,,,,允许随机特质,184 部族县平民持有者,zz_hd_fictional_county_holders_184.txt,3142,huo
虚构,开局填充-领主,昌辉,hd_fictional_holder_c_uuii_p_5347,,154.1.1,225.1.1,是,180-280,nanman,guiwu,,,,,随机名单取名；允许随机特质,184 部族县平民持有者,zz_hd_fictional_county_holders_184.txt,3156,hmongic_nanman_nn_7
虚构,开局填充-领主,明,hd_fictional_holder_c_uuii_p_5364,,154.1.1,225.1.1,是,180-280,yelang,wugui,,,,,允许随机特质,184 部族县平民持有者,zz_hd_fictional_county_holders_184.txt,3170,ming
虚构,开局填充-领主,传,hd_fictional_holder_c_uuii_p_5372,,154.1.1,225.1.1,是,180-280,nanman,guiwu,,,,,随机名单取名；允许随机特质,184 部族县平民持有者,zz_hd_fictional_county_holders_184.txt,3184,hmongic_nanman_nn_8
虚构,开局填充-领主,诸儿,hd_fictional_holder_c_uuii_p_5380,,154.1.1,225.1.1,是,180-280,dian,wugui,,,,,允许随机特质,184 部族县平民持有者,zz_hd_fictional_county_holders_184.txt,3198,zhuer
虚构,开局填充-领主,无知,hd_fictional_holder_c_uuii_p_5381,,154.1.1,225.1.1,是,180-280,zuodu,wugui,,,,,允许随机特质,184 部族县平民持有者,zz_hd_fictional_county_holders_184.txt,3212,wuzhi
虚构,开局填充-领主,小白,hd_fictional_holder_c_uuii_p_5395,,154.1.1,225.1.1,是,180-280,shanyue,baiyuefanlin,,,,,允许随机特质,184 部族县平民持有者,zz_hd_fictional_county_holders_184.txt,3226,xiaobai
虚构,开局填充-领主,昭,hd_fictional_holder_c_uuii_p_5419,,154.1.1,225.1.1,是,180-280,yangzhou,mahayana,,,,,允许随机特质,184 部族县平民持有者,zz_hd_fictional_county_holders_184.txt,3240,zhao1
虚构,开局填充-领主,潘,hd_fictional_holder_c_uuii_p_5432,,154.1.1,225.1.1,是,180-280,shanyue,baiyuefanlin,,,,,允许随机特质,184 部族县平民持有者,zz_hd_fictional_county_holders_184.txt,3254,pang
虚构,开局填充-领主,舍,hd_fictional_holder_c_uuii_p_5436,,154.1.1,225.1.1,是,180-280,wuling,guiwu,,,,,允许随机特质,184 部族县平民持有者,zz_hd_fictional_county_holders_184.txt,3268,she
虚构,开局填充-领主,商人,hd_fictional_holder_c_uuii_p_5460,,154.1.1,225.1.1,是,180-280,wuling,guiwu,,,,,允许随机特质,184 部族县平民持有者,zz_hd_fictional_county_holders_184.txt,3282,shangren
虚构,开局填充-领主,元,hd_fictional_holder_c_uuii_p_5462,,154.1.1,225.1.1,是,180-280,zhuyai,baiyuefanlin,,,,,允许随机特质,184 部族县平民持有者,zz_hd_fictional_county_holders_184.txt,3296,yuan
虚构,开局填充-领主,无野,hd_fictional_holder_c_uuii_p_5467,,154.1.1,225.1.1,是,180-280,shanyue,baiyuefanlin,,,,,允许随机特质,184 部族县平民持有者,zz_hd_fictional_county_holders_184.txt,3310,wuye
虚构,开局填充-领主,环,hd_fictional_holder_c_uuii_p_5479,,154.1.1,225.1.1,是,180-280,shanyue,baiyuefanlin,,,,,允许随机特质,184 部族县平民持有者,zz_hd_fictional_county_holders_184.txt,3324,huan
虚构,开局填充-领主,光,hd_fictional_holder_c_uuii_p_5484,,154.1.1,225.1.1,是,180-280,wuling,guiwu,,,,,允许随机特质,184 部族县平民持有者,zz_hd_fictional_county_holders_184.txt,3338,guang
虚构,开局填充-领主,杵臼,hd_fictional_holder_c_uuii_p_5496,,154.1.1,225.1.1,是,180-280,wuhu,baiyuefanlin,,,,,允许随机特质,184 部族县平民持有者,zz_hd_fictional_county_holders_184.txt,3352,chujiu
虚构,开局填充-领主,荼,hd_fictional_holder_c_uuii_p_5507,,154.1.1,225.1.1,是,180-280,shanyue,baiyuefanlin,,,,,允许随机特质,184 部族县平民持有者,zz_hd_fictional_county_holders_184.txt,3366,tu
虚构,开局填充-领主,阳生,hd_fictional_holder_c_uuii_p_5531,,154.1.1,225.1.1,是,180-280,shanyue,baiyuefanlin,,,,,允许随机特质,184 部族县平民持有者,zz_hd_fictional_county_holders_184.txt,3380,yansheng
虚构,开局填充-领主,壬,hd_fictional_holder_c_uuii_p_5537,,154.1.1,225.1.1,是,180-280,gufu,wugui,,,,,允许随机特质,184 部族县平民持有者,zz_hd_fictional_county_holders_184.txt,3394,ren
虚构,开局填充-领主,骜,hd_fictional_holder_c_uuii_p_5538,,154.1.1,225.1.1,是,180-280,nanyue,baiyuefanlin,,,,,允许随机特质,184 部族县平民持有者,zz_hd_fictional_county_holders_184.txt,3408,ao1
虚构,开局填充-领主,贷,hd_fictional_holder_c_uuii_p_5551,,154.1.1,225.1.1,是,180-280,shanyue,baiyuefanlin,,,,,允许随机特质,184 部族县平民持有者,zz_hd_fictional_county_holders_184.txt,3422,dai
虚构,开局填充-领主,稚,hd_fictional_holder_c_uuii_p_5561,,154.1.1,225.1.1,是,180-280,shanyue,baiyuefanlin,,,,,允许随机特质,184 部族县平民持有者,zz_hd_fictional_county_holders_184.txt,3436,zhi
虚构,开局填充-领主,闽,hd_fictional_holder_c_uuii_p_5570,,154.1.1,225.1.1,是,180-280,shanyue,baiyuefanlin,,,,,允许随机特质,184 部族县平民持有者,zz_hd_fictional_county_holders_184.txt,3450,min
虚构,开局填充-领主,须无,hd_fictional_holder_c_uuii_p_5571,,154.1.1,225.1.1,是,180-280,wuhu,baiyuefanlin,,,,,允许随机特质,184 部族县平民持有者,zz_hd_fictional_county_holders_184.txt,3464,xuwu
虚构,开局填充-领主,无宇,hd_fictional_holder_c_uuii_p_5583,,154.1.1,225.1.1,是,180-280,shanyue,baiyuefanlin,,,,,允许随机特质,184 部族县平民持有者,zz_hd_fictional_county_holders_184.txt,3478,wuyu
虚构,开局填充-领主,开,hd_fictional_holder_c_uuii_p_5593,,154.1.1,225.1.1,是,180-280,shanyue,baiyuefanlin,,,,,允许随机特质,184 部族县平民持有者,zz_hd_fictional_county_holders_184.txt,3492,kai
虚构,开局填充-领主,乞,hd_fictional_holder_c_uuii_p_5596,,154.1.1,225.1.1,是,180-280,shanyue,baiyuefanlin,,,,,允许随机特质,184 部族县平民持有者,zz_hd_fictional_county_holders_184.txt,3506,qi1
虚构,开局填充-领主,恒,hd_fictional_holder_c_uuii_p_5607,,154.1.1,225.1.1,是,180-280,wuhu,baiyuefanlin,,,,,允许随机特质,184 部族县平民持有者,zz_hd_fictional_county_holders_184.txt,3520,heng
虚构,开局填充-领主,盘,hd_fictional_holder_c_uuii_p_5622,,154.1.1,225.1.1,是,180-280,yangzhou,mahayana,,,,,允许随机特质,184 部族县平民持有者,zz_hd_fictional_county_holders_184.txt,3534,pan
虚构,开局填充-领主,白,hd_fictional_holder_c_uuii_p_5624,,154.1.1,225.1.1,是,180-280,shanyue,baiyuefanlin,,,,,允许随机特质,184 部族县平民持有者,zz_hd_fictional_county_holders_184.txt,3548,bai
虚构,开局填充-领主,和,hd_fictional_holder_c_uuii_p_5634,,154.1.1,225.1.1,是,180-280,luoyue,baiyuefanlin,,,,,允许随机特质,184 部族县平民持有者,zz_hd_fictional_county_holders_184.txt,3562,he
虚构,开局填充-领主,剡,hd_fictional_holder_c_uuii_p_5641,,154.1.1,225.1.1,是,180-280,nanyue,baiyuefanlin,,,,,允许随机特质,184 部族县平民持有者,zz_hd_fictional_county_holders_184.txt,3576,yan2
虚构,开局填充-领主,因齐,hd_fictional_holder_c_uuii_p_5650,,154.1.1,225.1.1,是,180-280,wuhu,baiyuefanlin,,,,,允许随机特质,184 部族县平民持有者,zz_hd_fictional_county_holders_184.txt,3590,yinqi
虚构,开局填充-领主,地,hd_fictional_holder_c_uuii_p_5653,,154.1.1,225.1.1,是,180-280,nanyue,baiyuefanlin,,,,,允许随机特质,184 部族县平民持有者,zz_hd_fictional_county_holders_184.txt,3604,di1
虚构,开局填充-领主,法章,hd_fictional_holder_c_uuii_p_5654,,154.1.1,225.1.1,是,180-280,shanyue,baiyuefanlin,,,,,允许随机特质,184 部族县平民持有者,zz_hd_fictional_county_holders_184.txt,3618,fazhang
虚构,开局填充-领主,建,hd_fictional_holder_c_uuii_p_5655,,154.1.1,225.1.1,是,180-280,zuodu,wugui,,,,,允许随机特质,184 部族县平民持有者,zz_hd_fictional_county_holders_184.txt,3632,jian1
虚构,开局填充-领主,儋,hd_fictional_holder_c_uuii_p_5659,,154.1.1,225.1.1,是,180-280,nanyue,baiyuefanlin,,,,,允许随机特质,184 部族县平民持有者,zz_hd_fictional_county_holders_184.txt,3646,dan3
虚构,开局填充-领主,假,hd_fictional_holder_c_uuii_p_5667,,154.1.1,225.1.1,是,180-280,yelang,wugui,,,,,允许随机特质,184 部族县平民持有者,zz_hd_fictional_county_holders_184.txt,3660,jia2
虚构,开局填充-领主,市,hd_fictional_holder_c_uuii_p_5679,,154.1.1,225.1.1,是,180-280,nanyue,baiyuefanlin,,,,,允许随机特质,184 部族县平民持有者,zz_hd_fictional_county_holders_184.txt,3674,shi
虚构,开局填充-领主,都,hd_fictional_holder_c_uuii_p_5683,,154.1.1,225.1.1,是,180-280,yelang,wugui,,,,,允许随机特质,184 部族县平民持有者,zz_hd_fictional_county_holders_184.txt,3688,du1
虚构,开局填充-领主,荣,hd_fictional_holder_c_uuii_p_5691,,154.1.1,225.1.1,是,180-280,yangzhou,mahayana,,,,,允许随机特质,184 部族县平民持有者,zz_hd_fictional_county_holders_184.txt,3702,rong
虚构,开局填充-领主,广,hd_fictional_holder_c_uuii_p_5699,,154.1.1,225.1.1,是,180-280,kunming,wugui,,,,,允许随机特质,184 部族县平民持有者,zz_hd_fictional_county_holders_184.txt,3716,guang1
虚构,开局填充-领主,横,hd_fictional_holder_c_uuii_p_5708,,154.1.1,225.1.1,是,180-280,shanyue,baiyuefanlin,,,,,允许随机特质,184 部族县平民持有者,zz_hd_fictional_county_holders_184.txt,3730,heng1
虚构,开局填充-领主,纯,hd_fictional_holder_c_uuii_p_5711,,154.1.1,225.1.1,是,180-280,nanman,guiwu,,,,,随机名单取名；允许随机特质,184 部族县平民持有者,zz_hd_fictional_county_holders_184.txt,3744,hmongic_nanman_nn_9
虚构,开局填充-领主,陈,hd_fictional_holder_c_uuii_p_5725,,154.1.1,225.1.1,是,180-280,shanyue,baiyuefanlin,,,,,允许随机特质,184 部族县平民持有者,zz_hd_fictional_county_holders_184.txt,3758,chen2
虚构,开局填充-领主,鼻,hd_fictional_holder_c_uuii_p_5727,,154.1.1,225.1.1,是,180-280,nanyue,baiyuefanlin,,,,,允许随机特质,184 部族县平民持有者,zz_hd_fictional_county_holders_184.txt,3772,bi1
虚构,开局填充-领主,亮,hd_fictional_holder_c_uuii_p_5731,,154.1.1,225.1.1,是,180-280,shanyue,baiyuefanlin,,,,,允许随机特质,184 部族县平民持有者,zz_hd_fictional_county_holders_184.txt,3786,liang
虚构,开局填充-领主,桥,hd_fictional_holder_c_uuii_p_5740,,154.1.1,225.1.1,是,180-280,wuhu,baiyuefanlin,,,,,允许随机特质,184 部族县平民持有者,zz_hd_fictional_county_holders_184.txt,3800,qiao
虚构,开局填充-领主,黑肩,hd_fictional_holder_c_uuii_p_5752,,154.1.1,225.1.1,是,180-280,shanyue,baiyuefanlin,,,,,允许随机特质,184 部族县平民持有者,zz_hd_fictional_county_holders_184.txt,3814,heijiang
虚构,开局填充-领主,忌,hd_fictional_holder_c_uuii_p_5761,,154.1.1,225.1.1,是,180-280,jiaozhou,mahayana,,,,,允许随机特质,184 部族县平民持有者,zz_hd_fictional_county_holders_184.txt,3828,ji2
虚构,开局填充-领主,昌,hd_fictional_holder_c_uuii_p_5768,,154.1.1,225.1.1,是,180-280,yangzhou,mahayana,,,,,允许随机特质,184 部族县平民持有者,zz_hd_fictional_county_holders_184.txt,3842,chang
虚构,开局填充-领主,处,hd_fictional_holder_c_uuii_p_5773,,154.1.1,225.1.1,是,180-280,nanyue,baiyuefanlin,,,,,允许随机特质,184 部族县平民持有者,zz_hd_fictional_county_holders_184.txt,3856,chu1
虚构,开局填充-领主,宰孔,hd_fictional_holder_c_uuii_p_5784,,154.1.1,225.1.1,是,180-280,wuhu,baiyuefanlin,,,,,允许随机特质,184 部族县平民持有者,zz_hd_fictional_county_holders_184.txt,3870,zaikong
虚构,开局填充-领主,弃,hd_fictional_holder_c_uuii_p_5793,,154.1.1,225.1.1,是,180-280,shanyue,baiyuefanlin,,,,,允许随机特质,184 部族县平民持有者,zz_hd_fictional_county_holders_184.txt,3884,qi2
虚构,开局填充-领主,不窋,hd_fictional_holder_c_uuii_p_5796,,154.1.1,225.1.1,是,180-280,wuhu,baiyuefanlin,,,,,允许随机特质,184 部族县平民持有者,zz_hd_fictional_county_holders_184.txt,3898,buku
虚构,开局填充-领主,鞠,hd_fictional_holder_c_uuii_p_5808,,154.1.1,225.1.1,是,180-280,shanyue,baiyuefanlin,,,,,允许随机特质,184 部族县平民持有者,zz_hd_fictional_county_holders_184.txt,3912,ju1
虚构,开局填充-领主,刘,hd_fictional_holder_c_uuii_p_5810,,154.1.1,225.1.1,是,180-280,jiuzhenyue,baiyuefanlin,,,,,允许随机特质,184 部族县平民持有者,zz_hd_fictional_county_holders_184.txt,3926,liu
虚构,开局填充-领主,庆节,hd_fictional_holder_c_uuii_p_5830,,154.1.1,225.1.1,是,180-280,nanyue,baiyuefanlin,,,,,允许随机特质,184 部族县平民持有者,zz_hd_fictional_county_holders_184.txt,3940,qingjie
虚构,开局填充-领主,皇仆,hd_fictional_holder_c_uuii_p_5837,,154.1.1,225.1.1,是,180-280,shanyue,baiyuefanlin,,,,,允许随机特质,184 部族县平民持有者,zz_hd_fictional_county_holders_184.txt,3954,huangpu
虚构,开局填充-领主,差弗,hd_fictional_holder_c_uuii_p_5846,,154.1.1,225.1.1,是,180-280,jiaozhou,mahayana,,,,,允许随机特质,184 部族县平民持有者,zz_hd_fictional_county_holders_184.txt,3968,chafu
虚构,开局填充-领主,隃,hd_fictional_holder_c_uuii_p_5849,,154.1.1,225.1.1,是,180-280,luoyue,baiyuefanlin,,,,,允许随机特质,184 部族县平民持有者,zz_hd_fictional_county_holders_184.txt,3982,huiyu
虚构,开局填充-领主,高圉,hd_fictional_holder_c_uuii_p_5855,,154.1.1,225.1.1,是,180-280,yangzhou,mahayana,,,,,允许随机特质,184 部族县平民持有者,zz_hd_fictional_county_holders_184.txt,3996,gaoyu
虚构,开局填充-领主,亚圉,hd_fictional_holder_c_uuii_p_5863,,154.1.1,225.1.1,是,180-280,luoyue,baiyuefanlin,,,,,允许随机特质,184 部族县平民持有者,zz_hd_fictional_county_holders_184.txt,4010,yayu
虚构,开局填充-领主,余臣,hd_fictional_holder_c_uuii_p_5867,,154.1.1,225.1.1,是,180-280,wuling,guiwu,,,,,允许随机特质,184 部族县平民持有者,zz_hd_fictional_county_holders_184.txt,4024,yucheng
虚构,开局填充-领主,佗,hd_fictional_holder_c_uuii_p_5898,,154.1.1,225.1.1,是,180-280,shanyue,baiyuefanlin,,,,,允许随机特质,184 部族县平民持有者,zz_hd_fictional_county_holders_184.txt,4038,tuo2
虚构,开局填充-领主,狐,hd_fictional_holder_c_uuii_p_5907,,154.1.1,225.1.1,是,180-280,wuhu,baiyuefanlin,,,,,允许随机特质,184 部族县平民持有者,zz_hd_fictional_county_holders_184.txt,4052,hu3
虚构,开局填充-领主,胡齐,hd_fictional_holder_c_uuii_p_5908,,154.1.1,225.1.1,是,180-280,yangzhou,mahayana,,,,,允许随机特质,184 部族县平民持有者,zz_hd_fictional_county_holders_184.txt,4066,huqi
虚构,开局填充-领主,颓,hd_fictional_holder_c_uuii_p_5910,,154.1.1,225.1.1,是,180-280,yelang,wugui,,,,,允许随机特质,184 部族县平民持有者,zz_hd_fictional_county_holders_184.txt,4080,tui1
虚构,开局填充-领主,郑,hd_fictional_holder_c_uuii_p_5926,,154.1.1,225.1.1,是,180-280,shanyue,baiyuefanlin,,,,,允许随机特质,184 部族县平民持有者,zz_hd_fictional_county_holders_184.txt,4094,zheng
虚构,开局填充-领主,带,hd_fictional_holder_c_uuii_p_5942,,154.1.1,225.1.1,是,180-280,gufu,wugui,,,,,允许随机特质,184 部族县平民持有者,zz_hd_fictional_county_holders_184.txt,4108,dai1
虚构,开局填充-领主,班,hd_fictional_holder_c_uuii_p_5980,,154.1.1,225.1.1,是,180-280,zuodu,wugui,,,,,允许随机特质,184 部族县平民持有者,zz_hd_fictional_county_holders_184.txt,4122,ban
虚构,开局填充-领主,瑜,hd_fictional_holder_c_uuii_p_5992,,154.1.1,225.1.1,是,180-280,wuhu,baiyuefanlin,,,,,允许随机特质,184 部族县平民持有者,zz_hd_fictional_county_holders_184.txt,4136,yu1
虚构,开局填充-领主,彧,hd_fictional_holder_c_uuii_p_5994,,154.1.1,225.1.1,是,180-280,zhuyai,baiyuefanlin,,,,,允许随机特质,184 部族县平民持有者,zz_hd_fictional_county_holders_184.txt,4150,yu2
虚构,开局填充-领主,昱,hd_fictional_holder_c_uuii_p_5995,,154.1.1,225.1.1,是,180-280,shanyue,baiyuefanlin,,,,,允许随机特质,184 部族县平民持有者,zz_hd_fictional_county_holders_184.txt,4164,yu3
虚构,开局填充-领主,夷,hd_fictional_holder_c_uuii_p_5996,,154.1.1,225.1.1,是,180-280,yangzhou,mahayana,,,,,允许随机特质,184 部族县平民持有者,zz_hd_fictional_county_holders_184.txt,4178,yi1
虚构,开局填充-领主,泄心,hd_fictional_holder_c_uuii_p_6002,,154.1.1,225.1.1,是,180-280,kunming,wugui,,,,,允许随机特质,184 部族县平民持有者,zz_hd_fictional_county_holders_184.txt,4192,xiexin
虚构,开局填充-领主,贵,hd_fictional_holder_c_uuii_p_6009,,154.1.1,225.1.1,是,180-280,yelang,wugui,,,,,允许随机特质,184 部族县平民持有者,zz_hd_fictional_county_holders_184.txt,4206,gui1
虚构,开局填充-领主,猛,hd_fictional_holder_c_uuii_p_6014,,154.1.1,225.1.1,是,180-280,wuling,guiwu,,,,,允许随机特质,184 部族县平民持有者,zz_hd_fictional_county_holders_184.txt,4220,meng
虚构,开局填充-领主,朝,hd_fictional_holder_c_uuii_p_6016,,154.1.1,225.1.1,是,180-280,nanyue,baiyuefanlin,,,,,允许随机特质,184 部族县平民持有者,zz_hd_fictional_county_holders_184.txt,4234,chao
虚构,开局填充-领主,仁,hd_fictional_holder_c_uuii_p_6021,,154.1.1,225.1.1,是,180-280,nanyue,baiyuefanlin,,,,,允许随机特质,184 部族县平民持有者,zz_hd_fictional_county_holders_184.txt,4248,ren1
虚构,开局填充-领主,介,hd_fictional_holder_c_uuii_p_6024,,154.1.1,225.1.1,是,180-280,nanyue,baiyuefanlin,,,,,允许随机特质,184 部族县平民持有者,zz_hd_fictional_county_holders_184.txt,4262,jie
虚构,开局填充-领主,去疾,hd_fictional_holder_c_uuii_p_6038,,154.1.1,225.1.1,是,180-280,shanyue,baiyuefanlin,,,,,允许随机特质,184 部族县平民持有者,zz_hd_fictional_county_holders_184.txt,4276,quji
虚构,开局填充-领主,嵬,hd_fictional_holder_c_uuii_p_6039,,154.1.1,225.1.1,是,180-280,shanyue,baiyuefanlin,,,,,允许随机特质,184 部族县平民持有者,zz_hd_fictional_county_holders_184.txt,4290,wei1
虚构,开局填充-领主,骄,hd_fictional_holder_c_uuii_p_6043,,154.1.1,225.1.1,是,180-280,luoyue,baiyuefanlin,,,,,允许随机特质,184 部族县平民持有者,zz_hd_fictional_county_holders_184.txt,4304,jiao
虚构,开局填充-领主,喜,hd_fictional_holder_c_uuii_p_6048,,154.1.1,225.1.1,是,180-280,shanyue,baiyuefanlin,,,,,允许随机特质,184 部族县平民持有者,zz_hd_fictional_county_holders_184.txt,4318,xi3
虚构,开局填充-领主,定,hd_fictional_holder_c_uuii_p_6053,,154.1.1,225.1.1,是,180-280,yangzhou,mahayana,,,,,允许随机特质,184 部族县平民持有者,zz_hd_fictional_county_holders_184.txt,4332,ding
虚构,开局填充-领主,延,hd_fictional_holder_c_uuii_p_6060,,154.1.1,225.1.1,是,180-280,shanyue,baiyuefanlin,,,,,允许随机特质,184 部族县平民持有者,zz_hd_fictional_county_holders_184.txt,4346,yan3
虚构,开局填充-领主,宁族,hd_fictional_holder_c_uuii_p_6065,,154.1.1,225.1.1,是,180-280,nanyue,baiyuefanlin,,,,,允许随机特质,184 部族县平民持有者,zz_hd_fictional_county_holders_184.txt,4360,ningzu
虚构,开局填充-领主,服人,hd_fictional_holder_c_uuii_p_6072,,154.1.1,225.1.1,是,180-280,nanyue,baiyuefanlin,,,,,允许随机特质,184 部族县平民持有者,zz_hd_fictional_county_holders_184.txt,4374,furen
虚构,开局填充-领主,福,hd_fictional_holder_c_uuii_p_6076,,154.1.1,225.1.1,是,180-280,nanyue,baiyuefanlin,,,,,允许随机特质,184 部族县平民持有者,zz_hd_fictional_county_holders_184.txt,4388,fu1
虚构,开局填充-领主,司徒,hd_fictional_holder_c_uuii_p_6088,,154.1.1,225.1.1,是,180-280,yelang,wugui,,,,,允许随机特质,184 部族县平民持有者,zz_hd_fictional_county_holders_184.txt,4402,situ
虚构,开局填充-领主,苏,hd_fictional_holder_c_uuii_p_6098,,154.1.1,225.1.1,是,180-280,jiuzhenyue,baiyuefanlin,,,,,允许随机特质,184 部族县平民持有者,zz_hd_fictional_county_holders_184.txt,4416,su1
虚构,开局填充-领主,籍,hd_fictional_holder_c_uuii_p_6104,,154.1.1,225.1.1,是,180-280,wuhu,baiyuefanlin,,,,,允许随机特质,184 部族县平民持有者,zz_hd_fictional_county_holders_184.txt,4430,ji3
虚构,开局填充-领主,费王,hd_fictional_holder_c_uuii_p_6105,,154.1.1,225.1.1,是,180-280,shanyue,baiyuefanlin,,,,,允许随机特质,184 部族县平民持有者,zz_hd_fictional_county_holders_184.txt,4444,feiwang
虚构,开局填充-领主,殇,hd_fictional_holder_c_uuii_p_6106,,154.1.1,225.1.1,是,180-280,luoyue,baiyuefanlin,,,,,允许随机特质,184 部族县平民持有者,zz_hd_fictional_county_holders_184.txt,4458,shang1
虚构,开局填充-领主,伯,hd_fictional_holder_c_uuii_p_6120,,154.1.1,225.1.1,是,180-280,wuhu,baiyuefanlin,,,,,允许随机特质,184 部族县平民持有者,zz_hd_fictional_county_holders_184.txt,4472,bo
虚构,开局填充-领主,霸,hd_fictional_holder_c_uuii_p_6124,,154.1.1,225.1.1,是,180-280,shanyue,baiyuefanlin,,,,,允许随机特质,184 部族县平民持有者,zz_hd_fictional_county_holders_184.txt,4486,ba
虚构,开局填充-领主,却,hd_fictional_holder_c_uuii_p_6133,,154.1.1,225.1.1,是,180-280,shanyue,baiyuefanlin,,,,,允许随机特质,184 部族县平民持有者,zz_hd_fictional_county_holders_184.txt,4500,que
虚构,开局填充-领主,郤,hd_fictional_holder_c_uuii_p_6134,,154.1.1,225.1.1,是,180-280,wuhu,baiyuefanlin,,,,,允许随机特质,184 部族县平民持有者,zz_hd_fictional_county_holders_184.txt,4514,xi4
虚构,开局填充-领主,校,hd_fictional_holder_c_uuii_p_6136,,154.1.1,225.1.1,是,180-280,shanyue,baiyuefanlin,,,,,允许随机特质,184 部族县平民持有者,zz_hd_fictional_county_holders_184.txt,4528,xiao1
虚构,开局填充-领主,缗,hd_fictional_holder_c_uuii_p_6151,,154.1.1,225.1.1,是,180-280,jiuzhenyue,baiyuefanlin,,,,,允许随机特质,184 部族县平民持有者,zz_hd_fictional_county_holders_184.txt,4542,min1
虚构,开局填充-领主,成师,hd_fictional_holder_c_uuii_p_6154,,154.1.1,225.1.1,是,180-280,shanyue,baiyuefanlin,,,,,允许随机特质,184 部族县平民持有者,zz_hd_fictional_county_holders_184.txt,4556,chengshi
虚构,开局填充-领主,鱓,hd_fictional_holder_c_uuii_p_6157,,154.1.1,225.1.1,是,180-280,jiaozhou,mahayana,,,,,允许随机特质,184 部族县平民持有者,zz_hd_fictional_county_holders_184.txt,4570,shan1
虚构,开局填充-领主,诡诸,hd_fictional_holder_c_uuii_p_6162,,154.1.1,225.1.1,是,180-280,kunming,wugui,,,,,允许随机特质,184 部族县平民持有者,zz_hd_fictional_county_holders_184.txt,4584,guizhu
虚构,开局填充-领主,奚齐,hd_fictional_holder_c_uuii_p_6163,,154.1.1,225.1.1,是,180-280,wuhu,baiyuefanlin,,,,,允许随机特质,184 部族县平民持有者,zz_hd_fictional_county_holders_184.txt,4598,xiqi
虚构,开局填充-领主,卓,hd_fictional_holder_c_uuii_p_6173,,154.1.1,225.1.1,是,180-280,shanyue,baiyuefanlin,,,,,允许随机特质,184 部族县平民持有者,zz_hd_fictional_county_holders_184.txt,4612,zhuo1
虚构,开局填充-领主,夷吾,hd_fictional_holder_c_uuii_p_6177,,154.1.1,225.1.1,是,180-280,yelang,wugui,,,,,允许随机特质,184 部族县平民持有者,zz_hd_fictional_county_holders_184.txt,4626,yiwu
虚构,开局填充-领主,圉,hd_fictional_holder_c_uuii_p_6185,,154.1.1,225.1.1,是,180-280,yelang,wugui,,,,,允许随机特质,184 部族县平民持有者,zz_hd_fictional_county_holders_184.txt,4640,yu4
虚构,开局填充-领主,重耳,hd_fictional_holder_c_uuii_p_6191,,154.1.1,225.1.1,是,180-280,wuhu,baiyuefanlin,,,,,允许随机特质,184 部族县平民持有者,zz_hd_fictional_county_holders_184.txt,4654,chonger
虚构,开局填充-领主,欢,hd_fictional_holder_c_uuii_p_6194,,154.1.1,225.1.1,是,180-280,shanyue,baiyuefanlin,,,,,允许随机特质,184 部族县平民持有者,zz_hd_fictional_county_holders_184.txt,4668,huan1
虚构,开局填充-领主,夷皋,hd_fictional_holder_c_uuii_p_6199,,154.1.1,225.1.1,是,180-280,jingzhou,mahayana,,,,,允许随机特质,184 部族县平民持有者,zz_hd_fictional_county_holders_184.txt,4682,yigao
虚构,开局填充-领主,黑臀,hd_fictional_holder_c_uuii_p_6203,,154.1.1,225.1.1,是,180-280,luoyue,baiyuefanlin,,,,,允许随机特质,184 部族县平民持有者,zz_hd_fictional_county_holders_184.txt,4696,heitun
虚构,开局填充-领主,据,hd_fictional_holder_c_uuii_p_6204,,154.1.1,225.1.1,是,180-280,yelang,wugui,,,,,允许随机特质,184 部族县平民持有者,zz_hd_fictional_county_holders_184.txt,4710,ju2
虚构,开局填充-领主,獳,hd_fictional_holder_c_uuii_p_6210,,154.1.1,225.1.1,是,180-280,yelang,wugui,,,,,允许随机特质,184 部族县平民持有者,zz_hd_fictional_county_holders_184.txt,4724,nou
虚构,开局填充-领主,寿曼,hd_fictional_holder_c_uuii_p_6212,,154.1.1,225.1.1,是,180-280,nanyue,baiyuefanlin,,,,,允许随机特质,184 部族县平民持有者,zz_hd_fictional_county_holders_184.txt,4738,shouman
虚构,开局填充-领主,仲,hd_fictional_holder_c_uuii_p_6213,,154.1.1,225.1.1,是,180-280,nanyue,baiyuefanlin,,,,,允许随机特质,184 部族县平民持有者,zz_hd_fictional_county_holders_184.txt,4752,zhong
虚构,开局填充-领主,彪,hd_fictional_holder_c_uuii_p_6235,,154.1.1,225.1.1,是,180-280,yangzhou,mahayana,,,,,允许随机特质,184 部族县平民持有者,zz_hd_fictional_county_holders_184.txt,4766,biao
虚构,开局填充-领主,表,hd_fictional_holder_c_uuii_p_6244,,154.1.1,225.1.1,是,180-280,jiuzhenyue,baiyuefanlin,,,,,允许随机特质,184 部族县平民持有者,zz_hd_fictional_county_holders_184.txt,4780,biao1
虚构,开局填充-领主,弃疾,hd_fictional_holder_c_uuii_p_6248,,154.1.1,225.1.1,是,180-280,shanyue,baiyuefanlin,,,,,允许随机特质,184 部族县平民持有者,zz_hd_fictional_county_holders_184.txt,4794,qiji
虚构,开局填充-领主,凿,hd_fictional_holder_c_uuii_p_6253,,154.1.1,225.1.1,是,180-280,yangzhou,mahayana,,,,,允许随机特质,184 部族县平民持有者,zz_hd_fictional_county_holders_184.txt,4808,zao
虚构,开局填充-领主,柳,hd_fictional_holder_c_uuii_p_6254,,154.1.1,225.1.1,是,180-280,shanyue,baiyuefanlin,,,,,允许随机特质,184 部族县平民持有者,zz_hd_fictional_county_holders_184.txt,4822,liu1
虚构,开局填充-领主,止,hd_fictional_holder_c_uuii_p_6269,,154.1.1,225.1.1,是,180-280,yangzhou,mahayana,,,,,允许随机特质,184 部族县平民持有者,zz_hd_fictional_county_holders_184.txt,4836,zhi1
虚构,开局填充-领主,智,hd_fictional_holder_c_uuii_p_6281,,154.1.1,225.1.1,是,180-280,wuling,guiwu,,,,,允许随机特质,184 部族县平民持有者,zz_hd_fictional_county_holders_184.txt,4850,zhi2
虚构,开局填充-领主,颀,hd_fictional_holder_c_uuii_p_6290,,154.1.1,225.1.1,是,180-280,zhuyai,baiyuefanlin,,,,,允许随机特质,184 部族县平民持有者,zz_hd_fictional_county_holders_184.txt,4864,xing1
虚构,开局填充-领主,俱酒,hd_fictional_holder_c_uuii_p_6291,,154.1.1,225.1.1,是,180-280,shanyue,baiyuefanlin,,,,,允许随机特质,184 部族县平民持有者,zz_hd_fictional_county_holders_184.txt,4878,jujiu
虚构,开局填充-领主,曲梁,hd_fictional_holder_c_uuii_p_6299,,154.1.1,225.1.1,是,180-280,shanyue,baiyuefanlin,,,,,允许随机特质,184 部族县平民持有者,zz_hd_fictional_county_holders_184.txt,4892,quliang
虚构,开局填充-领主,万,hd_fictional_holder_c_uuii_p_6307,,154.1.1,225.1.1,是,180-280,nanyue,baiyuefanlin,,,,,允许随机特质,184 部族县平民持有者,zz_hd_fictional_county_holders_184.txt,4906,wan2
虚构,开局填充-领主,宾,hd_fictional_holder_c_uuii_p_6311,,154.1.1,225.1.1,是,180-280,shanyue,baiyuefanlin,,,,,允许随机特质,184 部族县平民持有者,zz_hd_fictional_county_holders_184.txt,4920,bing
虚构,开局填充-领主,成,hd_fictional_holder_c_uuii_p_6315,,154.1.1,225.1.1,是,180-280,shanyue,baiyuefanlin,,,,,允许随机特质,184 部族县平民持有者,zz_hd_fictional_county_holders_184.txt,4934,cheng
虚构,开局填充-领主,枝,hd_fictional_holder_c_uuii_p_6318,,154.1.1,225.1.1,是,180-280,luoyue,baiyuefanlin,,,,,允许随机特质,184 部族县平民持有者,zz_hd_fictional_county_holders_184.txt,4948,zhi3
虚构,开局填充-领主,襭,hd_fictional_holder_c_uuii_p_6320,,154.1.1,225.1.1,是,180-280,shanyue,baiyuefanlin,,,,,允许随机特质,184 部族县平民持有者,zz_hd_fictional_county_holders_184.txt,4962,xie1
虚构,开局填充-领主,廖,hd_fictional_holder_c_uuii_p_6336,,154.1.1,225.1.1,是,180-280,shanyue,baiyuefanlin,,,,,允许随机特质,184 部族县平民持有者,zz_hd_fictional_county_holders_184.txt,4976,liao
虚构,开局填充-领主,复,hd_fictional_holder_c_uuii_p_6337,,154.1.1,225.1.1,是,180-280,wuhu,baiyuefanlin,,,,,允许随机特质,184 部族县平民持有者,zz_hd_fictional_county_holders_184.txt,4990,fu
虚构,开局填充-领主,苴,hd_fictional_holder_c_uuii_p_6349,,154.1.1,225.1.1,是,180-280,yangzhou,mahayana,,,,,允许随机特质,184 部族县平民持有者,zz_hd_fictional_county_holders_184.txt,5004,ju3
虚构,开局填充-领主,俺,hd_fictional_holder_c_uuii_p_6359,,154.1.1,225.1.1,是,180-280,shanyue,baiyuefanlin,,,,,允许随机特质,184 部族县平民持有者,zz_hd_fictional_county_holders_184.txt,5018,an
虚构,开局填充-领主,沈,hd_fictional_holder_c_uuii_p_6372,,154.1.1,225.1.1,是,180-280,shanyue,baiyuefanlin,,,,,允许随机特质,184 部族县平民持有者,zz_hd_fictional_county_holders_184.txt,5032,sheng1
虚构,开局填充-领主,鞍,hd_fictional_holder_c_uuii_p_6380,,154.1.1,225.1.1,是,180-280,nanyue,baiyuefanlin,,,,,允许随机特质,184 部族县平民持有者,zz_hd_fictional_county_holders_184.txt,5046,an1
虚构,开局填充-领主,其,hd_fictional_holder_c_uuii_p_6381,,154.1.1,225.1.1,是,180-280,luoyue,baiyuefanlin,,,,,允许随机特质,184 部族县平民持有者,zz_hd_fictional_county_holders_184.txt,5060,qi3
虚构,开局填充-领主,奇,hd_fictional_holder_c_uuii_p_6388,,154.1.1,225.1.1,是,180-280,shanyue,baiyuefanlin,,,,,允许随机特质,184 部族县平民持有者,zz_hd_fictional_county_holders_184.txt,5074,qi4
虚构,开局填充-领主,我,hd_fictional_holder_c_uuii_p_6393,,154.1.1,225.1.1,是,180-280,shanyue,baiyuefanlin,,,,,允许随机特质,184 部族县平民持有者,zz_hd_fictional_county_holders_184.txt,5088,wo1
虚构,开局填充-领主,利,hd_fictional_holder_c_uuii_p_6402,,154.1.1,225.1.1,是,180-280,yelang,wugui,,,,,允许随机特质,184 部族县平民持有者,zz_hd_fictional_county_holders_184.txt,5102,li1
虚构,开局填充-领主,稽,hd_fictional_holder_c_uuii_p_6403,,154.1.1,225.1.1,是,180-280,wuhu,baiyuefanlin,,,,,允许随机特质,184 部族县平民持有者,zz_hd_fictional_county_holders_184.txt,5116,ji4
虚构,开局填充-领主,峙,hd_fictional_holder_c_uuii_p_6412,,154.1.1,225.1.1,是,180-280,shanyue,baiyuefanlin,,,,,允许随机特质,184 部族县平民持有者,zz_hd_fictional_county_holders_184.txt,5130,zhi4
虚构,开局填充-领主,虏,hd_fictional_holder_c_uuii_p_6424,,154.1.1,225.1.1,是,180-280,wuling,guiwu,,,,,允许随机特质,184 部族县平民持有者,zz_hd_fictional_county_holders_184.txt,5144,lu1
虚构,开局填充-领主,鱼,hd_fictional_holder_c_uuii_p_6428,,154.1.1,225.1.1,是,180-280,shanyue,baiyuefanlin,,,,,允许随机特质,184 部族县平民持有者,zz_hd_fictional_county_holders_184.txt,5158,yu5
虚构,开局填充-领主,夯,hd_fictional_holder_c_uuii_p_6433,,154.1.1,225.1.1,是,180-280,jiuzhenyue,baiyuefanlin,,,,,允许随机特质,184 部族县平民持有者,zz_hd_fictional_county_holders_184.txt,5172,hang
虚构,开局填充-领主,丰共,hd_fictional_holder_c_uuii_p_6434,,154.1.1,225.1.1,是,180-280,wuhu,baiyuefanlin,,,,,允许随机特质,184 部族县平民持有者,zz_hd_fictional_county_holders_184.txt,5186,fenggong
虚构,开局填充-领主,子灵,hd_fictional_holder_c_uuii_p_6436,,154.1.1,225.1.1,是,180-280,jiaozhou,mahayana,,,,,允许随机特质,184 部族县平民持有者,zz_hd_fictional_county_holders_184.txt,5200,ziling
虚构,开局填充-领主,巫臣,hd_fictional_holder_c_uuii_p_6439,,154.1.1,225.1.1,是,180-280,jingzhou,mahayana,,,,,允许随机特质,184 部族县平民持有者,zz_hd_fictional_county_holders_184.txt,5214,wucheng
虚构,开局填充-领主,狐庸,hd_fictional_holder_c_uuii_p_6443,,154.1.1,225.1.1,是,180-280,luoyue,baiyuefanlin,,,,,允许随机特质,184 部族县平民持有者,zz_hd_fictional_county_holders_184.txt,5228,huyong
虚构,开局填充-领主,衡,hd_fictional_holder_c_uuii_p_6444,,154.1.1,225.1.1,是,180-280,wuhu,baiyuefanlin,,,,,允许随机特质,184 部族县平民持有者,zz_hd_fictional_county_holders_184.txt,5242,heng2
虚构,开局填充-领主,芳,hd_fictional_holder_c_uuii_p_6457,,154.1.1,225.1.1,是,180-280,shanyue,baiyuefanlin,,,,,允许随机特质,184 部族县平民持有者,zz_hd_fictional_county_holders_184.txt,5256,fang
虚构,开局填充-领主,章,hd_fictional_holder_c_uuii_p_6466,,154.1.1,225.1.1,是,180-280,shanyue,baiyuefanlin,,,,,允许随机特质,184 部族县平民持有者,zz_hd_fictional_county_holders_184.txt,5270,zhang
虚构,开局填充-领主,茂,hd_fictional_holder_c_uuii_p_6470,,154.1.1,225.1.1,是,180-280,shanyue,baiyuefanlin,,,,,允许随机特质,184 部族县平民持有者,zz_hd_fictional_county_holders_184.txt,5284,mao
虚构,开局填充-领主,髦,hd_fictional_holder_c_uuii_p_6471,,154.1.1,225.1.1,是,180-280,shanyue,baiyuefanlin,,,,,允许随机特质,184 部族县平民持有者,zz_hd_fictional_county_holders_184.txt,5298,mao1
虚构,开局填充-领主,宣,hd_fictional_holder_c_uuii_p_6477,,154.1.1,225.1.1,是,180-280,zhuyai,baiyuefanlin,,,,,允许随机特质,184 部族县平民持有者,zz_hd_fictional_county_holders_184.txt,5312,xuan
虚构,开局填充-领主,鼎,hd_fictional_holder_c_uuii_p_6486,,154.1.1,225.1.1,是,180-280,nanman,guiwu,,,,,随机名单取名；允许随机特质,184 部族县平民持有者,zz_hd_fictional_county_holders_184.txt,5326,hmongic_nanman_nn_10
虚构,开局填充-领主,玄,hd_fictional_holder_c_uuii_p_6487,,154.1.1,225.1.1,是,180-280,nanyue,baiyuefanlin,,,,,允许随机特质,184 部族县平民持有者,zz_hd_fictional_county_holders_184.txt,5340,xuan1
虚构,开局填充-领主,铉,hd_fictional_holder_c_uuii_p_6489,,154.1.1,225.1.1,是,180-280,nanyue,baiyuefanlin,,,,,允许随机特质,184 部族县平民持有者,zz_hd_fictional_county_holders_184.txt,5354,xuan2
虚构,开局填充-领主,胜,hd_fictional_holder_c_uuii_p_6493,,154.1.1,225.1.1,是,180-280,nanyue,baiyuefanlin,,,,,允许随机特质,184 部族县平民持有者,zz_hd_fictional_county_holders_184.txt,5368,sheng2
虚构,开局填充-领主,颢,hd_fictional_holder_c_uuii_p_6498,,154.1.1,225.1.1,是,180-280,shanyue,baiyuefanlin,,,,,允许随机特质,184 部族县平民持有者,zz_hd_fictional_county_holders_184.txt,5382,hao1
虚构,开局填充-领主,政,hd_fictional_holder_c_uuii_p_6507,,154.1.1,225.1.1,是,180-280,luoyue,baiyuefanlin,,,,,允许随机特质,184 部族县平民持有者,zz_hd_fictional_county_holders_184.txt,5396,zheng1
虚构,开局填充-领主,德,hd_fictional_holder_c_uuii_p_6516,,154.1.1,225.1.1,是,180-280,shanyue,baiyuefanlin,,,,,允许随机特质,184 部族县平民持有者,zz_hd_fictional_county_holders_184.txt,5410,de1
虚构,开局填充-领主,祈,hd_fictional_holder_c_uuii_p_6518,,154.1.1,225.1.1,是,180-280,nanyue,baiyuefanlin,,,,,允许随机特质,184 部族县平民持有者,zz_hd_fictional_county_holders_184.txt,5424,qi5
虚构,开局填充-领主,徂,hd_fictional_holder_c_uuii_p_6525,,154.1.1,225.1.1,是,180-280,yelang,wugui,,,,,允许随机特质,184 部族县平民持有者,zz_hd_fictional_county_holders_184.txt,5438,cu1
虚构,开局填充-领主,恁,hd_fictional_holder_c_uuii_p_6549,,154.1.1,225.1.1,是,180-280,wuhu,baiyuefanlin,,,,,允许随机特质,184 部族县平民持有者,zz_hd_fictional_county_holders_184.txt,5452,nen
虚构,开局填充-领主,俦,hd_fictional_holder_c_uuii_p_6552,,154.1.1,225.1.1,是,180-280,nanyue,baiyuefanlin,,,,,允许随机特质,184 部族县平民持有者,zz_hd_fictional_county_holders_184.txt,5466,chou2
虚构,开局填充-领主,丑,hd_fictional_holder_c_uuii_p_6564,,154.1.1,225.1.1,是,180-280,nanyue,baiyuefanlin,,,,,允许随机特质,184 部族县平民持有者,zz_hd_fictional_county_holders_184.txt,5480,chou3
虚构,开局填充-领主,洛,hd_fictional_holder_c_uuii_p_6568,,154.1.1,225.1.1,是,180-280,shanyue,baiyuefanlin,,,,,允许随机特质,184 部族县平民持有者,zz_hd_fictional_county_holders_184.txt,5494,luo
虚构,开局填充-领主,是,hd_fictional_holder_c_uuii_p_6569,,154.1.1,225.1.1,是,180-280,luoyue,baiyuefanlin,,,,,允许随机特质,184 部族县平民持有者,zz_hd_fictional_county_holders_184.txt,5508,shi1
虚构,开局填充-领主,岫,hd_fictional_holder_c_uuii_p_6579,,154.1.1,225.1.1,是,180-280,zuodu,wugui,,,,,允许随机特质,184 部族县平民持有者,zz_hd_fictional_county_holders_184.txt,5522,xiu
虚构,开局填充-领主,秀,hd_fictional_holder_c_uuii_p_6587,,154.1.1,225.1.1,是,180-280,luoyue,baiyuefanlin,,,,,允许随机特质,184 部族县平民持有者,zz_hd_fictional_county_holders_184.txt,5536,xiu1
虚构,开局填充-领主,修,hd_fictional_holder_c_uuii_p_6593,,154.1.1,225.1.1,是,180-280,nanyue,baiyuefanlin,,,,,允许随机特质,184 部族县平民持有者,zz_hd_fictional_county_holders_184.txt,5550,xiu2
虚构,开局填充-领主,滇,hd_fictional_holder_c_uuii_p_6610,,154.1.1,225.1.1,是,180-280,zhuyai,baiyuefanlin,,,,,允许随机特质,184 部族县平民持有者,zz_hd_fictional_county_holders_184.txt,5564,dian
虚构,开局填充-领主,余,hd_fictional_holder_c_uuii_p_6617,,154.1.1,225.1.1,是,180-280,shanyue,baiyuefanlin,,,,,允许随机特质,184 部族县平民持有者,zz_hd_fictional_county_holders_184.txt,5578,yu6
虚构,开局填充-领主,扬,hd_fictional_holder_c_uuii_p_6625,,154.1.1,225.1.1,是,180-280,jiuzhenyue,baiyuefanlin,,,,,允许随机特质,184 部族县平民持有者,zz_hd_fictional_county_holders_184.txt,5592,yang
虚构,开局填充-领主,州吁,hd_fictional_holder_c_uuii_p_6628,,154.1.1,225.1.1,是,180-280,wuhu,baiyuefanlin,,,,,允许随机特质,184 部族县平民持有者,zz_hd_fictional_county_holders_184.txt,5606,zhouyu
虚构,开局填充-领主,晋,hd_fictional_holder_c_uuii_p_6643,,154.1.1,225.1.1,是,180-280,shanyue,baiyuefanlin,,,,,允许随机特质,184 部族县平民持有者,zz_hd_fictional_county_holders_184.txt,5620,jin1
虚构,开局填充-领主,朔,hd_fictional_holder_c_uuii_p_6657,,154.1.1,225.1.1,是,180-280,nanyue,baiyuefanlin,,,,,允许随机特质,184 部族县平民持有者,zz_hd_fictional_county_holders_184.txt,5634,shuo
虚构,开局填充-领主,黔牟,hd_fictional_holder_c_uuii_p_6658,,154.1.1,225.1.1,是,180-280,kunming,wugui,,,,,允许随机特质,184 部族县平民持有者,zz_hd_fictional_county_holders_184.txt,5648,qianmou
虚构,开局填充-领主,毁,hd_fictional_holder_c_uuii_p_6661,,154.1.1,225.1.1,是,180-280,nanyue,baiyuefanlin,,,,,允许随机特质,184 部族县平民持有者,zz_hd_fictional_county_holders_184.txt,5662,hui
虚构,开局填充-领主,遫,hd_fictional_holder_c_uuii_p_6693,,154.1.1,225.1.1,是,180-280,jiuzhenyue,baiyuefanlin,,,,,允许随机特质,184 部族县平民持有者,zz_hd_fictional_county_holders_184.txt,5676,chi1
虚构,开局填充-领主,臧,hd_fictional_holder_c_uuii_p_6711,,154.1.1,225.1.1,是,180-280,jiuzhenyue,baiyuefanlin,,,,,允许随机特质,184 部族县平民持有者,zz_hd_fictional_county_holders_184.txt,5690,zang
虚构,开局填充-领主,衎,hd_fictional_holder_c_uuii_p_6713,,154.1.1,225.1.1,是,180-280,nanyue,baiyuefanlin,,,,,允许随机特质,184 部族县平民持有者,zz_hd_fictional_county_holders_184.txt,5704,kan
虚构,开局填充-领主,秋,hd_fictional_holder_c_uuii_p_6715,,154.1.1,225.1.1,是,180-280,shanyue,baiyuefanlin,,,,,允许随机特质,184 部族县平民持有者,zz_hd_fictional_county_holders_184.txt,5718,qiu3
虚构,开局填充-领主,辄,hd_fictional_holder_c_uuii_p_6731,,154.1.1,225.1.1,是,180-280,nanyue,baiyuefanlin,,,,,允许随机特质,184 部族县平民持有者,zz_hd_fictional_county_holders_184.txt,5732,zhe
虚构,开局填充-领主,蒯聩,hd_fictional_holder_c_uuii_p_6742,,154.1.1,225.1.1,是,180-280,shanyue,baiyuefanlin,,,,,允许随机特质,184 部族县平民持有者,zz_hd_fictional_county_holders_184.txt,5746,kuaikui
虚构,开局填充-领主,斑,hd_fictional_holder_c_uuii_p_6762,,154.1.1,225.1.1,是,180-280,wuling,guiwu,,,,,允许随机特质,184 部族县平民持有者,zz_hd_fictional_county_holders_184.txt,5760,ban1
虚构,开局填充-领主,起,hd_fictional_holder_c_uuii_p_6774,,154.1.1,225.1.1,是,180-280,luoyue,baiyuefanlin,,,,,允许随机特质,184 部族县平民持有者,zz_hd_fictional_county_holders_184.txt,5774,qi6
虚构,开局填充-领主,黔,hd_fictional_holder_c_uuii_p_6779,,154.1.1,225.1.1,是,180-280,shanyue,baiyuefanlin,,,,,允许随机特质,184 部族县平民持有者,zz_hd_fictional_county_holders_184.txt,5788,qian1
虚构,开局填充-领主,弗,hd_fictional_holder_c_uuii_p_6787,,154.1.1,225.1.1,是,180-280,shanyue,baiyuefanlin,,,,,允许随机特质,184 部族县平民持有者,zz_hd_fictional_county_holders_184.txt,5802,fu2
虚构,开局填充-领主,训,hd_fictional_holder_c_uuii_p_6802,,154.1.1,225.1.1,是,180-280,wuhu,baiyuefanlin,,,,,允许随机特质,184 部族县平民持有者,zz_hd_fictional_county_holders_184.txt,5816,xun1
虚构,开局填充-领主,不逝,hd_fictional_holder_c_uuii_p_6811,,154.1.1,225.1.1,是,180-280,shanyue,baiyuefanlin,,,,,允许随机特质,184 部族县平民持有者,zz_hd_fictional_county_holders_184.txt,5830,bushi
虚构,开局填充-领主,劲,hd_fictional_holder_c_uuii_p_6812,,154.1.1,225.1.1,是,180-280,yangzhou,mahayana,,,,,允许随机特质,184 部族县平民持有者,zz_hd_fictional_county_holders_184.txt,5844,jing1
虚构,开局填充-领主,公期,hd_fictional_holder_c_uuii_p_6824,,154.1.1,225.1.1,是,180-280,shanyue,baiyuefanlin,,,,,允许随机特质,184 部族县平民持有者,zz_hd_fictional_county_holders_184.txt,5858,gongqi
虚构,开局填充-领主,角,hd_fictional_holder_c_uuii_p_6827,,154.1.1,225.1.1,是,180-280,shanyue,baiyuefanlin,,,,,允许随机特质,184 部族县平民持有者,zz_hd_fictional_county_holders_184.txt,5872,jiao1
虚构,开局填充-领主,单,hd_fictional_holder_c_uuii_p_6842,,154.1.1,225.1.1,是,180-280,jiaozhou,mahayana,,,,,允许随机特质,184 部族县平民持有者,zz_hd_fictional_county_holders_184.txt,5886,dan4
虚构,开局填充-领主,惠孙,hd_fictional_holder_c_uuii_p_6850,,154.1.1,225.1.1,是,180-280,wuhu,baiyuefanlin,,,,,允许随机特质,184 部族县平民持有者,zz_hd_fictional_county_holders_184.txt,5900,huisun
虚构,开局填充-领主,耳,hd_fictional_holder_c_uuii_p_6860,,154.1.1,225.1.1,是,180-280,nanyue,baiyuefanlin,,,,,允许随机特质,184 部族县平民持有者,zz_hd_fictional_county_holders_184.txt,5914,er
虚构,开局填充-领主,端,hd_fictional_holder_c_uuii_p_7006,,154.1.1,225.1.1,是,180-280,nanman,guiwu,,,,,随机名单取名；允许随机特质,184 部族县平民持有者,zz_hd_fictional_county_holders_184.txt,5928,hmongic_nanman_nn_11
虚构,开局填充-领主,亶,hd_fictional_holder_c_uuii_p_5210,,154.1.1,225.1.1,是,180-280,wuhu,baiyuefanlin,,,,,允许随机特质,184 部族县平民持有者,zz_hd_fictional_county_holders_184.txt,5942,dan
虚构,开局填充-领主,傣,hd_fictional_holder_c_uuii_p_5208,,154.1.1,225.1.1,是,180-280,wuhu,baiyuefanlin,,,,,允许随机特质,184 部族县平民持有者,zz_hd_fictional_county_holders_184.txt,5956,tai
虚构,开局填充-领主,雍,hd_fictional_holder_c_uuii_p_5228,,154.1.1,225.1.1,是,180-280,wuhu,baiyuefanlin,,,,,允许随机特质,184 部族县平民持有者,zz_hd_fictional_county_holders_184.txt,5970,yong
虚构,开局填充-领主,历,hd_fictional_holder_c_uuii_p_5203,,154.1.1,225.1.1,是,180-280,nanyue,baiyuefanlin,,,,,允许随机特质,184 部族县平民持有者,zz_hd_fictional_county_holders_184.txt,5984,li
虚构,开局填充-领主,昌,hd_fictional_holder_c_uuii_p_5884,,154.1.1,225.1.1,是,180-280,zhuyai,baiyuefanlin,,,,,允许随机特质,184 部族县平民持有者,zz_hd_fictional_county_holders_184.txt,5998,chang
虚构,开局填充-领主,仲,hd_fictional_holder_c_uuii_p_5205,,154.1.1,225.1.1,是,180-280,zhuyai,baiyuefanlin,,,,,允许随机特质,184 部族县平民持有者,zz_hd_fictional_county_holders_184.txt,6012,zhong
虚构,开局填充-领主,复,hd_fictional_holder_c_uuii_p_5163,,154.1.1,225.1.1,是,180-280,zhuyai,baiyuefanlin,,,,,允许随机特质,184 部族县平民持有者,zz_hd_fictional_county_holders_184.txt,6026,fu
虚构,开局填充-领主,考,hd_fictional_holder_c_uuii_p_5167,,154.1.1,225.1.1,是,180-280,zhuyai,baiyuefanlin,,,,,允许随机特质,184 部族县平民持有者,zz_hd_fictional_county_holders_184.txt,6040,kao
虚构,开局填充-领主,亶,hd_fictional_holder_c_uuii_p_5186,,154.1.1,225.1.1,是,180-280,zhuyai,baiyuefanlin,,,,,允许随机特质,184 部族县平民持有者,zz_hd_fictional_county_holders_184.txt,6054,dan
虚构,开局填充-领主,傣,hd_fictional_holder_c_uuii_p_6328,,154.1.1,225.1.1,是,180-280,zhuyai,baiyuefanlin,,,,,允许随机特质,184 部族县平民持有者,zz_hd_fictional_county_holders_184.txt,6068,tai
虚构,开局填充-领主,宝,hd_fictional_holder_c_uuii_p_3468,,154.1.1,225.1.1,是,180-280,xianbei,xianbei_polytheism,,,,,随机名单取名；允许随机特质,184 部族县平民持有者,zz_hd_fictional_county_holders_184.txt,6082,mongolic_xianbei_nn_0
虚构,开局填充-领主,,hd_fictional_holder_c_uuii_p_3483,,154.1.1,225.1.1,是,180-280,goguryeo,yemaek_shamanism,,,,,允许随机特质,184 部族县平民持有者,zz_hd_fictional_county_holders_184.txt,6096,Bo_dang
虚构,开局填充-领主,阿巴赤,hd_fictional_holder_c_uuii_p_3850,,154.1.1,225.1.1,是,180-280,wuhuan,mahayana,,,,,随机名单取名；允许随机特质,184 部族县平民持有者,zz_hd_fictional_county_holders_184.txt,6110,mongolic_wuhuan_nn_1
虚构,开局填充-领主,,hd_fictional_holder_c_uuii_p_3448,,154.1.1,225.1.1,是,180-280,goguryeo,yemaek_shamanism,,,,,允许随机特质,184 部族县平民持有者,zz_hd_fictional_county_holders_184.txt,6124,Bo_go
虚构,开局填充-领主,宝,hd_fictional_holder_c_uuii_p_5353,,154.1.1,225.1.1,是,180-280,nanman,guiwu,,,,,随机名单取名；允许随机特质,184 部族县平民持有者,zz_hd_fictional_county_holders_184.txt,6138,hmongic_nanman_nn_1
虚构,开局填充-领主,豹,hd_fictional_holder_c_uuii_p_5354,,154.1.1,225.1.1,是,180-280,nanman,guiwu,,,,,随机名单取名；允许随机特质,184 部族县平民持有者,zz_hd_fictional_county_holders_184.txt,6152,hmongic_nanman_nn_2
虚构,开局填充-领主,彬,hd_fictional_holder_c_uuii_p_5369,,154.1.1,225.1.1,是,180-280,nanman,guiwu,,,,,随机名单取名；允许随机特质,184 部族县平民持有者,zz_hd_fictional_county_holders_184.txt,6166,hmongic_nanman_nn_3
虚构,开局填充-领主,兵,hd_fictional_holder_c_uuii_p_5356,,154.1.1,225.1.1,是,180-280,nanman,guiwu,,,,,随机名单取名；允许随机特质,184 部族县平民持有者,zz_hd_fictional_county_holders_184.txt,6180,hmongic_nanman_nn_4
虚构,开局填充-领主,沧海,hd_fictional_holder_c_uuii_p_5351,,154.1.1,225.1.1,是,180-280,nanman,guiwu,,,,,随机名单取名；允许随机特质,184 部族县平民持有者,zz_hd_fictional_county_holders_184.txt,6194,hmongic_nanman_nn_5
虚构,开局填充-领主,雍,hd_fictional_holder_c_uuii_p_3662,,154.1.1,225.1.1,是,180-280,wuling,guiwu,,,,,允许随机特质,184 部族县平民持有者,zz_hd_fictional_county_holders_184.txt,6208,yong
虚构,开局填充-领主,昌,hd_fictional_holder_c_uuii_p_6683,,154.1.1,225.1.1,是,180-280,shanyue,baiyuefanlin,,,,,允许随机特质,184 部族县平民持有者,zz_hd_fictional_county_holders_184.txt,6222,chang
虚构,开局填充-领主,仲,hd_fictional_holder_c_uuii_p_5615,,154.1.1,225.1.1,是,180-280,shanyue,baiyuefanlin,,,,,允许随机特质,184 部族县平民持有者,zz_hd_fictional_county_holders_184.txt,6236,zhong
虚构,彩蛋/古典小说,柴进,chai_jin,,168.1.1,,是,180-280,jizhou,jingxue,,house_hd_chai,,,演义/文艺虚构名单命中,《水浒传》柴进，穿越到东汉,zz_hd_chai_jin.txt,2,hd_chai_jin_name
虚构,彩蛋/外国文学,吉哈诺阿隆索,alonso_quijano,,134.1.1,1615.1.1,是,180-280,castilian,catholic,,house_hd_quijano,,,,《堂吉诃德》主角，穿越加入,zz_hd_don_quijote.txt,2,hd_alonso_quijano_name
虚构,彩蛋/自定义角色,簸箕天为,bokitewi,,165.1.1,,是,180-280,greek,hellenic_pagan,,house_boki,,,,作者自设角色（希腊文化）,zz_hd_bokitewi.txt,1,bokitewi_name
虚构,彩蛋/自定义角色,唐明,tang_ming,,164.1.1,210.7.1,是,180-280,jingzhou,jingxue,,house_hd_changsha_tang,,,演义/文艺虚构名单命中,注释自称“自定义角色”,zz_hd_tang_ming.txt,3,hd_tang_ming_name
虚构,技术占位,无名氏,easteregg_joe_parkin,,500.1.1,501.1.1,,280-600,han,mahayana,,,,,仅知姓氏（某氏）,原版/DLC脚本链接兼容桩，500年生501年死,zz_uuii_vanilla_script_link_stubs.txt,3,uuii_compatibility_character
虚构,技术占位,无名氏,41702,,500.1.1,501.1.1,,280-600,han,mahayana,,,,,仅知姓氏（某氏）,原版/DLC脚本链接兼容桩，500年生501年死,zz_uuii_vanilla_script_link_stubs.txt,11,uuii_compatibility_character
虚构,技术占位,无名氏,107590,,500.1.1,501.1.1,,280-600,han,mahayana,,,,,仅知姓氏（某氏）,原版/DLC脚本链接兼容桩，500年生501年死,zz_uuii_vanilla_script_link_stubs.txt,19,uuii_compatibility_character
虚构,技术占位,无名氏,466517,,500.1.1,501.1.1,,280-600,han,mahayana,,,,,仅知姓氏（某氏）,原版/DLC脚本链接兼容桩，500年生501年死,zz_uuii_vanilla_script_link_stubs.txt,27,uuii_compatibility_character
虚构,技术占位,无名氏,34281,,500.1.1,501.1.1,,280-600,han,mahayana,,,,,仅知姓氏（某氏）,原版/DLC脚本链接兼容桩，500年生501年死,zz_uuii_vanilla_script_link_stubs.txt,35,uuii_compatibility_character
虚构,技术占位,无名氏,215009,,500.1.1,501.1.1,,280-600,han,mahayana,,,,,仅知姓氏（某氏）,原版/DLC脚本链接兼容桩，500年生501年死,zz_uuii_vanilla_script_link_stubs.txt,43,uuii_compatibility_character
虚构,技术占位,无名氏,6878,,500.1.1,501.1.1,,280-600,han,mahayana,,,,,仅知姓氏（某氏）,原版/DLC脚本链接兼容桩，500年生501年死,zz_uuii_vanilla_script_link_stubs.txt,51,uuii_compatibility_character
虚构,技术占位,无名氏,japanese_minamoto_seiwa_10,,500.1.1,501.1.1,,280-600,han,mahayana,,,,,仅知姓氏（某氏）,原版/DLC脚本链接兼容桩，500年生501年死,zz_uuii_vanilla_script_link_stubs.txt,59,uuii_compatibility_character
虚构,技术占位,无名氏,easteregg_alessandro_bragalini,,500.1.1,501.1.1,,280-600,han,mahayana,,,,,仅知姓氏（某氏）,原版/DLC脚本链接兼容桩，500年生501年死,zz_uuii_vanilla_script_link_stubs.txt,67,uuii_compatibility_character
虚构,技术占位,无名氏,159137,,500.1.1,501.1.1,,280-600,han,mahayana,,,,,仅知姓氏（某氏）,原版/DLC脚本链接兼容桩，500年生501年死,zz_uuii_vanilla_script_link_stubs.txt,75,uuii_compatibility_character
虚构,技术占位,无名氏,109607,,500.1.1,501.1.1,,280-600,han,mahayana,,,,,仅知姓氏（某氏）,原版/DLC脚本链接兼容桩，500年生501年死,zz_uuii_vanilla_script_link_stubs.txt,83,uuii_compatibility_character
虚构,技术占位,无名氏,easteregg_daan_broekhof,,500.1.1,501.1.1,,280-600,han,mahayana,,,,,仅知姓氏（某氏）,原版/DLC脚本链接兼容桩，500年生501年死,zz_uuii_vanilla_script_link_stubs.txt,91,uuii_compatibility_character
虚构,技术占位,无名氏,33922,,500.1.1,501.1.1,,280-600,han,mahayana,,,,,仅知姓氏（某氏）,原版/DLC脚本链接兼容桩，500年生501年死,zz_uuii_vanilla_script_link_stubs.txt,99,uuii_compatibility_character
虚构,技术占位,无名氏,120,,500.1.1,501.1.1,,280-600,han,mahayana,,,,,仅知姓氏（某氏）,原版/DLC脚本链接兼容桩，500年生501年死,zz_uuii_vanilla_script_link_stubs.txt,107,uuii_compatibility_character
虚构,技术占位,无名氏,90028,,500.1.1,501.1.1,,280-600,han,mahayana,,,,,仅知姓氏（某氏）,原版/DLC脚本链接兼容桩，500年生501年死,zz_uuii_vanilla_script_link_stubs.txt,115,uuii_compatibility_character
虚构,技术占位,无名氏,112,,500.1.1,501.1.1,,280-600,han,mahayana,,,,,仅知姓氏（某氏）,原版/DLC脚本链接兼容桩，500年生501年死,zz_uuii_vanilla_script_link_stubs.txt,123,uuii_compatibility_character
虚构,技术占位,无名氏,124,,500.1.1,501.1.1,,280-600,han,mahayana,,,,,仅知姓氏（某氏）,原版/DLC脚本链接兼容桩，500年生501年死,zz_uuii_vanilla_script_link_stubs.txt,131,uuii_compatibility_character
虚构,技术占位,无名氏,140,,500.1.1,501.1.1,,280-600,han,mahayana,,,,,仅知姓氏（某氏）,原版/DLC脚本链接兼容桩，500年生501年死,zz_uuii_vanilla_script_link_stubs.txt,139,uuii_compatibility_character
虚构,技术占位,无名氏,dynamic_mongol_1,,500.1.1,501.1.1,,280-600,han,mahayana,,,,,仅知姓氏（某氏）,原版/DLC脚本链接兼容桩，500年生501年死,zz_uuii_vanilla_script_link_stubs.txt,147,uuii_compatibility_character
虚构,技术占位,无名氏,dynamic_mongol_2,,500.1.1,501.1.1,,280-600,han,mahayana,,,,,仅知姓氏（某氏）,原版/DLC脚本链接兼容桩，500年生501年死,zz_uuii_vanilla_script_link_stubs.txt,155,uuii_compatibility_character
虚构,技术占位,无名氏,223523,,500.1.1,501.1.1,,280-600,han,mahayana,,,,,仅知姓氏（某氏）,原版/DLC脚本链接兼容桩，500年生501年死,zz_uuii_vanilla_script_link_stubs.txt,163,uuii_compatibility_character
虚构,技术占位,无名氏,animation_test_female_pregnant,,500.1.1,501.1.1,,280-600,han,mahayana,,,,,仅知姓氏（某氏）,原版/DLC脚本链接兼容桩，500年生501年死,zz_uuii_vanilla_script_link_stubs.txt,171,uuii_compatibility_character
虚构,技术占位,无名氏,83355,,500.1.1,501.1.1,,280-600,han,mahayana,,,,,仅知姓氏（某氏）,原版/DLC脚本链接兼容桩，500年生501年死,zz_uuii_vanilla_script_link_stubs.txt,179,uuii_compatibility_character
虚构,技术占位,无名氏,1128,,500.1.1,501.1.1,,280-600,han,mahayana,,,,,仅知姓氏（某氏）,原版/DLC脚本链接兼容桩，500年生501年死,zz_uuii_vanilla_script_link_stubs.txt,187,uuii_compatibility_character
虚构,技术占位,无名氏,easteregg_henry_of_skalitz,,500.1.1,501.1.1,,280-600,han,mahayana,,,,,仅知姓氏（某氏）,原版/DLC脚本链接兼容桩，500年生501年死,zz_uuii_vanilla_script_link_stubs.txt,195,uuii_compatibility_character
虚构,技术占位,无名氏,easteregg_henry_kobyla,,500.1.1,501.1.1,,280-600,han,mahayana,,,,,仅知姓氏（某氏）,原版/DLC脚本链接兼容桩，500年生501年死,zz_uuii_vanilla_script_link_stubs.txt,203,uuii_compatibility_character
虚构,技术占位,无名氏,easteregg_henry_kobyla_late,,500.1.1,501.1.1,,280-600,han,mahayana,,,,,仅知姓氏（某氏）,原版/DLC脚本链接兼容桩，500年生501年死,zz_uuii_vanilla_script_link_stubs.txt,211,uuii_compatibility_character
虚构,技术占位,无名氏,3924,,500.1.1,501.1.1,,280-600,han,mahayana,,,,,仅知姓氏（某氏）,原版/DLC脚本链接兼容桩，500年生501年死,zz_uuii_vanilla_script_link_stubs.txt,219,uuii_compatibility_character
虚构,技术占位,无名氏,7757,,500.1.1,501.1.1,,280-600,han,mahayana,,,,,仅知姓氏（某氏）,原版/DLC脚本链接兼容桩，500年生501年死,zz_uuii_vanilla_script_link_stubs.txt,227,uuii_compatibility_character
虚构,技术占位,无名氏,125501,,500.1.1,501.1.1,,280-600,han,mahayana,,,,,仅知姓氏（某氏）,原版/DLC脚本链接兼容桩，500年生501年死,zz_uuii_vanilla_script_link_stubs.txt,235,uuii_compatibility_character
虚构,技术占位,无名氏,214000,,500.1.1,501.1.1,,280-600,han,mahayana,,,,,仅知姓氏（某氏）,原版/DLC脚本链接兼容桩，500年生501年死,zz_uuii_vanilla_script_link_stubs.txt,243,uuii_compatibility_character
虚构,技术占位,无名氏,mpo_mongol_1,,500.1.1,501.1.1,,280-600,han,mahayana,,,,,仅知姓氏（某氏）,原版/DLC脚本链接兼容桩，500年生501年死,zz_uuii_vanilla_script_link_stubs.txt,251,uuii_compatibility_character
虚构,技术占位,无名氏,122,,500.1.1,501.1.1,,280-600,han,mahayana,,,,,仅知姓氏（某氏）,原版/DLC脚本链接兼容桩，500年生501年死,zz_uuii_vanilla_script_link_stubs.txt,259,uuii_compatibility_character
虚构,技术占位,无名氏,33911,,500.1.1,501.1.1,,280-600,han,mahayana,,,,,仅知姓氏（某氏）,原版/DLC脚本链接兼容桩，500年生501年死,zz_uuii_vanilla_script_link_stubs.txt,267,uuii_compatibility_character
虚构,技术占位,无名氏,205072,,500.1.1,501.1.1,,280-600,han,mahayana,,,,,仅知姓氏（某氏）,原版/DLC脚本链接兼容桩，500年生501年死,zz_uuii_vanilla_script_link_stubs.txt,275,uuii_compatibility_character
虚构,技术占位,无名氏,6392,,500.1.1,501.1.1,,280-600,han,mahayana,,,,,仅知姓氏（某氏）,原版/DLC脚本链接兼容桩，500年生501年死,zz_uuii_vanilla_script_link_stubs.txt,283,uuii_compatibility_character
虚构,技术占位,无名氏,easteregg_veronica_pazos,,500.1.1,501.1.1,,280-600,han,mahayana,,,,,仅知姓氏（某氏）,原版/DLC脚本链接兼容桩，500年生501年死,zz_uuii_vanilla_script_link_stubs.txt,291,uuii_compatibility_character
虚构,技术占位,无名氏,90107,,500.1.1,501.1.1,,280-600,han,mahayana,,,,,仅知姓氏（某氏）,原版/DLC脚本链接兼容桩，500年生501年死,zz_uuii_vanilla_script_link_stubs.txt,299,uuii_compatibility_character
虚构,技术占位,无名氏,3096,,500.1.1,501.1.1,,280-600,han,mahayana,,,,,仅知姓氏（某氏）,原版/DLC脚本链接兼容桩，500年生501年死,zz_uuii_vanilla_script_link_stubs.txt,307,uuii_compatibility_character
虚构,技术占位,无名氏,andalusian_0003,,500.1.1,501.1.1,,280-600,han,mahayana,,,,,仅知姓氏（某氏）,原版/DLC脚本链接兼容桩，500年生501年死,zz_uuii_vanilla_script_link_stubs.txt,315,uuii_compatibility_character
虚构,技术占位,无名氏,74025,,500.1.1,501.1.1,,280-600,han,mahayana,,,,,仅知姓氏（某氏）,原版/DLC脚本链接兼容桩，500年生501年死,zz_uuii_vanilla_script_link_stubs.txt,323,uuii_compatibility_character
虚构,技术占位,无名氏,33358,,500.1.1,501.1.1,,280-600,han,mahayana,,,,,仅知姓氏（某氏）,原版/DLC脚本链接兼容桩，500年生501年死,zz_uuii_vanilla_script_link_stubs.txt,331,uuii_compatibility_character
虚构,技术占位,无名氏,7627,,500.1.1,501.1.1,,280-600,han,mahayana,,,,,仅知姓氏（某氏）,原版/DLC脚本链接兼容桩，500年生501年死,zz_uuii_vanilla_script_link_stubs.txt,339,uuii_compatibility_character
虚构,技术占位,无名氏,251187,,500.1.1,501.1.1,,280-600,han,mahayana,,,,,仅知姓氏（某氏）,原版/DLC脚本链接兼容桩，500年生501年死,zz_uuii_vanilla_script_link_stubs.txt,347,uuii_compatibility_character
虚构,技术占位,无名氏,251180,,500.1.1,501.1.1,,280-600,han,mahayana,,,,,仅知姓氏（某氏）,原版/DLC脚本链接兼容桩，500年生501年死,zz_uuii_vanilla_script_link_stubs.txt,355,uuii_compatibility_character
虚构,技术占位,无名氏,251181,,500.1.1,501.1.1,,280-600,han,mahayana,,,,,仅知姓氏（某氏）,原版/DLC脚本链接兼容桩，500年生501年死,zz_uuii_vanilla_script_link_stubs.txt,363,uuii_compatibility_character
虚构,技术占位,无名氏,bookmark_huang_chao,,500.1.1,501.1.1,,280-600,han,mahayana,,,,,仅知姓氏（某氏）,原版/DLC脚本链接兼容桩，500年生501年死,zz_uuii_vanilla_script_link_stubs.txt,371,uuii_compatibility_character
虚构,技术占位,无名氏,223522,,500.1.1,501.1.1,,280-600,han,mahayana,,,,,仅知姓氏（某氏）,原版/DLC脚本链接兼容桩，500年生501年死,zz_uuii_vanilla_script_link_stubs.txt,379,uuii_compatibility_character
虚构,技术占位,无名氏,223541,,500.1.1,501.1.1,,280-600,han,mahayana,,,,,仅知姓氏（某氏）,原版/DLC脚本链接兼容桩，500年生501年死,zz_uuii_vanilla_script_link_stubs.txt,387,uuii_compatibility_character
虚构,技术占位,无名氏,tangut_liang_1,,500.1.1,501.1.1,,280-600,han,mahayana,,,,,仅知姓氏（某氏）,原版/DLC脚本链接兼容桩，500年生501年死,zz_uuii_vanilla_script_link_stubs.txt,395,uuii_compatibility_character
虚构,技术占位,无名氏,206651,,500.1.1,501.1.1,,280-600,han,mahayana,,,,,仅知姓氏（某氏）,原版/DLC脚本链接兼容桩，500年生501年死,zz_uuii_vanilla_script_link_stubs.txt,403,uuii_compatibility_character
虚构,技术占位,无名氏,st_amand_1,,500.1.1,501.1.1,,280-600,han,mahayana,,,,,仅知姓氏（某氏）,原版/DLC脚本链接兼容桩，500年生501年死,zz_uuii_vanilla_script_link_stubs.txt,411,uuii_compatibility_character
虚构,技术占位,无名氏,231000,,500.1.1,501.1.1,,280-600,han,mahayana,,,,,仅知姓氏（某氏）,原版/DLC脚本链接兼容桩，500年生501年死,zz_uuii_vanilla_script_link_stubs.txt,419,uuii_compatibility_character
虚构,技术占位,无名氏,214,,500.1.1,501.1.1,,280-600,han,mahayana,,,,,仅知姓氏（某氏）,原版/DLC脚本链接兼容桩，500年生501年死,zz_uuii_vanilla_script_link_stubs.txt,427,uuii_compatibility_character
虚构,技术占位,无名氏,364,,500.1.1,501.1.1,,280-600,han,mahayana,,,,,仅知姓氏（某氏）,原版/DLC脚本链接兼容桩，500年生501年死,zz_uuii_vanilla_script_link_stubs.txt,435,uuii_compatibility_character
虚构,技术占位,无名氏,208,,500.1.1,501.1.1,,280-600,han,mahayana,,,,,仅知姓氏（某氏）,原版/DLC脚本链接兼容桩，500年生501年死,zz_uuii_vanilla_script_link_stubs.txt,443,uuii_compatibility_character
虚构,技术占位,无名氏,40905,,500.1.1,501.1.1,,280-600,han,mahayana,,,,,仅知姓氏（某氏）,原版/DLC脚本链接兼容桩，500年生501年死,zz_uuii_vanilla_script_link_stubs.txt,451,uuii_compatibility_character
虚构,技术占位,无名氏,40376,,500.1.1,501.1.1,,280-600,han,mahayana,,,,,仅知姓氏（某氏）,原版/DLC脚本链接兼容桩，500年生501年死,zz_uuii_vanilla_script_link_stubs.txt,459,uuii_compatibility_character
虚构,技术占位,无名氏,additional_fatimids_1,,500.1.1,501.1.1,,280-600,han,mahayana,,,,,仅知姓氏（某氏）,原版/DLC脚本链接兼容桩，500年生501年死,zz_uuii_vanilla_script_link_stubs.txt,467,uuii_compatibility_character
虚构,技术占位,无名氏,110550,,500.1.1,501.1.1,,280-600,han,mahayana,,,,,仅知姓氏（某氏）,原版/DLC脚本链接兼容桩，500年生501年死,zz_uuii_vanilla_script_link_stubs.txt,475,uuii_compatibility_character
虚构,技术占位,无名氏,110514,,500.1.1,501.1.1,,280-600,han,mahayana,,,,,仅知姓氏（某氏）,原版/DLC脚本链接兼容桩，500年生501年死,zz_uuii_vanilla_script_link_stubs.txt,483,uuii_compatibility_character
虚构,技术占位,无名氏,106520,,500.1.1,501.1.1,,280-600,han,mahayana,,,,,仅知姓氏（某氏）,原版/DLC脚本链接兼容桩，500年生501年死,zz_uuii_vanilla_script_link_stubs.txt,491,uuii_compatibility_character
虚构,技术占位,无名氏,368,,500.1.1,501.1.1,,280-600,han,mahayana,,,,,仅知姓氏（某氏）,原版/DLC脚本链接兼容桩，500年生501年死,zz_uuii_vanilla_script_link_stubs.txt,499,uuii_compatibility_character
虚构,技术占位,无名氏,100530,,500.1.1,501.1.1,,280-600,han,mahayana,,,,,仅知姓氏（某氏）,原版/DLC脚本链接兼容桩，500年生501年死,zz_uuii_vanilla_script_link_stubs.txt,507,uuii_compatibility_character
虚构,技术占位,无名氏,100529,,500.1.1,501.1.1,,280-600,han,mahayana,,,,,仅知姓氏（某氏）,原版/DLC脚本链接兼容桩，500年生501年死,zz_uuii_vanilla_script_link_stubs.txt,515,uuii_compatibility_character
虚构,技术占位,无名氏,476,,500.1.1,501.1.1,,280-600,han,mahayana,,,,,仅知姓氏（某氏）,原版/DLC脚本链接兼容桩，500年生501年死,zz_uuii_vanilla_script_link_stubs.txt,523,uuii_compatibility_character
虚构,技术占位,无名氏,637,,500.1.1,501.1.1,,280-600,han,mahayana,,,,,仅知姓氏（某氏）,原版/DLC脚本链接兼容桩，500年生501年死,zz_uuii_vanilla_script_link_stubs.txt,531,uuii_compatibility_character
虚构,技术占位,无名氏,9957,,500.1.1,501.1.1,,280-600,han,mahayana,,,,,仅知姓氏（某氏）,原版/DLC脚本链接兼容桩，500年生501年死,zz_uuii_vanilla_script_link_stubs.txt,539,uuii_compatibility_character
虚构,技术占位,无名氏,9956,,500.1.1,501.1.1,,280-600,han,mahayana,,,,,仅知姓氏（某氏）,原版/DLC脚本链接兼容桩，500年生501年死,zz_uuii_vanilla_script_link_stubs.txt,547,uuii_compatibility_character
虚构,技术占位,无名氏,3040,,500.1.1,501.1.1,,280-600,han,mahayana,,,,,仅知姓氏（某氏）,原版/DLC脚本链接兼容桩，500年生501年死,zz_uuii_vanilla_script_link_stubs.txt,555,uuii_compatibility_character
虚构,技术占位,无名氏,3050,,500.1.1,501.1.1,,280-600,han,mahayana,,,,,仅知姓氏（某氏）,原版/DLC脚本链接兼容桩，500年生501年死,zz_uuii_vanilla_script_link_stubs.txt,563,uuii_compatibility_character
虚构,技术占位,无名氏,1732,,500.1.1,501.1.1,,280-600,han,mahayana,,,,,仅知姓氏（某氏）,原版/DLC脚本链接兼容桩，500年生501年死,zz_uuii_vanilla_script_link_stubs.txt,571,uuii_compatibility_character
虚构,技术占位,无名氏,1736,,500.1.1,501.1.1,,280-600,han,mahayana,,,,,仅知姓氏（某氏）,原版/DLC脚本链接兼容桩，500年生501年死,zz_uuii_vanilla_script_link_stubs.txt,579,uuii_compatibility_character
虚构,技术占位,无名氏,205730,,500.1.1,501.1.1,,280-600,han,mahayana,,,,,仅知姓氏（某氏）,原版/DLC脚本链接兼容桩，500年生501年死,zz_uuii_vanilla_script_link_stubs.txt,587,uuii_compatibility_character
虚构,技术占位,无名氏,204510,,500.1.1,501.1.1,,280-600,han,mahayana,,,,,仅知姓氏（某氏）,原版/DLC脚本链接兼容桩，500年生501年死,zz_uuii_vanilla_script_link_stubs.txt,595,uuii_compatibility_character
虚构,技术占位,无名氏,144056,,500.1.1,501.1.1,,280-600,han,mahayana,,,,,仅知姓氏（某氏）,原版/DLC脚本链接兼容桩，500年生501年死,zz_uuii_vanilla_script_link_stubs.txt,603,uuii_compatibility_character
虚构,技术占位,无名氏,144052,,500.1.1,501.1.1,,280-600,han,mahayana,,,,,仅知姓氏（某氏）,原版/DLC脚本链接兼容桩，500年生501年死,zz_uuii_vanilla_script_link_stubs.txt,611,uuii_compatibility_character
虚构,技术占位,无名氏,215530,,500.1.1,501.1.1,,280-600,han,mahayana,,,,,仅知姓氏（某氏）,原版/DLC脚本链接兼容桩，500年生501年死,zz_uuii_vanilla_script_link_stubs.txt,619,uuii_compatibility_character
虚构,技术占位,无名氏,215531,,500.1.1,501.1.1,,280-600,han,mahayana,,,,,仅知姓氏（某氏）,原版/DLC脚本链接兼容桩，500年生501年死,zz_uuii_vanilla_script_link_stubs.txt,627,uuii_compatibility_character
虚构,技术占位,无名氏,204500,,500.1.1,501.1.1,,280-600,han,mahayana,,,,,仅知姓氏（某氏）,原版/DLC脚本链接兼容桩，500年生501年死,zz_uuii_vanilla_script_link_stubs.txt,635,uuii_compatibility_character
虚构,技术占位,无名氏,204508,,500.1.1,501.1.1,,280-600,han,mahayana,,,,,仅知姓氏（某氏）,原版/DLC脚本链接兼容桩，500年生501年死,zz_uuii_vanilla_script_link_stubs.txt,643,uuii_compatibility_character
虚构,技术占位,无名氏,209503,,500.1.1,501.1.1,,280-600,han,mahayana,,,,,仅知姓氏（某氏）,原版/DLC脚本链接兼容桩，500年生501年死,zz_uuii_vanilla_script_link_stubs.txt,651,uuii_compatibility_character
虚构,技术占位,无名氏,209510,,500.1.1,501.1.1,,280-600,han,mahayana,,,,,仅知姓氏（某氏）,原版/DLC脚本链接兼容桩，500年生501年死,zz_uuii_vanilla_script_link_stubs.txt,659,uuii_compatibility_character
虚构,技术占位,无名氏,188912,,500.1.1,501.1.1,,280-600,han,mahayana,,,,,仅知姓氏（某氏）,原版/DLC脚本链接兼容桩，500年生501年死,zz_uuii_vanilla_script_link_stubs.txt,667,uuii_compatibility_character
虚构,技术占位,无名氏,188909,,500.1.1,501.1.1,,280-600,han,mahayana,,,,,仅知姓氏（某氏）,原版/DLC脚本链接兼容桩，500年生501年死,zz_uuii_vanilla_script_link_stubs.txt,675,uuii_compatibility_character
虚构,技术占位,无名氏,viet_ly_2,,500.1.1,501.1.1,,280-600,han,mahayana,,,,,仅知姓氏（某氏）,原版/DLC脚本链接兼容桩，500年生501年死,zz_uuii_vanilla_script_link_stubs.txt,683,uuii_compatibility_character
虚构,技术占位,无名氏,viet_to_1,,500.1.1,501.1.1,,280-600,han,mahayana,,,,,仅知姓氏（某氏）,原版/DLC脚本链接兼容桩，500年生501年死,zz_uuii_vanilla_script_link_stubs.txt,691,uuii_compatibility_character
虚构,技术占位,无名氏,1700,,500.1.1,501.1.1,,280-600,han,mahayana,,,,,仅知姓氏（某氏）,原版/DLC脚本链接兼容桩，500年生501年死,zz_uuii_vanilla_script_link_stubs.txt,699,uuii_compatibility_character
虚构,技术占位,无名氏,1316,,500.1.1,501.1.1,,280-600,han,mahayana,,,,,仅知姓氏（某氏）,原版/DLC脚本链接兼容桩，500年生501年死,zz_uuii_vanilla_script_link_stubs.txt,707,uuii_compatibility_character
虚构,技术占位,无名氏,906,,500.1.1,501.1.1,,280-600,han,mahayana,,,,,仅知姓氏（某氏）,原版/DLC脚本链接兼容桩，500年生501年死,zz_uuii_vanilla_script_link_stubs.txt,715,uuii_compatibility_character
虚构,技术占位,无名氏,922,,500.1.1,501.1.1,,280-600,han,mahayana,,,,,仅知姓氏（某氏）,原版/DLC脚本链接兼容桩，500年生501年死,zz_uuii_vanilla_script_link_stubs.txt,723,uuii_compatibility_character
虚构,技术占位,无名氏,108501,,500.1.1,501.1.1,,280-600,han,mahayana,,,,,仅知姓氏（某氏）,原版/DLC脚本链接兼容桩，500年生501年死,zz_uuii_vanilla_script_link_stubs.txt,731,uuii_compatibility_character
虚构,技术占位,无名氏,107500,,500.1.1,501.1.1,,280-600,han,mahayana,,,,,仅知姓氏（某氏）,原版/DLC脚本链接兼容桩，500年生501年死,zz_uuii_vanilla_script_link_stubs.txt,739,uuii_compatibility_character
虚构,技术占位,无名氏,107501,,500.1.1,501.1.1,,280-600,han,mahayana,,,,,仅知姓氏（某氏）,原版/DLC脚本链接兼容桩，500年生501年死,zz_uuii_vanilla_script_link_stubs.txt,747,uuii_compatibility_character
虚构,技术占位,无名氏,108500,,500.1.1,501.1.1,,280-600,han,mahayana,,,,,仅知姓氏（某氏）,原版/DLC脚本链接兼容桩，500年生501年死,zz_uuii_vanilla_script_link_stubs.txt,755,uuii_compatibility_character
虚构,技术占位,无名氏,109500,,500.1.1,501.1.1,,280-600,han,mahayana,,,,,仅知姓氏（某氏）,原版/DLC脚本链接兼容桩，500年生501年死,zz_uuii_vanilla_script_link_stubs.txt,763,uuii_compatibility_character
虚构,技术占位,无名氏,163108,,500.1.1,501.1.1,,280-600,han,mahayana,,,,,仅知姓氏（某氏）,原版/DLC脚本链接兼容桩，500年生501年死,zz_uuii_vanilla_script_link_stubs.txt,771,uuii_compatibility_character
虚构,技术占位,无名氏,163110,,500.1.1,501.1.1,,280-600,han,mahayana,,,,,仅知姓氏（某氏）,原版/DLC脚本链接兼容桩，500年生501年死,zz_uuii_vanilla_script_link_stubs.txt,779,uuii_compatibility_character
虚构,技术占位,无名氏,163111,,500.1.1,501.1.1,,280-600,han,mahayana,,,,,仅知姓氏（某氏）,原版/DLC脚本链接兼容桩，500年生501年死,zz_uuii_vanilla_script_link_stubs.txt,787,uuii_compatibility_character
虚构,技术占位,无名氏,163112,,500.1.1,501.1.1,,280-600,han,mahayana,,,,,仅知姓氏（某氏）,原版/DLC脚本链接兼容桩，500年生501年死,zz_uuii_vanilla_script_link_stubs.txt,795,uuii_compatibility_character
虚构,技术占位,无名氏,163119,,500.1.1,501.1.1,,280-600,han,mahayana,,,,,仅知姓氏（某氏）,原版/DLC脚本链接兼容桩，500年生501年死,zz_uuii_vanilla_script_link_stubs.txt,803,uuii_compatibility_character
虚构,技术占位,无名氏,6448,,500.1.1,501.1.1,,280-600,han,mahayana,,,,,仅知姓氏（某氏）,原版/DLC脚本链接兼容桩，500年生501年死,zz_uuii_vanilla_script_link_stubs.txt,811,uuii_compatibility_character
虚构,技术占位,无名氏,522,,500.1.1,501.1.1,,280-600,han,mahayana,,,,,仅知姓氏（某氏）,原版/DLC脚本链接兼容桩，500年生501年死,zz_uuii_vanilla_script_link_stubs.txt,819,uuii_compatibility_character
虚构,技术占位,无名氏,40605,,500.1.1,501.1.1,,280-600,han,mahayana,,,,,仅知姓氏（某氏）,原版/DLC脚本链接兼容桩，500年生501年死,zz_uuii_vanilla_script_link_stubs.txt,827,uuii_compatibility_character
虚构,技术占位,无名氏,73683,,500.1.1,501.1.1,,280-600,han,mahayana,,,,,仅知姓氏（某氏）,原版/DLC脚本链接兼容桩，500年生501年死,zz_uuii_vanilla_script_link_stubs.txt,835,uuii_compatibility_character
虚构,技术占位,无名氏,90160,,500.1.1,501.1.1,,280-600,han,mahayana,,,,,仅知姓氏（某氏）,原版/DLC脚本链接兼容桩，500年生501年死,zz_uuii_vanilla_script_link_stubs.txt,843,uuii_compatibility_character
虚构,技术占位,无名氏,71391,,500.1.1,501.1.1,,280-600,han,mahayana,,,,,仅知姓氏（某氏）,原版/DLC脚本链接兼容桩，500年生501年死,zz_uuii_vanilla_script_link_stubs.txt,851,uuii_compatibility_character
虚构,技术占位,无名氏,castilian0248,,500.1.1,501.1.1,,280-600,han,mahayana,,,,,仅知姓氏（某氏）,原版/DLC脚本链接兼容桩，500年生501年死,zz_uuii_vanilla_script_link_stubs.txt,859,uuii_compatibility_character
虚构,技术占位,无名氏,castilian0249,,500.1.1,501.1.1,,280-600,han,mahayana,,,,,仅知姓氏（某氏）,原版/DLC脚本链接兼容桩，500年生501年死,zz_uuii_vanilla_script_link_stubs.txt,867,uuii_compatibility_character
虚构,技术占位,无名氏,norman_crispin_06,,500.1.1,501.1.1,,280-600,han,mahayana,,,,,仅知姓氏（某氏）,原版/DLC脚本链接兼容桩，500年生501年死,zz_uuii_vanilla_script_link_stubs.txt,875,uuii_compatibility_character
虚构,技术占位,无名氏,3046,,500.1.1,501.1.1,,280-600,han,mahayana,,,,,仅知姓氏（某氏）,原版/DLC脚本链接兼容桩，500年生501年死,zz_uuii_vanilla_script_link_stubs.txt,883,uuii_compatibility_character
虚构,技术占位,无名氏,232504,,500.1.1,501.1.1,,280-600,han,mahayana,,,,,仅知姓氏（某氏）,原版/DLC脚本链接兼容桩，500年生501年死,zz_uuii_vanilla_script_link_stubs.txt,891,uuii_compatibility_character
虚构,技术占位,无名氏,danishmendid_1,,500.1.1,501.1.1,,280-600,han,mahayana,,,,,仅知姓氏（某氏）,原版/DLC脚本链接兼容桩，500年生501年死,zz_uuii_vanilla_script_link_stubs.txt,899,uuii_compatibility_character
虚构,技术占位,无名氏,japanese_yamato_181,,500.1.1,501.1.1,,280-600,han,mahayana,,,,,仅知姓氏（某氏）,原版/DLC脚本链接兼容桩，500年生501年死,zz_uuii_vanilla_script_link_stubs.txt,907,uuii_compatibility_character
虚构,技术占位,无名氏,japanese_lowborn_1,,500.1.1,501.1.1,,280-600,han,mahayana,,,,,仅知姓氏（某氏）,原版/DLC脚本链接兼容桩，500年生501年死,zz_uuii_vanilla_script_link_stubs.txt,915,uuii_compatibility_character
虚构,技术占位,无名氏,japanese_lowborn_2,,500.1.1,501.1.1,,280-600,han,mahayana,,,,,仅知姓氏（某氏）,原版/DLC脚本链接兼容桩，500年生501年死,zz_uuii_vanilla_script_link_stubs.txt,923,uuii_compatibility_character
虚构,技术占位,无名氏,japanese_lowborn_3,,500.1.1,501.1.1,,280-600,han,mahayana,,,,,仅知姓氏（某氏）,原版/DLC脚本链接兼容桩，500年生501年死,zz_uuii_vanilla_script_link_stubs.txt,931,uuii_compatibility_character
虚构,技术占位,无名氏,ding_hui_1,,500.1.1,501.1.1,,280-600,han,mahayana,,,,,仅知姓氏（某氏）,原版/DLC脚本链接兼容桩，500年生501年死,zz_uuii_vanilla_script_link_stubs.txt,939,uuii_compatibility_character
虚构,技术占位,无名氏,zhu_quanzhong_1,,500.1.1,501.1.1,,280-600,han,mahayana,,,,,仅知姓氏（某氏）,原版/DLC脚本链接兼容桩，500年生501年死,zz_uuii_vanilla_script_link_stubs.txt,947,uuii_compatibility_character
虚构,技术占位,无名氏,japanese_miyoshi_4,,500.1.1,501.1.1,,280-600,han,mahayana,,,,,仅知姓氏（某氏）,原版/DLC脚本链接兼容桩，500年生501年死,zz_uuii_vanilla_script_link_stubs.txt,955,uuii_compatibility_character
虚构,技术占位,无名氏,ki_hwon_1,,500.1.1,501.1.1,,280-600,han,mahayana,,,,,仅知姓氏（某氏）,原版/DLC脚本链接兼容桩，500年生501年死,zz_uuii_vanilla_script_link_stubs.txt,963,uuii_compatibility_character
虚构,技术占位,无名氏,toson_1,,500.1.1,501.1.1,,280-600,han,mahayana,,,,,仅知姓氏（某氏）,原版/DLC脚本链接兼容桩，500年生501年死,zz_uuii_vanilla_script_link_stubs.txt,971,uuii_compatibility_character
虚构,技术占位,无名氏,ly_do_doc_1,,500.1.1,501.1.1,,280-600,han,mahayana,,,,,仅知姓氏（某氏）,原版/DLC脚本链接兼容桩，500年生501年死,zz_uuii_vanilla_script_link_stubs.txt,979,uuii_compatibility_character
虚构,技术占位,无名氏,song_jiang_1,,500.1.1,501.1.1,,280-600,han,mahayana,,,,,仅知姓氏（某氏）,原版/DLC脚本链接兼容桩，500年生501年死,zz_uuii_vanilla_script_link_stubs.txt,987,uuii_compatibility_character
虚构,技术占位,无名氏,yang_zongbao_1,,500.1.1,501.1.1,,280-600,han,mahayana,,,,,仅知姓氏（某氏）,原版/DLC脚本链接兼容桩，500年生501年死,zz_uuii_vanilla_script_link_stubs.txt,995,uuii_compatibility_character
虚构,技术占位,无名氏,furong_daokai_1,,500.1.1,501.1.1,,280-600,han,mahayana,,,,,仅知姓氏（某氏）,原版/DLC脚本链接兼容桩，500年生501年死,zz_uuii_vanilla_script_link_stubs.txt,1003,uuii_compatibility_character
虚构,技术占位,无名氏,jojin_1,,500.1.1,501.1.1,,280-600,han,mahayana,,,,,仅知姓氏（某氏）,原版/DLC脚本链接兼容桩，500年生501年死,zz_uuii_vanilla_script_link_stubs.txt,1011,uuii_compatibility_character
虚构,技术占位,无名氏,isawa_no_saburo_1,,500.1.1,501.1.1,,280-600,han,mahayana,,,,,仅知姓氏（某氏）,原版/DLC脚本链接兼容桩，500年生501年死,zz_uuii_vanilla_script_link_stubs.txt,1019,uuii_compatibility_character
虚构,技术占位,无名氏,tsukushi_no_koretaka_1,,500.1.1,501.1.1,,280-600,han,mahayana,,,,,仅知姓氏（某氏）,原版/DLC脚本链接兼容桩，500年生501年死,zz_uuii_vanilla_script_link_stubs.txt,1027,uuii_compatibility_character
虚构,技术占位,无名氏,kim_mu_che_1,,500.1.1,501.1.1,,280-600,han,mahayana,,,,,仅知姓氏（某氏）,原版/DLC脚本链接兼容桩，500年生501年死,zz_uuii_vanilla_script_link_stubs.txt,1035,uuii_compatibility_character
虚构,技术占位,无名氏,baekho_1,,500.1.1,501.1.1,,280-600,han,mahayana,,,,,仅知姓氏（某氏）,原版/DLC脚本链接兼容桩，500年生501年死,zz_uuii_vanilla_script_link_stubs.txt,1043,uuii_compatibility_character
虚构,技术占位,无名氏,khong_lo_1,,500.1.1,501.1.1,,280-600,han,mahayana,,,,,仅知姓氏（某氏）,原版/DLC脚本链接兼容桩，500年生501年死,zz_uuii_vanilla_script_link_stubs.txt,1051,uuii_compatibility_character
虚构,技术占位,无名氏,nga_yamankan_1,,500.1.1,501.1.1,,280-600,han,mahayana,,,,,仅知姓氏（某氏）,原版/DLC脚本链接兼容桩，500年生501年死,zz_uuii_vanilla_script_link_stubs.txt,1059,uuii_compatibility_character
虚构,技术占位,无名氏,mpu_bharada_1,,500.1.1,501.1.1,,280-600,han,mahayana,,,,,仅知姓氏（某氏）,原版/DLC脚本链接兼容桩，500年生501年死,zz_uuii_vanilla_script_link_stubs.txt,1067,uuii_compatibility_character
虚构,技术占位,无名氏,wang_chuyi_1,,500.1.1,501.1.1,,280-600,han,mahayana,,,,,仅知姓氏（某氏）,原版/DLC脚本链接兼容桩，500年生501年死,zz_uuii_vanilla_script_link_stubs.txt,1075,uuii_compatibility_character
虚构,技术占位,无名氏,jiang_kui_1,,500.1.1,501.1.1,,280-600,han,mahayana,,,,,仅知姓氏（某氏）,原版/DLC脚本链接兼容桩，500年生501年死,zz_uuii_vanilla_script_link_stubs.txt,1083,uuii_compatibility_character
虚构,技术占位,无名氏,lembong_1,,500.1.1,501.1.1,,280-600,han,mahayana,,,,,仅知姓氏（某氏）,原版/DLC脚本链接兼容桩，500年生501年死,zz_uuii_vanilla_script_link_stubs.txt,1091,uuii_compatibility_character
虚构,技术占位,无名氏,zhu_zhongba_1,,500.1.1,501.1.1,,280-600,han,mahayana,,,,,仅知姓氏（某氏）,原版/DLC脚本链接兼容桩，500年生501年死,zz_uuii_vanilla_script_link_stubs.txt,1099,uuii_compatibility_character
虚构,技术占位,无名氏,quach_boc_1,,500.1.1,501.1.1,,280-600,han,mahayana,,,,,仅知姓氏（某氏）,原版/DLC脚本链接兼容桩，500年生501年死,zz_uuii_vanilla_script_link_stubs.txt,1107,uuii_compatibility_character
虚构,技术占位,无名氏,il_eom_1,,500.1.1,501.1.1,,280-600,han,mahayana,,,,,仅知姓氏（某氏）,原版/DLC脚本链接兼容桩，500年生501年死,zz_uuii_vanilla_script_link_stubs.txt,1115,uuii_compatibility_character
虚构,技术占位,无名氏,gochi_in_no_tajima_1,,500.1.1,501.1.1,,280-600,han,mahayana,,,,,仅知姓氏（某氏）,原版/DLC脚本链接兼容桩，500年生501年死,zz_uuii_vanilla_script_link_stubs.txt,1123,uuii_compatibility_character
虚构,技术占位,无名氏,shin_capata_1,,500.1.1,501.1.1,,280-600,han,mahayana,,,,,仅知姓氏（某氏）,原版/DLC脚本链接兼容桩，500年生501年死,zz_uuii_vanilla_script_link_stubs.txt,1131,uuii_compatibility_character
虚构,技术占位,无名氏,japanese_minamoto_seiwa_139,,500.1.1,501.1.1,,280-600,han,mahayana,,,,,仅知姓氏（某氏）,原版/DLC脚本链接兼容桩，500年生501年死,zz_uuii_vanilla_script_link_stubs.txt,1139,uuii_compatibility_character
虚构,技术占位,无名氏,japanese_musashibo_1,,500.1.1,501.1.1,,280-600,han,mahayana,,,,,仅知姓氏（某氏）,原版/DLC脚本链接兼容桩，500年生501年死,zz_uuii_vanilla_script_link_stubs.txt,1147,uuii_compatibility_character
虚构,技术占位,无名氏,japanese_ise_2_1,,500.1.1,501.1.1,,280-600,han,mahayana,,,,,仅知姓氏（某氏）,原版/DLC脚本链接兼容桩，500年生501年死,zz_uuii_vanilla_script_link_stubs.txt,1155,uuii_compatibility_character
虚构,技术占位,无名氏,japanese_minamoto_seiwa_207,,500.1.1,501.1.1,,280-600,han,mahayana,,,,,仅知姓氏（某氏）,原版/DLC脚本链接兼容桩，500年生501年死,zz_uuii_vanilla_script_link_stubs.txt,1163,uuii_compatibility_character
虚构,技术占位,无名氏,japanese_taira_kanmu_34,,500.1.1,501.1.1,,280-600,han,mahayana,,,,,仅知姓氏（某氏）,原版/DLC脚本链接兼容桩，500年生501年死,zz_uuii_vanilla_script_link_stubs.txt,1171,uuii_compatibility_character
虚构,技术占位,无名氏,japanese_fujiwara_511,,500.1.1,501.1.1,,280-600,han,mahayana,,,,,仅知姓氏（某氏）,原版/DLC脚本链接兼容桩，500年生501年死,zz_uuii_vanilla_script_link_stubs.txt,1179,uuii_compatibility_character
虚构,技术占位,无名氏,japanese_fujiwara_497,,500.1.1,501.1.1,,280-600,han,mahayana,,,,,仅知姓氏（某氏）,原版/DLC脚本链接兼容桩，500年生501年死,zz_uuii_vanilla_script_link_stubs.txt,1187,uuii_compatibility_character
虚构,技术占位,无名氏,japanese_yamato_51,,500.1.1,501.1.1,,280-600,han,mahayana,,,,,仅知姓氏（某氏）,原版/DLC脚本链接兼容桩，500年生501年死,zz_uuii_vanilla_script_link_stubs.txt,1195,uuii_compatibility_character
虚构,技术占位,无名氏,144133,,500.1.1,501.1.1,,280-600,han,mahayana,,,,,仅知姓氏（某氏）,原版/DLC脚本链接兼容桩，500年生501年死,zz_uuii_vanilla_script_link_stubs.txt,1203,uuii_compatibility_character
虚构,技术占位,无名氏,144141,,500.1.1,501.1.1,,280-600,han,mahayana,,,,,仅知姓氏（某氏）,原版/DLC脚本链接兼容桩，500年生501年死,zz_uuii_vanilla_script_link_stubs.txt,1211,uuii_compatibility_character
虚构,技术占位,无名氏,175080,,500.1.1,501.1.1,,280-600,han,mahayana,,,,,仅知姓氏（某氏）,原版/DLC脚本链接兼容桩，500年生501年死,zz_uuii_vanilla_script_link_stubs.txt,1219,uuii_compatibility_character
虚构,技术占位,无名氏,226000,,500.1.1,501.1.1,,280-600,han,mahayana,,,,,仅知姓氏（某氏）,原版/DLC脚本链接兼容桩，500年生501年死,zz_uuii_vanilla_script_link_stubs.txt,1227,uuii_compatibility_character
虚构,技术占位,无名氏,144000,,500.1.1,501.1.1,,280-600,han,mahayana,,,,,仅知姓氏（某氏）,原版/DLC脚本链接兼容桩，500年生501年死,zz_uuii_vanilla_script_link_stubs.txt,1235,uuii_compatibility_character
虚构,技术占位,无名氏,159835,,500.1.1,501.1.1,,280-600,han,mahayana,,,,,仅知姓氏（某氏）,原版/DLC脚本链接兼容桩，500年生501年死,zz_uuii_vanilla_script_link_stubs.txt,1243,uuii_compatibility_character
虚构,技术占位,无名氏,82233,,500.1.1,501.1.1,,280-600,han,mahayana,,,,,仅知姓氏（某氏）,原版/DLC脚本链接兼容桩，500年生501年死,zz_uuii_vanilla_script_link_stubs.txt,1251,uuii_compatibility_character
虚构,技术占位,无名氏,159058,,500.1.1,501.1.1,,280-600,han,mahayana,,,,,仅知姓氏（某氏）,原版/DLC脚本链接兼容桩，500年生501年死,zz_uuii_vanilla_script_link_stubs.txt,1259,uuii_compatibility_character
虚构,技术占位,无名氏,168345,,500.1.1,501.1.1,,280-600,han,mahayana,,,,,仅知姓氏（某氏）,原版/DLC脚本链接兼容桩，500年生501年死,zz_uuii_vanilla_script_link_stubs.txt,1267,uuii_compatibility_character
虚构,技术占位,无名氏,303250,,500.1.1,501.1.1,,280-600,han,mahayana,,,,,仅知姓氏（某氏）,原版/DLC脚本链接兼容桩，500年生501年死,zz_uuii_vanilla_script_link_stubs.txt,1275,uuii_compatibility_character
虚构,技术占位,无名氏,7255,,500.1.1,501.1.1,,280-600,han,mahayana,,,,,仅知姓氏（某氏）,原版/DLC脚本链接兼容桩，500年生501年死,zz_uuii_vanilla_script_link_stubs.txt,1283,uuii_compatibility_character
虚构,技术占位,无名氏,180637,,500.1.1,501.1.1,,280-600,han,mahayana,,,,,仅知姓氏（某氏）,原版/DLC脚本链接兼容桩，500年生501年死,zz_uuii_vanilla_script_link_stubs.txt,1291,uuii_compatibility_character
虚构,技术占位,无名氏,180645,,500.1.1,501.1.1,,280-600,han,mahayana,,,,,仅知姓氏（某氏）,原版/DLC脚本链接兼容桩，500年生501年死,zz_uuii_vanilla_script_link_stubs.txt,1299,uuii_compatibility_character
虚构,技术占位,无名氏,188637,,500.1.1,501.1.1,,280-600,han,mahayana,,,,,仅知姓氏（某氏）,原版/DLC脚本链接兼容桩，500年生501年死,zz_uuii_vanilla_script_link_stubs.txt,1307,uuii_compatibility_character
虚构,技术占位,无名氏,163109,,500.1.1,501.1.1,,280-600,han,mahayana,,,,,仅知姓氏（某氏）,原版/DLC脚本链接兼容桩，500年生501年死,zz_uuii_vanilla_script_link_stubs.txt,1315,uuii_compatibility_character
虚构,技术占位,无名氏,168130,,500.1.1,501.1.1,,280-600,han,mahayana,,,,,仅知姓氏（某氏）,原版/DLC脚本链接兼容桩，500年生501年死,zz_uuii_vanilla_script_link_stubs.txt,1323,uuii_compatibility_character
虚构,技术占位,无名氏,99,,500.1.1,501.1.1,,280-600,han,mahayana,,,,,仅知姓氏（某氏）,原版/DLC脚本链接兼容桩，500年生501年死,zz_uuii_vanilla_script_link_stubs.txt,1331,uuii_compatibility_character
虚构,技术占位,无名氏,han_30000,,500.1.1,501.1.1,,280-600,han,mahayana,,,,,仅知姓氏（某氏）,原版/DLC脚本链接兼容桩，500年生501年死,zz_uuii_vanilla_script_link_stubs.txt,1339,uuii_compatibility_character
虚构,技术占位,无名氏,japanese_yamato_54,,500.1.1,501.1.1,,280-600,han,mahayana,,,,,仅知姓氏（某氏）,原版/DLC脚本链接兼容桩，500年生501年死,zz_uuii_vanilla_script_link_stubs.txt,1347,uuii_compatibility_character
虚构,技术占位,无名氏,fictional_mogyers_1,,500.1.1,501.1.1,,280-600,han,mahayana,,,,,仅知姓氏（某氏）,原版/DLC脚本链接兼容桩，500年生501年死,zz_uuii_vanilla_script_link_stubs.txt,1355,uuii_compatibility_character
虚构,技术占位,无名氏,34872,,500.1.1,501.1.1,,280-600,han,mahayana,,,,,仅知姓氏（某氏）,原版/DLC脚本链接兼容桩，500年生501年死,zz_uuii_vanilla_script_link_stubs.txt,1363,uuii_compatibility_character
虚构,技术占位,无名氏,188834,,500.1.1,501.1.1,,280-600,han,mahayana,,,,,仅知姓氏（某氏）,原版/DLC脚本链接兼容桩，500年生501年死,zz_uuii_vanilla_script_link_stubs.txt,1371,uuii_compatibility_character
虚构,技术占位,无名氏,188852,,500.1.1,501.1.1,,280-600,han,mahayana,,,,,仅知姓氏（某氏）,原版/DLC脚本链接兼容桩，500年生501年死,zz_uuii_vanilla_script_link_stubs.txt,1379,uuii_compatibility_character
虚构,技术占位,无名氏,fictional_karluks_16,,500.1.1,501.1.1,,280-600,han,mahayana,,,,,仅知姓氏（某氏）,原版/DLC脚本链接兼容桩，500年生501年死,zz_uuii_vanilla_script_link_stubs.txt,1387,uuii_compatibility_character
虚构,技术占位,无名氏,fictional_karluks_18,,500.1.1,501.1.1,,280-600,han,mahayana,,,,,仅知姓氏（某氏）,原版/DLC脚本链接兼容桩，500年生501年死,zz_uuii_vanilla_script_link_stubs.txt,1395,uuii_compatibility_character
虚构,技术占位,无名氏,74031,,500.1.1,501.1.1,,280-600,han,mahayana,,,,,仅知姓氏（某氏）,原版/DLC脚本链接兼容桩，500年生501年死,zz_uuii_vanilla_script_link_stubs.txt,1403,uuii_compatibility_character
虚构,技术占位,无名氏,fictional_turkish_5,,500.1.1,501.1.1,,280-600,han,mahayana,,,,,仅知姓氏（某氏）,原版/DLC脚本链接兼容桩，500年生501年死,zz_uuii_vanilla_script_link_stubs.txt,1411,uuii_compatibility_character
虚构,技术占位,无名氏,fictional_turkish_7,,500.1.1,501.1.1,,280-600,han,mahayana,,,,,仅知姓氏（某氏）,原版/DLC脚本链接兼容桩，500年生501年死,zz_uuii_vanilla_script_link_stubs.txt,1419,uuii_compatibility_character
虚构,技术占位,无名氏,fictional_turkish_9,,500.1.1,501.1.1,,280-600,han,mahayana,,,,,仅知姓氏（某氏）,原版/DLC脚本链接兼容桩，500年生501年死,zz_uuii_vanilla_script_link_stubs.txt,1427,uuii_compatibility_character
虚构,技术占位,无名氏,fictional_turkish_10,,500.1.1,501.1.1,,280-600,han,mahayana,,,,,仅知姓氏（某氏）,原版/DLC脚本链接兼容桩，500年生501年死,zz_uuii_vanilla_script_link_stubs.txt,1435,uuii_compatibility_character
虚构,技术占位,无名氏,fictional_turkish_11,,500.1.1,501.1.1,,280-600,han,mahayana,,,,,仅知姓氏（某氏）,原版/DLC脚本链接兼容桩，500年生501年死,zz_uuii_vanilla_script_link_stubs.txt,1443,uuii_compatibility_character
虚构,技术占位,无名氏,fictional_turkish_13,,500.1.1,501.1.1,,280-600,han,mahayana,,,,,仅知姓氏（某氏）,原版/DLC脚本链接兼容桩，500年生501年死,zz_uuii_vanilla_script_link_stubs.txt,1451,uuii_compatibility_character
虚构,技术占位,无名氏,fictional_turkish_31,,500.1.1,501.1.1,,280-600,han,mahayana,,,,,仅知姓氏（某氏）,原版/DLC脚本链接兼容桩，500年生501年死,zz_uuii_vanilla_script_link_stubs.txt,1459,uuii_compatibility_character
虚构,技术占位,无名氏,fictional_turkish_33,,500.1.1,501.1.1,,280-600,han,mahayana,,,,,仅知姓氏（某氏）,原版/DLC脚本链接兼容桩，500年生501年死,zz_uuii_vanilla_script_link_stubs.txt,1467,uuii_compatibility_character
虚构,技术占位,无名氏,fictional_turkish_34,,500.1.1,501.1.1,,280-600,han,mahayana,,,,,仅知姓氏（某氏）,原版/DLC脚本链接兼容桩，500年生501年死,zz_uuii_vanilla_script_link_stubs.txt,1475,uuii_compatibility_character
虚构,技术占位,无名氏,fictional_turkish_8,,500.1.1,501.1.1,,280-600,han,mahayana,,,,,仅知姓氏（某氏）,原版/DLC脚本链接兼容桩，500年生501年死,zz_uuii_vanilla_script_link_stubs.txt,1483,uuii_compatibility_character
虚构,技术占位,无名氏,fictional_turkish_12,,500.1.1,501.1.1,,280-600,han,mahayana,,,,,仅知姓氏（某氏）,原版/DLC脚本链接兼容桩，500年生501年死,zz_uuii_vanilla_script_link_stubs.txt,1491,uuii_compatibility_character
虚构,技术占位,无名氏,fictional_turkish_32,,500.1.1,501.1.1,,280-600,han,mahayana,,,,,仅知姓氏（某氏）,原版/DLC脚本链接兼容桩，500年生501年死,zz_uuii_vanilla_script_link_stubs.txt,1499,uuii_compatibility_character
虚构,技术占位,无名氏,180236,,500.1.1,501.1.1,,280-600,han,mahayana,,,,,仅知姓氏（某氏）,原版/DLC脚本链接兼容桩，500年生501年死,zz_uuii_vanilla_script_link_stubs.txt,1507,uuii_compatibility_character
虚构,技术占位,无名氏,159128,,500.1.1,501.1.1,,280-600,han,mahayana,,,,,仅知姓氏（某氏）,原版/DLC脚本链接兼容桩，500年生501年死,zz_uuii_vanilla_script_link_stubs.txt,1515,uuii_compatibility_character
虚构,技术占位,无名氏,160111,,500.1.1,501.1.1,,280-600,han,mahayana,,,,,仅知姓氏（某氏）,原版/DLC脚本链接兼容桩，500年生501年死,zz_uuii_vanilla_script_link_stubs.txt,1523,uuii_compatibility_character
虚构,技术占位,无名氏,160112,,500.1.1,501.1.1,,280-600,han,mahayana,,,,,仅知姓氏（某氏）,原版/DLC脚本链接兼容桩，500年生501年死,zz_uuii_vanilla_script_link_stubs.txt,1531,uuii_compatibility_character
虚构,技术占位,无名氏,6860,,500.1.1,501.1.1,,280-600,han,mahayana,,,,,仅知姓氏（某氏）,原版/DLC脚本链接兼容桩，500年生501年死,zz_uuii_vanilla_script_link_stubs.txt,1539,uuii_compatibility_character
虚构,技术占位,无名氏,6834,,500.1.1,501.1.1,,280-600,han,mahayana,,,,,仅知姓氏（某氏）,原版/DLC脚本链接兼容桩，500年生501年死,zz_uuii_vanilla_script_link_stubs.txt,1547,uuii_compatibility_character
虚构,技术占位,无名氏,302238,,500.1.1,501.1.1,,280-600,han,mahayana,,,,,仅知姓氏（某氏）,原版/DLC脚本链接兼容桩，500年生501年死,zz_uuii_vanilla_script_link_stubs.txt,1555,uuii_compatibility_character
虚构,技术占位,无名氏,302235,,500.1.1,501.1.1,,280-600,han,mahayana,,,,,仅知姓氏（某氏）,原版/DLC脚本链接兼容桩，500年生501年死,zz_uuii_vanilla_script_link_stubs.txt,1563,uuii_compatibility_character
虚构,技术占位,无名氏,159708,,500.1.1,501.1.1,,280-600,han,mahayana,,,,,仅知姓氏（某氏）,原版/DLC脚本链接兼容桩，500年生501年死,zz_uuii_vanilla_script_link_stubs.txt,1571,uuii_compatibility_character
虚构,技术占位,无名氏,302276,,500.1.1,501.1.1,,280-600,han,mahayana,,,,,仅知姓氏（某氏）,原版/DLC脚本链接兼容桩，500年生501年死,zz_uuii_vanilla_script_link_stubs.txt,1579,uuii_compatibility_character
虚构,技术占位,无名氏,163118,,500.1.1,501.1.1,,280-600,han,mahayana,,,,,仅知姓氏（某氏）,原版/DLC脚本链接兼容桩，500年生501年死,zz_uuii_vanilla_script_link_stubs.txt,1587,uuii_compatibility_character
虚构,技术占位,无名氏,fictional_khazars_11,,500.1.1,501.1.1,,280-600,han,mahayana,,,,,仅知姓氏（某氏）,原版/DLC脚本链接兼容桩，500年生501年死,zz_uuii_vanilla_script_link_stubs.txt,1595,uuii_compatibility_character
虚构,技术占位,无名氏,fictional_khazars_12,,500.1.1,501.1.1,,280-600,han,mahayana,,,,,仅知姓氏（某氏）,原版/DLC脚本链接兼容桩，500年生501年死,zz_uuii_vanilla_script_link_stubs.txt,1603,uuii_compatibility_character
虚构,技术占位,无名氏,fictional_khazars_14,,500.1.1,501.1.1,,280-600,han,mahayana,,,,,仅知姓氏（某氏）,原版/DLC脚本链接兼容桩，500年生501年死,zz_uuii_vanilla_script_link_stubs.txt,1611,uuii_compatibility_character
虚构,技术占位,无名氏,fictional_pechenegs_2,,500.1.1,501.1.1,,280-600,han,mahayana,,,,,仅知姓氏（某氏）,原版/DLC脚本链接兼容桩，500年生501年死,zz_uuii_vanilla_script_link_stubs.txt,1619,uuii_compatibility_character
虚构,技术占位,无名氏,fictional_pechenegs_10,,500.1.1,501.1.1,,280-600,han,mahayana,,,,,仅知姓氏（某氏）,原版/DLC脚本链接兼容桩，500年生501年死,zz_uuii_vanilla_script_link_stubs.txt,1627,uuii_compatibility_character
虚构,技术占位,无名氏,fictional_alans_3,,500.1.1,501.1.1,,280-600,han,mahayana,,,,,仅知姓氏（某氏）,原版/DLC脚本链接兼容桩，500年生501年死,zz_uuii_vanilla_script_link_stubs.txt,1635,uuii_compatibility_character
虚构,技术占位,无名氏,303238,,500.1.1,501.1.1,,280-600,han,mahayana,,,,,仅知姓氏（某氏）,原版/DLC脚本链接兼容桩，500年生501年死,zz_uuii_vanilla_script_link_stubs.txt,1643,uuii_compatibility_character
虚构,技术占位,无名氏,302426,,500.1.1,501.1.1,,280-600,han,mahayana,,,,,仅知姓氏（某氏）,原版/DLC脚本链接兼容桩，500年生501年死,zz_uuii_vanilla_script_link_stubs.txt,1651,uuii_compatibility_character
虚构,技术占位,无名氏,303104,,500.1.1,501.1.1,,280-600,han,mahayana,,,,,仅知姓氏（某氏）,原版/DLC脚本链接兼容桩，500年生501年死,zz_uuii_vanilla_script_link_stubs.txt,1659,uuii_compatibility_character
虚构,技术占位,无名氏,303009,,500.1.1,501.1.1,,280-600,han,mahayana,,,,,仅知姓氏（某氏）,原版/DLC脚本链接兼容桩，500年生501年死,zz_uuii_vanilla_script_link_stubs.txt,1667,uuii_compatibility_character
虚构,技术占位,无名氏,303288,,500.1.1,501.1.1,,280-600,han,mahayana,,,,,仅知姓氏（某氏）,原版/DLC脚本链接兼容桩，500年生501年死,zz_uuii_vanilla_script_link_stubs.txt,1675,uuii_compatibility_character
虚构,技术占位,无名氏,303295,,500.1.1,501.1.1,,280-600,han,mahayana,,,,,仅知姓氏（某氏）,原版/DLC脚本链接兼容桩，500年生501年死,zz_uuii_vanilla_script_link_stubs.txt,1683,uuii_compatibility_character
虚构,技术占位,无名氏,303308,,500.1.1,501.1.1,,280-600,han,mahayana,,,,,仅知姓氏（某氏）,原版/DLC脚本链接兼容桩，500年生501年死,zz_uuii_vanilla_script_link_stubs.txt,1691,uuii_compatibility_character
虚构,技术占位,无名氏,302958,,500.1.1,501.1.1,,280-600,han,mahayana,,,,,仅知姓氏（某氏）,原版/DLC脚本链接兼容桩，500年生501年死,zz_uuii_vanilla_script_link_stubs.txt,1699,uuii_compatibility_character
虚构,技术占位,无名氏,302952,,500.1.1,501.1.1,,280-600,han,mahayana,,,,,仅知姓氏（某氏）,原版/DLC脚本链接兼容桩，500年生501年死,zz_uuii_vanilla_script_link_stubs.txt,1707,uuii_compatibility_character
虚构,技术占位,无名氏,303301,,500.1.1,501.1.1,,280-600,han,mahayana,,,,,仅知姓氏（某氏）,原版/DLC脚本链接兼容桩，500年生501年死,zz_uuii_vanilla_script_link_stubs.txt,1715,uuii_compatibility_character
虚构,技术占位,无名氏,303220,,500.1.1,501.1.1,,280-600,han,mahayana,,,,,仅知姓氏（某氏）,原版/DLC脚本链接兼容桩，500年生501年死,zz_uuii_vanilla_script_link_stubs.txt,1723,uuii_compatibility_character
虚构,技术占位,无名氏,303189,,500.1.1,501.1.1,,280-600,han,mahayana,,,,,仅知姓氏（某氏）,原版/DLC脚本链接兼容桩，500年生501年死,zz_uuii_vanilla_script_link_stubs.txt,1731,uuii_compatibility_character
虚构,技术占位,无名氏,303180,,500.1.1,501.1.1,,280-600,han,mahayana,,,,,仅知姓氏（某氏）,原版/DLC脚本链接兼容桩，500年生501年死,zz_uuii_vanilla_script_link_stubs.txt,1739,uuii_compatibility_character
虚构,技术占位,无名氏,302995,,500.1.1,501.1.1,,280-600,han,mahayana,,,,,仅知姓氏（某氏）,原版/DLC脚本链接兼容桩，500年生501年死,zz_uuii_vanilla_script_link_stubs.txt,1747,uuii_compatibility_character
虚构,技术占位,无名氏,303255,,500.1.1,501.1.1,,280-600,han,mahayana,,,,,仅知姓氏（某氏）,原版/DLC脚本链接兼容桩，500年生501年死,zz_uuii_vanilla_script_link_stubs.txt,1755,uuii_compatibility_character
虚构,技术占位,无名氏,303123,,500.1.1,501.1.1,,280-600,han,mahayana,,,,,仅知姓氏（某氏）,原版/DLC脚本链接兼容桩，500年生501年死,zz_uuii_vanilla_script_link_stubs.txt,1763,uuii_compatibility_character
虚构,技术占位,无名氏,fictional_kirghiz_1,,500.1.1,501.1.1,,280-600,han,mahayana,,,,,仅知姓氏（某氏）,原版/DLC脚本链接兼容桩，500年生501年死,zz_uuii_vanilla_script_link_stubs.txt,1771,uuii_compatibility_character
虚构,技术占位,无名氏,fictional_kirghiz_2,,500.1.1,501.1.1,,280-600,han,mahayana,,,,,仅知姓氏（某氏）,原版/DLC脚本链接兼容桩，500年生501年死,zz_uuii_vanilla_script_link_stubs.txt,1779,uuii_compatibility_character
虚构,技术占位,无名氏,fictional_uriankhais_11,,500.1.1,501.1.1,,280-600,han,mahayana,,,,,仅知姓氏（某氏）,原版/DLC脚本链接兼容桩，500年生501年死,zz_uuii_vanilla_script_link_stubs.txt,1787,uuii_compatibility_character
虚构,技术占位,无名氏,fictional_uriankhais_12,,500.1.1,501.1.1,,280-600,han,mahayana,,,,,仅知姓氏（某氏）,原版/DLC脚本链接兼容桩，500年生501年死,zz_uuii_vanilla_script_link_stubs.txt,1795,uuii_compatibility_character
虚构,技术占位,无名氏,fictional_buryats_2,,500.1.1,501.1.1,,280-600,han,mahayana,,,,,仅知姓氏（某氏）,原版/DLC脚本链接兼容桩，500年生501年死,zz_uuii_vanilla_script_link_stubs.txt,1803,uuii_compatibility_character
虚构,技术占位,无名氏,fictional_buryats_3,,500.1.1,501.1.1,,280-600,han,mahayana,,,,,仅知姓氏（某氏）,原版/DLC脚本链接兼容桩，500年生501年死,zz_uuii_vanilla_script_link_stubs.txt,1811,uuii_compatibility_character
虚构,技术占位,无名氏,fictional_buryats_7,,500.1.1,501.1.1,,280-600,han,mahayana,,,,,仅知姓氏（某氏）,原版/DLC脚本链接兼容桩，500年生501年死,zz_uuii_vanilla_script_link_stubs.txt,1819,uuii_compatibility_character
虚构,技术占位,无名氏,fictional_kirghiz_12,,500.1.1,501.1.1,,280-600,han,mahayana,,,,,仅知姓氏（某氏）,原版/DLC脚本链接兼容桩，500年生501年死,zz_uuii_vanilla_script_link_stubs.txt,1827,uuii_compatibility_character
虚构,技术占位,无名氏,fictional_kirghiz_13,,500.1.1,501.1.1,,280-600,han,mahayana,,,,,仅知姓氏（某氏）,原版/DLC脚本链接兼容桩，500年生501年死,zz_uuii_vanilla_script_link_stubs.txt,1835,uuii_compatibility_character
虚构,技术占位,无名氏,fictional_kirghiz_14,,500.1.1,501.1.1,,280-600,han,mahayana,,,,,仅知姓氏（某氏）,原版/DLC脚本链接兼容桩，500年生501年死,zz_uuii_vanilla_script_link_stubs.txt,1843,uuii_compatibility_character
虚构,技术占位,无名氏,fictional_kirghiz_16,,500.1.1,501.1.1,,280-600,han,mahayana,,,,,仅知姓氏（某氏）,原版/DLC脚本链接兼容桩，500年生501年死,zz_uuii_vanilla_script_link_stubs.txt,1851,uuii_compatibility_character
虚构,技术占位,无名氏,fictional_kirghiz_18,,500.1.1,501.1.1,,280-600,han,mahayana,,,,,仅知姓氏（某氏）,原版/DLC脚本链接兼容桩，500年生501年死,zz_uuii_vanilla_script_link_stubs.txt,1859,uuii_compatibility_character
虚构,技术占位,无名氏,fictional_kirghiz_19,,500.1.1,501.1.1,,280-600,han,mahayana,,,,,仅知姓氏（某氏）,原版/DLC脚本链接兼容桩，500年生501年死,zz_uuii_vanilla_script_link_stubs.txt,1867,uuii_compatibility_character
虚构,技术占位,无名氏,fictional_laktans_1,,500.1.1,501.1.1,,280-600,han,mahayana,,,,,仅知姓氏（某氏）,原版/DLC脚本链接兼容桩，500年生501年死,zz_uuii_vanilla_script_link_stubs.txt,1875,uuii_compatibility_character
虚构,技术占位,无名氏,fictional_ostyaks_1,,500.1.1,501.1.1,,280-600,han,mahayana,,,,,仅知姓氏（某氏）,原版/DLC脚本链接兼容桩，500年生501年死,zz_uuii_vanilla_script_link_stubs.txt,1883,uuii_compatibility_character
虚构,技术占位,无名氏,fictional_ostyaks_2,,500.1.1,501.1.1,,280-600,han,mahayana,,,,,仅知姓氏（某氏）,原版/DLC脚本链接兼容桩，500年生501年死,zz_uuii_vanilla_script_link_stubs.txt,1891,uuii_compatibility_character
虚构,技术占位,无名氏,fictional_ostyaks_3,,500.1.1,501.1.1,,280-600,han,mahayana,,,,,仅知姓氏（某氏）,原版/DLC脚本链接兼容桩，500年生501年死,zz_uuii_vanilla_script_link_stubs.txt,1899,uuii_compatibility_character
虚构,技术占位,无名氏,fictional_naimans_1,,500.1.1,501.1.1,,280-600,han,mahayana,,,,,仅知姓氏（某氏）,原版/DLC脚本链接兼容桩，500年生501年死,zz_uuii_vanilla_script_link_stubs.txt,1907,uuii_compatibility_character
虚构,技术占位,无名氏,fictional_kirghiz_15,,500.1.1,501.1.1,,280-600,han,mahayana,,,,,仅知姓氏（某氏）,原版/DLC脚本链接兼容桩，500年生501年死,zz_uuii_vanilla_script_link_stubs.txt,1915,uuii_compatibility_character
虚构,技术占位,无名氏,fictional_uriankhais_13,,500.1.1,501.1.1,,280-600,han,mahayana,,,,,仅知姓氏（某氏）,原版/DLC脚本链接兼容桩，500年生501年死,zz_uuii_vanilla_script_link_stubs.txt,1923,uuii_compatibility_character
虚构,技术占位,无名氏,fictional_kirghiz_3,,500.1.1,501.1.1,,280-600,han,mahayana,,,,,仅知姓氏（某氏）,原版/DLC脚本链接兼容桩，500年生501年死,zz_uuii_vanilla_script_link_stubs.txt,1931,uuii_compatibility_character
虚构,技术占位,无名氏,fictional_kirghiz_4,,500.1.1,501.1.1,,280-600,han,mahayana,,,,,仅知姓氏（某氏）,原版/DLC脚本链接兼容桩，500年生501年死,zz_uuii_vanilla_script_link_stubs.txt,1939,uuii_compatibility_character
虚构,技术占位,无名氏,fictional_kirghiz_11,,500.1.1,501.1.1,,280-600,han,mahayana,,,,,仅知姓氏（某氏）,原版/DLC脚本链接兼容桩，500年生501年死,zz_uuii_vanilla_script_link_stubs.txt,1947,uuii_compatibility_character
虚构,技术占位,无名氏,fictional_mongols_11,,500.1.1,501.1.1,,280-600,han,mahayana,,,,,仅知姓氏（某氏）,原版/DLC脚本链接兼容桩，500年生501年死,zz_uuii_vanilla_script_link_stubs.txt,1955,uuii_compatibility_character
虚构,技术占位,无名氏,fictional_keraits_5,,500.1.1,501.1.1,,280-600,han,mahayana,,,,,仅知姓氏（某氏）,原版/DLC脚本链接兼容桩，500年生501年死,zz_uuii_vanilla_script_link_stubs.txt,1963,uuii_compatibility_character
虚构,技术占位,无名氏,fictional_mongols_1,,500.1.1,501.1.1,,280-600,han,mahayana,,,,,仅知姓氏（某氏）,原版/DLC脚本链接兼容桩，500年生501年死,zz_uuii_vanilla_script_link_stubs.txt,1971,uuii_compatibility_character
虚构,技术占位,无名氏,fictional_mongols_10,,500.1.1,501.1.1,,280-600,han,mahayana,,,,,仅知姓氏（某氏）,原版/DLC脚本链接兼容桩，500年生501年死,zz_uuii_vanilla_script_link_stubs.txt,1979,uuii_compatibility_character
虚构,技术占位,无名氏,fictional_naimans_12,,500.1.1,501.1.1,,280-600,han,mahayana,,,,,仅知姓氏（某氏）,原版/DLC脚本链接兼容桩，500年生501年死,zz_uuii_vanilla_script_link_stubs.txt,1987,uuii_compatibility_character
虚构,技术占位,无名氏,fictional_mongols_12,,500.1.1,501.1.1,,280-600,han,mahayana,,,,,仅知姓氏（某氏）,原版/DLC脚本链接兼容桩，500年生501年死,zz_uuii_vanilla_script_link_stubs.txt,1995,uuii_compatibility_character
虚构,技术占位,无名氏,balhae_dae_12,,500.1.1,501.1.1,,280-600,han,mahayana,,,,,仅知姓氏（某氏）,原版/DLC脚本链接兼容桩，500年生501年死,zz_uuii_vanilla_script_link_stubs.txt,2003,uuii_compatibility_character
虚构,技术占位,无名氏,jurchen_tieli_1,,500.1.1,501.1.1,,280-600,han,mahayana,,,,,仅知姓氏（某氏）,原版/DLC脚本链接兼容桩，500年生501年死,zz_uuii_vanilla_script_link_stubs.txt,2011,uuii_compatibility_character
虚构,技术占位,无名氏,jurchen_odoli_01_fic,,500.1.1,501.1.1,,280-600,han,mahayana,,,,,仅知姓氏（某氏）,原版/DLC脚本链接兼容桩，500年生501年死,zz_uuii_vanilla_script_link_stubs.txt,2019,uuii_compatibility_character
虚构,技术占位,无名氏,jurchen_tuowen_01_fic,,500.1.1,501.1.1,,280-600,han,mahayana,,,,,仅知姓氏（某氏）,原版/DLC脚本链接兼容桩，500年生501年死,zz_uuii_vanilla_script_link_stubs.txt,2027,uuii_compatibility_character
虚构,技术占位,无名氏,mohe_funie_1,,500.1.1,501.1.1,,280-600,han,mahayana,,,,,仅知姓氏（某氏）,原版/DLC脚本链接兼容桩，500年生501年死,zz_uuii_vanilla_script_link_stubs.txt,2035,uuii_compatibility_character
虚构,技术占位,无名氏,mohe_yuexi_1,,500.1.1,501.1.1,,280-600,han,mahayana,,,,,仅知姓氏（某氏）,原版/DLC脚本链接兼容桩，500年生501年死,zz_uuii_vanilla_script_link_stubs.txt,2043,uuii_compatibility_character
虚构,技术占位,无名氏,mohe_yulou_1,,500.1.1,501.1.1,,280-600,han,mahayana,,,,,仅知姓氏（某氏）,原版/DLC脚本链接兼容桩，500年生501年死,zz_uuii_vanilla_script_link_stubs.txt,2051,uuii_compatibility_character
虚构,技术占位,无名氏,mohe_suhemo_1,,500.1.1,501.1.1,,280-600,han,mahayana,,,,,仅知姓氏（某氏）,原版/DLC脚本链接兼容桩，500年生501年死,zz_uuii_vanilla_script_link_stubs.txt,2059,uuii_compatibility_character
虚构,技术占位,无名氏,mohe_a_1,,500.1.1,501.1.1,,280-600,han,mahayana,,,,,仅知姓氏（某氏）,原版/DLC脚本链接兼容桩，500年生501年死,zz_uuii_vanilla_script_link_stubs.txt,2067,uuii_compatibility_character
虚构,技术占位,无名氏,194333,,500.1.1,501.1.1,,280-600,han,mahayana,,,,,仅知姓氏（某氏）,原版/DLC脚本链接兼容桩，500年生501年死,zz_uuii_vanilla_script_link_stubs.txt,2075,uuii_compatibility_character
虚构,技术占位,无名氏,303309,,500.1.1,501.1.1,,280-600,han,mahayana,,,,,仅知姓氏（某氏）,原版/DLC脚本链接兼容桩，500年生501年死,zz_uuii_vanilla_script_link_stubs.txt,2083,uuii_compatibility_character
虚构,技术占位,无名氏,303226,,500.1.1,501.1.1,,280-600,han,mahayana,,,,,仅知姓氏（某氏）,原版/DLC脚本链接兼容桩，500年生501年死,zz_uuii_vanilla_script_link_stubs.txt,2091,uuii_compatibility_character
虚构,技术占位,无名氏,fictional_naimans_4,,500.1.1,501.1.1,,280-600,han,mahayana,,,,,仅知姓氏（某氏）,原版/DLC脚本链接兼容桩，500年生501年死,zz_uuii_vanilla_script_link_stubs.txt,2099,uuii_compatibility_character
虚构,技术占位,无名氏,fictional_naimans_5,,500.1.1,501.1.1,,280-600,han,mahayana,,,,,仅知姓氏（某氏）,原版/DLC脚本链接兼容桩，500年生501年死,zz_uuii_vanilla_script_link_stubs.txt,2107,uuii_compatibility_character
虚构,技术占位,无名氏,fictional_naimans_11,,500.1.1,501.1.1,,280-600,han,mahayana,,,,,仅知姓氏（某氏）,原版/DLC脚本链接兼容桩，500年生501年死,zz_uuii_vanilla_script_link_stubs.txt,2115,uuii_compatibility_character
虚构,技术占位,无名氏,303013,,500.1.1,501.1.1,,280-600,han,mahayana,,,,,仅知姓氏（某氏）,原版/DLC脚本链接兼容桩，500年生501年死,zz_uuii_vanilla_script_link_stubs.txt,2123,uuii_compatibility_character
虚构,技术占位,无名氏,303083,,500.1.1,501.1.1,,280-600,han,mahayana,,,,,仅知姓氏（某氏）,原版/DLC脚本链接兼容桩，500年生501年死,zz_uuii_vanilla_script_link_stubs.txt,2131,uuii_compatibility_character
虚构,技术占位,无名氏,303296,,500.1.1,501.1.1,,280-600,han,mahayana,,,,,仅知姓氏（某氏）,原版/DLC脚本链接兼容桩，500年生501年死,zz_uuii_vanilla_script_link_stubs.txt,2139,uuii_compatibility_character
虚构,技术占位,无名氏,303062,,500.1.1,501.1.1,,280-600,han,mahayana,,,,,仅知姓氏（某氏）,原版/DLC脚本链接兼容桩，500年生501年死,zz_uuii_vanilla_script_link_stubs.txt,2147,uuii_compatibility_character
虚构,技术占位,无名氏,fictional_uriankhais_2,,500.1.1,501.1.1,,280-600,han,mahayana,,,,,仅知姓氏（某氏）,原版/DLC脚本链接兼容桩，500年生501年死,zz_uuii_vanilla_script_link_stubs.txt,2155,uuii_compatibility_character
虚构,技术占位,无名氏,fictional_uriankhais_4,,500.1.1,501.1.1,,280-600,han,mahayana,,,,,仅知姓氏（某氏）,原版/DLC脚本链接兼容桩，500年生501年死,zz_uuii_vanilla_script_link_stubs.txt,2163,uuii_compatibility_character
虚构,技术占位,无名氏,fictional_mongols_2,,500.1.1,501.1.1,,280-600,han,mahayana,,,,,仅知姓氏（某氏）,原版/DLC脚本链接兼容桩，500年生501年死,zz_uuii_vanilla_script_link_stubs.txt,2171,uuii_compatibility_character
虚构,技术占位,无名氏,fictional_mongols_7,,500.1.1,501.1.1,,280-600,han,mahayana,,,,,仅知姓氏（某氏）,原版/DLC脚本链接兼容桩，500年生501年死,zz_uuii_vanilla_script_link_stubs.txt,2179,uuii_compatibility_character
虚构,技术占位,无名氏,fictional_mongols_8,,500.1.1,501.1.1,,280-600,han,mahayana,,,,,仅知姓氏（某氏）,原版/DLC脚本链接兼容桩，500年生501年死,zz_uuii_vanilla_script_link_stubs.txt,2187,uuii_compatibility_character
虚构,技术占位,无名氏,ruzhe_8,,500.1.1,501.1.1,,280-600,han,mahayana,,,,,仅知姓氏（某氏）,原版/DLC脚本链接兼容桩，500年生501年死,zz_uuii_vanilla_script_link_stubs.txt,2195,uuii_compatibility_character
虚构,技术占位,无名氏,nn_yelu_zongyuan,,500.1.1,501.1.1,,280-600,han,mahayana,,,,,仅知姓氏（某氏）,原版/DLC脚本链接兼容桩，500年生501年死,zz_uuii_vanilla_script_link_stubs.txt,2203,uuii_compatibility_character
虚构,技术占位,无名氏,303303,,500.1.1,501.1.1,,280-600,han,mahayana,,,,,仅知姓氏（某氏）,原版/DLC脚本链接兼容桩，500年生501年死,zz_uuii_vanilla_script_link_stubs.txt,2211,uuii_compatibility_character
虚构,技术占位,无名氏,303314,,500.1.1,501.1.1,,280-600,han,mahayana,,,,,仅知姓氏（某氏）,原版/DLC脚本链接兼容桩，500年生501年死,zz_uuii_vanilla_script_link_stubs.txt,2219,uuii_compatibility_character
虚构,技术占位,无名氏,303267,,500.1.1,501.1.1,,280-600,han,mahayana,,,,,仅知姓氏（某氏）,原版/DLC脚本链接兼容桩，500年生501年死,zz_uuii_vanilla_script_link_stubs.txt,2227,uuii_compatibility_character
虚构,技术占位,无名氏,303289,,500.1.1,501.1.1,,280-600,han,mahayana,,,,,仅知姓氏（某氏）,原版/DLC脚本链接兼容桩，500年生501年死,zz_uuii_vanilla_script_link_stubs.txt,2235,uuii_compatibility_character
虚构,技术占位,无名氏,303131,,500.1.1,501.1.1,,280-600,han,mahayana,,,,,仅知姓氏（某氏）,原版/DLC脚本链接兼容桩，500年生501年死,zz_uuii_vanilla_script_link_stubs.txt,2243,uuii_compatibility_character
虚构,技术占位,无名氏,nn_yelu_tieli_LUF,,500.1.1,501.1.1,,280-600,han,mahayana,,,,,仅知姓氏（某氏）,原版/DLC脚本链接兼容桩，500年生501年死,zz_uuii_vanilla_script_link_stubs.txt,2251,uuii_compatibility_character
虚构,技术占位,无名氏,nn_xiao_yangliu,,500.1.1,501.1.1,,280-600,han,mahayana,,,,,仅知姓氏（某氏）,原版/DLC脚本链接兼容桩，500年生501年死,zz_uuii_vanilla_script_link_stubs.txt,2259,uuii_compatibility_character
虚构,技术占位,无名氏,balhae_go_8,,500.1.1,501.1.1,,280-600,han,mahayana,,,,,仅知姓氏（某氏）,原版/DLC脚本链接兼容桩，500年生501年死,zz_uuii_vanilla_script_link_stubs.txt,2267,uuii_compatibility_character
虚构,技术占位,无名氏,jurchen_wanyan_6,,500.1.1,501.1.1,,280-600,han,mahayana,,,,,仅知姓氏（某氏）,原版/DLC脚本链接兼容桩，500年生501年死,zz_uuii_vanilla_script_link_stubs.txt,2275,uuii_compatibility_character
虚构,技术占位,无名氏,jurchen_jiagu_10_fic,,500.1.1,501.1.1,,280-600,han,mahayana,,,,,仅知姓氏（某氏）,原版/DLC脚本链接兼容桩，500年生501年死,zz_uuii_vanilla_script_link_stubs.txt,2283,uuii_compatibility_character
虚构,技术占位,无名氏,jurchen_adian_10_fic,,500.1.1,501.1.1,,280-600,han,mahayana,,,,,仅知姓氏（某氏）,原版/DLC脚本链接兼容桩，500年生501年死,zz_uuii_vanilla_script_link_stubs.txt,2291,uuii_compatibility_character
虚构,技术占位,无名氏,jurchen_tangkuo_10_fic,,500.1.1,501.1.1,,280-600,han,mahayana,,,,,仅知姓氏（某氏）,原版/DLC脚本链接兼容桩，500年生501年死,zz_uuii_vanilla_script_link_stubs.txt,2299,uuii_compatibility_character
虚构,技术占位,无名氏,jurchen_nipanggu_10_fic,,500.1.1,501.1.1,,280-600,han,mahayana,,,,,仅知姓氏（某氏）,原版/DLC脚本链接兼容桩，500年生501年死,zz_uuii_vanilla_script_link_stubs.txt,2307,uuii_compatibility_character
虚构,技术占位,无名氏,jurchen_tudan_10_fic,,500.1.1,501.1.1,,280-600,han,mahayana,,,,,仅知姓氏（某氏）,原版/DLC脚本链接兼容桩，500年生501年死,zz_uuii_vanilla_script_link_stubs.txt,2315,uuii_compatibility_character
虚构,技术占位,无名氏,jurchen_yulou_8,,500.1.1,501.1.1,,280-600,han,mahayana,,,,,仅知姓氏（某氏）,原版/DLC脚本链接兼容桩，500年生501年死,zz_uuii_vanilla_script_link_stubs.txt,2323,uuii_compatibility_character
虚构,技术占位,无名氏,jurchen_yuexi_8,,500.1.1,501.1.1,,280-600,han,mahayana,,,,,仅知姓氏（某氏）,原版/DLC脚本链接兼容桩，500年生501年死,zz_uuii_vanilla_script_link_stubs.txt,2331,uuii_compatibility_character
虚构,技术占位,无名氏,jurchen_hesheli_10_fic,,500.1.1,501.1.1,,280-600,han,mahayana,,,,,仅知姓氏（某氏）,原版/DLC脚本链接兼容桩，500年生501年死,zz_uuii_vanilla_script_link_stubs.txt,2339,uuii_compatibility_character
虚构,技术占位,无名氏,jurchen_boli_10_fic,,500.1.1,501.1.1,,280-600,han,mahayana,,,,,仅知姓氏（某氏）,原版/DLC脚本链接兼容桩，500年生501年死,zz_uuii_vanilla_script_link_stubs.txt,2347,uuii_compatibility_character
虚构,技术占位,无名氏,jurchen_boli_11_fic,,500.1.1,501.1.1,,280-600,han,mahayana,,,,,仅知姓氏（某氏）,原版/DLC脚本链接兼容桩，500年生501年死,zz_uuii_vanilla_script_link_stubs.txt,2355,uuii_compatibility_character
虚构,技术占位,无名氏,jurchen_boli_12_fic,,500.1.1,501.1.1,,280-600,han,mahayana,,,,,仅知姓氏（某氏）,原版/DLC脚本链接兼容桩，500年生501年死,zz_uuii_vanilla_script_link_stubs.txt,2363,uuii_compatibility_character
虚构,技术占位,无名氏,fictional_uriankhais_10,,500.1.1,501.1.1,,280-600,han,mahayana,,,,,仅知姓氏（某氏）,原版/DLC脚本链接兼容桩，500年生501年死,zz_uuii_vanilla_script_link_stubs.txt,2371,uuii_compatibility_character
虚构,技术占位,无名氏,fictional_uriankhais_3,,500.1.1,501.1.1,,280-600,han,mahayana,,,,,仅知姓氏（某氏）,原版/DLC脚本链接兼容桩，500年生501年死,zz_uuii_vanilla_script_link_stubs.txt,2379,uuii_compatibility_character
虚构,技术占位,无名氏,fictional_mongols_9,,500.1.1,501.1.1,,280-600,han,mahayana,,,,,仅知姓氏（某氏）,原版/DLC脚本链接兼容桩，500年生501年死,zz_uuii_vanilla_script_link_stubs.txt,2387,uuii_compatibility_character
虚构,技术占位,无名氏,fictional_uriankhais_1,,500.1.1,501.1.1,,280-600,han,mahayana,,,,,仅知姓氏（某氏）,原版/DLC脚本链接兼容桩，500年生501年死,zz_uuii_vanilla_script_link_stubs.txt,2395,uuii_compatibility_character
虚构,技术占位,无名氏,fictional_oirats_2,,500.1.1,501.1.1,,280-600,han,mahayana,,,,,仅知姓氏（某氏）,原版/DLC脚本链接兼容桩，500年生501年死,zz_uuii_vanilla_script_link_stubs.txt,2403,uuii_compatibility_character
虚构,技术占位,无名氏,fictional_buryats_1,,500.1.1,501.1.1,,280-600,han,mahayana,,,,,仅知姓氏（某氏）,原版/DLC脚本链接兼容桩，500年生501年死,zz_uuii_vanilla_script_link_stubs.txt,2411,uuii_compatibility_character
虚构,技术占位,无名氏,144107,,500.1.1,501.1.1,,280-600,han,mahayana,,,,,仅知姓氏（某氏）,原版/DLC脚本链接兼容桩，500年生501年死,zz_uuii_vanilla_script_link_stubs.txt,2419,uuii_compatibility_character
虚构,技术占位,无名氏,fictional_karluks_12,,500.1.1,501.1.1,,280-600,han,mahayana,,,,,仅知姓氏（某氏）,原版/DLC脚本链接兼容桩，500年生501年死,zz_uuii_vanilla_script_link_stubs.txt,2427,uuii_compatibility_character
虚构,技术占位,无名氏,fictional_karluks_15,,500.1.1,501.1.1,,280-600,han,mahayana,,,,,仅知姓氏（某氏）,原版/DLC脚本链接兼容桩，500年生501年死,zz_uuii_vanilla_script_link_stubs.txt,2435,uuii_compatibility_character
虚构,技术占位,无名氏,302790,,500.1.1,501.1.1,,280-600,han,mahayana,,,,,仅知姓氏（某氏）,原版/DLC脚本链接兼容桩，500年生501年死,zz_uuii_vanilla_script_link_stubs.txt,2443,uuii_compatibility_character
虚构,技术占位,无名氏,188843,,500.1.1,501.1.1,,280-600,han,mahayana,,,,,仅知姓氏（某氏）,原版/DLC脚本链接兼容桩，500年生501年死,zz_uuii_vanilla_script_link_stubs.txt,2451,uuii_compatibility_character
虚构,技术占位,无名氏,3022,,500.1.1,501.1.1,,280-600,han,mahayana,,,,,仅知姓氏（某氏）,原版/DLC脚本链接兼容桩，500年生501年死,zz_uuii_vanilla_script_link_stubs.txt,2459,uuii_compatibility_character
虚构,技术占位,无名氏,fictional_karluks_5,,500.1.1,501.1.1,,280-600,han,mahayana,,,,,仅知姓氏（某氏）,原版/DLC脚本链接兼容桩，500年生501年死,zz_uuii_vanilla_script_link_stubs.txt,2467,uuii_compatibility_character
虚构,技术占位,无名氏,188844,,500.1.1,501.1.1,,280-600,han,mahayana,,,,,仅知姓氏（某氏）,原版/DLC脚本链接兼容桩，500年生501年死,zz_uuii_vanilla_script_link_stubs.txt,2475,uuii_compatibility_character
虚构,技术占位,无名氏,fictional_karluks_11,,500.1.1,501.1.1,,280-600,han,mahayana,,,,,仅知姓氏（某氏）,原版/DLC脚本链接兼容桩，500年生501年死,zz_uuii_vanilla_script_link_stubs.txt,2483,uuii_compatibility_character
虚构,技术占位,无名氏,20641,,500.1.1,501.1.1,,280-600,han,mahayana,,,,,仅知姓氏（某氏）,原版/DLC脚本链接兼容桩，500年生501年死,zz_uuii_vanilla_script_link_stubs.txt,2491,uuii_compatibility_character
虚构,技术占位,无名氏,fictional_pechenegs_8,,500.1.1,501.1.1,,280-600,han,mahayana,,,,,仅知姓氏（某氏）,原版/DLC脚本链接兼容桩，500年生501年死,zz_uuii_vanilla_script_link_stubs.txt,2499,uuii_compatibility_character
虚构,技术占位,无名氏,fictional_pechenegs_9,,500.1.1,501.1.1,,280-600,han,mahayana,,,,,仅知姓氏（某氏）,原版/DLC脚本链接兼容桩，500年生501年死,zz_uuii_vanilla_script_link_stubs.txt,2507,uuii_compatibility_character
虚构,技术占位,无名氏,806,,500.1.1,501.1.1,,280-600,han,mahayana,,,,,仅知姓氏（某氏）,原版/DLC脚本链接兼容桩，500年生501年死,zz_uuii_vanilla_script_link_stubs.txt,2515,uuii_compatibility_character
虚构,技术占位,无名氏,302765,,500.1.1,501.1.1,,280-600,han,mahayana,,,,,仅知姓氏（某氏）,原版/DLC脚本链接兼容桩，500年生501年死,zz_uuii_vanilla_script_link_stubs.txt,2523,uuii_compatibility_character
虚构,技术占位,无名氏,302584,,500.1.1,501.1.1,,280-600,han,mahayana,,,,,仅知姓氏（某氏）,原版/DLC脚本链接兼容桩，500年生501年死,zz_uuii_vanilla_script_link_stubs.txt,2531,uuii_compatibility_character
虚构,技术占位,无名氏,302575,,500.1.1,501.1.1,,280-600,han,mahayana,,,,,仅知姓氏（某氏）,原版/DLC脚本链接兼容桩，500年生501年死,zz_uuii_vanilla_script_link_stubs.txt,2539,uuii_compatibility_character
虚构,技术占位,无名氏,302596,,500.1.1,501.1.1,,280-600,han,mahayana,,,,,仅知姓氏（某氏）,原版/DLC脚本链接兼容桩，500年生501年死,zz_uuii_vanilla_script_link_stubs.txt,2547,uuii_compatibility_character
虚构,技术占位,无名氏,302621,,500.1.1,501.1.1,,280-600,han,mahayana,,,,,仅知姓氏（某氏）,原版/DLC脚本链接兼容桩，500年生501年死,zz_uuii_vanilla_script_link_stubs.txt,2555,uuii_compatibility_character
虚构,技术占位,无名氏,302762,,500.1.1,501.1.1,,280-600,han,mahayana,,,,,仅知姓氏（某氏）,原版/DLC脚本链接兼容桩，500年生501年死,zz_uuii_vanilla_script_link_stubs.txt,2563,uuii_compatibility_character
虚构,技术占位,无名氏,228058,,500.1.1,501.1.1,,280-600,han,mahayana,,,,,仅知姓氏（某氏）,原版/DLC脚本链接兼容桩，500年生501年死,zz_uuii_vanilla_script_link_stubs.txt,2571,uuii_compatibility_character
虚构,技术占位,无名氏,194447,,500.1.1,501.1.1,,280-600,han,mahayana,,,,,仅知姓氏（某氏）,原版/DLC脚本链接兼容桩，500年生501年死,zz_uuii_vanilla_script_link_stubs.txt,2579,uuii_compatibility_character
虚构,技术占位,无名氏,fictional_kimeks_14,,500.1.1,501.1.1,,280-600,han,mahayana,,,,,仅知姓氏（某氏）,原版/DLC脚本链接兼容桩，500年生501年死,zz_uuii_vanilla_script_link_stubs.txt,2587,uuii_compatibility_character
虚构,技术占位,无名氏,fictional_kimeks_18,,500.1.1,501.1.1,,280-600,han,mahayana,,,,,仅知姓氏（某氏）,原版/DLC脚本链接兼容桩，500年生501年死,zz_uuii_vanilla_script_link_stubs.txt,2595,uuii_compatibility_character
虚构,技术占位,无名氏,fictional_kimeks_19,,500.1.1,501.1.1,,280-600,han,mahayana,,,,,仅知姓氏（某氏）,原版/DLC脚本链接兼容桩，500年生501年死,zz_uuii_vanilla_script_link_stubs.txt,2603,uuii_compatibility_character
虚构,技术占位,无名氏,fictional_kimeks_21,,500.1.1,501.1.1,,280-600,han,mahayana,,,,,仅知姓氏（某氏）,原版/DLC脚本链接兼容桩，500年生501年死,zz_uuii_vanilla_script_link_stubs.txt,2611,uuii_compatibility_character
虚构,技术占位,无名氏,fictional_kimeks_23,,500.1.1,501.1.1,,280-600,han,mahayana,,,,,仅知姓氏（某氏）,原版/DLC脚本链接兼容桩，500年生501年死,zz_uuii_vanilla_script_link_stubs.txt,2619,uuii_compatibility_character
虚构,技术占位,无名氏,fictional_kimeks_25,,500.1.1,501.1.1,,280-600,han,mahayana,,,,,仅知姓氏（某氏）,原版/DLC脚本链接兼容桩，500年生501年死,zz_uuii_vanilla_script_link_stubs.txt,2627,uuii_compatibility_character
虚构,技术占位,无名氏,fictional_kimeks_27,,500.1.1,501.1.1,,280-600,han,mahayana,,,,,仅知姓氏（某氏）,原版/DLC脚本链接兼容桩，500年生501年死,zz_uuii_vanilla_script_link_stubs.txt,2635,uuii_compatibility_character
虚构,技术占位,无名氏,fictional_kimeks_28,,500.1.1,501.1.1,,280-600,han,mahayana,,,,,仅知姓氏（某氏）,原版/DLC脚本链接兼容桩，500年生501年死,zz_uuii_vanilla_script_link_stubs.txt,2643,uuii_compatibility_character
虚构,技术占位,无名氏,fictional_turkish_16,,500.1.1,501.1.1,,280-600,han,mahayana,,,,,仅知姓氏（某氏）,原版/DLC脚本链接兼容桩，500年生501年死,zz_uuii_vanilla_script_link_stubs.txt,2651,uuii_compatibility_character
虚构,技术占位,无名氏,fictional_turkish_17,,500.1.1,501.1.1,,280-600,han,mahayana,,,,,仅知姓氏（某氏）,原版/DLC脚本链接兼容桩，500年生501年死,zz_uuii_vanilla_script_link_stubs.txt,2659,uuii_compatibility_character
虚构,技术占位,无名氏,fictional_turkish_18,,500.1.1,501.1.1,,280-600,han,mahayana,,,,,仅知姓氏（某氏）,原版/DLC脚本链接兼容桩，500年生501年死,zz_uuii_vanilla_script_link_stubs.txt,2667,uuii_compatibility_character
虚构,技术占位,无名氏,fictional_turkish_19,,500.1.1,501.1.1,,280-600,han,mahayana,,,,,仅知姓氏（某氏）,原版/DLC脚本链接兼容桩，500年生501年死,zz_uuii_vanilla_script_link_stubs.txt,2675,uuii_compatibility_character
虚构,技术占位,无名氏,fictional_turkish_20,,500.1.1,501.1.1,,280-600,han,mahayana,,,,,仅知姓氏（某氏）,原版/DLC脚本链接兼容桩，500年生501年死,zz_uuii_vanilla_script_link_stubs.txt,2683,uuii_compatibility_character
虚构,技术占位,无名氏,fictional_cumans_15,,500.1.1,501.1.1,,280-600,han,mahayana,,,,,仅知姓氏（某氏）,原版/DLC脚本链接兼容桩，500年生501年死,zz_uuii_vanilla_script_link_stubs.txt,2691,uuii_compatibility_character
虚构,技术占位,无名氏,fictional_cumans_16,,500.1.1,501.1.1,,280-600,han,mahayana,,,,,仅知姓氏（某氏）,原版/DLC脚本链接兼容桩，500年生501年死,zz_uuii_vanilla_script_link_stubs.txt,2699,uuii_compatibility_character
虚构,技术占位,无名氏,fictional_kipchaks_4,,500.1.1,501.1.1,,280-600,han,mahayana,,,,,仅知姓氏（某氏）,原版/DLC脚本链接兼容桩，500年生501年死,zz_uuii_vanilla_script_link_stubs.txt,2707,uuii_compatibility_character
虚构,技术占位,无名氏,fictional_kipchaks_28,,500.1.1,501.1.1,,280-600,han,mahayana,,,,,仅知姓氏（某氏）,原版/DLC脚本链接兼容桩，500年生501年死,zz_uuii_vanilla_script_link_stubs.txt,2715,uuii_compatibility_character
虚构,技术占位,无名氏,fictional_kipchaks_7,,500.1.1,501.1.1,,280-600,han,mahayana,,,,,仅知姓氏（某氏）,原版/DLC脚本链接兼容桩，500年生501年死,zz_uuii_vanilla_script_link_stubs.txt,2723,uuii_compatibility_character
虚构,技术占位,无名氏,fictional_kipchaks_27,,500.1.1,501.1.1,,280-600,han,mahayana,,,,,仅知姓氏（某氏）,原版/DLC脚本链接兼容桩，500年生501年死,zz_uuii_vanilla_script_link_stubs.txt,2731,uuii_compatibility_character
虚构,技术占位,无名氏,fictional_kimeks_24,,500.1.1,501.1.1,,280-600,han,mahayana,,,,,仅知姓氏（某氏）,原版/DLC脚本链接兼容桩，500年生501年死,zz_uuii_vanilla_script_link_stubs.txt,2739,uuii_compatibility_character
虚构,技术占位,无名氏,fictional_kimeks_54,,500.1.1,501.1.1,,280-600,han,mahayana,,,,,仅知姓氏（某氏）,原版/DLC脚本链接兼容桩，500年生501年死,zz_uuii_vanilla_script_link_stubs.txt,2747,uuii_compatibility_character
虚构,技术占位,无名氏,fictional_kimeks_26,,500.1.1,501.1.1,,280-600,han,mahayana,,,,,仅知姓氏（某氏）,原版/DLC脚本链接兼容桩，500年生501年死,zz_uuii_vanilla_script_link_stubs.txt,2755,uuii_compatibility_character
虚构,技术占位,无名氏,fictional_kimeks_22,,500.1.1,501.1.1,,280-600,han,mahayana,,,,,仅知姓氏（某氏）,原版/DLC脚本链接兼容桩，500年生501年死,zz_uuii_vanilla_script_link_stubs.txt,2763,uuii_compatibility_character
虚构,技术占位,无名氏,fictional_kimeks_30,,500.1.1,501.1.1,,280-600,han,mahayana,,,,,仅知姓氏（某氏）,原版/DLC脚本链接兼容桩，500年生501年死,zz_uuii_vanilla_script_link_stubs.txt,2771,uuii_compatibility_character
虚构,技术占位,无名氏,fictional_kimeks_53,,500.1.1,501.1.1,,280-600,han,mahayana,,,,,仅知姓氏（某氏）,原版/DLC脚本链接兼容桩，500年生501年死,zz_uuii_vanilla_script_link_stubs.txt,2779,uuii_compatibility_character
虚构,技术占位,无名氏,fictional_kipchaks_11,,500.1.1,501.1.1,,280-600,han,mahayana,,,,,仅知姓氏（某氏）,原版/DLC脚本链接兼容桩，500年生501年死,zz_uuii_vanilla_script_link_stubs.txt,2787,uuii_compatibility_character
虚构,技术占位,无名氏,fictional_kimeks_29,,500.1.1,501.1.1,,280-600,han,mahayana,,,,,仅知姓氏（某氏）,原版/DLC脚本链接兼容桩，500年生501年死,zz_uuii_vanilla_script_link_stubs.txt,2795,uuii_compatibility_character
虚构,技术占位,无名氏,fictional_kipchaks_9,,500.1.1,501.1.1,,280-600,han,mahayana,,,,,仅知姓氏（某氏）,原版/DLC脚本链接兼容桩，500年生501年死,zz_uuii_vanilla_script_link_stubs.txt,2803,uuii_compatibility_character
虚构,技术占位,无名氏,fictional_kimeks_13,,500.1.1,501.1.1,,280-600,han,mahayana,,,,,仅知姓氏（某氏）,原版/DLC脚本链接兼容桩，500年生501年死,zz_uuii_vanilla_script_link_stubs.txt,2811,uuii_compatibility_character
虚构,技术占位,无名氏,fictional_kimeks_17,,500.1.1,501.1.1,,280-600,han,mahayana,,,,,仅知姓氏（某氏）,原版/DLC脚本链接兼容桩，500年生501年死,zz_uuii_vanilla_script_link_stubs.txt,2819,uuii_compatibility_character
虚构,技术占位,无名氏,fictional_bashkirs_7,,500.1.1,501.1.1,,280-600,han,mahayana,,,,,仅知姓氏（某氏）,原版/DLC脚本链接兼容桩，500年生501年死,zz_uuii_vanilla_script_link_stubs.txt,2827,uuii_compatibility_character
虚构,技术占位,无名氏,fictional_ostyaks_4,,500.1.1,501.1.1,,280-600,han,mahayana,,,,,仅知姓氏（某氏）,原版/DLC脚本链接兼容桩，500年生501年死,zz_uuii_vanilla_script_link_stubs.txt,2835,uuii_compatibility_character
虚构,技术占位,无名氏,fictional_kipchaks_10,,500.1.1,501.1.1,,280-600,han,mahayana,,,,,仅知姓氏（某氏）,原版/DLC脚本链接兼容桩，500年生501年死,zz_uuii_vanilla_script_link_stubs.txt,2843,uuii_compatibility_character
虚构,技术占位,无名氏,fictional_kipchaks_25,,500.1.1,501.1.1,,280-600,han,mahayana,,,,,仅知姓氏（某氏）,原版/DLC脚本链接兼容桩，500年生501年死,zz_uuii_vanilla_script_link_stubs.txt,2851,uuii_compatibility_character
虚构,技术占位,无名氏,fictional_turkish_27,,500.1.1,501.1.1,,280-600,han,mahayana,,,,,仅知姓氏（某氏）,原版/DLC脚本链接兼容桩，500年生501年死,zz_uuii_vanilla_script_link_stubs.txt,2859,uuii_compatibility_character
虚构,技术占位,无名氏,fictional_turkish_15,,500.1.1,501.1.1,,280-600,han,mahayana,,,,,仅知姓氏（某氏）,原版/DLC脚本链接兼容桩，500年生501年死,zz_uuii_vanilla_script_link_stubs.txt,2867,uuii_compatibility_character
虚构,技术占位,无名氏,fictional_turkish_28,,500.1.1,501.1.1,,280-600,han,mahayana,,,,,仅知姓氏（某氏）,原版/DLC脚本链接兼容桩，500年生501年死,zz_uuii_vanilla_script_link_stubs.txt,2875,uuii_compatibility_character
虚构,技术占位,无名氏,303046,,500.1.1,501.1.1,,280-600,han,mahayana,,,,,仅知姓氏（某氏）,原版/DLC脚本链接兼容桩，500年生501年死,zz_uuii_vanilla_script_link_stubs.txt,2883,uuii_compatibility_character
虚构,技术占位,无名氏,fictional_uriankhais_14,,500.1.1,501.1.1,,280-600,han,mahayana,,,,,仅知姓氏（某氏）,原版/DLC脚本链接兼容桩，500年生501年死,zz_uuii_vanilla_script_link_stubs.txt,2891,uuii_compatibility_character
虚构,技术占位,无名氏,jurchen_yalu_10_fic,,500.1.1,501.1.1,,280-600,han,mahayana,,,,,仅知姓氏（某氏）,原版/DLC脚本链接兼容桩，500年生501年死,zz_uuii_vanilla_script_link_stubs.txt,2899,uuii_compatibility_character
虚构,技术占位,无名氏,163103,,500.1.1,501.1.1,,280-600,han,mahayana,,,,,仅知姓氏（某氏）,原版/DLC脚本链接兼容桩，500年生501年死,zz_uuii_vanilla_script_link_stubs.txt,2907,uuii_compatibility_character
虚构,技术占位,无名氏,228030,,500.1.1,501.1.1,,280-600,han,mahayana,,,,,仅知姓氏（某氏）,原版/DLC脚本链接兼容桩，500年生501年死,zz_uuii_vanilla_script_link_stubs.txt,2915,uuii_compatibility_character
虚构,技术占位,无名氏,302579,,500.1.1,501.1.1,,280-600,han,mahayana,,,,,仅知姓氏（某氏）,原版/DLC脚本链接兼容桩，500年生501年死,zz_uuii_vanilla_script_link_stubs.txt,2923,uuii_compatibility_character
虚构,技术占位,无名氏,302606,,500.1.1,501.1.1,,280-600,han,mahayana,,,,,仅知姓氏（某氏）,原版/DLC脚本链接兼容桩，500年生501年死,zz_uuii_vanilla_script_link_stubs.txt,2931,uuii_compatibility_character
虚构,技术占位,无名氏,302627,,500.1.1,501.1.1,,280-600,han,mahayana,,,,,仅知姓氏（某氏）,原版/DLC脚本链接兼容桩，500年生501年死,zz_uuii_vanilla_script_link_stubs.txt,2939,uuii_compatibility_character
虚构,技术占位,无名氏,302782,,500.1.1,501.1.1,,280-600,han,mahayana,,,,,仅知姓氏（某氏）,原版/DLC脚本链接兼容桩，500年生501年死,zz_uuii_vanilla_script_link_stubs.txt,2947,uuii_compatibility_character
虚构,技术占位,无名氏,fictional_kipchaks_16,,500.1.1,501.1.1,,280-600,han,mahayana,,,,,仅知姓氏（某氏）,原版/DLC脚本链接兼容桩，500年生501年死,zz_uuii_vanilla_script_link_stubs.txt,2955,uuii_compatibility_character
虚构,技术占位,无名氏,fictional_kipchaks_17,,500.1.1,501.1.1,,280-600,han,mahayana,,,,,仅知姓氏（某氏）,原版/DLC脚本链接兼容桩，500年生501年死,zz_uuii_vanilla_script_link_stubs.txt,2963,uuii_compatibility_character
虚构,技术占位,无名氏,fictional_kimeks_34,,500.1.1,501.1.1,,280-600,han,mahayana,,,,,仅知姓氏（某氏）,原版/DLC脚本链接兼容桩，500年生501年死,zz_uuii_vanilla_script_link_stubs.txt,2971,uuii_compatibility_character
虚构,技术占位,无名氏,fictional_kimeks_35,,500.1.1,501.1.1,,280-600,han,mahayana,,,,,仅知姓氏（某氏）,原版/DLC脚本链接兼容桩，500年生501年死,zz_uuii_vanilla_script_link_stubs.txt,2979,uuii_compatibility_character
虚构,技术占位,无名氏,fictional_kimeks_42,,500.1.1,501.1.1,,280-600,han,mahayana,,,,,仅知姓氏（某氏）,原版/DLC脚本链接兼容桩，500年生501年死,zz_uuii_vanilla_script_link_stubs.txt,2987,uuii_compatibility_character
虚构,技术占位,无名氏,fictional_cumans_9,,500.1.1,501.1.1,,280-600,han,mahayana,,,,,仅知姓氏（某氏）,原版/DLC脚本链接兼容桩，500年生501年死,zz_uuii_vanilla_script_link_stubs.txt,2995,uuii_compatibility_character
虚构,技术占位,无名氏,fictional_cumans_10,,500.1.1,501.1.1,,280-600,han,mahayana,,,,,仅知姓氏（某氏）,原版/DLC脚本链接兼容桩，500年生501年死,zz_uuii_vanilla_script_link_stubs.txt,3003,uuii_compatibility_character
虚构,技术占位,无名氏,fictional_cumans_11,,500.1.1,501.1.1,,280-600,han,mahayana,,,,,仅知姓氏（某氏）,原版/DLC脚本链接兼容桩，500年生501年死,zz_uuii_vanilla_script_link_stubs.txt,3011,uuii_compatibility_character
虚构,技术占位,无名氏,fictional_cumans_12,,500.1.1,501.1.1,,280-600,han,mahayana,,,,,仅知姓氏（某氏）,原版/DLC脚本链接兼容桩，500年生501年死,zz_uuii_vanilla_script_link_stubs.txt,3019,uuii_compatibility_character
虚构,技术占位,无名氏,fictional_cumans_13,,500.1.1,501.1.1,,280-600,han,mahayana,,,,,仅知姓氏（某氏）,原版/DLC脚本链接兼容桩，500年生501年死,zz_uuii_vanilla_script_link_stubs.txt,3027,uuii_compatibility_character
虚构,技术占位,无名氏,fictional_cumans_14,,500.1.1,501.1.1,,280-600,han,mahayana,,,,,仅知姓氏（某氏）,原版/DLC脚本链接兼容桩，500年生501年死,zz_uuii_vanilla_script_link_stubs.txt,3035,uuii_compatibility_character
虚构,技术占位,无名氏,fictional_kipchaks_13,,500.1.1,501.1.1,,280-600,han,mahayana,,,,,仅知姓氏（某氏）,原版/DLC脚本链接兼容桩，500年生501年死,zz_uuii_vanilla_script_link_stubs.txt,3043,uuii_compatibility_character
虚构,技术占位,无名氏,fictional_kipchaks_14,,500.1.1,501.1.1,,280-600,han,mahayana,,,,,仅知姓氏（某氏）,原版/DLC脚本链接兼容桩，500年生501年死,zz_uuii_vanilla_script_link_stubs.txt,3051,uuii_compatibility_character
虚构,技术占位,无名氏,fictional_kipchaks_19,,500.1.1,501.1.1,,280-600,han,mahayana,,,,,仅知姓氏（某氏）,原版/DLC脚本链接兼容桩，500年生501年死,zz_uuii_vanilla_script_link_stubs.txt,3059,uuii_compatibility_character
虚构,技术占位,无名氏,fictional_kipchaks_20,,500.1.1,501.1.1,,280-600,han,mahayana,,,,,仅知姓氏（某氏）,原版/DLC脚本链接兼容桩，500年生501年死,zz_uuii_vanilla_script_link_stubs.txt,3067,uuii_compatibility_character
虚构,技术占位,无名氏,fictional_bolghars_7,,500.1.1,501.1.1,,280-600,han,mahayana,,,,,仅知姓氏（某氏）,原版/DLC脚本链接兼容桩，500年生501年死,zz_uuii_vanilla_script_link_stubs.txt,3075,uuii_compatibility_character
虚构,技术占位,无名氏,fictional_khazars_9,,500.1.1,501.1.1,,280-600,han,mahayana,,,,,仅知姓氏（某氏）,原版/DLC脚本链接兼容桩，500年生501年死,zz_uuii_vanilla_script_link_stubs.txt,3083,uuii_compatibility_character
虚构,技术占位,无名氏,fictional_turkish_21,,500.1.1,501.1.1,,280-600,han,mahayana,,,,,仅知姓氏（某氏）,原版/DLC脚本链接兼容桩，500年生501年死,zz_uuii_vanilla_script_link_stubs.txt,3091,uuii_compatibility_character
虚构,技术占位,无名氏,fictional_kipchaks_15,,500.1.1,501.1.1,,280-600,han,mahayana,,,,,仅知姓氏（某氏）,原版/DLC脚本链接兼容桩，500年生501年死,zz_uuii_vanilla_script_link_stubs.txt,3099,uuii_compatibility_character
虚构,技术占位,无名氏,fictional_kipchaks_21,,500.1.1,501.1.1,,280-600,han,mahayana,,,,,仅知姓氏（某氏）,原版/DLC脚本链接兼容桩，500年生501年死,zz_uuii_vanilla_script_link_stubs.txt,3107,uuii_compatibility_character
虚构,技术占位,无名氏,fictional_kimeks_51,,500.1.1,501.1.1,,280-600,han,mahayana,,,,,仅知姓氏（某氏）,原版/DLC脚本链接兼容桩，500年生501年死,zz_uuii_vanilla_script_link_stubs.txt,3115,uuii_compatibility_character
虚构,技术占位,无名氏,fictional_kipchaks_18,,500.1.1,501.1.1,,280-600,han,mahayana,,,,,仅知姓氏（某氏）,原版/DLC脚本链接兼容桩，500年生501年死,zz_uuii_vanilla_script_link_stubs.txt,3123,uuii_compatibility_character
虚构,技术占位,无名氏,fictional_kimeks_32,,500.1.1,501.1.1,,280-600,han,mahayana,,,,,仅知姓氏（某氏）,原版/DLC脚本链接兼容桩，500年生501年死,zz_uuii_vanilla_script_link_stubs.txt,3131,uuii_compatibility_character
虚构,技术占位,无名氏,fictional_kimeks_41,,500.1.1,501.1.1,,280-600,han,mahayana,,,,,仅知姓氏（某氏）,原版/DLC脚本链接兼容桩，500年生501年死,zz_uuii_vanilla_script_link_stubs.txt,3139,uuii_compatibility_character
虚构,技术占位,无名氏,fictional_kimeks_33,,500.1.1,501.1.1,,280-600,han,mahayana,,,,,仅知姓氏（某氏）,原版/DLC脚本链接兼容桩，500年生501年死,zz_uuii_vanilla_script_link_stubs.txt,3147,uuii_compatibility_character
虚构,技术占位,无名氏,fictional_kimeks_37,,500.1.1,501.1.1,,280-600,han,mahayana,,,,,仅知姓氏（某氏）,原版/DLC脚本链接兼容桩，500年生501年死,zz_uuii_vanilla_script_link_stubs.txt,3155,uuii_compatibility_character
虚构,技术占位,无名氏,fictional_kimeks_38,,500.1.1,501.1.1,,280-600,han,mahayana,,,,,仅知姓氏（某氏）,原版/DLC脚本链接兼容桩，500年生501年死,zz_uuii_vanilla_script_link_stubs.txt,3163,uuii_compatibility_character
虚构,技术占位,无名氏,fictional_kimeks_39,,500.1.1,501.1.1,,280-600,han,mahayana,,,,,仅知姓氏（某氏）,原版/DLC脚本链接兼容桩，500年生501年死,zz_uuii_vanilla_script_link_stubs.txt,3171,uuii_compatibility_character
虚构,技术占位,无名氏,fictional_kimeks_40,,500.1.1,501.1.1,,280-600,han,mahayana,,,,,仅知姓氏（某氏）,原版/DLC脚本链接兼容桩，500年生501年死,zz_uuii_vanilla_script_link_stubs.txt,3179,uuii_compatibility_character
虚构,技术占位,无名氏,144122,,500.1.1,501.1.1,,280-600,han,mahayana,,,,,仅知姓氏（某氏）,原版/DLC脚本链接兼容桩，500年生501年死,zz_uuii_vanilla_script_link_stubs.txt,3187,uuii_compatibility_character
虚构,技术占位,无名氏,302983,,500.1.1,501.1.1,,280-600,han,mahayana,,,,,仅知姓氏（某氏）,原版/DLC脚本链接兼容桩，500年生501年死,zz_uuii_vanilla_script_link_stubs.txt,3195,uuii_compatibility_character
虚构,技术占位,无名氏,188855,,500.1.1,501.1.1,,280-600,han,mahayana,,,,,仅知姓氏（某氏）,原版/DLC脚本链接兼容桩，500年生501年死,zz_uuii_vanilla_script_link_stubs.txt,3203,uuii_compatibility_character
虚构,技术占位,无名氏,karakhanid_4,,500.1.1,501.1.1,,280-600,han,mahayana,,,,,仅知姓氏（某氏）,原版/DLC脚本链接兼容桩，500年生501年死,zz_uuii_vanilla_script_link_stubs.txt,3211,uuii_compatibility_character
虚构,技术占位,无名氏,fictional_karluks_7,,500.1.1,501.1.1,,280-600,han,mahayana,,,,,仅知姓氏（某氏）,原版/DLC脚本链接兼容桩，500年生501年死,zz_uuii_vanilla_script_link_stubs.txt,3219,uuii_compatibility_character
虚构,技术占位,无名氏,fictional_karluks_8,,500.1.1,501.1.1,,280-600,han,mahayana,,,,,仅知姓氏（某氏）,原版/DLC脚本链接兼容桩，500年生501年死,zz_uuii_vanilla_script_link_stubs.txt,3227,uuii_compatibility_character
虚构,技术占位,无名氏,fictional_karluks_22,,500.1.1,501.1.1,,280-600,han,mahayana,,,,,仅知姓氏（某氏）,原版/DLC脚本链接兼容桩，500年生501年死,zz_uuii_vanilla_script_link_stubs.txt,3235,uuii_compatibility_character
虚构,技术占位,无名氏,fictional_kimeks_48,,500.1.1,501.1.1,,280-600,han,mahayana,,,,,仅知姓氏（某氏）,原版/DLC脚本链接兼容桩，500年生501年死,zz_uuii_vanilla_script_link_stubs.txt,3243,uuii_compatibility_character
虚构,技术占位,无名氏,fictional_kimeks_52,,500.1.1,501.1.1,,280-600,han,mahayana,,,,,仅知姓氏（某氏）,原版/DLC脚本链接兼容桩，500年生501年死,zz_uuii_vanilla_script_link_stubs.txt,3251,uuii_compatibility_character
虚构,技术占位,无名氏,fictional_kipchaks_22,,500.1.1,501.1.1,,280-600,han,mahayana,,,,,仅知姓氏（某氏）,原版/DLC脚本链接兼容桩，500年生501年死,zz_uuii_vanilla_script_link_stubs.txt,3259,uuii_compatibility_character
虚构,技术占位,无名氏,naiman_guchugud_1,,500.1.1,501.1.1,,280-600,han,mahayana,,,,,仅知姓氏（某氏）,原版/DLC脚本链接兼容桩，500年生501年死,zz_uuii_vanilla_script_link_stubs.txt,3267,uuii_compatibility_character
虚构,技术占位,无名氏,fictional_naimans_6,,500.1.1,501.1.1,,280-600,han,mahayana,,,,,仅知姓氏（某氏）,原版/DLC脚本链接兼容桩，500年生501年死,zz_uuii_vanilla_script_link_stubs.txt,3275,uuii_compatibility_character
虚构,技术占位,无名氏,fictional_naimans_7,,500.1.1,501.1.1,,280-600,han,mahayana,,,,,仅知姓氏（某氏）,原版/DLC脚本链接兼容桩，500年生501年死,zz_uuii_vanilla_script_link_stubs.txt,3283,uuii_compatibility_character
虚构,技术占位,无名氏,fictional_naimans_8,,500.1.1,501.1.1,,280-600,han,mahayana,,,,,仅知姓氏（某氏）,原版/DLC脚本链接兼容桩，500年生501年死,zz_uuii_vanilla_script_link_stubs.txt,3291,uuii_compatibility_character
虚构,技术占位,无名氏,fictional_naimans_9,,500.1.1,501.1.1,,280-600,han,mahayana,,,,,仅知姓氏（某氏）,原版/DLC脚本链接兼容桩，500年生501年死,zz_uuii_vanilla_script_link_stubs.txt,3299,uuii_compatibility_character
虚构,技术占位,无名氏,fictional_kimeks_44,,500.1.1,501.1.1,,280-600,han,mahayana,,,,,仅知姓氏（某氏）,原版/DLC脚本链接兼容桩，500年生501年死,zz_uuii_vanilla_script_link_stubs.txt,3307,uuii_compatibility_character
虚构,技术占位,无名氏,fictional_kimeks_45,,500.1.1,501.1.1,,280-600,han,mahayana,,,,,仅知姓氏（某氏）,原版/DLC脚本链接兼容桩，500年生501年死,zz_uuii_vanilla_script_link_stubs.txt,3315,uuii_compatibility_character
虚构,技术占位,无名氏,fictional_kimeks_46,,500.1.1,501.1.1,,280-600,han,mahayana,,,,,仅知姓氏（某氏）,原版/DLC脚本链接兼容桩，500年生501年死,zz_uuii_vanilla_script_link_stubs.txt,3323,uuii_compatibility_character
虚构,技术占位,无名氏,fictional_kimeks_49,,500.1.1,501.1.1,,280-600,han,mahayana,,,,,仅知姓氏（某氏）,原版/DLC脚本链接兼容桩，500年生501年死,zz_uuii_vanilla_script_link_stubs.txt,3331,uuii_compatibility_character
虚构,技术占位,无名氏,fictional_kimeks_50,,500.1.1,501.1.1,,280-600,han,mahayana,,,,,仅知姓氏（某氏）,原版/DLC脚本链接兼容桩，500年生501年死,zz_uuii_vanilla_script_link_stubs.txt,3339,uuii_compatibility_character
虚构,技术占位,无名氏,303249,,500.1.1,501.1.1,,280-600,han,mahayana,,,,,仅知姓氏（某氏）,原版/DLC脚本链接兼容桩，500年生501年死,zz_uuii_vanilla_script_link_stubs.txt,3347,uuii_compatibility_character
虚构,技术占位,无名氏,fictional_kirghiz_28,,500.1.1,501.1.1,,280-600,han,mahayana,,,,,仅知姓氏（某氏）,原版/DLC脚本链接兼容桩，500年生501年死,zz_uuii_vanilla_script_link_stubs.txt,3355,uuii_compatibility_character
虚构,技术占位,无名氏,303211,,500.1.1,501.1.1,,280-600,han,mahayana,,,,,仅知姓氏（某氏）,原版/DLC脚本链接兼容桩，500年生501年死,zz_uuii_vanilla_script_link_stubs.txt,3363,uuii_compatibility_character
虚构,技术占位,无名氏,fictional_keraits_1,,500.1.1,501.1.1,,280-600,han,mahayana,,,,,仅知姓氏（某氏）,原版/DLC脚本链接兼容桩，500年生501年死,zz_uuii_vanilla_script_link_stubs.txt,3371,uuii_compatibility_character
虚构,技术占位,无名氏,fictional_keraits_2,,500.1.1,501.1.1,,280-600,han,mahayana,,,,,仅知姓氏（某氏）,原版/DLC脚本链接兼容桩，500年生501年死,zz_uuii_vanilla_script_link_stubs.txt,3379,uuii_compatibility_character
虚构,技术占位,无名氏,303019,,500.1.1,501.1.1,,280-600,han,mahayana,,,,,仅知姓氏（某氏）,原版/DLC脚本链接兼容桩，500年生501年死,zz_uuii_vanilla_script_link_stubs.txt,3387,uuii_compatibility_character
虚构,技术占位,无名氏,303022,,500.1.1,501.1.1,,280-600,han,mahayana,,,,,仅知姓氏（某氏）,原版/DLC脚本链接兼容桩，500年生501年死,zz_uuii_vanilla_script_link_stubs.txt,3395,uuii_compatibility_character
虚构,技术占位,无名氏,fictional_oirats_1,,500.1.1,501.1.1,,280-600,han,mahayana,,,,,仅知姓氏（某氏）,原版/DLC脚本链接兼容桩，500年生501年死,zz_uuii_vanilla_script_link_stubs.txt,3403,uuii_compatibility_character
虚构,技术占位,无名氏,303142,,500.1.1,501.1.1,,280-600,han,mahayana,,,,,仅知姓氏（某氏）,原版/DLC脚本链接兼容桩，500年生501年死,zz_uuii_vanilla_script_link_stubs.txt,3411,uuii_compatibility_character
虚构,技术占位,无名氏,fictional_mongols_5,,500.1.1,501.1.1,,280-600,han,mahayana,,,,,仅知姓氏（某氏）,原版/DLC脚本链接兼容桩，500年生501年死,zz_uuii_vanilla_script_link_stubs.txt,3419,uuii_compatibility_character
虚构,技术占位,无名氏,jurchen_wanyan_14,,500.1.1,501.1.1,,280-600,han,mahayana,,,,,仅知姓氏（某氏）,原版/DLC脚本链接兼容桩，500年生501年死,zz_uuii_vanilla_script_link_stubs.txt,3427,uuii_compatibility_character
虚构,技术占位,无名氏,jurchen_yulou_12,,500.1.1,501.1.1,,280-600,han,mahayana,,,,,仅知姓氏（某氏）,原版/DLC脚本链接兼容桩，500年生501年死,zz_uuii_vanilla_script_link_stubs.txt,3435,uuii_compatibility_character
虚构,技术占位,无名氏,jurchen_yuexi_11,,500.1.1,501.1.1,,280-600,han,mahayana,,,,,仅知姓氏（某氏）,原版/DLC脚本链接兼容桩，500年生501年死,zz_uuii_vanilla_script_link_stubs.txt,3443,uuii_compatibility_character
虚构,技术占位,无名氏,mohe_molihewen_20_fic,,500.1.1,501.1.1,,280-600,han,mahayana,,,,,仅知姓氏（某氏）,原版/DLC脚本链接兼容桩，500年生501年死,zz_uuii_vanilla_script_link_stubs.txt,3451,uuii_compatibility_character
虚构,技术占位,无名氏,mohe_choripi_20_fic,,500.1.1,501.1.1,,280-600,han,mahayana,,,,,仅知姓氏（某氏）,原版/DLC脚本链接兼容桩，500年生501年死,zz_uuii_vanilla_script_link_stubs.txt,3459,uuii_compatibility_character
虚构,技术占位,无名氏,mohe_wuguihai_20_fic,,500.1.1,501.1.1,,280-600,han,mahayana,,,,,仅知姓氏（某氏）,原版/DLC脚本链接兼容桩，500年生501年死,zz_uuii_vanilla_script_link_stubs.txt,3467,uuii_compatibility_character
虚构,技术占位,无名氏,mohe_heishuiyang_20_fic,,500.1.1,501.1.1,,280-600,han,mahayana,,,,,仅知姓氏（某氏）,原版/DLC脚本链接兼容桩，500年生501年死,zz_uuii_vanilla_script_link_stubs.txt,3475,uuii_compatibility_character
虚构,技术占位,无名氏,mohe_beihean_20_fic,,500.1.1,501.1.1,,280-600,han,mahayana,,,,,仅知姓氏（某氏）,原版/DLC脚本链接兼容桩，500年生501年死,zz_uuii_vanilla_script_link_stubs.txt,3483,uuii_compatibility_character
虚构,技术占位,无名氏,mohe_vanda_20_fic,,500.1.1,501.1.1,,280-600,han,mahayana,,,,,仅知姓氏（某氏）,原版/DLC脚本链接兼容桩，500年生501年死,zz_uuii_vanilla_script_link_stubs.txt,3491,uuii_compatibility_character
虚构,技术占位,无名氏,mohe_nimen_20_fic,,500.1.1,501.1.1,,280-600,han,mahayana,,,,,仅知姓氏（某氏）,原版/DLC脚本链接兼容桩，500年生501年死,zz_uuii_vanilla_script_link_stubs.txt,3499,uuii_compatibility_character
虚构,技术占位,无名氏,34014,,500.1.1,501.1.1,,280-600,han,mahayana,,,,,仅知姓氏（某氏）,原版/DLC脚本链接兼容桩，500年生501年死,zz_uuii_vanilla_script_link_stubs.txt,3507,uuii_compatibility_character
虚构,技术占位,无名氏,41505,,500.1.1,501.1.1,,280-600,han,mahayana,,,,,仅知姓氏（某氏）,原版/DLC脚本链接兼容桩，500年生501年死,zz_uuii_vanilla_script_link_stubs.txt,3515,uuii_compatibility_character
虚构,技术占位,无名氏,163115,,500.1.1,501.1.1,,280-600,han,mahayana,,,,,仅知姓氏（某氏）,原版/DLC脚本链接兼容桩，500年生501年死,zz_uuii_vanilla_script_link_stubs.txt,3523,uuii_compatibility_character
虚构,技术占位,无名氏,31720,,500.1.1,501.1.1,,280-600,han,mahayana,,,,,仅知姓氏（某氏）,原版/DLC脚本链接兼容桩，500年生501年死,zz_uuii_vanilla_script_link_stubs.txt,3531,uuii_compatibility_character
虚构,技术占位,无名氏,184026,,500.1.1,501.1.1,,280-600,han,mahayana,,,,,仅知姓氏（某氏）,原版/DLC脚本链接兼容桩，500年生501年死,zz_uuii_vanilla_script_link_stubs.txt,3539,uuii_compatibility_character
虚构,技术占位,无名氏,303450,,500.1.1,501.1.1,,280-600,han,mahayana,,,,,仅知姓氏（某氏）,原版/DLC脚本链接兼容桩，500年生501年死,zz_uuii_vanilla_script_link_stubs.txt,3547,uuii_compatibility_character
虚构,技术占位,无名氏,303449,,500.1.1,501.1.1,,280-600,han,mahayana,,,,,仅知姓氏（某氏）,原版/DLC脚本链接兼容桩，500年生501年死,zz_uuii_vanilla_script_link_stubs.txt,3555,uuii_compatibility_character
虚构,技术占位,无名氏,303447,,500.1.1,501.1.1,,280-600,han,mahayana,,,,,仅知姓氏（某氏）,原版/DLC脚本链接兼容桩，500年生501年死,zz_uuii_vanilla_script_link_stubs.txt,3563,uuii_compatibility_character
虚构,技术占位,无名氏,303448,,500.1.1,501.1.1,,280-600,han,mahayana,,,,,仅知姓氏（某氏）,原版/DLC脚本链接兼容桩，500年生501年死,zz_uuii_vanilla_script_link_stubs.txt,3571,uuii_compatibility_character
虚构,技术占位,无名氏,145120,,500.1.1,501.1.1,,280-600,han,mahayana,,,,,仅知姓氏（某氏）,原版/DLC脚本链接兼容桩，500年生501年死,zz_uuii_vanilla_script_link_stubs.txt,3579,uuii_compatibility_character
虚构,技术占位,无名氏,184001,,500.1.1,501.1.1,,280-600,han,mahayana,,,,,仅知姓氏（某氏）,原版/DLC脚本链接兼容桩，500年生501年死,zz_uuii_vanilla_script_link_stubs.txt,3587,uuii_compatibility_character
虚构,技术占位,无名氏,168582,,500.1.1,501.1.1,,280-600,han,mahayana,,,,,仅知姓氏（某氏）,原版/DLC脚本链接兼容桩，500年生501年死,zz_uuii_vanilla_script_link_stubs.txt,3595,uuii_compatibility_character
虚构,技术占位,无名氏,45016,,500.1.1,501.1.1,,280-600,han,mahayana,,,,,仅知姓氏（某氏）,原版/DLC脚本链接兼容桩，500年生501年死,zz_uuii_vanilla_script_link_stubs.txt,3603,uuii_compatibility_character
虚构,技术占位,无名氏,3900,,500.1.1,501.1.1,,280-600,han,mahayana,,,,,仅知姓氏（某氏）,原版/DLC脚本链接兼容桩，500年生501年死,zz_uuii_vanilla_script_link_stubs.txt,3611,uuii_compatibility_character
虚构,技术占位,无名氏,3212,,500.1.1,501.1.1,,280-600,han,mahayana,,,,,仅知姓氏（某氏）,原版/DLC脚本链接兼容桩，500年生501年死,zz_uuii_vanilla_script_link_stubs.txt,3619,uuii_compatibility_character
虚构,技术占位,无名氏,110500,,500.1.1,501.1.1,,280-600,han,mahayana,,,,,仅知姓氏（某氏）,原版/DLC脚本链接兼容桩，500年生501年死,zz_uuii_vanilla_script_link_stubs.txt,3627,uuii_compatibility_character
虚构,技术占位,无名氏,3934,,500.1.1,501.1.1,,280-600,han,mahayana,,,,,仅知姓氏（某氏）,原版/DLC脚本链接兼容桩，500年生501年死,zz_uuii_vanilla_script_link_stubs.txt,3635,uuii_compatibility_character
虚构,技术占位,无名氏,3938,,500.1.1,501.1.1,,280-600,han,mahayana,,,,,仅知姓氏（某氏）,原版/DLC脚本链接兼容桩，500年生501年死,zz_uuii_vanilla_script_link_stubs.txt,3643,uuii_compatibility_character
虚构,技术占位,无名氏,20572,,500.1.1,501.1.1,,280-600,han,mahayana,,,,,仅知姓氏（某氏）,原版/DLC脚本链接兼容桩，500年生501年死,zz_uuii_vanilla_script_link_stubs.txt,3651,uuii_compatibility_character
虚构,技术占位,无名氏,202999,,500.1.1,501.1.1,,280-600,han,mahayana,,,,,仅知姓氏（某氏）,原版/DLC脚本链接兼容桩，500年生501年死,zz_uuii_vanilla_script_link_stubs.txt,3659,uuii_compatibility_character
虚构,技术占位,无名氏,201510,,500.1.1,501.1.1,,280-600,han,mahayana,,,,,仅知姓氏（某氏）,原版/DLC脚本链接兼容桩，500年生501年死,zz_uuii_vanilla_script_link_stubs.txt,3667,uuii_compatibility_character
虚构,技术占位,无名氏,221735,,500.1.1,501.1.1,,280-600,han,mahayana,,,,,仅知姓氏（某氏）,原版/DLC脚本链接兼容桩，500年生501年死,zz_uuii_vanilla_script_link_stubs.txt,3675,uuii_compatibility_character
虚构,技术占位,无名氏,31729,,500.1.1,501.1.1,,280-600,han,mahayana,,,,,仅知姓氏（某氏）,原版/DLC脚本链接兼容桩，500年生501年死,zz_uuii_vanilla_script_link_stubs.txt,3683,uuii_compatibility_character
虚构,技术占位,无名氏,218500,,500.1.1,501.1.1,,280-600,han,mahayana,,,,,仅知姓氏（某氏）,原版/DLC脚本链接兼容桩，500年生501年死,zz_uuii_vanilla_script_link_stubs.txt,3691,uuii_compatibility_character
虚构,技术占位,无名氏,223750,,500.1.1,501.1.1,,280-600,han,mahayana,,,,,仅知姓氏（某氏）,原版/DLC脚本链接兼容桩，500年生501年死,zz_uuii_vanilla_script_link_stubs.txt,3699,uuii_compatibility_character
虚构,技术占位,无名氏,1282,,500.1.1,501.1.1,,280-600,han,mahayana,,,,,仅知姓氏（某氏）,原版/DLC脚本链接兼容桩，500年生501年死,zz_uuii_vanilla_script_link_stubs.txt,3707,uuii_compatibility_character
虚构,技术占位,无名氏,70512,,500.1.1,501.1.1,,280-600,han,mahayana,,,,,仅知姓氏（某氏）,原版/DLC脚本链接兼容桩，500年生501年死,zz_uuii_vanilla_script_link_stubs.txt,3715,uuii_compatibility_character
虚构,技术占位,无名氏,70523,,500.1.1,501.1.1,,280-600,han,mahayana,,,,,仅知姓氏（某氏）,原版/DLC脚本链接兼容桩，500年生501年死,zz_uuii_vanilla_script_link_stubs.txt,3723,uuii_compatibility_character
虚构,技术占位,无名氏,7893,,500.1.1,501.1.1,,280-600,han,mahayana,,,,,仅知姓氏（某氏）,原版/DLC脚本链接兼容桩，500年生501年死,zz_uuii_vanilla_script_link_stubs.txt,3731,uuii_compatibility_character
虚构,技术占位,无名氏,190171,,500.1.1,501.1.1,,280-600,han,mahayana,,,,,仅知姓氏（某氏）,原版/DLC脚本链接兼容桩，500年生501年死,zz_uuii_vanilla_script_link_stubs.txt,3739,uuii_compatibility_character
虚构,技术占位,无名氏,6394,,500.1.1,501.1.1,,280-600,han,mahayana,,,,,仅知姓氏（某氏）,原版/DLC脚本链接兼容桩，500年生501年死,zz_uuii_vanilla_script_link_stubs.txt,3747,uuii_compatibility_character
虚构,技术占位,无名氏,6396,,500.1.1,501.1.1,,280-600,han,mahayana,,,,,仅知姓氏（某氏）,原版/DLC脚本链接兼容桩，500年生501年死,zz_uuii_vanilla_script_link_stubs.txt,3755,uuii_compatibility_character
虚构,技术占位,无名氏,90095,,500.1.1,501.1.1,,280-600,han,mahayana,,,,,仅知姓氏（某氏）,原版/DLC脚本链接兼容桩，500年生501年死,zz_uuii_vanilla_script_link_stubs.txt,3763,uuii_compatibility_character
虚构,技术占位,无名氏,71901,,500.1.1,501.1.1,,280-600,han,mahayana,,,,,仅知姓氏（某氏）,原版/DLC脚本链接兼容桩，500年生501年死,zz_uuii_vanilla_script_link_stubs.txt,3771,uuii_compatibility_character
虚构,技术占位,无名氏,167969,,500.1.1,501.1.1,,280-600,han,mahayana,,,,,仅知姓氏（某氏）,原版/DLC脚本链接兼容桩，500年生501年死,zz_uuii_vanilla_script_link_stubs.txt,3779,uuii_compatibility_character
虚构,技术占位,无名氏,167970,,500.1.1,501.1.1,,280-600,han,mahayana,,,,,仅知姓氏（某氏）,原版/DLC脚本链接兼容桩，500年生501年死,zz_uuii_vanilla_script_link_stubs.txt,3787,uuii_compatibility_character
虚构,技术占位,无名氏,167971,,500.1.1,501.1.1,,280-600,han,mahayana,,,,,仅知姓氏（某氏）,原版/DLC脚本链接兼容桩，500年生501年死,zz_uuii_vanilla_script_link_stubs.txt,3795,uuii_compatibility_character
虚构,技术占位,无名氏,167972,,500.1.1,501.1.1,,280-600,han,mahayana,,,,,仅知姓氏（某氏）,原版/DLC脚本链接兼容桩，500年生501年死,zz_uuii_vanilla_script_link_stubs.txt,3803,uuii_compatibility_character
虚构,技术占位,无名氏,167973,,500.1.1,501.1.1,,280-600,han,mahayana,,,,,仅知姓氏（某氏）,原版/DLC脚本链接兼容桩，500年生501年死,zz_uuii_vanilla_script_link_stubs.txt,3811,uuii_compatibility_character
虚构,技术占位,无名氏,7727,,500.1.1,501.1.1,,280-600,han,mahayana,,,,,仅知姓氏（某氏）,原版/DLC脚本链接兼容桩，500年生501年死,zz_uuii_vanilla_script_link_stubs.txt,3819,uuii_compatibility_character
虚构,技术占位,无名氏,7728,,500.1.1,501.1.1,,280-600,han,mahayana,,,,,仅知姓氏（某氏）,原版/DLC脚本链接兼容桩，500年生501年死,zz_uuii_vanilla_script_link_stubs.txt,3827,uuii_compatibility_character
虚构,技术占位,无名氏,7729,,500.1.1,501.1.1,,280-600,han,mahayana,,,,,仅知姓氏（某氏）,原版/DLC脚本链接兼容桩，500年生501年死,zz_uuii_vanilla_script_link_stubs.txt,3835,uuii_compatibility_character
虚构,技术占位,无名氏,6018,,500.1.1,501.1.1,,280-600,han,mahayana,,,,,仅知姓氏（某氏）,原版/DLC脚本链接兼容桩，500年生501年死,zz_uuii_vanilla_script_link_stubs.txt,3843,uuii_compatibility_character
虚构,技术占位,无名氏,30227,,500.1.1,501.1.1,,280-600,han,mahayana,,,,,仅知姓氏（某氏）,原版/DLC脚本链接兼容桩，500年生501年死,zz_uuii_vanilla_script_link_stubs.txt,3851,uuii_compatibility_character
虚构,技术占位,无名氏,163064,,500.1.1,501.1.1,,280-600,han,mahayana,,,,,仅知姓氏（某氏）,原版/DLC脚本链接兼容桩，500年生501年死,zz_uuii_vanilla_script_link_stubs.txt,3859,uuii_compatibility_character
虚构,技术占位,无名氏,33350,,500.1.1,501.1.1,,280-600,han,mahayana,,,,,仅知姓氏（某氏）,原版/DLC脚本链接兼容桩，500年生501年死,zz_uuii_vanilla_script_link_stubs.txt,3867,uuii_compatibility_character
虚构,技术占位,无名氏,114,,500.1.1,501.1.1,,280-600,han,mahayana,,,,,仅知姓氏（某氏）,原版/DLC脚本链接兼容桩，500年生501年死,zz_uuii_vanilla_script_link_stubs.txt,3875,uuii_compatibility_character
虚构,技术占位,无名氏,viet_ly_10,,500.1.1,501.1.1,,280-600,han,mahayana,,,,,仅知姓氏（某氏）,原版/DLC脚本链接兼容桩，500年生501年死,zz_uuii_vanilla_script_link_stubs.txt,3883,uuii_compatibility_character
虚构,技术占位,无名氏,189000002,,800.1.1,,,600+,han,mahayana,,,,,仅知姓氏（某氏）,世界占位角色,zz_uuii_world_placeholder.txt,1,uuii_world_placeholder
虚构,演义/文艺虚构,周仓,zhou_cang,,164.7.1,219.7.1,是,180-280,han,taipingdao,,house_111010005009013,,,演义/文艺虚构名单命中,,east_asian_han_180_200.txt,1542,uuii_book_zhou_cang_name
虚构,演义/文艺虚构,吕公,lv_gong,,168.7.1,191.7.1,是,180-280,han,jingxue,,house_111010022007013,,,演义/文艺虚构名单命中,,east_asian_han_180_200.txt,5002,uuii_book_lv_gong_name
虚构,演义/文艺虚构,潘凤,pan_feng,,155.7.1,190.7.1,是,180-280,han,jingxue,,house_111010043001013,,,演义/文艺虚构名单命中,,east_asian_han_180_200.txt,7057,uuii_book_pan_feng_name
虚构,演义/文艺虚构,方悦,fang_yue,,153.7.1,190.7.1,是,180-280,han,jingxue,,house_111010056001013,,,演义/文艺虚构名单命中,,east_asian_han_180_200.txt,7490,uuii_book_fang_yue_name
虚构,演义/文艺虚构,鲍隆,bao_long,,174.7.1,208.7.1,是,180-280,han,jingxue,,house_111010062002013,,,演义/文艺虚构名单命中,,east_asian_han_180_200.txt,7749,uuii_book_bao_long_name
虚构,演义/文艺虚构,卞喜,bian_xi,,169.7.1,200.7.1,是,180-280,han,zhengyi,,house_111010084001013,,,演义/文艺虚构名单命中,,east_asian_han_180_200.txt,8369,uuii_book_bian_xi_name
虚构,演义/文艺虚构,穆顺,mu_shun,,157.7.1,190.7.1,是,180-280,han,jingxue,,house_111010096001013,,,演义/文艺虚构名单命中,,east_asian_han_180_200.txt,8703,uuii_book_mu_shun_name
虚构,演义/文艺虚构,邢道荣,xing_dao_rong,,174.7.1,208.7.1,是,180-280,han,jingxue,,house_111010193003013,,,演义/文艺虚构名单命中,,east_asian_han_180_200.txt,11813,uuii_book_xing_dao_rong_name
虚构,演义/文艺虚构,裴元绍,pei_yuan_shao,,169.7.1,200.7.1,是,180-280,han,taipingdao,,house_111010195002013,,,演义/文艺虚构名单命中,,east_asian_han_180_200.txt,11840,uuii_book_pei_yuan_shao_name
虚构,演义/文艺虚构,武安国,wu_an_guo,,156.7.1,190.7.1,是,180-280,han,jingxue,,house_111010248002013,,,演义/文艺虚构名单命中,,east_asian_han_180_200.txt,12637,uuii_book_wu_an_guo_name
虚构,演义/文艺虚构,巩志,gong_zhi,,178.7.1,242.7.1,是,180-280,han,jingxue,,house_111010368001013,,,演义/文艺虚构名单命中,,east_asian_han_180_200.txt,14112,uuii_book_gong_zhi_name
虚构,演义/文艺虚构,关索,guan_suo,,200.7.1,239.7.1,,180-280,han,jingxue,,house_111010392002013,guan_yu,,演义/文艺虚构名单命中,,east_asian_han_180_200.txt,14420,uuii_book_guan_suo_name
虚构,演义/文艺虚构,崔谅,cui_liang,,190.7.1,255.7.1,,180-280,han,jingxue,,uuii_book_house_2e6d2e7ad99c,,,演义/文艺虚构名单命中,,east_asian_han_180_200.txt,17484,uuii_book_cui_liang_name
虚构,演义/文艺虚构,蔡和,cai_he,,166.7.1,208.7.1,是,180-280,han,jingxue,,uuii_book_house_0dbf4fa109bc,,,演义/文艺虚构名单命中,,east_asian_han_180_200.txt,17584,uuii_book_cai_he_name
虚构,演义/文艺虚构,郑文,zheng_wen,,190.7.1,255.7.1,,180-280,han,jingxue,,uuii_book_house_0292e19c1011,,,演义/文艺虚构名单命中,,east_asian_han_180_200.txt,17611,uuii_book_zheng_wen_name
虚构,演义/文艺虚构,蔡中,cai_zhong_2,,168.7.1,208.7.1,是,180-280,han,jingxue,,uuii_book_house_c90b4a0179ba,,,演义/文艺虚构名单命中,,east_asian_han_180_200.txt,18444,uuii_book_cai_zhong_2_name
虚构,演义/文艺虚构,韩福,han_fu_2,,190.7.1,255.7.1,,180-280,han,jingxue,,uuii_book_house_c7692e84107d,,,演义/文艺虚构名单命中,,east_asian_han_180_200.txt,18494,uuii_book_han_fu_2_name
虚构,演义/文艺虚构,杨陵,yang_ling,,190.7.1,255.7.1,,180-280,han,jingxue,,uuii_book_house_dbb01b0f9091,,,演义/文艺虚构名单命中,,east_asian_han_180_200.txt,19108,uuii_book_yang_ling_name
虚构,演义/文艺虚构,孔秀,kong_xiu_2,,190.7.1,255.7.1,,180-280,han,jingxue,,uuii_book_house_034751bbd685,,,演义/文艺虚构名单命中,,east_asian_han_180_200.txt,20617,uuii_book_kong_xiu_2_name
虚构,演义/文艺虚构,王植,wang_zhi_5,,190.7.1,255.7.1,,180-280,han,jingxue,,uuii_book_house_dbdbb021622c,,,演义/文艺虚构名单命中,,east_asian_han_180_200.txt,20993,uuii_book_wang_zhi_5_name
虚构,演义/文艺虚构,祝融,zhu_rong,,193.7.1,246.7.1,,180-280,han,jingxue,,uuii_book_house_a934191b3ee8,,,演义/文艺虚构名单命中,,east_asian_han_180_200.txt,21135,uuii_book_zhu_rong_name
虚构,演义/文艺虚构,胡班,hu_ban,,179.7.1,233.7.1,是,180-280,han,jingxue,,uuii_book_house_2e5f3aa0763c,,,演义/文艺虚构名单命中,,east_asian_han_180_200.txt,21208,uuii_book_hu_ban_name
虚构,演义/文艺虚构,韩德,han_de,,171.7.1,228.7.1,是,180-280,han,jingxue,,uuii_book_house_e25309e1987c,,,演义/文艺虚构名单命中,,east_asian_han_180_200.txt,21488,uuii_book_han_de_name
虚构,演义/文艺虚构,夏侯德,xia_hou_de,,178.7.1,218.7.1,是,180-280,han,jingxue,,uuii_book_house_9752837ffa26,,,演义/文艺虚构名单命中,,east_asian_han_180_200.txt,21703,uuii_book_xia_hou_de_name
虚构,演义/文艺虚构,秦琪,qin_qi,,190.7.1,255.7.1,,180-280,han,jingxue,,uuii_book_house_0723fbc61517,,,演义/文艺虚构名单命中,,east_asian_han_180_200.txt,23214,uuii_book_qin_qi_name
虚构,演义/文艺虚构,崔禹,cui_yu,,190.7.1,221.7.1,,180-280,han,jingxue,,uuii_book_house_b3392c1355ac,,,演义/文艺虚构名单命中,,east_asian_han_180_200.txt,24454,uuii_book_cui_yu_name
虚构,演义/文艺虚构,成何,cheng_he,,195.7.1,260.7.1,,180-280,han,jingxue,,uuii_book_house_169ba4d1c395,,,演义/文艺虚构名单命中,,east_asian_han_180_200.txt,24550,uuii_book_cheng_he_name
虚构,演义/文艺虚构,万政,wan_zheng,,190.7.1,255.7.1,,180-280,han,jingxue,,uuii_book_house_76aff3c16284,,,演义/文艺虚构名单命中,,east_asian_han_180_200.txt,25827,uuii_book_wan_zheng_name
虚构,演义/文艺虚构,孟坦,meng_tan,,190.7.1,255.7.1,,180-280,han,jingxue,,uuii_book_house_7b484ebb6073,,,演义/文艺虚构名单命中,,east_asian_han_180_200.txt,26364,uuii_book_meng_tan_name
虚构,演义/文艺虚构,杜远,du_yuan_2,,190.7.1,255.7.1,,180-280,han,jingxue,,uuii_book_house_f1a97296733e,,,演义/文艺虚构名单命中,,east_asian_han_180_200.txt,27001,uuii_book_du_yuan_2_name
虚构,演义/文艺虚构,杨龄,yang_ling_2,,190.7.1,255.7.1,,180-280,han,jingxue,,uuii_book_house_346b6bf288c3,,,演义/文艺虚构名单命中,,east_asian_han_180_200.txt,27139,uuii_book_yang_ling_2_name
虚构,演义/文艺虚构,秦良,qin_liang,,190.7.1,255.7.1,,180-280,han,jingxue,,uuii_book_house_d729cacc0044,,,演义/文艺虚构名单命中,,east_asian_han_180_200.txt,27461,uuii_book_qin_liang_name
虚构,演义/文艺虚构,程远志,cheng_yuan_zhi,,145.7.1,184.7.1,是,180-280,han,jingxue,,uuii_book_house_8ad9294453a8,,,演义/文艺虚构名单命中,,east_asian_han_180_200.txt,27507,uuii_book_cheng_yuan_zhi_name
虚构,演义/文艺虚构,韩瑶,han_yao_2,,190.7.1,255.7.1,,180-280,han,jingxue,,uuii_book_house_507cd64a63a1,,,演义/文艺虚构名单命中,,east_asian_han_180_200.txt,28021,uuii_book_han_yao_2_name
虚构,演义/文艺虚构,荀正,xun_zheng,,155.7.1,190.7.1,是,180-280,han,jingxue,,uuii_book_house_37d7e416d2b4,,,演义/文艺虚构名单命中,,east_asian_han_180_200.txt,30974,uuii_book_xun_zheng_name
虚构,演义/文艺虚构,董衡,dong_heng,,195.7.1,260.7.1,,180-280,han,jingxue,,uuii_book_house_2aadf4943489,,,演义/文艺虚构名单命中,,east_asian_han_180_200.txt,31090,uuii_book_dong_heng_name
虚构,演义/文艺虚构,裴绪,pei_xu,,190.7.1,255.7.1,,180-280,han,jingxue,,uuii_book_house_adbfa0b6d318,,,演义/文艺虚构名单命中,,east_asian_han_180_200.txt,31274,uuii_book_pei_xu_name
虚构,演义/文艺虚构,夏侯恩,xia_hou_en,,180.7.1,208.7.1,是,180-280,han,jingxue,,uuii_book_house_63362546ab80,,,演义/文艺虚构名单命中,,east_asian_han_180_200.txt,33483,uuii_book_xia_hou_en_name
虚构,演义/文艺虚构,李春香,li_chun_xiang,,190.7.1,255.7.1,,180-280,han,jingxue,,uuii_book_house_e6c56547b730,,,演义/文艺虚构名单命中,,east_asian_han_180_200.txt,35340,uuii_book_li_chun_xiang_name
虚构,演义/文艺虚构,胡华,hu_hua,,190.7.1,255.7.1,,180-280,han,jingxue,,uuii_book_house_a772df3fd680,,,演义/文艺虚构名单命中,,east_asian_han_180_200.txt,36917,uuii_book_hu_hua_name
虚构,演义/文艺虚构,董超,dong_chao_2,,195.7.1,260.7.1,,180-280,han,jingxue,,uuii_book_house_8e53f825aec7,,,演义/文艺虚构名单命中,,east_asian_han_180_200.txt,37285,uuii_book_dong_chao_2_name
虚构,演义/文艺虚构,邓茂,deng_mao,,147.7.1,184.7.1,是,180-280,han,jingxue,,uuii_book_house_085b4709bfa2,,,演义/文艺虚构名单命中,,east_asian_han_180_200.txt,37952,uuii_book_deng_mao_name
虚构,演义/文艺虚构,钟绅,zhong_shen,,190.7.1,255.7.1,,180-280,han,jingxue,,uuii_book_house_b6b6c1d42088,,,演义/文艺虚构名单命中,,east_asian_han_180_200.txt,38236,uuii_book_zhong_shen_name
虚构,演义/文艺虚构,钟缙,zhong_jin,,190.7.1,255.7.1,,180-280,han,jingxue,,uuii_book_house_4d9a2174a610,,,演义/文艺虚构名单命中,,east_asian_han_180_200.txt,38259,uuii_book_zhong_jin_name
虚构,演义/文艺虚构,韩琼,han_qiong,,190.7.1,255.7.1,,180-280,han,jingxue,,uuii_book_house_695f542b3546,,,演义/文艺虚构名单命中,,east_asian_han_180_200.txt,38673,uuii_book_han_qiong_name
虚构,演义/文艺虚构,淳于导,chun_yu_dao,,190.7.1,208.7.1,,180-280,han,jingxue,,uuii_book_house_e8a88626bc87,,,演义/文艺虚构名单命中,,east_asian_han_180_200.txt,47825,uuii_book_chun_yu_dao_name
虚构,演义/文艺虚构,秦庆童,qin_qing_tong,,190.7.1,255.7.1,,180-280,han,jingxue,,uuii_book_house_619c13931294,,,演义/文艺虚构名单命中,,east_asian_han_180_200.txt,49305,uuii_book_qin_qing_tong_name
虚构,演义/文艺虚构,韩琪,han_qi_2,,190.7.1,255.7.1,,180-280,han,jingxue,,uuii_book_house_d8842834eaf9,,,演义/文艺虚构名单命中,,east_asian_han_180_200.txt,54118,uuii_book_han_qi_2_name
虚构,演义/文艺虚构,韩瑛,han_ying,,190.7.1,255.7.1,,180-280,han,jingxue,,uuii_book_house_f41294af876c,,,演义/文艺虚构名单命中,,east_asian_han_180_200.txt,54141,uuii_book_han_ying_name
虚构,演义/文艺虚构,史迹,shi_ji_2,,190.7.1,255.7.1,,180-280,han,jingxue,,uuii_book_house_bc40c402004f,,,演义/文艺虚构名单命中,,east_asian_han_180_200.txt,65078,uuii_book_shi_ji_2_name
虚构,演义/文艺虚构,夏侯杰,xia_hou_jie,,188.7.1,208.7.1,,180-280,han,jingxue,,uuii_book_house_74d3b7046dc5,,,演义/文艺虚构名单命中,,east_asian_han_180_200.txt,69038,uuii_book_xia_hou_jie_name
虚构,演义/文艺虚构,晏明,yan_ming_2,,190.7.1,208.7.1,,180-280,han,jingxue,,uuii_book_house_b04ba467cbd5,,,演义/文艺虚构名单命中,,east_asian_han_180_200.txt,82934,uuii_book_yan_ming_2_name
虚构,演义/文艺虚构,高升,gao_sheng_2,,145.7.1,184.7.1,是,180-280,han,jingxue,,uuii_book_house_5bf38c408fe6,,,演义/文艺虚构名单命中,,east_asian_han_180_200.txt,116679,uuii_book_gao_sheng_2_name
虚构,演义/文艺虚构,杨锋,yang_feng_3,,191.7.1,252.7.1,,180-280,nanman,dab_qhuas,,house_112020004001013,,,演义/文艺虚构名单命中,,east_asian_nanman_180_200.txt,34,uuii_book_yang_feng_3_name
虚构,演义/文艺虚构,董荼那,dong_tu_na,,189.7.1,225.7.1,,180-280,nanman,dab_qhuas,,house_112020015001013,,,演义/文艺虚构名单命中,,east_asian_nanman_180_200.txt,130,uuii_book_dong_tu_na_name
虚构,演义/文艺虚构,鄂焕,e_huan,,196.7.1,251.7.1,,180-280,nanman,dab_qhuas,,house_112020035001013,,,演义/文艺虚构名单命中,,east_asian_nanman_180_200.txt,157,uuii_book_e_huan_name
虚构,演义/文艺虚构,孟优,meng_you,,190.7.1,251.7.1,,180-280,nanman,dab_qhuas,,house_112020042001013,meng_fei_lian,,演义/文艺虚构名单命中,,east_asian_nanman_180_200.txt,276,uuii_book_meng_you_name
虚构,演义/文艺虚构,祝融夫人,zhu_rong_fu_ren,是,187.7.1,254.7.1,,180-280,nanman,dab_qhuas,,house_112020043001013,zhu_rong_lie_yan,,演义/文艺虚构名单命中,,east_asian_nanman_180_200.txt,327,uuii_book_zhu_rong_fu_ren_name
虚构,演义/文艺虚构,朵思大王,duo_si_da_wang,,186.7.1,225.7.1,,180-280,nanman,dab_qhuas,,house_112020044001013,,,演义/文艺虚构名单命中,,east_asian_nanman_180_200.txt,376,uuii_book_duo_si_da_wang_name
虚构,演义/文艺虚构,木鹿大王,mu_lu_da_wang,,184.7.1,225.7.1,,180-280,nanman,dab_qhuas,,house_112020045001013,,,演义/文艺虚构名单命中,,east_asian_nanman_180_200.txt,403,uuii_book_mu_lu_da_wang_name
虚构,演义/文艺虚构,金环三结,jin_huan_san_jie,,192.7.1,225.7.1,,180-280,nanman,dab_qhuas,,house_112020046001013,,,演义/文艺虚构名单命中,,east_asian_nanman_180_200.txt,430,uuii_book_jin_huan_san_jie_name
虚构,演义/文艺虚构,越吉,yue_ji,,173.7.1,228.7.1,是,180-280,qiang,tengri_pagan,,house_113020035001013,,,演义/文艺虚构名单命中,,east_asian_qiang_180_200.txt,343,uuii_book_yue_ji_name
虚构,演义/文艺虚构,雅丹,ya_dan,,165.7.1,233.7.1,是,180-280,qiang,tengri_pagan,,house_113020036001013,,,演义/文艺虚构名单命中,,east_asian_qiang_180_200.txt,366,uuii_book_ya_dan_name
虚构,演义/文艺虚构,彻里吉,che_li_ji,,168.7.1,236.7.1,是,180-280,qiang,tengri_pagan,,house_113020037001013,,,演义/文艺虚构名单命中,,east_asian_qiang_180_200.txt,389,uuii_book_che_li_ji_name
虚构,演义/文艺虚构,鲍忠,bao_zhong,,156.7.1,189.7.1,是,180-280,yanzhou,jingxue,,house_111010062001013,bao_dan,,演义/文艺虚构名单命中,,east_asian_yanzhou_180_200.txt,464,uuii_book_bao_zhong_name
虚构,演义/文艺虚构,貂蝉,diao_chan,是,172.7.1,198.7.1,是,180-280,bingzhou,jingxue,,,,,生卒估值；注释标明演义虚构；演义/文艺虚构名单命中,,zz_hd_historical_character_additions.txt,106,Diaochan_8C82_8749
虚构,神话/仙人（寿至9999）,蚩尤-残魂,chi_you_can_hun,,1.7.1,9999.7.1,是,180-280,han,dab_qhuas,,house_111010476001013,,,,蚩尤残魂，神话角色,east_asian_han_180_200.txt,15005,uuii_book_chi_you_can_hun_name
虚构,虚构地方官（Source2 辽金）,思礼,khitan_magistrate_fic_1,,1003.1.1,1067.1.1,,600+,han,daoxue,khitan_admin_fic_zhao_8d75,,,,,,zz_hd_integrated_s2_characters.txt,158967,Sili_601D_793C
虚构,虚构地方官（Source2 辽金）,元庆,khitan_magistrate_fic_2,,1013.1.1,1074.1.1,,600+,han,daoxue,khitan_admin_fic_qian_94b1,,,,,,zz_hd_integrated_s2_characters.txt,158977,Yuanqing_5143_5E86
虚构,虚构地方官（Source2 辽金）,思敬,khitan_magistrate_fic_3,,1010.1.1,1069.1.1,,600+,han,daoxue,khitan_admin_fic_sun_5b59,,,,,,zz_hd_integrated_s2_characters.txt,158987,Sijing_601D_656C
虚构,虚构地方官（Source2 辽金）,忠义,khitan_magistrate_fic_4,,1002.1.1,1072.1.1,,600+,han,daoxue,khitan_admin_fic_li_674e,,,,,,zz_hd_integrated_s2_characters.txt,158997,Zhongyi_5FE0_4E49
虚构,虚构地方官（Source2 辽金）,周元礼,khitan_magistrate_fic_5,,1030.1.1,1077.1.1,,600+,han,daoxue,khitan_admin_fic_zhou_5468,,,,,,zz_hd_integrated_s2_characters.txt,159007,Yuanli_5143_793C
虚构,虚构地方官（Source2 辽金）,吴知微,khitan_magistrate_fic_6,,1033.1.1,1091.1.1,,600+,han,daoxue,khitan_admin_fic_wu_5434,,,,,,zz_hd_integrated_s2_characters.txt,159017,Zhimei_77E5_5FAE
虚构,虚构地方官（Source2 辽金）,绍宗,khitan_magistrate_fic_7,,998.1.1,1067.1.1,,600+,han,daoxue,khitan_admin_fic_zheng_90d1,,,,,,zz_hd_integrated_s2_characters.txt,159027,Shaozong_7ECD_5B97
虚构,虚构地方官（Source2 辽金）,思恭,khitan_magistrate_fic_8,,1001.1.1,1068.1.1,,600+,han,daoxue,khitan_admin_fic_wang_738b,,,,,,zz_hd_integrated_s2_characters.txt,159037,Sigong_601D_606D
虚构,虚构地方官（Source2 辽金）,元珪,khitan_magistrate_fic_9,,1010.1.1,1075.1.1,,600+,han,daoxue,khitan_admin_fic_feng_4e30,,,,,,zz_hd_integrated_s2_characters.txt,159047,Yuangui_5143_73EA
虚构,虚构地方官（Source2 辽金）,陈思忠,khitan_magistrate_fic_10,,1034.1.1,1079.1.1,,600+,han,daoxue,khitan_admin_fic_chen_9648,,,,,,zz_hd_integrated_s2_characters.txt,159057,Sizhong_601D_5FE0
虚构,虚构地方官（Source2 辽金）,承宗,khitan_magistrate_fic_11,,1031.1.1,1082.1.1,,600+,han,daoxue,khitan_admin_fic_chu_695a,,,,,,zz_hd_integrated_s2_characters.txt,159067,Chengzong_627F_5B97
虚构,虚构地方官（Source2 辽金）,庭玉,khitan_magistrate_fic_12,,1030.1.1,1088.1.1,,600+,han,daoxue,khitan_admin_fic_wei_97e6,,,,,,zz_hd_integrated_s2_characters.txt,159077,Tingyu_5EAD_7389
虚构,虚构地方官（Source2 辽金）,崇礼,khitan_magistrate_fic_13,,1010.1.1,1074.1.1,,600+,han,daoxue,khitan_admin_fic_jiang_848b,,,,,,zz_hd_integrated_s2_characters.txt,159087,Chongli_5D07_793C
虚构,虚构地方官（Source2 辽金）,义方,khitan_magistrate_fic_14,,1033.1.1,1086.1.1,,600+,han,daoxue,khitan_admin_fic_shen_6c88,,,,,,zz_hd_integrated_s2_characters.txt,159097,Yifang_4E49_65B9
虚构,虚构地方官（Source2 辽金）,承庆,khitan_magistrate_fic_15,,996.1.1,1066.1.1,,600+,han,daoxue,khitan_admin_fic_han_97e9,,,,,,zz_hd_integrated_s2_characters.txt,159107,Chengqing_627F_5E86
虚构,虚构地方官（Source2 辽金）,杨嗣宗,khitan_magistrate_fic_16,,1023.1.1,1078.1.1,,600+,han,daoxue,khitan_admin_fic_yang_6768,,,,,,zz_hd_integrated_s2_characters.txt,159117,Sizong_55E3_5B97
虚构,虚构地方官（Source2 辽金）,朱元方,khitan_magistrate_fic_17,,1013.1.1,1071.1.1,,600+,han,daoxue,khitan_admin_fic_zhu_6731,,,,,,zz_hd_integrated_s2_characters.txt,159127,Yuanfang_5143_65B9
虚构,虚构地方官（Source2 辽金）,守一,khitan_magistrate_fic_18,,1009.1.1,1079.1.1,,600+,han,daoxue,khitan_admin_fic_qin_79e6,,,,,,zz_hd_integrated_s2_characters.txt,159137,Shouyi_5B88_4E00
虚构,虚构地方官（Source2 辽金）,延祚,khitan_magistrate_fic_19,,1017.1.1,1070.1.1,,600+,han,daoxue,khitan_admin_fic_you_5e7d,,,,,,zz_hd_integrated_s2_characters.txt,159147,Yanzuo_5EF6_795A
虚构,虚构地方官（Source2 辽金）,光远,khitan_magistrate_fic_20,,1001.1.1,1070.1.1,,600+,han,daoxue,khitan_admin_fic_xu_5f90,,,,,,zz_hd_integrated_s2_characters.txt,159157,Guangyuan_5149_8FDC
虚构,虚构地方官（Source2 辽金）,守忠,khitan_magistrate_fic_21,,1002.1.1,1069.1.1,,600+,han,daoxue,khitan_admin_fic_he_4f55,,,,,,zz_hd_integrated_s2_characters.txt,159167,Shouzong_5B88_5FE0
虚构,虚构地方官（Source2 辽金）,呂元贞,khitan_magistrate_fic_22,,1018.1.1,1086.1.1,,600+,han,daoxue,khitan_admin_fic_lu_5442,,,,,,zz_hd_integrated_s2_characters.txt,159177,Yuanzhen_5143_8D1E
虚构,虚构地方官（Source2 辽金）,思贞,khitan_magistrate_fic_23,,1012.1.1,1068.1.1,,600+,han,daoxue,khitan_admin_fic_shi_65bd,,,,,,zz_hd_integrated_s2_characters.txt,159187,Sizhen_601D_8D1E
虚构,虚构地方官（Source2 辽金）,光庭,khitan_magistrate_fic_24,,1025.1.1,1087.1.1,,600+,han,daoxue,khitan_admin_fic_zhang_5f20,,,,,,zz_hd_integrated_s2_characters.txt,159197,Guangting_5149_5EAD
虚构,虚构地方官（Source2 辽金）,正则,khitan_magistrate_fic_25,,1003.1.1,1070.1.1,,600+,han,daoxue,khitan_admin_fic_kong_5b54,,,,,,zz_hd_integrated_s2_characters.txt,159207,Zhengze_6B63_5219
虚构,虚构地方官（Source2 辽金）,仙童,khitan_magistrate_fic_26,,1001.1.1,1071.1.1,,600+,han,daoxue,khitan_admin_fic_cao_66f9,,,,,,zz_hd_integrated_s2_characters.txt,159217,Xiantong_4ED9_7AE5
虚构,虚构地方官（Source2 辽金）,承恩,khitan_magistrate_fic_27,,1014.1.1,1078.1.1,,600+,han,daoxue,khitan_admin_fic_yan_95f2,,,,,,zz_hd_integrated_s2_characters.txt,159227,Chengen_627F_6069
虚构,虚构地方官（Source2 辽金）,延庆,khitan_magistrate_fic_28,,1032.1.1,1083.1.1,,600+,han,daoxue,khitan_admin_fic_hua_534e,,,,,,zz_hd_integrated_s2_characters.txt,159237,Yanqing_5EF6_5E86
虚构,虚构地方官（Source2 辽金）,承嗣,khitan_magistrate_fic_29,,1000.1.1,1067.1.1,,600+,han,daoxue,khitan_admin_fic_jin_91d1,,,,,,zz_hd_integrated_s2_characters.txt,159247,Chengsi_627F_55E3
虚构,虚构地方官（Source2 辽金）,怀义,khitan_magistrate_fic_30,,1010.1.1,1079.1.1,,600+,han,daoxue,khitan_admin_fic_wei_536b,,,,,,zz_hd_integrated_s2_characters.txt,159257,Huayi_6000_4E49
虚构,虚构地方官（Source2 辽金）,陶安仁,khitan_magistrate_fic_31,,1014.1.1,1069.1.1,,600+,han,daoxue,khitan_admin_fic_tao_9676,,,,,,zz_hd_integrated_s2_characters.txt,159267,Anren_5B89_4EC1
虚构,虚构地方官（Source2 辽金）,仲宣,khitan_magistrate_fic_32,,1010.1.1,1080.1.1,,600+,han,daoxue,khitan_admin_fic_qi_9f4a,,,,,,zz_hd_integrated_s2_characters.txt,159277,Zhongxuan_4EF2_5BA3
虚构,虚构地方官（Source2 辽金）,思温,khitan_magistrate_fic_33,,1002.1.1,1070.1.1,,600+,han,daoxue,khitan_admin_fic_xie_8c22,,,,,,zz_hd_integrated_s2_characters.txt,159287,Siwen_601D_6E29
虚构,虚构地方官（Source2 辽金）,仁师,khitan_magistrate_fic_34,,1013.1.1,1081.1.1,,600+,han,daoxue,khitan_admin_fic_zou_90b9,,,,,,zz_hd_integrated_s2_characters.txt,159297,Renshi_4EC1_5E08
虚构,虚构地方官（Source2 辽金）,敬之,khitan_magistrate_fic_35,,1019.1.1,1072.1.1,,600+,han,daoxue,khitan_admin_fic_yu_5b87,,,,,,zz_hd_integrated_s2_characters.txt,159307,Jingzhi_656C_4E4B
虚构,虚构地方官（Source2 辽金）,万顷,khitan_magistrate_fic_36,,1019.1.1,1078.1.1,,600+,han,daoxue,khitan_admin_fic_bai_767d,,,,,,zz_hd_integrated_s2_characters.txt,159317,Wanqing_4E07_9877
虚构,虚构地方官（Source2 辽金）,怀节,khitan_magistrate_fic_37,,1009.1.1,1077.1.1,,600+,han,daoxue,khitan_admin_fic_shui_6c34,,,,,,zz_hd_integrated_s2_characters.txt,159327,Huaijie_6000_8282
虚构,虚构地方官（Source2 辽金）,斗敬忠,khitan_magistrate_fic_38,,1013.1.1,1069.1.1,,600+,han,daoxue,khitan_admin_fic_dou_6597,,,,,,zz_hd_integrated_s2_characters.txt,159337,Jingzhong_656C_5FE0
虚构,虚构地方官（Source2 辽金）,弘礼,khitan_magistrate_fic_39,,1034.1.1,1099.1.1,,600+,han,daoxue,khitan_admin_fic_yun_4e91,,,,,,zz_hd_integrated_s2_characters.txt,159347,Hongli_5F18_793C
虚构,虚构地方官（Source2 辽金）,仁表,khitan_magistrate_fic_40,,1006.1.1,1075.1.1,,600+,han,daoxue,khitan_admin_fic_su_82cf,,,,,,zz_hd_integrated_s2_characters.txt,159357,Renbiao_4EC1_8868
虚构,虚构地方官（Source2 辽金）,思礼,jurchen_magistrate_fic_1,,1138.1.1,1190.1.1,,600+,han,daoxue,jurchen_admin_fic_zhao_8d75_1,,,,,,zz_hd_integrated_s2_characters.txt,159367,Sili_601D_793C
虚构,虚构地方官（Source2 辽金）,元庆,jurchen_magistrate_fic_2,,1099.1.1,1187.1.1,,600+,han,daoxue,jurchen_admin_fic_qian_94b1_1,,,,,,zz_hd_integrated_s2_characters.txt,159377,Yuanqing_5143_5E86
虚构,虚构地方官（Source2 辽金）,思敬,jurchen_magistrate_fic_3,,1113.1.1,1186.1.1,,600+,han,daoxue,jurchen_admin_fic_sun_5b59_1,,,,,,zz_hd_integrated_s2_characters.txt,159387,Sijing_601D_656C
虚构,虚构地方官（Source2 辽金）,忠义,jurchen_magistrate_fic_4,,1106.1.1,1182.1.1,,600+,han,daoxue,jurchen_admin_fic_li_674e_1,,,,,,zz_hd_integrated_s2_characters.txt,159397,Zhongyi_5FE0_4E49
虚构,虚构地方官（Source2 辽金）,周元礼,jurchen_magistrate_fic_5,,1141.1.1,1233.1.1,,600+,han,daoxue,jurchen_admin_fic_zhou_5468_1,,,,,,zz_hd_integrated_s2_characters.txt,159407,Yuanli_5143_793C
虚构,虚构地方官（Source2 辽金）,吴知微,jurchen_magistrate_fic_6,,1132.1.1,1184.1.1,,600+,han,daoxue,jurchen_admin_fic_wu_5434_1,,,,,,zz_hd_integrated_s2_characters.txt,159417,Zhimei_77E5_5FAE
虚构,虚构地方官（Source2 辽金）,绍宗,jurchen_magistrate_fic_7,,1135.1.1,1207.1.1,,600+,han,daoxue,jurchen_admin_fic_zheng_90d1_1,,,,,,zz_hd_integrated_s2_characters.txt,159427,Shaozong_7ECD_5B97
虚构,虚构地方官（Source2 辽金）,思恭,jurchen_magistrate_fic_8,,1100.1.1,1179.1.1,,600+,han,daoxue,jurchen_admin_fic_wang_738b_1,,,,,,zz_hd_integrated_s2_characters.txt,159437,Sigong_601D_606D
虚构,虚构地方官（Source2 辽金）,元珪,jurchen_magistrate_fic_9,,1103.1.1,1185.1.1,,600+,han,daoxue,jurchen_admin_fic_feng_4e30_1,,,,,,zz_hd_integrated_s2_characters.txt,159447,Yuangui_5143_73EA
虚构,虚构地方官（Source2 辽金）,陈思忠,jurchen_magistrate_fic_10,,1112.1.1,1195.1.1,,600+,han,daoxue,jurchen_admin_fic_chen_9648_1,,,,,,zz_hd_integrated_s2_characters.txt,159457,Sizhong_601D_5FE0
虚构,虚构地方官（Source2 辽金）,承宗,jurchen_magistrate_fic_11,,1136.1.1,1182.1.1,,600+,han,daoxue,jurchen_admin_fic_chu_695a_1,,,,,,zz_hd_integrated_s2_characters.txt,159467,Chengzong_627F_5B97
虚构,虚构地方官（Source2 辽金）,庭玉,jurchen_magistrate_fic_12,,1133.1.1,1191.1.1,,600+,han,daoxue,jurchen_admin_fic_wei_97e6_1,,,,,,zz_hd_integrated_s2_characters.txt,159477,Tingyu_5EAD_7389
虚构,虚构地方官（Source2 辽金）,崇礼,jurchen_magistrate_fic_13,,1143.1.1,1229.1.1,,600+,han,daoxue,jurchen_admin_fic_jiang_848b_1,,,,,,zz_hd_integrated_s2_characters.txt,159487,Chongli_5D07_793C
虚构,虚构地方官（Source2 辽金）,义方,jurchen_magistrate_fic_14,,1142.1.1,1221.1.1,,600+,han,daoxue,jurchen_admin_fic_shen_6c88_1,,,,,,zz_hd_integrated_s2_characters.txt,159497,Yifang_4E49_65B9
虚构,虚构地方官（Source2 辽金）,承庆,jurchen_magistrate_fic_15,,1124.1.1,1193.1.1,,600+,han,daoxue,jurchen_admin_fic_han_97e9_1,,,,,,zz_hd_integrated_s2_characters.txt,159507,Chengqing_627F_5E86
虚构,虚构地方官（Source2 辽金）,杨嗣宗,jurchen_magistrate_fic_16,,1126.1.1,1216.1.1,,600+,han,daoxue,jurchen_admin_fic_yang_6768_1,,,,,,zz_hd_integrated_s2_characters.txt,159517,Sizong_55E3_5B97
虚构,虚构地方官（Source2 辽金）,朱元方,jurchen_magistrate_fic_17,,1115.1.1,1179.1.1,,600+,han,daoxue,jurchen_admin_fic_zhu_6731_1,,,,,,zz_hd_integrated_s2_characters.txt,159527,Yuanfang_5143_65B9
虚构,虚构地方官（Source2 辽金）,守一,jurchen_magistrate_fic_18,,1146.1.1,1201.1.1,,600+,han,daoxue,jurchen_admin_fic_qin_79e6_1,,,,,,zz_hd_integrated_s2_characters.txt,159537,Shouyi_5B88_4E00
虚构,虚构地方官（Source2 辽金）,延祚,jurchen_magistrate_fic_19,,1142.1.1,1214.1.1,,600+,han,daoxue,jurchen_admin_fic_you_5e7d_1,,,,,,zz_hd_integrated_s2_characters.txt,159547,Yanzuo_5EF6_795A
虚构,虚构地方官（Source2 辽金）,光远,jurchen_magistrate_fic_20,,1119.1.1,1196.1.1,,600+,han,daoxue,jurchen_admin_fic_xu_5f90_1,,,,,,zz_hd_integrated_s2_characters.txt,159557,Guangyuan_5149_8FDC
虚构,虚构地方官（Source2 辽金）,守忠,jurchen_magistrate_fic_21,,1107.1.1,1185.1.1,,600+,han,daoxue,jurchen_admin_fic_he_4f55_1,,,,,,zz_hd_integrated_s2_characters.txt,159567,Shouzong_5B88_5FE0
虚构,虚构地方官（Source2 辽金）,呂元贞,jurchen_magistrate_fic_22,,1146.1.1,1212.1.1,,600+,han,daoxue,jurchen_admin_fic_lu_5442_1,,,,,,zz_hd_integrated_s2_characters.txt,159577,Yuanzhen_5143_8D1E
虚构,虚构地方官（Source2 辽金）,思贞,jurchen_magistrate_fic_23,,1104.1.1,1181.1.1,,600+,han,daoxue,jurchen_admin_fic_shi_65bd,,,,,,zz_hd_integrated_s2_characters.txt,159587,Sizhen_601D_8D1E
虚构,虚构地方官（Source2 辽金）,光庭,jurchen_magistrate_fic_24,,1122.1.1,1185.1.1,,600+,han,daoxue,jurchen_admin_fic_zhang_5f20,,,,,,zz_hd_integrated_s2_characters.txt,159597,Guangting_5149_5EAD
虚构,虚构地方官（Source2 辽金）,正则,jurchen_magistrate_fic_25,,1120.1.1,1201.1.1,,600+,han,daoxue,jurchen_admin_fic_kong_5b54,,,,,,zz_hd_integrated_s2_characters.txt,159607,Zhengze_6B63_5219
虚构,虚构地方官（Source2 辽金）,仙童,jurchen_magistrate_fic_26,,1136.1.1,1197.1.1,,600+,han,daoxue,jurchen_admin_fic_cao_66f9,,,,,,zz_hd_integrated_s2_characters.txt,159617,Xiantong_4ED9_7AE5
虚构,虚构地方官（Source2 辽金）,承恩,jurchen_magistrate_fic_27,,1100.1.1,1193.1.1,,600+,han,daoxue,jurchen_admin_fic_yan_95f2,,,,,,zz_hd_integrated_s2_characters.txt,159627,Chengen_627F_6069
虚构,虚构地方官（Source2 辽金）,延庆,jurchen_magistrate_fic_28,,1132.1.1,1186.1.1,,600+,han,daoxue,jurchen_admin_fic_hua_534e,,,,,,zz_hd_integrated_s2_characters.txt,159637,Yanqing_5EF6_5E86
虚构,虚构地方官（Source2 辽金）,承嗣,jurchen_magistrate_fic_29,,1122.1.1,1184.1.1,,600+,han,daoxue,jurchen_admin_fic_jin_91d1,,,,,,zz_hd_integrated_s2_characters.txt,159647,Chengsi_627F_55E3
虚构,虚构地方官（Source2 辽金）,怀义,jurchen_magistrate_fic_30,,1133.1.1,1197.1.1,,600+,han,daoxue,jurchen_admin_fic_wei_536b,,,,,,zz_hd_integrated_s2_characters.txt,159657,Huayi_6000_4E49
虚构,虚构地方官（Source2 辽金）,陶安仁,jurchen_magistrate_fic_31,,1138.1.1,1222.1.1,,600+,han,daoxue,jurchen_admin_fic_tao_9676,,,,,,zz_hd_integrated_s2_characters.txt,159667,Anren_5B89_4EC1
虚构,虚构地方官（Source2 辽金）,仲宣,jurchen_magistrate_fic_32,,1121.1.1,1215.1.1,,600+,han,daoxue,jurchen_admin_fic_qi_9f4a,,,,,,zz_hd_integrated_s2_characters.txt,159677,Zhongxuan_4EF2_5BA3
虚构,虚构地方官（Source2 辽金）,思温,jurchen_magistrate_fic_33,,1110.1.1,1201.1.1,,600+,han,daoxue,jurchen_admin_fic_xie_8c22,,,,,,zz_hd_integrated_s2_characters.txt,159687,Siwen_601D_6E29
虚构,虚构地方官（Source2 辽金）,仁师,jurchen_magistrate_fic_34,,1102.1.1,1180.1.1,,600+,han,daoxue,jurchen_admin_fic_zou_90b9,,,,,,zz_hd_integrated_s2_characters.txt,159697,Renshi_4EC1_5E08
虚构,虚构地方官（Source2 辽金）,敬之,jurchen_magistrate_fic_35,,1140.1.1,1199.1.1,,600+,han,daoxue,jurchen_admin_fic_yu_5b87,,,,,,zz_hd_integrated_s2_characters.txt,159707,Jingzhi_656C_4E4B
虚构,虚构地方官（Source2 辽金）,万顷,jurchen_magistrate_fic_36,,1147.1.1,1210.1.1,,600+,han,daoxue,jurchen_admin_fic_bai_767d,,,,,,zz_hd_integrated_s2_characters.txt,159717,Wanqing_4E07_9877
虚构,虚构地方官（Source2 辽金）,怀节,jurchen_magistrate_fic_37,,1103.1.1,1186.1.1,,600+,han,daoxue,jurchen_admin_fic_shui_6c34,,,,,,zz_hd_integrated_s2_characters.txt,159727,Huaijie_6000_8282
虚构,虚构地方官（Source2 辽金）,斗敬忠,jurchen_magistrate_fic_38,,1104.1.1,1191.1.1,,600+,han,daoxue,jurchen_admin_fic_dou_6597,,,,,,zz_hd_integrated_s2_characters.txt,159737,Jingzhong_656C_5FE0
虚构,虚构地方官（Source2 辽金）,弘礼,jurchen_magistrate_fic_39,,1115.1.1,1208.1.1,,600+,han,daoxue,jurchen_admin_fic_yun_4e91,,,,,,zz_hd_integrated_s2_characters.txt,159747,Hongli_5F18_793C
虚构,虚构地方官（Source2 辽金）,仁表,jurchen_magistrate_fic_40,,1138.1.1,1206.1.1,,600+,han,daoxue,jurchen_admin_fic_su_82cf,,,,,,zz_hd_integrated_s2_characters.txt,159757,Renbiao_4EC1_8868
虚构,虚构地方官（Source2 辽金）,知节,jurchen_magistrate_fic_41,,1108.1.1,1190.1.1,,600+,han,daoxue,jurchen_admin_fic_pan_6f58,,,,,,zz_hd_integrated_s2_characters.txt,159767,Zhijie_77E5_8282
虚构,虚构地方官（Source2 辽金）,元亮,jurchen_magistrate_fic_42,,1120.1.1,1192.1.1,,600+,han,daoxue,jurchen_admin_fic_ge_845b,,,,,,zz_hd_integrated_s2_characters.txt,159777,Yuanliang_5143_4EAE
虚构,虚构地方官（Source2 辽金）,宗本,jurchen_magistrate_fic_43,,1140.1.1,1202.1.1,,600+,han,daoxue,jurchen_admin_fic_xi_5e2d,,,,,,zz_hd_integrated_s2_characters.txt,159787,Zongben_5B97_672C
虚构,虚构地方官（Source2 辽金）,范景先,jurchen_magistrate_fic_44,,1142.1.1,1230.1.1,,600+,han,daoxue,jurchen_admin_fic_fan_8303,,,,,,zz_hd_integrated_s2_characters.txt,159797,Jingxian_666F_5148
虚构,虚构地方官（Source2 辽金）,思言,jurchen_magistrate_fic_45,,1139.1.1,1188.1.1,,600+,han,daoxue,jurchen_admin_fic_peng_5f6d,,,,,,zz_hd_integrated_s2_characters.txt,159807,Siyan_601D_8A00
虚构,虚构地方官（Source2 辽金）,承业,jurchen_magistrate_fic_46,,1136.1.1,1221.1.1,,600+,han,daoxue,jurchen_admin_fic_lang_90ce,,,,,,zz_hd_integrated_s2_characters.txt,159817,Chengye_627F_4E1A
虚构,虚构地方官（Source2 辽金）,吕慎微,jurchen_magistrate_fic_47,,1108.1.1,1196.1.1,,600+,han,daoxue,jurchen_admin_fic_lu_5415,,,,,,zz_hd_integrated_s2_characters.txt,159827,Shenwei_614E_5FAE
虚构,虚构地方官（Source2 辽金）,南金,jurchen_magistrate_fic_48,,1144.1.1,1204.1.1,,600+,han,daoxue,jurchen_admin_fic_wei_9b4f,,,,,,zz_hd_integrated_s2_characters.txt,159837,Nanjin_5357_91D1
虚构,虚构地方官（Source2 辽金）,良辅,jurchen_magistrate_fic_49,,1108.1.1,1193.1.1,,600+,han,daoxue,jurchen_admin_fic_chang_5e38,,,,,,zz_hd_integrated_s2_characters.txt,159847,Liangfu_826F_8F85
虚构,虚构地方官（Source2 辽金）,行实,jurchen_magistrate_fic_50,,1122.1.1,1196.1.1,,600+,han,daoxue,jurchen_admin_fic_ma_9a6c,,,,,,zz_hd_integrated_s2_characters.txt,159857,Xingshi_884C_5B9E
虚构,虚构地方官（Source2 辽金）,思齐,jurchen_magistrate_fic_51,,1138.1.1,1227.1.1,,600+,han,daoxue,jurchen_admin_fic_miao_82d7,,,,,,zz_hd_integrated_s2_characters.txt,159867,Siqi_601D_9F50
虚构,虚构地方官（Source2 辽金）,克勤,jurchen_magistrate_fic_52,,1133.1.1,1193.1.1,,600+,han,daoxue,jurchen_admin_fic_feng_51af,,,,,,zz_hd_integrated_s2_characters.txt,159877,Keqin_514B_52E4
虚构,虚构地方官（Source2 辽金）,仲连,jurchen_magistrate_fic_53,,1141.1.1,1206.1.1,,600+,han,daoxue,jurchen_admin_fic_fang_65b9,,,,,,zz_hd_integrated_s2_characters.txt,159887,Zhonglian_4EF2_8FDE
虚构,虚构地方官（Source2 辽金）,元裕,jurchen_magistrate_fic_54,,1147.1.1,1241.1.1,,600+,han,daoxue,jurchen_admin_fic_yu_4fde,,,,,,zz_hd_integrated_s2_characters.txt,159897,Yuanyu_5143_88D5
虚构,虚构地方官（Source2 辽金）,崇业,jurchen_magistrate_fic_55,,1101.1.1,1186.1.1,,600+,han,daoxue,jurchen_admin_fic_ren_4efb,,,,,,zz_hd_integrated_s2_characters.txt,159907,Chongye_5D07_4E1A
虚构,虚构地方官（Source2 辽金）,袁士则,jurchen_magistrate_fic_56,,1100.1.1,1189.1.1,,600+,han,daoxue,jurchen_admin_fic_yuan_8881,,,,,,zz_hd_integrated_s2_characters.txt,159917,Shize_58EB_5219
虚构,虚构地方官（Source2 辽金）,刘元素,jurchen_magistrate_fic_57,,1123.1.1,1196.1.1,,600+,han,daoxue,jurchen_admin_fic_liu_5218,,,,,,zz_hd_integrated_s2_characters.txt,159927,Yuansu_5143_7D20
虚构,虚构地方官（Source2 辽金）,包文举,jurchen_magistrate_fic_58,,1102.1.1,1185.1.1,,600+,han,daoxue,jurchen_admin_fic_bao_5305,,,,,,zz_hd_integrated_s2_characters.txt,159937,Wenju_6587_4E3E
虚构,虚构地方官（Source2 辽金）,思义,jurchen_magistrate_fic_59,,1134.1.1,1224.1.1,,600+,han,daoxue,jurchen_admin_fic_shi_77f3,,,,,,zz_hd_integrated_s2_characters.txt,159947,Siyi_601D_4E49
虚构,虚构地方官（Source2 辽金）,唐思谦,jurchen_magistrate_fic_60,,1118.1.1,1192.1.1,,600+,han,daoxue,jurchen_admin_fic_tang_5510,,,,,,zz_hd_integrated_s2_characters.txt,159957,Siqian_601D_8C26
虚构,虚构地方官（Source2 辽金）,敬宗,jurchen_magistrate_fic_61,,1139.1.1,1215.1.1,,600+,han,daoxue,jurchen_admin_fic_fei_8d39,,,,,,zz_hd_integrated_s2_characters.txt,159967,Jingzong_656C_5B97
虚构,虚构地方官（Source2 辽金）,梁伯玉,jurchen_magistrate_fic_62,,1123.1.1,1208.1.1,,600+,han,daoxue,jurchen_admin_fic_liang_6881,,,,,,zz_hd_integrated_s2_characters.txt,159977,Boyu_4F2F_7389
虚构,虚构地方官（Source2 辽金）,少微,jurchen_magistrate_fic_63,,1107.1.1,1187.1.1,,600+,han,daoxue,jurchen_admin_fic_hu_80e1,,,,,,zz_hd_integrated_s2_characters.txt,159987,Shaowei_5C11_5FAE
虚构,虚构地方官（Source2 辽金）,承裕,jurchen_magistrate_fic_64,,1106.1.1,1186.1.1,,600+,han,daoxue,jurchen_admin_fic_hao_90dd,,,,,,zz_hd_integrated_s2_characters.txt,159997,Chengyu_627F_88D5
虚构,虚构地方官（Source2 辽金）,利贞,jurchen_magistrate_fic_65,,1145.1.1,1225.1.1,,600+,han,daoxue,jurchen_admin_fic_gong_9f9a,,,,,,zz_hd_integrated_s2_characters.txt,160007,Lizhen_5229_8D1E
虚构,虚构地方官（Source2 辽金）,文守义,jurchen_magistrate_fic_66,,1132.1.1,1195.1.1,,600+,han,daoxue,jurchen_admin_fic_wen_6587,,,,,,zz_hd_integrated_s2_characters.txt,160017,Shouyi_5B88_4E49
虚构,虚构地方官（Source2 辽金）,邓克让,jurchen_magistrate_fic_67,,1145.1.1,1227.1.1,,600+,han,daoxue,jurchen_admin_fic_deng_9093,,,,,,zz_hd_integrated_s2_characters.txt,160027,Kerang_514B_8BA9
虚构,虚构地方官（Source2 辽金）,良弼,jurchen_magistrate_fic_68,,1125.1.1,1216.1.1,,600+,han,daoxue,jurchen_admin_fic_zuo_5de6,,,,,,zz_hd_integrated_s2_characters.txt,160037,Liangbi_826F_5F3C
虚构,虚构地方官（Source2 辽金）,延嗣,jurchen_magistrate_fic_69,,1123.1.1,1202.1.1,,600+,han,daoxue,jurchen_admin_fic_cui_5d14,,,,,,zz_hd_integrated_s2_characters.txt,160047,Yansi_5EF6_55E3
虚构,虚构地方官（Source2 辽金）,季良,jurchen_magistrate_fic_70,,1112.1.1,1183.1.1,,600+,han,daoxue,jurchen_admin_fic_lu_8def,,,,,,zz_hd_integrated_s2_characters.txt,160057,Jiliang_5B63_826F
虚构,虚构地方官（Source2 辽金）,董玄景,jurchen_magistrate_fic_71,,1130.1.1,1210.1.1,,600+,han,daoxue,jurchen_admin_fic_dong_8463,,,,,,zz_hd_integrated_s2_characters.txt,160067,Xuangjing_7384_666F
虚构,虚构地方官（Source2 辽金）,大智,jurchen_magistrate_fic_72,,1103.1.1,1180.1.1,,600+,han,daoxue,jurchen_admin_fic_du_675c,,,,,,zz_hd_integrated_s2_characters.txt,160077,Dazhi_5927_667A
虚构,虚构地方官（Source2 辽金）,仁轨,jurchen_magistrate_fic_73,,1105.1.1,1183.1.1,,600+,han,daoxue,jurchen_admin_fic_ruan_962e,,,,,,zz_hd_integrated_s2_characters.txt,160087,Rengui_4EC1_8F68
虚构,虚构地方官（Source2 辽金）,行方,jurchen_magistrate_fic_74,,1138.1.1,1193.1.1,,600+,han,daoxue,jurchen_admin_fic_lan_84dd,,,,,,zz_hd_integrated_s2_characters.txt,160097,Xingfang_884C_65B9
虚构,虚构地方官（Source2 辽金）,子华,jurchen_magistrate_fic_75,,1141.1.1,1213.1.1,,600+,han,daoxue,jurchen_admin_fic_min_95f5,,,,,,zz_hd_integrated_s2_characters.txt,160107,Zihua_5B50_534E
虚构,虚构地方官（Source2 辽金）,士良,jurchen_magistrate_fic_76,,1136.1.1,1185.1.1,,600+,han,daoxue,jurchen_admin_fic_xi_595a,,,,,,zz_hd_integrated_s2_characters.txt,160117,Shiliang_58EB_826F
虚构,虚构地方官（Source2 辽金）,元宗,jurchen_magistrate_fic_77,,1122.1.1,1203.1.1,,600+,han,daoxue,jurchen_admin_fic_ji_7eaa,,,,,,zz_hd_integrated_s2_characters.txt,160127,Yuanzong_5143_5B97
虚构,虚构地方官（Source2 辽金）,思玄,jurchen_magistrate_fic_78,,1136.1.1,1210.1.1,,600+,han,daoxue,jurchen_admin_fic_xu_8bb8,,,,,,zz_hd_integrated_s2_characters.txt,160137,Sixuan_601D_7384
虚构,虚构地方官（Source2 辽金）,德方,jurchen_magistrate_fic_79,,1131.1.1,1195.1.1,,600+,han,daoxue,jurchen_admin_fic_luo_7f57,,,,,,zz_hd_integrated_s2_characters.txt,160147,Defang_5FB7_65B9
虚构,虚构地方官（Source2 辽金）,延寿,jurchen_magistrate_fic_80,,1133.1.1,1179.1.1,,600+,han,daoxue,jurchen_admin_fic_gao_9ad8,,,,,,zz_hd_integrated_s2_characters.txt,160157,Yanshou_5EF6_5BFF
虚构,虚构地方官（Source2 辽金）,元超,jurchen_magistrate_fic_81,,1141.1.1,1232.1.1,,600+,han,daoxue,jurchen_admin_fic_xia_590f,,,,,,zz_hd_integrated_s2_characters.txt,160167,Yuanchao_5143_8D85
虚构,虚构地方官（Source2 辽金）,蔡孝恭,jurchen_magistrate_fic_82,,1105.1.1,1200.1.1,,600+,han,daoxue,jurchen_admin_fic_cai_8521,,,,,,zz_hd_integrated_s2_characters.txt,160177,Xiaogong_5B5D_606D
虚构,虚构地方官（Source2 辽金）,田进思,jurchen_magistrate_fic_83,,1132.1.1,1227.1.1,,600+,han,daoxue,jurchen_admin_fic_tian_7530,,,,,,zz_hd_integrated_s2_characters.txt,160187,Jinsi_8FDB_601D
虚构,虚构地方官（Source2 辽金）,崇基,jurchen_magistrate_fic_84,,1115.1.1,1200.1.1,,600+,han,daoxue,jurchen_admin_fic_ding_4e01,,,,,,zz_hd_integrated_s2_characters.txt,160197,Chongji_5D07_57FA
虚构,虚构地方官（Source2 辽金）,光嗣,jurchen_magistrate_fic_85,,1105.1.1,1188.1.1,,600+,han,daoxue,jurchen_admin_fic_xue_859b,,,,,,zz_hd_integrated_s2_characters.txt,160207,Guangsi_5149_55E3
虚构,虚构地方官（Source2 辽金）,,jurchen_magistrate_fic_86,,1125.1.1,1189.1.1,,600+,han,daoxue,jurchen_admin_fic_jiang_59dc,,,,,,zz_hd_integrated_s2_characters.txt,160217,Zi_ang_5B50_6602
虚构,虚构地方官（Source2 辽金）,仁则,jurchen_magistrate_fic_87,,1127.1.1,1179.1.1,,600+,han,daoxue,jurchen_admin_fic_zhao_8d75_2,,,,,,zz_hd_integrated_s2_characters.txt,160227,Renze_4EC1_5219
虚构,虚构地方官（Source2 辽金）,师德,jurchen_magistrate_fic_88,,1144.1.1,1235.1.1,,600+,han,daoxue,jurchen_admin_fic_qian_94b1_2,,,,,,zz_hd_integrated_s2_characters.txt,160237,Shide_5E08_5FB7
虚构,虚构地方官（Source2 辽金）,崇嗣,jurchen_magistrate_fic_89,,1114.1.1,1195.1.1,,600+,han,daoxue,jurchen_admin_fic_sun_5b59_2,,,,,,zz_hd_integrated_s2_characters.txt,160247,Chongsi_5D07_55E3
虚构,虚构地方官（Source2 辽金）,敬玄,jurchen_magistrate_fic_90,,1146.1.1,1202.1.1,,600+,han,daoxue,jurchen_admin_fic_li_674e_2,,,,,,zz_hd_integrated_s2_characters.txt,160257,Jingxuan_656C_7384
虚构,虚构地方官（Source2 辽金）,周庭芝,jurchen_magistrate_fic_91,,1130.1.1,1185.1.1,,600+,han,daoxue,jurchen_admin_fic_zhou_5468_2,,,,,,zz_hd_integrated_s2_characters.txt,160267,Tingzhi_5EAD_829D
虚构,虚构地方官（Source2 辽金）,吴希庄,jurchen_magistrate_fic_92,,1138.1.1,1202.1.1,,600+,han,daoxue,jurchen_admin_fic_wu_5434_2,,,,,,zz_hd_integrated_s2_characters.txt,160277,Xizhuang_5E0C_5E84
虚构,虚构地方官（Source2 辽金）,含章,jurchen_magistrate_fic_93,,1138.1.1,1215.1.1,,600+,han,daoxue,jurchen_admin_fic_zheng_90d1_2,,,,,,zz_hd_integrated_s2_characters.txt,160287,Hanzhang_542B_7AE0
虚构,虚构地方官（Source2 辽金）,弘庆,jurchen_magistrate_fic_94,,1136.1.1,1193.1.1,,600+,han,daoxue,jurchen_admin_fic_wang_738b_2,,,,,,zz_hd_integrated_s2_characters.txt,160297,Hongqing_5F18_5E86
虚构,虚构地方官（Source2 辽金）,敬同,jurchen_magistrate_fic_95,,1107.1.1,1190.1.1,,600+,han,daoxue,jurchen_admin_fic_feng_4e30_2,,,,,,zz_hd_integrated_s2_characters.txt,160307,Jingtong_656C_540C
虚构,虚构地方官（Source2 辽金）,陈希逸,jurchen_magistrate_fic_96,,1146.1.1,1201.1.1,,600+,han,daoxue,jurchen_admin_fic_chen_9648_2,,,,,,zz_hd_integrated_s2_characters.txt,160317,Xiyi_5E0C_9038
虚构,虚构地方官（Source2 辽金）,元忠,jurchen_magistrate_fic_97,,1132.1.1,1212.1.1,,600+,han,daoxue,jurchen_admin_fic_chu_695a_2,,,,,,zz_hd_integrated_s2_characters.txt,160327,Yuanzhong_5143_5FE0
虚构,虚构地方官（Source2 辽金）,思远,jurchen_magistrate_fic_98,,1098.1.1,1188.1.1,,600+,han,daoxue,jurchen_admin_fic_wei_97e6_2,,,,,,zz_hd_integrated_s2_characters.txt,160337,Siyuan_601D_8FDC
虚构,虚构地方官（Source2 辽金）,思礼,jurchen_magistrate_fic_99,,1118.1.1,1210.1.1,,600+,han,daoxue,jurchen_admin_fic_jiang_848b_2,,,,,,zz_hd_integrated_s2_characters.txt,160347,Sili_601D_793C
虚构,虚构地方官（Source2 辽金）,元庆,jurchen_magistrate_fic_100,,1099.1.1,1182.1.1,,600+,han,daoxue,jurchen_admin_fic_shen_6c88_2,,,,,,zz_hd_integrated_s2_characters.txt,160357,Yuanqing_5143_5E86
虚构,虚构地方官（Source2 辽金）,思敬,jurchen_magistrate_fic_101,,1121.1.1,1198.1.1,,600+,han,daoxue,jurchen_admin_fic_han_97e9_2,,,,,,zz_hd_integrated_s2_characters.txt,160367,Sijing_601D_656C
虚构,虚构地方官（Source2 辽金）,杨忠义,jurchen_magistrate_fic_102,,1113.1.1,1180.1.1,,600+,han,daoxue,jurchen_admin_fic_yang_6768_2,,,,,,zz_hd_integrated_s2_characters.txt,160377,Zhongyi_5FE0_4E49
虚构,虚构地方官（Source2 辽金）,朱元礼,jurchen_magistrate_fic_103,,1113.1.1,1207.1.1,,600+,han,daoxue,jurchen_admin_fic_zhu_6731_2,,,,,,zz_hd_integrated_s2_characters.txt,160387,Yuanli_5143_793C
虚构,虚构地方官（Source2 辽金）,知微,jurchen_magistrate_fic_104,,1134.1.1,1184.1.1,,600+,han,daoxue,jurchen_admin_fic_qin_79e6_2,,,,,,zz_hd_integrated_s2_characters.txt,160397,Zhimei_77E5_5FAE
虚构,虚构地方官（Source2 辽金）,绍宗,jurchen_magistrate_fic_105,,1103.1.1,1194.1.1,,600+,han,daoxue,jurchen_admin_fic_you_5e7d_2,,,,,,zz_hd_integrated_s2_characters.txt,160407,Shaozong_7ECD_5B97
虚构,虚构地方官（Source2 辽金）,思恭,jurchen_magistrate_fic_106,,1102.1.1,1196.1.1,,600+,han,daoxue,jurchen_admin_fic_xu_5f90_2,,,,,,zz_hd_integrated_s2_characters.txt,160417,Sigong_601D_606D
虚构,虚构地方官（Source2 辽金）,元珪,jurchen_magistrate_fic_107,,1147.1.1,1200.1.1,,600+,han,daoxue,jurchen_admin_fic_he_4f55_2,,,,,,zz_hd_integrated_s2_characters.txt,160427,Yuangui_5143_73EA
虚构,虚构地方官（Source2 辽金）,呂思忠,jurchen_magistrate_fic_108,,1106.1.1,1200.1.1,,600+,han,daoxue,jurchen_admin_fic_lu_5442_2,,,,,,zz_hd_integrated_s2_characters.txt,160437,Sizhong_601D_5FE0
虚构,虚构地方官（Source2 辽金）,吴元亮,jurchen_magistrate_fic_109,,1135.1.1,1200.1.1,,600+,han,daoxue,jurchen_admin_fic_wu_5434_3,,,,,,zz_hd_integrated_s2_characters.txt,160447,Yuanliang_5143_4EAE
虚构,虚构地方官（Source2 辽金）,张承嗣,jurchen_magistrate_fic_110,,1144.1.1,1200.1.1,,600+,han,daoxue,jurchen_admin_fic_zhang_5F20_3,,,,,,zz_hd_integrated_s2_characters.txt,160457,Chengsi_627F_55E3
虚构,虚构地方官（Source2 辽金）,曹庭芝,jurchen_magistrate_fic_111,,1120.1.1,1200.1.1,,600+,han,daoxue,jurchen_admin_fic_cao_66F9_3,,,,,,zz_hd_integrated_s2_characters.txt,160467,Tingzhi_5EAD_829D
虚构,虚构地方官（Source2 辽金）,马知节,jurchen_magistrate_fic_112,,1138.1.1,1200.1.1,,600+,han,daoxue,jurchen_admin_fic_ma_9A6C_3,,,,,,zz_hd_integrated_s2_characters.txt,160477,Zhijie_77E5_8282
虚构,虚构地方官（Source2 辽金）,姜光庭,jurchen_magistrate_fic_113,,1142.1.1,1200.1.1,,600+,han,daoxue,jurchen_admin_fic_jiang_59DC_3,,,,,,zz_hd_integrated_s2_characters.txt,160487,Guangting_5149_5EAD
虚构,虚构地方官（Source2 辽金）,唐守义,jurchen_magistrate_fic_114,,1127.1.1,1200.1.1,,600+,han,daoxue,jurchen_admin_fic_tang_5510_3,,,,,,zz_hd_integrated_s2_characters.txt,160497,Shouyi_5B88_4E49
虚构,虚构地方官（Source2 辽金）,刘景先,jurchen_magistrate_fic_115,,1133.1.1,1200.1.1,,600+,han,daoxue,jurchen_admin_fic_liu_5218_3,,,,,,zz_hd_integrated_s2_characters.txt,160507,Jingxian_666F_5148
